<?xml version="1.0" encoding="UTF-8"?>
<kml xmlns="http://www.opengis.net/kml/2.2">
  <Document id="root_doc">
    <Schema id="Lote_A.schema">
      <SimpleField name="Cédula" type="double"/>
      <SimpleField name="Nombres_y_" type="string"/>
      <SimpleField name="Sexo" type="string"/>
      <SimpleField name="Cambio_de_" type="string"/>
      <SimpleField name="Titular_se" type="string"/>
      <SimpleField name="Cédula_Ti" type="string"/>
      <SimpleField name="ci_UNIF" type="double"/>
      <SimpleField name="Situación" type="string"/>
      <SimpleField name="Comunidad" type="string"/>
      <SimpleField name="Modelo_imp" type="string"/>
      <SimpleField name="Departamen" type="string"/>
      <SimpleField name="Distrito" type="string"/>
      <SimpleField name="Localidad" type="string"/>
      <SimpleField name="Teléfono" type="string"/>
      <SimpleField name="Vivienda_L" type="double"/>
      <SimpleField name="Vivienda_1" type="double"/>
      <SimpleField name="Superficie" type="double"/>
      <SimpleField name="Situaci_1" type="string"/>
      <SimpleField name="Plantado" type="string"/>
      <SimpleField name="Fecha_Plan" type="string"/>
      <SimpleField name="Jornales" type="double"/>
      <SimpleField name="Monto" type="double"/>
      <SimpleField name="Grupo_de_p" type="string"/>
      <SimpleField name="Estado_del" type="string"/>
      <SimpleField name="Empresa" type="string"/>
      <SimpleField name="Lote" type="string"/>
      <SimpleField name="Parametro" type="double"/>
      <SimpleField name="Sup_SIG" type="double"/>
      <SimpleField name="Situacion" type="string"/>
      <SimpleField name="X" type="double"/>
      <SimpleField name="Y" type="double"/>
      <SimpleField name="cedula" type="string"/>
      <SimpleField name="Cédula_1" type="double"/>
      <SimpleField name="Estado_d_1" type="string"/>
      <SimpleField name="OBJECTID_1" type="string"/>
      <SimpleField name="Shape_Leng" type="double"/>
      <SimpleField name="Shape_Area" type="double"/>
    </Schema>
    <Document id="Lote_A">
      <name>Lote_A</name>
      <Placemark id="Lote_A.1">
        <ExtendedData>
          <SchemaData schemaUrl="#Lote_A.schema">
            <SimpleData name="Cédula">6638971.00000000000</SimpleData>
            <SimpleData name="Nombres_y_">LINA MARCELINA BRIZUELA BENITEZ</SimpleData>
            <SimpleData name="Sexo">Mujer</SimpleData>
            <SimpleData name="Cambio_de_">NO</SimpleData>
            <SimpleData name="Titular_se">NO</SimpleData>
            <SimpleData name="ci_UNIF">6638971.00000000000</SimpleData>
            <SimpleData name="Situación">NO</SimpleData>
            <SimpleData name="Comunidad">Ind?gena</SimpleData>
            <SimpleData name="Modelo_imp">Modelo 3</SimpleData>
            <SimpleData name="Departamen">ITAPUA</SimpleData>
            <SimpleData name="Distrito">ALTO VERA</SimpleData>
            <SimpleData name="Localidad">COM INDIG MBERU - PIRAPO I</SimpleData>
            <SimpleData name="Teléfono">0986538669</SimpleData>
            <SimpleData name="Vivienda_L">-26.70210920000</SimpleData>
            <SimpleData name="Vivienda_1">-55.65386570000</SimpleData>
            <SimpleData name="Superficie">1.00000000000</SimpleData>
            <SimpleData name="Situaci_1">Par?metro</SimpleData>
            <SimpleData name="Plantado">SI</SimpleData>
            <SimpleData name="Fecha_Plan">2026/02/21</SimpleData>
            <SimpleData name="Jornales">0.00000000000</SimpleData>
            <SimpleData name="Monto">0.00000000000</SimpleData>
            <SimpleData name="Grupo_de_p">A-P2-XX-XX-XX</SimpleData>
            <SimpleData name="Estado_del">Activo</SimpleData>
            <SimpleData name="Empresa">Red Forestal Paraguay SA</SimpleData>
            <SimpleData name="Lote">A</SimpleData>
            <SimpleData name="Parametro">0.00000000000</SimpleData>
            <SimpleData name="Sup_SIG">1.07511542523</SimpleData>
            <SimpleData name="X">-55.65006858000</SimpleData>
            <SimpleData name="Y">-26.69569112000</SimpleData>
            <SimpleData name="cedula">6638971</SimpleData>
            <SimpleData name="Cédula_1">6638971.00000000000</SimpleData>
            <SimpleData name="Estado_d_1">Activo</SimpleData>
            <SimpleData name="OBJECTID_1">6970</SimpleData>
            <SimpleData name="Shape_Leng">441.60089092500</SimpleData>
            <SimpleData name="Shape_Area">10751.15425230000</SimpleData>
          </SchemaData>
        </ExtendedData>
        <Polygon>
          <outerBoundaryIs>
            <LinearRing>
              <coordinates>
                -55.6499915506156,-26.6963360677957,0
                -55.6500400899459,-26.696370164867,0
                -55.6501589448756,-26.6964536572614,0
                -55.6501609992903,-26.6964551004294,0
                -55.6506266000049,-26.6956460001937,0
                -55.6506238929794,-26.6956418561264,0
                -55.6500662999486,-26.6947881001279,0
                -55.6494749991339,-26.6959732006485,0
                -55.6499915506156,-26.6963360677957,0
              </coordinates>
            </LinearRing>
          </outerBoundaryIs>
        </Polygon>
      </Placemark>
      <Placemark id="Lote_A.2">
        <ExtendedData>
          <SchemaData schemaUrl="#Lote_A.schema">
            <SimpleData name="Cédula">7311409.00000000000</SimpleData>
            <SimpleData name="Nombres_y_">JORGELINA CASTILLO OCAMPOS</SimpleData>
            <SimpleData name="Sexo">Mujer</SimpleData>
            <SimpleData name="Cambio_de_">NO</SimpleData>
            <SimpleData name="Titular_se">NO</SimpleData>
            <SimpleData name="ci_UNIF">7311409.00000000000</SimpleData>
            <SimpleData name="Situación">NO</SimpleData>
            <SimpleData name="Comunidad">Ind?gena</SimpleData>
            <SimpleData name="Modelo_imp">Modelo 3</SimpleData>
            <SimpleData name="Departamen">ITAPUA</SimpleData>
            <SimpleData name="Distrito">ALTO VERA</SimpleData>
            <SimpleData name="Localidad">COM INDIG MBERU - PIRAPO I</SimpleData>
            <SimpleData name="Teléfono">ND</SimpleData>
            <SimpleData name="Vivienda_L">-26.70544500000</SimpleData>
            <SimpleData name="Vivienda_1">-55.66021310000</SimpleData>
            <SimpleData name="Superficie">1.00000000000</SimpleData>
            <SimpleData name="Situaci_1">Par?metro</SimpleData>
            <SimpleData name="Plantado">SI</SimpleData>
            <SimpleData name="Fecha_Plan">2025/12/23</SimpleData>
            <SimpleData name="Jornales">0.00000000000</SimpleData>
            <SimpleData name="Monto">0.00000000000</SimpleData>
            <SimpleData name="Grupo_de_p">A-P2-XX-XX-XX</SimpleData>
            <SimpleData name="Estado_del">Activo</SimpleData>
            <SimpleData name="Empresa">Red Forestal Paraguay SA</SimpleData>
            <SimpleData name="Lote">A</SimpleData>
            <SimpleData name="Parametro">0.00000000000</SimpleData>
            <SimpleData name="Sup_SIG">1.07636206130</SimpleData>
            <SimpleData name="X">-55.64928148000</SimpleData>
            <SimpleData name="Y">-26.69654527000</SimpleData>
            <SimpleData name="cedula">7311409</SimpleData>
            <SimpleData name="Cédula_1">7311409.00000000000</SimpleData>
            <SimpleData name="Estado_d_1">Activo</SimpleData>
            <SimpleData name="OBJECTID_1">6969</SimpleData>
            <SimpleData name="Shape_Leng">420.37483449100</SimpleData>
            <SimpleData name="Shape_Area">10763.62061300000</SimpleData>
          </SchemaData>
        </ExtendedData>
        <Polygon>
          <outerBoundaryIs>
            <LinearRing>
              <coordinates>
                -55.6500400899459,-26.696370164867,0
                -55.6499915506156,-26.6963360677957,0
                -55.6491366995788,-26.6958733003207,0
                -55.6486170570482,-26.6968357595938,0
                -55.6492461826889,-26.6972051861666,0
                -55.6500400899459,-26.696370164867,0
              </coordinates>
            </LinearRing>
          </outerBoundaryIs>
        </Polygon>
      </Placemark>
      <Placemark id="Lote_A.3">
        <ExtendedData>
          <SchemaData schemaUrl="#Lote_A.schema">
            <SimpleData name="Cédula">4566751.00000000000</SimpleData>
            <SimpleData name="Nombres_y_">MARIA DEL CARMEN  CARDOZO VEGA</SimpleData>
            <SimpleData name="Sexo">Mujer</SimpleData>
            <SimpleData name="Cambio_de_">NO</SimpleData>
            <SimpleData name="Titular_se">NO</SimpleData>
            <SimpleData name="ci_UNIF">4566751.00000000000</SimpleData>
            <SimpleData name="Situación">NO</SimpleData>
            <SimpleData name="Comunidad">Campesina</SimpleData>
            <SimpleData name="Modelo_imp">Modelo 1</SimpleData>
            <SimpleData name="Departamen">CAAZAPA</SimpleData>
            <SimpleData name="Distrito">TAVA?</SimpleData>
            <SimpleData name="Localidad">ENRAMADITA</SimpleData>
            <SimpleData name="Teléfono">982951580</SimpleData>
            <SimpleData name="Vivienda_L">-26.17886390000</SimpleData>
            <SimpleData name="Vivienda_1">-55.70822880000</SimpleData>
            <SimpleData name="Superficie">0.80000000000</SimpleData>
            <SimpleData name="Situaci_1">Pol?gono</SimpleData>
            <SimpleData name="Plantado">SI</SimpleData>
            <SimpleData name="Fecha_Plan">2025/10/28</SimpleData>
            <SimpleData name="Jornales">0.00000000000</SimpleData>
            <SimpleData name="Monto">0.00000000000</SimpleData>
            <SimpleData name="Grupo_de_p">A-P2-XX-XX-XX</SimpleData>
            <SimpleData name="Estado_del">Activo</SimpleData>
            <SimpleData name="Empresa">Red Forestal Paraguay SA</SimpleData>
            <SimpleData name="Lote">A</SimpleData>
            <SimpleData name="Parametro">0.00000000000</SimpleData>
            <SimpleData name="Sup_SIG">1.04482146755</SimpleData>
            <SimpleData name="X">-55.71770292000</SimpleData>
            <SimpleData name="Y">-26.17871049000</SimpleData>
            <SimpleData name="cedula">4566751</SimpleData>
            <SimpleData name="Cédula_1">4566751.00000000000</SimpleData>
            <SimpleData name="Estado_d_1">Activo</SimpleData>
            <SimpleData name="OBJECTID_1">8785</SimpleData>
            <SimpleData name="Shape_Leng">418.71243433800</SimpleData>
            <SimpleData name="Shape_Area">10448.21467550000</SimpleData>
          </SchemaData>
        </ExtendedData>
        <Polygon>
          <outerBoundaryIs>
            <LinearRing>
              <coordinates>
                -55.7170583005616,-26.1782949998275,0
                -55.7174700003464,-26.179265000504,0
                -55.7183520996949,-26.1791866999037,0
                -55.7179012000269,-26.1781032997057,0
                -55.7170583005616,-26.1782949998275,0
              </coordinates>
            </LinearRing>
          </outerBoundaryIs>
        </Polygon>
      </Placemark>
      <Placemark id="Lote_A.4">
        <ExtendedData>
          <SchemaData schemaUrl="#Lote_A.schema">
            <SimpleData name="Cédula">7140896.00000000000</SimpleData>
            <SimpleData name="Nombres_y_">PASTORA BRIZUELA MARTINEZ</SimpleData>
            <SimpleData name="Sexo">Mujer</SimpleData>
            <SimpleData name="Cambio_de_">NO</SimpleData>
            <SimpleData name="Titular_se">NO</SimpleData>
            <SimpleData name="ci_UNIF">7140896.00000000000</SimpleData>
            <SimpleData name="Situación">NO</SimpleData>
            <SimpleData name="Comunidad">Ind?gena</SimpleData>
            <SimpleData name="Modelo_imp">Modelo 3</SimpleData>
            <SimpleData name="Departamen">ITAPUA</SimpleData>
            <SimpleData name="Distrito">ALTO VERA</SimpleData>
            <SimpleData name="Localidad">COM INDIG MBERU - PIRAPO I</SimpleData>
            <SimpleData name="Teléfono">0983175328</SimpleData>
            <SimpleData name="Vivienda_L">-26.70550670000</SimpleData>
            <SimpleData name="Vivienda_1">-55.65821640000</SimpleData>
            <SimpleData name="Superficie">1.00000000000</SimpleData>
            <SimpleData name="Situaci_1">Par?metro</SimpleData>
            <SimpleData name="Plantado">SI</SimpleData>
            <SimpleData name="Fecha_Plan">2025/11/06</SimpleData>
            <SimpleData name="Jornales">0.00000000000</SimpleData>
            <SimpleData name="Monto">0.00000000000</SimpleData>
            <SimpleData name="Grupo_de_p">A-P2-XX-XX-XX</SimpleData>
            <SimpleData name="Estado_del">Activo</SimpleData>
            <SimpleData name="Empresa">Red Forestal Paraguay SA</SimpleData>
            <SimpleData name="Lote">A</SimpleData>
            <SimpleData name="Parametro">0.00000000000</SimpleData>
            <SimpleData name="Sup_SIG">1.05863049034</SimpleData>
            <SimpleData name="X">-55.64790947000</SimpleData>
            <SimpleData name="Y">-26.69331909000</SimpleData>
            <SimpleData name="cedula">7140896</SimpleData>
            <SimpleData name="Cédula_1">7140896.00000000000</SimpleData>
            <SimpleData name="Estado_d_1">Activo</SimpleData>
            <SimpleData name="OBJECTID_1">8658</SimpleData>
            <SimpleData name="Shape_Leng">422.44525667100</SimpleData>
            <SimpleData name="Shape_Area">10586.30490340000</SimpleData>
          </SchemaData>
        </ExtendedData>
        <Polygon>
          <outerBoundaryIs>
            <LinearRing>
              <coordinates>
                -55.6472802084749,-26.6934067891315,0
                -55.6480818214826,-26.6940562621363,0
                -55.6480989025505,-26.6940701014199,0
                -55.6481261817463,-26.6940159859849,0
                -55.6485136431492,-26.6932465572702,0
                -55.648494821508,-26.6932289640914,0
                -55.6479119528482,-26.6926841398124,0
                -55.6477739044238,-26.6925551015739,0
                -55.6477705845525,-26.6925608294846,0
                -55.6472802084749,-26.6934067891315,0
              </coordinates>
            </LinearRing>
          </outerBoundaryIs>
        </Polygon>
      </Placemark>
      <Placemark id="Lote_A.5">
        <ExtendedData>
          <SchemaData schemaUrl="#Lote_A.schema">
            <SimpleData name="Cédula">3362661.00000000000</SimpleData>
            <SimpleData name="Nombres_y_">ROBER DUARTE BENITEZ</SimpleData>
            <SimpleData name="Sexo">Hombre</SimpleData>
            <SimpleData name="Cambio_de_">NO</SimpleData>
            <SimpleData name="Titular_se">NO</SimpleData>
            <SimpleData name="ci_UNIF">3362661.00000000000</SimpleData>
            <SimpleData name="Situación">NO</SimpleData>
            <SimpleData name="Comunidad">Campesina</SimpleData>
            <SimpleData name="Modelo_imp">Modelo 1</SimpleData>
            <SimpleData name="Departamen">CAAZAPA</SimpleData>
            <SimpleData name="Distrito">TAVA?</SimpleData>
            <SimpleData name="Localidad">ENRAMADITA</SimpleData>
            <SimpleData name="Teléfono">0982920420</SimpleData>
            <SimpleData name="Vivienda_L">-26.17109250000</SimpleData>
            <SimpleData name="Vivienda_1">-55.67880070000</SimpleData>
            <SimpleData name="Superficie">0.80000000000</SimpleData>
            <SimpleData name="Situaci_1">Pol?gono</SimpleData>
            <SimpleData name="Plantado">SI</SimpleData>
            <SimpleData name="Fecha_Plan">2025/09/26</SimpleData>
            <SimpleData name="Jornales">0.00000000000</SimpleData>
            <SimpleData name="Monto">0.00000000000</SimpleData>
            <SimpleData name="Grupo_de_p">A-P1-XX-XX-XX</SimpleData>
            <SimpleData name="Estado_del">Activo</SimpleData>
            <SimpleData name="Empresa">Red Forestal Paraguay SA</SimpleData>
            <SimpleData name="Lote">A</SimpleData>
            <SimpleData name="Parametro">0.00000000000</SimpleData>
            <SimpleData name="Sup_SIG">0.86412536734</SimpleData>
            <SimpleData name="X">-55.66161584000</SimpleData>
            <SimpleData name="Y">-26.19057009000</SimpleData>
            <SimpleData name="cedula">3362661</SimpleData>
            <SimpleData name="Cédula_1">3362661.00000000000</SimpleData>
            <SimpleData name="Estado_d_1">Activo</SimpleData>
            <SimpleData name="OBJECTID_1">6715</SimpleData>
            <SimpleData name="Shape_Leng">471.58253112300</SimpleData>
            <SimpleData name="Shape_Area">8641.25367335000</SimpleData>
          </SchemaData>
        </ExtendedData>
        <Polygon>
          <outerBoundaryIs>
            <LinearRing>
              <coordinates>
                -55.6621666002116,-26.1911100004059,0
                -55.6623850002219,-26.1911132997018,0
                -55.6623916996876,-26.1906350003946,0
                -55.6606850005094,-26.1899667001708,0
                -55.6607613998337,-26.1901500003352,0
                -55.6607250002436,-26.1903466999067,0
                -55.6621666002116,-26.1911100004059,0
              </coordinates>
            </LinearRing>
          </outerBoundaryIs>
        </Polygon>
      </Placemark>
      <Placemark id="Lote_A.6">
        <ExtendedData>
          <SchemaData schemaUrl="#Lote_A.schema">
            <SimpleData name="Cédula">3932773.00000000000</SimpleData>
            <SimpleData name="Nombres_y_">MARIA INES BRITOS VERGARA</SimpleData>
            <SimpleData name="Sexo">Mujer</SimpleData>
            <SimpleData name="Cambio_de_">NO</SimpleData>
            <SimpleData name="Titular_se">NO</SimpleData>
            <SimpleData name="ci_UNIF">3932773.00000000000</SimpleData>
            <SimpleData name="Situación">NO</SimpleData>
            <SimpleData name="Comunidad">Campesina</SimpleData>
            <SimpleData name="Modelo_imp">Modelo 1</SimpleData>
            <SimpleData name="Departamen">CAAZAPA</SimpleData>
            <SimpleData name="Distrito">TAVA?</SimpleData>
            <SimpleData name="Localidad">TORO BLANCO</SimpleData>
            <SimpleData name="Teléfono">0985693362</SimpleData>
            <SimpleData name="Vivienda_L">-26.25541330000</SimpleData>
            <SimpleData name="Vivienda_1">-55.70289860000</SimpleData>
            <SimpleData name="Superficie">0.80000000000</SimpleData>
            <SimpleData name="Situaci_1">Par?metro</SimpleData>
            <SimpleData name="Plantado">SI</SimpleData>
            <SimpleData name="Fecha_Plan">2026/02/24</SimpleData>
            <SimpleData name="Jornales">0.00000000000</SimpleData>
            <SimpleData name="Monto">0.00000000000</SimpleData>
            <SimpleData name="Grupo_de_p">A-P2-XX-XX-XX</SimpleData>
            <SimpleData name="Estado_del">Activo</SimpleData>
            <SimpleData name="Empresa">Red Forestal Paraguay SA</SimpleData>
            <SimpleData name="Lote">A</SimpleData>
            <SimpleData name="Parametro">0.00000000000</SimpleData>
            <SimpleData name="Sup_SIG">0.90531378256</SimpleData>
            <SimpleData name="X">-55.70530114000</SimpleData>
            <SimpleData name="Y">-26.24992549000</SimpleData>
            <SimpleData name="cedula">3932773</SimpleData>
            <SimpleData name="Cédula_1">3932773.00000000000</SimpleData>
            <SimpleData name="Estado_d_1">Activo</SimpleData>
            <SimpleData name="OBJECTID_1">6939</SimpleData>
            <SimpleData name="Shape_Leng">509.84663193200</SimpleData>
            <SimpleData name="Shape_Area">9053.13782555000</SimpleData>
          </SchemaData>
        </ExtendedData>
        <Polygon>
          <outerBoundaryIs>
            <LinearRing>
              <coordinates>
                -55.7042008000922,-26.2498344997762,0
                -55.7042567005035,-26.2501983006137,0
                -55.7063116994272,-26.2500467007185,0
                -55.7063649997353,-26.2496350011793,0
                -55.7042008000922,-26.2498344997762,0
              </coordinates>
            </LinearRing>
          </outerBoundaryIs>
        </Polygon>
      </Placemark>
      <Placemark id="Lote_A.7">
        <ExtendedData>
          <SchemaData schemaUrl="#Lote_A.schema">
            <SimpleData name="Cédula">6755041.00000000000</SimpleData>
            <SimpleData name="Nombres_y_">ADY MARISA ARAUJO VERA</SimpleData>
            <SimpleData name="Sexo">Mujer</SimpleData>
            <SimpleData name="Cambio_de_">NO</SimpleData>
            <SimpleData name="Titular_se">NO</SimpleData>
            <SimpleData name="ci_UNIF">6755041.00000000000</SimpleData>
            <SimpleData name="Situación">NO</SimpleData>
            <SimpleData name="Comunidad">Campesina</SimpleData>
            <SimpleData name="Modelo_imp">Modelo 1</SimpleData>
            <SimpleData name="Departamen">CAAZAPA</SimpleData>
            <SimpleData name="Distrito">TAVA?</SimpleData>
            <SimpleData name="Localidad"><![CDATA[VALLE'I]]></SimpleData>
            <SimpleData name="Teléfono">0984105923</SimpleData>
            <SimpleData name="Vivienda_L">-26.24935150000</SimpleData>
            <SimpleData name="Vivienda_1">-55.64991680000</SimpleData>
            <SimpleData name="Superficie">0.90000000000</SimpleData>
            <SimpleData name="Situaci_1">Pol?gono</SimpleData>
            <SimpleData name="Plantado">SI</SimpleData>
            <SimpleData name="Fecha_Plan">2025/09/27</SimpleData>
            <SimpleData name="Jornales">0.00000000000</SimpleData>
            <SimpleData name="Monto">0.00000000000</SimpleData>
            <SimpleData name="Grupo_de_p">A-P1-XX-XX-XX</SimpleData>
            <SimpleData name="Estado_del">Activo</SimpleData>
            <SimpleData name="Empresa">Red Forestal Paraguay SA</SimpleData>
            <SimpleData name="Lote">A</SimpleData>
            <SimpleData name="Parametro">0.00000000000</SimpleData>
            <SimpleData name="Sup_SIG">0.99305770919</SimpleData>
            <SimpleData name="X">-55.65323697000</SimpleData>
            <SimpleData name="Y">-26.24819454000</SimpleData>
            <SimpleData name="cedula">6755041</SimpleData>
            <SimpleData name="Cédula_1">6755041.00000000000</SimpleData>
            <SimpleData name="Estado_d_1">Activo</SimpleData>
            <SimpleData name="OBJECTID_1">6951</SimpleData>
            <SimpleData name="Shape_Leng">569.44964198500</SimpleData>
            <SimpleData name="Shape_Area">9930.57709192000</SimpleData>
          </SchemaData>
        </ExtendedData>
        <Polygon>
          <outerBoundaryIs>
            <LinearRing>
              <coordinates>
                -55.6523252996107,-26.2480966000381,0
                -55.6522833002461,-26.2483467000914,0
                -55.6527799998062,-26.2484298004086,0
                -55.6530586000939,-26.2482369998727,0
                -55.6538145995725,-26.2483651004215,0
                -55.6537598004385,-26.2487850001243,0
                -55.6540284003207,-26.2488266005112,0
                -55.6542067004256,-26.2481067001545,0
                -55.6523899002701,-26.2477604005255,0
                -55.6523252996107,-26.2480966000381,0
              </coordinates>
            </LinearRing>
          </outerBoundaryIs>
        </Polygon>
      </Placemark>
      <Placemark id="Lote_A.8">
        <ExtendedData>
          <SchemaData schemaUrl="#Lote_A.schema">
            <SimpleData name="Cédula">5401951.00000000000</SimpleData>
            <SimpleData name="Nombres_y_">SAMUEL  GAMARRA RAMIREZ</SimpleData>
            <SimpleData name="Sexo">Hombre</SimpleData>
            <SimpleData name="Cambio_de_">NO</SimpleData>
            <SimpleData name="Titular_se">NO</SimpleData>
            <SimpleData name="ci_UNIF">5401951.00000000000</SimpleData>
            <SimpleData name="Situación">NO</SimpleData>
            <SimpleData name="Comunidad">Campesina</SimpleData>
            <SimpleData name="Modelo_imp">Modelo 1</SimpleData>
            <SimpleData name="Departamen">CAAZAPA</SimpleData>
            <SimpleData name="Distrito">TAVA?</SimpleData>
            <SimpleData name="Localidad">YVY ATY</SimpleData>
            <SimpleData name="Teléfono">984313056</SimpleData>
            <SimpleData name="Vivienda_L">-26.17285080000</SimpleData>
            <SimpleData name="Vivienda_1">-55.58648170000</SimpleData>
            <SimpleData name="Superficie">0.80000000000</SimpleData>
            <SimpleData name="Situaci_1">Pol?gono</SimpleData>
            <SimpleData name="Plantado">SI</SimpleData>
            <SimpleData name="Fecha_Plan">2025/10/27</SimpleData>
            <SimpleData name="Jornales">0.00000000000</SimpleData>
            <SimpleData name="Monto">0.00000000000</SimpleData>
            <SimpleData name="Grupo_de_p">A-P1-XX-XX-XX</SimpleData>
            <SimpleData name="Estado_del">Activo</SimpleData>
            <SimpleData name="Empresa">Red Forestal Paraguay SA</SimpleData>
            <SimpleData name="Lote">A</SimpleData>
            <SimpleData name="Parametro">0.00000000000</SimpleData>
            <SimpleData name="Sup_SIG">0.99460078298</SimpleData>
            <SimpleData name="X">-55.58744352000</SimpleData>
            <SimpleData name="Y">-26.16909668000</SimpleData>
            <SimpleData name="cedula">5401951</SimpleData>
            <SimpleData name="Cédula_1">5401951.00000000000</SimpleData>
            <SimpleData name="Estado_d_1">Activo</SimpleData>
            <SimpleData name="OBJECTID_1">7360</SimpleData>
            <SimpleData name="Shape_Leng">402.85869510600</SimpleData>
            <SimpleData name="Shape_Area">9946.00782980000</SimpleData>
          </SchemaData>
        </ExtendedData>
        <Polygon>
          <outerBoundaryIs>
            <LinearRing>
              <coordinates>
                -55.5871233003532,-26.1696616996806,0
                -55.587834999465,-26.1696882997032,0
                -55.5878466996253,-26.1686466996557,0
                -55.5876399996101,-26.1684949998232,0
                -55.5870367000882,-26.1685833003137,0
                -55.5870599994367,-26.1687500000949,0
                -55.5869650002325,-26.1687682998238,0
                -55.5871233003532,-26.1696616996806,0
              </coordinates>
            </LinearRing>
          </outerBoundaryIs>
        </Polygon>
      </Placemark>
      <Placemark id="Lote_A.9">
        <ExtendedData>
          <SchemaData schemaUrl="#Lote_A.schema">
            <SimpleData name="Cédula">4806462.00000000000</SimpleData>
            <SimpleData name="Nombres_y_">BLANCA SUNILDA FERNANDEZ VILLALBA</SimpleData>
            <SimpleData name="Sexo">Mujer</SimpleData>
            <SimpleData name="Cambio_de_">NO</SimpleData>
            <SimpleData name="Titular_se">NO</SimpleData>
            <SimpleData name="ci_UNIF">4806462.00000000000</SimpleData>
            <SimpleData name="Situación">NO</SimpleData>
            <SimpleData name="Comunidad">Campesina</SimpleData>
            <SimpleData name="Modelo_imp">Modelo 1</SimpleData>
            <SimpleData name="Departamen">CAAZAPA</SimpleData>
            <SimpleData name="Distrito">TAVA?</SimpleData>
            <SimpleData name="Localidad">TORANZO 2</SimpleData>
            <SimpleData name="Teléfono">0985315608</SimpleData>
            <SimpleData name="Vivienda_L">-26.15758240000</SimpleData>
            <SimpleData name="Vivienda_1">-55.42213630000</SimpleData>
            <SimpleData name="Superficie">0.80000000000</SimpleData>
            <SimpleData name="Situaci_1">Pol?gono</SimpleData>
            <SimpleData name="Plantado">SI</SimpleData>
            <SimpleData name="Fecha_Plan">2025/11/06</SimpleData>
            <SimpleData name="Jornales">0.00000000000</SimpleData>
            <SimpleData name="Monto">0.00000000000</SimpleData>
            <SimpleData name="Grupo_de_p">A-P1-XX-XX-XX</SimpleData>
            <SimpleData name="Estado_del">Activo</SimpleData>
            <SimpleData name="Empresa">Red Forestal Paraguay SA</SimpleData>
            <SimpleData name="Lote">A</SimpleData>
            <SimpleData name="Parametro">0.00000000000</SimpleData>
            <SimpleData name="Sup_SIG">0.81638141750</SimpleData>
            <SimpleData name="X">-55.42147173000</SimpleData>
            <SimpleData name="Y">-26.15992314000</SimpleData>
            <SimpleData name="cedula">4806462</SimpleData>
            <SimpleData name="Cédula_1">4806462.00000000000</SimpleData>
            <SimpleData name="Estado_d_1">Activo</SimpleData>
            <SimpleData name="OBJECTID_1">5212</SimpleData>
            <SimpleData name="Shape_Leng">372.59307224400</SimpleData>
            <SimpleData name="Shape_Area">8163.81417497000</SimpleData>
          </SchemaData>
        </ExtendedData>
        <Polygon>
          <outerBoundaryIs>
            <LinearRing>
              <coordinates>
                -55.4210819994664,-26.1604041994739,0
                -55.4218033004404,-26.1604737998128,0
                -55.4218475996033,-26.1594430003976,0
                -55.4211596005356,-26.1593563000878,0
                -55.4210819994664,-26.1604041994739,0
              </coordinates>
            </LinearRing>
          </outerBoundaryIs>
        </Polygon>
      </Placemark>
      <Placemark id="Lote_A.10">
        <ExtendedData>
          <SchemaData schemaUrl="#Lote_A.schema">
            <SimpleData name="Cédula">6355091.00000000000</SimpleData>
            <SimpleData name="Nombres_y_">NELSI GABRIELA DUARTE AREVALOS</SimpleData>
            <SimpleData name="Sexo">Mujer</SimpleData>
            <SimpleData name="Cambio_de_">NO</SimpleData>
            <SimpleData name="Titular_se">NO</SimpleData>
            <SimpleData name="ci_UNIF">6355091.00000000000</SimpleData>
            <SimpleData name="Situación">NO</SimpleData>
            <SimpleData name="Comunidad">Campesina</SimpleData>
            <SimpleData name="Modelo_imp">Modelo 5</SimpleData>
            <SimpleData name="Departamen">CAAZAPA</SimpleData>
            <SimpleData name="Distrito">TAVA?</SimpleData>
            <SimpleData name="Localidad">TORO BLANCO</SimpleData>
            <SimpleData name="Teléfono">0982962327</SimpleData>
            <SimpleData name="Vivienda_L">-26.24279400000</SimpleData>
            <SimpleData name="Vivienda_1">-55.69301130000</SimpleData>
            <SimpleData name="Superficie">0.70000000000</SimpleData>
            <SimpleData name="Situaci_1">Pol?gono</SimpleData>
            <SimpleData name="Plantado">SI</SimpleData>
            <SimpleData name="Fecha_Plan">2025/10/12</SimpleData>
            <SimpleData name="Jornales">0.00000000000</SimpleData>
            <SimpleData name="Monto">0.00000000000</SimpleData>
            <SimpleData name="Grupo_de_p">A-P2-XX-XX-XX</SimpleData>
            <SimpleData name="Estado_del">Activo</SimpleData>
            <SimpleData name="Empresa">Red Forestal Paraguay SA</SimpleData>
            <SimpleData name="Lote">A</SimpleData>
            <SimpleData name="Parametro">0.00000000000</SimpleData>
            <SimpleData name="Sup_SIG">0.77324420731</SimpleData>
            <SimpleData name="X">-55.69372055000</SimpleData>
            <SimpleData name="Y">-26.24290897000</SimpleData>
            <SimpleData name="cedula">6355091</SimpleData>
            <SimpleData name="Cédula_1">6355091.00000000000</SimpleData>
            <SimpleData name="Estado_d_1">Activo</SimpleData>
            <SimpleData name="OBJECTID_1">6936</SimpleData>
            <SimpleData name="Shape_Leng">486.27586080500</SimpleData>
            <SimpleData name="Shape_Area">7732.44207312000</SimpleData>
          </SchemaData>
        </ExtendedData>
        <MultiGeometry>
          <Polygon>
            <outerBoundaryIs>
              <LinearRing>
                <coordinates>
                  -55.6931517004714,-26.2434150000878,0
                  -55.6932312000579,-26.2433269001376,0
                  -55.6928833001415,-26.2429314996517,0
                  -55.6928063004079,-26.2430042996431,0
                  -55.6931517004714,-26.2434150000878,0
                </coordinates>
              </LinearRing>
            </outerBoundaryIs>
          </Polygon>
          <Polygon>
            <outerBoundaryIs>
              <LinearRing>
                <coordinates>
                  -55.6934332997841,-26.2433982999697,0
                  -55.6936600001101,-26.2433650002582,0
                  -55.6938883000273,-26.2432066996777,0
                  -55.6942817001731,-26.2427967003679,0
                  -55.6944299996367,-26.2424217001583,0
                  -55.6934582998247,-26.2426033001175,0
                  -55.6932850004013,-26.243038300198,0
                  -55.6933150004239,-26.2432183002928,0
                  -55.6933883005588,-26.2433267003962,0
                  -55.6934332997841,-26.2433982999697,0
                </coordinates>
              </LinearRing>
            </outerBoundaryIs>
          </Polygon>
        </MultiGeometry>
      </Placemark>
      <Placemark id="Lote_A.11">
        <ExtendedData>
          <SchemaData schemaUrl="#Lote_A.schema">
            <SimpleData name="Cédula">5600376.00000000000</SimpleData>
            <SimpleData name="Nombres_y_">GUIDO AUGUSTO CASCO</SimpleData>
            <SimpleData name="Sexo">Hombre</SimpleData>
            <SimpleData name="Cambio_de_">NO</SimpleData>
            <SimpleData name="Titular_se">NO</SimpleData>
            <SimpleData name="ci_UNIF">5600376.00000000000</SimpleData>
            <SimpleData name="Situación">NO</SimpleData>
            <SimpleData name="Comunidad">Campesina</SimpleData>
            <SimpleData name="Modelo_imp">Modelo 1</SimpleData>
            <SimpleData name="Departamen">CAAZAPA</SimpleData>
            <SimpleData name="Distrito">TAVA?</SimpleData>
            <SimpleData name="Localidad">8 DE DICIEMBRE</SimpleData>
            <SimpleData name="Teléfono">0981686765</SimpleData>
            <SimpleData name="Vivienda_L">-26.16630050000</SimpleData>
            <SimpleData name="Vivienda_1">-55.48190860000</SimpleData>
            <SimpleData name="Superficie">0.80000000000</SimpleData>
            <SimpleData name="Situaci_1">Pol?gono</SimpleData>
            <SimpleData name="Plantado">SI</SimpleData>
            <SimpleData name="Fecha_Plan">2025/11/06</SimpleData>
            <SimpleData name="Jornales">0.00000000000</SimpleData>
            <SimpleData name="Monto">0.00000000000</SimpleData>
            <SimpleData name="Grupo_de_p">A-P1-XX-XX-XX</SimpleData>
            <SimpleData name="Estado_del">Activo</SimpleData>
            <SimpleData name="Empresa">Red Forestal Paraguay SA</SimpleData>
            <SimpleData name="Lote">A</SimpleData>
            <SimpleData name="Parametro">0.00000000000</SimpleData>
            <SimpleData name="Sup_SIG">0.80767991268</SimpleData>
            <SimpleData name="X">-55.50629911000</SimpleData>
            <SimpleData name="Y">-26.16470898000</SimpleData>
            <SimpleData name="cedula">5600376</SimpleData>
            <SimpleData name="Cédula_1">5600376.00000000000</SimpleData>
            <SimpleData name="Estado_d_1">Activo</SimpleData>
            <SimpleData name="OBJECTID_1">5192</SimpleData>
            <SimpleData name="Shape_Leng">363.15331141700</SimpleData>
            <SimpleData name="Shape_Area">8076.79912678000</SimpleData>
          </SchemaData>
        </ExtendedData>
        <Polygon>
          <outerBoundaryIs>
            <LinearRing>
              <coordinates>
                -55.5057094006385,-26.1643784003977,0
                -55.5059023004084,-26.165092100152,0
                -55.5068687000647,-26.1650677999402,0
                -55.506698000231,-26.1643070007929,0
                -55.5057094006385,-26.1643784003977,0
              </coordinates>
            </LinearRing>
          </outerBoundaryIs>
        </Polygon>
      </Placemark>
      <Placemark id="Lote_A.12">
        <ExtendedData>
          <SchemaData schemaUrl="#Lote_A.schema">
            <SimpleData name="Cédula">8069116.00000000000</SimpleData>
            <SimpleData name="Nombres_y_">AURELIANA MARTINEZ FRANCO</SimpleData>
            <SimpleData name="Sexo">Mujer</SimpleData>
            <SimpleData name="Cambio_de_">NO</SimpleData>
            <SimpleData name="Titular_se">NO</SimpleData>
            <SimpleData name="ci_UNIF">8069116.00000000000</SimpleData>
            <SimpleData name="Situación">NO</SimpleData>
            <SimpleData name="Comunidad">Ind?gena</SimpleData>
            <SimpleData name="Modelo_imp">Modelo 3</SimpleData>
            <SimpleData name="Departamen">ITAPUA</SimpleData>
            <SimpleData name="Distrito">ALTO VERA</SimpleData>
            <SimpleData name="Localidad">COM INDIG MBERU - PIRAPO I</SimpleData>
            <SimpleData name="Teléfono">ND</SimpleData>
            <SimpleData name="Vivienda_L">-26.70951620000</SimpleData>
            <SimpleData name="Vivienda_1">-55.65278880000</SimpleData>
            <SimpleData name="Superficie">1.00000000000</SimpleData>
            <SimpleData name="Situaci_1">Pol?gono</SimpleData>
            <SimpleData name="Plantado">SI</SimpleData>
            <SimpleData name="Fecha_Plan">2025/11/06</SimpleData>
            <SimpleData name="Jornales">0.00000000000</SimpleData>
            <SimpleData name="Monto">0.00000000000</SimpleData>
            <SimpleData name="Grupo_de_p">A-P2-XX-XX-XX</SimpleData>
            <SimpleData name="Estado_del">Activo</SimpleData>
            <SimpleData name="Empresa">Red Forestal Paraguay SA</SimpleData>
            <SimpleData name="Lote">A</SimpleData>
            <SimpleData name="Parametro">0.00000000000</SimpleData>
            <SimpleData name="Sup_SIG">1.00614299378</SimpleData>
            <SimpleData name="X">-55.64930241000</SimpleData>
            <SimpleData name="Y">-26.69275813000</SimpleData>
            <SimpleData name="cedula">8069116</SimpleData>
            <SimpleData name="Cédula_1">8069116.00000000000</SimpleData>
            <SimpleData name="Estado_d_1">Activo</SimpleData>
            <SimpleData name="OBJECTID_1">8656</SimpleData>
            <SimpleData name="Shape_Leng">420.86498783400</SimpleData>
            <SimpleData name="Shape_Area">10061.42993780000</SimpleData>
          </SchemaData>
        </ExtendedData>
        <Polygon>
          <outerBoundaryIs>
            <LinearRing>
              <coordinates>
                -55.6487483004962,-26.6928900000398,0
                -55.6493331997438,-26.6935651998484,0
                -55.6498796995818,-26.6925856000019,0
                -55.6492217002392,-26.6919817002076,0
                -55.6487483004962,-26.6928900000398,0
              </coordinates>
            </LinearRing>
          </outerBoundaryIs>
        </Polygon>
      </Placemark>
      <Placemark id="Lote_A.13">
        <ExtendedData>
          <SchemaData schemaUrl="#Lote_A.schema">
            <SimpleData name="Cédula">7047004.00000000000</SimpleData>
            <SimpleData name="Nombres_y_">MARIA MAGDALENA ROJAS DEVALLE</SimpleData>
            <SimpleData name="Sexo">Mujer</SimpleData>
            <SimpleData name="Cambio_de_">NO</SimpleData>
            <SimpleData name="Titular_se">NO</SimpleData>
            <SimpleData name="ci_UNIF">7047004.00000000000</SimpleData>
            <SimpleData name="Situación">NO</SimpleData>
            <SimpleData name="Comunidad">Campesina</SimpleData>
            <SimpleData name="Modelo_imp">Modelo 1</SimpleData>
            <SimpleData name="Departamen">CAAZAPA</SimpleData>
            <SimpleData name="Distrito">TAVA?</SimpleData>
            <SimpleData name="Localidad">ITA ANGUA</SimpleData>
            <SimpleData name="Teléfono">0983067017</SimpleData>
            <SimpleData name="Vivienda_L">-26.17561110000</SimpleData>
            <SimpleData name="Vivienda_1">-55.56285020000</SimpleData>
            <SimpleData name="Superficie">0.80000000000</SimpleData>
            <SimpleData name="Situaci_1">Pol?gono</SimpleData>
            <SimpleData name="Plantado">SI</SimpleData>
            <SimpleData name="Fecha_Plan">2025/10/27</SimpleData>
            <SimpleData name="Jornales">0.00000000000</SimpleData>
            <SimpleData name="Monto">0.00000000000</SimpleData>
            <SimpleData name="Grupo_de_p">A-P1-XX-XX-XX</SimpleData>
            <SimpleData name="Estado_del">Activo</SimpleData>
            <SimpleData name="Empresa">Red Forestal Paraguay SA</SimpleData>
            <SimpleData name="Lote">A</SimpleData>
            <SimpleData name="Parametro">0.00000000000</SimpleData>
            <SimpleData name="Sup_SIG">0.79984188578</SimpleData>
            <SimpleData name="X">-55.55958143000</SimpleData>
            <SimpleData name="Y">-26.16412751000</SimpleData>
            <SimpleData name="cedula">7047004</SimpleData>
            <SimpleData name="Cédula_1">7047004.00000000000</SimpleData>
            <SimpleData name="Estado_d_1">Activo</SimpleData>
            <SimpleData name="OBJECTID_1">6928</SimpleData>
            <SimpleData name="Shape_Leng">419.03973362800</SimpleData>
            <SimpleData name="Shape_Area">7998.41885784000</SimpleData>
          </SchemaData>
        </ExtendedData>
        <Polygon>
          <outerBoundaryIs>
            <LinearRing>
              <coordinates>
                -55.5589507000743,-26.1641757003214,0
                -55.5590909995976,-26.1646651997605,0
                -55.5597406002594,-26.1644965996531,0
                -55.5597201999117,-26.1643513000573,0
                -55.5599650001729,-26.1642692000181,0
                -55.5599234003027,-26.164073999719,0
                -55.560243200455,-26.1640059998623,0
                -55.5601185000535,-26.1635996003382,0
                -55.5593455001983,-26.1637978998121,0
                -55.5593883003681,-26.1640085003171,0
                -55.5589507000743,-26.1641757003214,0
              </coordinates>
            </LinearRing>
          </outerBoundaryIs>
        </Polygon>
      </Placemark>
      <Placemark id="Lote_A.14">
        <ExtendedData>
          <SchemaData schemaUrl="#Lote_A.schema">
            <SimpleData name="Cédula">6766560.00000000000</SimpleData>
            <SimpleData name="Nombres_y_">RAMONA QUINTANA BOGADO</SimpleData>
            <SimpleData name="Sexo">Mujer</SimpleData>
            <SimpleData name="Cambio_de_">NO</SimpleData>
            <SimpleData name="Titular_se">NO</SimpleData>
            <SimpleData name="ci_UNIF">6766560.00000000000</SimpleData>
            <SimpleData name="Situación">NO</SimpleData>
            <SimpleData name="Comunidad">Ind?gena</SimpleData>
            <SimpleData name="Modelo_imp">Modelo 3</SimpleData>
            <SimpleData name="Departamen">ITAPUA</SimpleData>
            <SimpleData name="Distrito">ALTO VERA</SimpleData>
            <SimpleData name="Localidad">COM INDIG MBERU - PIRAPO I</SimpleData>
            <SimpleData name="Teléfono">0983368446</SimpleData>
            <SimpleData name="Vivienda_L">-26.70395770000</SimpleData>
            <SimpleData name="Vivienda_1">-55.65703930000</SimpleData>
            <SimpleData name="Superficie">1.00000000000</SimpleData>
            <SimpleData name="Situaci_1">Par?metro</SimpleData>
            <SimpleData name="Plantado">SI</SimpleData>
            <SimpleData name="Fecha_Plan">2025/11/06</SimpleData>
            <SimpleData name="Jornales">0.00000000000</SimpleData>
            <SimpleData name="Monto">0.00000000000</SimpleData>
            <SimpleData name="Grupo_de_p">A-P2-XX-XX-XX</SimpleData>
            <SimpleData name="Estado_del">Activo</SimpleData>
            <SimpleData name="Empresa">Red Forestal Paraguay SA</SimpleData>
            <SimpleData name="Lote">A</SimpleData>
            <SimpleData name="Parametro">0.00000000000</SimpleData>
            <SimpleData name="Sup_SIG">1.22542254467</SimpleData>
            <SimpleData name="X">-55.65079446000</SimpleData>
            <SimpleData name="Y">-26.69483384000</SimpleData>
            <SimpleData name="cedula">6766560</SimpleData>
            <SimpleData name="Cédula_1">6766560.00000000000</SimpleData>
            <SimpleData name="Estado_d_1">Activo</SimpleData>
            <SimpleData name="OBJECTID_1">8666</SimpleData>
            <SimpleData name="Shape_Leng">452.15802250000</SimpleData>
            <SimpleData name="Shape_Area">12254.22544670000</SimpleData>
          </SchemaData>
        </ExtendedData>
        <Polygon>
          <outerBoundaryIs>
            <LinearRing>
              <coordinates>
                -55.6508830233847,-26.6942349900408,0
                -55.6507203837034,-26.6941650594009,0
                -55.6500939997983,-26.6948043999355,0
                -55.6507200000581,-26.6956700000993,0
                -55.6515667004863,-26.6945729998561,0
                -55.6508830233847,-26.6942349900408,0
              </coordinates>
            </LinearRing>
          </outerBoundaryIs>
        </Polygon>
      </Placemark>
      <Placemark id="Lote_A.15">
        <ExtendedData>
          <SchemaData schemaUrl="#Lote_A.schema">
            <SimpleData name="Cédula">7201809.00000000000</SimpleData>
            <SimpleData name="Nombres_y_">REINALDO RIVAS BAEZ</SimpleData>
            <SimpleData name="Sexo">Hombre</SimpleData>
            <SimpleData name="Cambio_de_">NO</SimpleData>
            <SimpleData name="Titular_se">NO</SimpleData>
            <SimpleData name="ci_UNIF">7201809.00000000000</SimpleData>
            <SimpleData name="Situación">NO</SimpleData>
            <SimpleData name="Comunidad">Campesina</SimpleData>
            <SimpleData name="Modelo_imp">Modelo 5</SimpleData>
            <SimpleData name="Departamen">CAAZAPA</SimpleData>
            <SimpleData name="Distrito">TAVA?</SimpleData>
            <SimpleData name="Localidad">VIRGEN DEL CARMEN</SimpleData>
            <SimpleData name="Teléfono">0985663293</SimpleData>
            <SimpleData name="Vivienda_L">-26.23357470000</SimpleData>
            <SimpleData name="Vivienda_1">-55.67091680000</SimpleData>
            <SimpleData name="Superficie">0.70000000000</SimpleData>
            <SimpleData name="Situaci_1">Pol?gono</SimpleData>
            <SimpleData name="Plantado">SI</SimpleData>
            <SimpleData name="Fecha_Plan">2025/10/01</SimpleData>
            <SimpleData name="Jornales">0.00000000000</SimpleData>
            <SimpleData name="Monto">0.00000000000</SimpleData>
            <SimpleData name="Grupo_de_p">A-P2-XX-XX-XX</SimpleData>
            <SimpleData name="Estado_del">Activo</SimpleData>
            <SimpleData name="Empresa">Red Forestal Paraguay SA</SimpleData>
            <SimpleData name="Lote">A</SimpleData>
            <SimpleData name="Parametro">0.00000000000</SimpleData>
            <SimpleData name="Sup_SIG">0.74394571542</SimpleData>
            <SimpleData name="X">-55.67063721000</SimpleData>
            <SimpleData name="Y">-26.23160987000</SimpleData>
            <SimpleData name="cedula">7201809</SimpleData>
            <SimpleData name="Cédula_1">7201809.00000000000</SimpleData>
            <SimpleData name="Estado_d_1">Activo</SimpleData>
            <SimpleData name="OBJECTID_1">8647</SimpleData>
            <SimpleData name="Shape_Leng">490.77696154000</SimpleData>
            <SimpleData name="Shape_Area">7439.45715422000</SimpleData>
          </SchemaData>
        </ExtendedData>
        <Polygon>
          <outerBoundaryIs>
            <LinearRing>
              <coordinates>
                -55.6704245996822,-26.2320412998938,0
                -55.6704292005385,-26.2322158001479,0
                -55.6711173000161,-26.2321657999402,0
                -55.6710897003713,-26.2317961003241,0
                -55.6707346999051,-26.2317201003431,0
                -55.6706141003305,-26.2311613997112,0
                -55.6710445005435,-26.2311371000963,0
                -55.6710294003539,-26.2309557000577,0
                -55.6702250999236,-26.2309969997415,0
                -55.6704006001273,-26.2320249997376,0
                -55.6704245996822,-26.2320412998938,0
              </coordinates>
            </LinearRing>
          </outerBoundaryIs>
        </Polygon>
      </Placemark>
      <Placemark id="Lote_A.16">
        <ExtendedData>
          <SchemaData schemaUrl="#Lote_A.schema">
            <SimpleData name="Cédula">2518994.00000000000</SimpleData>
            <SimpleData name="Nombres_y_">PABLO BENITEZ OTELA</SimpleData>
            <SimpleData name="Sexo">Hombre</SimpleData>
            <SimpleData name="Cambio_de_">NO</SimpleData>
            <SimpleData name="Titular_se">NO</SimpleData>
            <SimpleData name="ci_UNIF">2518994.00000000000</SimpleData>
            <SimpleData name="Situación">NO</SimpleData>
            <SimpleData name="Comunidad">Ind?gena</SimpleData>
            <SimpleData name="Modelo_imp">Modelo 3</SimpleData>
            <SimpleData name="Departamen">ITAPUA</SimpleData>
            <SimpleData name="Distrito">ALTO VERA</SimpleData>
            <SimpleData name="Localidad">COM INDIG MBERU - PIRAPO I</SimpleData>
            <SimpleData name="Teléfono">0986538356</SimpleData>
            <SimpleData name="Vivienda_L">-26.71038270000</SimpleData>
            <SimpleData name="Vivienda_1">-55.65273790000</SimpleData>
            <SimpleData name="Superficie">1.00000000000</SimpleData>
            <SimpleData name="Situaci_1">Par?metro</SimpleData>
            <SimpleData name="Plantado">SI</SimpleData>
            <SimpleData name="Fecha_Plan">2025/11/06</SimpleData>
            <SimpleData name="Jornales">0.00000000000</SimpleData>
            <SimpleData name="Monto">0.00000000000</SimpleData>
            <SimpleData name="Grupo_de_p">A-P2-XX-XX-XX</SimpleData>
            <SimpleData name="Estado_del">Activo</SimpleData>
            <SimpleData name="Empresa">Red Forestal Paraguay SA</SimpleData>
            <SimpleData name="Lote">A</SimpleData>
            <SimpleData name="Parametro">0.00000000000</SimpleData>
            <SimpleData name="Sup_SIG">1.02824721414</SimpleData>
            <SimpleData name="X">-55.65165074000</SimpleData>
            <SimpleData name="Y">-26.69325264000</SimpleData>
            <SimpleData name="cedula">2518994</SimpleData>
            <SimpleData name="Cédula_1">2518994.00000000000</SimpleData>
            <SimpleData name="Estado_d_1">Activo</SimpleData>
            <SimpleData name="OBJECTID_1">8664</SimpleData>
            <SimpleData name="Shape_Leng">416.89968457500</SimpleData>
            <SimpleData name="Shape_Area">10282.47214140000</SimpleData>
          </SchemaData>
        </ExtendedData>
        <Polygon>
          <outerBoundaryIs>
            <LinearRing>
              <coordinates>
                -55.6510622829372,-26.6930910904025,0
                -55.6509832549075,-26.6932243561129,0
                -55.6518800000348,-26.6939517003617,0
                -55.6523200007052,-26.6933700003254,0
                -55.6514702005991,-26.6925182004695,0
                -55.6510622829372,-26.6930910904025,0
              </coordinates>
            </LinearRing>
          </outerBoundaryIs>
        </Polygon>
      </Placemark>
      <Placemark id="Lote_A.17">
        <ExtendedData>
          <SchemaData schemaUrl="#Lote_A.schema">
            <SimpleData name="Cédula">1387366.00000000000</SimpleData>
            <SimpleData name="Nombres_y_">JUSTO BOGADO</SimpleData>
            <SimpleData name="Sexo">Hombre</SimpleData>
            <SimpleData name="Cambio_de_">NO</SimpleData>
            <SimpleData name="Titular_se">NO</SimpleData>
            <SimpleData name="ci_UNIF">1387366.00000000000</SimpleData>
            <SimpleData name="Situación">NO</SimpleData>
            <SimpleData name="Comunidad">Campesina</SimpleData>
            <SimpleData name="Modelo_imp">Modelo 1</SimpleData>
            <SimpleData name="Departamen">CAAZAPA</SimpleData>
            <SimpleData name="Distrito">TAVA?</SimpleData>
            <SimpleData name="Localidad">SAN ROQUE</SimpleData>
            <SimpleData name="Teléfono">0986306712</SimpleData>
            <SimpleData name="Vivienda_L">-26.18697330000</SimpleData>
            <SimpleData name="Vivienda_1">-55.50196320000</SimpleData>
            <SimpleData name="Superficie">0.80000000000</SimpleData>
            <SimpleData name="Situaci_1">Pol?gono</SimpleData>
            <SimpleData name="Plantado">SI</SimpleData>
            <SimpleData name="Fecha_Plan">2025/11/10</SimpleData>
            <SimpleData name="Jornales">0.00000000000</SimpleData>
            <SimpleData name="Monto">0.00000000000</SimpleData>
            <SimpleData name="Grupo_de_p">A-P1-XX-XX-XX</SimpleData>
            <SimpleData name="Estado_del">Activo</SimpleData>
            <SimpleData name="Empresa">Red Forestal Paraguay SA</SimpleData>
            <SimpleData name="Lote">A</SimpleData>
            <SimpleData name="Parametro">0.00000000000</SimpleData>
            <SimpleData name="Sup_SIG">0.85861721171</SimpleData>
            <SimpleData name="X">-55.50658462000</SimpleData>
            <SimpleData name="Y">-26.19409569000</SimpleData>
            <SimpleData name="cedula">1387366</SimpleData>
            <SimpleData name="Cédula_1">1387366.00000000000</SimpleData>
            <SimpleData name="Estado_d_1">Activo</SimpleData>
            <SimpleData name="OBJECTID_1">6696</SimpleData>
            <SimpleData name="Shape_Leng">417.31672583900</SimpleData>
            <SimpleData name="Shape_Area">8586.17211709000</SimpleData>
          </SchemaData>
        </ExtendedData>
        <Polygon>
          <outerBoundaryIs>
            <LinearRing>
              <coordinates>
                -55.5060525001075,-26.1936539006526,0
                -55.5061717009964,-26.1945201000321,0
                -55.507185800161,-26.1944434996908,0
                -55.5071136003076,-26.193793699619,0
                -55.5068145002485,-26.1938482994626,0
                -55.5067685007203,-26.1939968996228,0
                -55.5064817007812,-26.1935716995188,0
                -55.5060525001075,-26.1936539006526,0
              </coordinates>
            </LinearRing>
          </outerBoundaryIs>
        </Polygon>
      </Placemark>
      <Placemark id="Lote_A.18">
        <ExtendedData>
          <SchemaData schemaUrl="#Lote_A.schema">
            <SimpleData name="Cédula">4887607.00000000000</SimpleData>
            <SimpleData name="Nombres_y_">VIRGILIO DUARTE PEREIRA</SimpleData>
            <SimpleData name="Sexo">Hombre</SimpleData>
            <SimpleData name="Cambio_de_">NO</SimpleData>
            <SimpleData name="Titular_se">NO</SimpleData>
            <SimpleData name="ci_UNIF">4887607.00000000000</SimpleData>
            <SimpleData name="Situación">NO</SimpleData>
            <SimpleData name="Comunidad">Campesina</SimpleData>
            <SimpleData name="Modelo_imp">Modelo 1</SimpleData>
            <SimpleData name="Departamen">CAAZAPA</SimpleData>
            <SimpleData name="Distrito">TAVA?</SimpleData>
            <SimpleData name="Localidad">LAS MERCEDES</SimpleData>
            <SimpleData name="Teléfono">0982228858</SimpleData>
            <SimpleData name="Vivienda_L">-26.17330740000</SimpleData>
            <SimpleData name="Vivienda_1">-55.49053780000</SimpleData>
            <SimpleData name="Superficie">0.80000000000</SimpleData>
            <SimpleData name="Situaci_1">Pol?gono</SimpleData>
            <SimpleData name="Plantado">SI</SimpleData>
            <SimpleData name="Fecha_Plan">2025/11/05</SimpleData>
            <SimpleData name="Jornales">0.00000000000</SimpleData>
            <SimpleData name="Monto">0.00000000000</SimpleData>
            <SimpleData name="Grupo_de_p">A-P1-XX-XX-XX</SimpleData>
            <SimpleData name="Estado_del">Activo</SimpleData>
            <SimpleData name="Empresa">Red Forestal Paraguay SA</SimpleData>
            <SimpleData name="Lote">A</SimpleData>
            <SimpleData name="Parametro">0.00000000000</SimpleData>
            <SimpleData name="Sup_SIG">0.80825054438</SimpleData>
            <SimpleData name="X">-55.48978602000</SimpleData>
            <SimpleData name="Y">-26.16854365000</SimpleData>
            <SimpleData name="cedula">4887607</SimpleData>
            <SimpleData name="Cédula_1">4887607.00000000000</SimpleData>
            <SimpleData name="Estado_d_1">Activo</SimpleData>
            <SimpleData name="OBJECTID_1">5216</SimpleData>
            <SimpleData name="Shape_Leng">388.43830130400</SimpleData>
            <SimpleData name="Shape_Area">8082.50544379000</SimpleData>
          </SchemaData>
        </ExtendedData>
        <Polygon>
          <outerBoundaryIs>
            <LinearRing>
              <coordinates>
                -55.4890052004545,-26.1688708000192,0
                -55.4896354996164,-26.1690045001805,0
                -55.4905576995092,-26.1683874993132,0
                -55.4900250003661,-26.1680069999403,0
                -55.4891894005777,-26.1686172996622,0
                -55.4890052004545,-26.1688708000192,0
              </coordinates>
            </LinearRing>
          </outerBoundaryIs>
        </Polygon>
      </Placemark>
      <Placemark id="Lote_A.19">
        <ExtendedData>
          <SchemaData schemaUrl="#Lote_A.schema">
            <SimpleData name="Cédula">4887586.00000000000</SimpleData>
            <SimpleData name="Nombres_y_">MARIO ANTONIO BOGADO VERA</SimpleData>
            <SimpleData name="Sexo">Hombre</SimpleData>
            <SimpleData name="Cambio_de_">NO</SimpleData>
            <SimpleData name="Titular_se">NO</SimpleData>
            <SimpleData name="ci_UNIF">4887586.00000000000</SimpleData>
            <SimpleData name="Situación">NO</SimpleData>
            <SimpleData name="Comunidad">Campesina</SimpleData>
            <SimpleData name="Modelo_imp">Modelo 1</SimpleData>
            <SimpleData name="Departamen">CAAZAPA</SimpleData>
            <SimpleData name="Distrito">TAVA?</SimpleData>
            <SimpleData name="Localidad">YVYTY KORA</SimpleData>
            <SimpleData name="Teléfono">0982767775</SimpleData>
            <SimpleData name="Vivienda_L">-26.16007130000</SimpleData>
            <SimpleData name="Vivienda_1">-55.50192120000</SimpleData>
            <SimpleData name="Superficie">0.90000000000</SimpleData>
            <SimpleData name="Situaci_1">Pol?gono</SimpleData>
            <SimpleData name="Plantado">SI</SimpleData>
            <SimpleData name="Fecha_Plan">2025/11/05</SimpleData>
            <SimpleData name="Jornales">0.00000000000</SimpleData>
            <SimpleData name="Monto">0.00000000000</SimpleData>
            <SimpleData name="Grupo_de_p">A-P1-XX-XX-XX</SimpleData>
            <SimpleData name="Estado_del">Activo</SimpleData>
            <SimpleData name="Empresa">Red Forestal Paraguay SA</SimpleData>
            <SimpleData name="Lote">A</SimpleData>
            <SimpleData name="Parametro">0.00000000000</SimpleData>
            <SimpleData name="Sup_SIG">0.84234011820</SimpleData>
            <SimpleData name="X">-55.50363994000</SimpleData>
            <SimpleData name="Y">-26.16481397000</SimpleData>
            <SimpleData name="cedula">4887586</SimpleData>
            <SimpleData name="Cédula_1">4887586.00000000000</SimpleData>
            <SimpleData name="Estado_d_1">Activo</SimpleData>
            <SimpleData name="OBJECTID_1">6944</SimpleData>
            <SimpleData name="Shape_Leng">435.66022496700</SimpleData>
            <SimpleData name="Shape_Area">8423.40118204000</SimpleData>
          </SchemaData>
        </ExtendedData>
        <Polygon>
          <outerBoundaryIs>
            <LinearRing>
              <coordinates>
                -55.5030420009821,-26.1644487003971,0
                -55.503028300346,-26.1646350000966,0
                -55.5032193997644,-26.1646156004134,0
                -55.5032862005747,-26.1647613999303,0
                -55.5030186996846,-26.164753899655,0
                -55.5030214010045,-26.165125299913,0
                -55.5042494006461,-26.1651457003017,0
                -55.5042091000955,-26.1645080994745,0
                -55.5030420009821,-26.1644487003971,0
              </coordinates>
            </LinearRing>
          </outerBoundaryIs>
        </Polygon>
      </Placemark>
      <Placemark id="Lote_A.20">
        <ExtendedData>
          <SchemaData schemaUrl="#Lote_A.schema">
            <SimpleData name="Cédula">2918161.00000000000</SimpleData>
            <SimpleData name="Nombres_y_">PAULINA CARDOZO FERNANDEZ</SimpleData>
            <SimpleData name="Sexo">Mujer</SimpleData>
            <SimpleData name="Cambio_de_">NO</SimpleData>
            <SimpleData name="Titular_se">NO</SimpleData>
            <SimpleData name="ci_UNIF">2918161.00000000000</SimpleData>
            <SimpleData name="Situación">NO</SimpleData>
            <SimpleData name="Comunidad">Campesina</SimpleData>
            <SimpleData name="Modelo_imp">Modelo 6</SimpleData>
            <SimpleData name="Departamen">CAAZAPA</SimpleData>
            <SimpleData name="Distrito">TAVA?</SimpleData>
            <SimpleData name="Localidad">VIRGEN DEL CARMEN</SimpleData>
            <SimpleData name="Teléfono">0986147315</SimpleData>
            <SimpleData name="Vivienda_L">-26.23038160000</SimpleData>
            <SimpleData name="Vivienda_1">-55.68997080000</SimpleData>
            <SimpleData name="Superficie">0.90000000000</SimpleData>
            <SimpleData name="Situaci_1">Pol?gono</SimpleData>
            <SimpleData name="Plantado">SI</SimpleData>
            <SimpleData name="Fecha_Plan">2025/10/12</SimpleData>
            <SimpleData name="Jornales">0.00000000000</SimpleData>
            <SimpleData name="Monto">0.00000000000</SimpleData>
            <SimpleData name="Grupo_de_p">A-P1-XX-XX-XX</SimpleData>
            <SimpleData name="Estado_del">Activo</SimpleData>
            <SimpleData name="Empresa">Red Forestal Paraguay SA</SimpleData>
            <SimpleData name="Lote">A</SimpleData>
            <SimpleData name="Parametro">0.00000000000</SimpleData>
            <SimpleData name="Sup_SIG">1.01741985867</SimpleData>
            <SimpleData name="X">-55.69164335000</SimpleData>
            <SimpleData name="Y">-26.23023057000</SimpleData>
            <SimpleData name="cedula">2918161</SimpleData>
            <SimpleData name="Cédula_1">2918161.00000000000</SimpleData>
            <SimpleData name="Estado_d_1">Activo</SimpleData>
            <SimpleData name="OBJECTID_1">5222</SimpleData>
            <SimpleData name="Shape_Leng">408.41173423800</SimpleData>
            <SimpleData name="Shape_Area">10174.19858670000</SimpleData>
          </SchemaData>
        </ExtendedData>
        <Polygon>
          <outerBoundaryIs>
            <LinearRing>
              <coordinates>
                -55.6912449996898,-26.22963169945,0
                -55.6911782999551,-26.230776699943,0
                -55.6920412999109,-26.2307200998431,0
                -55.6921799996353,-26.2298367002831,0
                -55.6912449996898,-26.22963169945,0
              </coordinates>
            </LinearRing>
          </outerBoundaryIs>
        </Polygon>
      </Placemark>
      <Placemark id="Lote_A.21">
        <ExtendedData>
          <SchemaData schemaUrl="#Lote_A.schema">
            <SimpleData name="Cédula">8068704.00000000000</SimpleData>
            <SimpleData name="Nombres_y_">MARTIN CARLOS QUINTANA BENITEZ</SimpleData>
            <SimpleData name="Sexo">Hombre</SimpleData>
            <SimpleData name="Cambio_de_">NO</SimpleData>
            <SimpleData name="Titular_se">NO</SimpleData>
            <SimpleData name="ci_UNIF">8068704.00000000000</SimpleData>
            <SimpleData name="Situación">NO</SimpleData>
            <SimpleData name="Comunidad">Ind?gena</SimpleData>
            <SimpleData name="Modelo_imp">Modelo 3</SimpleData>
            <SimpleData name="Departamen">ITAPUA</SimpleData>
            <SimpleData name="Distrito">ALTO VERA</SimpleData>
            <SimpleData name="Localidad">COM INDIG MBERU - PIRAPO I</SimpleData>
            <SimpleData name="Teléfono">ND</SimpleData>
            <SimpleData name="Vivienda_L">-26.70394900000</SimpleData>
            <SimpleData name="Vivienda_1">-55.65803120000</SimpleData>
            <SimpleData name="Superficie">1.00000000000</SimpleData>
            <SimpleData name="Situaci_1">Par?metro</SimpleData>
            <SimpleData name="Plantado">SI</SimpleData>
            <SimpleData name="Fecha_Plan">2026/02/21</SimpleData>
            <SimpleData name="Jornales">0.00000000000</SimpleData>
            <SimpleData name="Monto">0.00000000000</SimpleData>
            <SimpleData name="Grupo_de_p">A-P2-XX-XX-XX</SimpleData>
            <SimpleData name="Estado_del">Activo</SimpleData>
            <SimpleData name="Empresa">Red Forestal Paraguay SA</SimpleData>
            <SimpleData name="Lote">A</SimpleData>
            <SimpleData name="Parametro">0.00000000000</SimpleData>
            <SimpleData name="Sup_SIG">0.96728722372</SimpleData>
            <SimpleData name="X">-55.65070072000</SimpleData>
            <SimpleData name="Y">-26.69643558000</SimpleData>
            <SimpleData name="cedula">8068704</SimpleData>
            <SimpleData name="Cédula_1">8068704.00000000000</SimpleData>
            <SimpleData name="Estado_d_1">Activo</SimpleData>
            <SimpleData name="OBJECTID_1">6972</SimpleData>
            <SimpleData name="Shape_Leng">415.47975904000</SimpleData>
            <SimpleData name="Shape_Area">9672.87223715000</SimpleData>
          </SchemaData>
        </ExtendedData>
        <Polygon>
          <outerBoundaryIs>
            <LinearRing>
              <coordinates>
                -55.6501589448756,-26.6964536572614,0
                -55.6507116993194,-26.6972212005847,0
                -55.6512728000867,-26.6964266997444,0
                -55.6506238929794,-26.6956418561264,0
                -55.6506266000049,-26.6956460001937,0
                -55.6501609992903,-26.6964551004294,0
                -55.6501589448756,-26.6964536572614,0
              </coordinates>
            </LinearRing>
          </outerBoundaryIs>
        </Polygon>
      </Placemark>
      <Placemark id="Lote_A.22">
        <ExtendedData>
          <SchemaData schemaUrl="#Lote_A.schema">
            <SimpleData name="Cédula">2309725.00000000000</SimpleData>
            <SimpleData name="Nombres_y_">MARINO RUBEN ESCOBAR</SimpleData>
            <SimpleData name="Sexo">Hombre</SimpleData>
            <SimpleData name="Cambio_de_">NO</SimpleData>
            <SimpleData name="Titular_se">NO</SimpleData>
            <SimpleData name="ci_UNIF">2309725.00000000000</SimpleData>
            <SimpleData name="Situación">NO</SimpleData>
            <SimpleData name="Comunidad">Campesina</SimpleData>
            <SimpleData name="Modelo_imp">Modelo 5</SimpleData>
            <SimpleData name="Departamen">CAAZAPA</SimpleData>
            <SimpleData name="Distrito">TAVA?</SimpleData>
            <SimpleData name="Localidad">ITA ANGUA</SimpleData>
            <SimpleData name="Teléfono">0984149670</SimpleData>
            <SimpleData name="Vivienda_L">-26.17425890000</SimpleData>
            <SimpleData name="Vivienda_1">-55.57900300000</SimpleData>
            <SimpleData name="Superficie">0.70000000000</SimpleData>
            <SimpleData name="Situaci_1">Par?metro</SimpleData>
            <SimpleData name="Plantado">SI</SimpleData>
            <SimpleData name="Fecha_Plan">2025/10/12</SimpleData>
            <SimpleData name="Jornales">0.00000000000</SimpleData>
            <SimpleData name="Monto">0.00000000000</SimpleData>
            <SimpleData name="Grupo_de_p">A-P3-XX-XX-XX</SimpleData>
            <SimpleData name="Estado_del">Activo</SimpleData>
            <SimpleData name="Empresa">Red Forestal Paraguay SA</SimpleData>
            <SimpleData name="Lote">A</SimpleData>
            <SimpleData name="Parametro">0.00000000000</SimpleData>
            <SimpleData name="Sup_SIG">0.73771538512</SimpleData>
            <SimpleData name="X">-55.57951897000</SimpleData>
            <SimpleData name="Y">-26.16973328000</SimpleData>
            <SimpleData name="cedula">2309725</SimpleData>
            <SimpleData name="Cédula_1">2309725.00000000000</SimpleData>
            <SimpleData name="Estado_d_1">Activo</SimpleData>
            <SimpleData name="OBJECTID_1">8587</SimpleData>
            <SimpleData name="Shape_Leng">524.44448910700</SimpleData>
            <SimpleData name="Shape_Area">7377.15385115000</SimpleData>
          </SchemaData>
        </ExtendedData>
        <MultiGeometry>
          <Polygon>
            <outerBoundaryIs>
              <LinearRing>
                <coordinates>
                  -55.5793762996793,-26.16977159965,0
                  -55.5790899996317,-26.169756699738,0
                  -55.5790916990524,-26.170013300496,0
                  -55.5792225994165,-26.1700781998891,0
                  -55.5798216994547,-26.1700262999663,0
                  -55.5798082995307,-26.1693450005151,0
                  -55.5794016994637,-26.169283299692,0
                  -55.5793762996793,-26.16977159965,0
                </coordinates>
              </LinearRing>
            </outerBoundaryIs>
          </Polygon>
          <Polygon>
            <outerBoundaryIs>
              <LinearRing>
                <coordinates>
                  -55.5793627999975,-26.1686729004719,0
                  -55.5798199997918,-26.1686449999029,0
                  -55.5798316995754,-26.1680582999124,0
                  -55.5793849996464,-26.1680783000426,0
                  -55.5793627999975,-26.1686729004719,0
                </coordinates>
              </LinearRing>
            </outerBoundaryIs>
          </Polygon>
        </MultiGeometry>
      </Placemark>
      <Placemark id="Lote_A.23">
        <ExtendedData>
          <SchemaData schemaUrl="#Lote_A.schema">
            <SimpleData name="Cédula">6177848.00000000000</SimpleData>
            <SimpleData name="Nombres_y_">CARMELINA GARICOCHE BAEZ</SimpleData>
            <SimpleData name="Sexo">Mujer</SimpleData>
            <SimpleData name="Cambio_de_">NO</SimpleData>
            <SimpleData name="Titular_se">NO</SimpleData>
            <SimpleData name="ci_UNIF">6177848.00000000000</SimpleData>
            <SimpleData name="Situación">NO</SimpleData>
            <SimpleData name="Comunidad">Campesina</SimpleData>
            <SimpleData name="Modelo_imp">Modelo 1</SimpleData>
            <SimpleData name="Departamen">CAAZAPA</SimpleData>
            <SimpleData name="Distrito">TAVA?</SimpleData>
            <SimpleData name="Localidad">SAN AGUSTIN</SimpleData>
            <SimpleData name="Teléfono">0986932759</SimpleData>
            <SimpleData name="Vivienda_L">-26.15830420000</SimpleData>
            <SimpleData name="Vivienda_1">-55.59359050000</SimpleData>
            <SimpleData name="Superficie">0.80000000000</SimpleData>
            <SimpleData name="Situaci_1">Pol?gono</SimpleData>
            <SimpleData name="Plantado">SI</SimpleData>
            <SimpleData name="Fecha_Plan">2025/10/24</SimpleData>
            <SimpleData name="Jornales">0.00000000000</SimpleData>
            <SimpleData name="Monto">0.00000000000</SimpleData>
            <SimpleData name="Grupo_de_p">A-P1-XX-XX-XX</SimpleData>
            <SimpleData name="Estado_del">Activo</SimpleData>
            <SimpleData name="Empresa">Red Forestal Paraguay SA</SimpleData>
            <SimpleData name="Lote">A</SimpleData>
            <SimpleData name="Parametro">0.00000000000</SimpleData>
            <SimpleData name="Sup_SIG">0.96467871442</SimpleData>
            <SimpleData name="X">-55.58650982000</SimpleData>
            <SimpleData name="Y">-26.15633722000</SimpleData>
            <SimpleData name="cedula">6177848</SimpleData>
            <SimpleData name="Cédula_1">6177848.00000000000</SimpleData>
            <SimpleData name="Estado_d_1">Activo</SimpleData>
            <SimpleData name="OBJECTID_1">6930</SimpleData>
            <SimpleData name="Shape_Leng">405.14217511200</SimpleData>
            <SimpleData name="Shape_Area">9646.78714415000</SimpleData>
          </SchemaData>
        </ExtendedData>
        <Polygon>
          <outerBoundaryIs>
            <LinearRing>
              <coordinates>
                -55.5861232997267,-26.1557950002895,0
                -55.5861286001327,-26.1569333000321,0
                -55.5868916998775,-26.1568766996929,0
                -55.5868984004419,-26.1557496002554,0
                -55.5861232997267,-26.1557950002895,0
              </coordinates>
            </LinearRing>
          </outerBoundaryIs>
        </Polygon>
      </Placemark>
      <Placemark id="Lote_A.24">
        <ExtendedData>
          <SchemaData schemaUrl="#Lote_A.schema">
            <SimpleData name="Cédula">7242175.00000000000</SimpleData>
            <SimpleData name="Nombres_y_">LIDIA QUINTANA BOGADO</SimpleData>
            <SimpleData name="Sexo">Mujer</SimpleData>
            <SimpleData name="Cambio_de_">NO</SimpleData>
            <SimpleData name="Titular_se">NO</SimpleData>
            <SimpleData name="ci_UNIF">7242175.00000000000</SimpleData>
            <SimpleData name="Situación">NO</SimpleData>
            <SimpleData name="Comunidad">Ind?gena</SimpleData>
            <SimpleData name="Modelo_imp">Modelo 3</SimpleData>
            <SimpleData name="Departamen">ITAPUA</SimpleData>
            <SimpleData name="Distrito">ALTO VERA</SimpleData>
            <SimpleData name="Localidad">COM INDIG MBERU - PIRAPO I</SimpleData>
            <SimpleData name="Teléfono">0983006917</SimpleData>
            <SimpleData name="Vivienda_L">-26.70365320000</SimpleData>
            <SimpleData name="Vivienda_1">-55.65691990000</SimpleData>
            <SimpleData name="Superficie">1.00000000000</SimpleData>
            <SimpleData name="Situaci_1">Par?metro</SimpleData>
            <SimpleData name="Plantado">SI</SimpleData>
            <SimpleData name="Fecha_Plan">2026/02/21</SimpleData>
            <SimpleData name="Jornales">0.00000000000</SimpleData>
            <SimpleData name="Monto">0.00000000000</SimpleData>
            <SimpleData name="Grupo_de_p">A-P2-XX-XX-XX</SimpleData>
            <SimpleData name="Estado_del">Activo</SimpleData>
            <SimpleData name="Empresa">Red Forestal Paraguay SA</SimpleData>
            <SimpleData name="Lote">A</SimpleData>
            <SimpleData name="Parametro">0.00000000000</SimpleData>
            <SimpleData name="Sup_SIG">1.12282052195</SimpleData>
            <SimpleData name="X">-55.65138877000</SimpleData>
            <SimpleData name="Y">-26.69571118000</SimpleData>
            <SimpleData name="cedula">7242175</SimpleData>
            <SimpleData name="Cédula_1">7242175.00000000000</SimpleData>
            <SimpleData name="Estado_d_1">Activo</SimpleData>
            <SimpleData name="OBJECTID_1">6971</SimpleData>
            <SimpleData name="Shape_Leng">432.70634393500</SimpleData>
            <SimpleData name="Shape_Area">11228.20521950000</SimpleData>
          </SchemaData>
        </ExtendedData>
        <Polygon>
          <outerBoundaryIs>
            <LinearRing>
              <coordinates>
                -55.6507450001304,-26.6957017002852,0
                -55.6512751001973,-26.6963861999439,0
                -55.6521250005367,-26.6959167001843,0
                -55.6513108996008,-26.6949155001571,0
                -55.6507450001304,-26.6957017002852,0
              </coordinates>
            </LinearRing>
          </outerBoundaryIs>
        </Polygon>
      </Placemark>
      <Placemark id="Lote_A.25">
        <ExtendedData>
          <SchemaData schemaUrl="#Lote_A.schema">
            <SimpleData name="Cédula">5831784.00000000000</SimpleData>
            <SimpleData name="Nombres_y_">MAGDALENA  ESCURRA RAMIREZ</SimpleData>
            <SimpleData name="Sexo">Mujer</SimpleData>
            <SimpleData name="Cambio_de_">NO</SimpleData>
            <SimpleData name="Titular_se">NO</SimpleData>
            <SimpleData name="ci_UNIF">5831784.00000000000</SimpleData>
            <SimpleData name="Situación">NO</SimpleData>
            <SimpleData name="Comunidad">Campesina</SimpleData>
            <SimpleData name="Modelo_imp">Modelo 1</SimpleData>
            <SimpleData name="Departamen">CAAZAPA</SimpleData>
            <SimpleData name="Distrito">TAVA?</SimpleData>
            <SimpleData name="Localidad">ENRAMADITA</SimpleData>
            <SimpleData name="Teléfono">986341215</SimpleData>
            <SimpleData name="Vivienda_L">-26.16706710000</SimpleData>
            <SimpleData name="Vivienda_1">-55.67608380000</SimpleData>
            <SimpleData name="Superficie">0.80000000000</SimpleData>
            <SimpleData name="Situaci_1">Pol?gono</SimpleData>
            <SimpleData name="Plantado">SI</SimpleData>
            <SimpleData name="Fecha_Plan">2025/10/12</SimpleData>
            <SimpleData name="Jornales">0.00000000000</SimpleData>
            <SimpleData name="Monto">0.00000000000</SimpleData>
            <SimpleData name="Grupo_de_p">A-P1-XX-XX-XX</SimpleData>
            <SimpleData name="Estado_del">Activo</SimpleData>
            <SimpleData name="Empresa">Red Forestal Paraguay SA</SimpleData>
            <SimpleData name="Lote">A</SimpleData>
            <SimpleData name="Parametro">0.00000000000</SimpleData>
            <SimpleData name="Sup_SIG">0.94393591520</SimpleData>
            <SimpleData name="X">-55.67258414000</SimpleData>
            <SimpleData name="Y">-26.14152579000</SimpleData>
            <SimpleData name="cedula">5831784</SimpleData>
            <SimpleData name="Cédula_1">5831784.00000000000</SimpleData>
            <SimpleData name="Estado_d_1">Activo</SimpleData>
            <SimpleData name="OBJECTID_1">7352</SimpleData>
            <SimpleData name="Shape_Leng">572.93413070600</SimpleData>
            <SimpleData name="Shape_Area">9439.35915204000</SimpleData>
          </SchemaData>
        </ExtendedData>
        <Polygon>
          <outerBoundaryIs>
            <LinearRing>
              <coordinates>
                -55.6714367003419,-26.1412450001404,0
                -55.6716449999474,-26.1417266997922,0
                -55.6726050003345,-26.1417733004815,0
                -55.6727966999964,-26.141609999876,0
                -55.6738967003673,-26.1417532998136,0
                -55.6739113004449,-26.1414501004476,0
                -55.6714367003419,-26.1412450001404,0
              </coordinates>
            </LinearRing>
          </outerBoundaryIs>
        </Polygon>
      </Placemark>
      <Placemark id="Lote_A.26">
        <ExtendedData>
          <SchemaData schemaUrl="#Lote_A.schema">
            <SimpleData name="Cédula">5748854.00000000000</SimpleData>
            <SimpleData name="Nombres_y_">ARTEMIO TORRES AVALOS</SimpleData>
            <SimpleData name="Sexo">Hombre</SimpleData>
            <SimpleData name="Cambio_de_">NO</SimpleData>
            <SimpleData name="Titular_se">NO</SimpleData>
            <SimpleData name="ci_UNIF">5748854.00000000000</SimpleData>
            <SimpleData name="Situación">NO</SimpleData>
            <SimpleData name="Comunidad">Campesina</SimpleData>
            <SimpleData name="Modelo_imp">Modelo 1</SimpleData>
            <SimpleData name="Departamen">CAAZAPA</SimpleData>
            <SimpleData name="Distrito">TAVA?</SimpleData>
            <SimpleData name="Localidad">8 DE DICIEMBRE</SimpleData>
            <SimpleData name="Teléfono">0994146958</SimpleData>
            <SimpleData name="Vivienda_L">-26.16606030000</SimpleData>
            <SimpleData name="Vivienda_1">-55.48105200000</SimpleData>
            <SimpleData name="Superficie">0.80000000000</SimpleData>
            <SimpleData name="Situaci_1">Pol?gono</SimpleData>
            <SimpleData name="Plantado">SI</SimpleData>
            <SimpleData name="Fecha_Plan">2025/11/05</SimpleData>
            <SimpleData name="Jornales">0.00000000000</SimpleData>
            <SimpleData name="Monto">0.00000000000</SimpleData>
            <SimpleData name="Grupo_de_p">A-P1-XX-XX-XX</SimpleData>
            <SimpleData name="Estado_del">Activo</SimpleData>
            <SimpleData name="Empresa">Red Forestal Paraguay SA</SimpleData>
            <SimpleData name="Lote">A</SimpleData>
            <SimpleData name="Parametro">0.00000000000</SimpleData>
            <SimpleData name="Sup_SIG">0.92045508368</SimpleData>
            <SimpleData name="X">-55.50708936000</SimpleData>
            <SimpleData name="Y">-26.16397143000</SimpleData>
            <SimpleData name="cedula">5748854</SimpleData>
            <SimpleData name="Cédula_1">5748854.00000000000</SimpleData>
            <SimpleData name="Estado_d_1">Activo</SimpleData>
            <SimpleData name="OBJECTID_1">5194</SimpleData>
            <SimpleData name="Shape_Leng">672.63666073900</SimpleData>
            <SimpleData name="Shape_Area">9204.55083678000</SimpleData>
          </SchemaData>
        </ExtendedData>
        <Polygon>
          <outerBoundaryIs>
            <LinearRing>
              <coordinates>
                -55.5060581001795,-26.1635771002208,0
                -55.5060220001388,-26.1642517001064,0
                -55.5072756004055,-26.1641846000663,0
                -55.5075887997484,-26.1638561995498,0
                -55.5078781996437,-26.163872699564,0
                -55.5078855994864,-26.1641361001003,0
                -55.508466400395,-26.1640672994017,0
                -55.5085443001642,-26.1637648003975,0
                -55.5062184002917,-26.1638313000833,0
                -55.5062480997154,-26.1636565002596,0
                -55.5060581001795,-26.1635771002208,0
              </coordinates>
            </LinearRing>
          </outerBoundaryIs>
        </Polygon>
      </Placemark>
      <Placemark id="Lote_A.27">
        <ExtendedData>
          <SchemaData schemaUrl="#Lote_A.schema">
            <SimpleData name="Cédula">5895651.00000000000</SimpleData>
            <SimpleData name="Nombres_y_">HUGO ALBERTO ORTIZ CUEVAS</SimpleData>
            <SimpleData name="Sexo">Hombre</SimpleData>
            <SimpleData name="Cambio_de_">NO</SimpleData>
            <SimpleData name="Titular_se">SERFILA CUEVAS VARGAS</SimpleData>
            <SimpleData name="Cédula_Ti">3766816</SimpleData>
            <SimpleData name="ci_UNIF">3766816.00000000000</SimpleData>
            <SimpleData name="Situación">Actualmente reside en otro distrito por motivos laborales</SimpleData>
            <SimpleData name="Comunidad">Campesina</SimpleData>
            <SimpleData name="Modelo_imp">Modelo 5</SimpleData>
            <SimpleData name="Departamen">CAAZAPA</SimpleData>
            <SimpleData name="Distrito">TAVA?</SimpleData>
            <SimpleData name="Localidad">ITA ANGUA</SimpleData>
            <SimpleData name="Teléfono">0986722474</SimpleData>
            <SimpleData name="Vivienda_L">-26.18816440000</SimpleData>
            <SimpleData name="Vivienda_1">-55.55717840000</SimpleData>
            <SimpleData name="Superficie">0.70000000000</SimpleData>
            <SimpleData name="Situaci_1">Par?metro</SimpleData>
            <SimpleData name="Plantado">SI</SimpleData>
            <SimpleData name="Fecha_Plan">2025/10/12</SimpleData>
            <SimpleData name="Jornales">0.00000000000</SimpleData>
            <SimpleData name="Monto">0.00000000000</SimpleData>
            <SimpleData name="Grupo_de_p">A-P2-XX-XX-XX</SimpleData>
            <SimpleData name="Estado_del">Activo</SimpleData>
            <SimpleData name="Empresa">Red Forestal Paraguay SA</SimpleData>
            <SimpleData name="Lote">A</SimpleData>
            <SimpleData name="Parametro">0.00000000000</SimpleData>
            <SimpleData name="Sup_SIG">0.74927599459</SimpleData>
            <SimpleData name="X">-55.55271537000</SimpleData>
            <SimpleData name="Y">-26.19539009000</SimpleData>
            <SimpleData name="cedula">5895651</SimpleData>
            <SimpleData name="Cédula_1">5895651.00000000000</SimpleData>
            <SimpleData name="Estado_d_1">Activo</SimpleData>
            <SimpleData name="OBJECTID_1">7834</SimpleData>
            <SimpleData name="Shape_Leng">409.66983940700</SimpleData>
            <SimpleData name="Shape_Area">7492.75994593000</SimpleData>
          </SchemaData>
        </ExtendedData>
        <Polygon>
          <outerBoundaryIs>
            <LinearRing>
              <coordinates>
                -55.5519471002344,-26.195090400437,0
                -55.5520601003092,-26.1955249999892,0
                -55.5529117000559,-26.1957183004943,0
                -55.5532349996305,-26.1956715005024,0
                -55.5533717005424,-26.195589999772,0
                -55.553374200454,-26.1955286003438,0
                -55.5534485997512,-26.1954838996835,0
                -55.5534482996929,-26.1951567003784,0
                -55.5530220998596,-26.1951797002802,0
                -55.552990599605,-26.1952411997722,0
                -55.5528353005312,-26.1952205001763,0
                -55.5525507996167,-26.1952801003182,0
                -55.5523496998465,-26.1950180998627,0
                -55.5519471002344,-26.195090400437,0
              </coordinates>
            </LinearRing>
          </outerBoundaryIs>
        </Polygon>
      </Placemark>
      <Placemark id="Lote_A.28">
        <ExtendedData>
          <SchemaData schemaUrl="#Lote_A.schema">
            <SimpleData name="Cédula">5668374.00000000000</SimpleData>
            <SimpleData name="Nombres_y_">SANNIE LUCIA LEIVA MOREL</SimpleData>
            <SimpleData name="Sexo">Mujer</SimpleData>
            <SimpleData name="Cambio_de_">NO</SimpleData>
            <SimpleData name="Titular_se">NO</SimpleData>
            <SimpleData name="ci_UNIF">5668374.00000000000</SimpleData>
            <SimpleData name="Situación">NO</SimpleData>
            <SimpleData name="Comunidad">Campesina</SimpleData>
            <SimpleData name="Modelo_imp">Modelo 1</SimpleData>
            <SimpleData name="Departamen">CAAZAPA</SimpleData>
            <SimpleData name="Distrito">TAVA?</SimpleData>
            <SimpleData name="Localidad">ITA ANGUA</SimpleData>
            <SimpleData name="Teléfono">0985342840</SimpleData>
            <SimpleData name="Vivienda_L">-26.18981920000</SimpleData>
            <SimpleData name="Vivienda_1">-55.55556990000</SimpleData>
            <SimpleData name="Superficie">0.80000000000</SimpleData>
            <SimpleData name="Situaci_1">Pol?gono</SimpleData>
            <SimpleData name="Plantado">SI</SimpleData>
            <SimpleData name="Fecha_Plan">2025/11/10</SimpleData>
            <SimpleData name="Jornales">0.00000000000</SimpleData>
            <SimpleData name="Monto">0.00000000000</SimpleData>
            <SimpleData name="Grupo_de_p">A-P1-XX-XX-XX</SimpleData>
            <SimpleData name="Estado_del">Activo</SimpleData>
            <SimpleData name="Empresa">Red Forestal Paraguay SA</SimpleData>
            <SimpleData name="Lote">A</SimpleData>
            <SimpleData name="Parametro">0.00000000000</SimpleData>
            <SimpleData name="Sup_SIG">0.82048221595</SimpleData>
            <SimpleData name="X">-55.56282896000</SimpleData>
            <SimpleData name="Y">-26.18985302000</SimpleData>
            <SimpleData name="cedula">5668374</SimpleData>
            <SimpleData name="Cédula_1">5668374.00000000000</SimpleData>
            <SimpleData name="Estado_d_1">Activo</SimpleData>
            <SimpleData name="OBJECTID_1">5204</SimpleData>
            <SimpleData name="Shape_Leng">387.36277854200</SimpleData>
            <SimpleData name="Shape_Area">8204.82215951000</SimpleData>
          </SchemaData>
        </ExtendedData>
        <Polygon>
          <outerBoundaryIs>
            <LinearRing>
              <coordinates>
                -55.5622339998365,-26.1895880001482,0
                -55.5621433001869,-26.1901778001896,0
                -55.5634366998676,-26.1901065999049,0
                -55.5635173998751,-26.1895379000593,0
                -55.5622339998365,-26.1895880001482,0
              </coordinates>
            </LinearRing>
          </outerBoundaryIs>
        </Polygon>
      </Placemark>
      <Placemark id="Lote_A.29">
        <ExtendedData>
          <SchemaData schemaUrl="#Lote_A.schema">
            <SimpleData name="Cédula">6830693.00000000000</SimpleData>
            <SimpleData name="Nombres_y_">ALICIA INCHAUSTI VERA</SimpleData>
            <SimpleData name="Sexo">Mujer</SimpleData>
            <SimpleData name="Cambio_de_">NO</SimpleData>
            <SimpleData name="Titular_se">NO</SimpleData>
            <SimpleData name="ci_UNIF">6830693.00000000000</SimpleData>
            <SimpleData name="Situación">NO</SimpleData>
            <SimpleData name="Comunidad">Campesina</SimpleData>
            <SimpleData name="Modelo_imp">Modelo 5</SimpleData>
            <SimpleData name="Departamen">CAAZAPA</SimpleData>
            <SimpleData name="Distrito">TAVA?</SimpleData>
            <SimpleData name="Localidad">SAN FRANCISCO</SimpleData>
            <SimpleData name="Teléfono">0985384893</SimpleData>
            <SimpleData name="Vivienda_L">-26.15142190000</SimpleData>
            <SimpleData name="Vivienda_1">-55.57522320000</SimpleData>
            <SimpleData name="Superficie">0.70000000000</SimpleData>
            <SimpleData name="Situaci_1">Pol?gono</SimpleData>
            <SimpleData name="Plantado">SI</SimpleData>
            <SimpleData name="Fecha_Plan">2025/10/12</SimpleData>
            <SimpleData name="Jornales">0.00000000000</SimpleData>
            <SimpleData name="Monto">0.00000000000</SimpleData>
            <SimpleData name="Grupo_de_p">A-P1-XX-XX-XX</SimpleData>
            <SimpleData name="Estado_del">Activo</SimpleData>
            <SimpleData name="Empresa">Red Forestal Paraguay SA</SimpleData>
            <SimpleData name="Lote">A</SimpleData>
            <SimpleData name="Parametro">0.00000000000</SimpleData>
            <SimpleData name="Sup_SIG">0.69693169747</SimpleData>
            <SimpleData name="X">-55.57553375000</SimpleData>
            <SimpleData name="Y">-26.15083548000</SimpleData>
            <SimpleData name="cedula">6830693</SimpleData>
            <SimpleData name="Cédula_1">6830693.00000000000</SimpleData>
            <SimpleData name="Estado_d_1">Activo</SimpleData>
            <SimpleData name="OBJECTID_1">6926</SimpleData>
            <SimpleData name="Shape_Leng">335.55677034700</SimpleData>
            <SimpleData name="Shape_Area">6969.31697468000</SimpleData>
          </SchemaData>
        </ExtendedData>
        <Polygon>
          <outerBoundaryIs>
            <LinearRing>
              <coordinates>
                -55.5754167005048,-26.1513800001658,0
                -55.5755416998515,-26.1514096999616,0
                -55.5758422003882,-26.1512471002318,0
                -55.5758716997353,-26.1503499997269,0
                -55.5753782997145,-26.1503233000987,0
                -55.5753550003266,-26.1504733001829,0
                -55.5751971003775,-26.1504984003421,0
                -55.5751250997454,-26.1509203000024,0
                -55.5754167005048,-26.1513800001658,0
              </coordinates>
            </LinearRing>
          </outerBoundaryIs>
        </Polygon>
      </Placemark>
      <Placemark id="Lote_A.30">
        <ExtendedData>
          <SchemaData schemaUrl="#Lote_A.schema">
            <SimpleData name="Cédula">5601438.00000000000</SimpleData>
            <SimpleData name="Nombres_y_">FRANCY RAMONA CESPEDES ACU A</SimpleData>
            <SimpleData name="Sexo">Mujer</SimpleData>
            <SimpleData name="Cambio_de_">NO</SimpleData>
            <SimpleData name="Titular_se">NO</SimpleData>
            <SimpleData name="ci_UNIF">5601438.00000000000</SimpleData>
            <SimpleData name="Situación">NO</SimpleData>
            <SimpleData name="Comunidad">Campesina</SimpleData>
            <SimpleData name="Modelo_imp">Modelo 5</SimpleData>
            <SimpleData name="Departamen">ITAPUA</SimpleData>
            <SimpleData name="Distrito">ALTO VERA</SimpleData>
            <SimpleData name="Localidad">SAN ROQUE GONZALEZ</SimpleData>
            <SimpleData name="Teléfono">986274531</SimpleData>
            <SimpleData name="Vivienda_L">-26.69097700000</SimpleData>
            <SimpleData name="Vivienda_1">-55.85236740000</SimpleData>
            <SimpleData name="Superficie">0.70000000000</SimpleData>
            <SimpleData name="Situaci_1">Parametro</SimpleData>
            <SimpleData name="Plantado">SI</SimpleData>
            <SimpleData name="Fecha_Plan">2026/01/29</SimpleData>
            <SimpleData name="Jornales">0.00000000000</SimpleData>
            <SimpleData name="Monto">0.00000000000</SimpleData>
            <SimpleData name="Grupo_de_p">A-P2-XX-XX-XX</SimpleData>
            <SimpleData name="Estado_del">Activo</SimpleData>
            <SimpleData name="Empresa">Red Forestal Paraguay SA</SimpleData>
            <SimpleData name="Lote">A</SimpleData>
            <SimpleData name="Parametro">0.00000000000</SimpleData>
            <SimpleData name="Sup_SIG">0.72698373544</SimpleData>
            <SimpleData name="X">-55.85036433000</SimpleData>
            <SimpleData name="Y">-26.68558308000</SimpleData>
            <SimpleData name="cedula">5601438</SimpleData>
            <SimpleData name="Cédula_1">5601438.00000000000</SimpleData>
            <SimpleData name="Estado_d_1">Activo</SimpleData>
            <SimpleData name="OBJECTID_1">7453</SimpleData>
            <SimpleData name="Shape_Leng">396.75761794300</SimpleData>
            <SimpleData name="Shape_Area">7269.83735435000</SimpleData>
          </SchemaData>
        </ExtendedData>
        <Polygon>
          <outerBoundaryIs>
            <LinearRing>
              <coordinates>
                -55.8496319005591,-26.6857520999436,0
                -55.8498348994736,-26.6861520002855,0
                -55.8511033001946,-26.685414999357,0
                -55.8508764000473,-26.685016900671,0
                -55.8496319005591,-26.6857520999436,0
              </coordinates>
            </LinearRing>
          </outerBoundaryIs>
        </Polygon>
      </Placemark>
      <Placemark id="Lote_A.31">
        <ExtendedData>
          <SchemaData schemaUrl="#Lote_A.schema">
            <SimpleData name="Cédula">6764474.00000000000</SimpleData>
            <SimpleData name="Nombres_y_">ELENO BENITEZ CABRERA</SimpleData>
            <SimpleData name="Sexo">Hombre</SimpleData>
            <SimpleData name="Cambio_de_">NO</SimpleData>
            <SimpleData name="Titular_se">NO</SimpleData>
            <SimpleData name="ci_UNIF">6764474.00000000000</SimpleData>
            <SimpleData name="Situación">NO</SimpleData>
            <SimpleData name="Comunidad">Ind?gena</SimpleData>
            <SimpleData name="Modelo_imp">Modelo 3</SimpleData>
            <SimpleData name="Departamen">ITAPUA</SimpleData>
            <SimpleData name="Distrito">ALTO VERA</SimpleData>
            <SimpleData name="Localidad">COM INDIG MBERU - PIRAPO I</SimpleData>
            <SimpleData name="Teléfono">0984235644</SimpleData>
            <SimpleData name="Vivienda_L">-26.70255290000</SimpleData>
            <SimpleData name="Vivienda_1">-55.65499770000</SimpleData>
            <SimpleData name="Superficie">1.00000000000</SimpleData>
            <SimpleData name="Situaci_1">Par?metro</SimpleData>
            <SimpleData name="Plantado">SI</SimpleData>
            <SimpleData name="Fecha_Plan">2025/11/06</SimpleData>
            <SimpleData name="Jornales">0.00000000000</SimpleData>
            <SimpleData name="Monto">0.00000000000</SimpleData>
            <SimpleData name="Grupo_de_p">A-P2-XX-XX-XX</SimpleData>
            <SimpleData name="Estado_del">Activo</SimpleData>
            <SimpleData name="Empresa">Red Forestal Paraguay SA</SimpleData>
            <SimpleData name="Lote">A</SimpleData>
            <SimpleData name="Parametro">0.00000000000</SimpleData>
            <SimpleData name="Sup_SIG">1.06491247070</SimpleData>
            <SimpleData name="X">-55.64743087000</SimpleData>
            <SimpleData name="Y">-26.69412729000</SimpleData>
            <SimpleData name="cedula">6764474</SimpleData>
            <SimpleData name="Cédula_1">6764474.00000000000</SimpleData>
            <SimpleData name="Estado_d_1">Activo</SimpleData>
            <SimpleData name="OBJECTID_1">8661</SimpleData>
            <SimpleData name="Shape_Leng">416.42513789800</SimpleData>
            <SimpleData name="Shape_Area">10649.12470700000</SimpleData>
          </SchemaData>
        </ExtendedData>
        <Polygon>
          <outerBoundaryIs>
            <LinearRing>
              <coordinates>
                -55.6467701998225,-26.6942334999425,0
                -55.6475830302071,-26.6948231754778,0
                -55.647825075041,-26.6944698391815,0
                -55.6480989025505,-26.6940701014199,0
                -55.6480818214826,-26.6940562621363,0
                -55.6472802084749,-26.6934067891315,0
                -55.6472796281833,-26.6934063114654,0
                -55.6467701998225,-26.6942334999425,0
              </coordinates>
            </LinearRing>
          </outerBoundaryIs>
        </Polygon>
      </Placemark>
      <Placemark id="Lote_A.32">
        <ExtendedData>
          <SchemaData schemaUrl="#Lote_A.schema">
            <SimpleData name="Cédula">8537017.00000000000</SimpleData>
            <SimpleData name="Nombres_y_">ZUNILDA BRAVO REYES</SimpleData>
            <SimpleData name="Sexo">Mujer</SimpleData>
            <SimpleData name="Cambio_de_">NO</SimpleData>
            <SimpleData name="Titular_se">NO</SimpleData>
            <SimpleData name="ci_UNIF">8537017.00000000000</SimpleData>
            <SimpleData name="Situación">NO</SimpleData>
            <SimpleData name="Comunidad">Campesina</SimpleData>
            <SimpleData name="Modelo_imp">Modelo 5</SimpleData>
            <SimpleData name="Departamen">ITAPUA</SimpleData>
            <SimpleData name="Distrito">ALTO VERA</SimpleData>
            <SimpleData name="Localidad">SAN ROQUE GONZALEZ</SimpleData>
            <SimpleData name="Teléfono">0986287233</SimpleData>
            <SimpleData name="Vivienda_L">-26.69435440000</SimpleData>
            <SimpleData name="Vivienda_1">-55.86769590000</SimpleData>
            <SimpleData name="Superficie">0.70000000000</SimpleData>
            <SimpleData name="Situaci_1">Parametro</SimpleData>
            <SimpleData name="Plantado">SI</SimpleData>
            <SimpleData name="Fecha_Plan">2026/01/21</SimpleData>
            <SimpleData name="Jornales">0.00000000000</SimpleData>
            <SimpleData name="Monto">0.00000000000</SimpleData>
            <SimpleData name="Grupo_de_p">A-P2-XX-XX-XX</SimpleData>
            <SimpleData name="Estado_del">Activo</SimpleData>
            <SimpleData name="Empresa">Red Forestal Paraguay SA</SimpleData>
            <SimpleData name="Lote">A</SimpleData>
            <SimpleData name="Parametro">0.00000000000</SimpleData>
            <SimpleData name="Sup_SIG">0.70824977526</SimpleData>
            <SimpleData name="X">-55.86980378000</SimpleData>
            <SimpleData name="Y">-26.69163700000</SimpleData>
            <SimpleData name="cedula">8537017</SimpleData>
            <SimpleData name="Cédula_1">8537017.00000000000</SimpleData>
            <SimpleData name="Estado_d_1">Activo</SimpleData>
            <SimpleData name="OBJECTID_1">7447</SimpleData>
            <SimpleData name="Shape_Leng">609.92615352400</SimpleData>
            <SimpleData name="Shape_Area">7082.49775258000</SimpleData>
          </SchemaData>
        </ExtendedData>
        <MultiGeometry>
          <Polygon>
            <outerBoundaryIs>
              <LinearRing>
                <coordinates>
                  -55.8692280996285,-26.692440699556,0
                  -55.8695660001109,-26.6918916995933,0
                  -55.8693951002028,-26.6918130001475,0
                  -55.8689996997605,-26.6923209999424,0
                  -55.8692280996285,-26.692440699556,0
                </coordinates>
              </LinearRing>
            </outerBoundaryIs>
          </Polygon>
          <Polygon>
            <outerBoundaryIs>
              <LinearRing>
                <coordinates>
                  -55.8702029001525,-26.6917140002357,0
                  -55.8696378001113,-26.6914645999509,0
                  -55.8694399997549,-26.6917588000644,0
                  -55.8699837002025,-26.692015499648,0
                  -55.8702029001525,-26.6917140002357,0
                </coordinates>
              </LinearRing>
            </outerBoundaryIs>
          </Polygon>
          <Polygon>
            <outerBoundaryIs>
              <LinearRing>
                <coordinates>
                  -55.8704545997979,-26.6912025001793,0
                  -55.8699182997865,-26.6909916997758,0
                  -55.8696513995681,-26.6914532996167,0
                  -55.8701985996746,-26.6916083996668,0
                  -55.8704545997979,-26.6912025001793,0
                </coordinates>
              </LinearRing>
            </outerBoundaryIs>
          </Polygon>
        </MultiGeometry>
      </Placemark>
      <Placemark id="Lote_A.33">
        <ExtendedData>
          <SchemaData schemaUrl="#Lote_A.schema">
            <SimpleData name="Cédula">2907706.00000000000</SimpleData>
            <SimpleData name="Nombres_y_">CECILIA CHAMORRO DE ESCOBAR</SimpleData>
            <SimpleData name="Sexo">Mujer</SimpleData>
            <SimpleData name="Cambio_de_">NO</SimpleData>
            <SimpleData name="Titular_se">NO</SimpleData>
            <SimpleData name="ci_UNIF">2907706.00000000000</SimpleData>
            <SimpleData name="Situación">NO</SimpleData>
            <SimpleData name="Comunidad">Campesina</SimpleData>
            <SimpleData name="Modelo_imp">Modelo 1</SimpleData>
            <SimpleData name="Departamen">CAAZAPA</SimpleData>
            <SimpleData name="Distrito">TAVA?</SimpleData>
            <SimpleData name="Localidad">ITA ANGUA</SimpleData>
            <SimpleData name="Teléfono">0982682888</SimpleData>
            <SimpleData name="Vivienda_L">-26.17810160000</SimpleData>
            <SimpleData name="Vivienda_1">-55.56343650000</SimpleData>
            <SimpleData name="Superficie">0.80000000000</SimpleData>
            <SimpleData name="Situaci_1">Pol?gono</SimpleData>
            <SimpleData name="Plantado">SI</SimpleData>
            <SimpleData name="Fecha_Plan">2025/10/27</SimpleData>
            <SimpleData name="Jornales">0.00000000000</SimpleData>
            <SimpleData name="Monto">0.00000000000</SimpleData>
            <SimpleData name="Grupo_de_p">A-P1-XX-XX-XX</SimpleData>
            <SimpleData name="Estado_del">Activo</SimpleData>
            <SimpleData name="Empresa">Red Forestal Paraguay SA</SimpleData>
            <SimpleData name="Lote">A</SimpleData>
            <SimpleData name="Parametro">0.00000000000</SimpleData>
            <SimpleData name="Sup_SIG">0.97645414891</SimpleData>
            <SimpleData name="X">-55.55981701000</SimpleData>
            <SimpleData name="Y">-26.16499516000</SimpleData>
            <SimpleData name="cedula">2907706</SimpleData>
            <SimpleData name="Cédula_1">2907706.00000000000</SimpleData>
            <SimpleData name="Estado_d_1">Activo</SimpleData>
            <SimpleData name="OBJECTID_1">6713</SimpleData>
            <SimpleData name="Shape_Leng">500.66336490400</SimpleData>
            <SimpleData name="Shape_Area">9764.54148912000</SimpleData>
          </SchemaData>
        </ExtendedData>
        <Polygon>
          <outerBoundaryIs>
            <LinearRing>
              <coordinates>
                -55.5590900005232,-26.164696100379,0
                -55.5592764000103,-26.1654977004668,0
                -55.5607811000888,-26.165027699867,0
                -55.5607368999971,-26.1646690001461,0
                -55.5598064996567,-26.1649249999023,0
                -55.5597530005569,-26.1645251002064,0
                -55.5590900005232,-26.164696100379,0
              </coordinates>
            </LinearRing>
          </outerBoundaryIs>
        </Polygon>
      </Placemark>
      <Placemark id="Lote_A.34">
        <ExtendedData>
          <SchemaData schemaUrl="#Lote_A.schema">
            <SimpleData name="Cédula">3940372.00000000000</SimpleData>
            <SimpleData name="Nombres_y_">ERESMILDA  VERA DE CORONIL</SimpleData>
            <SimpleData name="Sexo">Mujer</SimpleData>
            <SimpleData name="Cambio_de_">NO</SimpleData>
            <SimpleData name="Titular_se">NO</SimpleData>
            <SimpleData name="ci_UNIF">3940372.00000000000</SimpleData>
            <SimpleData name="Situación">NO</SimpleData>
            <SimpleData name="Comunidad">Campesina</SimpleData>
            <SimpleData name="Modelo_imp">Modelo 5</SimpleData>
            <SimpleData name="Departamen">CAAZAPA</SimpleData>
            <SimpleData name="Distrito">TAVA?</SimpleData>
            <SimpleData name="Localidad">?U KA?Y</SimpleData>
            <SimpleData name="Teléfono">983325675</SimpleData>
            <SimpleData name="Vivienda_L">-26.25322610000</SimpleData>
            <SimpleData name="Vivienda_1">-55.57199700000</SimpleData>
            <SimpleData name="Superficie">0.70000000000</SimpleData>
            <SimpleData name="Situaci_1">Pol?gono</SimpleData>
            <SimpleData name="Plantado">SI</SimpleData>
            <SimpleData name="Fecha_Plan">2025/10/22</SimpleData>
            <SimpleData name="Jornales">0.00000000000</SimpleData>
            <SimpleData name="Monto">0.00000000000</SimpleData>
            <SimpleData name="Grupo_de_p">A-P1-XX-XX-XX</SimpleData>
            <SimpleData name="Estado_del">Activo</SimpleData>
            <SimpleData name="Empresa">Red Forestal Paraguay SA</SimpleData>
            <SimpleData name="Lote">A</SimpleData>
            <SimpleData name="Parametro">0.00000000000</SimpleData>
            <SimpleData name="Sup_SIG">0.70254533865</SimpleData>
            <SimpleData name="X">-55.57220059000</SimpleData>
            <SimpleData name="Y">-26.25337299000</SimpleData>
            <SimpleData name="cedula">3940372</SimpleData>
            <SimpleData name="Cédula_1">3940372.00000000000</SimpleData>
            <SimpleData name="Estado_d_1">Activo</SimpleData>
            <SimpleData name="OBJECTID_1">7374</SimpleData>
            <SimpleData name="Shape_Leng">607.33711095600</SimpleData>
            <SimpleData name="Shape_Area">7025.45338649000</SimpleData>
          </SchemaData>
        </ExtendedData>
        <MultiGeometry>
          <Polygon>
            <outerBoundaryIs>
              <LinearRing>
                <coordinates>
                  -55.5720582999433,-26.2539300004845,0
                  -55.572775751348,-26.2538455232171,0
                  -55.5726258004906,-26.2534978998046,0
                  -55.5720083004354,-26.2535000000952,0
                  -55.5720582999433,-26.2539300004845,0
                </coordinates>
              </LinearRing>
            </outerBoundaryIs>
          </Polygon>
          <Polygon>
            <outerBoundaryIs>
              <LinearRing>
                <coordinates>
                  -55.5726349004125,-26.2533615996574,0
                  -55.572469999808,-26.2529382998172,0
                  -55.5721834002708,-26.2528883996029,0
                  -55.5720767004395,-26.2533149994977,0
                  -55.5720866999888,-26.2534317004961,0
                  -55.5726349004125,-26.2533615996574,0
                </coordinates>
              </LinearRing>
            </outerBoundaryIs>
          </Polygon>
          <Polygon>
            <outerBoundaryIs>
              <LinearRing>
                <coordinates>
                  -55.5718649992654,-26.2534049999719,0
                  -55.5718901995402,-26.253158400053,0
                  -55.5719983003771,-26.2528632999944,0
                  -55.5715935990979,-26.2528134999192,0
                  -55.5716749997622,-26.2534133001923,0
                  -55.5718649992654,-26.2534049999719,0
                </coordinates>
              </LinearRing>
            </outerBoundaryIs>
          </Polygon>
        </MultiGeometry>
      </Placemark>
      <Placemark id="Lote_A.35">
        <ExtendedData>
          <SchemaData schemaUrl="#Lote_A.schema">
            <SimpleData name="Cédula">7552055.00000000000</SimpleData>
            <SimpleData name="Nombres_y_">WALTER BACILIO  ESCOBAR SEGOVIA</SimpleData>
            <SimpleData name="Sexo">Hombre</SimpleData>
            <SimpleData name="Cambio_de_">NO</SimpleData>
            <SimpleData name="Titular_se">NO</SimpleData>
            <SimpleData name="ci_UNIF">7552055.00000000000</SimpleData>
            <SimpleData name="Situación">NO</SimpleData>
            <SimpleData name="Comunidad">Campesina</SimpleData>
            <SimpleData name="Modelo_imp">Modelo 5</SimpleData>
            <SimpleData name="Departamen">CAAZAPA</SimpleData>
            <SimpleData name="Distrito">TAVA?</SimpleData>
            <SimpleData name="Localidad">ITA ANGUA</SimpleData>
            <SimpleData name="Teléfono">971289938</SimpleData>
            <SimpleData name="Vivienda_L">-26.17323430000</SimpleData>
            <SimpleData name="Vivienda_1">-55.56333110000</SimpleData>
            <SimpleData name="Superficie">0.70000000000</SimpleData>
            <SimpleData name="Situaci_1">Pol?gono</SimpleData>
            <SimpleData name="Plantado">SI</SimpleData>
            <SimpleData name="Fecha_Plan">2025/10/03</SimpleData>
            <SimpleData name="Jornales">0.00000000000</SimpleData>
            <SimpleData name="Monto">0.00000000000</SimpleData>
            <SimpleData name="Grupo_de_p">A-P1-XX-XX-XX</SimpleData>
            <SimpleData name="Estado_del">Activo</SimpleData>
            <SimpleData name="Empresa">Red Forestal Paraguay SA</SimpleData>
            <SimpleData name="Lote">A</SimpleData>
            <SimpleData name="Parametro">0.00000000000</SimpleData>
            <SimpleData name="Sup_SIG">0.72512312989</SimpleData>
            <SimpleData name="X">-55.56241289000</SimpleData>
            <SimpleData name="Y">-26.16781927000</SimpleData>
            <SimpleData name="cedula">7552055</SimpleData>
            <SimpleData name="Cédula_1">7552055.00000000000</SimpleData>
            <SimpleData name="Estado_d_1">Activo</SimpleData>
            <SimpleData name="OBJECTID_1">6285</SimpleData>
            <SimpleData name="Shape_Leng">453.72147490100</SimpleData>
            <SimpleData name="Shape_Area">7251.23129889000</SimpleData>
          </SchemaData>
        </ExtendedData>
        <MultiGeometry>
          <Polygon>
            <outerBoundaryIs>
              <LinearRing>
                <coordinates>
                  -55.5636819996796,-26.1736935998232,0
                  -55.5641483004545,-26.1736150000338,0
                  -55.5640983001833,-26.1734182996687,0
                  -55.5636517003148,-26.1734817006603,0
                  -55.5636819996796,-26.1736935998232,0
                </coordinates>
              </LinearRing>
            </outerBoundaryIs>
          </Polygon>
          <Polygon>
            <outerBoundaryIs>
              <LinearRing>
                <coordinates>
                  -55.5621450005555,-26.1682617002185,0
                  -55.5628816997642,-26.1680982998109,0
                  -55.5626616998946,-26.1673650001828,0
                  -55.5619532995088,-26.1675467002103,0
                  -55.5621450005555,-26.1682617002185,0
                </coordinates>
              </LinearRing>
            </outerBoundaryIs>
          </Polygon>
        </MultiGeometry>
      </Placemark>
      <Placemark id="Lote_A.36">
        <ExtendedData>
          <SchemaData schemaUrl="#Lote_A.schema">
            <SimpleData name="Cédula">7124446.00000000000</SimpleData>
            <SimpleData name="Nombres_y_">REINA GRACIELA CUEVAS VARGAS</SimpleData>
            <SimpleData name="Sexo">Mujer</SimpleData>
            <SimpleData name="Cambio_de_">NO</SimpleData>
            <SimpleData name="Titular_se">NO</SimpleData>
            <SimpleData name="ci_UNIF">7124446.00000000000</SimpleData>
            <SimpleData name="Situación">NO</SimpleData>
            <SimpleData name="Comunidad">Campesina</SimpleData>
            <SimpleData name="Modelo_imp">Modelo 5</SimpleData>
            <SimpleData name="Departamen">CAAZAPA</SimpleData>
            <SimpleData name="Distrito">TAVA?</SimpleData>
            <SimpleData name="Localidad">ITA ANGUA</SimpleData>
            <SimpleData name="Teléfono">984139005</SimpleData>
            <SimpleData name="Vivienda_L">-26.17980130000</SimpleData>
            <SimpleData name="Vivienda_1">-55.56644280000</SimpleData>
            <SimpleData name="Superficie">0.70000000000</SimpleData>
            <SimpleData name="Situaci_1">Pol?gono</SimpleData>
            <SimpleData name="Plantado">SI</SimpleData>
            <SimpleData name="Fecha_Plan">2025/10/03</SimpleData>
            <SimpleData name="Jornales">0.00000000000</SimpleData>
            <SimpleData name="Monto">0.00000000000</SimpleData>
            <SimpleData name="Grupo_de_p">A-P2-XX-XX-XX</SimpleData>
            <SimpleData name="Estado_del">Activo</SimpleData>
            <SimpleData name="Empresa">Red Forestal Paraguay SA</SimpleData>
            <SimpleData name="Lote">A</SimpleData>
            <SimpleData name="Parametro">0.00000000000</SimpleData>
            <SimpleData name="Sup_SIG">0.96846681171</SimpleData>
            <SimpleData name="X">-55.56321763000</SimpleData>
            <SimpleData name="Y">-26.18374101000</SimpleData>
            <SimpleData name="cedula">7124446</SimpleData>
            <SimpleData name="Cédula_1">7124446.00000000000</SimpleData>
            <SimpleData name="Estado_d_1">Activo</SimpleData>
            <SimpleData name="OBJECTID_1">7359</SimpleData>
            <SimpleData name="Shape_Leng">621.19996538600</SimpleData>
            <SimpleData name="Shape_Area">9684.66811705000</SimpleData>
          </SchemaData>
        </ExtendedData>
        <MultiGeometry>
          <Polygon>
            <outerBoundaryIs>
              <LinearRing>
                <coordinates>
                  -55.5630066997003,-26.1841883005114,0
                  -55.5632542998736,-26.1841017004112,0
                  -55.5636928004355,-26.1836566999934,0
                  -55.5635638995688,-26.1834522000024,0
                  -55.5632894001211,-26.1832222004027,0
                  -55.5629860999485,-26.1836449998173,0
                  -55.5627012001907,-26.1838921001757,0
                  -55.5630066997003,-26.1841883005114,0
                </coordinates>
              </LinearRing>
            </outerBoundaryIs>
          </Polygon>
          <Polygon>
            <outerBoundaryIs>
              <LinearRing>
                <coordinates>
                  -55.564351700295,-26.183829600212,0
                  -55.5649517005301,-26.1827725001234,0
                  -55.5646923999697,-26.1826541004206,0
                  -55.5640310996523,-26.1835865002211,0
                  -55.564351700295,-26.183829600212,0
                </coordinates>
              </LinearRing>
            </outerBoundaryIs>
          </Polygon>
        </MultiGeometry>
      </Placemark>
      <Placemark id="Lote_A.37">
        <ExtendedData>
          <SchemaData schemaUrl="#Lote_A.schema">
            <SimpleData name="Cédula">5599382.00000000000</SimpleData>
            <SimpleData name="Nombres_y_">SALUSTIANA MARTINEZ CASTILLO</SimpleData>
            <SimpleData name="Sexo">Mujer</SimpleData>
            <SimpleData name="Cambio_de_">NO</SimpleData>
            <SimpleData name="Titular_se">NO</SimpleData>
            <SimpleData name="ci_UNIF">5599382.00000000000</SimpleData>
            <SimpleData name="Situación">NO</SimpleData>
            <SimpleData name="Comunidad">Ind?gena</SimpleData>
            <SimpleData name="Modelo_imp">Modelo 3</SimpleData>
            <SimpleData name="Departamen">ITAPUA</SimpleData>
            <SimpleData name="Distrito">ALTO VERA</SimpleData>
            <SimpleData name="Localidad">COM INDIG MBERU - PIRAPO I</SimpleData>
            <SimpleData name="Teléfono">0983368446</SimpleData>
            <SimpleData name="Vivienda_L">-26.70079490000</SimpleData>
            <SimpleData name="Vivienda_1">-55.66237030000</SimpleData>
            <SimpleData name="Superficie">1.00000000000</SimpleData>
            <SimpleData name="Situaci_1">Pol?gono</SimpleData>
            <SimpleData name="Plantado">SI</SimpleData>
            <SimpleData name="Fecha_Plan">2025/11/06</SimpleData>
            <SimpleData name="Jornales">0.00000000000</SimpleData>
            <SimpleData name="Monto">0.00000000000</SimpleData>
            <SimpleData name="Grupo_de_p">A-P2-XX-XX-XX</SimpleData>
            <SimpleData name="Estado_del">Activo</SimpleData>
            <SimpleData name="Empresa">Red Forestal Paraguay SA</SimpleData>
            <SimpleData name="Lote">A</SimpleData>
            <SimpleData name="Parametro">0.00000000000</SimpleData>
            <SimpleData name="Sup_SIG">1.03911245555</SimpleData>
            <SimpleData name="X">-55.64923597000</SimpleData>
            <SimpleData name="Y">-26.69115516000</SimpleData>
            <SimpleData name="cedula">5599382</SimpleData>
            <SimpleData name="Cédula_1">5599382.00000000000</SimpleData>
            <SimpleData name="Estado_d_1">Activo</SimpleData>
            <SimpleData name="OBJECTID_1">8652</SimpleData>
            <SimpleData name="Shape_Leng">416.92899113400</SimpleData>
            <SimpleData name="Shape_Area">10391.12455550000</SimpleData>
          </SchemaData>
        </ExtendedData>
        <Polygon>
          <outerBoundaryIs>
            <LinearRing>
              <coordinates>
                -55.6486017000054,-26.6912116996754,0
                -55.6494282996056,-26.6918766999398,0
                -55.6498707002597,-26.6911408002457,0
                -55.6490584999459,-26.6904117000106,0
                -55.6486017000054,-26.6912116996754,0
              </coordinates>
            </LinearRing>
          </outerBoundaryIs>
        </Polygon>
      </Placemark>
      <Placemark id="Lote_A.38">
        <ExtendedData>
          <SchemaData schemaUrl="#Lote_A.schema">
            <SimpleData name="Cédula">2633983.00000000000</SimpleData>
            <SimpleData name="Nombres_y_">MARIA NELLY FLORES VEGA</SimpleData>
            <SimpleData name="Sexo">Mujer</SimpleData>
            <SimpleData name="Cambio_de_">NO</SimpleData>
            <SimpleData name="Titular_se">NO</SimpleData>
            <SimpleData name="ci_UNIF">2633983.00000000000</SimpleData>
            <SimpleData name="Situación">NO</SimpleData>
            <SimpleData name="Comunidad">Campesina</SimpleData>
            <SimpleData name="Modelo_imp">Modelo 1</SimpleData>
            <SimpleData name="Departamen">CAAZAPA</SimpleData>
            <SimpleData name="Distrito">TAVA?</SimpleData>
            <SimpleData name="Localidad">YVYHATY</SimpleData>
            <SimpleData name="Teléfono">982444553</SimpleData>
            <SimpleData name="Vivienda_L">-26.19618370000</SimpleData>
            <SimpleData name="Vivienda_1">-55.59712500000</SimpleData>
            <SimpleData name="Superficie">0.80000000000</SimpleData>
            <SimpleData name="Situaci_1">Pol?gono</SimpleData>
            <SimpleData name="Plantado">SI</SimpleData>
            <SimpleData name="Fecha_Plan">2025/11/10</SimpleData>
            <SimpleData name="Jornales">0.00000000000</SimpleData>
            <SimpleData name="Monto">0.00000000000</SimpleData>
            <SimpleData name="Grupo_de_p">A-P1-XX-XX-XX</SimpleData>
            <SimpleData name="Estado_del">Activo</SimpleData>
            <SimpleData name="Empresa">Red Forestal Paraguay SA</SimpleData>
            <SimpleData name="Lote">A</SimpleData>
            <SimpleData name="Parametro">0.00000000000</SimpleData>
            <SimpleData name="Sup_SIG">0.86569320707</SimpleData>
            <SimpleData name="X">-55.56941790000</SimpleData>
            <SimpleData name="Y">-26.19458881000</SimpleData>
            <SimpleData name="cedula">2633983</SimpleData>
            <SimpleData name="Cédula_1">2633983.00000000000</SimpleData>
            <SimpleData name="Estado_d_1">Activo</SimpleData>
            <SimpleData name="OBJECTID_1">6279</SimpleData>
            <SimpleData name="Shape_Leng">554.31663632800</SimpleData>
            <SimpleData name="Shape_Area">8656.93207068000</SimpleData>
          </SchemaData>
        </ExtendedData>
        <MultiGeometry>
          <Polygon>
            <outerBoundaryIs>
              <LinearRing>
                <coordinates>
                  -55.5689969998086,-26.1950847996981,0
                  -55.5699192006199,-26.1949624998974,0
                  -55.5698828005562,-26.1946802006611,0
                  -55.568984800797,-26.1947820997079,0
                  -55.5689969998086,-26.1950847996981,0
                </coordinates>
              </LinearRing>
            </outerBoundaryIs>
          </Polygon>
          <Polygon>
            <outerBoundaryIs>
              <LinearRing>
                <coordinates>
                  -55.5689681992877,-26.1947554999938,0
                  -55.5698962002601,-26.1946759002869,0
                  -55.5698560999301,-26.194300199629,0
                  -55.5698199995957,-26.1941383001749,0
                  -55.5689500994946,-26.1941651001784,0
                  -55.5689681992877,-26.1947554999938,0
                </coordinates>
              </LinearRing>
            </outerBoundaryIs>
          </Polygon>
        </MultiGeometry>
      </Placemark>
      <Placemark id="Lote_A.39">
        <ExtendedData>
          <SchemaData schemaUrl="#Lote_A.schema">
            <SimpleData name="Cédula">2652069.00000000000</SimpleData>
            <SimpleData name="Nombres_y_">ELVA ESTHER DUARTE DE ZARACHO</SimpleData>
            <SimpleData name="Sexo">Mujer</SimpleData>
            <SimpleData name="Cambio_de_">NO</SimpleData>
            <SimpleData name="Titular_se">NO</SimpleData>
            <SimpleData name="ci_UNIF">2652069.00000000000</SimpleData>
            <SimpleData name="Situación">NO</SimpleData>
            <SimpleData name="Comunidad">Campesina</SimpleData>
            <SimpleData name="Modelo_imp">Modelo 1</SimpleData>
            <SimpleData name="Departamen">CAAZAPA</SimpleData>
            <SimpleData name="Distrito">TAVA?</SimpleData>
            <SimpleData name="Localidad">ENRAMADITA</SimpleData>
            <SimpleData name="Teléfono">0985988515</SimpleData>
            <SimpleData name="Vivienda_L">-26.16986300000</SimpleData>
            <SimpleData name="Vivienda_1">-55.67788960000</SimpleData>
            <SimpleData name="Superficie">0.80000000000</SimpleData>
            <SimpleData name="Situaci_1">Pol?gono</SimpleData>
            <SimpleData name="Plantado">SI</SimpleData>
            <SimpleData name="Fecha_Plan">2025/09/25</SimpleData>
            <SimpleData name="Jornales">0.00000000000</SimpleData>
            <SimpleData name="Monto">0.00000000000</SimpleData>
            <SimpleData name="Grupo_de_p">A-P1-XX-XX-XX</SimpleData>
            <SimpleData name="Estado_del">Activo</SimpleData>
            <SimpleData name="Empresa">Red Forestal Paraguay SA</SimpleData>
            <SimpleData name="Lote">A</SimpleData>
            <SimpleData name="Parametro">0.00000000000</SimpleData>
            <SimpleData name="Sup_SIG">0.85008776791</SimpleData>
            <SimpleData name="X">-55.67202827000</SimpleData>
            <SimpleData name="Y">-26.16474543000</SimpleData>
            <SimpleData name="cedula">2652069</SimpleData>
            <SimpleData name="Cédula_1">2652069.00000000000</SimpleData>
            <SimpleData name="Estado_d_1">Activo</SimpleData>
            <SimpleData name="OBJECTID_1">5047</SimpleData>
            <SimpleData name="Shape_Leng">375.94726185900</SimpleData>
            <SimpleData name="Shape_Area">8500.87767910000</SimpleData>
          </SchemaData>
        </ExtendedData>
        <Polygon>
          <outerBoundaryIs>
            <LinearRing>
              <coordinates>
                -55.6716517996503,-26.1642521002987,0
                -55.671647699912,-26.1652748998735,0
                -55.6724208006596,-26.1652195004786,0
                -55.6723989998064,-26.1642232998543,0
                -55.6716517996503,-26.1642521002987,0
              </coordinates>
            </LinearRing>
          </outerBoundaryIs>
        </Polygon>
      </Placemark>
      <Placemark id="Lote_A.40">
        <ExtendedData>
          <SchemaData schemaUrl="#Lote_A.schema">
            <SimpleData name="Cédula">6827440.00000000000</SimpleData>
            <SimpleData name="Nombres_y_">AMALIA CONCEPCION  BENITEZ GONZALEZ</SimpleData>
            <SimpleData name="Sexo">Mujer</SimpleData>
            <SimpleData name="Cambio_de_">SI</SimpleData>
            <SimpleData name="Titular_se">BLANCA NIMIA BENITEZ GONZ?LEZ</SimpleData>
            <SimpleData name="Cédula_Ti">1539394</SimpleData>
            <SimpleData name="ci_UNIF">1539394.00000000000</SimpleData>
            <SimpleData name="Situación">NO</SimpleData>
            <SimpleData name="Comunidad">Campesina</SimpleData>
            <SimpleData name="Modelo_imp">Modelo 1</SimpleData>
            <SimpleData name="Departamen">CAAZAPA</SimpleData>
            <SimpleData name="Distrito">TAVA?</SimpleData>
            <SimpleData name="Localidad">VIRGEN DEL CARMEN</SimpleData>
            <SimpleData name="Teléfono">983787123</SimpleData>
            <SimpleData name="Vivienda_L">-26.23974830000</SimpleData>
            <SimpleData name="Vivienda_1">-55.68095500000</SimpleData>
            <SimpleData name="Superficie">0.80000000000</SimpleData>
            <SimpleData name="Situaci_1">Pol?gono</SimpleData>
            <SimpleData name="Plantado">SI</SimpleData>
            <SimpleData name="Fecha_Plan">2025/09/24</SimpleData>
            <SimpleData name="Jornales">0.00000000000</SimpleData>
            <SimpleData name="Monto">0.00000000000</SimpleData>
            <SimpleData name="Grupo_de_p">A-P2-XX-XX-XX</SimpleData>
            <SimpleData name="Estado_del">Activo</SimpleData>
            <SimpleData name="Empresa">Red Forestal Paraguay SA</SimpleData>
            <SimpleData name="Lote">A</SimpleData>
            <SimpleData name="Parametro">0.00000000000</SimpleData>
            <SimpleData name="Sup_SIG">0.82475065439</SimpleData>
            <SimpleData name="X">-55.68116440000</SimpleData>
            <SimpleData name="Y">-26.24024554000</SimpleData>
            <SimpleData name="cedula">6827440</SimpleData>
            <SimpleData name="Cédula_1">6827440.00000000000</SimpleData>
            <SimpleData name="Estado_d_1">Activo</SimpleData>
            <SimpleData name="OBJECTID_1">7847</SimpleData>
            <SimpleData name="Shape_Leng">420.46059975500</SimpleData>
            <SimpleData name="Shape_Area">8247.50654393000</SimpleData>
          </SchemaData>
        </ExtendedData>
        <Polygon>
          <outerBoundaryIs>
            <LinearRing>
              <coordinates>
                -55.6811872001854,-26.2404448998779,0
                -55.6816783002431,-26.2407650002799,0
                -55.6819850003675,-26.2404749997376,0
                -55.6819983000132,-26.2403733001875,0
                -55.6806611000402,-26.2397143997529,0
                -55.680370000301,-26.2402617005093,0
                -55.6806699997635,-26.2403751996796,0
                -55.6811872001854,-26.2404448998779,0
              </coordinates>
            </LinearRing>
          </outerBoundaryIs>
        </Polygon>
      </Placemark>
      <Placemark id="Lote_A.41">
        <ExtendedData>
          <SchemaData schemaUrl="#Lote_A.schema">
            <SimpleData name="Cédula">7445311.00000000000</SimpleData>
            <SimpleData name="Nombres_y_">MIRTHA NELLY GARCIA BARRETO</SimpleData>
            <SimpleData name="Sexo">Mujer</SimpleData>
            <SimpleData name="Cambio_de_">NO</SimpleData>
            <SimpleData name="Titular_se">NO</SimpleData>
            <SimpleData name="ci_UNIF">7445311.00000000000</SimpleData>
            <SimpleData name="Situación">NO</SimpleData>
            <SimpleData name="Comunidad">Campesina</SimpleData>
            <SimpleData name="Modelo_imp">Modelo 1</SimpleData>
            <SimpleData name="Departamen">CAAZAPA</SimpleData>
            <SimpleData name="Distrito">TAVA?</SimpleData>
            <SimpleData name="Localidad">ITA ANGUA</SimpleData>
            <SimpleData name="Teléfono">0984853124</SimpleData>
            <SimpleData name="Vivienda_L">-26.18801180000</SimpleData>
            <SimpleData name="Vivienda_1">-55.55657760000</SimpleData>
            <SimpleData name="Superficie">0.80000000000</SimpleData>
            <SimpleData name="Situaci_1">Par?metro</SimpleData>
            <SimpleData name="Plantado">SI</SimpleData>
            <SimpleData name="Fecha_Plan">2025/10/16</SimpleData>
            <SimpleData name="Jornales">0.00000000000</SimpleData>
            <SimpleData name="Monto">0.00000000000</SimpleData>
            <SimpleData name="Grupo_de_p">A-P2-XX-XX-XX</SimpleData>
            <SimpleData name="Estado_del">Activo</SimpleData>
            <SimpleData name="Empresa">Red Forestal Paraguay SA</SimpleData>
            <SimpleData name="Lote">A</SimpleData>
            <SimpleData name="Parametro">0.00000000000</SimpleData>
            <SimpleData name="Sup_SIG">1.08318006823</SimpleData>
            <SimpleData name="X">-55.56255686000</SimpleData>
            <SimpleData name="Y">-26.18817686000</SimpleData>
            <SimpleData name="cedula">7445311</SimpleData>
            <SimpleData name="Cédula_1">7445311.00000000000</SimpleData>
            <SimpleData name="Estado_d_1">Activo</SimpleData>
            <SimpleData name="OBJECTID_1">5207</SimpleData>
            <SimpleData name="Shape_Leng">542.61076746100</SimpleData>
            <SimpleData name="Shape_Area">10831.80068230000</SimpleData>
          </SchemaData>
        </ExtendedData>
        <Polygon>
          <outerBoundaryIs>
            <LinearRing>
              <coordinates>
                -55.5616296997244,-26.1877797003135,0
                -55.561454100106,-26.1883037001095,0
                -55.5620243004869,-26.188373799934,0
                -55.5620858001293,-26.1882792003088,0
                -55.5635899996206,-26.1885848998664,0
                -55.5636626996173,-26.1881250999642,0
                -55.5616296997244,-26.1877797003135,0
              </coordinates>
            </LinearRing>
          </outerBoundaryIs>
        </Polygon>
      </Placemark>
      <Placemark id="Lote_A.42">
        <ExtendedData>
          <SchemaData schemaUrl="#Lote_A.schema">
            <SimpleData name="Cédula">4778726.00000000000</SimpleData>
            <SimpleData name="Nombres_y_">GRACIELA  ORTIZ FERREIRA</SimpleData>
            <SimpleData name="Sexo">Mujer</SimpleData>
            <SimpleData name="Cambio_de_">NO</SimpleData>
            <SimpleData name="Titular_se">NO</SimpleData>
            <SimpleData name="ci_UNIF">4778726.00000000000</SimpleData>
            <SimpleData name="Situación">NO</SimpleData>
            <SimpleData name="Comunidad">Campesina</SimpleData>
            <SimpleData name="Modelo_imp">Modelo 1</SimpleData>
            <SimpleData name="Departamen">CAAZAPA</SimpleData>
            <SimpleData name="Distrito">TAVA?</SimpleData>
            <SimpleData name="Localidad">ENRAMADITA</SimpleData>
            <SimpleData name="Teléfono">983350694</SimpleData>
            <SimpleData name="Vivienda_L">-26.17407920000</SimpleData>
            <SimpleData name="Vivienda_1">-55.69942530000</SimpleData>
            <SimpleData name="Superficie">0.80000000000</SimpleData>
            <SimpleData name="Situaci_1">Par?metro</SimpleData>
            <SimpleData name="Plantado">SI</SimpleData>
            <SimpleData name="Fecha_Plan">2026/01/05</SimpleData>
            <SimpleData name="Jornales">0.00000000000</SimpleData>
            <SimpleData name="Monto">0.00000000000</SimpleData>
            <SimpleData name="Grupo_de_p">A-P2-XX-XX-XX</SimpleData>
            <SimpleData name="Estado_del">Activo</SimpleData>
            <SimpleData name="Empresa">Red Forestal Paraguay SA</SimpleData>
            <SimpleData name="Lote">A</SimpleData>
            <SimpleData name="Parametro">0.00000000000</SimpleData>
            <SimpleData name="Sup_SIG">0.99483918666</SimpleData>
            <SimpleData name="X">-55.72812183000</SimpleData>
            <SimpleData name="Y">-26.30563263000</SimpleData>
            <SimpleData name="cedula">4778726</SimpleData>
            <SimpleData name="Cédula_1">4778726.00000000000</SimpleData>
            <SimpleData name="Estado_d_1">Activo</SimpleData>
            <SimpleData name="OBJECTID_1">8549</SimpleData>
            <SimpleData name="Shape_Leng">457.51688042800</SimpleData>
            <SimpleData name="Shape_Area">9948.39186664000</SimpleData>
          </SchemaData>
        </ExtendedData>
        <Polygon>
          <outerBoundaryIs>
            <LinearRing>
              <coordinates>
                -55.7272732998551,-26.3056867001672,0
                -55.7275699996664,-26.3062599999308,0
                -55.7290716998164,-26.3053950000731,0
                -55.7289399995257,-26.3051432999578,0
                -55.7285482995067,-26.3051799996427,0
                -55.7283332995284,-26.3052349995688,0
                -55.7272732998551,-26.3056867001672,0
              </coordinates>
            </LinearRing>
          </outerBoundaryIs>
        </Polygon>
      </Placemark>
      <Placemark id="Lote_A.43">
        <ExtendedData>
          <SchemaData schemaUrl="#Lote_A.schema">
            <SimpleData name="Cédula">6781967.00000000000</SimpleData>
            <SimpleData name="Nombres_y_">FRANCISCA AVALOS ROTELA</SimpleData>
            <SimpleData name="Sexo">Mujer</SimpleData>
            <SimpleData name="Cambio_de_">NO</SimpleData>
            <SimpleData name="Titular_se">NO</SimpleData>
            <SimpleData name="ci_UNIF">6781967.00000000000</SimpleData>
            <SimpleData name="Situación">NO</SimpleData>
            <SimpleData name="Comunidad">Campesina</SimpleData>
            <SimpleData name="Modelo_imp">Modelo 1</SimpleData>
            <SimpleData name="Departamen">CAAZAPA</SimpleData>
            <SimpleData name="Distrito">TAVA?</SimpleData>
            <SimpleData name="Localidad">ENRAMADITA</SimpleData>
            <SimpleData name="Teléfono">0986342998</SimpleData>
            <SimpleData name="Vivienda_L">-26.16633190000</SimpleData>
            <SimpleData name="Vivienda_1">-55.67371350000</SimpleData>
            <SimpleData name="Superficie">0.80000000000</SimpleData>
            <SimpleData name="Situaci_1">Pol?gono</SimpleData>
            <SimpleData name="Plantado">SI</SimpleData>
            <SimpleData name="Fecha_Plan">2025/09/26</SimpleData>
            <SimpleData name="Jornales">0.00000000000</SimpleData>
            <SimpleData name="Monto">0.00000000000</SimpleData>
            <SimpleData name="Grupo_de_p">A-P1-XX-XX-XX</SimpleData>
            <SimpleData name="Estado_del">Activo</SimpleData>
            <SimpleData name="Empresa">Red Forestal Paraguay SA</SimpleData>
            <SimpleData name="Lote">A</SimpleData>
            <SimpleData name="Parametro">0.00000000000</SimpleData>
            <SimpleData name="Sup_SIG">0.87057971371</SimpleData>
            <SimpleData name="X">-55.67241898000</SimpleData>
            <SimpleData name="Y">-26.13883901000</SimpleData>
            <SimpleData name="cedula">6781967</SimpleData>
            <SimpleData name="Cédula_1">6781967.00000000000</SimpleData>
            <SimpleData name="Estado_d_1">Activo</SimpleData>
            <SimpleData name="OBJECTID_1">6932</SimpleData>
            <SimpleData name="Shape_Leng">375.36802057400</SimpleData>
            <SimpleData name="Shape_Area">8705.79713710000</SimpleData>
          </SchemaData>
        </ExtendedData>
        <Polygon>
          <outerBoundaryIs>
            <LinearRing>
              <coordinates>
                -55.6717817000821,-26.1391220002092,0
                -55.672773499571,-26.1393052000204,0
                -55.6730417002927,-26.1385532999861,0
                -55.6720859000273,-26.1383678004801,0
                -55.6717817000821,-26.1391220002092,0
              </coordinates>
            </LinearRing>
          </outerBoundaryIs>
        </Polygon>
      </Placemark>
      <Placemark id="Lote_A.44">
        <ExtendedData>
          <SchemaData schemaUrl="#Lote_A.schema">
            <SimpleData name="Cédula">5651595.00000000000</SimpleData>
            <SimpleData name="Nombres_y_">NILDA DAIANA VENIALGO</SimpleData>
            <SimpleData name="Sexo">Mujer</SimpleData>
            <SimpleData name="Cambio_de_">NO</SimpleData>
            <SimpleData name="Titular_se">NO</SimpleData>
            <SimpleData name="ci_UNIF">5651595.00000000000</SimpleData>
            <SimpleData name="Situación">NO</SimpleData>
            <SimpleData name="Comunidad">Campesina</SimpleData>
            <SimpleData name="Modelo_imp">Modelo 5</SimpleData>
            <SimpleData name="Departamen">ITAPUA</SimpleData>
            <SimpleData name="Distrito">ALTO VERA</SimpleData>
            <SimpleData name="Localidad">SAN ROQUE GONZALEZ</SimpleData>
            <SimpleData name="Teléfono">0982046677</SimpleData>
            <SimpleData name="Vivienda_L">-26.69327580000</SimpleData>
            <SimpleData name="Vivienda_1">-55.84351880000</SimpleData>
            <SimpleData name="Superficie">0.70000000000</SimpleData>
            <SimpleData name="Situaci_1">Par?metro</SimpleData>
            <SimpleData name="Plantado">SI</SimpleData>
            <SimpleData name="Fecha_Plan">2026/01/09</SimpleData>
            <SimpleData name="Jornales">0.00000000000</SimpleData>
            <SimpleData name="Monto">0.00000000000</SimpleData>
            <SimpleData name="Grupo_de_p">A-P2-XX-XX-XX</SimpleData>
            <SimpleData name="Estado_del">Activo</SimpleData>
            <SimpleData name="Empresa">Red Forestal Paraguay SA</SimpleData>
            <SimpleData name="Lote">A</SimpleData>
            <SimpleData name="Parametro">0.00000000000</SimpleData>
            <SimpleData name="Sup_SIG">0.75819931039</SimpleData>
            <SimpleData name="X">-55.84331185000</SimpleData>
            <SimpleData name="Y">-26.69265227000</SimpleData>
            <SimpleData name="cedula">5651595</SimpleData>
            <SimpleData name="Cédula_1">5651595.00000000000</SimpleData>
            <SimpleData name="Estado_d_1">Activo</SimpleData>
            <SimpleData name="OBJECTID_1">6910</SimpleData>
            <SimpleData name="Shape_Leng">591.69895299900</SimpleData>
            <SimpleData name="Shape_Area">7581.99310385000</SimpleData>
          </SchemaData>
        </ExtendedData>
        <MultiGeometry>
          <Polygon>
            <outerBoundaryIs>
              <LinearRing>
                <coordinates>
                  -55.8427451006513,-26.6927619010963,0
                  -55.8430367004678,-26.6932534009888,0
                  -55.8432599999622,-26.6930798998868,0
                  -55.8432875001192,-26.6928581003226,0
                  -55.8433772002989,-26.6927571003878,0
                  -55.843697000277,-26.69294630075,0
                  -55.8439105999175,-26.6927325003589,0
                  -55.8438960003529,-26.6925855005177,0
                  -55.8435902004369,-26.6921489007621,0
                  -55.8427451006513,-26.6927619010963,0
                </coordinates>
              </LinearRing>
            </outerBoundaryIs>
          </Polygon>
          <Polygon>
            <outerBoundaryIs>
              <LinearRing>
                <coordinates>
                  -55.8427344000013,-26.6927362008741,0
                  -55.8434606001772,-26.692198100662,0
                  -55.8434075999353,-26.6921134008593,0
                  -55.842670100472,-26.6926633011379,0
                  -55.8427344000013,-26.6927362008741,0
                </coordinates>
              </LinearRing>
            </outerBoundaryIs>
          </Polygon>
        </MultiGeometry>
      </Placemark>
      <Placemark id="Lote_A.45">
        <ExtendedData>
          <SchemaData schemaUrl="#Lote_A.schema">
            <SimpleData name="Cédula">7311473.00000000000</SimpleData>
            <SimpleData name="Nombres_y_">VERONICA BRIZUELA MARTINEZ</SimpleData>
            <SimpleData name="Sexo">Mujer</SimpleData>
            <SimpleData name="Cambio_de_">NO</SimpleData>
            <SimpleData name="Titular_se">NO</SimpleData>
            <SimpleData name="ci_UNIF">7311473.00000000000</SimpleData>
            <SimpleData name="Situación">NO</SimpleData>
            <SimpleData name="Comunidad">Ind?gena</SimpleData>
            <SimpleData name="Modelo_imp">Modelo 3</SimpleData>
            <SimpleData name="Departamen">ITAPUA</SimpleData>
            <SimpleData name="Distrito">ALTO VERA</SimpleData>
            <SimpleData name="Localidad">COM INDIG MBERU - PIRAPO I</SimpleData>
            <SimpleData name="Teléfono">0986261717</SimpleData>
            <SimpleData name="Vivienda_L">-26.70464130000</SimpleData>
            <SimpleData name="Vivienda_1">-55.66162110000</SimpleData>
            <SimpleData name="Superficie">1.00000000000</SimpleData>
            <SimpleData name="Situaci_1">Par?metro</SimpleData>
            <SimpleData name="Plantado">SI</SimpleData>
            <SimpleData name="Fecha_Plan">2025/11/06</SimpleData>
            <SimpleData name="Jornales">0.00000000000</SimpleData>
            <SimpleData name="Monto">0.00000000000</SimpleData>
            <SimpleData name="Grupo_de_p">A-P2-XX-XX-XX</SimpleData>
            <SimpleData name="Estado_del">Activo</SimpleData>
            <SimpleData name="Empresa">Red Forestal Paraguay SA</SimpleData>
            <SimpleData name="Lote">A</SimpleData>
            <SimpleData name="Parametro">0.00000000000</SimpleData>
            <SimpleData name="Sup_SIG">1.04434983989</SimpleData>
            <SimpleData name="X">-55.64956527000</SimpleData>
            <SimpleData name="Y">-26.69451476000</SimpleData>
            <SimpleData name="cedula">7311473</SimpleData>
            <SimpleData name="Cédula_1">7311473.00000000000</SimpleData>
            <SimpleData name="Estado_d_1">Activo</SimpleData>
            <SimpleData name="OBJECTID_1">8660</SimpleData>
            <SimpleData name="Shape_Leng">421.07297134100</SimpleData>
            <SimpleData name="Shape_Area">10443.49839890000</SimpleData>
          </SchemaData>
        </ExtendedData>
        <Polygon>
          <outerBoundaryIs>
            <LinearRing>
              <coordinates>
                -55.6489611220251,-26.6946186761319,0
                -55.6489883000355,-26.6946383005178,0
                -55.6489788879156,-26.6946479209028,0
                -55.6497179002438,-26.6952127001514,0
                -55.6502194001621,-26.694584100329,0
                -55.6493841996229,-26.69372479979,0
                -55.6489611220251,-26.6946186761319,0
              </coordinates>
            </LinearRing>
          </outerBoundaryIs>
        </Polygon>
      </Placemark>
      <Placemark id="Lote_A.46">
        <ExtendedData>
          <SchemaData schemaUrl="#Lote_A.schema">
            <SimpleData name="Cédula">5748908.00000000000</SimpleData>
            <SimpleData name="Nombres_y_">LEONARDO TROCHE VERA</SimpleData>
            <SimpleData name="Sexo">Hombre</SimpleData>
            <SimpleData name="Cambio_de_">NO</SimpleData>
            <SimpleData name="Titular_se">NO</SimpleData>
            <SimpleData name="ci_UNIF">5748908.00000000000</SimpleData>
            <SimpleData name="Situación">NO</SimpleData>
            <SimpleData name="Comunidad">Campesina</SimpleData>
            <SimpleData name="Modelo_imp">Modelo 1</SimpleData>
            <SimpleData name="Departamen">CAAZAPA</SimpleData>
            <SimpleData name="Distrito">TAVA?</SimpleData>
            <SimpleData name="Localidad">SAN AGUSTIN</SimpleData>
            <SimpleData name="Teléfono">0983211668</SimpleData>
            <SimpleData name="Vivienda_L">-26.15863090000</SimpleData>
            <SimpleData name="Vivienda_1">-55.59286900000</SimpleData>
            <SimpleData name="Superficie">0.80000000000</SimpleData>
            <SimpleData name="Situaci_1">Pol?gono</SimpleData>
            <SimpleData name="Plantado">SI</SimpleData>
            <SimpleData name="Fecha_Plan">2025/10/24</SimpleData>
            <SimpleData name="Jornales">0.00000000000</SimpleData>
            <SimpleData name="Monto">0.00000000000</SimpleData>
            <SimpleData name="Grupo_de_p">A-P1-XX-XX-XX</SimpleData>
            <SimpleData name="Estado_del">Activo</SimpleData>
            <SimpleData name="Empresa">Red Forestal Paraguay SA</SimpleData>
            <SimpleData name="Lote">A</SimpleData>
            <SimpleData name="Parametro">0.00000000000</SimpleData>
            <SimpleData name="Sup_SIG">0.87935112286</SimpleData>
            <SimpleData name="X">-55.59409931000</SimpleData>
            <SimpleData name="Y">-26.16340408000</SimpleData>
            <SimpleData name="cedula">5748908</SimpleData>
            <SimpleData name="Cédula_1">5748908.00000000000</SimpleData>
            <SimpleData name="Estado_d_1">Activo</SimpleData>
            <SimpleData name="OBJECTID_1">6929</SimpleData>
            <SimpleData name="Shape_Leng">377.81562668500</SimpleData>
            <SimpleData name="Shape_Area">8793.51122858000</SimpleData>
          </SchemaData>
        </ExtendedData>
        <Polygon>
          <outerBoundaryIs>
            <LinearRing>
              <coordinates>
                -55.5936477995134,-26.1637933007386,0
                -55.5945710002479,-26.163893299479,0
                -55.5945323000553,-26.1630237001078,0
                -55.5936591002077,-26.1628910994973,0
                -55.5936477995134,-26.1637933007386,0
              </coordinates>
            </LinearRing>
          </outerBoundaryIs>
        </Polygon>
      </Placemark>
      <Placemark id="Lote_A.47">
        <ExtendedData>
          <SchemaData schemaUrl="#Lote_A.schema">
            <SimpleData name="Cédula">6886608.00000000000</SimpleData>
            <SimpleData name="Nombres_y_">BLANCA ROSA IBARRA FERNANDEZ</SimpleData>
            <SimpleData name="Sexo">Mujer</SimpleData>
            <SimpleData name="Cambio_de_">SI</SimpleData>
            <SimpleData name="Titular_se">ROSARINA FERN?NDEZ DE IBARRA</SimpleData>
            <SimpleData name="Cédula_Ti">3504570</SimpleData>
            <SimpleData name="ci_UNIF">3504570.00000000000</SimpleData>
            <SimpleData name="Situación">NA</SimpleData>
            <SimpleData name="Comunidad">Campesina</SimpleData>
            <SimpleData name="Modelo_imp">Modelo 5</SimpleData>
            <SimpleData name="Departamen">CAAZAPA</SimpleData>
            <SimpleData name="Distrito">TAVA?</SimpleData>
            <SimpleData name="Localidad">TORO BLANCO</SimpleData>
            <SimpleData name="Teléfono">0984621242</SimpleData>
            <SimpleData name="Vivienda_L">-26.25444950000</SimpleData>
            <SimpleData name="Vivienda_1">-55.69907390000</SimpleData>
            <SimpleData name="Superficie">0.70000000000</SimpleData>
            <SimpleData name="Situaci_1">Pol?gono</SimpleData>
            <SimpleData name="Plantado">SI</SimpleData>
            <SimpleData name="Fecha_Plan">2025/10/08</SimpleData>
            <SimpleData name="Jornales">0.00000000000</SimpleData>
            <SimpleData name="Monto">0.00000000000</SimpleData>
            <SimpleData name="Grupo_de_p">A-P2-XX-XX-XX</SimpleData>
            <SimpleData name="Estado_del">Activo</SimpleData>
            <SimpleData name="Empresa">Red Forestal Paraguay SA</SimpleData>
            <SimpleData name="Lote">A</SimpleData>
            <SimpleData name="Parametro">0.00000000000</SimpleData>
            <SimpleData name="Sup_SIG">0.77798481375</SimpleData>
            <SimpleData name="X">-55.69747953000</SimpleData>
            <SimpleData name="Y">-26.25446902000</SimpleData>
            <SimpleData name="cedula">6886608</SimpleData>
            <SimpleData name="Cédula_1">6886608.00000000000</SimpleData>
            <SimpleData name="Estado_d_1">Activo</SimpleData>
            <SimpleData name="OBJECTID_1">7835</SimpleData>
            <SimpleData name="Shape_Leng">411.14357332700</SimpleData>
            <SimpleData name="Shape_Area">7779.84813751000</SimpleData>
          </SchemaData>
        </ExtendedData>
        <Polygon>
          <outerBoundaryIs>
            <LinearRing>
              <coordinates>
                -55.6969817001574,-26.2541117004568,0
                -55.6966783000948,-26.2547500001853,0
                -55.6983117003743,-26.2546516997982,0
                -55.6983466997871,-26.2543700004055,0
                -55.6969817001574,-26.2541117004568,0
              </coordinates>
            </LinearRing>
          </outerBoundaryIs>
        </Polygon>
      </Placemark>
      <Placemark id="Lote_A.48">
        <ExtendedData>
          <SchemaData schemaUrl="#Lote_A.schema">
            <SimpleData name="Cédula">5078380.00000000000</SimpleData>
            <SimpleData name="Nombres_y_">MAGNO JAVIER ACOSTA VERA</SimpleData>
            <SimpleData name="Sexo">Hombre</SimpleData>
            <SimpleData name="Cambio_de_">NO</SimpleData>
            <SimpleData name="Titular_se">NO</SimpleData>
            <SimpleData name="ci_UNIF">5078380.00000000000</SimpleData>
            <SimpleData name="Situación">NO</SimpleData>
            <SimpleData name="Comunidad">Campesina</SimpleData>
            <SimpleData name="Modelo_imp">Modelo 1</SimpleData>
            <SimpleData name="Departamen">CAAZAPA</SimpleData>
            <SimpleData name="Distrito">TAVA?</SimpleData>
            <SimpleData name="Localidad">TORO BLANCO</SimpleData>
            <SimpleData name="Teléfono">0984957624</SimpleData>
            <SimpleData name="Vivienda_L">-26.23464260000</SimpleData>
            <SimpleData name="Vivienda_1">-55.68552560000</SimpleData>
            <SimpleData name="Superficie">0.90000000000</SimpleData>
            <SimpleData name="Situaci_1">Pol?gono</SimpleData>
            <SimpleData name="Plantado">SI</SimpleData>
            <SimpleData name="Fecha_Plan">2025/11/11</SimpleData>
            <SimpleData name="Jornales">0.00000000000</SimpleData>
            <SimpleData name="Monto">0.00000000000</SimpleData>
            <SimpleData name="Grupo_de_p">A-P1-XX-XX-XX</SimpleData>
            <SimpleData name="Estado_del">Activo</SimpleData>
            <SimpleData name="Empresa">Red Forestal Paraguay SA</SimpleData>
            <SimpleData name="Lote">A</SimpleData>
            <SimpleData name="Parametro">0.00000000000</SimpleData>
            <SimpleData name="Sup_SIG">0.91496374065</SimpleData>
            <SimpleData name="X">-55.67152141000</SimpleData>
            <SimpleData name="Y">-26.23780095000</SimpleData>
            <SimpleData name="cedula">5078380</SimpleData>
            <SimpleData name="Cédula_1">5078380.00000000000</SimpleData>
            <SimpleData name="Estado_d_1">Activo</SimpleData>
            <SimpleData name="OBJECTID_1">6847</SimpleData>
            <SimpleData name="Shape_Leng">381.58757362600</SimpleData>
            <SimpleData name="Shape_Area">9149.63740645000</SimpleData>
          </SchemaData>
        </ExtendedData>
        <Polygon>
          <outerBoundaryIs>
            <LinearRing>
              <coordinates>
                -55.6710961001673,-26.2373488999888,0
                -55.6710349995515,-26.238268300029,0
                -55.672106699877,-26.2381800004255,0
                -55.6719333003098,-26.2375932999524,0
                -55.6718970998733,-26.2374154002544,0
                -55.6717182004667,-26.2372946003073,0
                -55.6710961001673,-26.2373488999888,0
              </coordinates>
            </LinearRing>
          </outerBoundaryIs>
        </Polygon>
      </Placemark>
      <Placemark id="Lote_A.49">
        <ExtendedData>
          <SchemaData schemaUrl="#Lote_A.schema">
            <SimpleData name="Cédula">3262711.00000000000</SimpleData>
            <SimpleData name="Nombres_y_">SILVIO CHAMORRO AVALOS</SimpleData>
            <SimpleData name="Sexo">Hombre</SimpleData>
            <SimpleData name="Cambio_de_">NO</SimpleData>
            <SimpleData name="Titular_se">NO</SimpleData>
            <SimpleData name="ci_UNIF">3262711.00000000000</SimpleData>
            <SimpleData name="Situación">NO</SimpleData>
            <SimpleData name="Comunidad">Campesina</SimpleData>
            <SimpleData name="Modelo_imp">Modelo 1</SimpleData>
            <SimpleData name="Departamen">CAAZAPA</SimpleData>
            <SimpleData name="Distrito">TAVA?</SimpleData>
            <SimpleData name="Localidad">TORANZO 2</SimpleData>
            <SimpleData name="Teléfono">0983158813</SimpleData>
            <SimpleData name="Vivienda_L">-26.15396690000</SimpleData>
            <SimpleData name="Vivienda_1">-55.47431410000</SimpleData>
            <SimpleData name="Superficie">0.80000000000</SimpleData>
            <SimpleData name="Situaci_1">Pol?gono</SimpleData>
            <SimpleData name="Plantado">SI</SimpleData>
            <SimpleData name="Fecha_Plan">2025/11/06</SimpleData>
            <SimpleData name="Jornales">0.00000000000</SimpleData>
            <SimpleData name="Monto">0.00000000000</SimpleData>
            <SimpleData name="Grupo_de_p">A-P1-XX-XX-XX</SimpleData>
            <SimpleData name="Estado_del">Activo</SimpleData>
            <SimpleData name="Empresa">Red Forestal Paraguay SA</SimpleData>
            <SimpleData name="Lote">A</SimpleData>
            <SimpleData name="Parametro">0.00000000000</SimpleData>
            <SimpleData name="Sup_SIG">0.84199410957</SimpleData>
            <SimpleData name="X">-55.46302469000</SimpleData>
            <SimpleData name="Y">-26.14409591000</SimpleData>
            <SimpleData name="cedula">3262711</SimpleData>
            <SimpleData name="Cédula_1">3262711.00000000000</SimpleData>
            <SimpleData name="Estado_d_1">Activo</SimpleData>
            <SimpleData name="OBJECTID_1">5213</SimpleData>
            <SimpleData name="Shape_Leng">577.41366706300</SimpleData>
            <SimpleData name="Shape_Area">8419.94109567000</SimpleData>
          </SchemaData>
        </ExtendedData>
        <MultiGeometry>
          <Polygon>
            <outerBoundaryIs>
              <LinearRing>
                <coordinates>
                  -55.4604571001586,-26.1443080995282,0
                  -55.4615217002748,-26.1442532993462,0
                  -55.4614499998368,-26.1439349994307,0
                  -55.4606417999383,-26.1439276000078,0
                  -55.4604305001676,-26.1439470007941,0
                  -55.4604571001586,-26.1443080995282,0
                </coordinates>
              </LinearRing>
            </outerBoundaryIs>
          </Polygon>
          <Polygon>
            <outerBoundaryIs>
              <LinearRing>
                <coordinates>
                  -55.4629211998045,-26.14431789973,0
                  -55.4636401995863,-26.144193999665,0
                  -55.4636138997504,-26.1440073002271,0
                  -55.4634460998756,-26.1439045004238,0
                  -55.4624580998284,-26.1439307999636,0
                  -55.4624843002706,-26.1442473002497,0
                  -55.4629211998045,-26.14431789973,0
                </coordinates>
              </LinearRing>
            </outerBoundaryIs>
          </Polygon>
        </MultiGeometry>
      </Placemark>
      <Placemark id="Lote_A.50">
        <ExtendedData>
          <SchemaData schemaUrl="#Lote_A.schema">
            <SimpleData name="Cédula">7102731.00000000000</SimpleData>
            <SimpleData name="Nombres_y_">MARIZA MEDINA FRANCO</SimpleData>
            <SimpleData name="Sexo">Mujer</SimpleData>
            <SimpleData name="Cambio_de_">NO</SimpleData>
            <SimpleData name="Titular_se">NO</SimpleData>
            <SimpleData name="ci_UNIF">7102731.00000000000</SimpleData>
            <SimpleData name="Situación">NO</SimpleData>
            <SimpleData name="Comunidad">Ind?gena</SimpleData>
            <SimpleData name="Modelo_imp">Modelo 3</SimpleData>
            <SimpleData name="Departamen">ITAPUA</SimpleData>
            <SimpleData name="Distrito">ALTO VERA</SimpleData>
            <SimpleData name="Localidad">COM INDIG MBERU - PIRAPO I</SimpleData>
            <SimpleData name="Teléfono">0985225108</SimpleData>
            <SimpleData name="Vivienda_L">-26.70454500000</SimpleData>
            <SimpleData name="Vivienda_1">-55.65958170000</SimpleData>
            <SimpleData name="Superficie">1.00000000000</SimpleData>
            <SimpleData name="Situaci_1">Pol?gono</SimpleData>
            <SimpleData name="Plantado">SI</SimpleData>
            <SimpleData name="Fecha_Plan">2025/11/06</SimpleData>
            <SimpleData name="Jornales">0.00000000000</SimpleData>
            <SimpleData name="Monto">0.00000000000</SimpleData>
            <SimpleData name="Grupo_de_p">A-P2-XX-XX-XX</SimpleData>
            <SimpleData name="Estado_del">Activo</SimpleData>
            <SimpleData name="Empresa">Red Forestal Paraguay SA</SimpleData>
            <SimpleData name="Lote">A</SimpleData>
            <SimpleData name="Parametro">0.00000000000</SimpleData>
            <SimpleData name="Sup_SIG">1.02200901148</SimpleData>
            <SimpleData name="X">-55.64846622000</SimpleData>
            <SimpleData name="Y">-26.69607696000</SimpleData>
            <SimpleData name="cedula">7102731</SimpleData>
            <SimpleData name="Cédula_1">7102731.00000000000</SimpleData>
            <SimpleData name="Estado_d_1">Activo</SimpleData>
            <SimpleData name="OBJECTID_1">8668</SimpleData>
            <SimpleData name="Shape_Leng">410.08484975300</SimpleData>
            <SimpleData name="Shape_Area">10220.09011480000</SimpleData>
          </SchemaData>
        </ExtendedData>
        <Polygon>
          <outerBoundaryIs>
            <LinearRing>
              <coordinates>
                -55.6478498997133,-26.6964448997369,0
                -55.6485683000129,-26.6967082996367,0
                -55.6491424005091,-26.6958305002339,0
                -55.6482882999203,-26.6954067002525,0
                -55.6478498997133,-26.6964448997369,0
              </coordinates>
            </LinearRing>
          </outerBoundaryIs>
        </Polygon>
      </Placemark>
      <Placemark id="Lote_A.51">
        <ExtendedData>
          <SchemaData schemaUrl="#Lote_A.schema">
            <SimpleData name="Cédula">3009418.00000000000</SimpleData>
            <SimpleData name="Nombres_y_">SARA ACU?A DUARTE</SimpleData>
            <SimpleData name="Sexo">Mujer</SimpleData>
            <SimpleData name="Cambio_de_">NO</SimpleData>
            <SimpleData name="Titular_se">NO</SimpleData>
            <SimpleData name="ci_UNIF">3009418.00000000000</SimpleData>
            <SimpleData name="Situación">NO</SimpleData>
            <SimpleData name="Comunidad">Campesina</SimpleData>
            <SimpleData name="Modelo_imp">Modelo 1</SimpleData>
            <SimpleData name="Departamen">CAAZAPA</SimpleData>
            <SimpleData name="Distrito">TAVA?</SimpleData>
            <SimpleData name="Localidad">TORO BLANCO</SimpleData>
            <SimpleData name="Teléfono">0981767082</SimpleData>
            <SimpleData name="Vivienda_L">-26.24034280000</SimpleData>
            <SimpleData name="Vivienda_1">-55.69065360000</SimpleData>
            <SimpleData name="Superficie">0.80000000000</SimpleData>
            <SimpleData name="Situaci_1">Pol?gono</SimpleData>
            <SimpleData name="Plantado">SI</SimpleData>
            <SimpleData name="Fecha_Plan">2025/09/27</SimpleData>
            <SimpleData name="Jornales">0.00000000000</SimpleData>
            <SimpleData name="Monto">0.00000000000</SimpleData>
            <SimpleData name="Grupo_de_p">A-P1-XX-XX-XX</SimpleData>
            <SimpleData name="Estado_del">Activo</SimpleData>
            <SimpleData name="Empresa">Red Forestal Paraguay SA</SimpleData>
            <SimpleData name="Lote">A</SimpleData>
            <SimpleData name="Parametro">0.00000000000</SimpleData>
            <SimpleData name="Sup_SIG">1.01518465641</SimpleData>
            <SimpleData name="X">-55.68975005000</SimpleData>
            <SimpleData name="Y">-26.23830584000</SimpleData>
            <SimpleData name="cedula">3009418</SimpleData>
            <SimpleData name="Cédula_1">3009418.00000000000</SimpleData>
            <SimpleData name="Estado_d_1">Activo</SimpleData>
            <SimpleData name="OBJECTID_1">6940</SimpleData>
            <SimpleData name="Shape_Leng">547.37416576100</SimpleData>
            <SimpleData name="Shape_Area">10151.84656410000</SimpleData>
          </SchemaData>
        </ExtendedData>
        <Polygon>
          <outerBoundaryIs>
            <LinearRing>
              <coordinates>
                -55.6890199000941,-26.2378588006351,0
                -55.6901634997595,-26.2392492997246,0
                -55.6905542000585,-26.2390014993571,0
                -55.6901774000173,-26.2385826992957,0
                -55.6899878003115,-26.2386773007019,0
                -55.6897988006207,-26.2383880996247,0
                -55.6900510004478,-26.2379903002148,0
                -55.6896552995975,-26.2375433998859,0
                -55.6892514005652,-26.2376405996424,0
                -55.6890199000941,-26.2378588006351,0
              </coordinates>
            </LinearRing>
          </outerBoundaryIs>
        </Polygon>
      </Placemark>
      <Placemark id="Lote_A.52">
        <ExtendedData>
          <SchemaData schemaUrl="#Lote_A.schema">
            <SimpleData name="Cédula">8118265.00000000000</SimpleData>
            <SimpleData name="Nombres_y_">CATALINA OCAMPO GARAY</SimpleData>
            <SimpleData name="Sexo">Mujer</SimpleData>
            <SimpleData name="Cambio_de_">NO</SimpleData>
            <SimpleData name="Titular_se">NO</SimpleData>
            <SimpleData name="ci_UNIF">8118265.00000000000</SimpleData>
            <SimpleData name="Situación">NO</SimpleData>
            <SimpleData name="Comunidad">Ind?gena</SimpleData>
            <SimpleData name="Modelo_imp">Modelo 3</SimpleData>
            <SimpleData name="Departamen">ITAPUA</SimpleData>
            <SimpleData name="Distrito">ALTO VERA</SimpleData>
            <SimpleData name="Localidad">COM INDIG MBERU - PIRAPO I</SimpleData>
            <SimpleData name="Teléfono">0985880249</SimpleData>
            <SimpleData name="Vivienda_L">-26.70453240000</SimpleData>
            <SimpleData name="Vivienda_1">-55.65748830000</SimpleData>
            <SimpleData name="Superficie">1.00000000000</SimpleData>
            <SimpleData name="Situaci_1">Par?metro</SimpleData>
            <SimpleData name="Plantado">SI</SimpleData>
            <SimpleData name="Fecha_Plan">2025/11/06</SimpleData>
            <SimpleData name="Jornales">0.00000000000</SimpleData>
            <SimpleData name="Monto">0.00000000000</SimpleData>
            <SimpleData name="Grupo_de_p">A-P2-XX-XX-XX</SimpleData>
            <SimpleData name="Estado_del">Activo</SimpleData>
            <SimpleData name="Empresa">Red Forestal Paraguay SA</SimpleData>
            <SimpleData name="Lote">A</SimpleData>
            <SimpleData name="Parametro">0.00000000000</SimpleData>
            <SimpleData name="Sup_SIG">1.02112619781</SimpleData>
            <SimpleData name="X">-55.64994258000</SimpleData>
            <SimpleData name="Y">-26.69338216000</SimpleData>
            <SimpleData name="cedula">8118265</SimpleData>
            <SimpleData name="Cédula_1">8118265.00000000000</SimpleData>
            <SimpleData name="Estado_d_1">Activo</SimpleData>
            <SimpleData name="OBJECTID_1">8657</SimpleData>
            <SimpleData name="Shape_Leng">424.31705216600</SimpleData>
            <SimpleData name="Shape_Area">10211.26197810000</SimpleData>
          </SchemaData>
        </ExtendedData>
        <Polygon>
          <outerBoundaryIs>
            <LinearRing>
              <coordinates>
                -55.6501086538208,-26.6939020268193,0
                -55.6500858005598,-26.6938921997666,0
                -55.6502722046054,-26.6936402375428,0
                -55.6505482996781,-26.6931983001474,0
                -55.6498883004226,-26.6926100000246,0
                -55.649366699784,-26.6935782996615,0
                -55.6499433004118,-26.694166700167,0
                -55.6501086538208,-26.6939020268193,0
              </coordinates>
            </LinearRing>
          </outerBoundaryIs>
        </Polygon>
      </Placemark>
      <Placemark id="Lote_A.53">
        <ExtendedData>
          <SchemaData schemaUrl="#Lote_A.schema">
            <SimpleData name="Cédula">5103631.00000000000</SimpleData>
            <SimpleData name="Nombres_y_">TEODORA AQUINO AQUINO</SimpleData>
            <SimpleData name="Sexo">Mujer</SimpleData>
            <SimpleData name="Cambio_de_">NO</SimpleData>
            <SimpleData name="Titular_se">NO</SimpleData>
            <SimpleData name="ci_UNIF">5103631.00000000000</SimpleData>
            <SimpleData name="Situación">NO</SimpleData>
            <SimpleData name="Comunidad">Campesina</SimpleData>
            <SimpleData name="Modelo_imp">Modelo 1</SimpleData>
            <SimpleData name="Departamen">CAAZAPA</SimpleData>
            <SimpleData name="Distrito">TAVA?</SimpleData>
            <SimpleData name="Localidad">8 DE DICIEMBRE</SimpleData>
            <SimpleData name="Teléfono">0975977252</SimpleData>
            <SimpleData name="Vivienda_L">-26.16813450000</SimpleData>
            <SimpleData name="Vivienda_1">-55.48321970000</SimpleData>
            <SimpleData name="Superficie">0.80000000000</SimpleData>
            <SimpleData name="Situaci_1">Pol?gono</SimpleData>
            <SimpleData name="Plantado">SI</SimpleData>
            <SimpleData name="Fecha_Plan">2025/11/05</SimpleData>
            <SimpleData name="Jornales">0.00000000000</SimpleData>
            <SimpleData name="Monto">0.00000000000</SimpleData>
            <SimpleData name="Grupo_de_p">A-P1-XX-XX-XX</SimpleData>
            <SimpleData name="Estado_del">Activo</SimpleData>
            <SimpleData name="Empresa">Red Forestal Paraguay SA</SimpleData>
            <SimpleData name="Lote">A</SimpleData>
            <SimpleData name="Parametro">0.00000000000</SimpleData>
            <SimpleData name="Sup_SIG">0.83881476703</SimpleData>
            <SimpleData name="X">-55.50543800000</SimpleData>
            <SimpleData name="Y">-26.16368725000</SimpleData>
            <SimpleData name="cedula">5103631</SimpleData>
            <SimpleData name="Cédula_1">5103631.00000000000</SimpleData>
            <SimpleData name="Estado_d_1">Activo</SimpleData>
            <SimpleData name="OBJECTID_1">5193</SimpleData>
            <SimpleData name="Shape_Leng">427.54345124400</SimpleData>
            <SimpleData name="Shape_Area">8388.14767032000</SimpleData>
          </SchemaData>
        </ExtendedData>
        <Polygon>
          <outerBoundaryIs>
            <LinearRing>
              <coordinates>
                -55.5048917001243,-26.1633440999035,0
                -55.5049464997723,-26.1642126000605,0
                -55.5050987003694,-26.1642215996528,0
                -55.5051526007514,-26.1639724008454,0
                -55.5056303001239,-26.1639849004009,0
                -55.505781099713,-26.1640239002363,0
                -55.505933100992,-26.1641450000611,0
                -55.5060184001338,-26.1633233004716,0
                -55.5048917001243,-26.1633440999035,0
              </coordinates>
            </LinearRing>
          </outerBoundaryIs>
        </Polygon>
      </Placemark>
      <Placemark id="Lote_A.54">
        <ExtendedData>
          <SchemaData schemaUrl="#Lote_A.schema">
            <SimpleData name="Cédula">7305049.00000000000</SimpleData>
            <SimpleData name="Nombres_y_">IGNACIA VILLALBA BENITEZ</SimpleData>
            <SimpleData name="Sexo">Mujer</SimpleData>
            <SimpleData name="Cambio_de_">NO</SimpleData>
            <SimpleData name="Titular_se">NO</SimpleData>
            <SimpleData name="ci_UNIF">7305049.00000000000</SimpleData>
            <SimpleData name="Situación">NO</SimpleData>
            <SimpleData name="Comunidad">Ind?gena</SimpleData>
            <SimpleData name="Modelo_imp">Modelo 3</SimpleData>
            <SimpleData name="Departamen">ITAPUA</SimpleData>
            <SimpleData name="Distrito">ALTO VERA</SimpleData>
            <SimpleData name="Localidad">COM INDIG MBERU - PIRAPO I</SimpleData>
            <SimpleData name="Teléfono">0983475639</SimpleData>
            <SimpleData name="Vivienda_L">-26.70318340000</SimpleData>
            <SimpleData name="Vivienda_1">-55.65790150000</SimpleData>
            <SimpleData name="Superficie">1.00000000000</SimpleData>
            <SimpleData name="Situaci_1">Pol?gono</SimpleData>
            <SimpleData name="Plantado">SI</SimpleData>
            <SimpleData name="Fecha_Plan">2025/11/06</SimpleData>
            <SimpleData name="Jornales">0.00000000000</SimpleData>
            <SimpleData name="Monto">0.00000000000</SimpleData>
            <SimpleData name="Grupo_de_p">A-P2-XX-XX-XX</SimpleData>
            <SimpleData name="Estado_del">Activo</SimpleData>
            <SimpleData name="Empresa">Red Forestal Paraguay SA</SimpleData>
            <SimpleData name="Lote">A</SimpleData>
            <SimpleData name="Parametro">0.00000000000</SimpleData>
            <SimpleData name="Sup_SIG">1.05656487996</SimpleData>
            <SimpleData name="X">-55.65002901000</SimpleData>
            <SimpleData name="Y">-26.69186916000</SimpleData>
            <SimpleData name="cedula">7305049</SimpleData>
            <SimpleData name="Cédula_1">7305049.00000000000</SimpleData>
            <SimpleData name="Estado_d_1">Activo</SimpleData>
            <SimpleData name="OBJECTID_1">8653</SimpleData>
            <SimpleData name="Shape_Leng">413.86128499500</SimpleData>
            <SimpleData name="Shape_Area">10565.64879960000</SimpleData>
          </SchemaData>
        </ExtendedData>
        <Polygon>
          <outerBoundaryIs>
            <LinearRing>
              <coordinates>
                -55.6501600481062,-26.6925749240251,0
                -55.6504191859747,-26.6921869146086,0
                -55.6506337892502,-26.6918394733966,0
                -55.6506766997162,-26.6917700003587,0
                -55.6499183000778,-26.6911549999345,0
                -55.6493666995688,-26.6919716996339,0
                -55.6501600481062,-26.6925749240251,0
              </coordinates>
            </LinearRing>
          </outerBoundaryIs>
        </Polygon>
      </Placemark>
      <Placemark id="Lote_A.55">
        <ExtendedData>
          <SchemaData schemaUrl="#Lote_A.schema">
            <SimpleData name="Cédula">5472060.00000000000</SimpleData>
            <SimpleData name="Nombres_y_">MELISSA CACERES DUARTE</SimpleData>
            <SimpleData name="Sexo">Mujer</SimpleData>
            <SimpleData name="Cambio_de_">NO</SimpleData>
            <SimpleData name="Titular_se">NO</SimpleData>
            <SimpleData name="ci_UNIF">5472060.00000000000</SimpleData>
            <SimpleData name="Situación">NO</SimpleData>
            <SimpleData name="Comunidad">Campesina</SimpleData>
            <SimpleData name="Modelo_imp">Modelo 1</SimpleData>
            <SimpleData name="Departamen">CAAZAPA</SimpleData>
            <SimpleData name="Distrito">TAVA?</SimpleData>
            <SimpleData name="Localidad">SAN ISIDRO</SimpleData>
            <SimpleData name="Teléfono">0984714495</SimpleData>
            <SimpleData name="Vivienda_L">-26.17041760000</SimpleData>
            <SimpleData name="Vivienda_1">-55.67872510000</SimpleData>
            <SimpleData name="Superficie">0.80000000000</SimpleData>
            <SimpleData name="Situaci_1">Pol?gono</SimpleData>
            <SimpleData name="Plantado">SI</SimpleData>
            <SimpleData name="Fecha_Plan">2025/09/24</SimpleData>
            <SimpleData name="Jornales">0.00000000000</SimpleData>
            <SimpleData name="Monto">0.00000000000</SimpleData>
            <SimpleData name="Grupo_de_p">A-P1-XX-XX-XX</SimpleData>
            <SimpleData name="Estado_del">Activo</SimpleData>
            <SimpleData name="Empresa">Red Forestal Paraguay SA</SimpleData>
            <SimpleData name="Lote">A</SimpleData>
            <SimpleData name="Parametro">0.00000000000</SimpleData>
            <SimpleData name="Sup_SIG">0.91751111911</SimpleData>
            <SimpleData name="X">-55.67676775000</SimpleData>
            <SimpleData name="Y">-26.15764187000</SimpleData>
            <SimpleData name="cedula">5472060</SimpleData>
            <SimpleData name="Cédula_1">5472060.00000000000</SimpleData>
            <SimpleData name="Estado_d_1">Activo</SimpleData>
            <SimpleData name="OBJECTID_1">6899</SimpleData>
            <SimpleData name="Shape_Leng">396.17747011200</SimpleData>
            <SimpleData name="Shape_Area">9175.11119110000</SimpleData>
          </SchemaData>
        </ExtendedData>
        <Polygon>
          <outerBoundaryIs>
            <LinearRing>
              <coordinates>
                -55.6763932997577,-26.1581983003309,0
                -55.6771169002934,-26.1582134998661,0
                -55.6771539995655,-26.1570736002747,0
                -55.6763978001966,-26.157098200145,0
                -55.6763932997577,-26.1581983003309,0
              </coordinates>
            </LinearRing>
          </outerBoundaryIs>
        </Polygon>
      </Placemark>
      <Placemark id="Lote_A.56">
        <ExtendedData>
          <SchemaData schemaUrl="#Lote_A.schema">
            <SimpleData name="Cédula">3621207.00000000000</SimpleData>
            <SimpleData name="Nombres_y_">PEDRO  FERNANDEZ SEGOVIA</SimpleData>
            <SimpleData name="Sexo">Hombre</SimpleData>
            <SimpleData name="Cambio_de_">NO</SimpleData>
            <SimpleData name="Titular_se">NO</SimpleData>
            <SimpleData name="ci_UNIF">3621207.00000000000</SimpleData>
            <SimpleData name="Situación">NO</SimpleData>
            <SimpleData name="Comunidad">Campesina</SimpleData>
            <SimpleData name="Modelo_imp">Modelo 1</SimpleData>
            <SimpleData name="Departamen">CAAZAPA</SimpleData>
            <SimpleData name="Distrito">TAVA?</SimpleData>
            <SimpleData name="Localidad">YVY ATY</SimpleData>
            <SimpleData name="Teléfono">985550187</SimpleData>
            <SimpleData name="Vivienda_L">-26.17002140000</SimpleData>
            <SimpleData name="Vivienda_1">-55.62759900000</SimpleData>
            <SimpleData name="Superficie">0.80000000000</SimpleData>
            <SimpleData name="Situaci_1">Pol?gono</SimpleData>
            <SimpleData name="Plantado">SI</SimpleData>
            <SimpleData name="Fecha_Plan">2025/10/31</SimpleData>
            <SimpleData name="Jornales">0.00000000000</SimpleData>
            <SimpleData name="Monto">0.00000000000</SimpleData>
            <SimpleData name="Grupo_de_p">A-P3-XX-XX-XX</SimpleData>
            <SimpleData name="Estado_del">Activo</SimpleData>
            <SimpleData name="Empresa">Red Forestal Paraguay SA</SimpleData>
            <SimpleData name="Lote">A</SimpleData>
            <SimpleData name="Parametro">0.00000000000</SimpleData>
            <SimpleData name="Sup_SIG">0.89034098283</SimpleData>
            <SimpleData name="X">-55.62629692000</SimpleData>
            <SimpleData name="Y">-26.16926890000</SimpleData>
            <SimpleData name="cedula">3621207</SimpleData>
            <SimpleData name="Cédula_1">3621207.00000000000</SimpleData>
            <SimpleData name="Estado_d_1">Activo</SimpleData>
            <SimpleData name="OBJECTID_1">8784</SimpleData>
            <SimpleData name="Shape_Leng">375.68918234300</SimpleData>
            <SimpleData name="Shape_Area">8903.40982829000</SimpleData>
          </SchemaData>
        </ExtendedData>
        <Polygon>
          <outerBoundaryIs>
            <LinearRing>
              <coordinates>
                -55.6259525993165,-26.1696173000286,0
                -55.6267349998592,-26.169780000318,0
                -55.6268150998241,-26.169011199681,0
                -55.626574999746,-26.1689066997043,0
                -55.6259279991797,-26.1687231003181,0
                -55.6257449997156,-26.1695500002231,0
                -55.6259525993165,-26.1696173000286,0
              </coordinates>
            </LinearRing>
          </outerBoundaryIs>
        </Polygon>
      </Placemark>
      <Placemark id="Lote_A.57">
        <ExtendedData>
          <SchemaData schemaUrl="#Lote_A.schema">
            <SimpleData name="Cédula">5751982.00000000000</SimpleData>
            <SimpleData name="Nombres_y_">MARYS LUZ  ARRIOLA RIVEROS</SimpleData>
            <SimpleData name="Sexo">Mujer</SimpleData>
            <SimpleData name="Cambio_de_">NO</SimpleData>
            <SimpleData name="Titular_se">NO</SimpleData>
            <SimpleData name="ci_UNIF">5751982.00000000000</SimpleData>
            <SimpleData name="Situación">NO</SimpleData>
            <SimpleData name="Comunidad">Campesina</SimpleData>
            <SimpleData name="Modelo_imp">Modelo 5</SimpleData>
            <SimpleData name="Departamen">CAAZAPA</SimpleData>
            <SimpleData name="Distrito">TAVA?</SimpleData>
            <SimpleData name="Localidad">?U KA?Y</SimpleData>
            <SimpleData name="Teléfono">983209588</SimpleData>
            <SimpleData name="Vivienda_L">-26.24724680000</SimpleData>
            <SimpleData name="Vivienda_1">-55.56688380000</SimpleData>
            <SimpleData name="Superficie">0.70000000000</SimpleData>
            <SimpleData name="Situaci_1">Pol?gono</SimpleData>
            <SimpleData name="Plantado">SI</SimpleData>
            <SimpleData name="Fecha_Plan">2025/10/21</SimpleData>
            <SimpleData name="Jornales">0.00000000000</SimpleData>
            <SimpleData name="Monto">0.00000000000</SimpleData>
            <SimpleData name="Grupo_de_p">A-P1-XX-XX-XX</SimpleData>
            <SimpleData name="Estado_del">Activo</SimpleData>
            <SimpleData name="Empresa">Red Forestal Paraguay SA</SimpleData>
            <SimpleData name="Lote">A</SimpleData>
            <SimpleData name="Parametro">0.00000000000</SimpleData>
            <SimpleData name="Sup_SIG">0.80708647795</SimpleData>
            <SimpleData name="X">-55.56741459000</SimpleData>
            <SimpleData name="Y">-26.24737589000</SimpleData>
            <SimpleData name="cedula">5751982</SimpleData>
            <SimpleData name="Cédula_1">5751982.00000000000</SimpleData>
            <SimpleData name="Estado_d_1">Activo</SimpleData>
            <SimpleData name="OBJECTID_1">7375</SimpleData>
            <SimpleData name="Shape_Leng">409.90788817700</SimpleData>
            <SimpleData name="Shape_Area">8070.86477946000</SimpleData>
          </SchemaData>
        </ExtendedData>
        <Polygon>
          <outerBoundaryIs>
            <LinearRing>
              <coordinates>
                -55.5672983002702,-26.2477132993228,0
                -55.5678766998446,-26.247806699454,0
                -55.5681382999424,-26.2474817004315,0
                -55.5678423998732,-26.2472927006166,0
                -55.5673832997192,-26.2470982998976,0
                -55.5674516998467,-26.2469350007334,0
                -55.5671015004498,-26.2466836001954,0
                -55.5668666997869,-26.2476767003453,0
                -55.5672983002702,-26.2477132993228,0
              </coordinates>
            </LinearRing>
          </outerBoundaryIs>
        </Polygon>
      </Placemark>
      <Placemark id="Lote_A.58">
        <ExtendedData>
          <SchemaData schemaUrl="#Lote_A.schema">
            <SimpleData name="Cédula">4085658.00000000000</SimpleData>
            <SimpleData name="Nombres_y_">ARMINDA  ARG?ELLO VAZQUEZ</SimpleData>
            <SimpleData name="Sexo">Mujer</SimpleData>
            <SimpleData name="Cambio_de_">NO</SimpleData>
            <SimpleData name="Titular_se">NO</SimpleData>
            <SimpleData name="ci_UNIF">4085658.00000000000</SimpleData>
            <SimpleData name="Situación">NO</SimpleData>
            <SimpleData name="Comunidad">Campesina</SimpleData>
            <SimpleData name="Modelo_imp">Modelo 1</SimpleData>
            <SimpleData name="Departamen">CAAZAPA</SimpleData>
            <SimpleData name="Distrito">TAVA?</SimpleData>
            <SimpleData name="Localidad">ENRAMADITA</SimpleData>
            <SimpleData name="Teléfono">985978514</SimpleData>
            <SimpleData name="Vivienda_L">-26.17475700000</SimpleData>
            <SimpleData name="Vivienda_1">-55.70114170000</SimpleData>
            <SimpleData name="Superficie">0.80000000000</SimpleData>
            <SimpleData name="Situaci_1">Pol?gono</SimpleData>
            <SimpleData name="Plantado">SI</SimpleData>
            <SimpleData name="Fecha_Plan">2025/10/24</SimpleData>
            <SimpleData name="Jornales">0.00000000000</SimpleData>
            <SimpleData name="Monto">0.00000000000</SimpleData>
            <SimpleData name="Grupo_de_p">A-P1-XX-XX-XX</SimpleData>
            <SimpleData name="Estado_del">Activo</SimpleData>
            <SimpleData name="Empresa">Red Forestal Paraguay SA</SimpleData>
            <SimpleData name="Lote">A</SimpleData>
            <SimpleData name="Parametro">0.00000000000</SimpleData>
            <SimpleData name="Sup_SIG">0.97837636753</SimpleData>
            <SimpleData name="X">-55.67028224000</SimpleData>
            <SimpleData name="Y">-26.21803902000</SimpleData>
            <SimpleData name="cedula">4085658</SimpleData>
            <SimpleData name="Cédula_1">4085658.00000000000</SimpleData>
            <SimpleData name="Estado_d_1">Activo</SimpleData>
            <SimpleData name="OBJECTID_1">6284</SimpleData>
            <SimpleData name="Shape_Leng">418.53922747400</SimpleData>
            <SimpleData name="Shape_Area">9783.76367528000</SimpleData>
          </SchemaData>
        </ExtendedData>
        <Polygon>
          <outerBoundaryIs>
            <LinearRing>
              <coordinates>
                -55.6696416995403,-26.2178769999535,0
                -55.66985999985,-26.218719999537,0
                -55.6709999997565,-26.2179700001916,0
                -55.670808299953,-26.2174832998997,0
                -55.6696416995403,-26.2178769999535,0
              </coordinates>
            </LinearRing>
          </outerBoundaryIs>
        </Polygon>
      </Placemark>
      <Placemark id="Lote_A.59">
        <ExtendedData>
          <SchemaData schemaUrl="#Lote_A.schema">
            <SimpleData name="Cédula">1949625.00000000000</SimpleData>
            <SimpleData name="Nombres_y_">MARIA VILDA GAMARRA FARI?A</SimpleData>
            <SimpleData name="Sexo">Mujer</SimpleData>
            <SimpleData name="Cambio_de_">NO</SimpleData>
            <SimpleData name="Titular_se">NO</SimpleData>
            <SimpleData name="ci_UNIF">1949625.00000000000</SimpleData>
            <SimpleData name="Situación">NO</SimpleData>
            <SimpleData name="Comunidad">Campesina</SimpleData>
            <SimpleData name="Modelo_imp">Modelo 5</SimpleData>
            <SimpleData name="Departamen">CAAZAPA</SimpleData>
            <SimpleData name="Distrito">TAVA?</SimpleData>
            <SimpleData name="Localidad">?U KA?Y</SimpleData>
            <SimpleData name="Teléfono">986581022</SimpleData>
            <SimpleData name="Vivienda_L">-26.23081440000</SimpleData>
            <SimpleData name="Vivienda_1">-55.58167660000</SimpleData>
            <SimpleData name="Superficie">0.70000000000</SimpleData>
            <SimpleData name="Situaci_1">Pol?gono</SimpleData>
            <SimpleData name="Plantado">SI</SimpleData>
            <SimpleData name="Fecha_Plan">2025/10/21</SimpleData>
            <SimpleData name="Jornales">0.00000000000</SimpleData>
            <SimpleData name="Monto">0.00000000000</SimpleData>
            <SimpleData name="Grupo_de_p">A-P2-XX-XX-XX</SimpleData>
            <SimpleData name="Estado_del">Activo</SimpleData>
            <SimpleData name="Empresa">Red Forestal Paraguay SA</SimpleData>
            <SimpleData name="Lote">A</SimpleData>
            <SimpleData name="Parametro">0.00000000000</SimpleData>
            <SimpleData name="Sup_SIG">0.77073725039</SimpleData>
            <SimpleData name="X">-55.58610253000</SimpleData>
            <SimpleData name="Y">-26.22665813000</SimpleData>
            <SimpleData name="cedula">1949625</SimpleData>
            <SimpleData name="Cédula_1">1949625.00000000000</SimpleData>
            <SimpleData name="Estado_d_1">Activo</SimpleData>
            <SimpleData name="OBJECTID_1">8650</SimpleData>
            <SimpleData name="Shape_Leng">527.01424013500</SimpleData>
            <SimpleData name="Shape_Area">7707.37250389000</SimpleData>
          </SchemaData>
        </ExtendedData>
        <MultiGeometry>
          <Polygon>
            <outerBoundaryIs>
              <LinearRing>
                <coordinates>
                  -55.5855282998989,-26.2273482999692,0
                  -55.5862832997292,-26.2267433001185,0
                  -55.5860126001317,-26.2264078004819,0
                  -55.5852766001107,-26.2271211996625,0
                  -55.5855282998989,-26.2273482999692,0
                </coordinates>
              </LinearRing>
            </outerBoundaryIs>
          </Polygon>
          <Polygon>
            <outerBoundaryIs>
              <LinearRing>
                <coordinates>
                  -55.5864735005104,-26.22677499997,0
                  -55.5868947003108,-26.2263732001006,0
                  -55.5864582997056,-26.2259944001265,0
                  -55.5860883003241,-26.2263432997642,0
                  -55.5864735005104,-26.22677499997,0
                </coordinates>
              </LinearRing>
            </outerBoundaryIs>
          </Polygon>
        </MultiGeometry>
      </Placemark>
      <Placemark id="Lote_A.60">
        <ExtendedData>
          <SchemaData schemaUrl="#Lote_A.schema">
            <SimpleData name="Cédula">3723284.00000000000</SimpleData>
            <SimpleData name="Nombres_y_">ARNALDO RUBEN BAEZ ESPINOLA</SimpleData>
            <SimpleData name="Sexo">Hombre</SimpleData>
            <SimpleData name="Cambio_de_">NO</SimpleData>
            <SimpleData name="Titular_se">NO</SimpleData>
            <SimpleData name="ci_UNIF">3723284.00000000000</SimpleData>
            <SimpleData name="Situación">NO</SimpleData>
            <SimpleData name="Comunidad">Campesina</SimpleData>
            <SimpleData name="Modelo_imp">Modelo 5</SimpleData>
            <SimpleData name="Departamen">CAAZAPA</SimpleData>
            <SimpleData name="Distrito">TAVA?</SimpleData>
            <SimpleData name="Localidad">YVYHATY</SimpleData>
            <SimpleData name="Teléfono">0981352952</SimpleData>
            <SimpleData name="Vivienda_L">-26.18975970000</SimpleData>
            <SimpleData name="Vivienda_1">-55.59254580000</SimpleData>
            <SimpleData name="Superficie">0.80000000000</SimpleData>
            <SimpleData name="Situaci_1">Pol?gono</SimpleData>
            <SimpleData name="Plantado">SI</SimpleData>
            <SimpleData name="Fecha_Plan">2025/10/01</SimpleData>
            <SimpleData name="Jornales">0.00000000000</SimpleData>
            <SimpleData name="Monto">0.00000000000</SimpleData>
            <SimpleData name="Grupo_de_p">A-P1-XX-XX-XX</SimpleData>
            <SimpleData name="Estado_del">Activo</SimpleData>
            <SimpleData name="Empresa">Red Forestal Paraguay SA</SimpleData>
            <SimpleData name="Lote">A</SimpleData>
            <SimpleData name="Parametro">0.00000000000</SimpleData>
            <SimpleData name="Sup_SIG">0.76300612193</SimpleData>
            <SimpleData name="X">-55.59170448000</SimpleData>
            <SimpleData name="Y">-26.18929742000</SimpleData>
            <SimpleData name="cedula">3723284</SimpleData>
            <SimpleData name="Cédula_1">3723284.00000000000</SimpleData>
            <SimpleData name="Estado_d_1">Activo</SimpleData>
            <SimpleData name="OBJECTID_1">5217</SimpleData>
            <SimpleData name="Shape_Leng">438.47604292100</SimpleData>
            <SimpleData name="Shape_Area">7630.06121928000</SimpleData>
          </SchemaData>
        </ExtendedData>
        <Polygon>
          <outerBoundaryIs>
            <LinearRing>
              <coordinates>
                -55.5916638007295,-26.1901317006044,0
                -55.591930300441,-26.1901473997852,0
                -55.5917968999628,-26.1893886998585,0
                -55.5922164004559,-26.1892255004493,0
                -55.5917956001323,-26.1886283001112,0
                -55.5912680998477,-26.1889022998359,0
                -55.5916638007295,-26.1901317006044,0
              </coordinates>
            </LinearRing>
          </outerBoundaryIs>
        </Polygon>
      </Placemark>
      <Placemark id="Lote_A.61">
        <ExtendedData>
          <SchemaData schemaUrl="#Lote_A.schema">
            <SimpleData name="Cédula">7653085.00000000000</SimpleData>
            <SimpleData name="Nombres_y_">CINTIA RAQUEL  TROCHE VERA</SimpleData>
            <SimpleData name="Sexo">Mujer</SimpleData>
            <SimpleData name="Cambio_de_">NO</SimpleData>
            <SimpleData name="Titular_se">NO</SimpleData>
            <SimpleData name="ci_UNIF">7653085.00000000000</SimpleData>
            <SimpleData name="Situación">NO</SimpleData>
            <SimpleData name="Comunidad">Campesina</SimpleData>
            <SimpleData name="Modelo_imp">Modelo 1</SimpleData>
            <SimpleData name="Departamen">CAAZAPA</SimpleData>
            <SimpleData name="Distrito">TAVA?</SimpleData>
            <SimpleData name="Localidad">SAN AGUSTIN</SimpleData>
            <SimpleData name="Teléfono">985347618</SimpleData>
            <SimpleData name="Vivienda_L">-26.15204830000</SimpleData>
            <SimpleData name="Vivienda_1">-55.59567830000</SimpleData>
            <SimpleData name="Superficie">0.80000000000</SimpleData>
            <SimpleData name="Situaci_1">Pol?gono</SimpleData>
            <SimpleData name="Plantado">SI</SimpleData>
            <SimpleData name="Fecha_Plan">2025/10/24</SimpleData>
            <SimpleData name="Jornales">0.00000000000</SimpleData>
            <SimpleData name="Monto">0.00000000000</SimpleData>
            <SimpleData name="Grupo_de_p">A-P3-XX-XX-XX</SimpleData>
            <SimpleData name="Estado_del">Activo</SimpleData>
            <SimpleData name="Empresa">Red Forestal Paraguay SA</SimpleData>
            <SimpleData name="Lote">A</SimpleData>
            <SimpleData name="Parametro">0.00000000000</SimpleData>
            <SimpleData name="Sup_SIG">0.90036166732</SimpleData>
            <SimpleData name="X">-55.59887310000</SimpleData>
            <SimpleData name="Y">-26.14940249000</SimpleData>
            <SimpleData name="cedula">7653085</SimpleData>
            <SimpleData name="Cédula_1">7653085.00000000000</SimpleData>
            <SimpleData name="Estado_d_1">Activo</SimpleData>
            <SimpleData name="OBJECTID_1">8812</SimpleData>
            <SimpleData name="Shape_Leng">378.06083035300</SimpleData>
            <SimpleData name="Shape_Area">9003.61667324000</SimpleData>
          </SchemaData>
        </ExtendedData>
        <Polygon>
          <outerBoundaryIs>
            <LinearRing>
              <coordinates>
                -55.5983916995769,-26.1489543001191,0
                -55.5985116998815,-26.1499317000713,0
                -55.5991336990788,-26.1498525001366,0
                -55.5993411997263,-26.1498056000745,0
                -55.5992798992169,-26.1489765004862,0
                -55.5992449993946,-26.1489166998531,0
                -55.5983916995769,-26.1489543001191,0
              </coordinates>
            </LinearRing>
          </outerBoundaryIs>
        </Polygon>
      </Placemark>
      <Placemark id="Lote_A.62">
        <ExtendedData>
          <SchemaData schemaUrl="#Lote_A.schema">
            <SimpleData name="Cédula">4875803.00000000000</SimpleData>
            <SimpleData name="Nombres_y_">DUBELIA  ARG?ELLO VAZQUEZ</SimpleData>
            <SimpleData name="Sexo">Mujer</SimpleData>
            <SimpleData name="Cambio_de_">NO</SimpleData>
            <SimpleData name="Titular_se">NO</SimpleData>
            <SimpleData name="ci_UNIF">4875803.00000000000</SimpleData>
            <SimpleData name="Situación">NO</SimpleData>
            <SimpleData name="Comunidad">Campesina</SimpleData>
            <SimpleData name="Modelo_imp">Modelo 1</SimpleData>
            <SimpleData name="Departamen">CAAZAPA</SimpleData>
            <SimpleData name="Distrito">TAVA?</SimpleData>
            <SimpleData name="Localidad">ENRAMADITA</SimpleData>
            <SimpleData name="Teléfono">984493428</SimpleData>
            <SimpleData name="Vivienda_L">-26.17498290000</SimpleData>
            <SimpleData name="Vivienda_1">-55.70112320000</SimpleData>
            <SimpleData name="Superficie">0.80000000000</SimpleData>
            <SimpleData name="Situaci_1">Par?metro</SimpleData>
            <SimpleData name="Plantado">SI</SimpleData>
            <SimpleData name="Fecha_Plan">2025/10/24</SimpleData>
            <SimpleData name="Jornales">0.00000000000</SimpleData>
            <SimpleData name="Monto">0.00000000000</SimpleData>
            <SimpleData name="Grupo_de_p">A-P2-XX-XX-XX</SimpleData>
            <SimpleData name="Estado_del">Activo</SimpleData>
            <SimpleData name="Empresa">Red Forestal Paraguay SA</SimpleData>
            <SimpleData name="Lote">A</SimpleData>
            <SimpleData name="Parametro">0.00000000000</SimpleData>
            <SimpleData name="Sup_SIG">0.81340095405</SimpleData>
            <SimpleData name="X">-55.66933324000</SimpleData>
            <SimpleData name="Y">-26.21849774000</SimpleData>
            <SimpleData name="cedula">4875803</SimpleData>
            <SimpleData name="Cédula_1">4875803.00000000000</SimpleData>
            <SimpleData name="Estado_d_1">Activo</SimpleData>
            <SimpleData name="OBJECTID_1">8786</SimpleData>
            <SimpleData name="Shape_Leng">498.83063334900</SimpleData>
            <SimpleData name="Shape_Area">8134.00954048000</SimpleData>
          </SchemaData>
        </ExtendedData>
        <MultiGeometry>
          <Polygon>
            <outerBoundaryIs>
              <LinearRing>
                <coordinates>
                  -55.6690409000439,-26.2190758999792,0
                  -55.6693746004399,-26.2190189000298,0
                  -55.6694090000196,-26.2189179999868,0
                  -55.6697300997462,-26.2187828996999,0
                  -55.669611100013,-26.2179295004292,0
                  -55.66897440029,-26.2181172999551,0
                  -55.6690409000439,-26.2190758999792,0
                </coordinates>
              </LinearRing>
            </outerBoundaryIs>
          </Polygon>
          <Polygon>
            <outerBoundaryIs>
              <LinearRing>
                <coordinates>
                  -55.6777913004058,-26.2168015004373,0
                  -55.6782872997028,-26.2166240997323,0
                  -55.6782328997417,-26.2164682004566,0
                  -55.6776943998409,-26.2166338996674,0
                  -55.6777913004058,-26.2168015004373,0
                </coordinates>
              </LinearRing>
            </outerBoundaryIs>
          </Polygon>
        </MultiGeometry>
      </Placemark>
      <Placemark id="Lote_A.63">
        <ExtendedData>
          <SchemaData schemaUrl="#Lote_A.schema">
            <SimpleData name="Cédula">7311362.00000000000</SimpleData>
            <SimpleData name="Nombres_y_">SANTA VILLALBA BENITEZ</SimpleData>
            <SimpleData name="Sexo">Mujer</SimpleData>
            <SimpleData name="Cambio_de_">NO</SimpleData>
            <SimpleData name="Titular_se">NO</SimpleData>
            <SimpleData name="ci_UNIF">7311362.00000000000</SimpleData>
            <SimpleData name="Situación">NO</SimpleData>
            <SimpleData name="Comunidad">Ind?gena</SimpleData>
            <SimpleData name="Modelo_imp">Modelo 3</SimpleData>
            <SimpleData name="Departamen">ITAPUA</SimpleData>
            <SimpleData name="Distrito">ALTO VERA</SimpleData>
            <SimpleData name="Localidad">COM INDIG MBERU - PIRAPO I</SimpleData>
            <SimpleData name="Teléfono">0984631890</SimpleData>
            <SimpleData name="Vivienda_L">-26.70333500000</SimpleData>
            <SimpleData name="Vivienda_1">-55.65865170000</SimpleData>
            <SimpleData name="Superficie">1.00000000000</SimpleData>
            <SimpleData name="Situaci_1">Par?metro</SimpleData>
            <SimpleData name="Plantado">SI</SimpleData>
            <SimpleData name="Fecha_Plan">2025/11/06</SimpleData>
            <SimpleData name="Jornales">0.00000000000</SimpleData>
            <SimpleData name="Monto">0.00000000000</SimpleData>
            <SimpleData name="Grupo_de_p">A-P2-XX-XX-XX</SimpleData>
            <SimpleData name="Estado_del">Activo</SimpleData>
            <SimpleData name="Empresa">Red Forestal Paraguay SA</SimpleData>
            <SimpleData name="Lote">A</SimpleData>
            <SimpleData name="Parametro">0.00000000000</SimpleData>
            <SimpleData name="Sup_SIG">1.05404456057</SimpleData>
            <SimpleData name="X">-55.64825380000</SimpleData>
            <SimpleData name="Y">-26.69469843000</SimpleData>
            <SimpleData name="cedula">7311362</SimpleData>
            <SimpleData name="Cédula_1">7311362.00000000000</SimpleData>
            <SimpleData name="Estado_d_1">Activo</SimpleData>
            <SimpleData name="OBJECTID_1">8662</SimpleData>
            <SimpleData name="Shape_Leng">410.54687491200</SimpleData>
            <SimpleData name="Shape_Area">10540.44560570000</SimpleData>
          </SchemaData>
        </ExtendedData>
        <Polygon>
          <outerBoundaryIs>
            <LinearRing>
              <coordinates>
                -55.6480989025505,-26.6940701014199,0
                -55.647825075041,-26.6944698391815,0
                -55.6475830302071,-26.6948231754778,0
                -55.6475982999947,-26.6948767003998,0
                -55.6483049997634,-26.6953367004288,0
                -55.6489788879156,-26.6946479209028,0
                -55.6489883000355,-26.6946383005178,0
                -55.6489611220251,-26.6946186761319,0
                -55.6481348227972,-26.6940222232014,0
                -55.6481261817463,-26.6940159859849,0
                -55.6480989025505,-26.6940701014199,0
              </coordinates>
            </LinearRing>
          </outerBoundaryIs>
        </Polygon>
      </Placemark>
      <Placemark id="Lote_A.64">
        <ExtendedData>
          <SchemaData schemaUrl="#Lote_A.schema">
            <SimpleData name="Cédula">7188619.00000000000</SimpleData>
            <SimpleData name="Nombres_y_">PATROCINIA GIMENEZ MARTINEZ</SimpleData>
            <SimpleData name="Sexo">Mujer</SimpleData>
            <SimpleData name="Cambio_de_">NO</SimpleData>
            <SimpleData name="Titular_se">NO</SimpleData>
            <SimpleData name="ci_UNIF">7188619.00000000000</SimpleData>
            <SimpleData name="Situación">NO</SimpleData>
            <SimpleData name="Comunidad">Ind?gena</SimpleData>
            <SimpleData name="Modelo_imp">Modelo 3</SimpleData>
            <SimpleData name="Departamen">ITAPUA</SimpleData>
            <SimpleData name="Distrito">ALTO VERA</SimpleData>
            <SimpleData name="Localidad">COM INDIG MBERU - PIRAPO I</SimpleData>
            <SimpleData name="Teléfono">0985236094</SimpleData>
            <SimpleData name="Vivienda_L">-26.69898990000</SimpleData>
            <SimpleData name="Vivienda_1">-55.65954860000</SimpleData>
            <SimpleData name="Superficie">1.00000000000</SimpleData>
            <SimpleData name="Situaci_1">Pol?gono</SimpleData>
            <SimpleData name="Plantado">SI</SimpleData>
            <SimpleData name="Fecha_Plan">2025/11/06</SimpleData>
            <SimpleData name="Jornales">0.00000000000</SimpleData>
            <SimpleData name="Monto">0.00000000000</SimpleData>
            <SimpleData name="Grupo_de_p">A-P3-XX-XX-XX</SimpleData>
            <SimpleData name="Estado_del">Activo</SimpleData>
            <SimpleData name="Empresa">Red Forestal Paraguay SA</SimpleData>
            <SimpleData name="Lote">A</SimpleData>
            <SimpleData name="Parametro">0.00000000000</SimpleData>
            <SimpleData name="Sup_SIG">1.00344759670</SimpleData>
            <SimpleData name="X">-55.64771062000</SimpleData>
            <SimpleData name="Y">-26.69567316000</SimpleData>
            <SimpleData name="cedula">7188619</SimpleData>
            <SimpleData name="Cédula_1">7188619.00000000000</SimpleData>
            <SimpleData name="Estado_d_1">Activo</SimpleData>
            <SimpleData name="OBJECTID_1">8597</SimpleData>
            <SimpleData name="Shape_Leng">415.00433937100</SimpleData>
            <SimpleData name="Shape_Area">10034.47596700000</SimpleData>
          </SchemaData>
        </ExtendedData>
        <Polygon>
          <outerBoundaryIs>
            <LinearRing>
              <coordinates>
                -55.6471600001547,-26.6959350001343,0
                -55.6478233001401,-26.696433299745,0
                -55.6482816996213,-26.6953867002277,0
                -55.6475534003288,-26.6949421001057,0
                -55.6471600001547,-26.6959350001343,0
              </coordinates>
            </LinearRing>
          </outerBoundaryIs>
        </Polygon>
      </Placemark>
      <Placemark id="Lote_A.65">
        <ExtendedData>
          <SchemaData schemaUrl="#Lote_A.schema">
            <SimpleData name="Cédula">2689413.00000000000</SimpleData>
            <SimpleData name="Nombres_y_">ESTEBAN BENITEZ FRANCO</SimpleData>
            <SimpleData name="Sexo">Hombre</SimpleData>
            <SimpleData name="Cambio_de_">NO</SimpleData>
            <SimpleData name="Titular_se">NO</SimpleData>
            <SimpleData name="ci_UNIF">2689413.00000000000</SimpleData>
            <SimpleData name="Situación">NO</SimpleData>
            <SimpleData name="Comunidad">Campesina</SimpleData>
            <SimpleData name="Modelo_imp">Modelo 1</SimpleData>
            <SimpleData name="Departamen">CAAZAPA</SimpleData>
            <SimpleData name="Distrito">TAVA?</SimpleData>
            <SimpleData name="Localidad">ENRAMADITA</SimpleData>
            <SimpleData name="Teléfono">0985627320</SimpleData>
            <SimpleData name="Vivienda_L">-26.17073010000</SimpleData>
            <SimpleData name="Vivienda_1">-55.67659330000</SimpleData>
            <SimpleData name="Superficie">0.80000000000</SimpleData>
            <SimpleData name="Situaci_1">Pol?gono</SimpleData>
            <SimpleData name="Plantado">SI</SimpleData>
            <SimpleData name="Fecha_Plan">2025/09/25</SimpleData>
            <SimpleData name="Jornales">0.00000000000</SimpleData>
            <SimpleData name="Monto">0.00000000000</SimpleData>
            <SimpleData name="Grupo_de_p">A-P1-XX-XX-XX</SimpleData>
            <SimpleData name="Estado_del">Activo</SimpleData>
            <SimpleData name="Empresa">Red Forestal Paraguay SA</SimpleData>
            <SimpleData name="Lote">A</SimpleData>
            <SimpleData name="Parametro">0.00000000000</SimpleData>
            <SimpleData name="Sup_SIG">0.94036736590</SimpleData>
            <SimpleData name="X">-55.66885034000</SimpleData>
            <SimpleData name="Y">-26.16977459000</SimpleData>
            <SimpleData name="cedula">2689413</SimpleData>
            <SimpleData name="Cédula_1">2689413.00000000000</SimpleData>
            <SimpleData name="Estado_d_1">Activo</SimpleData>
            <SimpleData name="OBJECTID_1">6712</SimpleData>
            <SimpleData name="Shape_Leng">556.93838049500</SimpleData>
            <SimpleData name="Shape_Area">9403.67365903000</SimpleData>
          </SchemaData>
        </ExtendedData>
        <MultiGeometry>
          <Polygon>
            <outerBoundaryIs>
              <LinearRing>
                <coordinates>
                  -55.6683083000645,-26.1862183002392,0
                  -55.6682006002443,-26.1859871998603,0
                  -55.6677183003437,-26.1858417000543,0
                  -55.6674580003365,-26.1858483998292,0
                  -55.6674166998377,-26.1859434003834,0
                  -55.6675049995433,-26.1862067001111,0
                  -55.6683083000645,-26.1862183002392,0
                </coordinates>
              </LinearRing>
            </outerBoundaryIs>
          </Polygon>
          <Polygon>
            <outerBoundaryIs>
              <LinearRing>
                <coordinates>
                  -55.6691724000553,-26.1702264998288,0
                  -55.6692149997669,-26.1693683003865,0
                  -55.6685669007047,-26.169298200107,0
                  -55.6684567005912,-26.1701783000324,0
                  -55.6691724000553,-26.1702264998288,0
                </coordinates>
              </LinearRing>
            </outerBoundaryIs>
          </Polygon>
        </MultiGeometry>
      </Placemark>
      <Placemark id="Lote_A.66">
        <ExtendedData>
          <SchemaData schemaUrl="#Lote_A.schema">
            <SimpleData name="Cédula">5991202.00000000000</SimpleData>
            <SimpleData name="Nombres_y_">CELINA FERNANDEZ VELAZQUEZ</SimpleData>
            <SimpleData name="Sexo">Mujer</SimpleData>
            <SimpleData name="Cambio_de_">NO</SimpleData>
            <SimpleData name="Titular_se">NO</SimpleData>
            <SimpleData name="ci_UNIF">5991202.00000000000</SimpleData>
            <SimpleData name="Situación">NO</SimpleData>
            <SimpleData name="Comunidad">Campesina</SimpleData>
            <SimpleData name="Modelo_imp">Modelo 1</SimpleData>
            <SimpleData name="Departamen">CAAZAPA</SimpleData>
            <SimpleData name="Distrito">TAVA?</SimpleData>
            <SimpleData name="Localidad"><![CDATA[VALLE'I]]></SimpleData>
            <SimpleData name="Teléfono">0984473063</SimpleData>
            <SimpleData name="Vivienda_L">-26.24553930000</SimpleData>
            <SimpleData name="Vivienda_1">-55.65081410000</SimpleData>
            <SimpleData name="Superficie">0.80000000000</SimpleData>
            <SimpleData name="Situaci_1">Par?metro</SimpleData>
            <SimpleData name="Plantado">SI</SimpleData>
            <SimpleData name="Fecha_Plan">2026/01/21</SimpleData>
            <SimpleData name="Jornales">0.00000000000</SimpleData>
            <SimpleData name="Monto">0.00000000000</SimpleData>
            <SimpleData name="Grupo_de_p">A-P2-XX-XX-XX</SimpleData>
            <SimpleData name="Estado_del">Activo</SimpleData>
            <SimpleData name="Empresa">Red Forestal Paraguay SA</SimpleData>
            <SimpleData name="Lote">A</SimpleData>
            <SimpleData name="Parametro">0.00000000000</SimpleData>
            <SimpleData name="Sup_SIG">0.93412499331</SimpleData>
            <SimpleData name="X">-55.64943529000</SimpleData>
            <SimpleData name="Y">-26.24304170000</SimpleData>
            <SimpleData name="cedula">5991202</SimpleData>
            <SimpleData name="Cédula_1">5991202.00000000000</SimpleData>
            <SimpleData name="Estado_d_1">Activo</SimpleData>
            <SimpleData name="OBJECTID_1">6950</SimpleData>
            <SimpleData name="Shape_Leng">388.85040587500</SimpleData>
            <SimpleData name="Shape_Area">9341.24993310000</SimpleData>
          </SchemaData>
        </ExtendedData>
        <Polygon>
          <outerBoundaryIs>
            <LinearRing>
              <coordinates>
                -55.6489777003859,-26.2434464004407,0
                -55.649275700086,-26.2435170996426,0
                -55.6498182995764,-26.2434349995855,0
                -55.650126499679,-26.2427769003991,0
                -55.6489002996683,-26.2425549999638,0
                -55.6489777003859,-26.2434464004407,0
              </coordinates>
            </LinearRing>
          </outerBoundaryIs>
        </Polygon>
      </Placemark>
      <Placemark id="Lote_A.67">
        <ExtendedData>
          <SchemaData schemaUrl="#Lote_A.schema">
            <SimpleData name="Cédula">3445656.00000000000</SimpleData>
            <SimpleData name="Nombres_y_">NILMA ARAUJO ESCOBAR</SimpleData>
            <SimpleData name="Sexo">Mujer</SimpleData>
            <SimpleData name="Cambio_de_">NO</SimpleData>
            <SimpleData name="Titular_se">NO</SimpleData>
            <SimpleData name="ci_UNIF">3445656.00000000000</SimpleData>
            <SimpleData name="Situación">NO</SimpleData>
            <SimpleData name="Comunidad">Campesina</SimpleData>
            <SimpleData name="Modelo_imp">Modelo 1</SimpleData>
            <SimpleData name="Departamen">CAAZAPA</SimpleData>
            <SimpleData name="Distrito">TAVA?</SimpleData>
            <SimpleData name="Localidad">ENRAMADITA</SimpleData>
            <SimpleData name="Teléfono">0984884324</SimpleData>
            <SimpleData name="Vivienda_L">-26.17004940000</SimpleData>
            <SimpleData name="Vivienda_1">-55.67908710000</SimpleData>
            <SimpleData name="Superficie">0.80000000000</SimpleData>
            <SimpleData name="Situaci_1">Pol?gono</SimpleData>
            <SimpleData name="Plantado">SI</SimpleData>
            <SimpleData name="Fecha_Plan">2025/09/24</SimpleData>
            <SimpleData name="Jornales">0.00000000000</SimpleData>
            <SimpleData name="Monto">0.00000000000</SimpleData>
            <SimpleData name="Grupo_de_p">A-P1-XX-XX-XX</SimpleData>
            <SimpleData name="Estado_del">Activo</SimpleData>
            <SimpleData name="Empresa">Red Forestal Paraguay SA</SimpleData>
            <SimpleData name="Lote">A</SimpleData>
            <SimpleData name="Parametro">0.00000000000</SimpleData>
            <SimpleData name="Sup_SIG">0.93445291327</SimpleData>
            <SimpleData name="X">-55.67675594000</SimpleData>
            <SimpleData name="Y">-26.15636615000</SimpleData>
            <SimpleData name="cedula">3445656</SimpleData>
            <SimpleData name="Cédula_1">3445656.00000000000</SimpleData>
            <SimpleData name="Estado_d_1">Activo</SimpleData>
            <SimpleData name="OBJECTID_1">6716</SimpleData>
            <SimpleData name="Shape_Leng">406.51239093000</SimpleData>
            <SimpleData name="Shape_Area">9344.52913272000</SimpleData>
          </SchemaData>
        </ExtendedData>
        <Polygon>
          <outerBoundaryIs>
            <LinearRing>
              <coordinates>
                -55.6763850001157,-26.1557783004423,0
                -55.6764233003379,-26.1569733003421,0
                -55.6771300002461,-26.1569567004626,0
                -55.6770833002341,-26.1557517998027,0
                -55.6763850001157,-26.1557783004423,0
              </coordinates>
            </LinearRing>
          </outerBoundaryIs>
        </Polygon>
      </Placemark>
      <Placemark id="Lote_A.68">
        <ExtendedData>
          <SchemaData schemaUrl="#Lote_A.schema">
            <SimpleData name="Cédula">4886663.00000000000</SimpleData>
            <SimpleData name="Nombres_y_">BERNARDINO BAEZ AVALOS</SimpleData>
            <SimpleData name="Sexo">Hombre</SimpleData>
            <SimpleData name="Cambio_de_">NO</SimpleData>
            <SimpleData name="Titular_se">NO</SimpleData>
            <SimpleData name="ci_UNIF">4886663.00000000000</SimpleData>
            <SimpleData name="Situación">NO</SimpleData>
            <SimpleData name="Comunidad">Campesina</SimpleData>
            <SimpleData name="Modelo_imp">Modelo 1</SimpleData>
            <SimpleData name="Departamen">CAAZAPA</SimpleData>
            <SimpleData name="Distrito">TAVA?</SimpleData>
            <SimpleData name="Localidad">ENRAMADITA</SimpleData>
            <SimpleData name="Teléfono">0984483490</SimpleData>
            <SimpleData name="Vivienda_L">-26.16592190000</SimpleData>
            <SimpleData name="Vivienda_1">-55.67924880000</SimpleData>
            <SimpleData name="Superficie">0.80000000000</SimpleData>
            <SimpleData name="Situaci_1">Pol?gono</SimpleData>
            <SimpleData name="Plantado">SI</SimpleData>
            <SimpleData name="Fecha_Plan">2025/09/25</SimpleData>
            <SimpleData name="Jornales">0.00000000000</SimpleData>
            <SimpleData name="Monto">0.00000000000</SimpleData>
            <SimpleData name="Grupo_de_p">A-P1-XX-XX-XX</SimpleData>
            <SimpleData name="Estado_del">Activo</SimpleData>
            <SimpleData name="Empresa">Red Forestal Paraguay SA</SimpleData>
            <SimpleData name="Lote">A</SimpleData>
            <SimpleData name="Parametro">0.00000000000</SimpleData>
            <SimpleData name="Sup_SIG">0.89138678998</SimpleData>
            <SimpleData name="X">-55.67325962000</SimpleData>
            <SimpleData name="Y">-26.14117702000</SimpleData>
            <SimpleData name="cedula">4886663</SimpleData>
            <SimpleData name="Cédula_1">4886663.00000000000</SimpleData>
            <SimpleData name="Estado_d_1">Activo</SimpleData>
            <SimpleData name="OBJECTID_1">6827</SimpleData>
            <SimpleData name="Shape_Leng">498.30224700400</SimpleData>
            <SimpleData name="Shape_Area">8913.86789983000</SimpleData>
          </SchemaData>
        </ExtendedData>
        <Polygon>
          <outerBoundaryIs>
            <LinearRing>
              <coordinates>
                -55.6734274016273,-26.1413982533854,0
                -55.6739882993551,-26.1414416997966,0
                -55.6743826006029,-26.1412577996505,0
                -55.6743939999465,-26.1410903999261,0
                -55.6722142994153,-26.1408883001079,0
                -55.6723099999501,-26.1413116996909,0
                -55.6727963207032,-26.1413493696479,0
                -55.6734274016273,-26.1413982533854,0
              </coordinates>
            </LinearRing>
          </outerBoundaryIs>
        </Polygon>
      </Placemark>
      <Placemark id="Lote_A.69">
        <ExtendedData>
          <SchemaData schemaUrl="#Lote_A.schema">
            <SimpleData name="Cédula">7271454.00000000000</SimpleData>
            <SimpleData name="Nombres_y_">MARIA CRISTINA DUARTE MARTINEZ</SimpleData>
            <SimpleData name="Sexo">Mujer</SimpleData>
            <SimpleData name="Cambio_de_">NO</SimpleData>
            <SimpleData name="Titular_se">NO</SimpleData>
            <SimpleData name="ci_UNIF">7271454.00000000000</SimpleData>
            <SimpleData name="Situación">NO</SimpleData>
            <SimpleData name="Comunidad">Ind?gena</SimpleData>
            <SimpleData name="Modelo_imp">Modelo 3</SimpleData>
            <SimpleData name="Departamen">ITAPUA</SimpleData>
            <SimpleData name="Distrito">ALTO VERA</SimpleData>
            <SimpleData name="Localidad">COM INDIG MBERU - PIRAPO I</SimpleData>
            <SimpleData name="Teléfono">0982571204</SimpleData>
            <SimpleData name="Vivienda_L">-26.71031670000</SimpleData>
            <SimpleData name="Vivienda_1">-55.65381290000</SimpleData>
            <SimpleData name="Superficie">1.00000000000</SimpleData>
            <SimpleData name="Situaci_1">Par?metro</SimpleData>
            <SimpleData name="Plantado">SI</SimpleData>
            <SimpleData name="Fecha_Plan">2025/11/06</SimpleData>
            <SimpleData name="Jornales">0.00000000000</SimpleData>
            <SimpleData name="Monto">0.00000000000</SimpleData>
            <SimpleData name="Grupo_de_p">A-P2-XX-XX-XX</SimpleData>
            <SimpleData name="Estado_del">Activo</SimpleData>
            <SimpleData name="Empresa">Red Forestal Paraguay SA</SimpleData>
            <SimpleData name="Lote">A</SimpleData>
            <SimpleData name="Parametro">0.00000000000</SimpleData>
            <SimpleData name="Sup_SIG">1.16248812276</SimpleData>
            <SimpleData name="X">-55.64876578000</SimpleData>
            <SimpleData name="Y">-26.69383990000</SimpleData>
            <SimpleData name="cedula">7271454</SimpleData>
            <SimpleData name="Cédula_1">7271454.00000000000</SimpleData>
            <SimpleData name="Estado_d_1">Activo</SimpleData>
            <SimpleData name="OBJECTID_1">8659</SimpleData>
            <SimpleData name="Shape_Leng">443.11482657900</SimpleData>
            <SimpleData name="Shape_Area">11624.88122760000</SimpleData>
          </SchemaData>
        </ExtendedData>
        <Polygon>
          <outerBoundaryIs>
            <LinearRing>
              <coordinates>
                -55.6485136431492,-26.6932465572702,0
                -55.6481261817463,-26.6940159859849,0
                -55.6481348227972,-26.6940222232014,0
                -55.6489611220251,-26.6946186761319,0
                -55.6493841996229,-26.69372479979,0
                -55.6493824659864,-26.6937231764057,0
                -55.6486342090241,-26.693022462118,0
                -55.6485136431492,-26.6932465572702,0
              </coordinates>
            </LinearRing>
          </outerBoundaryIs>
        </Polygon>
      </Placemark>
      <Placemark id="Lote_A.70">
        <ExtendedData>
          <SchemaData schemaUrl="#Lote_A.schema">
            <SimpleData name="Cédula">5766160.00000000000</SimpleData>
            <SimpleData name="Nombres_y_">SANDRA  BENITEZ ROJAS</SimpleData>
            <SimpleData name="Sexo">Mujer</SimpleData>
            <SimpleData name="Cambio_de_">NO</SimpleData>
            <SimpleData name="Titular_se">NO</SimpleData>
            <SimpleData name="ci_UNIF">5766160.00000000000</SimpleData>
            <SimpleData name="Situación">NO</SimpleData>
            <SimpleData name="Comunidad">Campesina</SimpleData>
            <SimpleData name="Modelo_imp">Modelo 1</SimpleData>
            <SimpleData name="Departamen">CAAZAPA</SimpleData>
            <SimpleData name="Distrito">TAVA?</SimpleData>
            <SimpleData name="Localidad">ENRAMADITA</SimpleData>
            <SimpleData name="Teléfono">986773406</SimpleData>
            <SimpleData name="Vivienda_L">-26.17033400000</SimpleData>
            <SimpleData name="Vivienda_1">-55.67671890000</SimpleData>
            <SimpleData name="Superficie">0.80000000000</SimpleData>
            <SimpleData name="Situaci_1">Pol?gono</SimpleData>
            <SimpleData name="Plantado">SI</SimpleData>
            <SimpleData name="Fecha_Plan">2025/10/04</SimpleData>
            <SimpleData name="Jornales">0.00000000000</SimpleData>
            <SimpleData name="Monto">0.00000000000</SimpleData>
            <SimpleData name="Grupo_de_p">A-P2-XX-XX-XX</SimpleData>
            <SimpleData name="Estado_del">Activo</SimpleData>
            <SimpleData name="Empresa">Red Forestal Paraguay SA</SimpleData>
            <SimpleData name="Lote">A</SimpleData>
            <SimpleData name="Parametro">0.00000000000</SimpleData>
            <SimpleData name="Sup_SIG">0.85495978417</SimpleData>
            <SimpleData name="X">-55.68168689000</SimpleData>
            <SimpleData name="Y">-26.16625471000</SimpleData>
            <SimpleData name="cedula">5766160</SimpleData>
            <SimpleData name="Cédula_1">5766160.00000000000</SimpleData>
            <SimpleData name="Estado_d_1">Activo</SimpleData>
            <SimpleData name="OBJECTID_1">7353</SimpleData>
            <SimpleData name="Shape_Leng">504.85849331300</SimpleData>
            <SimpleData name="Shape_Area">8549.59784168000</SimpleData>
          </SchemaData>
        </ExtendedData>
        <Polygon>
          <outerBoundaryIs>
            <LinearRing>
              <coordinates>
                -55.6806082996859,-26.16623829986,0
                -55.6825400002966,-26.1666132996513,0
                -55.6828582999117,-26.166289999644,0
                -55.680715000358,-26.1658850002277,0
                -55.6806082996859,-26.16623829986,0
              </coordinates>
            </LinearRing>
          </outerBoundaryIs>
        </Polygon>
      </Placemark>
      <Placemark id="Lote_A.71">
        <ExtendedData>
          <SchemaData schemaUrl="#Lote_A.schema">
            <SimpleData name="Cédula">5153841.00000000000</SimpleData>
            <SimpleData name="Nombres_y_">MARIA ELIZABETH ORUE ORTIGOZA</SimpleData>
            <SimpleData name="Sexo">Mujer</SimpleData>
            <SimpleData name="Cambio_de_">NO</SimpleData>
            <SimpleData name="Titular_se">NO</SimpleData>
            <SimpleData name="ci_UNIF">5153841.00000000000</SimpleData>
            <SimpleData name="Situación">NO</SimpleData>
            <SimpleData name="Comunidad">Campesina</SimpleData>
            <SimpleData name="Modelo_imp">Modelo 1</SimpleData>
            <SimpleData name="Departamen">CAAZAPA</SimpleData>
            <SimpleData name="Distrito">TAVA?</SimpleData>
            <SimpleData name="Localidad">SAN AGUSTIN</SimpleData>
            <SimpleData name="Teléfono">0981707289</SimpleData>
            <SimpleData name="Vivienda_L">-26.17192260000</SimpleData>
            <SimpleData name="Vivienda_1">-55.59495620000</SimpleData>
            <SimpleData name="Superficie">0.80000000000</SimpleData>
            <SimpleData name="Situaci_1">Par?metro</SimpleData>
            <SimpleData name="Plantado">SI</SimpleData>
            <SimpleData name="Fecha_Plan">2025/10/24</SimpleData>
            <SimpleData name="Jornales">0.00000000000</SimpleData>
            <SimpleData name="Monto">0.00000000000</SimpleData>
            <SimpleData name="Grupo_de_p">A-P1-XX-XX-XX</SimpleData>
            <SimpleData name="Estado_del">Activo</SimpleData>
            <SimpleData name="Empresa">Red Forestal Paraguay SA</SimpleData>
            <SimpleData name="Lote">A</SimpleData>
            <SimpleData name="Parametro">0.00000000000</SimpleData>
            <SimpleData name="Sup_SIG">0.84942952965</SimpleData>
            <SimpleData name="X">-55.58160738000</SimpleData>
            <SimpleData name="Y">-26.15262766000</SimpleData>
            <SimpleData name="cedula">5153841</SimpleData>
            <SimpleData name="Cédula_1">5153841.00000000000</SimpleData>
            <SimpleData name="Estado_d_1">Activo</SimpleData>
            <SimpleData name="OBJECTID_1">6863</SimpleData>
            <SimpleData name="Shape_Leng">379.05990465200</SimpleData>
            <SimpleData name="Shape_Area">8494.29529649000</SimpleData>
          </SchemaData>
        </ExtendedData>
        <Polygon>
          <outerBoundaryIs>
            <LinearRing>
              <coordinates>
                -55.5814283004909,-26.1531299999859,0
                -55.5815250002297,-26.153198300253,0
                -55.5820604000691,-26.1531849998475,0
                -55.5818416998765,-26.1520782997836,0
                -55.5812932997499,-26.1520466999718,0
                -55.5812099997496,-26.1521317000594,0
                -55.5812400005407,-26.1529032998599,0
                -55.5813451000073,-26.1529165004614,0
                -55.5814283004909,-26.1531299999859,0
              </coordinates>
            </LinearRing>
          </outerBoundaryIs>
        </Polygon>
      </Placemark>
      <Placemark id="Lote_A.72">
        <ExtendedData>
          <SchemaData schemaUrl="#Lote_A.schema">
            <SimpleData name="Cédula">8242209.00000000000</SimpleData>
            <SimpleData name="Nombres_y_">DIRCEN OLIVEIRA HOLVACH</SimpleData>
            <SimpleData name="Sexo">Hombre</SimpleData>
            <SimpleData name="Cambio_de_">NO</SimpleData>
            <SimpleData name="Titular_se">NO</SimpleData>
            <SimpleData name="ci_UNIF">8242209.00000000000</SimpleData>
            <SimpleData name="Situación">NO</SimpleData>
            <SimpleData name="Comunidad">Campesina</SimpleData>
            <SimpleData name="Modelo_imp">Modelo 5</SimpleData>
            <SimpleData name="Departamen">CAAZAPA</SimpleData>
            <SimpleData name="Distrito">TAVA?</SimpleData>
            <SimpleData name="Localidad">VIRGEN DEL CARMEN</SimpleData>
            <SimpleData name="Teléfono">0984667391</SimpleData>
            <SimpleData name="Vivienda_L">-26.23856900000</SimpleData>
            <SimpleData name="Vivienda_1">-55.65863760000</SimpleData>
            <SimpleData name="Superficie">0.70000000000</SimpleData>
            <SimpleData name="Situaci_1">Pol?gono</SimpleData>
            <SimpleData name="Plantado">SI</SimpleData>
            <SimpleData name="Fecha_Plan">2025/10/12</SimpleData>
            <SimpleData name="Jornales">0.00000000000</SimpleData>
            <SimpleData name="Monto">0.00000000000</SimpleData>
            <SimpleData name="Grupo_de_p">A-P1-XX-XX-XX</SimpleData>
            <SimpleData name="Estado_del">Activo</SimpleData>
            <SimpleData name="Empresa">Red Forestal Paraguay SA</SimpleData>
            <SimpleData name="Lote">A</SimpleData>
            <SimpleData name="Parametro">0.00000000000</SimpleData>
            <SimpleData name="Sup_SIG">0.69760048184</SimpleData>
            <SimpleData name="X">-55.68421258000</SimpleData>
            <SimpleData name="Y">-26.23597990000</SimpleData>
            <SimpleData name="cedula">8242209</SimpleData>
            <SimpleData name="Cédula_1">8242209.00000000000</SimpleData>
            <SimpleData name="Estado_d_1">Activo</SimpleData>
            <SimpleData name="OBJECTID_1">6946</SimpleData>
            <SimpleData name="Shape_Leng">636.32280001400</SimpleData>
            <SimpleData name="Shape_Area">6976.00481838000</SimpleData>
          </SchemaData>
        </ExtendedData>
        <MultiGeometry>
          <Polygon>
            <outerBoundaryIs>
              <LinearRing>
                <coordinates>
                  -55.6845320997625,-26.2370128002827,0
                  -55.6845082995606,-26.2366517010677,0
                  -55.684370499904,-26.2366898001329,0
                  -55.6842330987814,-26.2369249997589,0
                  -55.6845320997625,-26.2370128002827,0
                </coordinates>
              </LinearRing>
            </outerBoundaryIs>
          </Polygon>
          <Polygon>
            <outerBoundaryIs>
              <LinearRing>
                <coordinates>
                  -55.6845887002567,-26.236174799826,0
                  -55.6847667000463,-26.236380000378,0
                  -55.6850300006469,-26.2361300006442,0
                  -55.684393299263,-26.2356332999093,0
                  -55.6839632989698,-26.2360317006175,0
                  -55.6842860993923,-26.2362363003863,0
                  -55.6845887002567,-26.236174799826,0
                </coordinates>
              </LinearRing>
            </outerBoundaryIs>
          </Polygon>
          <Polygon>
            <outerBoundaryIs>
              <LinearRing>
                <coordinates>
                  -55.684098399883,-26.2357253007593,0
                  -55.683239798997,-26.2353201011497,0
                  -55.6831599997343,-26.2355617003972,0
                  -55.6835532994371,-26.2356683004409,0
                  -55.6838717000716,-26.2359099997033,0
                  -55.684098399883,-26.2357253007593,0
                </coordinates>
              </LinearRing>
            </outerBoundaryIs>
          </Polygon>
        </MultiGeometry>
      </Placemark>
      <Placemark id="Lote_A.73">
        <ExtendedData>
          <SchemaData schemaUrl="#Lote_A.schema">
            <SimpleData name="Cédula">6889177.00000000000</SimpleData>
            <SimpleData name="Nombres_y_">BERNARDO LOPEZ GONZALEZ</SimpleData>
            <SimpleData name="Sexo">Hombre</SimpleData>
            <SimpleData name="Cambio_de_">NO</SimpleData>
            <SimpleData name="Titular_se">NO</SimpleData>
            <SimpleData name="ci_UNIF">6889177.00000000000</SimpleData>
            <SimpleData name="Situación">NO</SimpleData>
            <SimpleData name="Comunidad">Ind?gena</SimpleData>
            <SimpleData name="Modelo_imp">Modelo 3</SimpleData>
            <SimpleData name="Departamen">ITAPUA</SimpleData>
            <SimpleData name="Distrito">ALTO VERA</SimpleData>
            <SimpleData name="Localidad">COM INDIG MBERU - PIRAPO I</SimpleData>
            <SimpleData name="Teléfono">0984339141</SimpleData>
            <SimpleData name="Vivienda_L">-26.69941920000</SimpleData>
            <SimpleData name="Vivienda_1">-55.66020690000</SimpleData>
            <SimpleData name="Superficie">1.00000000000</SimpleData>
            <SimpleData name="Situaci_1">Par?metro</SimpleData>
            <SimpleData name="Plantado">SI</SimpleData>
            <SimpleData name="Fecha_Plan">2025/11/06</SimpleData>
            <SimpleData name="Jornales">0.00000000000</SimpleData>
            <SimpleData name="Monto">0.00000000000</SimpleData>
            <SimpleData name="Grupo_de_p">A-P2-XX-XX-XX</SimpleData>
            <SimpleData name="Estado_del">Activo</SimpleData>
            <SimpleData name="Empresa">Red Forestal Paraguay SA</SimpleData>
            <SimpleData name="Lote">A</SimpleData>
            <SimpleData name="Parametro">0.00000000000</SimpleData>
            <SimpleData name="Sup_SIG">1.01775722688</SimpleData>
            <SimpleData name="X">-55.64908533000</SimpleData>
            <SimpleData name="Y">-26.69532715000</SimpleData>
            <SimpleData name="cedula">6889177</SimpleData>
            <SimpleData name="Cédula_1">6889177.00000000000</SimpleData>
            <SimpleData name="Estado_d_1">Activo</SimpleData>
            <SimpleData name="OBJECTID_1">8663</SimpleData>
            <SimpleData name="Shape_Leng">408.84256010700</SimpleData>
            <SimpleData name="Shape_Area">10177.57226880000</SimpleData>
          </SchemaData>
        </ExtendedData>
        <Polygon>
          <outerBoundaryIs>
            <LinearRing>
              <coordinates>
                -55.6483299997275,-26.695360000051,0
                -55.6493819004735,-26.6959643003448,0
                -55.6497482999374,-26.6953149998038,0
                -55.6489817002131,-26.6946750003089,0
                -55.6483299997275,-26.695360000051,0
              </coordinates>
            </LinearRing>
          </outerBoundaryIs>
        </Polygon>
      </Placemark>
      <Placemark id="Lote_A.74">
        <ExtendedData>
          <SchemaData schemaUrl="#Lote_A.schema">
            <SimpleData name="Cédula">6593223.00000000000</SimpleData>
            <SimpleData name="Nombres_y_">MARIA ELISE GIMENEZ FIGUEREDO</SimpleData>
            <SimpleData name="Sexo">Mujer</SimpleData>
            <SimpleData name="Cambio_de_">NO</SimpleData>
            <SimpleData name="Titular_se">NO</SimpleData>
            <SimpleData name="ci_UNIF">6593223.00000000000</SimpleData>
            <SimpleData name="Situación">NO</SimpleData>
            <SimpleData name="Comunidad">Campesina</SimpleData>
            <SimpleData name="Modelo_imp">Modelo 1</SimpleData>
            <SimpleData name="Departamen">CAAZAPA</SimpleData>
            <SimpleData name="Distrito">TAVA?</SimpleData>
            <SimpleData name="Localidad">ENRAMADITA</SimpleData>
            <SimpleData name="Teléfono">0981740493</SimpleData>
            <SimpleData name="Vivienda_L">-26.16656610000</SimpleData>
            <SimpleData name="Vivienda_1">-55.67412830000</SimpleData>
            <SimpleData name="Superficie">0.80000000000</SimpleData>
            <SimpleData name="Situaci_1">Pol?gono</SimpleData>
            <SimpleData name="Plantado">SI</SimpleData>
            <SimpleData name="Fecha_Plan">2025/09/25</SimpleData>
            <SimpleData name="Jornales">0.00000000000</SimpleData>
            <SimpleData name="Monto">0.00000000000</SimpleData>
            <SimpleData name="Grupo_de_p">A-P1-XX-XX-XX</SimpleData>
            <SimpleData name="Estado_del">Activo</SimpleData>
            <SimpleData name="Empresa">Red Forestal Paraguay SA</SimpleData>
            <SimpleData name="Lote">A</SimpleData>
            <SimpleData name="Parametro">0.00000000000</SimpleData>
            <SimpleData name="Sup_SIG">0.85282551751</SimpleData>
            <SimpleData name="X">-55.67384717000</SimpleData>
            <SimpleData name="Y">-26.14042200000</SimpleData>
            <SimpleData name="cedula">6593223</SimpleData>
            <SimpleData name="Cédula_1">6593223.00000000000</SimpleData>
            <SimpleData name="Estado_d_1">Activo</SimpleData>
            <SimpleData name="OBJECTID_1">6931</SimpleData>
            <SimpleData name="Shape_Leng">442.67103653200</SimpleData>
            <SimpleData name="Shape_Area">8528.25517512000</SimpleData>
          </SchemaData>
        </ExtendedData>
        <Polygon>
          <outerBoundaryIs>
            <LinearRing>
              <coordinates>
                -55.6729628004227,-26.140597600027,0
                -55.6747171997263,-26.1406929000426,0
                -55.6747364998773,-26.1402847999602,0
                -55.6730784005489,-26.1401135999105,0
                -55.6729628004227,-26.140597600027,0
              </coordinates>
            </LinearRing>
          </outerBoundaryIs>
        </Polygon>
      </Placemark>
      <Placemark id="Lote_A.75">
        <ExtendedData>
          <SchemaData schemaUrl="#Lote_A.schema">
            <SimpleData name="Cédula">6768856.00000000000</SimpleData>
            <SimpleData name="Nombres_y_">SANDRA BRIZUELA MARTINEZ</SimpleData>
            <SimpleData name="Sexo">Mujer</SimpleData>
            <SimpleData name="Cambio_de_">NO</SimpleData>
            <SimpleData name="Titular_se">NO</SimpleData>
            <SimpleData name="ci_UNIF">6768856.00000000000</SimpleData>
            <SimpleData name="Situación">NO</SimpleData>
            <SimpleData name="Comunidad">Ind?gena</SimpleData>
            <SimpleData name="Modelo_imp">Modelo 3</SimpleData>
            <SimpleData name="Departamen">ITAPUA</SimpleData>
            <SimpleData name="Distrito">ALTO VERA</SimpleData>
            <SimpleData name="Localidad">COM INDIG MBERU - PIRAPO I</SimpleData>
            <SimpleData name="Teléfono">0982071647</SimpleData>
            <SimpleData name="Vivienda_L">-26.70484460000</SimpleData>
            <SimpleData name="Vivienda_1">-55.66193800000</SimpleData>
            <SimpleData name="Superficie">1.00000000000</SimpleData>
            <SimpleData name="Situaci_1">Par?metro</SimpleData>
            <SimpleData name="Plantado">SI</SimpleData>
            <SimpleData name="Fecha_Plan">2025/11/06</SimpleData>
            <SimpleData name="Jornales">0.00000000000</SimpleData>
            <SimpleData name="Monto">0.00000000000</SimpleData>
            <SimpleData name="Grupo_de_p">A-P2-XX-XX-XX</SimpleData>
            <SimpleData name="Estado_del">Activo</SimpleData>
            <SimpleData name="Empresa">Red Forestal Paraguay SA</SimpleData>
            <SimpleData name="Lote">A</SimpleData>
            <SimpleData name="Parametro">0.00000000000</SimpleData>
            <SimpleData name="Sup_SIG">1.11786741317</SimpleData>
            <SimpleData name="X">-55.64855388000</SimpleData>
            <SimpleData name="Y">-26.69209441000</SimpleData>
            <SimpleData name="cedula">6768856</SimpleData>
            <SimpleData name="Cédula_1">6768856.00000000000</SimpleData>
            <SimpleData name="Estado_d_1">Activo</SimpleData>
            <SimpleData name="OBJECTID_1">8655</SimpleData>
            <SimpleData name="Shape_Leng">432.20136980200</SimpleData>
            <SimpleData name="Shape_Area">11178.67413170000</SimpleData>
          </SchemaData>
        </ExtendedData>
        <Polygon>
          <outerBoundaryIs>
            <LinearRing>
              <coordinates>
                -55.6480830478569,-26.6923590385164,0
                -55.6486701002799,-26.6928710996657,0
                -55.6491917003377,-26.6919633002367,0
                -55.6484249997797,-26.6913232999203,0
                -55.6479216996374,-26.6922183001152,0
                -55.6479416797645,-26.6922357274591,0
                -55.6480830478569,-26.6923590385164,0
              </coordinates>
            </LinearRing>
          </outerBoundaryIs>
        </Polygon>
      </Placemark>
      <Placemark id="Lote_A.76">
        <ExtendedData>
          <SchemaData schemaUrl="#Lote_A.schema">
            <SimpleData name="Cédula">7108865.00000000000</SimpleData>
            <SimpleData name="Nombres_y_">FLORENCIA GIMENEZ MEDINA</SimpleData>
            <SimpleData name="Sexo">Mujer</SimpleData>
            <SimpleData name="Cambio_de_">NO</SimpleData>
            <SimpleData name="Titular_se">NO</SimpleData>
            <SimpleData name="ci_UNIF">7108865.00000000000</SimpleData>
            <SimpleData name="Situación">NO</SimpleData>
            <SimpleData name="Comunidad">Ind?gena</SimpleData>
            <SimpleData name="Modelo_imp">Modelo 3</SimpleData>
            <SimpleData name="Departamen">ITAPUA</SimpleData>
            <SimpleData name="Distrito">ALTO VERA</SimpleData>
            <SimpleData name="Localidad">COM INDIG MBERU - PIRAPO I</SimpleData>
            <SimpleData name="Teléfono">0983368446</SimpleData>
            <SimpleData name="Vivienda_L">-26.70444000000</SimpleData>
            <SimpleData name="Vivienda_1">-55.65977170000</SimpleData>
            <SimpleData name="Superficie">1.00000000000</SimpleData>
            <SimpleData name="Situaci_1">Par?metro</SimpleData>
            <SimpleData name="Plantado">SI</SimpleData>
            <SimpleData name="Fecha_Plan">2025/11/06</SimpleData>
            <SimpleData name="Jornales">0.00000000000</SimpleData>
            <SimpleData name="Monto">0.00000000000</SimpleData>
            <SimpleData name="Grupo_de_p">A-P2-XX-XX-XX</SimpleData>
            <SimpleData name="Estado_del">Activo</SimpleData>
            <SimpleData name="Empresa">Red Forestal Paraguay SA</SimpleData>
            <SimpleData name="Lote">A</SimpleData>
            <SimpleData name="Parametro">0.00000000000</SimpleData>
            <SimpleData name="Sup_SIG">1.01912018527</SimpleData>
            <SimpleData name="X">-55.65082505000</SimpleData>
            <SimpleData name="Y">-26.69377054000</SimpleData>
            <SimpleData name="cedula">7108865</SimpleData>
            <SimpleData name="Cédula_1">7108865.00000000000</SimpleData>
            <SimpleData name="Estado_d_1">Activo</SimpleData>
            <SimpleData name="OBJECTID_1">8595</SimpleData>
            <SimpleData name="Shape_Leng">410.88716964500</SimpleData>
            <SimpleData name="Shape_Area">10191.20185270000</SimpleData>
          </SchemaData>
        </ExtendedData>
        <Polygon>
          <outerBoundaryIs>
            <LinearRing>
              <coordinates>
                -55.6502722046054,-26.6936402375428,0
                -55.6500858005598,-26.6938921997666,0
                -55.6501086538208,-26.6939020268193,0
                -55.6507203837034,-26.6941650594009,0
                -55.6508830233847,-26.6942349900408,0
                -55.6511926007135,-26.6943681006987,0
                -55.6514904000473,-26.6937742003893,0
                -55.6506754997912,-26.693095099974,0
                -55.6502722046054,-26.6936402375428,0
              </coordinates>
            </LinearRing>
          </outerBoundaryIs>
        </Polygon>
      </Placemark>
      <Placemark id="Lote_A.77">
        <ExtendedData>
          <SchemaData schemaUrl="#Lote_A.schema">
            <SimpleData name="Cédula">7239001.00000000000</SimpleData>
            <SimpleData name="Nombres_y_">FATIMA BENITEZ BOGADO</SimpleData>
            <SimpleData name="Sexo">Mujer</SimpleData>
            <SimpleData name="Cambio_de_">NO</SimpleData>
            <SimpleData name="Titular_se">NO</SimpleData>
            <SimpleData name="ci_UNIF">7239001.00000000000</SimpleData>
            <SimpleData name="Situación">NO</SimpleData>
            <SimpleData name="Comunidad">Ind?gena</SimpleData>
            <SimpleData name="Modelo_imp">Modelo 3</SimpleData>
            <SimpleData name="Departamen">ITAPUA</SimpleData>
            <SimpleData name="Distrito">ALTO VERA</SimpleData>
            <SimpleData name="Localidad">COM INDIG MBERU - PIRAPO I</SimpleData>
            <SimpleData name="Teléfono">0986911700</SimpleData>
            <SimpleData name="Vivienda_L">-26.70532770000</SimpleData>
            <SimpleData name="Vivienda_1">-55.65711670000</SimpleData>
            <SimpleData name="Superficie">1.00000000000</SimpleData>
            <SimpleData name="Situaci_1">Pol?gono</SimpleData>
            <SimpleData name="Plantado">SI</SimpleData>
            <SimpleData name="Fecha_Plan">2025/11/06</SimpleData>
            <SimpleData name="Jornales">0.00000000000</SimpleData>
            <SimpleData name="Monto">0.00000000000</SimpleData>
            <SimpleData name="Grupo_de_p">A-P1-XX-XX-XX</SimpleData>
            <SimpleData name="Estado_del">Activo</SimpleData>
            <SimpleData name="Empresa">Red Forestal Paraguay SA</SimpleData>
            <SimpleData name="Lote">A</SimpleData>
            <SimpleData name="Parametro">0.00000000000</SimpleData>
            <SimpleData name="Sup_SIG">1.14588799458</SimpleData>
            <SimpleData name="X">-55.64693772000</SimpleData>
            <SimpleData name="Y">-26.69497916000</SimpleData>
            <SimpleData name="cedula">7239001</SimpleData>
            <SimpleData name="Cédula_1">7239001.00000000000</SimpleData>
            <SimpleData name="Estado_d_1">Activo</SimpleData>
            <SimpleData name="OBJECTID_1">8669</SimpleData>
            <SimpleData name="Shape_Leng">435.51173960200</SimpleData>
            <SimpleData name="Shape_Area">11458.87994580000</SimpleData>
          </SchemaData>
        </ExtendedData>
        <Polygon>
          <outerBoundaryIs>
            <LinearRing>
              <coordinates>
                -55.6467701998225,-26.6942334999425,0
                -55.6462560002883,-26.6950826001176,0
                -55.6471858004006,-26.6957378007331,0
                -55.6475678997332,-26.6948285001823,0
                -55.6467701998225,-26.6942334999425,0
              </coordinates>
            </LinearRing>
          </outerBoundaryIs>
        </Polygon>
      </Placemark>
      <Placemark id="Lote_A.78">
        <ExtendedData>
          <SchemaData schemaUrl="#Lote_A.schema">
            <SimpleData name="Cédula">1971289.00000000000</SimpleData>
            <SimpleData name="Nombres_y_">PANFILO BRIZUELA ROA</SimpleData>
            <SimpleData name="Sexo">Hombre</SimpleData>
            <SimpleData name="Cambio_de_">NO</SimpleData>
            <SimpleData name="Titular_se">NO</SimpleData>
            <SimpleData name="ci_UNIF">1971289.00000000000</SimpleData>
            <SimpleData name="Situación">NO</SimpleData>
            <SimpleData name="Comunidad">Campesina</SimpleData>
            <SimpleData name="Modelo_imp">Modelo 5</SimpleData>
            <SimpleData name="Departamen">CAAZAPA</SimpleData>
            <SimpleData name="Distrito">TAVA?</SimpleData>
            <SimpleData name="Localidad">TORO BLANCO</SimpleData>
            <SimpleData name="Teléfono">0985940802</SimpleData>
            <SimpleData name="Vivienda_L">-26.22164320000</SimpleData>
            <SimpleData name="Vivienda_1">-55.69749030000</SimpleData>
            <SimpleData name="Superficie">0.70000000000</SimpleData>
            <SimpleData name="Situaci_1">Pol?gono</SimpleData>
            <SimpleData name="Plantado">SI</SimpleData>
            <SimpleData name="Fecha_Plan">2025/10/12</SimpleData>
            <SimpleData name="Jornales">0.00000000000</SimpleData>
            <SimpleData name="Monto">0.00000000000</SimpleData>
            <SimpleData name="Grupo_de_p">A-P1-XX-XX-XX</SimpleData>
            <SimpleData name="Estado_del">Activo</SimpleData>
            <SimpleData name="Empresa">Red Forestal Paraguay SA</SimpleData>
            <SimpleData name="Lote">A</SimpleData>
            <SimpleData name="Parametro">0.00000000000</SimpleData>
            <SimpleData name="Sup_SIG">0.87504220952</SimpleData>
            <SimpleData name="X">-55.69654777000</SimpleData>
            <SimpleData name="Y">-26.22178639000</SimpleData>
            <SimpleData name="cedula">1971289</SimpleData>
            <SimpleData name="Cédula_1">1971289.00000000000</SimpleData>
            <SimpleData name="Estado_d_1">Activo</SimpleData>
            <SimpleData name="OBJECTID_1">6935</SimpleData>
            <SimpleData name="Shape_Leng">380.99244209600</SimpleData>
            <SimpleData name="Shape_Area">8750.42209517000</SimpleData>
          </SchemaData>
        </ExtendedData>
        <Polygon>
          <outerBoundaryIs>
            <LinearRing>
              <coordinates>
                -55.6959517003251,-26.2221450003597,0
                -55.6961732998873,-26.2221852998418,0
                -55.6972500004872,-26.2219697005252,0
                -55.6969963996359,-26.2213046002752,0
                -55.6960702004277,-26.2215888003014,0
                -55.6958515004891,-26.2217651005187,0
                -55.6959517003251,-26.2221450003597,0
              </coordinates>
            </LinearRing>
          </outerBoundaryIs>
        </Polygon>
      </Placemark>
      <Placemark id="Lote_A.79">
        <ExtendedData>
          <SchemaData schemaUrl="#Lote_A.schema">
            <SimpleData name="Cédula">8068664.00000000000</SimpleData>
            <SimpleData name="Nombres_y_">ALICIA QUINTANA BOGADO</SimpleData>
            <SimpleData name="Sexo">Mujer</SimpleData>
            <SimpleData name="Cambio_de_">NO</SimpleData>
            <SimpleData name="Titular_se">NO</SimpleData>
            <SimpleData name="ci_UNIF">8068664.00000000000</SimpleData>
            <SimpleData name="Situación">NO</SimpleData>
            <SimpleData name="Comunidad">Ind?gena</SimpleData>
            <SimpleData name="Modelo_imp">Modelo 3</SimpleData>
            <SimpleData name="Departamen">ITAPUA</SimpleData>
            <SimpleData name="Distrito">ALTO VERA</SimpleData>
            <SimpleData name="Localidad">COM INDIG MBERU - PIRAPO I</SimpleData>
            <SimpleData name="Teléfono">0984489743</SimpleData>
            <SimpleData name="Vivienda_L">-26.70296570000</SimpleData>
            <SimpleData name="Vivienda_1">-55.65507820000</SimpleData>
            <SimpleData name="Superficie">1.00000000000</SimpleData>
            <SimpleData name="Situaci_1">Pol?gono</SimpleData>
            <SimpleData name="Plantado">SI</SimpleData>
            <SimpleData name="Fecha_Plan">2025/11/06</SimpleData>
            <SimpleData name="Jornales">0.00000000000</SimpleData>
            <SimpleData name="Monto">0.00000000000</SimpleData>
            <SimpleData name="Grupo_de_p">A-P2-XX-XX-XX</SimpleData>
            <SimpleData name="Estado_del">Activo</SimpleData>
            <SimpleData name="Empresa">Red Forestal Paraguay SA</SimpleData>
            <SimpleData name="Lote">A</SimpleData>
            <SimpleData name="Parametro">0.00000000000</SimpleData>
            <SimpleData name="Sup_SIG">1.03328380642</SimpleData>
            <SimpleData name="X">-55.65078824000</SimpleData>
            <SimpleData name="Y">-26.69255655000</SimpleData>
            <SimpleData name="cedula">8068664</SimpleData>
            <SimpleData name="Cédula_1">8068664.00000000000</SimpleData>
            <SimpleData name="Estado_d_1">Activo</SimpleData>
            <SimpleData name="OBJECTID_1">8654</SimpleData>
            <SimpleData name="Shape_Leng">413.90398754400</SimpleData>
            <SimpleData name="Shape_Area">10332.83806420000</SimpleData>
          </SchemaData>
        </ExtendedData>
        <Polygon>
          <outerBoundaryIs>
            <LinearRing>
              <coordinates>
                -55.6501600481062,-26.6925749240251,0
                -55.650143300367,-26.6926000002178,0
                -55.650948300242,-26.6932833002331,0
                -55.6509832549075,-26.6932243561129,0
                -55.6510622829372,-26.6930910904025,0
                -55.6514217000931,-26.6924849997995,0
                -55.6506337892502,-26.6918394733966,0
                -55.6504191859747,-26.6921869146086,0
                -55.6501600481062,-26.6925749240251,0
              </coordinates>
            </LinearRing>
          </outerBoundaryIs>
        </Polygon>
      </Placemark>
      <Placemark id="Lote_A.80">
        <ExtendedData>
          <SchemaData schemaUrl="#Lote_A.schema">
            <SimpleData name="Cédula">5766123.00000000000</SimpleData>
            <SimpleData name="Nombres_y_">RODRIGO  BENITEZ ROJAS</SimpleData>
            <SimpleData name="Sexo">Hombre</SimpleData>
            <SimpleData name="Cambio_de_">NO</SimpleData>
            <SimpleData name="Titular_se">NO</SimpleData>
            <SimpleData name="ci_UNIF">5766123.00000000000</SimpleData>
            <SimpleData name="Situación">NO</SimpleData>
            <SimpleData name="Comunidad">Campesina</SimpleData>
            <SimpleData name="Modelo_imp">Modelo 1</SimpleData>
            <SimpleData name="Departamen">CAAZAPA</SimpleData>
            <SimpleData name="Distrito">TAVA?</SimpleData>
            <SimpleData name="Localidad">ENRAMADITA</SimpleData>
            <SimpleData name="Teléfono">986319391</SimpleData>
            <SimpleData name="Vivienda_L">-26.17080210000</SimpleData>
            <SimpleData name="Vivienda_1">-55.67644210000</SimpleData>
            <SimpleData name="Superficie">0.80000000000</SimpleData>
            <SimpleData name="Situaci_1">Pol?gono</SimpleData>
            <SimpleData name="Plantado">SI</SimpleData>
            <SimpleData name="Fecha_Plan">2025/10/04</SimpleData>
            <SimpleData name="Jornales">0.00000000000</SimpleData>
            <SimpleData name="Monto">0.00000000000</SimpleData>
            <SimpleData name="Grupo_de_p">A-P2-XX-XX-XX</SimpleData>
            <SimpleData name="Estado_del">Activo</SimpleData>
            <SimpleData name="Empresa">Red Forestal Paraguay SA</SimpleData>
            <SimpleData name="Lote">A</SimpleData>
            <SimpleData name="Parametro">0.00000000000</SimpleData>
            <SimpleData name="Sup_SIG">0.88585967269</SimpleData>
            <SimpleData name="X">-55.68179958000</SimpleData>
            <SimpleData name="Y">-26.16588641000</SimpleData>
            <SimpleData name="cedula">5766123</SimpleData>
            <SimpleData name="Cédula_1">5766123.00000000000</SimpleData>
            <SimpleData name="Estado_d_1">Activo</SimpleData>
            <SimpleData name="OBJECTID_1">7370</SimpleData>
            <SimpleData name="Shape_Leng">524.05378979700</SimpleData>
            <SimpleData name="Shape_Area">8858.59672691000</SimpleData>
          </SchemaData>
        </ExtendedData>
        <Polygon>
          <outerBoundaryIs>
            <LinearRing>
              <coordinates>
                -55.6807125001499,-26.1658561999904,0
                -55.6828687001131,-26.1662848999832,0
                -55.6830318002732,-26.1660450001674,0
                -55.6818967999432,-26.1657066004713,0
                -55.6808650998053,-26.1654634000212,0
                -55.6807125001499,-26.1658561999904,0
              </coordinates>
            </LinearRing>
          </outerBoundaryIs>
        </Polygon>
      </Placemark>
      <Placemark id="Lote_A.81">
        <ExtendedData>
          <SchemaData schemaUrl="#Lote_A.schema">
            <SimpleData name="Cédula">2689491.00000000000</SimpleData>
            <SimpleData name="Nombres_y_">MAGDA LOLIA GIMENEZ DE IBARRA</SimpleData>
            <SimpleData name="Sexo">Mujer</SimpleData>
            <SimpleData name="Cambio_de_">NO</SimpleData>
            <SimpleData name="Titular_se">NO</SimpleData>
            <SimpleData name="ci_UNIF">2689491.00000000000</SimpleData>
            <SimpleData name="Situación">NO</SimpleData>
            <SimpleData name="Comunidad">Campesina</SimpleData>
            <SimpleData name="Modelo_imp">Modelo 1</SimpleData>
            <SimpleData name="Departamen">CAAZAPA</SimpleData>
            <SimpleData name="Distrito">TAVA?</SimpleData>
            <SimpleData name="Localidad">VIRGEN DEL CARMEN</SimpleData>
            <SimpleData name="Teléfono">985870658</SimpleData>
            <SimpleData name="Vivienda_L">-26.23646670000</SimpleData>
            <SimpleData name="Vivienda_1">-55.68429670000</SimpleData>
            <SimpleData name="Superficie">0.80000000000</SimpleData>
            <SimpleData name="Situaci_1">Pol?gono</SimpleData>
            <SimpleData name="Plantado">SI</SimpleData>
            <SimpleData name="Fecha_Plan">2025/09/24</SimpleData>
            <SimpleData name="Jornales">0.00000000000</SimpleData>
            <SimpleData name="Monto">0.00000000000</SimpleData>
            <SimpleData name="Grupo_de_p">A-P1-XX-XX-XX</SimpleData>
            <SimpleData name="Estado_del">Activo</SimpleData>
            <SimpleData name="Empresa">Red Forestal Paraguay SA</SimpleData>
            <SimpleData name="Lote">A</SimpleData>
            <SimpleData name="Parametro">0.00000000000</SimpleData>
            <SimpleData name="Sup_SIG">0.84463748360</SimpleData>
            <SimpleData name="X">-55.68234519000</SimpleData>
            <SimpleData name="Y">-26.23521509000</SimpleData>
            <SimpleData name="cedula">2689491</SimpleData>
            <SimpleData name="Cédula_1">2689491.00000000000</SimpleData>
            <SimpleData name="Estado_d_1">Activo</SimpleData>
            <SimpleData name="OBJECTID_1">7371</SimpleData>
            <SimpleData name="Shape_Leng">386.82003153900</SimpleData>
            <SimpleData name="Shape_Area">8446.37483601000</SimpleData>
          </SchemaData>
        </ExtendedData>
        <Polygon>
          <outerBoundaryIs>
            <LinearRing>
              <coordinates>
                -55.6818056996286,-26.2354534999144,0
                -55.6829218998546,-26.2355935992384,0
                -55.6830875999125,-26.2354285007167,0
                -55.683071699975,-26.2352367001062,0
                -55.6824716996348,-26.2349049992069,0
                -55.6820832995977,-26.2348166996629,0
                -55.6820784002743,-26.2348081006016,0
                -55.6819119996091,-26.234843199517,0
                -55.681567099998,-26.2349537000446,0
                -55.6817966007326,-26.2352201005437,0
                -55.6818056996286,-26.2354534999144,0
              </coordinates>
            </LinearRing>
          </outerBoundaryIs>
        </Polygon>
      </Placemark>
      <Placemark id="Lote_A.82">
        <ExtendedData>
          <SchemaData schemaUrl="#Lote_A.schema">
            <SimpleData name="Cédula">7653388.00000000000</SimpleData>
            <SimpleData name="Nombres_y_">SONIA  CACERES GODOY</SimpleData>
            <SimpleData name="Sexo">Mujer</SimpleData>
            <SimpleData name="Cambio_de_">NO</SimpleData>
            <SimpleData name="Titular_se">NO</SimpleData>
            <SimpleData name="ci_UNIF">7653388.00000000000</SimpleData>
            <SimpleData name="Situación">NO</SimpleData>
            <SimpleData name="Comunidad">Campesina</SimpleData>
            <SimpleData name="Modelo_imp">Modelo 1</SimpleData>
            <SimpleData name="Departamen">CAAZAPA</SimpleData>
            <SimpleData name="Distrito">TAVA?</SimpleData>
            <SimpleData name="Localidad">VIRGEN DEL CARMEN</SimpleData>
            <SimpleData name="Teléfono">981662945</SimpleData>
            <SimpleData name="Vivienda_L">-26.23109890000</SimpleData>
            <SimpleData name="Vivienda_1">-55.69294260000</SimpleData>
            <SimpleData name="Superficie">0.80000000000</SimpleData>
            <SimpleData name="Situaci_1">Pol?gono</SimpleData>
            <SimpleData name="Plantado">SI</SimpleData>
            <SimpleData name="Fecha_Plan">2025/10/16</SimpleData>
            <SimpleData name="Jornales">0.00000000000</SimpleData>
            <SimpleData name="Monto">0.00000000000</SimpleData>
            <SimpleData name="Grupo_de_p">A-P1-XX-XX-XX</SimpleData>
            <SimpleData name="Estado_del">Activo</SimpleData>
            <SimpleData name="Empresa">Red Forestal Paraguay SA</SimpleData>
            <SimpleData name="Lote">A</SimpleData>
            <SimpleData name="Parametro">0.00000000000</SimpleData>
            <SimpleData name="Sup_SIG">0.83411245211</SimpleData>
            <SimpleData name="X">-55.69388719000</SimpleData>
            <SimpleData name="Y">-26.23091420000</SimpleData>
            <SimpleData name="cedula">7653388</SimpleData>
            <SimpleData name="Cédula_1">7653388.00000000000</SimpleData>
            <SimpleData name="Estado_d_1">Activo</SimpleData>
            <SimpleData name="OBJECTID_1">7372</SimpleData>
            <SimpleData name="Shape_Leng">361.78592419100</SimpleData>
            <SimpleData name="Shape_Area">8341.12452110000</SimpleData>
          </SchemaData>
        </ExtendedData>
        <Polygon>
          <outerBoundaryIs>
            <LinearRing>
              <coordinates>
                -55.6936298998076,-26.2311652004678,0
                -55.6942617003827,-26.2314582997699,0
                -55.6943933000533,-26.2312616998887,0
                -55.6944466999846,-26.2308816997714,0
                -55.6942882004215,-26.2306430997312,0
                -55.6934571004863,-26.2304560000937,0
                -55.6931916996863,-26.2308283004347,0
                -55.6936298998076,-26.2311652004678,0
              </coordinates>
            </LinearRing>
          </outerBoundaryIs>
        </Polygon>
      </Placemark>
      <Placemark id="Lote_A.83">
        <ExtendedData>
          <SchemaData schemaUrl="#Lote_A.schema">
            <SimpleData name="Cédula">7111615.00000000000</SimpleData>
            <SimpleData name="Nombres_y_">ROSMARI SANCHEZ</SimpleData>
            <SimpleData name="Sexo">Mujer</SimpleData>
            <SimpleData name="Cambio_de_">NO</SimpleData>
            <SimpleData name="Titular_se">NO</SimpleData>
            <SimpleData name="ci_UNIF">7111615.00000000000</SimpleData>
            <SimpleData name="Situación">NO</SimpleData>
            <SimpleData name="Comunidad">Campesina</SimpleData>
            <SimpleData name="Modelo_imp">Modelo 1</SimpleData>
            <SimpleData name="Departamen">CAAZAPA</SimpleData>
            <SimpleData name="Distrito">TAVA?</SimpleData>
            <SimpleData name="Localidad">TORO BLANCO</SimpleData>
            <SimpleData name="Teléfono">0986962791</SimpleData>
            <SimpleData name="Vivienda_L">-26.25095610000</SimpleData>
            <SimpleData name="Vivienda_1">-55.69961490000</SimpleData>
            <SimpleData name="Superficie">0.80000000000</SimpleData>
            <SimpleData name="Situaci_1">Par?metro</SimpleData>
            <SimpleData name="Plantado">SI</SimpleData>
            <SimpleData name="Fecha_Plan">2025/12/03</SimpleData>
            <SimpleData name="Jornales">0.00000000000</SimpleData>
            <SimpleData name="Monto">0.00000000000</SimpleData>
            <SimpleData name="Grupo_de_p">A-P2-XX-XX-XX</SimpleData>
            <SimpleData name="Estado_del">Activo</SimpleData>
            <SimpleData name="Empresa">Red Forestal Paraguay SA</SimpleData>
            <SimpleData name="Lote">A</SimpleData>
            <SimpleData name="Parametro">0.00000000000</SimpleData>
            <SimpleData name="Sup_SIG">0.97065856589</SimpleData>
            <SimpleData name="X">-55.70516945000</SimpleData>
            <SimpleData name="Y">-26.24953220000</SimpleData>
            <SimpleData name="cedula">7111615</SimpleData>
            <SimpleData name="Cédula_1">7111615.00000000000</SimpleData>
            <SimpleData name="Estado_d_1">Activo</SimpleData>
            <SimpleData name="OBJECTID_1">8641</SimpleData>
            <SimpleData name="Shape_Leng">551.75519893200</SimpleData>
            <SimpleData name="Shape_Area">9706.58565894000</SimpleData>
          </SchemaData>
        </ExtendedData>
        <Polygon>
          <outerBoundaryIs>
            <LinearRing>
              <coordinates>
                -55.706370000066,-26.2492704999569,0
                -55.704596699642,-26.249398300485,0
                -55.7045710999238,-26.2493326996046,0
                -55.7040332992067,-26.2493783002588,0
                -55.7041182999186,-26.2498167004431,0
                -55.7063450000326,-26.2496283000321,0
                -55.706370000066,-26.2492704999569,0
              </coordinates>
            </LinearRing>
          </outerBoundaryIs>
        </Polygon>
      </Placemark>
      <Placemark id="Lote_A.84">
        <ExtendedData>
          <SchemaData schemaUrl="#Lote_A.schema">
            <SimpleData name="Cédula">4778713.00000000000</SimpleData>
            <SimpleData name="Nombres_y_">CELINA ESTHER GIMENEZ FIGUEREDO</SimpleData>
            <SimpleData name="Sexo">Mujer</SimpleData>
            <SimpleData name="Cambio_de_">NO</SimpleData>
            <SimpleData name="Titular_se">NO</SimpleData>
            <SimpleData name="ci_UNIF">4778713.00000000000</SimpleData>
            <SimpleData name="Situación">NO</SimpleData>
            <SimpleData name="Comunidad">Campesina</SimpleData>
            <SimpleData name="Modelo_imp">Modelo 5</SimpleData>
            <SimpleData name="Departamen">CAAZAPA</SimpleData>
            <SimpleData name="Distrito">TAVA?</SimpleData>
            <SimpleData name="Localidad">YVY ATY</SimpleData>
            <SimpleData name="Teléfono">0981974071</SimpleData>
            <SimpleData name="Vivienda_L">-26.17251060000</SimpleData>
            <SimpleData name="Vivienda_1">-55.58581320000</SimpleData>
            <SimpleData name="Superficie">0.70000000000</SimpleData>
            <SimpleData name="Situaci_1">Pol?gono</SimpleData>
            <SimpleData name="Plantado">SI</SimpleData>
            <SimpleData name="Fecha_Plan">2025/10/08</SimpleData>
            <SimpleData name="Jornales">0.00000000000</SimpleData>
            <SimpleData name="Monto">0.00000000000</SimpleData>
            <SimpleData name="Grupo_de_p">A-P2-XX-XX-XX</SimpleData>
            <SimpleData name="Estado_del">Activo</SimpleData>
            <SimpleData name="Empresa">Red Forestal Paraguay SA</SimpleData>
            <SimpleData name="Lote">A</SimpleData>
            <SimpleData name="Parametro">0.00000000000</SimpleData>
            <SimpleData name="Sup_SIG">0.77379797878</SimpleData>
            <SimpleData name="X">-55.58597358000</SimpleData>
            <SimpleData name="Y">-26.17041964000</SimpleData>
            <SimpleData name="cedula">4778713</SimpleData>
            <SimpleData name="Cédula_1">4778713.00000000000</SimpleData>
            <SimpleData name="Estado_d_1">Activo</SimpleData>
            <SimpleData name="OBJECTID_1">8644</SimpleData>
            <SimpleData name="Shape_Leng">372.39540059500</SimpleData>
            <SimpleData name="Shape_Area">7737.97978782000</SimpleData>
          </SchemaData>
        </ExtendedData>
        <Polygon>
          <outerBoundaryIs>
            <LinearRing>
              <coordinates>
                -55.5856970996485,-26.1709844997935,0
                -55.5861099997899,-26.1710233004303,0
                -55.5861549998875,-26.1706967002558,0
                -55.5863166999241,-26.17066639995,0
                -55.5864100003158,-26.1698966998011,0
                -55.5855849998592,-26.170016700216,0
                -55.5855999998437,-26.1705666997265,0
                -55.5856617001463,-26.1707033004152,0
                -55.5856970996485,-26.1709844997935,0
              </coordinates>
            </LinearRing>
          </outerBoundaryIs>
        </Polygon>
      </Placemark>
      <Placemark id="Lote_A.85">
        <ExtendedData>
          <SchemaData schemaUrl="#Lote_A.schema">
            <SimpleData name="Cédula">5639709.00000000000</SimpleData>
            <SimpleData name="Nombres_y_">MARCO DANIEL RAMIREZ ALVARES</SimpleData>
            <SimpleData name="Sexo">Hombre</SimpleData>
            <SimpleData name="Cambio_de_">NO</SimpleData>
            <SimpleData name="Titular_se">NO</SimpleData>
            <SimpleData name="ci_UNIF">5639709.00000000000</SimpleData>
            <SimpleData name="Situación">NO</SimpleData>
            <SimpleData name="Comunidad">Campesina</SimpleData>
            <SimpleData name="Modelo_imp">Modelo 1</SimpleData>
            <SimpleData name="Departamen">CAAZAPA</SimpleData>
            <SimpleData name="Distrito">TAVA?</SimpleData>
            <SimpleData name="Localidad">TORO BLANCO</SimpleData>
            <SimpleData name="Teléfono">0986901759</SimpleData>
            <SimpleData name="Vivienda_L">-26.23178410000</SimpleData>
            <SimpleData name="Vivienda_1">-55.67010020000</SimpleData>
            <SimpleData name="Superficie">0.80000000000</SimpleData>
            <SimpleData name="Situaci_1">Pol?gono</SimpleData>
            <SimpleData name="Plantado">SI</SimpleData>
            <SimpleData name="Fecha_Plan">2025/09/27</SimpleData>
            <SimpleData name="Jornales">0.00000000000</SimpleData>
            <SimpleData name="Monto">0.00000000000</SimpleData>
            <SimpleData name="Grupo_de_p">A-P3-XX-XX-XX</SimpleData>
            <SimpleData name="Estado_del">Activo</SimpleData>
            <SimpleData name="Empresa">Red Forestal Paraguay SA</SimpleData>
            <SimpleData name="Lote">A</SimpleData>
            <SimpleData name="Parametro">0.00000000000</SimpleData>
            <SimpleData name="Sup_SIG">0.98228202220</SimpleData>
            <SimpleData name="X">-55.66689205000</SimpleData>
            <SimpleData name="Y">-26.23483025000</SimpleData>
            <SimpleData name="cedula">5639709</SimpleData>
            <SimpleData name="Cédula_1">5639709.00000000000</SimpleData>
            <SimpleData name="Estado_d_1">Activo</SimpleData>
            <SimpleData name="OBJECTID_1">8645</SimpleData>
            <SimpleData name="Shape_Leng">575.54430979400</SimpleData>
            <SimpleData name="Shape_Area">9822.82022198000</SimpleData>
          </SchemaData>
        </ExtendedData>
        <MultiGeometry>
          <Polygon>
            <outerBoundaryIs>
              <LinearRing>
                <coordinates>
                  -55.6676499999913,-26.2354330000997,0
                  -55.6678416990344,-26.235431800019,0
                  -55.6678232990251,-26.2346482999795,0
                  -55.6676282997056,-26.2346582005176,0
                  -55.6676499999913,-26.2354330000997,0
                </coordinates>
              </LinearRing>
            </outerBoundaryIs>
          </Polygon>
          <Polygon>
            <outerBoundaryIs>
              <LinearRing>
                <coordinates>
                  -55.6661666997339,-26.235156699892,0
                  -55.6672666998315,-26.235063300466,0
                  -55.6672866993199,-26.2343917001701,0
                  -55.666744999475,-26.2344333005323,0
                  -55.6662982991938,-26.2345550000903,0
                  -55.6660666990344,-26.2347299999006,0
                  -55.6661666997339,-26.235156699892,0
                </coordinates>
              </LinearRing>
            </outerBoundaryIs>
          </Polygon>
        </MultiGeometry>
      </Placemark>
      <Placemark id="Lote_A.86">
        <ExtendedData>
          <SchemaData schemaUrl="#Lote_A.schema">
            <SimpleData name="Cédula">5668331.00000000000</SimpleData>
            <SimpleData name="Nombres_y_">MARICEL  ZARZA VAZQUEZ</SimpleData>
            <SimpleData name="Sexo">Mujer</SimpleData>
            <SimpleData name="Cambio_de_">NO</SimpleData>
            <SimpleData name="Titular_se">NO</SimpleData>
            <SimpleData name="ci_UNIF">5668331.00000000000</SimpleData>
            <SimpleData name="Situación">NO</SimpleData>
            <SimpleData name="Comunidad">Campesina</SimpleData>
            <SimpleData name="Modelo_imp">Modelo 1</SimpleData>
            <SimpleData name="Departamen">CAAZAPA</SimpleData>
            <SimpleData name="Distrito">TAVA?</SimpleData>
            <SimpleData name="Localidad">SAN FRANCISCO</SimpleData>
            <SimpleData name="Teléfono">986161643</SimpleData>
            <SimpleData name="Vivienda_L">-26.15175500000</SimpleData>
            <SimpleData name="Vivienda_1">-55.55918500000</SimpleData>
            <SimpleData name="Superficie">0.80000000000</SimpleData>
            <SimpleData name="Situaci_1">Parametro</SimpleData>
            <SimpleData name="Plantado">SI</SimpleData>
            <SimpleData name="Fecha_Plan">2025/10/30</SimpleData>
            <SimpleData name="Jornales">0.00000000000</SimpleData>
            <SimpleData name="Monto">0.00000000000</SimpleData>
            <SimpleData name="Grupo_de_p">A-P3-XX-XX-XX</SimpleData>
            <SimpleData name="Estado_del">Activo</SimpleData>
            <SimpleData name="Empresa">Red Forestal Paraguay SA</SimpleData>
            <SimpleData name="Lote">A</SimpleData>
            <SimpleData name="Parametro">0.00000000000</SimpleData>
            <SimpleData name="Sup_SIG">0.99165555692</SimpleData>
            <SimpleData name="X">-55.56735816000</SimpleData>
            <SimpleData name="Y">-26.14153320000</SimpleData>
            <SimpleData name="cedula">5668331</SimpleData>
            <SimpleData name="Cédula_1">5668331.00000000000</SimpleData>
            <SimpleData name="Estado_d_1">Activo</SimpleData>
            <SimpleData name="OBJECTID_1">8820</SimpleData>
            <SimpleData name="Shape_Leng">497.74752180600</SimpleData>
            <SimpleData name="Shape_Area">9916.55556918000</SimpleData>
          </SchemaData>
        </ExtendedData>
        <Polygon>
          <outerBoundaryIs>
            <LinearRing>
              <coordinates>
                -55.5670541732767,-26.1419707238013,0
                -55.5670334446266,-26.1424369363554,0
                -55.5675267000936,-26.1424149996556,0
                -55.5676900002347,-26.1406366999303,0
                -55.5672167004415,-26.1406100001493,0
                -55.5670541732767,-26.1419707238013,0
              </coordinates>
            </LinearRing>
          </outerBoundaryIs>
        </Polygon>
      </Placemark>
      <Placemark id="Lote_A.87">
        <ExtendedData>
          <SchemaData schemaUrl="#Lote_A.schema">
            <SimpleData name="Cédula">4593966.00000000000</SimpleData>
            <SimpleData name="Nombres_y_">MAXIMA  ROJAS</SimpleData>
            <SimpleData name="Sexo">Mujer</SimpleData>
            <SimpleData name="Cambio_de_">NO</SimpleData>
            <SimpleData name="Titular_se">NO</SimpleData>
            <SimpleData name="ci_UNIF">4593966.00000000000</SimpleData>
            <SimpleData name="Situación">NO</SimpleData>
            <SimpleData name="Comunidad">Campesina</SimpleData>
            <SimpleData name="Modelo_imp">Modelo 1</SimpleData>
            <SimpleData name="Departamen">CAAZAPA</SimpleData>
            <SimpleData name="Distrito">TAVA?</SimpleData>
            <SimpleData name="Localidad">TORO BLANCO</SimpleData>
            <SimpleData name="Teléfono">982920766</SimpleData>
            <SimpleData name="Vivienda_L">-26.21350000000</SimpleData>
            <SimpleData name="Vivienda_1">-55.69566830000</SimpleData>
            <SimpleData name="Superficie">0.80000000000</SimpleData>
            <SimpleData name="Situaci_1">Parametro</SimpleData>
            <SimpleData name="Plantado">SI</SimpleData>
            <SimpleData name="Fecha_Plan">2026/04/09</SimpleData>
            <SimpleData name="Jornales">0.00000000000</SimpleData>
            <SimpleData name="Monto">0.00000000000</SimpleData>
            <SimpleData name="Grupo_de_p">A-P3-XX-XX-XX</SimpleData>
            <SimpleData name="Estado_del">Activo</SimpleData>
            <SimpleData name="Empresa">Red Forestal Paraguay SA</SimpleData>
            <SimpleData name="Lote">A</SimpleData>
            <SimpleData name="Parametro">0.00000000000</SimpleData>
            <SimpleData name="Sup_SIG">0.87007734665</SimpleData>
            <SimpleData name="X">-55.69762972000</SimpleData>
            <SimpleData name="Y">-26.21226221000</SimpleData>
            <SimpleData name="cedula">4593966</SimpleData>
            <SimpleData name="Cédula_1">4593966.00000000000</SimpleData>
            <SimpleData name="Estado_d_1">Activo</SimpleData>
            <SimpleData name="OBJECTID_1">7373</SimpleData>
            <SimpleData name="Shape_Leng">545.54242766400</SimpleData>
            <SimpleData name="Shape_Area">8700.77346645000</SimpleData>
          </SchemaData>
        </ExtendedData>
        <Polygon>
          <outerBoundaryIs>
            <LinearRing>
              <coordinates>
                -55.6969579002622,-26.2121866003357,0
                -55.6976000004818,-26.212983499932,0
                -55.6980866999311,-26.2126752995716,0
                -55.6976317004135,-26.2119867998943,0
                -55.6984800003131,-26.2114617003471,0
                -55.6983732998416,-26.2113500004046,0
                -55.6969579002622,-26.2121866003357,0
              </coordinates>
            </LinearRing>
          </outerBoundaryIs>
        </Polygon>
      </Placemark>
      <Placemark id="Lote_A.88">
        <ExtendedData>
          <SchemaData schemaUrl="#Lote_A.schema">
            <SimpleData name="Cédula">6588622.00000000000</SimpleData>
            <SimpleData name="Nombres_y_">MARISA MEDINA RIOS</SimpleData>
            <SimpleData name="Sexo">Mujer</SimpleData>
            <SimpleData name="Cambio_de_">NO</SimpleData>
            <SimpleData name="Titular_se">NO</SimpleData>
            <SimpleData name="ci_UNIF">6588622.00000000000</SimpleData>
            <SimpleData name="Situación">NO</SimpleData>
            <SimpleData name="Comunidad">Campesina</SimpleData>
            <SimpleData name="Modelo_imp">Modelo 1</SimpleData>
            <SimpleData name="Departamen">CAAZAPA</SimpleData>
            <SimpleData name="Distrito">TAVA?</SimpleData>
            <SimpleData name="Localidad">SAN FRANCISCO</SimpleData>
            <SimpleData name="Teléfono">0984755101</SimpleData>
            <SimpleData name="Vivienda_L">-26.15181950000</SimpleData>
            <SimpleData name="Vivienda_1">-55.55852430000</SimpleData>
            <SimpleData name="Superficie">0.80000000000</SimpleData>
            <SimpleData name="Situaci_1">Par?metro</SimpleData>
            <SimpleData name="Plantado">SI</SimpleData>
            <SimpleData name="Fecha_Plan">2025/10/30</SimpleData>
            <SimpleData name="Jornales">0.00000000000</SimpleData>
            <SimpleData name="Monto">0.00000000000</SimpleData>
            <SimpleData name="Grupo_de_p">A-P3-XX-XX-XX</SimpleData>
            <SimpleData name="Estado_del">Activo</SimpleData>
            <SimpleData name="Empresa">Red Forestal Paraguay SA</SimpleData>
            <SimpleData name="Lote">A</SimpleData>
            <SimpleData name="Parametro">0.00000000000</SimpleData>
            <SimpleData name="Sup_SIG">0.80148959745</SimpleData>
            <SimpleData name="X">-55.56681940000</SimpleData>
            <SimpleData name="Y">-26.14209312000</SimpleData>
            <SimpleData name="cedula">6588622</SimpleData>
            <SimpleData name="Cédula_1">6588622.00000000000</SimpleData>
            <SimpleData name="Estado_d_1">Activo</SimpleData>
            <SimpleData name="OBJECTID_1">8638</SimpleData>
            <SimpleData name="Shape_Leng">445.95651448300</SimpleData>
            <SimpleData name="Shape_Area">8014.89597452000</SimpleData>
          </SchemaData>
        </ExtendedData>
        <Polygon>
          <outerBoundaryIs>
            <LinearRing>
              <coordinates>
                -55.5670334446266,-26.1424369363554,0
                -55.5670541732767,-26.1419707238013,0
                -55.567081699944,-26.1413516003172,0
                -55.5666300004893,-26.1412416997058,0
                -55.5665633000203,-26.1428982998697,0
                -55.5670133003935,-26.1428900000722,0
                -55.5670334446266,-26.1424369363554,0
              </coordinates>
            </LinearRing>
          </outerBoundaryIs>
        </Polygon>
      </Placemark>
      <Placemark id="Lote_A.89">
        <ExtendedData>
          <SchemaData schemaUrl="#Lote_A.schema">
            <SimpleData name="Cédula">6607303.00000000000</SimpleData>
            <SimpleData name="Nombres_y_">LIZ ROSMARI DIAZ BENITEZ</SimpleData>
            <SimpleData name="Sexo">Mujer</SimpleData>
            <SimpleData name="Cambio_de_">NO</SimpleData>
            <SimpleData name="Titular_se">NO</SimpleData>
            <SimpleData name="ci_UNIF">6607303.00000000000</SimpleData>
            <SimpleData name="Situación">NO</SimpleData>
            <SimpleData name="Comunidad">Campesina</SimpleData>
            <SimpleData name="Modelo_imp">Modelo 5</SimpleData>
            <SimpleData name="Departamen">ITAPUA</SimpleData>
            <SimpleData name="Distrito">ALTO VERA</SimpleData>
            <SimpleData name="Localidad">TARUMA</SimpleData>
            <SimpleData name="Teléfono">982767714</SimpleData>
            <SimpleData name="Vivienda_L">-26.73187670000</SimpleData>
            <SimpleData name="Vivienda_1">-55.81995830000</SimpleData>
            <SimpleData name="Superficie">0.70000000000</SimpleData>
            <SimpleData name="Situaci_1">Parametro</SimpleData>
            <SimpleData name="Plantado">SI</SimpleData>
            <SimpleData name="Fecha_Plan">2026/02/02</SimpleData>
            <SimpleData name="Jornales">0.00000000000</SimpleData>
            <SimpleData name="Monto">0.00000000000</SimpleData>
            <SimpleData name="Grupo_de_p">A-P3-XX-XX-XX</SimpleData>
            <SimpleData name="Estado_del">Activo</SimpleData>
            <SimpleData name="Empresa">Red Forestal Paraguay SA</SimpleData>
            <SimpleData name="Lote">A</SimpleData>
            <SimpleData name="Parametro">0.00000000000</SimpleData>
            <SimpleData name="Sup_SIG">0.69787206777</SimpleData>
            <SimpleData name="X">-55.83105111000</SimpleData>
            <SimpleData name="Y">-26.68692730000</SimpleData>
            <SimpleData name="cedula">6607303</SimpleData>
            <SimpleData name="Cédula_1">6607303.00000000000</SimpleData>
            <SimpleData name="Estado_d_1">Activo</SimpleData>
            <SimpleData name="OBJECTID_1">7507</SimpleData>
            <SimpleData name="Shape_Leng">499.81934544300</SimpleData>
            <SimpleData name="Shape_Area">6978.72067774000</SimpleData>
          </SchemaData>
        </ExtendedData>
        <MultiGeometry>
          <Polygon>
            <outerBoundaryIs>
              <LinearRing>
                <coordinates>
                  -55.8307596997499,-26.6874479997785,0
                  -55.83155729982,-26.6869523999233,0
                  -55.831210200087,-26.6865261996665,0
                  -55.8303850000068,-26.6869951999126,0
                  -55.8307596997499,-26.6874479997785,0
                </coordinates>
              </LinearRing>
            </outerBoundaryIs>
          </Polygon>
          <Polygon>
            <outerBoundaryIs>
              <LinearRing>
                <coordinates>
                  -55.8316030996388,-26.6869372000935,0
                  -55.8317516997432,-26.686865299691,0
                  -55.8312308997267,-26.6862889001185,0
                  -55.8311857997546,-26.6864301996206,0
                  -55.8316030996388,-26.6869372000935,0
                </coordinates>
              </LinearRing>
            </outerBoundaryIs>
          </Polygon>
        </MultiGeometry>
      </Placemark>
      <Placemark id="Lote_A.90">
        <ExtendedData>
          <SchemaData schemaUrl="#Lote_A.schema">
            <SimpleData name="Cédula">6655884.00000000000</SimpleData>
            <SimpleData name="Nombres_y_">MARIELA BAREIRO CACERES</SimpleData>
            <SimpleData name="Sexo">Mujer</SimpleData>
            <SimpleData name="Cambio_de_">NO</SimpleData>
            <SimpleData name="Titular_se">NO</SimpleData>
            <SimpleData name="ci_UNIF">6655884.00000000000</SimpleData>
            <SimpleData name="Situación">NO</SimpleData>
            <SimpleData name="Comunidad">Campesina</SimpleData>
            <SimpleData name="Modelo_imp">Modelo 5</SimpleData>
            <SimpleData name="Departamen">ITAPUA</SimpleData>
            <SimpleData name="Distrito">ALTO VERA</SimpleData>
            <SimpleData name="Localidad">TARUMA</SimpleData>
            <SimpleData name="Teléfono">0985474127</SimpleData>
            <SimpleData name="Vivienda_L">-26.73284780000</SimpleData>
            <SimpleData name="Vivienda_1">-55.82694180000</SimpleData>
            <SimpleData name="Superficie">0.70000000000</SimpleData>
            <SimpleData name="Situaci_1">Par?metro</SimpleData>
            <SimpleData name="Plantado">SI</SimpleData>
            <SimpleData name="Fecha_Plan">2026/01/16</SimpleData>
            <SimpleData name="Jornales">0.00000000000</SimpleData>
            <SimpleData name="Monto">0.00000000000</SimpleData>
            <SimpleData name="Grupo_de_p">A-P3-XX-XX-XX</SimpleData>
            <SimpleData name="Estado_del">Activo</SimpleData>
            <SimpleData name="Empresa">Red Forestal Paraguay SA</SimpleData>
            <SimpleData name="Lote">A</SimpleData>
            <SimpleData name="Parametro">0.00000000000</SimpleData>
            <SimpleData name="Sup_SIG">0.72580757516</SimpleData>
            <SimpleData name="X">-55.82866767000</SimpleData>
            <SimpleData name="Y">-26.73221058000</SimpleData>
            <SimpleData name="cedula">6655884</SimpleData>
            <SimpleData name="Cédula_1">6655884.00000000000</SimpleData>
            <SimpleData name="Estado_d_1">Activo</SimpleData>
            <SimpleData name="OBJECTID_1">7489</SimpleData>
            <SimpleData name="Shape_Leng">537.92685734300</SimpleData>
            <SimpleData name="Shape_Area">7258.07575156000</SimpleData>
          </SchemaData>
        </ExtendedData>
        <MultiGeometry>
          <Polygon>
            <outerBoundaryIs>
              <LinearRing>
                <coordinates>
                  -55.8263132002724,-26.7376751996506,0
                  -55.8268116003716,-26.7369646001924,0
                  -55.8265987998195,-26.7369649999898,0
                  -55.8261367001081,-26.7375833001509,0
                  -55.8263132002724,-26.7376751996506,0
                </coordinates>
              </LinearRing>
            </outerBoundaryIs>
          </Polygon>
          <Polygon>
            <outerBoundaryIs>
              <LinearRing>
                <coordinates>
                  -55.8288300999105,-26.7327428998924,0
                  -55.8292306002851,-26.7322665996432,0
                  -55.8283200000079,-26.7316999999292,0
                  -55.8281485003541,-26.7320438000829,0
                  -55.8288300999105,-26.7327428998924,0
                </coordinates>
              </LinearRing>
            </outerBoundaryIs>
          </Polygon>
        </MultiGeometry>
      </Placemark>
      <Placemark id="Lote_A.91">
        <ExtendedData>
          <SchemaData schemaUrl="#Lote_A.schema">
            <SimpleData name="Cédula">5730725.00000000000</SimpleData>
            <SimpleData name="Nombres_y_">CAROLINA BENITEZ AMARILLA</SimpleData>
            <SimpleData name="Sexo">Mujer</SimpleData>
            <SimpleData name="Cambio_de_">NO</SimpleData>
            <SimpleData name="Titular_se">NO</SimpleData>
            <SimpleData name="ci_UNIF">5730725.00000000000</SimpleData>
            <SimpleData name="Situación">NO</SimpleData>
            <SimpleData name="Comunidad">Campesina</SimpleData>
            <SimpleData name="Modelo_imp">Modelo 1</SimpleData>
            <SimpleData name="Departamen">CAAZAPA</SimpleData>
            <SimpleData name="Distrito">TAVA?</SimpleData>
            <SimpleData name="Localidad">TORO BLANCO</SimpleData>
            <SimpleData name="Teléfono">0986328449</SimpleData>
            <SimpleData name="Vivienda_L">-26.23862810000</SimpleData>
            <SimpleData name="Vivienda_1">-55.70267150000</SimpleData>
            <SimpleData name="Superficie">0.80000000000</SimpleData>
            <SimpleData name="Situaci_1">Par?metro</SimpleData>
            <SimpleData name="Plantado">SI</SimpleData>
            <SimpleData name="Fecha_Plan">2026/01/05</SimpleData>
            <SimpleData name="Jornales">0.00000000000</SimpleData>
            <SimpleData name="Monto">0.00000000000</SimpleData>
            <SimpleData name="Grupo_de_p">A-P3-XX-XX-XX</SimpleData>
            <SimpleData name="Estado_del">Activo</SimpleData>
            <SimpleData name="Empresa">Red Forestal Paraguay SA</SimpleData>
            <SimpleData name="Lote">A</SimpleData>
            <SimpleData name="Parametro">0.00000000000</SimpleData>
            <SimpleData name="Sup_SIG">0.85163912159</SimpleData>
            <SimpleData name="X">-55.71202431000</SimpleData>
            <SimpleData name="Y">-26.31121299000</SimpleData>
            <SimpleData name="cedula">5730725</SimpleData>
            <SimpleData name="Cédula_1">5730725.00000000000</SimpleData>
            <SimpleData name="Estado_d_1">Activo</SimpleData>
            <SimpleData name="OBJECTID_1">8486</SimpleData>
            <SimpleData name="Shape_Leng">370.46648855000</SimpleData>
            <SimpleData name="Shape_Area">8516.39121586000</SimpleData>
          </SchemaData>
        </ExtendedData>
        <Polygon>
          <outerBoundaryIs>
            <LinearRing>
              <coordinates>
                -55.7113700997285,-26.3110074002108,0
                -55.7118666999391,-26.3117617003748,0
                -55.7126866999962,-26.3113849995966,0
                -55.7121799996526,-26.3106817004153,0
                -55.7113700997285,-26.3110074002108,0
              </coordinates>
            </LinearRing>
          </outerBoundaryIs>
        </Polygon>
      </Placemark>
      <Placemark id="Lote_A.92">
        <ExtendedData>
          <SchemaData schemaUrl="#Lote_A.schema">
            <SimpleData name="Cédula">6600755.00000000000</SimpleData>
            <SimpleData name="Nombres_y_">BACILIA DUARTE SANGER</SimpleData>
            <SimpleData name="Sexo">Mujer</SimpleData>
            <SimpleData name="Cambio_de_">NO</SimpleData>
            <SimpleData name="Titular_se">NO</SimpleData>
            <SimpleData name="ci_UNIF">6600755.00000000000</SimpleData>
            <SimpleData name="Situación">NO</SimpleData>
            <SimpleData name="Comunidad">Ind?gena</SimpleData>
            <SimpleData name="Modelo_imp">Modelo 2</SimpleData>
            <SimpleData name="Departamen">ITAPUA</SimpleData>
            <SimpleData name="Distrito">ALTO VERA</SimpleData>
            <SimpleData name="Localidad">COM INDIG KOEJU</SimpleData>
            <SimpleData name="Teléfono">0982784986</SimpleData>
            <SimpleData name="Vivienda_L">-26.72338610000</SimpleData>
            <SimpleData name="Vivienda_1">-55.83855350000</SimpleData>
            <SimpleData name="Superficie">0.80000000000</SimpleData>
            <SimpleData name="Situaci_1">Par?metro</SimpleData>
            <SimpleData name="Plantado">SI</SimpleData>
            <SimpleData name="Fecha_Plan">2026/01/16</SimpleData>
            <SimpleData name="Jornales">0.00000000000</SimpleData>
            <SimpleData name="Monto">0.00000000000</SimpleData>
            <SimpleData name="Grupo_de_p">A-P3-XX-XX-XX</SimpleData>
            <SimpleData name="Estado_del">Activo</SimpleData>
            <SimpleData name="Empresa">Red Forestal Paraguay SA</SimpleData>
            <SimpleData name="Lote">A</SimpleData>
            <SimpleData name="Parametro">0.00000000000</SimpleData>
            <SimpleData name="Sup_SIG">0.82353016818</SimpleData>
            <SimpleData name="X">-55.83978559000</SimpleData>
            <SimpleData name="Y">-26.72363442000</SimpleData>
            <SimpleData name="cedula">6600755</SimpleData>
            <SimpleData name="Cédula_1">6600755.00000000000</SimpleData>
            <SimpleData name="Estado_d_1">Activo</SimpleData>
            <SimpleData name="OBJECTID_1">7495</SimpleData>
            <SimpleData name="Shape_Leng">444.24610725100</SimpleData>
            <SimpleData name="Shape_Area">8235.30168180000</SimpleData>
          </SchemaData>
        </ExtendedData>
        <Polygon>
          <outerBoundaryIs>
            <LinearRing>
              <coordinates>
                -55.839389142198,-26.7231364078169,0
                -55.8392918608758,-26.723159297372,0
                -55.8392026001355,-26.7231802997644,0
                -55.8391941005779,-26.7231932239857,0
                -55.8389715001342,-26.7235317004298,0
                -55.8405298998332,-26.7242181003331,0
                -55.8406644998927,-26.7239649998815,0
                -55.8400955000842,-26.7236558001201,0
                -55.8401891004902,-26.7234877998468,0
                -55.8401393364732,-26.7234649669465,0
                -55.8394117004892,-26.7231310998251,0
                -55.839389142198,-26.7231364078169,0
              </coordinates>
            </LinearRing>
          </outerBoundaryIs>
        </Polygon>
      </Placemark>
      <Placemark id="Lote_A.93">
        <ExtendedData>
          <SchemaData schemaUrl="#Lote_A.schema">
            <SimpleData name="Cédula">5153887.00000000000</SimpleData>
            <SimpleData name="Nombres_y_">ELVA MANCUELLO GONZALEZ</SimpleData>
            <SimpleData name="Sexo">Mujer</SimpleData>
            <SimpleData name="Cambio_de_">NO</SimpleData>
            <SimpleData name="Titular_se">NO</SimpleData>
            <SimpleData name="ci_UNIF">5153887.00000000000</SimpleData>
            <SimpleData name="Situación">NO</SimpleData>
            <SimpleData name="Comunidad">Campesina</SimpleData>
            <SimpleData name="Modelo_imp">Modelo 1</SimpleData>
            <SimpleData name="Departamen">CAAZAPA</SimpleData>
            <SimpleData name="Distrito">TAVA?</SimpleData>
            <SimpleData name="Localidad">SAN AGUSTIN</SimpleData>
            <SimpleData name="Teléfono">0986910202</SimpleData>
            <SimpleData name="Vivienda_L">-26.15221950000</SimpleData>
            <SimpleData name="Vivienda_1">-55.59682100000</SimpleData>
            <SimpleData name="Superficie">0.80000000000</SimpleData>
            <SimpleData name="Situaci_1">Par?metro</SimpleData>
            <SimpleData name="Plantado">SI</SimpleData>
            <SimpleData name="Fecha_Plan">2025/10/24</SimpleData>
            <SimpleData name="Jornales">0.00000000000</SimpleData>
            <SimpleData name="Monto">0.00000000000</SimpleData>
            <SimpleData name="Grupo_de_p">A-P3-XX-XX-XX</SimpleData>
            <SimpleData name="Estado_del">Activo</SimpleData>
            <SimpleData name="Empresa">Red Forestal Paraguay SA</SimpleData>
            <SimpleData name="Lote">A</SimpleData>
            <SimpleData name="Parametro">0.00000000000</SimpleData>
            <SimpleData name="Sup_SIG">0.81182705350</SimpleData>
            <SimpleData name="X">-55.59825002000</SimpleData>
            <SimpleData name="Y">-26.14222257000</SimpleData>
            <SimpleData name="cedula">5153887</SimpleData>
            <SimpleData name="Cédula_1">5153887.00000000000</SimpleData>
            <SimpleData name="Estado_d_1">Activo</SimpleData>
            <SimpleData name="OBJECTID_1">8603</SimpleData>
            <SimpleData name="Shape_Leng">448.01970983100</SimpleData>
            <SimpleData name="Shape_Area">8118.27053496000</SimpleData>
          </SchemaData>
        </ExtendedData>
        <Polygon>
          <outerBoundaryIs>
            <LinearRing>
              <coordinates>
                -55.597941699961,-26.1415300003041,0
                -55.5981069001108,-26.1430414998711,0
                -55.598241699578,-26.1430032997103,0
                -55.5985716995419,-26.1430233001175,0
                -55.5983774997871,-26.1413761002434,0
                -55.5980333000275,-26.1414332998543,0
                -55.597941699961,-26.1415300003041,0
              </coordinates>
            </LinearRing>
          </outerBoundaryIs>
        </Polygon>
      </Placemark>
      <Placemark id="Lote_A.94">
        <ExtendedData>
          <SchemaData schemaUrl="#Lote_A.schema">
            <SimpleData name="Cédula">8141631.00000000000</SimpleData>
            <SimpleData name="Nombres_y_">LILIANA BENITEZ CABRERA</SimpleData>
            <SimpleData name="Sexo">Mujer</SimpleData>
            <SimpleData name="Cambio_de_">NO</SimpleData>
            <SimpleData name="Titular_se">NO</SimpleData>
            <SimpleData name="ci_UNIF">8141631.00000000000</SimpleData>
            <SimpleData name="Situación">NO</SimpleData>
            <SimpleData name="Comunidad">Ind?gena</SimpleData>
            <SimpleData name="Modelo_imp">Modelo 1</SimpleData>
            <SimpleData name="Departamen">ITAPUA</SimpleData>
            <SimpleData name="Distrito">ALTO VERA</SimpleData>
            <SimpleData name="Localidad">COM INDIG KOEJU</SimpleData>
            <SimpleData name="Teléfono">0986604402</SimpleData>
            <SimpleData name="Vivienda_L">-26.56099740000</SimpleData>
            <SimpleData name="Vivienda_1">-55.71769950000</SimpleData>
            <SimpleData name="Superficie">0.80000000000</SimpleData>
            <SimpleData name="Situaci_1">Par?metro</SimpleData>
            <SimpleData name="Plantado">SI</SimpleData>
            <SimpleData name="Fecha_Plan">2026/01/15</SimpleData>
            <SimpleData name="Jornales">0.00000000000</SimpleData>
            <SimpleData name="Monto">0.00000000000</SimpleData>
            <SimpleData name="Grupo_de_p">A-P3-XX-XX-XX</SimpleData>
            <SimpleData name="Estado_del">Activo</SimpleData>
            <SimpleData name="Empresa">Red Forestal Paraguay SA</SimpleData>
            <SimpleData name="Lote">A</SimpleData>
            <SimpleData name="Parametro">0.00000000000</SimpleData>
            <SimpleData name="Sup_SIG">0.84922054961</SimpleData>
            <SimpleData name="X">-55.83893037000</SimpleData>
            <SimpleData name="Y">-26.72274447000</SimpleData>
            <SimpleData name="cedula">8141631</SimpleData>
            <SimpleData name="Cédula_1">8141631.00000000000</SimpleData>
            <SimpleData name="Estado_d_1">Activo</SimpleData>
            <SimpleData name="OBJECTID_1">7494</SimpleData>
            <SimpleData name="Shape_Leng">426.42765000600</SimpleData>
            <SimpleData name="Shape_Area">8492.20549606000</SimpleData>
          </SchemaData>
        </ExtendedData>
        <Polygon>
          <outerBoundaryIs>
            <LinearRing>
              <coordinates>
                -55.8391941005779,-26.7231932239857,0
                -55.8392026001355,-26.7231802997644,0
                -55.8392918608758,-26.723159297372,0
                -55.8394695003728,-26.7229087999135,0
                -55.8393027997235,-26.7227805002403,0
                -55.8394050001352,-26.7226012995785,0
                -55.8395047003855,-26.7223617001914,0
                -55.8390066996387,-26.72219170037,0
                -55.8385275000654,-26.7227322000076,0
                -55.8383315001009,-26.7226267001941,0
                -55.8381431004511,-26.722926900192,0
                -55.8388314995206,-26.7231686999542,0
                -55.838923499793,-26.7230640998757,0
                -55.8391423004546,-26.7231976002349,0
                -55.8391941005779,-26.7231932239857,0
              </coordinates>
            </LinearRing>
          </outerBoundaryIs>
        </Polygon>
      </Placemark>
      <Placemark id="Lote_A.95">
        <ExtendedData>
          <SchemaData schemaUrl="#Lote_A.schema">
            <SimpleData name="Cédula">5129578.00000000000</SimpleData>
            <SimpleData name="Nombres_y_">FRANCISCO JAVIER ORUE ACOSTA</SimpleData>
            <SimpleData name="Sexo">Hombre</SimpleData>
            <SimpleData name="Cambio_de_">NO</SimpleData>
            <SimpleData name="Titular_se">NO</SimpleData>
            <SimpleData name="ci_UNIF">5129578.00000000000</SimpleData>
            <SimpleData name="Situación">NO</SimpleData>
            <SimpleData name="Comunidad">Campesina</SimpleData>
            <SimpleData name="Modelo_imp">Modelo 5</SimpleData>
            <SimpleData name="Departamen">ITAPUA</SimpleData>
            <SimpleData name="Distrito">ALTO VERA</SimpleData>
            <SimpleData name="Localidad">SAN ROQUE GONZALEZ</SimpleData>
            <SimpleData name="Teléfono">0982530636</SimpleData>
            <SimpleData name="Vivienda_L">-26.69229400000</SimpleData>
            <SimpleData name="Vivienda_1">-55.84920350000</SimpleData>
            <SimpleData name="Superficie">0.70000000000</SimpleData>
            <SimpleData name="Situaci_1">Par?metro</SimpleData>
            <SimpleData name="Plantado">SI</SimpleData>
            <SimpleData name="Fecha_Plan">2026/01/15</SimpleData>
            <SimpleData name="Jornales">0.00000000000</SimpleData>
            <SimpleData name="Monto">0.00000000000</SimpleData>
            <SimpleData name="Grupo_de_p">A-P3-XX-XX-XX</SimpleData>
            <SimpleData name="Estado_del">Activo</SimpleData>
            <SimpleData name="Empresa">Red Forestal Paraguay SA</SimpleData>
            <SimpleData name="Lote">A</SimpleData>
            <SimpleData name="Parametro">0.00000000000</SimpleData>
            <SimpleData name="Sup_SIG">0.72223076180</SimpleData>
            <SimpleData name="X">-55.83693910000</SimpleData>
            <SimpleData name="Y">-26.69010755000</SimpleData>
            <SimpleData name="cedula">5129578</SimpleData>
            <SimpleData name="Cédula_1">5129578.00000000000</SimpleData>
            <SimpleData name="Estado_d_1">Activo</SimpleData>
            <SimpleData name="OBJECTID_1">7492</SimpleData>
            <SimpleData name="Shape_Leng">358.90393573200</SimpleData>
            <SimpleData name="Shape_Area">7222.30761799000</SimpleData>
          </SchemaData>
        </ExtendedData>
        <Polygon>
          <outerBoundaryIs>
            <LinearRing>
              <coordinates>
                -55.8370889002234,-26.6905486001057,0
                -55.8373264998679,-26.6905894000602,0
                -55.837532800333,-26.6902034999912,0
                -55.8372424000188,-26.6898399999899,0
                -55.8362217000851,-26.6896683001459,0
                -55.8365584998941,-26.6902399001651,0
                -55.8370889002234,-26.6905486001057,0
              </coordinates>
            </LinearRing>
          </outerBoundaryIs>
        </Polygon>
      </Placemark>
      <Placemark id="Lote_A.96">
        <ExtendedData>
          <SchemaData schemaUrl="#Lote_A.schema">
            <SimpleData name="Cédula">1813436.00000000000</SimpleData>
            <SimpleData name="Nombres_y_">CELSO MOREL BENITEZ</SimpleData>
            <SimpleData name="Sexo">Hombre</SimpleData>
            <SimpleData name="Cambio_de_">NO</SimpleData>
            <SimpleData name="Titular_se">NO</SimpleData>
            <SimpleData name="ci_UNIF">1813436.00000000000</SimpleData>
            <SimpleData name="Situación">NO</SimpleData>
            <SimpleData name="Comunidad">Campesina</SimpleData>
            <SimpleData name="Modelo_imp">Modelo 1</SimpleData>
            <SimpleData name="Departamen">CAAZAPA</SimpleData>
            <SimpleData name="Distrito">TAVA?</SimpleData>
            <SimpleData name="Localidad">ENRAMADITA</SimpleData>
            <SimpleData name="Teléfono">0984796428</SimpleData>
            <SimpleData name="Vivienda_L">-26.17348190000</SimpleData>
            <SimpleData name="Vivienda_1">-55.69294120000</SimpleData>
            <SimpleData name="Superficie">0.80000000000</SimpleData>
            <SimpleData name="Situaci_1">Pol?gono</SimpleData>
            <SimpleData name="Plantado">SI</SimpleData>
            <SimpleData name="Fecha_Plan">2025/10/31</SimpleData>
            <SimpleData name="Jornales">0.00000000000</SimpleData>
            <SimpleData name="Monto">0.00000000000</SimpleData>
            <SimpleData name="Grupo_de_p">A-P3-XX-XX-XX</SimpleData>
            <SimpleData name="Estado_del">Activo</SimpleData>
            <SimpleData name="Empresa">Red Forestal Paraguay SA</SimpleData>
            <SimpleData name="Lote">A</SimpleData>
            <SimpleData name="Parametro">0.00000000000</SimpleData>
            <SimpleData name="Sup_SIG">0.87857322202</SimpleData>
            <SimpleData name="X">-55.69756274000</SimpleData>
            <SimpleData name="Y">-26.16406405000</SimpleData>
            <SimpleData name="cedula">1813436</SimpleData>
            <SimpleData name="Cédula_1">1813436.00000000000</SimpleData>
            <SimpleData name="Estado_d_1">Activo</SimpleData>
            <SimpleData name="OBJECTID_1">8584</SimpleData>
            <SimpleData name="Shape_Leng">376.24103387600</SimpleData>
            <SimpleData name="Shape_Area">8785.73222017000</SimpleData>
          </SchemaData>
        </ExtendedData>
        <Polygon>
          <outerBoundaryIs>
            <LinearRing>
              <coordinates>
                -55.6970967000233,-26.1644317002677,0
                -55.6980271004008,-26.1645255000981,0
                -55.698061100234,-26.1636918004012,0
                -55.6970516999246,-26.1636282997605,0
                -55.6970967000233,-26.1644317002677,0
              </coordinates>
            </LinearRing>
          </outerBoundaryIs>
        </Polygon>
      </Placemark>
      <Placemark id="Lote_A.97">
        <ExtendedData>
          <SchemaData schemaUrl="#Lote_A.schema">
            <SimpleData name="Cédula">7094797.00000000000</SimpleData>
            <SimpleData name="Nombres_y_">GRICELDA  CUEVAS RAMOS</SimpleData>
            <SimpleData name="Sexo">Mujer</SimpleData>
            <SimpleData name="Cambio_de_">NO</SimpleData>
            <SimpleData name="Titular_se">NO</SimpleData>
            <SimpleData name="ci_UNIF">7094797.00000000000</SimpleData>
            <SimpleData name="Situación">NO</SimpleData>
            <SimpleData name="Comunidad">Campesina</SimpleData>
            <SimpleData name="Modelo_imp">Modelo 1</SimpleData>
            <SimpleData name="Departamen">CAAZAPA</SimpleData>
            <SimpleData name="Distrito">TAVA?</SimpleData>
            <SimpleData name="Localidad">ASENT. 7 DE DICIEMBRE</SimpleData>
            <SimpleData name="Teléfono">986149058</SimpleData>
            <SimpleData name="Vivienda_L">-26.23644670000</SimpleData>
            <SimpleData name="Vivienda_1">-55.59395330000</SimpleData>
            <SimpleData name="Superficie">0.80000000000</SimpleData>
            <SimpleData name="Situaci_1">Parametro</SimpleData>
            <SimpleData name="Plantado">SI</SimpleData>
            <SimpleData name="Fecha_Plan">2025/10/23</SimpleData>
            <SimpleData name="Jornales">0.00000000000</SimpleData>
            <SimpleData name="Monto">0.00000000000</SimpleData>
            <SimpleData name="Grupo_de_p">A-P3-XX-XX-XX</SimpleData>
            <SimpleData name="Estado_del">Activo</SimpleData>
            <SimpleData name="Empresa">Red Forestal Paraguay SA</SimpleData>
            <SimpleData name="Lote">A</SimpleData>
            <SimpleData name="Parametro">0.00000000000</SimpleData>
            <SimpleData name="Sup_SIG">1.12122225410</SimpleData>
            <SimpleData name="X">-55.58987042000</SimpleData>
            <SimpleData name="Y">-26.23611739000</SimpleData>
            <SimpleData name="cedula">7094797</SimpleData>
            <SimpleData name="Cédula_1">7094797.00000000000</SimpleData>
            <SimpleData name="Estado_d_1">Activo</SimpleData>
            <SimpleData name="OBJECTID_1">8803</SimpleData>
            <SimpleData name="Shape_Leng">424.39720986500</SimpleData>
            <SimpleData name="Shape_Area">11212.22254100000</SimpleData>
          </SchemaData>
        </ExtendedData>
        <Polygon>
          <outerBoundaryIs>
            <LinearRing>
              <coordinates>
                -55.5894021996052,-26.2356233004462,0
                -55.5893166004188,-26.2366098002761,0
                -55.5903949999662,-26.2365999999401,0
                -55.5903629998093,-26.2355981997251,0
                -55.5894021996052,-26.2356233004462,0
              </coordinates>
            </LinearRing>
          </outerBoundaryIs>
        </Polygon>
      </Placemark>
      <Placemark id="Lote_A.98">
        <ExtendedData>
          <SchemaData schemaUrl="#Lote_A.schema">
            <SimpleData name="Cédula">6021948.00000000000</SimpleData>
            <SimpleData name="Nombres_y_">GRACIELA MOREL LAGOS</SimpleData>
            <SimpleData name="Sexo">Mujer</SimpleData>
            <SimpleData name="Cambio_de_">NO</SimpleData>
            <SimpleData name="Titular_se">NO</SimpleData>
            <SimpleData name="ci_UNIF">6021948.00000000000</SimpleData>
            <SimpleData name="Situación">NO</SimpleData>
            <SimpleData name="Comunidad">Campesina</SimpleData>
            <SimpleData name="Modelo_imp">Modelo 5</SimpleData>
            <SimpleData name="Departamen">ITAPUA</SimpleData>
            <SimpleData name="Distrito">ALTO VERA</SimpleData>
            <SimpleData name="Localidad">SAN ROQUE GONZALEZ</SimpleData>
            <SimpleData name="Teléfono">0986635169</SimpleData>
            <SimpleData name="Vivienda_L">-26.69329480000</SimpleData>
            <SimpleData name="Vivienda_1">-55.86584800000</SimpleData>
            <SimpleData name="Superficie">0.70000000000</SimpleData>
            <SimpleData name="Situaci_1">Par?metro</SimpleData>
            <SimpleData name="Plantado">SI</SimpleData>
            <SimpleData name="Fecha_Plan">2026/01/09</SimpleData>
            <SimpleData name="Jornales">0.00000000000</SimpleData>
            <SimpleData name="Monto">0.00000000000</SimpleData>
            <SimpleData name="Grupo_de_p">A-P3-XX-XX-XX</SimpleData>
            <SimpleData name="Estado_del">Activo</SimpleData>
            <SimpleData name="Empresa">Red Forestal Paraguay SA</SimpleData>
            <SimpleData name="Lote">A</SimpleData>
            <SimpleData name="Parametro">0.00000000000</SimpleData>
            <SimpleData name="Sup_SIG">0.70071504061</SimpleData>
            <SimpleData name="X">-55.86698427000</SimpleData>
            <SimpleData name="Y">-26.69109508000</SimpleData>
            <SimpleData name="cedula">6021948</SimpleData>
            <SimpleData name="Cédula_1">6021948.00000000000</SimpleData>
            <SimpleData name="Estado_d_1">Activo</SimpleData>
            <SimpleData name="OBJECTID_1">7491</SimpleData>
            <SimpleData name="Shape_Leng">554.60299357200</SimpleData>
            <SimpleData name="Shape_Area">7007.15040612000</SimpleData>
          </SchemaData>
        </ExtendedData>
        <MultiGeometry>
          <Polygon>
            <outerBoundaryIs>
              <LinearRing>
                <coordinates>
                  -55.8673749998087,-26.6913182996248,0
                  -55.8676073002988,-26.6909277002313,0
                  -55.8675143000428,-26.6909146001626,0
                  -55.8665783996152,-26.6908703002457,0
                  -55.8663760494792,-26.6912770649787,0
                  -55.8673749998087,-26.6913182996248,0
                </coordinates>
              </LinearRing>
            </outerBoundaryIs>
          </Polygon>
          <Polygon>
            <outerBoundaryIs>
              <LinearRing>
                <coordinates>
                  -55.867775899872,-26.6905736999682,0
                  -55.8679271004299,-26.6903536002583,0
                  -55.8669227997296,-26.6903049999241,0
                  -55.8667797001647,-26.6905003002573,0
                  -55.867775899872,-26.6905736999682,0
                </coordinates>
              </LinearRing>
            </outerBoundaryIs>
          </Polygon>
        </MultiGeometry>
      </Placemark>
      <Placemark id="Lote_A.99">
        <ExtendedData>
          <SchemaData schemaUrl="#Lote_A.schema">
            <SimpleData name="Cédula">7112602.00000000000</SimpleData>
            <SimpleData name="Nombres_y_">ELIZA KANIUKA VERA</SimpleData>
            <SimpleData name="Sexo">Mujer</SimpleData>
            <SimpleData name="Cambio_de_">NO</SimpleData>
            <SimpleData name="Titular_se">NO</SimpleData>
            <SimpleData name="ci_UNIF">7112602.00000000000</SimpleData>
            <SimpleData name="Situación">NO</SimpleData>
            <SimpleData name="Comunidad">Ind?gena</SimpleData>
            <SimpleData name="Modelo_imp">Modelo 5</SimpleData>
            <SimpleData name="Departamen">ITAPUA</SimpleData>
            <SimpleData name="Distrito">ALTO VERA</SimpleData>
            <SimpleData name="Localidad">COM INDIG KOEJU</SimpleData>
            <SimpleData name="Teléfono">ND</SimpleData>
            <SimpleData name="Vivienda_L">-26.73099190000</SimpleData>
            <SimpleData name="Vivienda_1">-55.85947380000</SimpleData>
            <SimpleData name="Superficie">0.70000000000</SimpleData>
            <SimpleData name="Situaci_1">Par?metro</SimpleData>
            <SimpleData name="Plantado">SI</SimpleData>
            <SimpleData name="Fecha_Plan">2026/01/15</SimpleData>
            <SimpleData name="Jornales">0.00000000000</SimpleData>
            <SimpleData name="Monto">0.00000000000</SimpleData>
            <SimpleData name="Grupo_de_p">A-P3-XX-XX-XX</SimpleData>
            <SimpleData name="Estado_del">Activo</SimpleData>
            <SimpleData name="Empresa">Red Forestal Paraguay SA</SimpleData>
            <SimpleData name="Lote">A</SimpleData>
            <SimpleData name="Parametro">0.00000000000</SimpleData>
            <SimpleData name="Sup_SIG">0.70621480163</SimpleData>
            <SimpleData name="X">-55.83935678000</SimpleData>
            <SimpleData name="Y">-26.72571758000</SimpleData>
            <SimpleData name="cedula">7112602</SimpleData>
            <SimpleData name="Cédula_1">7112602.00000000000</SimpleData>
            <SimpleData name="Estado_d_1">Activo</SimpleData>
            <SimpleData name="OBJECTID_1">7496</SimpleData>
            <SimpleData name="Shape_Leng">342.52720236000</SimpleData>
            <SimpleData name="Shape_Area">7062.14801627000</SimpleData>
          </SchemaData>
        </ExtendedData>
        <Polygon>
          <outerBoundaryIs>
            <LinearRing>
              <coordinates>
                -55.838774999011,-26.7259772998523,0
                -55.839358599588,-26.7261963000861,0
                -55.839397599067,-26.7261046995603,0
                -55.8396674998986,-26.7259448000656,0
                -55.8400101992746,-26.7255286994354,0
                -55.8391838994165,-26.7252412992879,0
                -55.838774999011,-26.7259772998523,0
              </coordinates>
            </LinearRing>
          </outerBoundaryIs>
        </Polygon>
      </Placemark>
      <Placemark id="Lote_A.100">
        <ExtendedData>
          <SchemaData schemaUrl="#Lote_A.schema">
            <SimpleData name="Cédula">6745283.00000000000</SimpleData>
            <SimpleData name="Nombres_y_">ZULMA  VERA DUARTE</SimpleData>
            <SimpleData name="Sexo">Mujer</SimpleData>
            <SimpleData name="Cambio_de_">NO</SimpleData>
            <SimpleData name="Titular_se">NO</SimpleData>
            <SimpleData name="ci_UNIF">6745283.00000000000</SimpleData>
            <SimpleData name="Situación">NO</SimpleData>
            <SimpleData name="Comunidad">Ind?gena</SimpleData>
            <SimpleData name="Modelo_imp">Modelo 5</SimpleData>
            <SimpleData name="Departamen">ITAPUA</SimpleData>
            <SimpleData name="Distrito">ALTO VERA</SimpleData>
            <SimpleData name="Localidad"><![CDATA[COM INDIG KO'EJU]]></SimpleData>
            <SimpleData name="Teléfono">0</SimpleData>
            <SimpleData name="Vivienda_L">-26.72440930000</SimpleData>
            <SimpleData name="Vivienda_1">-55.83741480000</SimpleData>
            <SimpleData name="Superficie">0.70000000000</SimpleData>
            <SimpleData name="Situaci_1">Parametro</SimpleData>
            <SimpleData name="Plantado">SI</SimpleData>
            <SimpleData name="Fecha_Plan">2026/01/25</SimpleData>
            <SimpleData name="Jornales">0.00000000000</SimpleData>
            <SimpleData name="Monto">0.00000000000</SimpleData>
            <SimpleData name="Grupo_de_p">A-P3-XX-XX-XX</SimpleData>
            <SimpleData name="Estado_del">Activo</SimpleData>
            <SimpleData name="Empresa">Red Forestal Paraguay SA</SimpleData>
            <SimpleData name="Lote">A</SimpleData>
            <SimpleData name="Parametro">0.00000000000</SimpleData>
            <SimpleData name="Sup_SIG">0.70393483897</SimpleData>
            <SimpleData name="X">-55.83922527000</SimpleData>
            <SimpleData name="Y">-26.72455350000</SimpleData>
            <SimpleData name="cedula">6745283</SimpleData>
            <SimpleData name="Cédula_1">6745283.00000000000</SimpleData>
            <SimpleData name="Estado_d_1">Activo</SimpleData>
            <SimpleData name="OBJECTID_1">7504</SimpleData>
            <SimpleData name="Shape_Leng">388.51709346900</SimpleData>
            <SimpleData name="Shape_Area">7039.34838969000</SimpleData>
          </SchemaData>
        </ExtendedData>
        <Polygon>
          <outerBoundaryIs>
            <LinearRing>
              <coordinates>
                -55.8386632996747,-26.7241317000864,0
                -55.8384218992172,-26.724413399963,0
                -55.8396199996374,-26.7250451000732,0
                -55.8398933990459,-26.7246015993122,0
                -55.8397770996581,-26.7244728998021,0
                -55.8392615993044,-26.7242069000046,0
                -55.8391471991223,-26.724376999903,0
                -55.8386632996747,-26.7241317000864,0
              </coordinates>
            </LinearRing>
          </outerBoundaryIs>
        </Polygon>
      </Placemark>
      <Placemark id="Lote_A.101">
        <ExtendedData>
          <SchemaData schemaUrl="#Lote_A.schema">
            <SimpleData name="Cédula">7197021.00000000000</SimpleData>
            <SimpleData name="Nombres_y_">ILDA ISABEL  MARTINEZ VERA</SimpleData>
            <SimpleData name="Sexo">Mujer</SimpleData>
            <SimpleData name="Cambio_de_">NO</SimpleData>
            <SimpleData name="Titular_se">NO</SimpleData>
            <SimpleData name="ci_UNIF">7197021.00000000000</SimpleData>
            <SimpleData name="Situación">NO</SimpleData>
            <SimpleData name="Comunidad">Ind?gena</SimpleData>
            <SimpleData name="Modelo_imp">Modelo 5</SimpleData>
            <SimpleData name="Departamen">ITAPUA</SimpleData>
            <SimpleData name="Distrito">ALTO VERA</SimpleData>
            <SimpleData name="Localidad"><![CDATA[COM INDIG KO'EJU]]></SimpleData>
            <SimpleData name="Teléfono">986366332</SimpleData>
            <SimpleData name="Vivienda_L">-26.72394940000</SimpleData>
            <SimpleData name="Vivienda_1">-55.83765550000</SimpleData>
            <SimpleData name="Superficie">0.70000000000</SimpleData>
            <SimpleData name="Situaci_1">Parametro</SimpleData>
            <SimpleData name="Plantado">SI</SimpleData>
            <SimpleData name="Fecha_Plan">2026/01/15</SimpleData>
            <SimpleData name="Jornales">0.00000000000</SimpleData>
            <SimpleData name="Monto">0.00000000000</SimpleData>
            <SimpleData name="Grupo_de_p">A-P3-XX-XX-XX</SimpleData>
            <SimpleData name="Estado_del">Activo</SimpleData>
            <SimpleData name="Empresa">Red Forestal Paraguay SA</SimpleData>
            <SimpleData name="Lote">A</SimpleData>
            <SimpleData name="Parametro">0.00000000000</SimpleData>
            <SimpleData name="Sup_SIG">0.72830534329</SimpleData>
            <SimpleData name="X">-55.84922888000</SimpleData>
            <SimpleData name="Y">-26.72515306000</SimpleData>
            <SimpleData name="cedula">7197021</SimpleData>
            <SimpleData name="Cédula_1">7197021.00000000000</SimpleData>
            <SimpleData name="Estado_d_1">Activo</SimpleData>
            <SimpleData name="OBJECTID_1">7503</SimpleData>
            <SimpleData name="Shape_Leng">401.62602284900</SimpleData>
            <SimpleData name="Shape_Area">7283.05343294000</SimpleData>
          </SchemaData>
        </ExtendedData>
        <Polygon>
          <outerBoundaryIs>
            <LinearRing>
              <coordinates>
                -55.8485582995068,-26.7250766995833,0
                -55.8494276999441,-26.7255767998708,0
                -55.8501391997069,-26.7254535995481,0
                -55.8487527996229,-26.7245796995616,0
                -55.8485582995068,-26.7250766995833,0
              </coordinates>
            </LinearRing>
          </outerBoundaryIs>
        </Polygon>
      </Placemark>
      <Placemark id="Lote_A.102">
        <ExtendedData>
          <SchemaData schemaUrl="#Lote_A.schema">
            <SimpleData name="Cédula">2421355.00000000000</SimpleData>
            <SimpleData name="Nombres_y_">ROSALBA CUBA</SimpleData>
            <SimpleData name="Sexo">Mujer</SimpleData>
            <SimpleData name="Cambio_de_">NO</SimpleData>
            <SimpleData name="Titular_se">NO</SimpleData>
            <SimpleData name="ci_UNIF">2421355.00000000000</SimpleData>
            <SimpleData name="Situación">NO</SimpleData>
            <SimpleData name="Comunidad">Campesina</SimpleData>
            <SimpleData name="Modelo_imp">Modelo 1</SimpleData>
            <SimpleData name="Departamen">CAAZAPA</SimpleData>
            <SimpleData name="Distrito">TAVA?</SimpleData>
            <SimpleData name="Localidad">ASENT. 7 DE DICIEMBRE</SimpleData>
            <SimpleData name="Teléfono">0984168247</SimpleData>
            <SimpleData name="Vivienda_L">-26.25805290000</SimpleData>
            <SimpleData name="Vivienda_1">-55.59682510000</SimpleData>
            <SimpleData name="Superficie">0.80000000000</SimpleData>
            <SimpleData name="Situaci_1">Par?metro</SimpleData>
            <SimpleData name="Plantado">SI</SimpleData>
            <SimpleData name="Fecha_Plan">2025/10/23</SimpleData>
            <SimpleData name="Jornales">0.00000000000</SimpleData>
            <SimpleData name="Monto">0.00000000000</SimpleData>
            <SimpleData name="Grupo_de_p">A-P3-XX-XX-XX</SimpleData>
            <SimpleData name="Estado_del">Activo</SimpleData>
            <SimpleData name="Empresa">Red Forestal Paraguay SA</SimpleData>
            <SimpleData name="Lote">A</SimpleData>
            <SimpleData name="Parametro">0.00000000000</SimpleData>
            <SimpleData name="Sup_SIG">0.95258242813</SimpleData>
            <SimpleData name="X">-55.59874054000</SimpleData>
            <SimpleData name="Y">-26.26086832000</SimpleData>
            <SimpleData name="cedula">2421355</SimpleData>
            <SimpleData name="Cédula_1">2421355.00000000000</SimpleData>
            <SimpleData name="Estado_d_1">Activo</SimpleData>
            <SimpleData name="OBJECTID_1">8648</SimpleData>
            <SimpleData name="Shape_Leng">412.54207437500</SimpleData>
            <SimpleData name="Shape_Area">9525.82428125000</SimpleData>
          </SchemaData>
        </ExtendedData>
        <Polygon>
          <outerBoundaryIs>
            <LinearRing>
              <coordinates>
                -55.5982217997684,-26.2606346000246,0
                -55.5987532997111,-26.2615699996067,0
                -55.5989164996084,-26.2615316997649,0
                -55.5993369994301,-26.2613184000726,0
                -55.598701699811,-26.2601066997275,0
                -55.5982496998485,-26.260381699979,0
                -55.5982217997684,-26.2606346000246,0
              </coordinates>
            </LinearRing>
          </outerBoundaryIs>
        </Polygon>
      </Placemark>
      <Placemark id="Lote_A.103">
        <ExtendedData>
          <SchemaData schemaUrl="#Lote_A.schema">
            <SimpleData name="Cédula">1448656.00000000000</SimpleData>
            <SimpleData name="Nombres_y_">ANASTASIO FERNANDEZ BOGADO</SimpleData>
            <SimpleData name="Sexo">Hombre</SimpleData>
            <SimpleData name="Cambio_de_">NO</SimpleData>
            <SimpleData name="Titular_se">NO</SimpleData>
            <SimpleData name="ci_UNIF">1448656.00000000000</SimpleData>
            <SimpleData name="Situación">NO</SimpleData>
            <SimpleData name="Comunidad">Campesina</SimpleData>
            <SimpleData name="Modelo_imp">Modelo 5</SimpleData>
            <SimpleData name="Departamen">ITAPUA</SimpleData>
            <SimpleData name="Distrito">ALTO VERA</SimpleData>
            <SimpleData name="Localidad">SAN ROQUE GONZALEZ</SimpleData>
            <SimpleData name="Teléfono">0982166484</SimpleData>
            <SimpleData name="Vivienda_L">-26.69484160000</SimpleData>
            <SimpleData name="Vivienda_1">-55.84156030000</SimpleData>
            <SimpleData name="Superficie">0.70000000000</SimpleData>
            <SimpleData name="Situaci_1">Parametro</SimpleData>
            <SimpleData name="Plantado">SI</SimpleData>
            <SimpleData name="Fecha_Plan">2026/01/21</SimpleData>
            <SimpleData name="Jornales">0.00000000000</SimpleData>
            <SimpleData name="Monto">0.00000000000</SimpleData>
            <SimpleData name="Grupo_de_p">A-P3-XX-XX-XX</SimpleData>
            <SimpleData name="Estado_del">Activo</SimpleData>
            <SimpleData name="Empresa">Red Forestal Paraguay SA</SimpleData>
            <SimpleData name="Lote">A</SimpleData>
            <SimpleData name="Parametro">0.00000000000</SimpleData>
            <SimpleData name="Sup_SIG">0.73092494738</SimpleData>
            <SimpleData name="X">-55.84350365000</SimpleData>
            <SimpleData name="Y">-26.69489779000</SimpleData>
            <SimpleData name="cedula">1448656</SimpleData>
            <SimpleData name="Cédula_1">1448656.00000000000</SimpleData>
            <SimpleData name="Estado_d_1">Activo</SimpleData>
            <SimpleData name="OBJECTID_1">7506</SimpleData>
            <SimpleData name="Shape_Leng">541.51193099600</SimpleData>
            <SimpleData name="Shape_Area">7309.24947377000</SimpleData>
          </SchemaData>
        </ExtendedData>
        <Polygon>
          <outerBoundaryIs>
            <LinearRing>
              <coordinates>
                -55.842975899491,-26.6940991998318,0
                -55.8431627994111,-26.694761399376,0
                -55.842927799757,-26.695081699274,0
                -55.8431311999297,-26.6953047998909,0
                -55.8436210999402,-26.6949683993518,0
                -55.8441480992118,-26.6955970997295,0
                -55.8443342998409,-26.695447499669,0
                -55.8436457996746,-26.6946143997548,0
                -55.8435412997793,-26.6946606993939,0
                -55.8430456994752,-26.6940567995483,0
                -55.842975899491,-26.6940991998318,0
              </coordinates>
            </LinearRing>
          </outerBoundaryIs>
        </Polygon>
      </Placemark>
      <Placemark id="Lote_A.104">
        <ExtendedData>
          <SchemaData schemaUrl="#Lote_A.schema">
            <SimpleData name="Cédula">4077626.00000000000</SimpleData>
            <SimpleData name="Nombres_y_">MARI ESTELVINA BENITEZ VIGO</SimpleData>
            <SimpleData name="Sexo">Mujer</SimpleData>
            <SimpleData name="Cambio_de_">NO</SimpleData>
            <SimpleData name="Titular_se">NO</SimpleData>
            <SimpleData name="ci_UNIF">4077626.00000000000</SimpleData>
            <SimpleData name="Situación">NO</SimpleData>
            <SimpleData name="Comunidad">Campesina</SimpleData>
            <SimpleData name="Modelo_imp">Modelo 5</SimpleData>
            <SimpleData name="Departamen">ITAPUA</SimpleData>
            <SimpleData name="Distrito">ALTO VERA</SimpleData>
            <SimpleData name="Localidad">SAN ROQUE GONZALEZ</SimpleData>
            <SimpleData name="Teléfono">986124246</SimpleData>
            <SimpleData name="Vivienda_L">-26.69535190000</SimpleData>
            <SimpleData name="Vivienda_1">-55.84088160000</SimpleData>
            <SimpleData name="Superficie">0.70000000000</SimpleData>
            <SimpleData name="Situaci_1">Parametro</SimpleData>
            <SimpleData name="Plantado">SI</SimpleData>
            <SimpleData name="Fecha_Plan">2026/01/29</SimpleData>
            <SimpleData name="Jornales">0.00000000000</SimpleData>
            <SimpleData name="Monto">0.00000000000</SimpleData>
            <SimpleData name="Grupo_de_p">A-P3-XX-XX-XX</SimpleData>
            <SimpleData name="Estado_del">Activo</SimpleData>
            <SimpleData name="Empresa">Red Forestal Paraguay SA</SimpleData>
            <SimpleData name="Lote">A</SimpleData>
            <SimpleData name="Parametro">0.00000000000</SimpleData>
            <SimpleData name="Sup_SIG">0.73439809970</SimpleData>
            <SimpleData name="X">-55.83885725000</SimpleData>
            <SimpleData name="Y">-26.69283578000</SimpleData>
            <SimpleData name="cedula">4077626</SimpleData>
            <SimpleData name="Cédula_1">4077626.00000000000</SimpleData>
            <SimpleData name="Estado_d_1">Activo</SimpleData>
            <SimpleData name="OBJECTID_1">7508</SimpleData>
            <SimpleData name="Shape_Leng">520.83998209700</SimpleData>
            <SimpleData name="Shape_Area">7343.98099698000</SimpleData>
          </SchemaData>
        </ExtendedData>
        <MultiGeometry>
          <Polygon>
            <outerBoundaryIs>
              <LinearRing>
                <coordinates>
                  -55.8407384997587,-26.6958586996439,0
                  -55.8410096993813,-26.6956591995817,0
                  -55.8408223992609,-26.6954233997692,0
                  -55.8408957998398,-26.695369799312,0
                  -55.8406899990117,-26.6951153998232,0
                  -55.8402796990202,-26.69537590015,0
                  -55.8407384997587,-26.6958586996439,0
                </coordinates>
              </LinearRing>
            </outerBoundaryIs>
          </Polygon>
          <Polygon>
            <outerBoundaryIs>
              <LinearRing>
                <coordinates>
                  -55.8385198991028,-26.6932729997621,0
                  -55.8393803999478,-26.6927618998374,0
                  -55.839165399847,-26.6924073996052,0
                  -55.8383548999613,-26.6928969001523,0
                  -55.8385198991028,-26.6932729997621,0
                </coordinates>
              </LinearRing>
            </outerBoundaryIs>
          </Polygon>
        </MultiGeometry>
      </Placemark>
      <Placemark id="Lote_A.105">
        <ExtendedData>
          <SchemaData schemaUrl="#Lote_A.schema">
            <SimpleData name="Cédula">6373818.00000000000</SimpleData>
            <SimpleData name="Nombres_y_">DAMIANA ULIAMBRE ORTIZ</SimpleData>
            <SimpleData name="Sexo">Mujer</SimpleData>
            <SimpleData name="Cambio_de_">NO</SimpleData>
            <SimpleData name="Titular_se">NO</SimpleData>
            <SimpleData name="ci_UNIF">6373818.00000000000</SimpleData>
            <SimpleData name="Situación">NO</SimpleData>
            <SimpleData name="Comunidad">Campesina</SimpleData>
            <SimpleData name="Modelo_imp">Modelo 5</SimpleData>
            <SimpleData name="Departamen">ITAPUA</SimpleData>
            <SimpleData name="Distrito">ALTO VERA</SimpleData>
            <SimpleData name="Localidad">TARUMA</SimpleData>
            <SimpleData name="Teléfono">0981943205</SimpleData>
            <SimpleData name="Vivienda_L">-26.73179300000</SimpleData>
            <SimpleData name="Vivienda_1">-55.82797810000</SimpleData>
            <SimpleData name="Superficie">0.70000000000</SimpleData>
            <SimpleData name="Situaci_1">Par?metro</SimpleData>
            <SimpleData name="Plantado">SI</SimpleData>
            <SimpleData name="Fecha_Plan">2026/01/16</SimpleData>
            <SimpleData name="Jornales">0.00000000000</SimpleData>
            <SimpleData name="Monto">0.00000000000</SimpleData>
            <SimpleData name="Grupo_de_p">A-P3-XX-XX-XX</SimpleData>
            <SimpleData name="Estado_del">Activo</SimpleData>
            <SimpleData name="Empresa">Red Forestal Paraguay SA</SimpleData>
            <SimpleData name="Lote">A</SimpleData>
            <SimpleData name="Parametro">0.00000000000</SimpleData>
            <SimpleData name="Sup_SIG">0.69922904719</SimpleData>
            <SimpleData name="X">-55.83201902000</SimpleData>
            <SimpleData name="Y">-26.72940545000</SimpleData>
            <SimpleData name="cedula">6373818</SimpleData>
            <SimpleData name="Cédula_1">6373818.00000000000</SimpleData>
            <SimpleData name="Estado_d_1">Activo</SimpleData>
            <SimpleData name="OBJECTID_1">7490</SimpleData>
            <SimpleData name="Shape_Leng">332.06156055800</SimpleData>
            <SimpleData name="Shape_Area">6992.29047188000</SimpleData>
          </SchemaData>
        </ExtendedData>
        <Polygon>
          <outerBoundaryIs>
            <LinearRing>
              <coordinates>
                -55.8317548998958,-26.7296473001431,0
                -55.832240699298,-26.7299216997444,0
                -55.8326055992493,-26.7293234995259,0
                -55.83193119967,-26.728956399802,0
                -55.8317866994512,-26.7289701995986,0
                -55.8313963997131,-26.72940640003,0
                -55.8317548998958,-26.7296473001431,0
              </coordinates>
            </LinearRing>
          </outerBoundaryIs>
        </Polygon>
      </Placemark>
      <Placemark id="Lote_A.106">
        <ExtendedData>
          <SchemaData schemaUrl="#Lote_A.schema">
            <SimpleData name="Cédula">5449941.00000000000</SimpleData>
            <SimpleData name="Nombres_y_">ROMINA  BENITEZ MOLINAS</SimpleData>
            <SimpleData name="Sexo">Mujer</SimpleData>
            <SimpleData name="Cambio_de_">NO</SimpleData>
            <SimpleData name="Titular_se">NO</SimpleData>
            <SimpleData name="ci_UNIF">5449941.00000000000</SimpleData>
            <SimpleData name="Situación">NO</SimpleData>
            <SimpleData name="Comunidad">Campesina</SimpleData>
            <SimpleData name="Modelo_imp">Modelo 5</SimpleData>
            <SimpleData name="Departamen">ITAPUA</SimpleData>
            <SimpleData name="Distrito">ALTO VERA</SimpleData>
            <SimpleData name="Localidad">JOVERE</SimpleData>
            <SimpleData name="Teléfono">985418870</SimpleData>
            <SimpleData name="Vivienda_L">-26.59360670000</SimpleData>
            <SimpleData name="Vivienda_1">-55.73559670000</SimpleData>
            <SimpleData name="Superficie">0.70000000000</SimpleData>
            <SimpleData name="Situaci_1">Parametro</SimpleData>
            <SimpleData name="Plantado">SI</SimpleData>
            <SimpleData name="Fecha_Plan">2025/12/20</SimpleData>
            <SimpleData name="Jornales">0.00000000000</SimpleData>
            <SimpleData name="Monto">0.00000000000</SimpleData>
            <SimpleData name="Grupo_de_p">A-P3-XX-XX-XX</SimpleData>
            <SimpleData name="Estado_del">Activo</SimpleData>
            <SimpleData name="Empresa">Red Forestal Paraguay SA</SimpleData>
            <SimpleData name="Lote">A</SimpleData>
            <SimpleData name="Parametro">0.00000000000</SimpleData>
            <SimpleData name="Sup_SIG">0.77282309194</SimpleData>
            <SimpleData name="X">-55.73380390000</SimpleData>
            <SimpleData name="Y">-26.59665265000</SimpleData>
            <SimpleData name="cedula">5449941</SimpleData>
            <SimpleData name="Cédula_1">5449941.00000000000</SimpleData>
            <SimpleData name="Estado_d_1">Activo</SimpleData>
            <SimpleData name="OBJECTID_1">8446</SimpleData>
            <SimpleData name="Shape_Leng">436.10925819400</SimpleData>
            <SimpleData name="Shape_Area">7728.23091939000</SimpleData>
          </SchemaData>
        </ExtendedData>
        <Polygon>
          <outerBoundaryIs>
            <LinearRing>
              <coordinates>
                -55.7332049997149,-26.5972483000879,0
                -55.7335666993967,-26.5974550998538,0
                -55.7344268999945,-26.5960484998246,0
                -55.7339845990398,-26.5958980996383,0
                -55.7332049997149,-26.5972483000879,0
              </coordinates>
            </LinearRing>
          </outerBoundaryIs>
        </Polygon>
      </Placemark>
      <Placemark id="Lote_A.107">
        <ExtendedData>
          <SchemaData schemaUrl="#Lote_A.schema">
            <SimpleData name="Cédula">5027967.00000000000</SimpleData>
            <SimpleData name="Nombres_y_">WALTER  SANCHEZ BENITEZ</SimpleData>
            <SimpleData name="Sexo">Hombre</SimpleData>
            <SimpleData name="Cambio_de_">SI</SimpleData>
            <SimpleData name="Titular_se">GRACIELA PEREZ RAMIREZ</SimpleData>
            <SimpleData name="Cédula_Ti">7082950</SimpleData>
            <SimpleData name="ci_UNIF">7082950.00000000000</SimpleData>
            <SimpleData name="Situación">Fallecimiento de Titular</SimpleData>
            <SimpleData name="Comunidad">Campesina</SimpleData>
            <SimpleData name="Modelo_imp">Modelo 1</SimpleData>
            <SimpleData name="Departamen">CAAZAPA</SimpleData>
            <SimpleData name="Distrito">TAVA?</SimpleData>
            <SimpleData name="Localidad">ASENT. 7 DE DICIEMBRE</SimpleData>
            <SimpleData name="Teléfono">984985893</SimpleData>
            <SimpleData name="Vivienda_L">-26.24217000000</SimpleData>
            <SimpleData name="Vivienda_1">-55.60439670000</SimpleData>
            <SimpleData name="Superficie">0.80000000000</SimpleData>
            <SimpleData name="Situaci_1">Parametro</SimpleData>
            <SimpleData name="Plantado">SI</SimpleData>
            <SimpleData name="Fecha_Plan">2025/10/23</SimpleData>
            <SimpleData name="Jornales">0.00000000000</SimpleData>
            <SimpleData name="Monto">0.00000000000</SimpleData>
            <SimpleData name="Grupo_de_p">A-P3-XX-XX-XX</SimpleData>
            <SimpleData name="Estado_del">Activo</SimpleData>
            <SimpleData name="Empresa">Red Forestal Paraguay SA</SimpleData>
            <SimpleData name="Lote">A</SimpleData>
            <SimpleData name="Parametro">0.00000000000</SimpleData>
            <SimpleData name="Sup_SIG">0.81792484229</SimpleData>
            <SimpleData name="X">-55.60296356000</SimpleData>
            <SimpleData name="Y">-26.24208706000</SimpleData>
            <SimpleData name="cedula">5027967</SimpleData>
            <SimpleData name="Cédula_1">5027967.00000000000</SimpleData>
            <SimpleData name="Estado_d_1">Activo</SimpleData>
            <SimpleData name="OBJECTID_1">8804</SimpleData>
            <SimpleData name="Shape_Leng">600.77486781900</SimpleData>
            <SimpleData name="Shape_Area">8179.24842290000</SimpleData>
          </SchemaData>
        </ExtendedData>
        <MultiGeometry>
          <Polygon>
            <outerBoundaryIs>
              <LinearRing>
                <coordinates>
                  -55.6023649995002,-26.2423432995603,0
                  -55.6036049995105,-26.242326999303,0
                  -55.603559999814,-26.2419366996036,0
                  -55.6032148991076,-26.241856399823,0
                  -55.6032165993175,-26.2418448994456,0
                  -55.6021045990873,-26.2418714997484,0
                  -55.6021832990929,-26.2422832999173,0
                  -55.6023332991388,-26.2422916999872,0
                  -55.6023649995002,-26.2423432995603,0
                </coordinates>
              </LinearRing>
            </outerBoundaryIs>
          </Polygon>
          <Polygon>
            <outerBoundaryIs>
              <LinearRing>
                <coordinates>
                  -55.6037398994095,-26.2423016997967,0
                  -55.6037599993322,-26.2423167993304,0
                  -55.6037949991931,-26.2420617000964,0
                  -55.6040113992063,-26.2421434996701,0
                  -55.6040817999768,-26.2420664001437,0
                  -55.6040964992388,-26.2419785000422,0
                  -55.6037749996401,-26.2419282997644,0
                  -55.6037665994215,-26.2416500996985,0
                  -55.6037151000053,-26.2416391999255,0
                  -55.6037398994095,-26.2423016997967,0
                </coordinates>
              </LinearRing>
            </outerBoundaryIs>
          </Polygon>
        </MultiGeometry>
      </Placemark>
      <Placemark id="Lote_A.108">
        <ExtendedData>
          <SchemaData schemaUrl="#Lote_A.schema">
            <SimpleData name="Cédula">7011500.00000000000</SimpleData>
            <SimpleData name="Nombres_y_">SONIA ELIZABETH  FLORES ROTELA</SimpleData>
            <SimpleData name="Sexo">Mujer</SimpleData>
            <SimpleData name="Cambio_de_">NO</SimpleData>
            <SimpleData name="Titular_se">NO</SimpleData>
            <SimpleData name="ci_UNIF">7011500.00000000000</SimpleData>
            <SimpleData name="Situación">NO</SimpleData>
            <SimpleData name="Comunidad">Campesina</SimpleData>
            <SimpleData name="Modelo_imp">Modelo 1</SimpleData>
            <SimpleData name="Departamen">CAAZAPA</SimpleData>
            <SimpleData name="Distrito">TAVA?</SimpleData>
            <SimpleData name="Localidad">SAN FRANCISCO</SimpleData>
            <SimpleData name="Teléfono">976433429</SimpleData>
            <SimpleData name="Vivienda_L">-26.16117830000</SimpleData>
            <SimpleData name="Vivienda_1">-55.56416000000</SimpleData>
            <SimpleData name="Superficie">0.80000000000</SimpleData>
            <SimpleData name="Situaci_1">Pol?gono</SimpleData>
            <SimpleData name="Plantado">SI</SimpleData>
            <SimpleData name="Fecha_Plan">2025/10/27</SimpleData>
            <SimpleData name="Jornales">0.00000000000</SimpleData>
            <SimpleData name="Monto">0.00000000000</SimpleData>
            <SimpleData name="Grupo_de_p">A-GN-XX-XX-XX</SimpleData>
            <SimpleData name="Estado_del">Activo</SimpleData>
            <SimpleData name="Empresa">Red Forestal Paraguay SA</SimpleData>
            <SimpleData name="Lote">A</SimpleData>
            <SimpleData name="Parametro">0.00000000000</SimpleData>
            <SimpleData name="Sup_SIG">0.86186007640</SimpleData>
            <SimpleData name="X">-55.56287221000</SimpleData>
            <SimpleData name="Y">-26.15673759000</SimpleData>
            <SimpleData name="cedula">7011500</SimpleData>
            <SimpleData name="Cédula_1">7011500.00000000000</SimpleData>
            <SimpleData name="Estado_d_1">Activo</SimpleData>
            <SimpleData name="OBJECTID_1">8821</SimpleData>
            <SimpleData name="Shape_Leng">413.59428082900</SimpleData>
            <SimpleData name="Shape_Area">8618.60076400000</SimpleData>
          </SchemaData>
        </ExtendedData>
        <Polygon>
          <outerBoundaryIs>
            <LinearRing>
              <coordinates>
                -55.5624316993886,-26.1561399994184,0
                -55.5627566996744,-26.1574750003563,0
                -55.5633105003554,-26.1573098995936,0
                -55.5629967001878,-26.1560232999917,0
                -55.5624316993886,-26.1561399994184,0
              </coordinates>
            </LinearRing>
          </outerBoundaryIs>
        </Polygon>
      </Placemark>
      <Placemark id="Lote_A.109">
        <ExtendedData>
          <SchemaData schemaUrl="#Lote_A.schema">
            <SimpleData name="Cédula">1451905.00000000000</SimpleData>
            <SimpleData name="Nombres_y_">LORENZO ALCIDES MAIDANA VERA</SimpleData>
            <SimpleData name="Sexo">Hombre</SimpleData>
            <SimpleData name="Cambio_de_">NO</SimpleData>
            <SimpleData name="Titular_se">NO</SimpleData>
            <SimpleData name="ci_UNIF">1451905.00000000000</SimpleData>
            <SimpleData name="Situación">NO</SimpleData>
            <SimpleData name="Comunidad">Campesina</SimpleData>
            <SimpleData name="Modelo_imp">Modelo 5</SimpleData>
            <SimpleData name="Departamen">CAAZAPA</SimpleData>
            <SimpleData name="Distrito">TAVA?</SimpleData>
            <SimpleData name="Localidad">TORO BLANCO</SimpleData>
            <SimpleData name="Teléfono">0985782050</SimpleData>
            <SimpleData name="Vivienda_L">-26.23524290000</SimpleData>
            <SimpleData name="Vivienda_1">-55.67822130000</SimpleData>
            <SimpleData name="Superficie">0.70000000000</SimpleData>
            <SimpleData name="Situaci_1">Par?metro</SimpleData>
            <SimpleData name="Plantado">SI</SimpleData>
            <SimpleData name="Fecha_Plan">2025/10/12</SimpleData>
            <SimpleData name="Jornales">0.00000000000</SimpleData>
            <SimpleData name="Monto">0.00000000000</SimpleData>
            <SimpleData name="Grupo_de_p">A-GN-XX-XX-XX</SimpleData>
            <SimpleData name="Estado_del">Activo</SimpleData>
            <SimpleData name="Empresa">Red Forestal Paraguay SA</SimpleData>
            <SimpleData name="Lote">A</SimpleData>
            <SimpleData name="Parametro">0.00000000000</SimpleData>
            <SimpleData name="Sup_SIG">0.70009498008</SimpleData>
            <SimpleData name="X">-55.68380211000</SimpleData>
            <SimpleData name="Y">-26.22932872000</SimpleData>
            <SimpleData name="cedula">1451905</SimpleData>
            <SimpleData name="Cédula_1">1451905.00000000000</SimpleData>
            <SimpleData name="Estado_d_1">Activo</SimpleData>
            <SimpleData name="OBJECTID_1">8583</SimpleData>
            <SimpleData name="Shape_Leng">446.67033550300</SimpleData>
            <SimpleData name="Shape_Area">7000.94980077000</SimpleData>
          </SchemaData>
        </ExtendedData>
        <Polygon>
          <outerBoundaryIs>
            <LinearRing>
              <coordinates>
                -55.6836416997537,-26.2292568002898,0
                -55.6836099997902,-26.2294599999454,0
                -55.6831032998977,-26.2294282996365,0
                -55.6830602003174,-26.2296714000381,0
                -55.6841250004532,-26.2296731998077,0
                -55.6844182994318,-26.2289150001736,0
                -55.6834214997705,-26.2290210995671,0
                -55.6833666996331,-26.2292183005234,0
                -55.6836416997537,-26.2292568002898,0
              </coordinates>
            </LinearRing>
          </outerBoundaryIs>
        </Polygon>
      </Placemark>
      <Placemark id="Lote_A.110">
        <ExtendedData>
          <SchemaData schemaUrl="#Lote_A.schema">
            <SimpleData name="Cédula">6297590.00000000000</SimpleData>
            <SimpleData name="Nombres_y_">ARACELIA  SANABRIA RUIZ DIAZ</SimpleData>
            <SimpleData name="Sexo">Mujer</SimpleData>
            <SimpleData name="Cambio_de_">NO</SimpleData>
            <SimpleData name="Titular_se">NO</SimpleData>
            <SimpleData name="ci_UNIF">6297590.00000000000</SimpleData>
            <SimpleData name="Situación">NO</SimpleData>
            <SimpleData name="Comunidad">Campesina</SimpleData>
            <SimpleData name="Modelo_imp">Modelo 5</SimpleData>
            <SimpleData name="Departamen">CAAZAPA</SimpleData>
            <SimpleData name="Distrito">TAVA?</SimpleData>
            <SimpleData name="Localidad">?U KA?Y</SimpleData>
            <SimpleData name="Teléfono">982151158</SimpleData>
            <SimpleData name="Vivienda_L">-26.23999140000</SimpleData>
            <SimpleData name="Vivienda_1">-55.58165500000</SimpleData>
            <SimpleData name="Superficie">0.70000000000</SimpleData>
            <SimpleData name="Situaci_1">Parametro</SimpleData>
            <SimpleData name="Plantado">SI</SimpleData>
            <SimpleData name="Fecha_Plan">2025/10/21</SimpleData>
            <SimpleData name="Jornales">0.00000000000</SimpleData>
            <SimpleData name="Monto">0.00000000000</SimpleData>
            <SimpleData name="Grupo_de_p">A-GN-XX-XX-XX</SimpleData>
            <SimpleData name="Estado_del">Activo</SimpleData>
            <SimpleData name="Empresa">Red Forestal Paraguay SA</SimpleData>
            <SimpleData name="Lote">A</SimpleData>
            <SimpleData name="Parametro">0.00000000000</SimpleData>
            <SimpleData name="Sup_SIG">0.79137325476</SimpleData>
            <SimpleData name="X">-55.58398029000</SimpleData>
            <SimpleData name="Y">-26.24168078000</SimpleData>
            <SimpleData name="cedula">6297590</SimpleData>
            <SimpleData name="Cédula_1">6297590.00000000000</SimpleData>
            <SimpleData name="Estado_d_1">Activo</SimpleData>
            <SimpleData name="OBJECTID_1">8788</SimpleData>
            <SimpleData name="Shape_Leng">407.92392591200</SimpleData>
            <SimpleData name="Shape_Area">7913.73254755000</SimpleData>
          </SchemaData>
        </ExtendedData>
        <Polygon>
          <outerBoundaryIs>
            <LinearRing>
              <coordinates>
                -55.5838083000988,-26.2420750004732,0
                -55.5841270001811,-26.2423785991485,0
                -55.5845751000609,-26.2419935002093,0
                -55.5837366996073,-26.240931699844,0
                -55.5833999999568,-26.2413232997468,0
                -55.5838799996171,-26.2419032993851,0
                -55.5838083000988,-26.2420750004732,0
              </coordinates>
            </LinearRing>
          </outerBoundaryIs>
        </Polygon>
      </Placemark>
      <Placemark id="Lote_A.111">
        <ExtendedData>
          <SchemaData schemaUrl="#Lote_A.schema">
            <SimpleData name="Cédula">6580474.00000000000</SimpleData>
            <SimpleData name="Nombres_y_">YONI CESAR FERNANDEZ DIAZ</SimpleData>
            <SimpleData name="Sexo">Hombre</SimpleData>
            <SimpleData name="Cambio_de_">NO</SimpleData>
            <SimpleData name="Titular_se">NO</SimpleData>
            <SimpleData name="ci_UNIF">6580474.00000000000</SimpleData>
            <SimpleData name="Situación">NO</SimpleData>
            <SimpleData name="Comunidad">Ind?gena</SimpleData>
            <SimpleData name="Modelo_imp">Modelo 4</SimpleData>
            <SimpleData name="Departamen">CAAZAPA</SimpleData>
            <SimpleData name="Distrito">TAVA?</SimpleData>
            <SimpleData name="Localidad">COM INDIG KOKUERE GUASU</SimpleData>
            <SimpleData name="Teléfono">0984023221</SimpleData>
            <SimpleData name="Vivienda_L">-26.06178420000</SimpleData>
            <SimpleData name="Vivienda_1">-55.51293920000</SimpleData>
            <SimpleData name="Superficie">0.70000000000</SimpleData>
            <SimpleData name="Situaci_1">Par?metro</SimpleData>
            <SimpleData name="Plantado">SI</SimpleData>
            <SimpleData name="Fecha_Plan">2026/05/22</SimpleData>
            <SimpleData name="Jornales">0.00000000000</SimpleData>
            <SimpleData name="Monto">0.00000000000</SimpleData>
            <SimpleData name="Grupo_de_p">A-GN-XX-XX-XX</SimpleData>
            <SimpleData name="Estado_del">Activo</SimpleData>
            <SimpleData name="Empresa">Red Forestal Paraguay SA</SimpleData>
            <SimpleData name="Lote">A</SimpleData>
            <SimpleData name="Parametro">0.00000000000</SimpleData>
            <SimpleData name="Sup_SIG">1.05418834380</SimpleData>
            <SimpleData name="X">-55.51269577000</SimpleData>
            <SimpleData name="Y">-26.06290543000</SimpleData>
            <SimpleData name="cedula">6580474</SimpleData>
            <SimpleData name="Cédula_1">6580474.00000000000</SimpleData>
            <SimpleData name="Estado_d_1">Activo</SimpleData>
            <SimpleData name="OBJECTID_1">6965</SimpleData>
            <SimpleData name="Shape_Leng">432.81864754700</SimpleData>
            <SimpleData name="Shape_Area">10541.88343800000</SimpleData>
          </SchemaData>
        </ExtendedData>
        <Polygon>
          <outerBoundaryIs>
            <LinearRing>
              <coordinates>
                -55.5120366999119,-26.0625749996369,0
                -55.5127332999775,-26.0637183000181,0
                -55.5131950003113,-26.0632632995643,0
                -55.5129533004055,-26.0622066993497,0
                -55.5120366999119,-26.0625749996369,0
              </coordinates>
            </LinearRing>
          </outerBoundaryIs>
        </Polygon>
      </Placemark>
      <Placemark id="Lote_A.112">
        <ExtendedData>
          <SchemaData schemaUrl="#Lote_A.schema">
            <SimpleData name="Cédula">6777261.00000000000</SimpleData>
            <SimpleData name="Nombres_y_">ROSA ESTHER  ACOSTA CHAMORRO</SimpleData>
            <SimpleData name="Sexo">Mujer</SimpleData>
            <SimpleData name="Cambio_de_">NO</SimpleData>
            <SimpleData name="Titular_se">NO</SimpleData>
            <SimpleData name="ci_UNIF">6777261.00000000000</SimpleData>
            <SimpleData name="Situación">NO</SimpleData>
            <SimpleData name="Comunidad">Campesina</SimpleData>
            <SimpleData name="Modelo_imp">Modelo 5</SimpleData>
            <SimpleData name="Departamen">CAAZAPA</SimpleData>
            <SimpleData name="Distrito">TAVA?</SimpleData>
            <SimpleData name="Localidad">?U KA?Y</SimpleData>
            <SimpleData name="Teléfono">984002102</SimpleData>
            <SimpleData name="Vivienda_L">-26.23315160000</SimpleData>
            <SimpleData name="Vivienda_1">-55.58349100000</SimpleData>
            <SimpleData name="Superficie">0.70000000000</SimpleData>
            <SimpleData name="Situaci_1">Pol?gono</SimpleData>
            <SimpleData name="Plantado">SI</SimpleData>
            <SimpleData name="Fecha_Plan">2025/10/21</SimpleData>
            <SimpleData name="Jornales">0.00000000000</SimpleData>
            <SimpleData name="Monto">0.00000000000</SimpleData>
            <SimpleData name="Grupo_de_p">A-GN-XX-XX-XX</SimpleData>
            <SimpleData name="Estado_del">Activo</SimpleData>
            <SimpleData name="Empresa">Red Forestal Paraguay SA</SimpleData>
            <SimpleData name="Lote">A</SimpleData>
            <SimpleData name="Parametro">0.00000000000</SimpleData>
            <SimpleData name="Sup_SIG">0.73549402413</SimpleData>
            <SimpleData name="X">-55.58652077000</SimpleData>
            <SimpleData name="Y">-26.23005196000</SimpleData>
            <SimpleData name="cedula">6777261</SimpleData>
            <SimpleData name="Cédula_1">6777261.00000000000</SimpleData>
            <SimpleData name="Estado_d_1">Activo</SimpleData>
            <SimpleData name="OBJECTID_1">8791</SimpleData>
            <SimpleData name="Shape_Leng">458.03720283300</SimpleData>
            <SimpleData name="Shape_Area">7354.94024125000</SimpleData>
          </SchemaData>
        </ExtendedData>
        <Polygon>
          <outerBoundaryIs>
            <LinearRing>
              <coordinates>
                -55.5858765999472,-26.2305548992928,0
                -55.586171699863,-26.2307932997929,0
                -55.5869367005075,-26.2299749999607,0
                -55.5867782000801,-26.2298767996277,0
                -55.5871936998306,-26.2294817999851,0
                -55.5869549999544,-26.2292966997843,0
                -55.5861763993771,-26.229996999856,0
                -55.5862731007168,-26.2301154996828,0
                -55.5858765999472,-26.2305548992928,0
              </coordinates>
            </LinearRing>
          </outerBoundaryIs>
        </Polygon>
      </Placemark>
      <Placemark id="Lote_A.113">
        <ExtendedData>
          <SchemaData schemaUrl="#Lote_A.schema">
            <SimpleData name="Cédula">7495240.00000000000</SimpleData>
            <SimpleData name="Nombres_y_">MIRIAN FERNANDEZ VERA</SimpleData>
            <SimpleData name="Sexo">Mujer</SimpleData>
            <SimpleData name="Cambio_de_">NO</SimpleData>
            <SimpleData name="Titular_se">NO</SimpleData>
            <SimpleData name="ci_UNIF">7495240.00000000000</SimpleData>
            <SimpleData name="Situación">NO</SimpleData>
            <SimpleData name="Comunidad">Ind?gena</SimpleData>
            <SimpleData name="Modelo_imp">Modelo 4</SimpleData>
            <SimpleData name="Departamen">CAAZAPA</SimpleData>
            <SimpleData name="Distrito">TAVA?</SimpleData>
            <SimpleData name="Localidad">COM INDIG KOKUERE GUASU</SimpleData>
            <SimpleData name="Teléfono">0984380336</SimpleData>
            <SimpleData name="Vivienda_L">-26.06172030000</SimpleData>
            <SimpleData name="Vivienda_1">-55.51306180000</SimpleData>
            <SimpleData name="Superficie">0.70000000000</SimpleData>
            <SimpleData name="Situaci_1">Par?metro</SimpleData>
            <SimpleData name="Plantado">SI</SimpleData>
            <SimpleData name="Fecha_Plan">2026/05/22</SimpleData>
            <SimpleData name="Jornales">0.00000000000</SimpleData>
            <SimpleData name="Monto">0.00000000000</SimpleData>
            <SimpleData name="Grupo_de_p">A-GN-XX-XX-XX</SimpleData>
            <SimpleData name="Estado_del">Activo</SimpleData>
            <SimpleData name="Empresa">Red Forestal Paraguay SA</SimpleData>
            <SimpleData name="Lote">A</SimpleData>
            <SimpleData name="Parametro">0.00000000000</SimpleData>
            <SimpleData name="Sup_SIG">0.70527378491</SimpleData>
            <SimpleData name="X">-55.51231178000</SimpleData>
            <SimpleData name="Y">-26.06128904000</SimpleData>
            <SimpleData name="cedula">7495240</SimpleData>
            <SimpleData name="Cédula_1">7495240.00000000000</SimpleData>
            <SimpleData name="Estado_d_1">Activo</SimpleData>
            <SimpleData name="OBJECTID_1">6964</SimpleData>
            <SimpleData name="Shape_Leng">358.94523737300</SimpleData>
            <SimpleData name="Shape_Area">7052.73784908000</SimpleData>
          </SchemaData>
        </ExtendedData>
        <Polygon>
          <outerBoundaryIs>
            <LinearRing>
              <coordinates>
                -55.5117883005383,-26.0610050004491,0
                -55.5123933002324,-26.0619899998128,0
                -55.5127649999353,-26.0615066994608,0
                -55.5123699998947,-26.0606750000787,0
                -55.5117883005383,-26.0610050004491,0
              </coordinates>
            </LinearRing>
          </outerBoundaryIs>
        </Polygon>
      </Placemark>
      <Placemark id="Lote_A.114">
        <ExtendedData>
          <SchemaData schemaUrl="#Lote_A.schema">
            <SimpleData name="Cédula">9115513.00000000000</SimpleData>
            <SimpleData name="Nombres_y_">BRUNO DANIEL MENDIETA SARATE</SimpleData>
            <SimpleData name="Sexo">Hombre</SimpleData>
            <SimpleData name="Cambio_de_">NO</SimpleData>
            <SimpleData name="Titular_se">NO</SimpleData>
            <SimpleData name="ci_UNIF">9115513.00000000000</SimpleData>
            <SimpleData name="Situación">NO</SimpleData>
            <SimpleData name="Comunidad">Campesina</SimpleData>
            <SimpleData name="Modelo_imp">Modelo 5</SimpleData>
            <SimpleData name="Departamen">CAAZAPA</SimpleData>
            <SimpleData name="Distrito">TAVA?</SimpleData>
            <SimpleData name="Localidad">?U KA?Y</SimpleData>
            <SimpleData name="Teléfono">982035517</SimpleData>
            <SimpleData name="Vivienda_L">-26.25327830000</SimpleData>
            <SimpleData name="Vivienda_1">-55.57290330000</SimpleData>
            <SimpleData name="Superficie">0.70000000000</SimpleData>
            <SimpleData name="Situaci_1">Parametro</SimpleData>
            <SimpleData name="Plantado">SI</SimpleData>
            <SimpleData name="Fecha_Plan">2026/05/28</SimpleData>
            <SimpleData name="Jornales">0.00000000000</SimpleData>
            <SimpleData name="Monto">0.00000000000</SimpleData>
            <SimpleData name="Grupo_de_p">A-GN-XX-XX-XX</SimpleData>
            <SimpleData name="Estado_del">Activo</SimpleData>
            <SimpleData name="Empresa">Red Forestal Paraguay SA</SimpleData>
            <SimpleData name="Lote">A</SimpleData>
            <SimpleData name="Parametro">0.00000000000</SimpleData>
            <SimpleData name="Sup_SIG">0.70692378060</SimpleData>
            <SimpleData name="X">-55.57341203000</SimpleData>
            <SimpleData name="Y">-26.25360633000</SimpleData>
            <SimpleData name="cedula">9115513</SimpleData>
            <SimpleData name="Cédula_1">9115513.00000000000</SimpleData>
            <SimpleData name="Estado_d_1">Activo</SimpleData>
            <SimpleData name="OBJECTID_1">7414</SimpleData>
            <SimpleData name="Shape_Leng">517.19799098000</SimpleData>
            <SimpleData name="Shape_Area">7069.23780603000</SimpleData>
          </SchemaData>
        </ExtendedData>
        <MultiGeometry>
          <Polygon>
            <outerBoundaryIs>
              <LinearRing>
                <coordinates>
                  -55.5729850004101,-26.2540350003481,0
                  -55.5732232998265,-26.2539318001905,0
                  -55.5731486002552,-26.2534203006228,0
                  -55.5727132996032,-26.2534666998626,0
                  -55.5729850004101,-26.2540350003481,0
                </coordinates>
              </LinearRing>
            </outerBoundaryIs>
          </Polygon>
          <Polygon>
            <outerBoundaryIs>
              <LinearRing>
                <coordinates>
                  -55.5732449998564,-26.25370670017,0
                  -55.5733516992497,-26.2538333001969,0
                  -55.5735817001,-26.253880000799,0
                  -55.5736449994871,-26.2539051003164,0
                  -55.5740217001526,-26.2539417006104,0
                  -55.5739749997153,-26.2534064003394,0
                  -55.5735949993501,-26.2534649999566,0
                  -55.5735902001558,-26.2531435011142,0
                  -55.5732349999418,-26.2531100004629,0
                  -55.5732449998564,-26.25370670017,0
                </coordinates>
              </LinearRing>
            </outerBoundaryIs>
          </Polygon>
        </MultiGeometry>
      </Placemark>
      <Placemark id="Lote_A.115">
        <ExtendedData>
          <SchemaData schemaUrl="#Lote_A.schema">
            <SimpleData name="Cédula">5391246.00000000000</SimpleData>
            <SimpleData name="Nombres_y_">MARISA RAMIREZ ALVAREZ</SimpleData>
            <SimpleData name="Sexo">Mujer</SimpleData>
            <SimpleData name="Cambio_de_">NO</SimpleData>
            <SimpleData name="Titular_se">NO</SimpleData>
            <SimpleData name="ci_UNIF">5391246.00000000000</SimpleData>
            <SimpleData name="Situación">NO</SimpleData>
            <SimpleData name="Comunidad">Campesina</SimpleData>
            <SimpleData name="Modelo_imp">Modelo 1</SimpleData>
            <SimpleData name="Departamen">CAAZAPA</SimpleData>
            <SimpleData name="Distrito">TAVA?</SimpleData>
            <SimpleData name="Localidad">TORO BLANCO</SimpleData>
            <SimpleData name="Teléfono">0985477911</SimpleData>
            <SimpleData name="Vivienda_L">-26.20649530000</SimpleData>
            <SimpleData name="Vivienda_1">-55.66012140000</SimpleData>
            <SimpleData name="Superficie">0.80000000000</SimpleData>
            <SimpleData name="Situaci_1">Pol?gono</SimpleData>
            <SimpleData name="Plantado">SI</SimpleData>
            <SimpleData name="Fecha_Plan">2025/10/12</SimpleData>
            <SimpleData name="Jornales">0.00000000000</SimpleData>
            <SimpleData name="Monto">0.00000000000</SimpleData>
            <SimpleData name="Grupo_de_p">A-GN-XX-XX-XX</SimpleData>
            <SimpleData name="Estado_del">Activo</SimpleData>
            <SimpleData name="Empresa">Red Forestal Paraguay SA</SimpleData>
            <SimpleData name="Lote">A</SimpleData>
            <SimpleData name="Parametro">0.00000000000</SimpleData>
            <SimpleData name="Sup_SIG">0.80776023727</SimpleData>
            <SimpleData name="X">-55.66056626000</SimpleData>
            <SimpleData name="Y">-26.20272142000</SimpleData>
            <SimpleData name="cedula">5391246</SimpleData>
            <SimpleData name="Cédula_1">5391246.00000000000</SimpleData>
            <SimpleData name="Estado_d_1">Activo</SimpleData>
            <SimpleData name="OBJECTID_1">8646</SimpleData>
            <SimpleData name="Shape_Leng">384.94403090900</SimpleData>
            <SimpleData name="Shape_Area">8077.60237274000</SimpleData>
          </SchemaData>
        </ExtendedData>
        <Polygon>
          <outerBoundaryIs>
            <LinearRing>
              <coordinates>
                -55.6602167001113,-26.203298299812,0
                -55.6608048999979,-26.2033377004919,0
                -55.6609432994635,-26.2021649995914,0
                -55.6602966997587,-26.2021216999043,0
                -55.6602167001113,-26.203298299812,0
              </coordinates>
            </LinearRing>
          </outerBoundaryIs>
        </Polygon>
      </Placemark>
      <Placemark id="Lote_A.116">
        <ExtendedData>
          <SchemaData schemaUrl="#Lote_A.schema">
            <SimpleData name="Cédula">5452923.00000000000</SimpleData>
            <SimpleData name="Nombres_y_">CLAUDIO BENITEZ GARAY</SimpleData>
            <SimpleData name="Sexo">Hombre</SimpleData>
            <SimpleData name="Cambio_de_">NO</SimpleData>
            <SimpleData name="Titular_se">NO</SimpleData>
            <SimpleData name="ci_UNIF">5452923.00000000000</SimpleData>
            <SimpleData name="Situación">NO</SimpleData>
            <SimpleData name="Comunidad">Ind?gena</SimpleData>
            <SimpleData name="Modelo_imp">Modelo 4</SimpleData>
            <SimpleData name="Departamen">CAAZAPA</SimpleData>
            <SimpleData name="Distrito">TAVA?</SimpleData>
            <SimpleData name="Localidad">COM INDIG KOKUERE GUASU</SimpleData>
            <SimpleData name="Teléfono">0982789644</SimpleData>
            <SimpleData name="Vivienda_L">-26.05979670000</SimpleData>
            <SimpleData name="Vivienda_1">-55.50257170000</SimpleData>
            <SimpleData name="Superficie">0.70000000000</SimpleData>
            <SimpleData name="Situaci_1">Par?metro</SimpleData>
            <SimpleData name="Plantado">SI</SimpleData>
            <SimpleData name="Fecha_Plan">2026/05/27</SimpleData>
            <SimpleData name="Jornales">0.00000000000</SimpleData>
            <SimpleData name="Monto">0.00000000000</SimpleData>
            <SimpleData name="Grupo_de_p">A-GN-XX-XX-XX</SimpleData>
            <SimpleData name="Estado_del">Activo</SimpleData>
            <SimpleData name="Empresa">Red Forestal Paraguay SA</SimpleData>
            <SimpleData name="Lote">A</SimpleData>
            <SimpleData name="Parametro">0.00000000000</SimpleData>
            <SimpleData name="Sup_SIG">0.76372159019</SimpleData>
            <SimpleData name="X">-55.50186833000</SimpleData>
            <SimpleData name="Y">-26.06405832000</SimpleData>
            <SimpleData name="cedula">5452923</SimpleData>
            <SimpleData name="Cédula_1">5452923.00000000000</SimpleData>
            <SimpleData name="Estado_d_1">Activo</SimpleData>
            <SimpleData name="OBJECTID_1">6967</SimpleData>
            <SimpleData name="Shape_Leng">362.80446601900</SimpleData>
            <SimpleData name="Shape_Area">7637.21590192000</SimpleData>
          </SchemaData>
        </ExtendedData>
        <Polygon>
          <outerBoundaryIs>
            <LinearRing>
              <coordinates>
                -55.5015017004656,-26.0644783001481,0
                -55.5023250001987,-26.0645498999371,0
                -55.5021683004544,-26.0636683000904,0
                -55.5015149997825,-26.0634666999622,0
                -55.5015017004656,-26.0644783001481,0
              </coordinates>
            </LinearRing>
          </outerBoundaryIs>
        </Polygon>
      </Placemark>
      <Placemark id="Lote_A.117">
        <ExtendedData>
          <SchemaData schemaUrl="#Lote_A.schema">
            <SimpleData name="Cédula">6013244.00000000000</SimpleData>
            <SimpleData name="Nombres_y_">MARIA ESTER TABOADA VEGA</SimpleData>
            <SimpleData name="Sexo">Mujer</SimpleData>
            <SimpleData name="Cambio_de_">NO</SimpleData>
            <SimpleData name="Titular_se">NO</SimpleData>
            <SimpleData name="ci_UNIF">6013244.00000000000</SimpleData>
            <SimpleData name="Situación">NO</SimpleData>
            <SimpleData name="Comunidad">Campesina</SimpleData>
            <SimpleData name="Modelo_imp">Modelo 4</SimpleData>
            <SimpleData name="Departamen">CAAZAPA</SimpleData>
            <SimpleData name="Distrito">TAVA?</SimpleData>
            <SimpleData name="Localidad">SAN ROQUE</SimpleData>
            <SimpleData name="Teléfono">0983611156</SimpleData>
            <SimpleData name="Vivienda_L">-26.18592140000</SimpleData>
            <SimpleData name="Vivienda_1">-55.50170980000</SimpleData>
            <SimpleData name="Superficie">0.70000000000</SimpleData>
            <SimpleData name="Situaci_1">Par?metro</SimpleData>
            <SimpleData name="Plantado">SI</SimpleData>
            <SimpleData name="Fecha_Plan">2026/06/06</SimpleData>
            <SimpleData name="Jornales">0.00000000000</SimpleData>
            <SimpleData name="Monto">0.00000000000</SimpleData>
            <SimpleData name="Grupo_de_p">A-GN-XX-XX-XX</SimpleData>
            <SimpleData name="Estado_del">Activo</SimpleData>
            <SimpleData name="Empresa">Red Forestal Paraguay SA</SimpleData>
            <SimpleData name="Lote">A</SimpleData>
            <SimpleData name="Parametro">0.00000000000</SimpleData>
            <SimpleData name="Sup_SIG">0.70510736587</SimpleData>
            <SimpleData name="X">-55.52577546000</SimpleData>
            <SimpleData name="Y">-26.23486469000</SimpleData>
            <SimpleData name="cedula">6013244</SimpleData>
            <SimpleData name="Cédula_1">6013244.00000000000</SimpleData>
            <SimpleData name="Estado_d_1">Activo</SimpleData>
            <SimpleData name="OBJECTID_1">5195</SimpleData>
            <SimpleData name="Shape_Leng">342.10693496800</SimpleData>
            <SimpleData name="Shape_Area">7051.07365874000</SimpleData>
          </SchemaData>
        </ExtendedData>
        <Polygon>
          <outerBoundaryIs>
            <LinearRing>
              <coordinates>
                -55.5251599999446,-26.2350300000704,0
                -55.525930000347,-26.2353149996874,0
                -55.5264516995283,-26.2346949996969,0
                -55.5255067004434,-26.2344383003058,0
                -55.5251599999446,-26.2350300000704,0
              </coordinates>
            </LinearRing>
          </outerBoundaryIs>
        </Polygon>
      </Placemark>
      <Placemark id="Lote_A.118">
        <ExtendedData>
          <SchemaData schemaUrl="#Lote_A.schema">
            <SimpleData name="Cédula">6013301.00000000000</SimpleData>
            <SimpleData name="Nombres_y_">WILSON  LOMBARDO MOREL</SimpleData>
            <SimpleData name="Sexo">Hombre</SimpleData>
            <SimpleData name="Cambio_de_">NO</SimpleData>
            <SimpleData name="Titular_se">NO</SimpleData>
            <SimpleData name="ci_UNIF">6013301.00000000000</SimpleData>
            <SimpleData name="Situación">NO</SimpleData>
            <SimpleData name="Comunidad">Campesina</SimpleData>
            <SimpleData name="Modelo_imp">Modelo 5</SimpleData>
            <SimpleData name="Departamen">CAAZAPA</SimpleData>
            <SimpleData name="Distrito">TAVA?</SimpleData>
            <SimpleData name="Localidad">?U KA?Y</SimpleData>
            <SimpleData name="Teléfono">983764463</SimpleData>
            <SimpleData name="Vivienda_L">-26.24111430000</SimpleData>
            <SimpleData name="Vivienda_1">-55.56689740000</SimpleData>
            <SimpleData name="Superficie">0.70000000000</SimpleData>
            <SimpleData name="Situaci_1">Pol?gono</SimpleData>
            <SimpleData name="Plantado">SI</SimpleData>
            <SimpleData name="Fecha_Plan">2025/10/12</SimpleData>
            <SimpleData name="Jornales">0.00000000000</SimpleData>
            <SimpleData name="Monto">0.00000000000</SimpleData>
            <SimpleData name="Grupo_de_p">A-GN-XX-XX-XX</SimpleData>
            <SimpleData name="Estado_del">Activo</SimpleData>
            <SimpleData name="Empresa">Red Forestal Paraguay SA</SimpleData>
            <SimpleData name="Lote">A</SimpleData>
            <SimpleData name="Parametro">0.00000000000</SimpleData>
            <SimpleData name="Sup_SIG">0.77869232102</SimpleData>
            <SimpleData name="X">-55.56967911000</SimpleData>
            <SimpleData name="Y">-26.23707293000</SimpleData>
            <SimpleData name="cedula">6013301</SimpleData>
            <SimpleData name="Cédula_1">6013301.00000000000</SimpleData>
            <SimpleData name="Estado_d_1">Activo</SimpleData>
            <SimpleData name="OBJECTID_1">8790</SimpleData>
            <SimpleData name="Shape_Leng">411.10558864700</SimpleData>
            <SimpleData name="Shape_Area">7786.92321024000</SimpleData>
          </SchemaData>
        </ExtendedData>
        <Polygon>
          <outerBoundaryIs>
            <LinearRing>
              <coordinates>
                -55.5690749998197,-26.2375982996416,0
                -55.5691380001753,-26.2376700005094,0
                -55.5694967002705,-26.2375050000073,0
                -55.5695018998769,-26.2374686000779,0
                -55.5703433003901,-26.2369349992877,0
                -55.5702632994842,-26.236423299718,0
                -55.5689966999138,-26.2372250006022,0
                -55.5690749998197,-26.2375982996416,0
              </coordinates>
            </LinearRing>
          </outerBoundaryIs>
        </Polygon>
      </Placemark>
      <Placemark id="Lote_A.119">
        <ExtendedData>
          <SchemaData schemaUrl="#Lote_A.schema">
            <SimpleData name="Cédula">6231798.00000000000</SimpleData>
            <SimpleData name="Nombres_y_">NATALIA SOLEDAD ALVARENGA ACOSTA</SimpleData>
            <SimpleData name="Sexo">Mujer</SimpleData>
            <SimpleData name="Cambio_de_">NO</SimpleData>
            <SimpleData name="Titular_se">NO</SimpleData>
            <SimpleData name="ci_UNIF">6231798.00000000000</SimpleData>
            <SimpleData name="Situación">NO</SimpleData>
            <SimpleData name="Comunidad">Campesina</SimpleData>
            <SimpleData name="Modelo_imp">Modelo 5</SimpleData>
            <SimpleData name="Departamen">ITAPUA</SimpleData>
            <SimpleData name="Distrito">ALTO VERA</SimpleData>
            <SimpleData name="Localidad">TARUMA</SimpleData>
            <SimpleData name="Teléfono">0984794694</SimpleData>
            <SimpleData name="Vivienda_L">-26.71983710000</SimpleData>
            <SimpleData name="Vivienda_1">-55.83325330000</SimpleData>
            <SimpleData name="Superficie">0.70000000000</SimpleData>
            <SimpleData name="Situaci_1">Par?metro</SimpleData>
            <SimpleData name="Plantado">SI</SimpleData>
            <SimpleData name="Fecha_Plan">2026/06/01</SimpleData>
            <SimpleData name="Jornales">0.00000000000</SimpleData>
            <SimpleData name="Monto">0.00000000000</SimpleData>
            <SimpleData name="Grupo_de_p">A-GN-XX-XX-XX</SimpleData>
            <SimpleData name="Estado_del">Activo</SimpleData>
            <SimpleData name="Empresa">Red Forestal Paraguay SA</SimpleData>
            <SimpleData name="Lote">A</SimpleData>
            <SimpleData name="Parametro">0.00000000000</SimpleData>
            <SimpleData name="Sup_SIG">0.70012751164</SimpleData>
            <SimpleData name="X">-55.87474636000</SimpleData>
            <SimpleData name="Y">-26.72838383000</SimpleData>
            <SimpleData name="cedula">6231798</SimpleData>
            <SimpleData name="Cédula_1">6231798.00000000000</SimpleData>
            <SimpleData name="Estado_d_1">Activo</SimpleData>
            <SimpleData name="OBJECTID_1">6925</SimpleData>
            <SimpleData name="Shape_Leng">464.45440779400</SimpleData>
            <SimpleData name="Shape_Area">7001.27511636000</SimpleData>
          </SchemaData>
        </ExtendedData>
        <Polygon>
          <outerBoundaryIs>
            <LinearRing>
              <coordinates>
                -55.8744383997649,-26.7283927004612,0
                -55.8753843002082,-26.7289965001211,0
                -55.8756240999011,-26.7287350004209,0
                -55.8744736999457,-26.7279779003767,0
                -55.8741464000277,-26.7278746997559,0
                -55.8737053999689,-26.7278985002089,0
                -55.8744383997649,-26.7283927004612,0
              </coordinates>
            </LinearRing>
          </outerBoundaryIs>
        </Polygon>
      </Placemark>
      <Placemark id="Lote_A.120">
        <ExtendedData>
          <SchemaData schemaUrl="#Lote_A.schema">
            <SimpleData name="Cédula">6511846.00000000000</SimpleData>
            <SimpleData name="Nombres_y_">ANTOLIN DIEGO FERNANDEZ GONZALEZ</SimpleData>
            <SimpleData name="Sexo">Hombre</SimpleData>
            <SimpleData name="Cambio_de_">NO</SimpleData>
            <SimpleData name="Titular_se">NO</SimpleData>
            <SimpleData name="ci_UNIF">6511846.00000000000</SimpleData>
            <SimpleData name="Situación">NO</SimpleData>
            <SimpleData name="Comunidad">Ind?gena</SimpleData>
            <SimpleData name="Modelo_imp">Modelo 4</SimpleData>
            <SimpleData name="Departamen">CAAZAPA</SimpleData>
            <SimpleData name="Distrito">TAVA?</SimpleData>
            <SimpleData name="Localidad">COM INDIG KOKUERE GUAZU 6TA LINEA</SimpleData>
            <SimpleData name="Teléfono">ND</SimpleData>
            <SimpleData name="Vivienda_L">-26.03181640000</SimpleData>
            <SimpleData name="Vivienda_1">-55.51643910000</SimpleData>
            <SimpleData name="Superficie">0.70000000000</SimpleData>
            <SimpleData name="Situaci_1">Par?metro</SimpleData>
            <SimpleData name="Plantado">SI</SimpleData>
            <SimpleData name="Fecha_Plan">2026/06/04</SimpleData>
            <SimpleData name="Jornales">0.00000000000</SimpleData>
            <SimpleData name="Monto">0.00000000000</SimpleData>
            <SimpleData name="Grupo_de_p">A-GN-XX-XX-XX</SimpleData>
            <SimpleData name="Estado_del">Activo</SimpleData>
            <SimpleData name="Empresa">Red Forestal Paraguay SA</SimpleData>
            <SimpleData name="Lote">A</SimpleData>
            <SimpleData name="Parametro">0.00000000000</SimpleData>
            <SimpleData name="Sup_SIG">0.74096620391</SimpleData>
            <SimpleData name="X">-55.51359146000</SimpleData>
            <SimpleData name="Y">-26.06491279000</SimpleData>
            <SimpleData name="cedula">6511846</SimpleData>
            <SimpleData name="Cédula_1">6511846.00000000000</SimpleData>
            <SimpleData name="Estado_d_1">Activo</SimpleData>
            <SimpleData name="OBJECTID_1">7039</SimpleData>
            <SimpleData name="Shape_Leng">348.06578053500</SimpleData>
            <SimpleData name="Shape_Area">7409.66203912000</SimpleData>
          </SchemaData>
        </ExtendedData>
        <Polygon>
          <outerBoundaryIs>
            <LinearRing>
              <coordinates>
                -55.5130649999519,-26.0648432993938,0
                -55.5133666999048,-26.0654783004327,0
                -55.5142063000934,-26.0649720001126,0
                -55.5136466994806,-26.0643382994983,0
                -55.5130649999519,-26.0648432993938,0
              </coordinates>
            </LinearRing>
          </outerBoundaryIs>
        </Polygon>
      </Placemark>
      <Placemark id="Lote_A.121">
        <ExtendedData>
          <SchemaData schemaUrl="#Lote_A.schema">
            <SimpleData name="Cédula">6585410.00000000000</SimpleData>
            <SimpleData name="Nombres_y_">SONIA  LOMBARDO AREVALOS</SimpleData>
            <SimpleData name="Sexo">Mujer</SimpleData>
            <SimpleData name="Cambio_de_">NO</SimpleData>
            <SimpleData name="Titular_se">NO</SimpleData>
            <SimpleData name="ci_UNIF">6585410.00000000000</SimpleData>
            <SimpleData name="Situación">NO</SimpleData>
            <SimpleData name="Comunidad">Campesina</SimpleData>
            <SimpleData name="Modelo_imp">Modelo 5</SimpleData>
            <SimpleData name="Departamen">CAAZAPA</SimpleData>
            <SimpleData name="Distrito">TAVA?</SimpleData>
            <SimpleData name="Localidad">?U KA?Y</SimpleData>
            <SimpleData name="Teléfono">984901766</SimpleData>
            <SimpleData name="Vivienda_L">-26.24056020000</SimpleData>
            <SimpleData name="Vivienda_1">-55.56949300000</SimpleData>
            <SimpleData name="Superficie">0.70000000000</SimpleData>
            <SimpleData name="Situaci_1">Pol?gono</SimpleData>
            <SimpleData name="Plantado">SI</SimpleData>
            <SimpleData name="Fecha_Plan">2025/10/12</SimpleData>
            <SimpleData name="Jornales">0.00000000000</SimpleData>
            <SimpleData name="Monto">0.00000000000</SimpleData>
            <SimpleData name="Grupo_de_p">A-GN-XX-XX-XX</SimpleData>
            <SimpleData name="Estado_del">Activo</SimpleData>
            <SimpleData name="Empresa">Red Forestal Paraguay SA</SimpleData>
            <SimpleData name="Lote">A</SimpleData>
            <SimpleData name="Parametro">0.00000000000</SimpleData>
            <SimpleData name="Sup_SIG">0.69909713499</SimpleData>
            <SimpleData name="X">-55.57013213000</SimpleData>
            <SimpleData name="Y">-26.23739367000</SimpleData>
            <SimpleData name="cedula">6585410</SimpleData>
            <SimpleData name="Cédula_1">6585410.00000000000</SimpleData>
            <SimpleData name="Estado_d_1">Activo</SimpleData>
            <SimpleData name="OBJECTID_1">8789</SimpleData>
            <SimpleData name="Shape_Leng">361.10938818700</SimpleData>
            <SimpleData name="Shape_Area">6990.97134991000</SimpleData>
          </SchemaData>
        </ExtendedData>
        <Polygon>
          <outerBoundaryIs>
            <LinearRing>
              <coordinates>
                -55.5695067000209,-26.2374717001809,0
                -55.5697553000252,-26.2379364003609,0
                -55.570703300487,-26.2373782999497,0
                -55.5705514004244,-26.2368183997229,0
                -55.5695067000209,-26.2374717001809,0
              </coordinates>
            </LinearRing>
          </outerBoundaryIs>
        </Polygon>
      </Placemark>
      <Placemark id="Lote_A.122">
        <ExtendedData>
          <SchemaData schemaUrl="#Lote_A.schema">
            <SimpleData name="Cédula">6776884.00000000000</SimpleData>
            <SimpleData name="Nombres_y_">SERGIO CABRAL OCAMPOS</SimpleData>
            <SimpleData name="Sexo">Hombre</SimpleData>
            <SimpleData name="Cambio_de_">NO</SimpleData>
            <SimpleData name="Titular_se">NO</SimpleData>
            <SimpleData name="ci_UNIF">6776884.00000000000</SimpleData>
            <SimpleData name="Situación">NO</SimpleData>
            <SimpleData name="Comunidad">Ind?gena</SimpleData>
            <SimpleData name="Modelo_imp">Modelo 4</SimpleData>
            <SimpleData name="Departamen">CAAZAPA</SimpleData>
            <SimpleData name="Distrito">TAVA?</SimpleData>
            <SimpleData name="Localidad">COM INDIG KOKUERE GUASU</SimpleData>
            <SimpleData name="Teléfono">0984175920</SimpleData>
            <SimpleData name="Vivienda_L">-26.05966930000</SimpleData>
            <SimpleData name="Vivienda_1">-55.51467830000</SimpleData>
            <SimpleData name="Superficie">0.70000000000</SimpleData>
            <SimpleData name="Situaci_1">Par?metro</SimpleData>
            <SimpleData name="Plantado">SI</SimpleData>
            <SimpleData name="Fecha_Plan">2026/06/02</SimpleData>
            <SimpleData name="Jornales">0.00000000000</SimpleData>
            <SimpleData name="Monto">0.00000000000</SimpleData>
            <SimpleData name="Grupo_de_p">A-GN-XX-XX-XX</SimpleData>
            <SimpleData name="Estado_del">Activo</SimpleData>
            <SimpleData name="Empresa">Red Forestal Paraguay SA</SimpleData>
            <SimpleData name="Lote">A</SimpleData>
            <SimpleData name="Parametro">0.00000000000</SimpleData>
            <SimpleData name="Sup_SIG">0.71097304840</SimpleData>
            <SimpleData name="X">-55.51304321000</SimpleData>
            <SimpleData name="Y">-26.06412516000</SimpleData>
            <SimpleData name="cedula">6776884</SimpleData>
            <SimpleData name="Cédula_1">6776884.00000000000</SimpleData>
            <SimpleData name="Estado_d_1">Activo</SimpleData>
            <SimpleData name="OBJECTID_1">6966</SimpleData>
            <SimpleData name="Shape_Leng">341.27531626200</SimpleData>
            <SimpleData name="Shape_Area">7109.73048398000</SimpleData>
          </SchemaData>
        </ExtendedData>
        <Polygon>
          <outerBoundaryIs>
            <LinearRing>
              <coordinates>
                -55.5124932999318,-26.0640567006654,0
                -55.5129899998793,-26.0646882995487,0
                -55.5135583001345,-26.064294999601,0
                -55.5131449994813,-26.063518299455,0
                -55.5124932999318,-26.0640567006654,0
              </coordinates>
            </LinearRing>
          </outerBoundaryIs>
        </Polygon>
      </Placemark>
      <Placemark id="Lote_A.123">
        <ExtendedData>
          <SchemaData schemaUrl="#Lote_A.schema">
            <SimpleData name="Cédula">7290509.00000000000</SimpleData>
            <SimpleData name="Nombres_y_">DOMINICA AQUINO NU?EZ</SimpleData>
            <SimpleData name="Sexo">Mujer</SimpleData>
            <SimpleData name="Cambio_de_">NO</SimpleData>
            <SimpleData name="Titular_se">NO</SimpleData>
            <SimpleData name="ci_UNIF">7290509.00000000000</SimpleData>
            <SimpleData name="Situación">NO</SimpleData>
            <SimpleData name="Comunidad">Ind?gena</SimpleData>
            <SimpleData name="Modelo_imp">Modelo 3</SimpleData>
            <SimpleData name="Departamen">CAAZAPA</SimpleData>
            <SimpleData name="Distrito">TAVA?</SimpleData>
            <SimpleData name="Localidad">COM INDIG KOKUERE GUASU</SimpleData>
            <SimpleData name="Teléfono">0984282663</SimpleData>
            <SimpleData name="Vivienda_L">-26.06287050000</SimpleData>
            <SimpleData name="Vivienda_1">-55.52423450000</SimpleData>
            <SimpleData name="Superficie">1.00000000000</SimpleData>
            <SimpleData name="Situaci_1">Par?metro</SimpleData>
            <SimpleData name="Plantado">SI</SimpleData>
            <SimpleData name="Fecha_Plan">2026/05/28</SimpleData>
            <SimpleData name="Jornales">0.00000000000</SimpleData>
            <SimpleData name="Monto">0.00000000000</SimpleData>
            <SimpleData name="Grupo_de_p">A-GN-XX-XX-XX</SimpleData>
            <SimpleData name="Estado_del">Activo</SimpleData>
            <SimpleData name="Empresa">Red Forestal Paraguay SA</SimpleData>
            <SimpleData name="Lote">A</SimpleData>
            <SimpleData name="Parametro">0.00000000000</SimpleData>
            <SimpleData name="Sup_SIG">1.00411586546</SimpleData>
            <SimpleData name="X">-55.52460024000</SimpleData>
            <SimpleData name="Y">-26.06099896000</SimpleData>
            <SimpleData name="cedula">7290509</SimpleData>
            <SimpleData name="Cédula_1">7290509.00000000000</SimpleData>
            <SimpleData name="Estado_d_1">Activo</SimpleData>
            <SimpleData name="OBJECTID_1">5234</SimpleData>
            <SimpleData name="Shape_Leng">414.65966977700</SimpleData>
            <SimpleData name="Shape_Area">10041.15865460000</SimpleData>
          </SchemaData>
        </ExtendedData>
        <Polygon>
          <outerBoundaryIs>
            <LinearRing>
              <coordinates>
                -55.5239386997769,-26.0613233994321,0
                -55.5251466997504,-26.0613967000342,0
                -55.5252767003345,-26.060596699569,0
                -55.5239299995674,-26.0607033000911,0
                -55.5239386997769,-26.0613233994321,0
              </coordinates>
            </LinearRing>
          </outerBoundaryIs>
        </Polygon>
      </Placemark>
      <Placemark id="Lote_A.124">
        <ExtendedData>
          <SchemaData schemaUrl="#Lote_A.schema">
            <SimpleData name="Cédula">8068699.00000000000</SimpleData>
            <SimpleData name="Nombres_y_">CLAUDIA FERNANDEZ FRANCO</SimpleData>
            <SimpleData name="Sexo">Mujer</SimpleData>
            <SimpleData name="Cambio_de_">NO</SimpleData>
            <SimpleData name="Titular_se">NO</SimpleData>
            <SimpleData name="ci_UNIF">8068699.00000000000</SimpleData>
            <SimpleData name="Situación">NO</SimpleData>
            <SimpleData name="Comunidad">Ind?gena</SimpleData>
            <SimpleData name="Modelo_imp">Modelo 4</SimpleData>
            <SimpleData name="Departamen">CAAZAPA</SimpleData>
            <SimpleData name="Distrito">TAVA?</SimpleData>
            <SimpleData name="Localidad">COM INDIG KOKUERE GUASU</SimpleData>
            <SimpleData name="Teléfono">0984816283</SimpleData>
            <SimpleData name="Vivienda_L">-26.06157200000</SimpleData>
            <SimpleData name="Vivienda_1">-55.52085900000</SimpleData>
            <SimpleData name="Superficie">0.70000000000</SimpleData>
            <SimpleData name="Situaci_1">Par?metro</SimpleData>
            <SimpleData name="Plantado">SI</SimpleData>
            <SimpleData name="Fecha_Plan">2026/05/27</SimpleData>
            <SimpleData name="Jornales">0.00000000000</SimpleData>
            <SimpleData name="Monto">0.00000000000</SimpleData>
            <SimpleData name="Grupo_de_p">A-GN-XX-XX-XX</SimpleData>
            <SimpleData name="Estado_del">Activo</SimpleData>
            <SimpleData name="Empresa">Red Forestal Paraguay SA</SimpleData>
            <SimpleData name="Lote">A</SimpleData>
            <SimpleData name="Parametro">0.00000000000</SimpleData>
            <SimpleData name="Sup_SIG">0.70168507299</SimpleData>
            <SimpleData name="X">-55.52186998000</SimpleData>
            <SimpleData name="Y">-26.06070104000</SimpleData>
            <SimpleData name="cedula">8068699</SimpleData>
            <SimpleData name="Cédula_1">8068699.00000000000</SimpleData>
            <SimpleData name="Estado_d_1">Activo</SimpleData>
            <SimpleData name="OBJECTID_1">6973</SimpleData>
            <SimpleData name="Shape_Leng">349.02747893500</SimpleData>
            <SimpleData name="Shape_Area">7016.85072987000</SimpleData>
          </SchemaData>
        </ExtendedData>
        <Polygon>
          <outerBoundaryIs>
            <LinearRing>
              <coordinates>
                -55.5215567000156,-26.0611016996519,0
                -55.5222282999135,-26.0612600007419,0
                -55.5221416993241,-26.0601649997675,0
                -55.5214917006713,-26.0602749994668,0
                -55.5215567000156,-26.0611016996519,0
              </coordinates>
            </LinearRing>
          </outerBoundaryIs>
        </Polygon>
      </Placemark>
      <Placemark id="Lote_A.125">
        <ExtendedData>
          <SchemaData schemaUrl="#Lote_A.schema">
            <SimpleData name="Cédula">8397959.00000000000</SimpleData>
            <SimpleData name="Nombres_y_">EDUARDO LOPEZ BENITEZ</SimpleData>
            <SimpleData name="Sexo">Hombre</SimpleData>
            <SimpleData name="Cambio_de_">NO</SimpleData>
            <SimpleData name="Titular_se">NO</SimpleData>
            <SimpleData name="ci_UNIF">8397959.00000000000</SimpleData>
            <SimpleData name="Situación">NO</SimpleData>
            <SimpleData name="Comunidad">Ind?gena</SimpleData>
            <SimpleData name="Modelo_imp">Modelo 4</SimpleData>
            <SimpleData name="Departamen">CAAZAPA</SimpleData>
            <SimpleData name="Distrito">TAVA?</SimpleData>
            <SimpleData name="Localidad">COM INDIG KOKUERE GUASU</SimpleData>
            <SimpleData name="Teléfono">0984023221</SimpleData>
            <SimpleData name="Vivienda_L">-26.06242230000</SimpleData>
            <SimpleData name="Vivienda_1">-55.50673660000</SimpleData>
            <SimpleData name="Superficie">0.70000000000</SimpleData>
            <SimpleData name="Situaci_1">Par?metro</SimpleData>
            <SimpleData name="Plantado">SI</SimpleData>
            <SimpleData name="Fecha_Plan">2026/05/27</SimpleData>
            <SimpleData name="Jornales">0.00000000000</SimpleData>
            <SimpleData name="Monto">0.00000000000</SimpleData>
            <SimpleData name="Grupo_de_p">A-GN-XX-XX-XX</SimpleData>
            <SimpleData name="Estado_del">Activo</SimpleData>
            <SimpleData name="Empresa">Red Forestal Paraguay SA</SimpleData>
            <SimpleData name="Lote">A</SimpleData>
            <SimpleData name="Parametro">0.00000000000</SimpleData>
            <SimpleData name="Sup_SIG">0.92224518795</SimpleData>
            <SimpleData name="X">-55.50816929000</SimpleData>
            <SimpleData name="Y">-26.06343939000</SimpleData>
            <SimpleData name="cedula">8397959</SimpleData>
            <SimpleData name="Cédula_1">8397959.00000000000</SimpleData>
            <SimpleData name="Estado_d_1">Activo</SimpleData>
            <SimpleData name="OBJECTID_1">6968</SimpleData>
            <SimpleData name="Shape_Leng">396.44983518300</SimpleData>
            <SimpleData name="Shape_Area">9222.45187954000</SimpleData>
          </SchemaData>
        </ExtendedData>
        <Polygon>
          <outerBoundaryIs>
            <LinearRing>
              <coordinates>
                -55.5078581997481,-26.0638772997372,0
                -55.5085683001285,-26.0640449998845,0
                -55.5085649999807,-26.0628533005077,0
                -55.5075850009159,-26.0631149998125,0
                -55.5078581997481,-26.0638772997372,0
              </coordinates>
            </LinearRing>
          </outerBoundaryIs>
        </Polygon>
      </Placemark>
      <Placemark id="Lote_A.126">
        <ExtendedData>
          <SchemaData schemaUrl="#Lote_A.schema">
            <SimpleData name="Cédula">6376706.00000000000</SimpleData>
            <SimpleData name="Nombres_y_">MARIELA CUELLA LUJAN</SimpleData>
            <SimpleData name="Sexo">Mujer</SimpleData>
            <SimpleData name="Cambio_de_">NO</SimpleData>
            <SimpleData name="Titular_se">NO</SimpleData>
            <SimpleData name="ci_UNIF">6376706.00000000000</SimpleData>
            <SimpleData name="Situación">NO</SimpleData>
            <SimpleData name="Comunidad">Campesina</SimpleData>
            <SimpleData name="Modelo_imp">Modelo 6</SimpleData>
            <SimpleData name="Departamen">ITAPUA</SimpleData>
            <SimpleData name="Distrito">ALTO VERA</SimpleData>
            <SimpleData name="Localidad">PONCHO</SimpleData>
            <SimpleData name="Teléfono">0984255819</SimpleData>
            <SimpleData name="Vivienda_L">-26.69789830000</SimpleData>
            <SimpleData name="Vivienda_1">-55.73989000000</SimpleData>
            <SimpleData name="Superficie">0.90000000000</SimpleData>
            <SimpleData name="Situaci_1">Par?metro</SimpleData>
            <SimpleData name="Plantado">SI</SimpleData>
            <SimpleData name="Fecha_Plan">2026/06/06</SimpleData>
            <SimpleData name="Jornales">0.00000000000</SimpleData>
            <SimpleData name="Monto">0.00000000000</SimpleData>
            <SimpleData name="Grupo_de_p">A-GN-XX-XX-XX</SimpleData>
            <SimpleData name="Estado_del">Activo</SimpleData>
            <SimpleData name="Empresa">Red Forestal Paraguay SA</SimpleData>
            <SimpleData name="Lote">A</SimpleData>
            <SimpleData name="Parametro">0.00000000000</SimpleData>
            <SimpleData name="Sup_SIG">1.03345109041</SimpleData>
            <SimpleData name="X">-55.75498782000</SimpleData>
            <SimpleData name="Y">-26.68670076000</SimpleData>
            <SimpleData name="cedula">6376706</SimpleData>
            <SimpleData name="Cédula_1">6376706.00000000000</SimpleData>
            <SimpleData name="Estado_d_1">Activo</SimpleData>
            <SimpleData name="OBJECTID_1">6927</SimpleData>
            <SimpleData name="Shape_Leng">409.25982237800</SimpleData>
            <SimpleData name="Shape_Area">10334.51090410000</SimpleData>
          </SchemaData>
        </ExtendedData>
        <Polygon>
          <outerBoundaryIs>
            <LinearRing>
              <coordinates>
                -55.7542886990809,-26.6866912997627,0
                -55.755053299303,-26.6873832999907,0
                -55.7557283004167,-26.6865566994054,0
                -55.7547951487464,-26.6861049338135,0
                -55.7542886990809,-26.6866912997627,0
              </coordinates>
            </LinearRing>
          </outerBoundaryIs>
        </Polygon>
      </Placemark>
      <Placemark id="Lote_A.127">
        <ExtendedData>
          <SchemaData schemaUrl="#Lote_A.schema">
            <SimpleData name="Cédula">6864922.00000000000</SimpleData>
            <SimpleData name="Nombres_y_">CRISTINA AVALOS CACERES</SimpleData>
            <SimpleData name="Sexo">Mujer</SimpleData>
            <SimpleData name="Cambio_de_">NO</SimpleData>
            <SimpleData name="Titular_se">NO</SimpleData>
            <SimpleData name="ci_UNIF">6864922.00000000000</SimpleData>
            <SimpleData name="Situación">NO</SimpleData>
            <SimpleData name="Comunidad">Campesina</SimpleData>
            <SimpleData name="Modelo_imp">Modelo 1</SimpleData>
            <SimpleData name="Departamen">CAAZAPA</SimpleData>
            <SimpleData name="Distrito">TAVA?</SimpleData>
            <SimpleData name="Localidad">ENRAMADITA</SimpleData>
            <SimpleData name="Teléfono">0982913563</SimpleData>
            <SimpleData name="Vivienda_L">-26.16685880000</SimpleData>
            <SimpleData name="Vivienda_1">-55.67769300000</SimpleData>
            <SimpleData name="Superficie">0.80000000000</SimpleData>
            <SimpleData name="Situaci_1">Par?metro</SimpleData>
            <SimpleData name="Plantado">SI</SimpleData>
            <SimpleData name="Fecha_Plan">2025/09/25</SimpleData>
            <SimpleData name="Jornales">0.00000000000</SimpleData>
            <SimpleData name="Monto">0.00000000000</SimpleData>
            <SimpleData name="Grupo_de_p">A-GN-XX-XX-XX</SimpleData>
            <SimpleData name="Estado_del">Activo</SimpleData>
            <SimpleData name="Empresa">Red Forestal Paraguay SA</SimpleData>
            <SimpleData name="Lote">A</SimpleData>
            <SimpleData name="Parametro">0.00000000000</SimpleData>
            <SimpleData name="Sup_SIG">0.80409340194</SimpleData>
            <SimpleData name="X">-55.67272895000</SimpleData>
            <SimpleData name="Y">-26.13948421000</SimpleData>
            <SimpleData name="cedula">6864922</SimpleData>
            <SimpleData name="Cédula_1">6864922.00000000000</SimpleData>
            <SimpleData name="Estado_d_1">Activo</SimpleData>
            <SimpleData name="OBJECTID_1">8639</SimpleData>
            <SimpleData name="Shape_Leng">508.55512357800</SimpleData>
            <SimpleData name="Shape_Area">8040.93401939000</SimpleData>
          </SchemaData>
        </ExtendedData>
        <Polygon>
          <outerBoundaryIs>
            <LinearRing>
              <coordinates>
                -55.6716360871164,-26.139528619017,0
                -55.6735717004702,-26.1397500001458,0
                -55.673816899237,-26.13978500016,0
                -55.6738551006486,-26.1395034996755,0
                -55.6735069996738,-26.1394513999241,0
                -55.6734982993687,-26.1394200000997,0
                -55.6732249998854,-26.1393832998669,0
                -55.6732149996041,-26.1393517002686,0
                -55.6727683002012,-26.1393183007806,0
                -55.6717850000288,-26.1391683001176,0
                -55.6716360871164,-26.139528619017,0
              </coordinates>
            </LinearRing>
          </outerBoundaryIs>
        </Polygon>
      </Placemark>
      <Placemark id="Lote_A.128">
        <ExtendedData>
          <SchemaData schemaUrl="#Lote_A.schema">
            <SimpleData name="Cédula">7847696.00000000000</SimpleData>
            <SimpleData name="Nombres_y_">MARIA LILIANA  CENA BENITEZ</SimpleData>
            <SimpleData name="Sexo">Mujer</SimpleData>
            <SimpleData name="Cambio_de_">NO</SimpleData>
            <SimpleData name="Titular_se">NO</SimpleData>
            <SimpleData name="ci_UNIF">7847696.00000000000</SimpleData>
            <SimpleData name="Situación">NO</SimpleData>
            <SimpleData name="Comunidad">Campesina</SimpleData>
            <SimpleData name="Modelo_imp">Modelo 1</SimpleData>
            <SimpleData name="Departamen">CAAZAPA</SimpleData>
            <SimpleData name="Distrito">TAVA?</SimpleData>
            <SimpleData name="Localidad">SAN FRANCISCO</SimpleData>
            <SimpleData name="Teléfono">985196687</SimpleData>
            <SimpleData name="Vivienda_L">-26.15169330000</SimpleData>
            <SimpleData name="Vivienda_1">-55.57229330000</SimpleData>
            <SimpleData name="Superficie">0.80000000000</SimpleData>
            <SimpleData name="Situaci_1">Parametro</SimpleData>
            <SimpleData name="Plantado">SI</SimpleData>
            <SimpleData name="Fecha_Plan">2025/12/12</SimpleData>
            <SimpleData name="Jornales">0.00000000000</SimpleData>
            <SimpleData name="Monto">0.00000000000</SimpleData>
            <SimpleData name="Grupo_de_p">A-GN-XX-XX-XX</SimpleData>
            <SimpleData name="Estado_del">Activo</SimpleData>
            <SimpleData name="Empresa">Red Forestal Paraguay SA</SimpleData>
            <SimpleData name="Lote">A</SimpleData>
            <SimpleData name="Parametro">0.00000000000</SimpleData>
            <SimpleData name="Sup_SIG">0.87571103844</SimpleData>
            <SimpleData name="X">-55.55767956000</SimpleData>
            <SimpleData name="Y">-26.15631295000</SimpleData>
            <SimpleData name="cedula">7847696</SimpleData>
            <SimpleData name="Cédula_1">7847696.00000000000</SimpleData>
            <SimpleData name="Estado_d_1">Activo</SimpleData>
            <SimpleData name="OBJECTID_1">8827</SimpleData>
            <SimpleData name="Shape_Leng">528.99148058100</SimpleData>
            <SimpleData name="Shape_Area">8757.11038435000</SimpleData>
          </SchemaData>
        </ExtendedData>
        <Polygon>
          <outerBoundaryIs>
            <LinearRing>
              <coordinates>
                -55.5572268994498,-26.1558619999979,0
                -55.5574849995809,-26.1571749995687,0
                -55.5579266993429,-26.1570449994066,0
                -55.5576682995681,-26.1561232993329,0
                -55.5581899995405,-26.1560949999182,0
                -55.5582332999735,-26.1561499999519,0
                -55.5583716998889,-26.1560766996051,0
                -55.558328299355,-26.1558950000741,0
                -55.5581257997206,-26.1558954993889,0
                -55.558036699735,-26.1556499996678,0
                -55.5572268994498,-26.1558619999979,0
              </coordinates>
            </LinearRing>
          </outerBoundaryIs>
        </Polygon>
      </Placemark>
      <Placemark id="Lote_A.129">
        <ExtendedData>
          <SchemaData schemaUrl="#Lote_A.schema">
            <SimpleData name="Cédula">4284783.00000000000</SimpleData>
            <SimpleData name="Nombres_y_">VIDALIA VERA VAZQUEZ</SimpleData>
            <SimpleData name="Sexo">Mujer</SimpleData>
            <SimpleData name="Cambio_de_">NO</SimpleData>
            <SimpleData name="Titular_se">NO</SimpleData>
            <SimpleData name="ci_UNIF">4284783.00000000000</SimpleData>
            <SimpleData name="Situación">NO</SimpleData>
            <SimpleData name="Comunidad">Campesina</SimpleData>
            <SimpleData name="Modelo_imp">Modelo 4</SimpleData>
            <SimpleData name="Departamen">CAAZAPA</SimpleData>
            <SimpleData name="Distrito">TAVA?</SimpleData>
            <SimpleData name="Localidad">?U PYAHU</SimpleData>
            <SimpleData name="Teléfono">0991302088</SimpleData>
            <SimpleData name="Vivienda_L">-26.21051990000</SimpleData>
            <SimpleData name="Vivienda_1">-55.46283620000</SimpleData>
            <SimpleData name="Superficie">0.70000000000</SimpleData>
            <SimpleData name="Situaci_1">Par?metro</SimpleData>
            <SimpleData name="Plantado">SI</SimpleData>
            <SimpleData name="Fecha_Plan">2026/06/18</SimpleData>
            <SimpleData name="Jornales">0.00000000000</SimpleData>
            <SimpleData name="Monto">0.00000000000</SimpleData>
            <SimpleData name="Grupo_de_p">A-GN-XX-XX-XX</SimpleData>
            <SimpleData name="Estado_del">Activo</SimpleData>
            <SimpleData name="Empresa">Red Forestal Paraguay SA</SimpleData>
            <SimpleData name="Lote">A</SimpleData>
            <SimpleData name="Parametro">0.00000000000</SimpleData>
            <SimpleData name="Sup_SIG">0.72212501724</SimpleData>
            <SimpleData name="X">-55.45644889000</SimpleData>
            <SimpleData name="Y">-26.20873388000</SimpleData>
            <SimpleData name="cedula">4284783</SimpleData>
            <SimpleData name="Cédula_1">4284783.00000000000</SimpleData>
            <SimpleData name="Estado_d_1">Activo</SimpleData>
            <SimpleData name="OBJECTID_1">5199</SimpleData>
            <SimpleData name="Shape_Leng">365.80087436300</SimpleData>
            <SimpleData name="Shape_Area">7221.25017241000</SimpleData>
          </SchemaData>
        </ExtendedData>
        <Polygon>
          <outerBoundaryIs>
            <LinearRing>
              <coordinates>
                -55.4559501996517,-26.2092082001667,0
                -55.4565082996818,-26.2093217001393,0
                -55.4569500000457,-26.2083000006968,0
                -55.4563903994272,-26.2081239009095,0
                -55.4559501996517,-26.2092082001667,0
              </coordinates>
            </LinearRing>
          </outerBoundaryIs>
        </Polygon>
      </Placemark>
      <Placemark id="Lote_A.130">
        <ExtendedData>
          <SchemaData schemaUrl="#Lote_A.schema">
            <SimpleData name="Cédula">5475910.00000000000</SimpleData>
            <SimpleData name="Nombres_y_">NI?O MARCIAL TORRES GONZALEZ</SimpleData>
            <SimpleData name="Sexo">Hombre</SimpleData>
            <SimpleData name="Cambio_de_">NO</SimpleData>
            <SimpleData name="Titular_se">NO</SimpleData>
            <SimpleData name="ci_UNIF">5475910.00000000000</SimpleData>
            <SimpleData name="Situación">NO</SimpleData>
            <SimpleData name="Comunidad">Campesina</SimpleData>
            <SimpleData name="Modelo_imp">Modelo 4</SimpleData>
            <SimpleData name="Departamen">CAAZAPA</SimpleData>
            <SimpleData name="Distrito">TAVA?</SimpleData>
            <SimpleData name="Localidad">CASTOR KUE</SimpleData>
            <SimpleData name="Teléfono">0976422241</SimpleData>
            <SimpleData name="Vivienda_L">-26.22421710000</SimpleData>
            <SimpleData name="Vivienda_1">-55.50159420000</SimpleData>
            <SimpleData name="Superficie">0.70000000000</SimpleData>
            <SimpleData name="Situaci_1">Par?metro</SimpleData>
            <SimpleData name="Plantado">SI</SimpleData>
            <SimpleData name="Fecha_Plan">2026/06/24</SimpleData>
            <SimpleData name="Jornales">0.00000000000</SimpleData>
            <SimpleData name="Monto">0.00000000000</SimpleData>
            <SimpleData name="Grupo_de_p">A-GN-XX-XX-XX</SimpleData>
            <SimpleData name="Estado_del">Activo</SimpleData>
            <SimpleData name="Empresa">Red Forestal Paraguay SA</SimpleData>
            <SimpleData name="Lote">A</SimpleData>
            <SimpleData name="Parametro">0.00000000000</SimpleData>
            <SimpleData name="Sup_SIG">0.71070323541</SimpleData>
            <SimpleData name="X">-55.49773913000</SimpleData>
            <SimpleData name="Y">-26.22522822000</SimpleData>
            <SimpleData name="cedula">5475910</SimpleData>
            <SimpleData name="Cédula_1">5475910.00000000000</SimpleData>
            <SimpleData name="Estado_d_1">Activo</SimpleData>
            <SimpleData name="OBJECTID_1">5196</SimpleData>
            <SimpleData name="Shape_Leng">355.80293475900</SimpleData>
            <SimpleData name="Shape_Area">7107.03235413000</SimpleData>
          </SchemaData>
        </ExtendedData>
        <Polygon>
          <outerBoundaryIs>
            <LinearRing>
              <coordinates>
                -55.4971596986491,-26.225075200079,0
                -55.4970947991781,-26.2255333005259,0
                -55.4983232995212,-26.2254699996881,0
                -55.498271699416,-26.2248600003605,0
                -55.4974232992014,-26.2249916994666,0
                -55.4971596986491,-26.225075200079,0
              </coordinates>
            </LinearRing>
          </outerBoundaryIs>
        </Polygon>
      </Placemark>
      <Placemark id="Lote_A.131">
        <ExtendedData>
          <SchemaData schemaUrl="#Lote_A.schema">
            <SimpleData name="Cédula">6116567.00000000000</SimpleData>
            <SimpleData name="Nombres_y_">EMILCE CABRAL BARRIOS</SimpleData>
            <SimpleData name="Sexo">Mujer</SimpleData>
            <SimpleData name="Cambio_de_">NO</SimpleData>
            <SimpleData name="Titular_se">NO</SimpleData>
            <SimpleData name="ci_UNIF">6116567.00000000000</SimpleData>
            <SimpleData name="Situación">NO</SimpleData>
            <SimpleData name="Comunidad">Campesina</SimpleData>
            <SimpleData name="Modelo_imp">Modelo 5</SimpleData>
            <SimpleData name="Departamen">ITAPUA</SimpleData>
            <SimpleData name="Distrito">ALTO VERA</SimpleData>
            <SimpleData name="Localidad">TARUMA</SimpleData>
            <SimpleData name="Teléfono">0983521023</SimpleData>
            <SimpleData name="Vivienda_L">-26.71576230000</SimpleData>
            <SimpleData name="Vivienda_1">-55.85559250000</SimpleData>
            <SimpleData name="Superficie">0.70000000000</SimpleData>
            <SimpleData name="Situaci_1">Par?metro</SimpleData>
            <SimpleData name="Plantado">SI</SimpleData>
            <SimpleData name="Fecha_Plan">2026/01/16</SimpleData>
            <SimpleData name="Jornales">0.00000000000</SimpleData>
            <SimpleData name="Monto">0.00000000000</SimpleData>
            <SimpleData name="Grupo_de_p">A-GN-XX-XX-XX</SimpleData>
            <SimpleData name="Estado_del">Activo</SimpleData>
            <SimpleData name="Empresa">Red Forestal Paraguay SA</SimpleData>
            <SimpleData name="Lote">A</SimpleData>
            <SimpleData name="Parametro">0.00000000000</SimpleData>
            <SimpleData name="Sup_SIG">0.73395063923</SimpleData>
            <SimpleData name="X">-55.85824280000</SimpleData>
            <SimpleData name="Y">-26.71886725000</SimpleData>
            <SimpleData name="cedula">6116567</SimpleData>
            <SimpleData name="Cédula_1">6116567.00000000000</SimpleData>
            <SimpleData name="Estado_d_1">Activo</SimpleData>
            <SimpleData name="OBJECTID_1">8475</SimpleData>
            <SimpleData name="Shape_Leng">364.38494463100</SimpleData>
            <SimpleData name="Shape_Area">7339.50639226000</SimpleData>
          </SchemaData>
        </ExtendedData>
        <Polygon>
          <outerBoundaryIs>
            <LinearRing>
              <coordinates>
                -55.8579106990616,-26.71913749985,0
                -55.8582030002303,-26.7194737999593,0
                -55.8583547996376,-26.7194734000723,0
                -55.8587590988742,-26.7189353003619,0
                -55.8581031991574,-26.7181985997339,0
                -55.8577716995186,-26.7185232995058,0
                -55.8580177992914,-26.7188899002488,0
                -55.8579106990616,-26.71913749985,0
              </coordinates>
            </LinearRing>
          </outerBoundaryIs>
        </Polygon>
      </Placemark>
      <Placemark id="Lote_A.132">
        <ExtendedData>
          <SchemaData schemaUrl="#Lote_A.schema">
            <SimpleData name="Cédula">6205273.00000000000</SimpleData>
            <SimpleData name="Nombres_y_">SONIA LOPEZ MARECO</SimpleData>
            <SimpleData name="Sexo">Mujer</SimpleData>
            <SimpleData name="Cambio_de_">NO</SimpleData>
            <SimpleData name="Titular_se">NO</SimpleData>
            <SimpleData name="ci_UNIF">6205273.00000000000</SimpleData>
            <SimpleData name="Situación">NO</SimpleData>
            <SimpleData name="Comunidad">Campesina</SimpleData>
            <SimpleData name="Modelo_imp">Modelo 6</SimpleData>
            <SimpleData name="Departamen">ITAPUA</SimpleData>
            <SimpleData name="Distrito">ALTO VERA</SimpleData>
            <SimpleData name="Localidad">TARUMA</SimpleData>
            <SimpleData name="Teléfono">0984257396</SimpleData>
            <SimpleData name="Vivienda_L">-26.71786130000</SimpleData>
            <SimpleData name="Vivienda_1">-55.84301370000</SimpleData>
            <SimpleData name="Superficie">0.90000000000</SimpleData>
            <SimpleData name="Situaci_1">Par?metro</SimpleData>
            <SimpleData name="Plantado">SI</SimpleData>
            <SimpleData name="Fecha_Plan">2026/05/23</SimpleData>
            <SimpleData name="Jornales">0.00000000000</SimpleData>
            <SimpleData name="Monto">0.00000000000</SimpleData>
            <SimpleData name="Grupo_de_p">A-GN-XX-XX-XX</SimpleData>
            <SimpleData name="Estado_del">Activo</SimpleData>
            <SimpleData name="Empresa">Red Forestal Paraguay SA</SimpleData>
            <SimpleData name="Lote">A</SimpleData>
            <SimpleData name="Parametro">0.00000000000</SimpleData>
            <SimpleData name="Sup_SIG">0.90522236178</SimpleData>
            <SimpleData name="X">-55.83289278000</SimpleData>
            <SimpleData name="Y">-26.72963687000</SimpleData>
            <SimpleData name="cedula">6205273</SimpleData>
            <SimpleData name="Cédula_1">6205273.00000000000</SimpleData>
            <SimpleData name="Estado_d_1">Activo</SimpleData>
            <SimpleData name="OBJECTID_1">8480</SimpleData>
            <SimpleData name="Shape_Leng">391.90758060500</SimpleData>
            <SimpleData name="Shape_Area">9052.22361782000</SimpleData>
          </SchemaData>
        </ExtendedData>
        <Polygon>
          <outerBoundaryIs>
            <LinearRing>
              <coordinates>
                -55.8335426390194,-26.7293682295703,0
                -55.8328477987529,-26.7290150999891,0
                -55.832765302275,-26.7291446961896,0
                -55.8322427987338,-26.7299655001306,0
                -55.8329024000476,-26.7302370003444,0
                -55.8333392000347,-26.7296608994588,0
                -55.8335718990234,-26.7293830997658,0
                -55.8335426390194,-26.7293682295703,0
              </coordinates>
            </LinearRing>
          </outerBoundaryIs>
        </Polygon>
      </Placemark>
      <Placemark id="Lote_A.133">
        <ExtendedData>
          <SchemaData schemaUrl="#Lote_A.schema">
            <SimpleData name="Cédula">6641375.00000000000</SimpleData>
            <SimpleData name="Nombres_y_">IRMA VERA DUARTE</SimpleData>
            <SimpleData name="Sexo">Mujer</SimpleData>
            <SimpleData name="Cambio_de_">NO</SimpleData>
            <SimpleData name="Titular_se">NO</SimpleData>
            <SimpleData name="ci_UNIF">6641375.00000000000</SimpleData>
            <SimpleData name="Situación">NO</SimpleData>
            <SimpleData name="Comunidad">Ind?gena</SimpleData>
            <SimpleData name="Modelo_imp">Modelo 6</SimpleData>
            <SimpleData name="Departamen">ITAPUA</SimpleData>
            <SimpleData name="Distrito">ALTO VERA</SimpleData>
            <SimpleData name="Localidad">COM INDIG KOEJU</SimpleData>
            <SimpleData name="Teléfono">0983960276</SimpleData>
            <SimpleData name="Vivienda_L">-26.72902500000</SimpleData>
            <SimpleData name="Vivienda_1">-55.86199310000</SimpleData>
            <SimpleData name="Superficie">0.90000000000</SimpleData>
            <SimpleData name="Situaci_1">Par?metro</SimpleData>
            <SimpleData name="Plantado">SI</SimpleData>
            <SimpleData name="Fecha_Plan">2026/01/15</SimpleData>
            <SimpleData name="Jornales">0.00000000000</SimpleData>
            <SimpleData name="Monto">0.00000000000</SimpleData>
            <SimpleData name="Grupo_de_p">A-GN-XX-XX-XX</SimpleData>
            <SimpleData name="Estado_del">Activo</SimpleData>
            <SimpleData name="Empresa">Red Forestal Paraguay SA</SimpleData>
            <SimpleData name="Lote">A</SimpleData>
            <SimpleData name="Parametro">0.00000000000</SimpleData>
            <SimpleData name="Sup_SIG">0.91027937713</SimpleData>
            <SimpleData name="X">-55.84232153000</SimpleData>
            <SimpleData name="Y">-26.72541441000</SimpleData>
            <SimpleData name="cedula">6641375</SimpleData>
            <SimpleData name="Cédula_1">6641375.00000000000</SimpleData>
            <SimpleData name="Estado_d_1">Activo</SimpleData>
            <SimpleData name="OBJECTID_1">8676</SimpleData>
            <SimpleData name="Shape_Leng">400.95823508900</SimpleData>
            <SimpleData name="Shape_Area">9102.79377130000</SimpleData>
          </SchemaData>
        </ExtendedData>
        <Polygon>
          <outerBoundaryIs>
            <LinearRing>
              <coordinates>
                -55.8417799995176,-26.7257300002308,0
                -55.8423665993021,-26.7261547002891,0
                -55.8428849992921,-26.724993299969,0
                -55.8422190986493,-26.724757800494,0
                -55.8417799995176,-26.7257300002308,0
              </coordinates>
            </LinearRing>
          </outerBoundaryIs>
        </Polygon>
      </Placemark>
      <Placemark id="Lote_A.134">
        <ExtendedData>
          <SchemaData schemaUrl="#Lote_A.schema">
            <SimpleData name="Cédula">6655882.00000000000</SimpleData>
            <SimpleData name="Nombres_y_">HILDA  VERA BUSTAMANTE</SimpleData>
            <SimpleData name="Sexo">Mujer</SimpleData>
            <SimpleData name="Cambio_de_">NO</SimpleData>
            <SimpleData name="Titular_se">NO</SimpleData>
            <SimpleData name="ci_UNIF">6655882.00000000000</SimpleData>
            <SimpleData name="Situación">NO</SimpleData>
            <SimpleData name="Comunidad">Campesina</SimpleData>
            <SimpleData name="Modelo_imp">Modelo 5</SimpleData>
            <SimpleData name="Departamen">ITAPUA</SimpleData>
            <SimpleData name="Distrito">ALTO VERA</SimpleData>
            <SimpleData name="Localidad">CERRITO</SimpleData>
            <SimpleData name="Teléfono">985701968</SimpleData>
            <SimpleData name="Vivienda_L">-26.72825850000</SimpleData>
            <SimpleData name="Vivienda_1">-55.86173460000</SimpleData>
            <SimpleData name="Superficie">0.70000000000</SimpleData>
            <SimpleData name="Situaci_1">Parametro</SimpleData>
            <SimpleData name="Plantado">SI</SimpleData>
            <SimpleData name="Fecha_Plan">2026/06/26</SimpleData>
            <SimpleData name="Jornales">0.00000000000</SimpleData>
            <SimpleData name="Monto">0.00000000000</SimpleData>
            <SimpleData name="Grupo_de_p">A-GN-XX-XX-XX</SimpleData>
            <SimpleData name="Estado_del">Activo</SimpleData>
            <SimpleData name="Empresa">Red Forestal Paraguay SA</SimpleData>
            <SimpleData name="Lote">A</SimpleData>
            <SimpleData name="Parametro">0.00000000000</SimpleData>
            <SimpleData name="Sup_SIG">0.73032390523</SimpleData>
            <SimpleData name="X">-55.86313587000</SimpleData>
            <SimpleData name="Y">-26.72997654000</SimpleData>
            <SimpleData name="cedula">6655882</SimpleData>
            <SimpleData name="Cédula_1">6655882.00000000000</SimpleData>
            <SimpleData name="Estado_d_1">Activo</SimpleData>
            <SimpleData name="OBJECTID_1">7475</SimpleData>
            <SimpleData name="Shape_Leng">338.79609791300</SimpleData>
            <SimpleData name="Shape_Area">7303.23905228000</SimpleData>
          </SchemaData>
        </ExtendedData>
        <Polygon>
          <outerBoundaryIs>
            <LinearRing>
              <coordinates>
                -55.8627019995087,-26.7301800001739,0
                -55.8631606000819,-26.730517699699,0
                -55.8637488999601,-26.7299152004827,0
                -55.8630788988045,-26.7294334001814,0
                -55.8625598999386,-26.7300133996942,0
                -55.8627019995087,-26.7301800001739,0
              </coordinates>
            </LinearRing>
          </outerBoundaryIs>
        </Polygon>
      </Placemark>
      <Placemark id="Lote_A.135">
        <ExtendedData>
          <SchemaData schemaUrl="#Lote_A.schema">
            <SimpleData name="Cédula">6773669.00000000000</SimpleData>
            <SimpleData name="Nombres_y_">ANTONIA  GIMENEZ MEDINA</SimpleData>
            <SimpleData name="Sexo">Mujer</SimpleData>
            <SimpleData name="Cambio_de_">NO</SimpleData>
            <SimpleData name="Titular_se">NO</SimpleData>
            <SimpleData name="ci_UNIF">6773669.00000000000</SimpleData>
            <SimpleData name="Comunidad">Ind?gena</SimpleData>
            <SimpleData name="Modelo_imp">Modelo 4</SimpleData>
            <SimpleData name="Departamen">CAAZAPA</SimpleData>
            <SimpleData name="Distrito">TAVA?</SimpleData>
            <SimpleData name="Localidad">COM INDIG KOKUERE GUAZU- CENTRO</SimpleData>
            <SimpleData name="Teléfono">982263545</SimpleData>
            <SimpleData name="Vivienda_L">-26.06049830000</SimpleData>
            <SimpleData name="Vivienda_1">-55.50828330000</SimpleData>
            <SimpleData name="Superficie">0.70000000000</SimpleData>
            <SimpleData name="Situaci_1">Parametro</SimpleData>
            <SimpleData name="Plantado">SI</SimpleData>
            <SimpleData name="Fecha_Plan">2026/07/09</SimpleData>
            <SimpleData name="Jornales">0.00000000000</SimpleData>
            <SimpleData name="Monto">0.00000000000</SimpleData>
            <SimpleData name="Grupo_de_p">A-GN-XX-XX-XX</SimpleData>
            <SimpleData name="Estado_del">Activo</SimpleData>
            <SimpleData name="Empresa">Red Forestal Paraguay SA</SimpleData>
            <SimpleData name="Lote">A</SimpleData>
            <SimpleData name="Parametro">0.00000000000</SimpleData>
            <SimpleData name="Sup_SIG">0.78953987910</SimpleData>
            <SimpleData name="X">-55.50907612000</SimpleData>
            <SimpleData name="Y">-26.06278939000</SimpleData>
            <SimpleData name="cedula">6773669</SimpleData>
            <SimpleData name="Cédula_1">6773669.00000000000</SimpleData>
            <SimpleData name="Estado_d_1">Activo</SimpleData>
            <SimpleData name="OBJECTID_1">7473</SimpleData>
            <SimpleData name="Shape_Leng">360.62607217900</SimpleData>
            <SimpleData name="Shape_Area">7895.39879104000</SimpleData>
          </SchemaData>
        </ExtendedData>
        <Polygon>
          <outerBoundaryIs>
            <LinearRing>
              <coordinates>
                -55.5086107001468,-26.0624436996622,0
                -55.5085779692705,-26.063238734054,0
                -55.5096683001211,-26.0630182997087,0
                -55.509514300295,-26.0624003004509,0
                -55.5086107001468,-26.0624436996622,0
              </coordinates>
            </LinearRing>
          </outerBoundaryIs>
        </Polygon>
      </Placemark>
      <Placemark id="Lote_A.136">
        <ExtendedData>
          <SchemaData schemaUrl="#Lote_A.schema">
            <SimpleData name="Cédula">6873897.00000000000</SimpleData>
            <SimpleData name="Nombres_y_">BALBINA  GOMEZ</SimpleData>
            <SimpleData name="Sexo">Mujer</SimpleData>
            <SimpleData name="Cambio_de_">NO</SimpleData>
            <SimpleData name="Titular_se">NO</SimpleData>
            <SimpleData name="ci_UNIF">6873897.00000000000</SimpleData>
            <SimpleData name="Situación">NO</SimpleData>
            <SimpleData name="Comunidad">Campesina</SimpleData>
            <SimpleData name="Modelo_imp">Modelo 5</SimpleData>
            <SimpleData name="Departamen">ITAPUA</SimpleData>
            <SimpleData name="Distrito">ALTO VERA</SimpleData>
            <SimpleData name="Localidad">CERRITO</SimpleData>
            <SimpleData name="Teléfono">987202914</SimpleData>
            <SimpleData name="Vivienda_L">-26.72847570000</SimpleData>
            <SimpleData name="Vivienda_1">-55.86154400000</SimpleData>
            <SimpleData name="Superficie">0.70000000000</SimpleData>
            <SimpleData name="Situaci_1">Parametro</SimpleData>
            <SimpleData name="Plantado">SI</SimpleData>
            <SimpleData name="Fecha_Plan">2026/06/24</SimpleData>
            <SimpleData name="Jornales">0.00000000000</SimpleData>
            <SimpleData name="Monto">0.00000000000</SimpleData>
            <SimpleData name="Grupo_de_p">A-GN-XX-XX-XX</SimpleData>
            <SimpleData name="Estado_del">Activo</SimpleData>
            <SimpleData name="Empresa">Red Forestal Paraguay SA</SimpleData>
            <SimpleData name="Lote">A</SimpleData>
            <SimpleData name="Parametro">0.00000000000</SimpleData>
            <SimpleData name="Sup_SIG">0.71177841114</SimpleData>
            <SimpleData name="X">-55.86378930000</SimpleData>
            <SimpleData name="Y">-26.73045735000</SimpleData>
            <SimpleData name="cedula">6873897</SimpleData>
            <SimpleData name="Cédula_1">6873897.00000000000</SimpleData>
            <SimpleData name="Estado_d_1">Activo</SimpleData>
            <SimpleData name="OBJECTID_1">7474</SimpleData>
            <SimpleData name="Shape_Leng">337.92954252900</SimpleData>
            <SimpleData name="Shape_Area">7117.78411135000</SimpleData>
          </SchemaData>
        </ExtendedData>
        <Polygon>
          <outerBoundaryIs>
            <LinearRing>
              <coordinates>
                -55.8631882995422,-26.7305399993681,0
                -55.8638082998071,-26.7309833001958,0
                -55.8643995996062,-26.7303939001051,0
                -55.8637532995533,-26.7299233003273,0
                -55.8631882995422,-26.7305399993681,0
              </coordinates>
            </LinearRing>
          </outerBoundaryIs>
        </Polygon>
      </Placemark>
      <Placemark id="Lote_A.137">
        <ExtendedData>
          <SchemaData schemaUrl="#Lote_A.schema">
            <SimpleData name="Cédula">7102615.00000000000</SimpleData>
            <SimpleData name="Nombres_y_">ERNESTA VERA DUARTE</SimpleData>
            <SimpleData name="Sexo">Mujer</SimpleData>
            <SimpleData name="Cambio_de_">NO</SimpleData>
            <SimpleData name="Titular_se">NO</SimpleData>
            <SimpleData name="ci_UNIF">7102615.00000000000</SimpleData>
            <SimpleData name="Situación">NO</SimpleData>
            <SimpleData name="Comunidad">Ind?gena</SimpleData>
            <SimpleData name="Modelo_imp">Modelo 6</SimpleData>
            <SimpleData name="Departamen">ITAPUA</SimpleData>
            <SimpleData name="Distrito">ALTO VERA</SimpleData>
            <SimpleData name="Localidad">COM INDIG KOEJU</SimpleData>
            <SimpleData name="Teléfono">0982806357</SimpleData>
            <SimpleData name="Vivienda_L">-26.72285140000</SimpleData>
            <SimpleData name="Vivienda_1">-55.83792590000</SimpleData>
            <SimpleData name="Superficie">0.90000000000</SimpleData>
            <SimpleData name="Situaci_1">Par?metro</SimpleData>
            <SimpleData name="Plantado">SI</SimpleData>
            <SimpleData name="Fecha_Plan">2026/05/21</SimpleData>
            <SimpleData name="Jornales">0.00000000000</SimpleData>
            <SimpleData name="Monto">0.00000000000</SimpleData>
            <SimpleData name="Grupo_de_p">A-GN-XX-XX-XX</SimpleData>
            <SimpleData name="Estado_del">Activo</SimpleData>
            <SimpleData name="Empresa">Red Forestal Paraguay SA</SimpleData>
            <SimpleData name="Lote">A</SimpleData>
            <SimpleData name="Parametro">0.00000000000</SimpleData>
            <SimpleData name="Sup_SIG">0.91027168622</SimpleData>
            <SimpleData name="X">-55.84161742000</SimpleData>
            <SimpleData name="Y">-26.72510364000</SimpleData>
            <SimpleData name="cedula">7102615</SimpleData>
            <SimpleData name="Cédula_1">7102615.00000000000</SimpleData>
            <SimpleData name="Estado_d_1">Activo</SimpleData>
            <SimpleData name="OBJECTID_1">8494</SimpleData>
            <SimpleData name="Shape_Leng">387.59320295500</SimpleData>
            <SimpleData name="Shape_Area">9102.71686220000</SimpleData>
          </SchemaData>
        </ExtendedData>
        <Polygon>
          <outerBoundaryIs>
            <LinearRing>
              <coordinates>
                -55.8410256000042,-26.7254242997198,0
                -55.8417688996876,-26.725725200684,0
                -55.8422066991922,-26.7247499994522,0
                -55.8414595993025,-26.7245029001382,0
                -55.8410256000042,-26.7254242997198,0
              </coordinates>
            </LinearRing>
          </outerBoundaryIs>
        </Polygon>
      </Placemark>
      <Placemark id="Lote_A.138">
        <ExtendedData>
          <SchemaData schemaUrl="#Lote_A.schema">
            <SimpleData name="Cédula">7282926.00000000000</SimpleData>
            <SimpleData name="Nombres_y_">LEONARDA DUARTE MARTINEZ</SimpleData>
            <SimpleData name="Sexo">Mujer</SimpleData>
            <SimpleData name="Cambio_de_">NO</SimpleData>
            <SimpleData name="Titular_se">NO</SimpleData>
            <SimpleData name="ci_UNIF">7282926.00000000000</SimpleData>
            <SimpleData name="Situación">NO</SimpleData>
            <SimpleData name="Comunidad">Ind?gena</SimpleData>
            <SimpleData name="Modelo_imp">Modelo 6</SimpleData>
            <SimpleData name="Departamen">ITAPUA</SimpleData>
            <SimpleData name="Distrito">ALTO VERA</SimpleData>
            <SimpleData name="Localidad">COM INDIG KOEJU</SimpleData>
            <SimpleData name="Teléfono">0986686364</SimpleData>
            <SimpleData name="Vivienda_L">-26.72463610000</SimpleData>
            <SimpleData name="Vivienda_1">-55.83684290000</SimpleData>
            <SimpleData name="Superficie">0.90000000000</SimpleData>
            <SimpleData name="Situaci_1">Par?metro</SimpleData>
            <SimpleData name="Plantado">SI</SimpleData>
            <SimpleData name="Fecha_Plan">2026/05/20</SimpleData>
            <SimpleData name="Jornales">0.00000000000</SimpleData>
            <SimpleData name="Monto">0.00000000000</SimpleData>
            <SimpleData name="Grupo_de_p">A-GN-XX-XX-XX</SimpleData>
            <SimpleData name="Estado_del">Activo</SimpleData>
            <SimpleData name="Empresa">Red Forestal Paraguay SA</SimpleData>
            <SimpleData name="Lote">A</SimpleData>
            <SimpleData name="Parametro">0.00000000000</SimpleData>
            <SimpleData name="Sup_SIG">0.89673134136</SimpleData>
            <SimpleData name="X">-55.84081997000</SimpleData>
            <SimpleData name="Y">-26.72488066000</SimpleData>
            <SimpleData name="cedula">7282926</SimpleData>
            <SimpleData name="Cédula_1">7282926.00000000000</SimpleData>
            <SimpleData name="Estado_d_1">Activo</SimpleData>
            <SimpleData name="OBJECTID_1">8497</SimpleData>
            <SimpleData name="Shape_Leng">387.81588328200</SimpleData>
            <SimpleData name="Shape_Area">8967.31341364000</SimpleData>
          </SchemaData>
        </ExtendedData>
        <Polygon>
          <outerBoundaryIs>
            <LinearRing>
              <coordinates>
                -55.8401948995262,-26.7252217004386,0
                -55.8410233993406,-26.7254234006237,0
                -55.8414482995105,-26.724512000907,0
                -55.8408965993519,-26.7244256000523,0
                -55.8406236988395,-26.7243261998085,0
                -55.8401948995262,-26.7252217004386,0
              </coordinates>
            </LinearRing>
          </outerBoundaryIs>
        </Polygon>
      </Placemark>
      <Placemark id="Lote_A.139">
        <ExtendedData>
          <SchemaData schemaUrl="#Lote_A.schema">
            <SimpleData name="Cédula">7512520.00000000000</SimpleData>
            <SimpleData name="Nombres_y_">YOLANDA ARAPAYU ROTELA</SimpleData>
            <SimpleData name="Sexo">Mujer</SimpleData>
            <SimpleData name="Cambio_de_">NO</SimpleData>
            <SimpleData name="Titular_se">NO</SimpleData>
            <SimpleData name="ci_UNIF">7512520.00000000000</SimpleData>
            <SimpleData name="Situación">NO</SimpleData>
            <SimpleData name="Comunidad">Campesina</SimpleData>
            <SimpleData name="Modelo_imp">Modelo 3</SimpleData>
            <SimpleData name="Departamen">CAAZAPA</SimpleData>
            <SimpleData name="Distrito">TAVA?</SimpleData>
            <SimpleData name="Localidad">?U PYAHU</SimpleData>
            <SimpleData name="Teléfono">0982504933</SimpleData>
            <SimpleData name="Vivienda_L">-26.22455150000</SimpleData>
            <SimpleData name="Vivienda_1">-55.43989970000</SimpleData>
            <SimpleData name="Superficie">1.00000000000</SimpleData>
            <SimpleData name="Situaci_1">Par?metro</SimpleData>
            <SimpleData name="Plantado">SI</SimpleData>
            <SimpleData name="Fecha_Plan">2026/06/18</SimpleData>
            <SimpleData name="Jornales">0.00000000000</SimpleData>
            <SimpleData name="Monto">0.00000000000</SimpleData>
            <SimpleData name="Grupo_de_p">A-GN-XX-XX-XX</SimpleData>
            <SimpleData name="Estado_del">Activo</SimpleData>
            <SimpleData name="Empresa">Red Forestal Paraguay SA</SimpleData>
            <SimpleData name="Lote">A</SimpleData>
            <SimpleData name="Parametro">0.00000000000</SimpleData>
            <SimpleData name="Sup_SIG">1.20025889772</SimpleData>
            <SimpleData name="X">-55.43467634000</SimpleData>
            <SimpleData name="Y">-26.22791930000</SimpleData>
            <SimpleData name="cedula">7512520</SimpleData>
            <SimpleData name="Cédula_1">7512520.00000000000</SimpleData>
            <SimpleData name="Estado_d_1">Activo</SimpleData>
            <SimpleData name="OBJECTID_1">5210</SimpleData>
            <SimpleData name="Shape_Leng">461.50733221600</SimpleData>
            <SimpleData name="Shape_Area">12002.58897720000</SimpleData>
          </SchemaData>
        </ExtendedData>
        <Polygon>
          <outerBoundaryIs>
            <LinearRing>
              <coordinates>
                -55.4338732992314,-26.2280067000563,0
                -55.4342550000546,-26.2286350002971,0
                -55.4355016993497,-26.2278216998873,0
                -55.4350599986942,-26.2272116999542,0
                -55.4338732992314,-26.2280067000563,0
              </coordinates>
            </LinearRing>
          </outerBoundaryIs>
        </Polygon>
      </Placemark>
      <Placemark id="Lote_A.140">
        <ExtendedData>
          <SchemaData schemaUrl="#Lote_A.schema">
            <SimpleData name="Cédula">8055385.00000000000</SimpleData>
            <SimpleData name="Nombres_y_">NILDA BEATRIZ MEDINA MARTINEZ</SimpleData>
            <SimpleData name="Sexo">Mujer</SimpleData>
            <SimpleData name="Cambio_de_">NO</SimpleData>
            <SimpleData name="Titular_se">NO</SimpleData>
            <SimpleData name="ci_UNIF">8055385.00000000000</SimpleData>
            <SimpleData name="Situación">NO</SimpleData>
            <SimpleData name="Comunidad">Ind?gena</SimpleData>
            <SimpleData name="Modelo_imp">Modelo 4</SimpleData>
            <SimpleData name="Departamen">CAAZAPA</SimpleData>
            <SimpleData name="Distrito">TAVA?</SimpleData>
            <SimpleData name="Localidad">COM INDIG KOKUERE GUAZU 6TA LINEA</SimpleData>
            <SimpleData name="Teléfono">984752179</SimpleData>
            <SimpleData name="Vivienda_L">-26.03191540000</SimpleData>
            <SimpleData name="Vivienda_1">-55.51632640000</SimpleData>
            <SimpleData name="Superficie">0.70000000000</SimpleData>
            <SimpleData name="Situaci_1">Par?metro</SimpleData>
            <SimpleData name="Plantado">SI</SimpleData>
            <SimpleData name="Fecha_Plan">2026/06/15</SimpleData>
            <SimpleData name="Jornales">0.00000000000</SimpleData>
            <SimpleData name="Monto">0.00000000000</SimpleData>
            <SimpleData name="Grupo_de_p">A-GN-XX-XX-XX</SimpleData>
            <SimpleData name="Estado_del">Activo</SimpleData>
            <SimpleData name="Empresa">Red Forestal Paraguay SA</SimpleData>
            <SimpleData name="Lote">A</SimpleData>
            <SimpleData name="Parametro">0.00000000000</SimpleData>
            <SimpleData name="Sup_SIG">0.72855746671</SimpleData>
            <SimpleData name="X">-55.49885980000</SimpleData>
            <SimpleData name="Y">-26.04018855000</SimpleData>
            <SimpleData name="cedula">8055385</SimpleData>
            <SimpleData name="Cédula_1">8055385.00000000000</SimpleData>
            <SimpleData name="Estado_d_1">Activo</SimpleData>
            <SimpleData name="OBJECTID_1">7038</SimpleData>
            <SimpleData name="Shape_Leng">455.03523829000</SimpleData>
            <SimpleData name="Shape_Area">7285.57466705000</SimpleData>
          </SchemaData>
        </ExtendedData>
        <Polygon>
          <outerBoundaryIs>
            <LinearRing>
              <coordinates>
                -55.4984366999137,-26.0392849996244,0
                -55.4988566990008,-26.0410367002179,0
                -55.4993244990776,-26.0407768003207,0
                -55.4992049997592,-26.0405167001169,0
                -55.499063299286,-26.0403033006257,0
                -55.4989199993858,-26.0395218005837,0
                -55.4984366999137,-26.0392849996244,0
              </coordinates>
            </LinearRing>
          </outerBoundaryIs>
        </Polygon>
      </Placemark>
      <Placemark id="Lote_A.141">
        <ExtendedData>
          <SchemaData schemaUrl="#Lote_A.schema">
            <SimpleData name="Cédula">5452916.00000000000</SimpleData>
            <SimpleData name="Nombres_y_">TOMASA VAZQUEZ SOSA</SimpleData>
            <SimpleData name="Sexo">Mujer</SimpleData>
            <SimpleData name="Cambio_de_">NO</SimpleData>
            <SimpleData name="Titular_se">NO</SimpleData>
            <SimpleData name="ci_UNIF">5452916.00000000000</SimpleData>
            <SimpleData name="Situación">NO</SimpleData>
            <SimpleData name="Comunidad">Ind?gena</SimpleData>
            <SimpleData name="Modelo_imp">Modelo 1</SimpleData>
            <SimpleData name="Departamen">ITAPUA</SimpleData>
            <SimpleData name="Distrito">ALTO VERA</SimpleData>
            <SimpleData name="Localidad"><![CDATA[COM INDIG TEKOHA PYKASU'I]]></SimpleData>
            <SimpleData name="Teléfono">0981868576</SimpleData>
            <SimpleData name="Vivienda_L">-26.56237480000</SimpleData>
            <SimpleData name="Vivienda_1">-55.71643760000</SimpleData>
            <SimpleData name="Superficie">0.80000000000</SimpleData>
            <SimpleData name="Situaci_1">Par?metro</SimpleData>
            <SimpleData name="Plantado">SI</SimpleData>
            <SimpleData name="Fecha_Plan">2025/12/19</SimpleData>
            <SimpleData name="Jornales">0.00000000000</SimpleData>
            <SimpleData name="Monto">0.00000000000</SimpleData>
            <SimpleData name="Grupo_de_p">A-GN-XX-XX-XX</SimpleData>
            <SimpleData name="Estado_del">Activo</SimpleData>
            <SimpleData name="Empresa">Red Forestal Paraguay SA</SimpleData>
            <SimpleData name="Lote">A</SimpleData>
            <SimpleData name="Parametro">0.00000000000</SimpleData>
            <SimpleData name="Sup_SIG">0.88167438712</SimpleData>
            <SimpleData name="X">-55.71369130000</SimpleData>
            <SimpleData name="Y">-26.56860646000</SimpleData>
            <SimpleData name="cedula">5452916</SimpleData>
            <SimpleData name="Cédula_1">5452916.00000000000</SimpleData>
            <SimpleData name="Estado_d_1">Activo</SimpleData>
            <SimpleData name="OBJECTID_1">5183</SimpleData>
            <SimpleData name="Shape_Leng">383.64745680900</SimpleData>
            <SimpleData name="Shape_Area">8816.74387120000</SimpleData>
          </SchemaData>
        </ExtendedData>
        <Polygon>
          <outerBoundaryIs>
            <LinearRing>
              <coordinates>
                -55.7130665003961,-26.5686281001781,0
                -55.7139134991826,-26.5692268998274,0
                -55.7143274999618,-26.5686614003307,0
                -55.7134849993855,-26.567948299841,0
                -55.7130665003961,-26.5686281001781,0
              </coordinates>
            </LinearRing>
          </outerBoundaryIs>
        </Polygon>
      </Placemark>
      <Placemark id="Lote_A.142">
        <ExtendedData>
          <SchemaData schemaUrl="#Lote_A.schema">
            <SimpleData name="Cédula">7238863.00000000000</SimpleData>
            <SimpleData name="Nombres_y_">ERME BENITEZ BENITEZ</SimpleData>
            <SimpleData name="Sexo">Hombre</SimpleData>
            <SimpleData name="Cambio_de_">NO</SimpleData>
            <SimpleData name="Titular_se">NO</SimpleData>
            <SimpleData name="ci_UNIF">7238863.00000000000</SimpleData>
            <SimpleData name="Situación">NO</SimpleData>
            <SimpleData name="Comunidad">Ind?gena</SimpleData>
            <SimpleData name="Modelo_imp">Modelo 3</SimpleData>
            <SimpleData name="Departamen">ITAPUA</SimpleData>
            <SimpleData name="Distrito">ALTO VERA</SimpleData>
            <SimpleData name="Localidad">COM INDIG TAGUATO SAUCO</SimpleData>
            <SimpleData name="Teléfono">ND</SimpleData>
            <SimpleData name="Vivienda_L">-26.57021010000</SimpleData>
            <SimpleData name="Vivienda_1">-55.71058970000</SimpleData>
            <SimpleData name="Superficie">1.00000000000</SimpleData>
            <SimpleData name="Situaci_1">Par?metro</SimpleData>
            <SimpleData name="Plantado">SI</SimpleData>
            <SimpleData name="Fecha_Plan">2026/07/09</SimpleData>
            <SimpleData name="Jornales">0.00000000000</SimpleData>
            <SimpleData name="Monto">0.00000000000</SimpleData>
            <SimpleData name="Grupo_de_p">A-GN-XX-XX-XX</SimpleData>
            <SimpleData name="Estado_del">Activo</SimpleData>
            <SimpleData name="Empresa">Red Forestal Paraguay SA</SimpleData>
            <SimpleData name="Lote">A</SimpleData>
            <SimpleData name="Parametro">0.00000000000</SimpleData>
            <SimpleData name="Sup_SIG">1.07324337713</SimpleData>
            <SimpleData name="X">-55.70610356000</SimpleData>
            <SimpleData name="Y">-26.56796464000</SimpleData>
            <SimpleData name="cedula">7238863</SimpleData>
            <SimpleData name="Cédula_1">7238863.00000000000</SimpleData>
            <SimpleData name="Estado_d_1">Activo</SimpleData>
            <SimpleData name="OBJECTID_1">5275</SimpleData>
            <SimpleData name="Shape_Leng">441.09645990600</SimpleData>
            <SimpleData name="Shape_Area">10732.43377130000</SimpleData>
          </SchemaData>
        </ExtendedData>
        <Polygon>
          <outerBoundaryIs>
            <LinearRing>
              <coordinates>
                -55.7052208999159,-26.5675240004774,0
                -55.706094399614,-26.5686270995313,0
                -55.7068517996853,-26.5680820994667,0
                -55.7068279005775,-26.5680424998028,0
                -55.7065332998984,-26.5675849992331,0
                -55.7052208999159,-26.5675240004774,0
              </coordinates>
            </LinearRing>
          </outerBoundaryIs>
        </Polygon>
      </Placemark>
      <Placemark id="Lote_A.143">
        <ExtendedData>
          <SchemaData schemaUrl="#Lote_A.schema">
            <SimpleData name="Cédula">5471651.00000000000</SimpleData>
            <SimpleData name="Nombres_y_">ANTONIO GUAYUAN PAIVA</SimpleData>
            <SimpleData name="Sexo">Hombre</SimpleData>
            <SimpleData name="Cambio_de_">NO</SimpleData>
            <SimpleData name="Titular_se">NO</SimpleData>
            <SimpleData name="ci_UNIF">5471651.00000000000</SimpleData>
            <SimpleData name="Situación">NO</SimpleData>
            <SimpleData name="Comunidad">Campesina</SimpleData>
            <SimpleData name="Modelo_imp">Modelo 5</SimpleData>
            <SimpleData name="Departamen">CAAZAPA</SimpleData>
            <SimpleData name="Distrito">TAVA?</SimpleData>
            <SimpleData name="Localidad">GUASU CUA</SimpleData>
            <SimpleData name="Teléfono">0981008806</SimpleData>
            <SimpleData name="Vivienda_L">-26.29918890000</SimpleData>
            <SimpleData name="Vivienda_1">-55.73726710000</SimpleData>
            <SimpleData name="Superficie">0.70000000000</SimpleData>
            <SimpleData name="Situaci_1">Par?metro</SimpleData>
            <SimpleData name="Plantado">SI</SimpleData>
            <SimpleData name="Fecha_Plan">2026/07/17</SimpleData>
            <SimpleData name="Jornales">0.00000000000</SimpleData>
            <SimpleData name="Monto">0.00000000000</SimpleData>
            <SimpleData name="Grupo_de_p">A-GN-XX-XX-XX</SimpleData>
            <SimpleData name="Estado_del">Activo</SimpleData>
            <SimpleData name="Empresa">Red Forestal Paraguay SA</SimpleData>
            <SimpleData name="Lote">A</SimpleData>
            <SimpleData name="Parametro">0.00000000000</SimpleData>
            <SimpleData name="Sup_SIG">0.74563257702</SimpleData>
            <SimpleData name="X">-55.73768039000</SimpleData>
            <SimpleData name="Y">-26.29992067000</SimpleData>
            <SimpleData name="cedula">5471651</SimpleData>
            <SimpleData name="Cédula_1">5471651.00000000000</SimpleData>
            <SimpleData name="Estado_d_1">Activo</SimpleData>
            <SimpleData name="OBJECTID_1">5230</SimpleData>
            <SimpleData name="Shape_Leng">345.99451446900</SimpleData>
            <SimpleData name="Shape_Area">7456.32577019000</SimpleData>
          </SchemaData>
        </ExtendedData>
        <Polygon>
          <outerBoundaryIs>
            <LinearRing>
              <coordinates>
                -55.7371466999001,-26.2997183003049,0
                -55.7374266995213,-26.300468299856,0
                -55.7381700000322,-26.3000950001035,0
                -55.7382450004806,-26.3000183003608,0
                -55.7379367001289,-26.2994117000873,0
                -55.7378782998907,-26.2994650003342,0
                -55.737181699503,-26.2996650002097,0
                -55.7371466999001,-26.2997183003049,0
              </coordinates>
            </LinearRing>
          </outerBoundaryIs>
        </Polygon>
      </Placemark>
      <Placemark id="Lote_A.144">
        <ExtendedData>
          <SchemaData schemaUrl="#Lote_A.schema">
            <SimpleData name="Cédula">4332474.00000000000</SimpleData>
            <SimpleData name="Nombres_y_">MARIA JULIA BLANCO VILLALBA</SimpleData>
            <SimpleData name="Sexo">Mujer</SimpleData>
            <SimpleData name="Cambio_de_">NO</SimpleData>
            <SimpleData name="Titular_se">NO</SimpleData>
            <SimpleData name="ci_UNIF">4332474.00000000000</SimpleData>
            <SimpleData name="Situación">NO</SimpleData>
            <SimpleData name="Comunidad">Campesina</SimpleData>
            <SimpleData name="Modelo_imp">Modelo 4</SimpleData>
            <SimpleData name="Departamen">CAAZAPA</SimpleData>
            <SimpleData name="Distrito">TAVA?</SimpleData>
            <SimpleData name="Localidad">ENRAMADITA</SimpleData>
            <SimpleData name="Teléfono">0986880754</SimpleData>
            <SimpleData name="Vivienda_L">-26.17056930000</SimpleData>
            <SimpleData name="Vivienda_1">-55.67828210000</SimpleData>
            <SimpleData name="Superficie">0.70000000000</SimpleData>
            <SimpleData name="Situaci_1">Par?metro</SimpleData>
            <SimpleData name="Plantado">SI</SimpleData>
            <SimpleData name="Fecha_Plan">2026/07/10</SimpleData>
            <SimpleData name="Jornales">0.00000000000</SimpleData>
            <SimpleData name="Monto">0.00000000000</SimpleData>
            <SimpleData name="Grupo_de_p">A-GN-XX-XX-XX</SimpleData>
            <SimpleData name="Estado_del">Activo</SimpleData>
            <SimpleData name="Empresa">Red Forestal Paraguay SA</SimpleData>
            <SimpleData name="Lote">A</SimpleData>
            <SimpleData name="Parametro">0.00000000000</SimpleData>
            <SimpleData name="Sup_SIG">0.78305113770</SimpleData>
            <SimpleData name="X">-55.66014723000</SimpleData>
            <SimpleData name="Y">-26.19035423000</SimpleData>
            <SimpleData name="cedula">4332474</SimpleData>
            <SimpleData name="Cédula_1">4332474.00000000000</SimpleData>
            <SimpleData name="Estado_d_1">Activo</SimpleData>
            <SimpleData name="OBJECTID_1">5189</SimpleData>
            <SimpleData name="Shape_Leng">356.84686778700</SimpleData>
            <SimpleData name="Shape_Area">7830.51137701000</SimpleData>
          </SchemaData>
        </ExtendedData>
        <Polygon>
          <outerBoundaryIs>
            <LinearRing>
              <coordinates>
                -55.6595732995218,-26.1906683000158,0
                -55.6603518996885,-26.1908536002319,0
                -55.6607164003082,-26.190145999976,0
                -55.6599967004181,-26.1897783004284,0
                -55.6595732995218,-26.1906683000158,0
              </coordinates>
            </LinearRing>
          </outerBoundaryIs>
        </Polygon>
      </Placemark>
      <Placemark id="Lote_A.145">
        <ExtendedData>
          <SchemaData schemaUrl="#Lote_A.schema">
            <SimpleData name="Cédula">7370222.00000000000</SimpleData>
            <SimpleData name="Nombres_y_">ZUNILDA  CARVALLO BENITEZ</SimpleData>
            <SimpleData name="Sexo">Mujer</SimpleData>
            <SimpleData name="Cambio_de_">NO</SimpleData>
            <SimpleData name="Titular_se">NO</SimpleData>
            <SimpleData name="ci_UNIF">7370222.00000000000</SimpleData>
            <SimpleData name="Situación">NO</SimpleData>
            <SimpleData name="Comunidad">Ind?gena</SimpleData>
            <SimpleData name="Modelo_imp">Modelo 5</SimpleData>
            <SimpleData name="Departamen">CAAZAPA</SimpleData>
            <SimpleData name="Distrito">TAVA?</SimpleData>
            <SimpleData name="Localidad"><![CDATA[COM INDIG KA'AMINDY]]></SimpleData>
            <SimpleData name="Teléfono">0</SimpleData>
            <SimpleData name="Vivienda_L">-26.31272500000</SimpleData>
            <SimpleData name="Vivienda_1">-55.72458000000</SimpleData>
            <SimpleData name="Superficie">0.70000000000</SimpleData>
            <SimpleData name="Situaci_1">Parametro</SimpleData>
            <SimpleData name="Plantado">SI</SimpleData>
            <SimpleData name="Fecha_Plan">2026/07/17</SimpleData>
            <SimpleData name="Jornales">0.00000000000</SimpleData>
            <SimpleData name="Monto">0.00000000000</SimpleData>
            <SimpleData name="Grupo_de_p">A-GN-XX-XX-XX</SimpleData>
            <SimpleData name="Estado_del">Activo</SimpleData>
            <SimpleData name="Empresa">Red Forestal Paraguay SA</SimpleData>
            <SimpleData name="Lote">A</SimpleData>
            <SimpleData name="Parametro">0.00000000000</SimpleData>
            <SimpleData name="Sup_SIG">0.70520638954</SimpleData>
            <SimpleData name="X">-55.72343594000</SimpleData>
            <SimpleData name="Y">-26.31479890000</SimpleData>
            <SimpleData name="cedula">7370222</SimpleData>
            <SimpleData name="Cédula_1">7370222.00000000000</SimpleData>
            <SimpleData name="Estado_d_1">Activo</SimpleData>
            <SimpleData name="OBJECTID_1">6329</SimpleData>
            <SimpleData name="Shape_Leng">333.50161099400</SimpleData>
            <SimpleData name="Shape_Area">7052.06389537000</SimpleData>
          </SchemaData>
        </ExtendedData>
        <Polygon>
          <outerBoundaryIs>
            <LinearRing>
              <coordinates>
                -55.7236082996682,-26.3143367003408,0
                -55.7229083002195,-26.3147533002461,0
                -55.7228649998348,-26.3150917001651,0
                -55.7232954002876,-26.3152450003778,0
                -55.724013299731,-26.3148200002079,0
                -55.7238950002284,-26.3143966997087,0
                -55.7237657000161,-26.3144241996094,0
                -55.7236082996682,-26.3143367003408,0
              </coordinates>
            </LinearRing>
          </outerBoundaryIs>
        </Polygon>
      </Placemark>
      <Placemark id="Lote_A.146">
        <ExtendedData>
          <SchemaData schemaUrl="#Lote_A.schema">
            <SimpleData name="Cédula">3724636.00000000000</SimpleData>
            <SimpleData name="Nombres_y_">HERIBERTO FERNANDEZ GONZALEZ</SimpleData>
            <SimpleData name="Sexo">Hombre</SimpleData>
            <SimpleData name="Cambio_de_">NO</SimpleData>
            <SimpleData name="Titular_se">NO</SimpleData>
            <SimpleData name="ci_UNIF">3724636.00000000000</SimpleData>
            <SimpleData name="Situación">NO</SimpleData>
            <SimpleData name="Comunidad">Ind?gena</SimpleData>
            <SimpleData name="Modelo_imp">Modelo 1</SimpleData>
            <SimpleData name="Departamen">CAAZAPA</SimpleData>
            <SimpleData name="Distrito">TAVA?</SimpleData>
            <SimpleData name="Localidad"><![CDATA[COM INDIG KA'AGUY PA'U]]></SimpleData>
            <SimpleData name="Teléfono">0984417395</SimpleData>
            <SimpleData name="Vivienda_L">-26.28124340000</SimpleData>
            <SimpleData name="Vivienda_1">-55.71562090000</SimpleData>
            <SimpleData name="Superficie">0.80000000000</SimpleData>
            <SimpleData name="Situaci_1">Par?metro</SimpleData>
            <SimpleData name="Plantado">SI</SimpleData>
            <SimpleData name="Fecha_Plan">2026/07/17</SimpleData>
            <SimpleData name="Jornales">0.00000000000</SimpleData>
            <SimpleData name="Monto">0.00000000000</SimpleData>
            <SimpleData name="Grupo_de_p">A-GN-XX-XX-XX</SimpleData>
            <SimpleData name="Estado_del">Activo</SimpleData>
            <SimpleData name="Empresa">Red Forestal Paraguay SA</SimpleData>
            <SimpleData name="Lote">A</SimpleData>
            <SimpleData name="Parametro">0.00000000000</SimpleData>
            <SimpleData name="Sup_SIG">0.88937635644</SimpleData>
            <SimpleData name="X">-55.72164290000</SimpleData>
            <SimpleData name="Y">-26.31480796000</SimpleData>
            <SimpleData name="cedula">3724636</SimpleData>
            <SimpleData name="Cédula_1">3724636.00000000000</SimpleData>
            <SimpleData name="Estado_d_1">Activo</SimpleData>
            <SimpleData name="OBJECTID_1">5239</SimpleData>
            <SimpleData name="Shape_Leng">410.58454097400</SimpleData>
            <SimpleData name="Shape_Area">8893.76356441000</SimpleData>
          </SchemaData>
        </ExtendedData>
        <Polygon>
          <outerBoundaryIs>
            <LinearRing>
              <coordinates>
                -55.7210293813879,-26.3154308794736,0
                -55.7210232995211,-26.3154433002399,0
                -55.7217799865941,-26.3151359143652,0
                -55.7222949996583,-26.3149267002787,0
                -55.721923299686,-26.3142100003642,0
                -55.7211816998187,-26.3145782997823,0
                -55.7211682997253,-26.3148732995547,0
                -55.7211799998917,-26.3151232996613,0
                -55.7210293813879,-26.3154308794736,0
              </coordinates>
            </LinearRing>
          </outerBoundaryIs>
        </Polygon>
      </Placemark>
      <Placemark id="Lote_A.147">
        <ExtendedData>
          <SchemaData schemaUrl="#Lote_A.schema">
            <SimpleData name="Cédula">5797738.00000000000</SimpleData>
            <SimpleData name="Nombres_y_">ROSALBA FERNANDEZ GONZALEZ</SimpleData>
            <SimpleData name="Sexo">Mujer</SimpleData>
            <SimpleData name="Cambio_de_">NO</SimpleData>
            <SimpleData name="Titular_se">NO</SimpleData>
            <SimpleData name="ci_UNIF">5797738.00000000000</SimpleData>
            <SimpleData name="Situación">NO</SimpleData>
            <SimpleData name="Comunidad">Ind?gena</SimpleData>
            <SimpleData name="Modelo_imp">Modelo 1</SimpleData>
            <SimpleData name="Departamen">CAAZAPA</SimpleData>
            <SimpleData name="Distrito">TAVA?</SimpleData>
            <SimpleData name="Localidad"><![CDATA[COM INDIG KA'AMINDY]]></SimpleData>
            <SimpleData name="Teléfono">0982451170</SimpleData>
            <SimpleData name="Vivienda_L">-26.31475130000</SimpleData>
            <SimpleData name="Vivienda_1">-55.72269160000</SimpleData>
            <SimpleData name="Superficie">0.80000000000</SimpleData>
            <SimpleData name="Situaci_1">Par?metro</SimpleData>
            <SimpleData name="Plantado">NO</SimpleData>
            <SimpleData name="Jornales">0.00000000000</SimpleData>
            <SimpleData name="Monto">0.00000000000</SimpleData>
            <SimpleData name="Grupo_de_p">A-GN-XX-XX-XX</SimpleData>
            <SimpleData name="Estado_del">Activo</SimpleData>
            <SimpleData name="Empresa">Red Forestal Paraguay SA</SimpleData>
            <SimpleData name="Lote">A</SimpleData>
            <SimpleData name="Parametro">0.00000000000</SimpleData>
            <SimpleData name="Sup_SIG">0.90111485038</SimpleData>
            <SimpleData name="X">-55.72264110000</SimpleData>
            <SimpleData name="Y">-26.31429791000</SimpleData>
            <SimpleData name="cedula">5797738</SimpleData>
            <SimpleData name="Cédula_1">5797738.00000000000</SimpleData>
            <SimpleData name="Estado_d_1">Activo</SimpleData>
            <SimpleData name="OBJECTID_1">5251</SimpleData>
            <SimpleData name="Shape_Leng">446.10927706500</SimpleData>
            <SimpleData name="Shape_Area">9011.14850381000</SimpleData>
          </SchemaData>
        </ExtendedData>
        <Polygon>
          <outerBoundaryIs>
            <LinearRing>
              <coordinates>
                -55.7226417004525,-26.3137700004231,0
                -55.7219544995374,-26.3141877000922,0
                -55.7223549995554,-26.3148567002216,0
                -55.7228133004386,-26.3145867000819,0
                -55.7235849997112,-26.3142932998094,0
                -55.72338829959,-26.3142082997364,0
                -55.7232949996075,-26.3142367002278,0
                -55.7231000002846,-26.3140633000544,0
                -55.7230183002429,-26.3139016999432,0
                -55.7227749995807,-26.3140450000206,0
                -55.7226417004525,-26.3137700004231,0
              </coordinates>
            </LinearRing>
          </outerBoundaryIs>
        </Polygon>
      </Placemark>
      <Placemark id="Lote_A.148">
        <ExtendedData>
          <SchemaData schemaUrl="#Lote_A.schema">
            <SimpleData name="Cédula">7687650.00000000000</SimpleData>
            <SimpleData name="Nombres_y_">GLORIA MABEL  RIVAS OLMEDO</SimpleData>
            <SimpleData name="Sexo">Mujer</SimpleData>
            <SimpleData name="Cambio_de_">NO</SimpleData>
            <SimpleData name="Titular_se">NO</SimpleData>
            <SimpleData name="ci_UNIF">7687650.00000000000</SimpleData>
            <SimpleData name="Situación">NO</SimpleData>
            <SimpleData name="Comunidad">Ind?gena</SimpleData>
            <SimpleData name="Modelo_imp">Modelo 5</SimpleData>
            <SimpleData name="Departamen">ITAPUA</SimpleData>
            <SimpleData name="Distrito">ALTO VERA</SimpleData>
            <SimpleData name="Localidad"><![CDATA[COM INDIG KO'EJU]]></SimpleData>
            <SimpleData name="Teléfono">984070942</SimpleData>
            <SimpleData name="Vivienda_L">-26.72479170000</SimpleData>
            <SimpleData name="Vivienda_1">-55.83679170000</SimpleData>
            <SimpleData name="Superficie">0.70000000000</SimpleData>
            <SimpleData name="Situaci_1">Parametro</SimpleData>
            <SimpleData name="Plantado">SI</SimpleData>
            <SimpleData name="Fecha_Plan">2026/05/23</SimpleData>
            <SimpleData name="Jornales">0.00000000000</SimpleData>
            <SimpleData name="Monto">0.00000000000</SimpleData>
            <SimpleData name="Grupo_de_p">A-GN-XX-XX-XX</SimpleData>
            <SimpleData name="Estado_del">Activo</SimpleData>
            <SimpleData name="Empresa">Red Forestal Paraguay SA</SimpleData>
            <SimpleData name="Lote">A</SimpleData>
            <SimpleData name="Parametro">0.00000000000</SimpleData>
            <SimpleData name="Sup_SIG">0.73738609406</SimpleData>
            <SimpleData name="X">-55.83891698000</SimpleData>
            <SimpleData name="Y">-26.72633509000</SimpleData>
            <SimpleData name="cedula">7687650</SimpleData>
            <SimpleData name="Cédula_1">7687650.00000000000</SimpleData>
            <SimpleData name="Estado_d_1">Activo</SimpleData>
            <SimpleData name="OBJECTID_1">8552</SimpleData>
            <SimpleData name="Shape_Leng">592.41595485300</SimpleData>
            <SimpleData name="Shape_Area">7373.86094064000</SimpleData>
          </SchemaData>
        </ExtendedData>
        <Polygon>
          <outerBoundaryIs>
            <LinearRing>
              <coordinates>
                -55.8386978522374,-26.7260464625011,0
                -55.8386584995444,-26.7260815998627,0
                -55.8384801439127,-26.7259768955135,0
                -55.8376166995649,-26.7254699999161,0
                -55.8373081003694,-26.7257891000775,0
                -55.8377190004369,-26.7260524002005,0
                -55.8379642002033,-26.725792099904,0
                -55.8386533003593,-26.7261673000453,0
                -55.8385220998576,-26.726414800031,0
                -55.8391433001212,-26.7267362995901,0
                -55.8394562001644,-26.7262294001868,0
                -55.8387527996754,-26.7259974000615,0
                -55.8386978522374,-26.7260464625011,0
              </coordinates>
            </LinearRing>
          </outerBoundaryIs>
        </Polygon>
      </Placemark>
      <Placemark id="Lote_A.149">
        <ExtendedData>
          <SchemaData schemaUrl="#Lote_A.schema">
            <SimpleData name="Cédula">4162259.00000000000</SimpleData>
            <SimpleData name="Nombres_y_">ANTONIA ESTER MU?OZ</SimpleData>
            <SimpleData name="Sexo">Mujer</SimpleData>
            <SimpleData name="Cambio_de_">NO</SimpleData>
            <SimpleData name="Titular_se">NO</SimpleData>
            <SimpleData name="ci_UNIF">4162259.00000000000</SimpleData>
            <SimpleData name="Situación">NO</SimpleData>
            <SimpleData name="Comunidad">Campesina</SimpleData>
            <SimpleData name="Modelo_imp">Modelo 5</SimpleData>
            <SimpleData name="Departamen">ITAPUA</SimpleData>
            <SimpleData name="Distrito">ALTO VERA</SimpleData>
            <SimpleData name="Localidad">TARUMA</SimpleData>
            <SimpleData name="Teléfono">0985194058</SimpleData>
            <SimpleData name="Vivienda_L">-26.71681490000</SimpleData>
            <SimpleData name="Vivienda_1">-55.82825600000</SimpleData>
            <SimpleData name="Superficie">0.70000000000</SimpleData>
            <SimpleData name="Situaci_1">Par?metro</SimpleData>
            <SimpleData name="Plantado">SI</SimpleData>
            <SimpleData name="Fecha_Plan">2026/01/09</SimpleData>
            <SimpleData name="Jornales">0.00000000000</SimpleData>
            <SimpleData name="Monto">0.00000000000</SimpleData>
            <SimpleData name="Grupo_de_p">A-GN-XX-XX-XX</SimpleData>
            <SimpleData name="Estado_del">Activo</SimpleData>
            <SimpleData name="Empresa">Red Forestal Paraguay SA</SimpleData>
            <SimpleData name="Lote">A</SimpleData>
            <SimpleData name="Parametro">0.00000000000</SimpleData>
            <SimpleData name="Sup_SIG">0.70897146167</SimpleData>
            <SimpleData name="X">-55.83660508000</SimpleData>
            <SimpleData name="Y">-26.70076119000</SimpleData>
            <SimpleData name="cedula">4162259</SimpleData>
            <SimpleData name="Cédula_1">4162259.00000000000</SimpleData>
            <SimpleData name="Estado_d_1">Activo</SimpleData>
            <SimpleData name="OBJECTID_1">8482</SimpleData>
            <SimpleData name="Shape_Leng">337.91718164700</SimpleData>
            <SimpleData name="Shape_Area">7089.71461666000</SimpleData>
          </SchemaData>
        </ExtendedData>
        <Polygon>
          <outerBoundaryIs>
            <LinearRing>
              <coordinates>
                -55.8360167000884,-26.7008899999653,0
                -55.8367655003985,-26.7012533001155,0
                -55.8372267003596,-26.7006650000657,0
                -55.8363983003897,-26.7002583002855,0
                -55.8360167000884,-26.7008899999653,0
              </coordinates>
            </LinearRing>
          </outerBoundaryIs>
        </Polygon>
      </Placemark>
      <Placemark id="Lote_A.150">
        <ExtendedData>
          <SchemaData schemaUrl="#Lote_A.schema">
            <SimpleData name="Cédula">5747101.00000000000</SimpleData>
            <SimpleData name="Nombres_y_">MARCO ANTONIO ORTIZ FERREIRA</SimpleData>
            <SimpleData name="Sexo">Hombre</SimpleData>
            <SimpleData name="Cambio_de_">NO</SimpleData>
            <SimpleData name="Titular_se">NO</SimpleData>
            <SimpleData name="ci_UNIF">5747101.00000000000</SimpleData>
            <SimpleData name="Situación">NO</SimpleData>
            <SimpleData name="Comunidad">Campesina</SimpleData>
            <SimpleData name="Modelo_imp">Modelo 5</SimpleData>
            <SimpleData name="Departamen">CAAZAPA</SimpleData>
            <SimpleData name="Distrito">TAVA?</SimpleData>
            <SimpleData name="Localidad">GUASU CUA</SimpleData>
            <SimpleData name="Teléfono">0985211892</SimpleData>
            <SimpleData name="Vivienda_L">-26.30352920000</SimpleData>
            <SimpleData name="Vivienda_1">-55.73108580000</SimpleData>
            <SimpleData name="Superficie">0.70000000000</SimpleData>
            <SimpleData name="Situaci_1">Par?metro</SimpleData>
            <SimpleData name="Plantado">SI</SimpleData>
            <SimpleData name="Fecha_Plan">2026/07/17</SimpleData>
            <SimpleData name="Jornales">0.00000000000</SimpleData>
            <SimpleData name="Monto">0.00000000000</SimpleData>
            <SimpleData name="Grupo_de_p">A-GN-XX-XX-XX</SimpleData>
            <SimpleData name="Estado_del">Activo</SimpleData>
            <SimpleData name="Empresa">Red Forestal Paraguay SA</SimpleData>
            <SimpleData name="Lote">A</SimpleData>
            <SimpleData name="Parametro">0.00000000000</SimpleData>
            <SimpleData name="Sup_SIG">0.71579603926</SimpleData>
            <SimpleData name="X">-55.73851346000</SimpleData>
            <SimpleData name="Y">-26.29950664000</SimpleData>
            <SimpleData name="cedula">5747101</SimpleData>
            <SimpleData name="Cédula_1">5747101.00000000000</SimpleData>
            <SimpleData name="Estado_d_1">Activo</SimpleData>
            <SimpleData name="OBJECTID_1">5229</SimpleData>
            <SimpleData name="Shape_Leng">330.98118757700</SimpleData>
            <SimpleData name="Shape_Area">7157.96039258000</SimpleData>
          </SchemaData>
        </ExtendedData>
        <Polygon>
          <outerBoundaryIs>
            <LinearRing>
              <coordinates>
                -55.7379566999595,-26.2993915997329,0
                -55.7382517003614,-26.3000233003971,0
                -55.7391117002242,-26.2995867000763,0
                -55.7390450001242,-26.299386700044,0
                -55.7386933002766,-26.2990850002809,0
                -55.7385150004228,-26.2990582998783,0
                -55.7379566999595,-26.2993915997329,0
              </coordinates>
            </LinearRing>
          </outerBoundaryIs>
        </Polygon>
      </Placemark>
      <Placemark id="Lote_A.151">
        <ExtendedData>
          <SchemaData schemaUrl="#Lote_A.schema">
            <SimpleData name="Cédula">3768421.00000000000</SimpleData>
            <SimpleData name="Nombres_y_">MIRTA VARGAS VAZQUEZ</SimpleData>
            <SimpleData name="Sexo">Mujer</SimpleData>
            <SimpleData name="Cambio_de_">NO</SimpleData>
            <SimpleData name="Titular_se">NO</SimpleData>
            <SimpleData name="ci_UNIF">3768421.00000000000</SimpleData>
            <SimpleData name="Situación">NO</SimpleData>
            <SimpleData name="Comunidad">Ind?gena</SimpleData>
            <SimpleData name="Modelo_imp">Modelo 1</SimpleData>
            <SimpleData name="Departamen">CAAZAPA</SimpleData>
            <SimpleData name="Distrito">TAVA?</SimpleData>
            <SimpleData name="Localidad"><![CDATA[COM INDIG KA'AGUY PA'U]]></SimpleData>
            <SimpleData name="Teléfono">0984417395</SimpleData>
            <SimpleData name="Vivienda_L">-26.28116120000</SimpleData>
            <SimpleData name="Vivienda_1">-55.71539300000</SimpleData>
            <SimpleData name="Superficie">0.80000000000</SimpleData>
            <SimpleData name="Situaci_1">Par?metro</SimpleData>
            <SimpleData name="Plantado">SI</SimpleData>
            <SimpleData name="Fecha_Plan">2026/07/17</SimpleData>
            <SimpleData name="Jornales">0.00000000000</SimpleData>
            <SimpleData name="Monto">0.00000000000</SimpleData>
            <SimpleData name="Grupo_de_p">A-GN-XX-XX-XX</SimpleData>
            <SimpleData name="Estado_del">Activo</SimpleData>
            <SimpleData name="Empresa">Red Forestal Paraguay SA</SimpleData>
            <SimpleData name="Lote">A</SimpleData>
            <SimpleData name="Parametro">0.00000000000</SimpleData>
            <SimpleData name="Sup_SIG">0.93408259591</SimpleData>
            <SimpleData name="X">-55.72135585000</SimpleData>
            <SimpleData name="Y">-26.31568419000</SimpleData>
            <SimpleData name="cedula">3768421</SimpleData>
            <SimpleData name="Cédula_1">3768421.00000000000</SimpleData>
            <SimpleData name="Estado_d_1">Activo</SimpleData>
            <SimpleData name="OBJECTID_1">5240</SimpleData>
            <SimpleData name="Shape_Leng">526.02805298700</SimpleData>
            <SimpleData name="Shape_Area">9340.82595914000</SimpleData>
          </SchemaData>
        </ExtendedData>
        <Polygon>
          <outerBoundaryIs>
            <LinearRing>
              <coordinates>
                -55.7217799865941,-26.3151359143652,0
                -55.7210232995211,-26.3154433002399,0
                -55.7210293813879,-26.3154308794736,0
                -55.721007699837,-26.3154393999908,0
                -55.7209517001159,-26.3156533997613,0
                -55.7206949999884,-26.3158150001946,0
                -55.7207133000232,-26.3159519001983,0
                -55.7207149999074,-26.3162150001937,0
                -55.7215317996756,-26.3162447997068,0
                -55.7216200001912,-26.3161500996098,0
                -55.7215794001156,-26.3159867002345,0
                -55.7214000002611,-26.3159266996746,0
                -55.7214423002316,-26.3157731000736,0
                -55.7217882998406,-26.3154950997943,0
                -55.7220550003361,-26.3152716997909,0
                -55.7222985003836,-26.3150216997949,0
                -55.7223167003704,-26.3149249995536,0
                -55.7217799865941,-26.3151359143652,0
              </coordinates>
            </LinearRing>
          </outerBoundaryIs>
        </Polygon>
      </Placemark>
      <Placemark id="Lote_A.152">
        <ExtendedData>
          <SchemaData schemaUrl="#Lote_A.schema">
            <SimpleData name="Cédula">4983789.00000000000</SimpleData>
            <SimpleData name="Nombres_y_">GRACIELA BENITEZ CACERES</SimpleData>
            <SimpleData name="Sexo">Mujer</SimpleData>
            <SimpleData name="Cambio_de_">NO</SimpleData>
            <SimpleData name="Titular_se">NO</SimpleData>
            <SimpleData name="ci_UNIF">4983789.00000000000</SimpleData>
            <SimpleData name="Situación">NO</SimpleData>
            <SimpleData name="Comunidad">Ind?gena</SimpleData>
            <SimpleData name="Modelo_imp">Modelo 5</SimpleData>
            <SimpleData name="Departamen">CAAZAPA</SimpleData>
            <SimpleData name="Distrito">TAVA?</SimpleData>
            <SimpleData name="Localidad"><![CDATA[COM INDIG KA'AMINDY]]></SimpleData>
            <SimpleData name="Teléfono">0984643510</SimpleData>
            <SimpleData name="Vivienda_L">-26.31410780000</SimpleData>
            <SimpleData name="Vivienda_1">-55.72187320000</SimpleData>
            <SimpleData name="Superficie">0.70000000000</SimpleData>
            <SimpleData name="Situaci_1">Par?metro</SimpleData>
            <SimpleData name="Plantado">SI</SimpleData>
            <SimpleData name="Fecha_Plan">2026/07/17</SimpleData>
            <SimpleData name="Jornales">0.00000000000</SimpleData>
            <SimpleData name="Monto">0.00000000000</SimpleData>
            <SimpleData name="Grupo_de_p">A-GN-XX-XX-XX</SimpleData>
            <SimpleData name="Estado_del">Activo</SimpleData>
            <SimpleData name="Empresa">Red Forestal Paraguay SA</SimpleData>
            <SimpleData name="Lote">A</SimpleData>
            <SimpleData name="Parametro">0.00000000000</SimpleData>
            <SimpleData name="Sup_SIG">0.72717828891</SimpleData>
            <SimpleData name="X">-55.72268635000</SimpleData>
            <SimpleData name="Y">-26.31561115000</SimpleData>
            <SimpleData name="cedula">4983789</SimpleData>
            <SimpleData name="Cédula_1">4983789.00000000000</SimpleData>
            <SimpleData name="Estado_d_1">Activo</SimpleData>
            <SimpleData name="OBJECTID_1">5247</SimpleData>
            <SimpleData name="Shape_Leng">360.01003116700</SimpleData>
            <SimpleData name="Shape_Area">7271.78288913000</SimpleData>
          </SchemaData>
        </ExtendedData>
        <Polygon>
          <outerBoundaryIs>
            <LinearRing>
              <coordinates>
                -55.7222251998077,-26.3155433001259,0
                -55.7223950001931,-26.3162932998506,0
                -55.7225582998303,-26.3161552996846,0
                -55.7228499998414,-26.3158249999054,0
                -55.7229516003177,-26.3157982003266,0
                -55.7233253000133,-26.315459000436,0
                -55.7230383003132,-26.3152449995793,0
                -55.7227753004297,-26.3151463996022,0
                -55.7226216995977,-26.3151200000275,0
                -55.7222251998077,-26.3155433001259,0
              </coordinates>
            </LinearRing>
          </outerBoundaryIs>
        </Polygon>
      </Placemark>
      <Placemark id="Lote_A.153">
        <ExtendedData>
          <SchemaData schemaUrl="#Lote_A.schema">
            <SimpleData name="Cédula">3751220.00000000000</SimpleData>
            <SimpleData name="Nombres_y_">FELICIA ARCE SOTELO</SimpleData>
            <SimpleData name="Sexo">Mujer</SimpleData>
            <SimpleData name="Cambio_de_">NO</SimpleData>
            <SimpleData name="Titular_se">NO</SimpleData>
            <SimpleData name="ci_UNIF">3751220.00000000000</SimpleData>
            <SimpleData name="Situación">NO</SimpleData>
            <SimpleData name="Comunidad">Campesina</SimpleData>
            <SimpleData name="Modelo_imp">Modelo 4</SimpleData>
            <SimpleData name="Departamen">CAAZAPA</SimpleData>
            <SimpleData name="Distrito">TAVA?</SimpleData>
            <SimpleData name="Localidad">MARIA NUEVA ESPERANZA</SimpleData>
            <SimpleData name="Teléfono">0982621617</SimpleData>
            <SimpleData name="Vivienda_L">-26.26220800000</SimpleData>
            <SimpleData name="Vivienda_1">-55.41619690000</SimpleData>
            <SimpleData name="Superficie">0.70000000000</SimpleData>
            <SimpleData name="Situaci_1">Par?metro</SimpleData>
            <SimpleData name="Plantado">SI</SimpleData>
            <SimpleData name="Fecha_Plan">2026/06/18</SimpleData>
            <SimpleData name="Jornales">0.00000000000</SimpleData>
            <SimpleData name="Monto">0.00000000000</SimpleData>
            <SimpleData name="Grupo_de_p">A-GN-XX-XX-XX</SimpleData>
            <SimpleData name="Estado_del">Activo</SimpleData>
            <SimpleData name="Empresa">Red Forestal Paraguay SA</SimpleData>
            <SimpleData name="Lote">A</SimpleData>
            <SimpleData name="Parametro">0.00000000000</SimpleData>
            <SimpleData name="Sup_SIG">0.70174959584</SimpleData>
            <SimpleData name="X">-55.41366091000</SimpleData>
            <SimpleData name="Y">-26.25730058000</SimpleData>
            <SimpleData name="cedula">3751220</SimpleData>
            <SimpleData name="Cédula_1">3751220.00000000000</SimpleData>
            <SimpleData name="Estado_d_1">Activo</SimpleData>
            <SimpleData name="OBJECTID_1">5218</SimpleData>
            <SimpleData name="Shape_Leng">336.90795157200</SimpleData>
            <SimpleData name="Shape_Area">7017.49595840000</SimpleData>
          </SchemaData>
        </ExtendedData>
        <Polygon>
          <outerBoundaryIs>
            <LinearRing>
              <coordinates>
                -55.4131692997418,-26.2569590007721,0
                -55.4133712993836,-26.2577868000433,0
                -55.414216299313,-26.2575266008823,0
                -55.4139260992545,-26.2568762002818,0
                -55.4131692997418,-26.2569590007721,0
              </coordinates>
            </LinearRing>
          </outerBoundaryIs>
        </Polygon>
      </Placemark>
      <Placemark id="Lote_A.154">
        <ExtendedData>
          <SchemaData schemaUrl="#Lote_A.schema">
            <SimpleData name="Cédula">4760845.00000000000</SimpleData>
            <SimpleData name="Nombres_y_">EVER VENIALGO LEDEZMA</SimpleData>
            <SimpleData name="Sexo">Hombre</SimpleData>
            <SimpleData name="Cambio_de_">NO</SimpleData>
            <SimpleData name="Titular_se">NO</SimpleData>
            <SimpleData name="ci_UNIF">4760845.00000000000</SimpleData>
            <SimpleData name="Situación">NO</SimpleData>
            <SimpleData name="Comunidad">Campesina</SimpleData>
            <SimpleData name="Modelo_imp">Modelo 6</SimpleData>
            <SimpleData name="Departamen">ITAPUA</SimpleData>
            <SimpleData name="Distrito">ALTO VERA</SimpleData>
            <SimpleData name="Localidad">TARUMA</SimpleData>
            <SimpleData name="Teléfono">0984988863</SimpleData>
            <SimpleData name="Vivienda_L">-26.71943290000</SimpleData>
            <SimpleData name="Vivienda_1">-55.83240590000</SimpleData>
            <SimpleData name="Superficie">0.90000000000</SimpleData>
            <SimpleData name="Situaci_1">Par?metro</SimpleData>
            <SimpleData name="Plantado">SI</SimpleData>
            <SimpleData name="Fecha_Plan">2026/06/01</SimpleData>
            <SimpleData name="Jornales">0.00000000000</SimpleData>
            <SimpleData name="Monto">0.00000000000</SimpleData>
            <SimpleData name="Grupo_de_p">A-GN-XX-XX-XX</SimpleData>
            <SimpleData name="Estado_del">Activo</SimpleData>
            <SimpleData name="Empresa">Red Forestal Paraguay SA</SimpleData>
            <SimpleData name="Lote">A</SimpleData>
            <SimpleData name="Parametro">0.00000000000</SimpleData>
            <SimpleData name="Sup_SIG">0.97594533853</SimpleData>
            <SimpleData name="X">-55.83725107000</SimpleData>
            <SimpleData name="Y">-26.73983859000</SimpleData>
            <SimpleData name="cedula">4760845</SimpleData>
            <SimpleData name="Cédula_1">4760845.00000000000</SimpleData>
            <SimpleData name="Estado_d_1">Activo</SimpleData>
            <SimpleData name="OBJECTID_1">8467</SimpleData>
            <SimpleData name="Shape_Leng">430.04365369500</SimpleData>
            <SimpleData name="Shape_Area">9759.45338527000</SimpleData>
          </SchemaData>
        </ExtendedData>
        <Polygon>
          <outerBoundaryIs>
            <LinearRing>
              <coordinates>
                -55.8364243997832,-26.7399329007576,0
                -55.8378782993701,-26.7403117007768,0
                -55.8381092995572,-26.7398898009578,0
                -55.836788299307,-26.7392881000037,0
                -55.8364243997832,-26.7399329007576,0
              </coordinates>
            </LinearRing>
          </outerBoundaryIs>
        </Polygon>
      </Placemark>
      <Placemark id="Lote_A.155">
        <ExtendedData>
          <SchemaData schemaUrl="#Lote_A.schema">
            <SimpleData name="Cédula">5395092.00000000000</SimpleData>
            <SimpleData name="Nombres_y_">OLGA BARRETO VERA</SimpleData>
            <SimpleData name="Sexo">Mujer</SimpleData>
            <SimpleData name="Cambio_de_">NO</SimpleData>
            <SimpleData name="Titular_se">NO</SimpleData>
            <SimpleData name="ci_UNIF">5395092.00000000000</SimpleData>
            <SimpleData name="Situación">NO</SimpleData>
            <SimpleData name="Comunidad">Campesina</SimpleData>
            <SimpleData name="Modelo_imp">Modelo 5</SimpleData>
            <SimpleData name="Departamen">ITAPUA</SimpleData>
            <SimpleData name="Distrito">ALTO VERA</SimpleData>
            <SimpleData name="Localidad">TARUMA</SimpleData>
            <SimpleData name="Teléfono">0984680573</SimpleData>
            <SimpleData name="Vivienda_L">-26.71728490000</SimpleData>
            <SimpleData name="Vivienda_1">-55.82876410000</SimpleData>
            <SimpleData name="Superficie">0.70000000000</SimpleData>
            <SimpleData name="Situaci_1">Par?metro</SimpleData>
            <SimpleData name="Plantado">SI</SimpleData>
            <SimpleData name="Fecha_Plan">2026/06/01</SimpleData>
            <SimpleData name="Jornales">0.00000000000</SimpleData>
            <SimpleData name="Monto">0.00000000000</SimpleData>
            <SimpleData name="Grupo_de_p">A-GN-XX-XX-XX</SimpleData>
            <SimpleData name="Estado_del">Activo</SimpleData>
            <SimpleData name="Empresa">Red Forestal Paraguay SA</SimpleData>
            <SimpleData name="Lote">A</SimpleData>
            <SimpleData name="Parametro">0.00000000000</SimpleData>
            <SimpleData name="Sup_SIG">0.73897065325</SimpleData>
            <SimpleData name="X">-55.83462771000</SimpleData>
            <SimpleData name="Y">-26.73938237000</SimpleData>
            <SimpleData name="cedula">5395092</SimpleData>
            <SimpleData name="Cédula_1">5395092.00000000000</SimpleData>
            <SimpleData name="Estado_d_1">Activo</SimpleData>
            <SimpleData name="OBJECTID_1">8485</SimpleData>
            <SimpleData name="Shape_Leng">345.22853739000</SimpleData>
            <SimpleData name="Shape_Area">7389.70653247000</SimpleData>
          </SchemaData>
        </ExtendedData>
        <Polygon>
          <outerBoundaryIs>
            <LinearRing>
              <coordinates>
                -55.834037899472,-26.7395239004117,0
                -55.8347876999424,-26.739883000127,0
                -55.8352614999829,-26.7393132004385,0
                -55.8344199989575,-26.7388500001173,0
                -55.834037899472,-26.7395239004117,0
              </coordinates>
            </LinearRing>
          </outerBoundaryIs>
        </Polygon>
      </Placemark>
      <Placemark id="Lote_A.156">
        <ExtendedData>
          <SchemaData schemaUrl="#Lote_A.schema">
            <SimpleData name="Cédula">6870136.00000000000</SimpleData>
            <SimpleData name="Nombres_y_">MARCELINA VILLALBA BRITEZ</SimpleData>
            <SimpleData name="Sexo">Mujer</SimpleData>
            <SimpleData name="Cambio_de_">NO</SimpleData>
            <SimpleData name="Titular_se">NO</SimpleData>
            <SimpleData name="ci_UNIF">6870136.00000000000</SimpleData>
            <SimpleData name="Situación">NO</SimpleData>
            <SimpleData name="Comunidad">Ind?gena</SimpleData>
            <SimpleData name="Modelo_imp">Modelo 4</SimpleData>
            <SimpleData name="Departamen">CAAZAPA</SimpleData>
            <SimpleData name="Distrito">TAVA?</SimpleData>
            <SimpleData name="Localidad">COM INDIG VIJU</SimpleData>
            <SimpleData name="Teléfono">0986460146</SimpleData>
            <SimpleData name="Vivienda_L">-26.11287930000</SimpleData>
            <SimpleData name="Vivienda_1">-55.52208810000</SimpleData>
            <SimpleData name="Superficie">0.70000000000</SimpleData>
            <SimpleData name="Situaci_1">Par?metro</SimpleData>
            <SimpleData name="Plantado">SI</SimpleData>
            <SimpleData name="Fecha_Plan">2026/07/16</SimpleData>
            <SimpleData name="Jornales">0.00000000000</SimpleData>
            <SimpleData name="Monto">0.00000000000</SimpleData>
            <SimpleData name="Grupo_de_p">A-GN-XX-XX-XX</SimpleData>
            <SimpleData name="Estado_del">Activo</SimpleData>
            <SimpleData name="Empresa">Red Forestal Paraguay SA</SimpleData>
            <SimpleData name="Lote">A</SimpleData>
            <SimpleData name="Parametro">0.00000000000</SimpleData>
            <SimpleData name="Sup_SIG">0.84788878120</SimpleData>
            <SimpleData name="X">-55.52191454000</SimpleData>
            <SimpleData name="Y">-26.11358223000</SimpleData>
            <SimpleData name="cedula">6870136</SimpleData>
            <SimpleData name="Cédula_1">6870136.00000000000</SimpleData>
            <SimpleData name="Estado_d_1">Activo</SimpleData>
            <SimpleData name="OBJECTID_1">5237</SimpleData>
            <SimpleData name="Shape_Leng">358.92798516200</SimpleData>
            <SimpleData name="Shape_Area">8478.88781195000</SimpleData>
          </SchemaData>
        </ExtendedData>
        <Polygon>
          <outerBoundaryIs>
            <LinearRing>
              <coordinates>
                -55.5213716992983,-26.113621699804,0
                -55.5217949999584,-26.1141616995035,0
                -55.5221099995834,-26.1140017009831,0
                -55.5225582994685,-26.1135499999706,0
                -55.5218949999644,-26.1129967002541,0
                -55.5213516994272,-26.1134832997264,0
                -55.5213716992983,-26.113621699804,0
              </coordinates>
            </LinearRing>
          </outerBoundaryIs>
        </Polygon>
      </Placemark>
      <Placemark id="Lote_A.157">
        <ExtendedData>
          <SchemaData schemaUrl="#Lote_A.schema">
            <SimpleData name="Cédula">7304856.00000000000</SimpleData>
            <SimpleData name="Nombres_y_">JULIO  DUARTE BENITEZ</SimpleData>
            <SimpleData name="Sexo">Hombre</SimpleData>
            <SimpleData name="Cambio_de_">NO</SimpleData>
            <SimpleData name="Titular_se">NO</SimpleData>
            <SimpleData name="ci_UNIF">7304856.00000000000</SimpleData>
            <SimpleData name="Situación">NO</SimpleData>
            <SimpleData name="Comunidad">Ind?gena</SimpleData>
            <SimpleData name="Modelo_imp">Modelo 5</SimpleData>
            <SimpleData name="Departamen">ITAPUA</SimpleData>
            <SimpleData name="Distrito">ALTO VERA</SimpleData>
            <SimpleData name="Localidad"><![CDATA[COM INDIG TEKOHA PYKASU'I]]></SimpleData>
            <SimpleData name="Teléfono">0</SimpleData>
            <SimpleData name="Vivienda_L">-26.56650370000</SimpleData>
            <SimpleData name="Vivienda_1">-55.71256110000</SimpleData>
            <SimpleData name="Superficie">0.70000000000</SimpleData>
            <SimpleData name="Situaci_1">Parametro</SimpleData>
            <SimpleData name="Plantado">SI</SimpleData>
            <SimpleData name="Fecha_Plan">2026/01/05</SimpleData>
            <SimpleData name="Jornales">0.00000000000</SimpleData>
            <SimpleData name="Monto">0.00000000000</SimpleData>
            <SimpleData name="Grupo_de_p">A-GN-XX-XX-XX</SimpleData>
            <SimpleData name="Estado_del">Activo</SimpleData>
            <SimpleData name="Empresa">Red Forestal Paraguay SA</SimpleData>
            <SimpleData name="Lote">A</SimpleData>
            <SimpleData name="Parametro">0.00000000000</SimpleData>
            <SimpleData name="Sup_SIG">0.73563098998</SimpleData>
            <SimpleData name="X">-55.71268377000</SimpleData>
            <SimpleData name="Y">-26.56854218000</SimpleData>
            <SimpleData name="cedula">7304856</SimpleData>
            <SimpleData name="Cédula_1">7304856.00000000000</SimpleData>
            <SimpleData name="Estado_d_1">Activo</SimpleData>
            <SimpleData name="OBJECTID_1">6366</SimpleData>
            <SimpleData name="Shape_Leng">543.36580696400</SimpleData>
            <SimpleData name="Shape_Area">7356.30989977000</SimpleData>
          </SchemaData>
        </ExtendedData>
        <MultiGeometry>
          <Polygon>
            <outerBoundaryIs>
              <LinearRing>
                <coordinates>
                  -55.7125366990057,-26.5690447004961,0
                  -55.7128073841846,-26.5686858286171,0
                  -55.7129173909928,-26.5685399806413,0
                  -55.7131649995036,-26.5682117004109,0
                  -55.7127817998886,-26.5680984006108,0
                  -55.7122399992992,-26.5687933005821,0
                  -55.7125366990057,-26.5690447004961,0
                </coordinates>
              </LinearRing>
            </outerBoundaryIs>
          </Polygon>
          <Polygon>
            <outerBoundaryIs>
              <LinearRing>
                <coordinates>
                  -55.7136882988672,-26.5671318000024,0
                  -55.713414999345,-26.5670400000737,0
                  -55.7132982987574,-26.5672568998092,0
                  -55.714041699718,-26.5675782997775,0
                  -55.7142716987713,-26.5672349996418,0
                  -55.7137566002775,-26.5669927002688,0
                  -55.7136882988672,-26.5671318000024,0
                </coordinates>
              </LinearRing>
            </outerBoundaryIs>
          </Polygon>
        </MultiGeometry>
      </Placemark>
      <Placemark id="Lote_A.158">
        <ExtendedData>
          <SchemaData schemaUrl="#Lote_A.schema">
            <SimpleData name="Cédula">7479615.00000000000</SimpleData>
            <SimpleData name="Nombres_y_">ELIDA CABRERA MARTINEZ</SimpleData>
            <SimpleData name="Sexo">Mujer</SimpleData>
            <SimpleData name="Cambio_de_">NO</SimpleData>
            <SimpleData name="Titular_se">NO</SimpleData>
            <SimpleData name="ci_UNIF">7479615.00000000000</SimpleData>
            <SimpleData name="Situación">NO</SimpleData>
            <SimpleData name="Comunidad">Ind?gena</SimpleData>
            <SimpleData name="Modelo_imp">Modelo 5</SimpleData>
            <SimpleData name="Departamen">ITAPUA</SimpleData>
            <SimpleData name="Distrito">ALTO VERA</SimpleData>
            <SimpleData name="Localidad"><![CDATA[COM INDIG TEKOHA PYKASU'I]]></SimpleData>
            <SimpleData name="Teléfono">0982570602</SimpleData>
            <SimpleData name="Vivienda_L">-26.56246780000</SimpleData>
            <SimpleData name="Vivienda_1">-55.71635430000</SimpleData>
            <SimpleData name="Superficie">0.70000000000</SimpleData>
            <SimpleData name="Situaci_1">Par?metro</SimpleData>
            <SimpleData name="Plantado">SI</SimpleData>
            <SimpleData name="Fecha_Plan">2025/12/19</SimpleData>
            <SimpleData name="Jornales">0.00000000000</SimpleData>
            <SimpleData name="Monto">0.00000000000</SimpleData>
            <SimpleData name="Grupo_de_p">A-GN-XX-XX-XX</SimpleData>
            <SimpleData name="Estado_del">Activo</SimpleData>
            <SimpleData name="Empresa">Red Forestal Paraguay SA</SimpleData>
            <SimpleData name="Lote">A</SimpleData>
            <SimpleData name="Parametro">0.00000000000</SimpleData>
            <SimpleData name="Sup_SIG">0.71142772108</SimpleData>
            <SimpleData name="X">-55.71427549000</SimpleData>
            <SimpleData name="Y">-26.56792271000</SimpleData>
            <SimpleData name="cedula">7479615</SimpleData>
            <SimpleData name="Cédula_1">7479615.00000000000</SimpleData>
            <SimpleData name="Estado_d_1">Activo</SimpleData>
            <SimpleData name="OBJECTID_1">5254</SimpleData>
            <SimpleData name="Shape_Leng">346.27632109900</SimpleData>
            <SimpleData name="Shape_Area">7114.27721084000</SimpleData>
          </SchemaData>
        </ExtendedData>
        <Polygon>
          <outerBoundaryIs>
            <LinearRing>
              <coordinates>
                -55.7137430570524,-26.5681648820272,0
                -55.7143319001231,-26.5685150005565,0
                -55.7147966999608,-26.5676552996113,0
                -55.7142379997068,-26.5673366000572,0
                -55.7137430570524,-26.5681648820272,0
              </coordinates>
            </LinearRing>
          </outerBoundaryIs>
        </Polygon>
      </Placemark>
      <Placemark id="Lote_A.159">
        <ExtendedData>
          <SchemaData schemaUrl="#Lote_A.schema">
            <SimpleData name="Cédula">7679331.00000000000</SimpleData>
            <SimpleData name="Nombres_y_">VALENTINA  BENITEZ CABRERA</SimpleData>
            <SimpleData name="Sexo">Mujer</SimpleData>
            <SimpleData name="Cambio_de_">NO</SimpleData>
            <SimpleData name="Titular_se">NO</SimpleData>
            <SimpleData name="ci_UNIF">7679331.00000000000</SimpleData>
            <SimpleData name="Situación">NO</SimpleData>
            <SimpleData name="Comunidad">Ind?gena</SimpleData>
            <SimpleData name="Modelo_imp">Modelo 5</SimpleData>
            <SimpleData name="Departamen">ITAPUA</SimpleData>
            <SimpleData name="Distrito">ALTO VERA</SimpleData>
            <SimpleData name="Localidad"><![CDATA[COM INDIG TEKOHA PYKASU'I]]></SimpleData>
            <SimpleData name="Teléfono">985365684</SimpleData>
            <SimpleData name="Vivienda_L">-26.56780950000</SimpleData>
            <SimpleData name="Vivienda_1">-55.71352370000</SimpleData>
            <SimpleData name="Superficie">0.70000000000</SimpleData>
            <SimpleData name="Situaci_1">Parametro</SimpleData>
            <SimpleData name="Plantado">SI</SimpleData>
            <SimpleData name="Fecha_Plan">2026/01/05</SimpleData>
            <SimpleData name="Jornales">0.00000000000</SimpleData>
            <SimpleData name="Monto">0.00000000000</SimpleData>
            <SimpleData name="Grupo_de_p">A-GN-XX-XX-XX</SimpleData>
            <SimpleData name="Estado_del">Activo</SimpleData>
            <SimpleData name="Empresa">Red Forestal Paraguay SA</SimpleData>
            <SimpleData name="Lote">A</SimpleData>
            <SimpleData name="Parametro">0.00000000000</SimpleData>
            <SimpleData name="Sup_SIG">0.76995435092</SimpleData>
            <SimpleData name="X">-55.71321617000</SimpleData>
            <SimpleData name="Y">-26.56911297000</SimpleData>
            <SimpleData name="cedula">7679331</SimpleData>
            <SimpleData name="Cédula_1">7679331.00000000000</SimpleData>
            <SimpleData name="Estado_d_1">Activo</SimpleData>
            <SimpleData name="OBJECTID_1">6367</SimpleData>
            <SimpleData name="Shape_Leng">366.67566702400</SimpleData>
            <SimpleData name="Shape_Area">7699.54350920000</SimpleData>
          </SchemaData>
        </ExtendedData>
        <Polygon>
          <outerBoundaryIs>
            <LinearRing>
              <coordinates>
                -55.7128073841846,-26.5686858286171,0
                -55.7125739990095,-26.5690465001493,0
                -55.7134968994052,-26.5696739996756,0
                -55.7138827999731,-26.569209200834,0
                -55.7129173909928,-26.5685399806413,0
                -55.7128073841846,-26.5686858286171,0
              </coordinates>
            </LinearRing>
          </outerBoundaryIs>
        </Polygon>
      </Placemark>
      <Placemark id="Lote_A.160">
        <ExtendedData>
          <SchemaData schemaUrl="#Lote_A.schema">
            <SimpleData name="Cédula">8310255.00000000000</SimpleData>
            <SimpleData name="Nombres_y_">MARIANA GALEANO DUARTE</SimpleData>
            <SimpleData name="Sexo">Mujer</SimpleData>
            <SimpleData name="Cambio_de_">NO</SimpleData>
            <SimpleData name="Titular_se">NO</SimpleData>
            <SimpleData name="ci_UNIF">8310255.00000000000</SimpleData>
            <SimpleData name="Situación">NO</SimpleData>
            <SimpleData name="Comunidad">Ind?gena</SimpleData>
            <SimpleData name="Modelo_imp">Modelo 4</SimpleData>
            <SimpleData name="Departamen">CAAZAPA</SimpleData>
            <SimpleData name="Distrito">TAVA?</SimpleData>
            <SimpleData name="Localidad">COM INDIG VIJU</SimpleData>
            <SimpleData name="Teléfono">0982036521</SimpleData>
            <SimpleData name="Vivienda_L">-26.11595960000</SimpleData>
            <SimpleData name="Vivienda_1">-55.50853760000</SimpleData>
            <SimpleData name="Superficie">0.70000000000</SimpleData>
            <SimpleData name="Situaci_1">Par?metro</SimpleData>
            <SimpleData name="Plantado">NO</SimpleData>
            <SimpleData name="Jornales">0.00000000000</SimpleData>
            <SimpleData name="Monto">0.00000000000</SimpleData>
            <SimpleData name="Grupo_de_p">A-GN-XX-XX-XX</SimpleData>
            <SimpleData name="Estado_del">Activo</SimpleData>
            <SimpleData name="Empresa">Red Forestal Paraguay SA</SimpleData>
            <SimpleData name="Lote">A</SimpleData>
            <SimpleData name="Parametro">0.00000000000</SimpleData>
            <SimpleData name="Sup_SIG">0.79350430179</SimpleData>
            <SimpleData name="X">-55.50913440000</SimpleData>
            <SimpleData name="Y">-26.11534066000</SimpleData>
            <SimpleData name="cedula">8310255</SimpleData>
            <SimpleData name="Cédula_1">8310255.00000000000</SimpleData>
            <SimpleData name="Estado_d_1">Activo</SimpleData>
            <SimpleData name="OBJECTID_1">5238</SimpleData>
            <SimpleData name="Shape_Leng">378.26308040600</SimpleData>
            <SimpleData name="Shape_Area">7935.04301785000</SimpleData>
          </SchemaData>
        </ExtendedData>
        <Polygon>
          <outerBoundaryIs>
            <LinearRing>
              <coordinates>
                -55.5087599989746,-26.114848299986,0
                -55.5088818002254,-26.1159513001723,0
                -55.5095466989266,-26.1158250008578,0
                -55.5093315997777,-26.114688800561,0
                -55.5087599989746,-26.114848299986,0
              </coordinates>
            </LinearRing>
          </outerBoundaryIs>
        </Polygon>
      </Placemark>
      <Placemark id="Lote_A.161">
        <ExtendedData>
          <SchemaData schemaUrl="#Lote_A.schema">
            <SimpleData name="Cédula">2668268.00000000000</SimpleData>
            <SimpleData name="Nombres_y_">CARMEN SANCHEZ DE DIAZ</SimpleData>
            <SimpleData name="Sexo">Mujer</SimpleData>
            <SimpleData name="Cambio_de_">NO</SimpleData>
            <SimpleData name="Titular_se">NO</SimpleData>
            <SimpleData name="ci_UNIF">2668268.00000000000</SimpleData>
            <SimpleData name="Situación">NO</SimpleData>
            <SimpleData name="Comunidad">Campesina</SimpleData>
            <SimpleData name="Modelo_imp">Modelo 5</SimpleData>
            <SimpleData name="Departamen">ITAPUA</SimpleData>
            <SimpleData name="Distrito">ALTO VERA</SimpleData>
            <SimpleData name="Localidad">SAN ROQUE GONZALEZ</SimpleData>
            <SimpleData name="Teléfono">0985430027</SimpleData>
            <SimpleData name="Vivienda_L">-26.69594050000</SimpleData>
            <SimpleData name="Vivienda_1">-55.84108450000</SimpleData>
            <SimpleData name="Superficie">0.70000000000</SimpleData>
            <SimpleData name="Situaci_1">Parametro</SimpleData>
            <SimpleData name="Plantado">SI</SimpleData>
            <SimpleData name="Fecha_Plan">2026/01/21</SimpleData>
            <SimpleData name="Jornales">0.00000000000</SimpleData>
            <SimpleData name="Monto">0.00000000000</SimpleData>
            <SimpleData name="Grupo_de_p">A-GN-XX-XX-XX</SimpleData>
            <SimpleData name="Estado_del">Activo</SimpleData>
            <SimpleData name="Empresa">Red Forestal Paraguay SA</SimpleData>
            <SimpleData name="Lote">A</SimpleData>
            <SimpleData name="Parametro">0.00000000000</SimpleData>
            <SimpleData name="Sup_SIG">0.75197641103</SimpleData>
            <SimpleData name="X">-55.83007891000</SimpleData>
            <SimpleData name="Y">-26.68734801000</SimpleData>
            <SimpleData name="cedula">2668268</SimpleData>
            <SimpleData name="Cédula_1">2668268.00000000000</SimpleData>
            <SimpleData name="Estado_d_1">Activo</SimpleData>
            <SimpleData name="OBJECTID_1">8557</SimpleData>
            <SimpleData name="Shape_Leng">359.17357756300</SimpleData>
            <SimpleData name="Shape_Area">7519.76411032000</SimpleData>
          </SchemaData>
        </ExtendedData>
        <Polygon>
          <outerBoundaryIs>
            <LinearRing>
              <coordinates>
                -55.8300387389534,-26.6878746107676,0
                -55.8300649994694,-26.6878550001405,0
                -55.8300673454842,-26.6878579246359,0
                -55.8305736890716,-26.6875625690662,0
                -55.8307232997111,-26.6874753000395,0
                -55.8307221772873,-26.6874739032142,0
                -55.8303551003456,-26.6870169996813,0
                -55.8302084997989,-26.6870850998904,0
                -55.8299830003006,-26.6868341000954,0
                -55.8294504999072,-26.6871755996994,0
                -55.8300330993413,-26.6878779000964,0
                -55.8300387389534,-26.6878746107676,0
              </coordinates>
            </LinearRing>
          </outerBoundaryIs>
        </Polygon>
      </Placemark>
      <Placemark id="Lote_A.162">
        <ExtendedData>
          <SchemaData schemaUrl="#Lote_A.schema">
            <SimpleData name="Cédula">4162216.00000000000</SimpleData>
            <SimpleData name="Nombres_y_">ESTELVINA RAQUEL BENITEZ MOREL</SimpleData>
            <SimpleData name="Sexo">Mujer</SimpleData>
            <SimpleData name="Cambio_de_">NO</SimpleData>
            <SimpleData name="Titular_se">NO</SimpleData>
            <SimpleData name="ci_UNIF">4162216.00000000000</SimpleData>
            <SimpleData name="Situación">NO</SimpleData>
            <SimpleData name="Comunidad">Campesina</SimpleData>
            <SimpleData name="Modelo_imp">Modelo 5</SimpleData>
            <SimpleData name="Departamen">ITAPUA</SimpleData>
            <SimpleData name="Distrito">ALTO VERA</SimpleData>
            <SimpleData name="Localidad">SAN ROQUE GONZALEZ</SimpleData>
            <SimpleData name="Teléfono">0983562247</SimpleData>
            <SimpleData name="Vivienda_L">-26.70023730000</SimpleData>
            <SimpleData name="Vivienda_1">-55.83946800000</SimpleData>
            <SimpleData name="Superficie">0.70000000000</SimpleData>
            <SimpleData name="Situaci_1">Parametro</SimpleData>
            <SimpleData name="Plantado">SI</SimpleData>
            <SimpleData name="Fecha_Plan">2026/01/21</SimpleData>
            <SimpleData name="Jornales">0.00000000000</SimpleData>
            <SimpleData name="Monto">0.00000000000</SimpleData>
            <SimpleData name="Grupo_de_p">A-GN-XX-XX-XX</SimpleData>
            <SimpleData name="Estado_del">Activo</SimpleData>
            <SimpleData name="Empresa">Red Forestal Paraguay SA</SimpleData>
            <SimpleData name="Lote">A</SimpleData>
            <SimpleData name="Parametro">0.00000000000</SimpleData>
            <SimpleData name="Sup_SIG">0.71468480947</SimpleData>
            <SimpleData name="X">-55.83020552000</SimpleData>
            <SimpleData name="Y">-26.68847456000</SimpleData>
            <SimpleData name="cedula">4162216</SimpleData>
            <SimpleData name="Cédula_1">4162216.00000000000</SimpleData>
            <SimpleData name="Estado_d_1">Activo</SimpleData>
            <SimpleData name="OBJECTID_1">8556</SimpleData>
            <SimpleData name="Shape_Leng">365.05695342700</SimpleData>
            <SimpleData name="Shape_Area">7146.84809473000</SimpleData>
          </SchemaData>
        </ExtendedData>
        <Polygon>
          <outerBoundaryIs>
            <LinearRing>
              <coordinates>
                -55.8300387389534,-26.6878746107676,0
                -55.8296076995822,-26.6881965004365,0
                -55.8303882992261,-26.6891100005057,0
                -55.8307840008055,-26.6887515995779,0
                -55.8300673454842,-26.6878579246359,0
                -55.8300649994694,-26.6878550001405,0
                -55.8300387389534,-26.6878746107676,0
              </coordinates>
            </LinearRing>
          </outerBoundaryIs>
        </Polygon>
      </Placemark>
      <Placemark id="Lote_A.163">
        <ExtendedData>
          <SchemaData schemaUrl="#Lote_A.schema">
            <SimpleData name="Cédula">4162225.00000000000</SimpleData>
            <SimpleData name="Nombres_y_">GRACIELA SERVIN AMARILLA</SimpleData>
            <SimpleData name="Sexo">Mujer</SimpleData>
            <SimpleData name="Cambio_de_">NO</SimpleData>
            <SimpleData name="Titular_se">NO</SimpleData>
            <SimpleData name="ci_UNIF">4162225.00000000000</SimpleData>
            <SimpleData name="Situación">NO</SimpleData>
            <SimpleData name="Comunidad">Campesina</SimpleData>
            <SimpleData name="Modelo_imp">Modelo 5</SimpleData>
            <SimpleData name="Departamen">ITAPUA</SimpleData>
            <SimpleData name="Distrito">ALTO VERA</SimpleData>
            <SimpleData name="Localidad">TARUMA</SimpleData>
            <SimpleData name="Teléfono">0985998685</SimpleData>
            <SimpleData name="Vivienda_L">-26.73342330000</SimpleData>
            <SimpleData name="Vivienda_1">-55.82842230000</SimpleData>
            <SimpleData name="Superficie">0.70000000000</SimpleData>
            <SimpleData name="Situaci_1">Par?metro</SimpleData>
            <SimpleData name="Plantado">SI</SimpleData>
            <SimpleData name="Fecha_Plan">2026/01/16</SimpleData>
            <SimpleData name="Jornales">0.00000000000</SimpleData>
            <SimpleData name="Monto">0.00000000000</SimpleData>
            <SimpleData name="Grupo_de_p">A-GN-XX-XX-XX</SimpleData>
            <SimpleData name="Estado_del">Activo</SimpleData>
            <SimpleData name="Empresa">Red Forestal Paraguay SA</SimpleData>
            <SimpleData name="Lote">A</SimpleData>
            <SimpleData name="Parametro">0.00000000000</SimpleData>
            <SimpleData name="Sup_SIG">0.74745465631</SimpleData>
            <SimpleData name="X">-55.82656889000</SimpleData>
            <SimpleData name="Y">-26.73766989000</SimpleData>
            <SimpleData name="cedula">4162225</SimpleData>
            <SimpleData name="Cédula_1">4162225.00000000000</SimpleData>
            <SimpleData name="Estado_d_1">Activo</SimpleData>
            <SimpleData name="OBJECTID_1">8478</SimpleData>
            <SimpleData name="Shape_Leng">425.39071278800</SimpleData>
            <SimpleData name="Shape_Area">7474.54656307000</SimpleData>
          </SchemaData>
        </ExtendedData>
        <Polygon>
          <outerBoundaryIs>
            <LinearRing>
              <coordinates>
                -55.8268354965254,-26.7369322138437,0
                -55.826315599609,-26.7376880001575,0
                -55.8262541999605,-26.7376603002721,0
                -55.8259282999422,-26.738231699843,0
                -55.8262504005529,-26.7383470998296,0
                -55.8264843002219,-26.7382277002021,0
                -55.8272133000329,-26.7370716999306,0
                -55.8268354965254,-26.7369322138437,0
              </coordinates>
            </LinearRing>
          </outerBoundaryIs>
        </Polygon>
      </Placemark>
      <Placemark id="Lote_A.164">
        <ExtendedData>
          <SchemaData schemaUrl="#Lote_A.schema">
            <SimpleData name="Cédula">4506163.00000000000</SimpleData>
            <SimpleData name="Nombres_y_">STELA MARIS ALMADA PALACIOS</SimpleData>
            <SimpleData name="Sexo">Mujer</SimpleData>
            <SimpleData name="Cambio_de_">NO</SimpleData>
            <SimpleData name="Titular_se">NO</SimpleData>
            <SimpleData name="ci_UNIF">4506163.00000000000</SimpleData>
            <SimpleData name="Situación">NO</SimpleData>
            <SimpleData name="Comunidad">Campesina</SimpleData>
            <SimpleData name="Modelo_imp">Modelo 5</SimpleData>
            <SimpleData name="Departamen">CAAZAPA</SimpleData>
            <SimpleData name="Distrito">TAVA?</SimpleData>
            <SimpleData name="Localidad">GUASU CUA</SimpleData>
            <SimpleData name="Teléfono">0984759831</SimpleData>
            <SimpleData name="Vivienda_L">-26.30509310000</SimpleData>
            <SimpleData name="Vivienda_1">-55.71336820000</SimpleData>
            <SimpleData name="Superficie">0.70000000000</SimpleData>
            <SimpleData name="Situaci_1">Par?metro</SimpleData>
            <SimpleData name="Plantado">NO</SimpleData>
            <SimpleData name="Jornales">0.00000000000</SimpleData>
            <SimpleData name="Monto">0.00000000000</SimpleData>
            <SimpleData name="Grupo_de_p">A-GN-XX-XX-XX</SimpleData>
            <SimpleData name="Estado_del">Activo</SimpleData>
            <SimpleData name="Empresa">Red Forestal Paraguay SA</SimpleData>
            <SimpleData name="Lote">A</SimpleData>
            <SimpleData name="Parametro">0.00000000000</SimpleData>
            <SimpleData name="Sup_SIG">0.79635021097</SimpleData>
            <SimpleData name="X">-55.70847027000</SimpleData>
            <SimpleData name="Y">-26.30920872000</SimpleData>
            <SimpleData name="cedula">4506163</SimpleData>
            <SimpleData name="Cédula_1">4506163.00000000000</SimpleData>
            <SimpleData name="Estado_d_1">Activo</SimpleData>
            <SimpleData name="OBJECTID_1">5228</SimpleData>
            <SimpleData name="Shape_Leng">357.70401080900</SimpleData>
            <SimpleData name="Shape_Area">7963.50210968000</SimpleData>
          </SchemaData>
        </ExtendedData>
        <Polygon>
          <outerBoundaryIs>
            <LinearRing>
              <coordinates>
                -55.7078979996039,-26.3090450005223,0
                -55.7082748002163,-26.3097631995963,0
                -55.709087699374,-26.3093727001127,0
                -55.7085799995678,-26.3086367000586,0
                -55.7078979996039,-26.3090450005223,0
              </coordinates>
            </LinearRing>
          </outerBoundaryIs>
        </Polygon>
      </Placemark>
      <Placemark id="Lote_A.165">
        <ExtendedData>
          <SchemaData schemaUrl="#Lote_A.schema">
            <SimpleData name="Cédula">5141211.00000000000</SimpleData>
            <SimpleData name="Nombres_y_">MIRNA ESTELA CHAMORRO SANCHEZ</SimpleData>
            <SimpleData name="Sexo">Mujer</SimpleData>
            <SimpleData name="Cambio_de_">NO</SimpleData>
            <SimpleData name="Titular_se">NO</SimpleData>
            <SimpleData name="ci_UNIF">5141211.00000000000</SimpleData>
            <SimpleData name="Situación">NO</SimpleData>
            <SimpleData name="Comunidad">Campesina</SimpleData>
            <SimpleData name="Modelo_imp">Modelo 6</SimpleData>
            <SimpleData name="Departamen">ITAPUA</SimpleData>
            <SimpleData name="Distrito">ALTO VERA</SimpleData>
            <SimpleData name="Localidad">PONCHO</SimpleData>
            <SimpleData name="Teléfono">0984789295</SimpleData>
            <SimpleData name="Vivienda_L">-26.67665960000</SimpleData>
            <SimpleData name="Vivienda_1">-55.75291260000</SimpleData>
            <SimpleData name="Superficie">0.90000000000</SimpleData>
            <SimpleData name="Situaci_1">Par?metro</SimpleData>
            <SimpleData name="Plantado">SI</SimpleData>
            <SimpleData name="Fecha_Plan">2026/06/06</SimpleData>
            <SimpleData name="Jornales">0.00000000000</SimpleData>
            <SimpleData name="Monto">0.00000000000</SimpleData>
            <SimpleData name="Grupo_de_p">A-GN-XX-XX-XX</SimpleData>
            <SimpleData name="Estado_del">Activo</SimpleData>
            <SimpleData name="Empresa">Red Forestal Paraguay SA</SimpleData>
            <SimpleData name="Lote">A</SimpleData>
            <SimpleData name="Parametro">0.00000000000</SimpleData>
            <SimpleData name="Sup_SIG">0.92926474190</SimpleData>
            <SimpleData name="X">-55.75401354000</SimpleData>
            <SimpleData name="Y">-26.67592119000</SimpleData>
            <SimpleData name="cedula">5141211</SimpleData>
            <SimpleData name="Cédula_1">5141211.00000000000</SimpleData>
            <SimpleData name="Estado_d_1">Activo</SimpleData>
            <SimpleData name="OBJECTID_1">8481</SimpleData>
            <SimpleData name="Shape_Leng">380.46171612500</SimpleData>
            <SimpleData name="Shape_Area">9292.64741896000</SimpleData>
          </SchemaData>
        </ExtendedData>
        <Polygon>
          <outerBoundaryIs>
            <LinearRing>
              <coordinates>
                -55.7533743003619,-26.6761174995492,0
                -55.7541709996426,-26.6765232001118,0
                -55.7546324998708,-26.6757987999902,0
                -55.7545280001861,-26.6756534003672,0
                -55.753838100073,-26.6753195995368,0
                -55.7533743003619,-26.6761174995492,0
              </coordinates>
            </LinearRing>
          </outerBoundaryIs>
        </Polygon>
      </Placemark>
      <Placemark id="Lote_A.166">
        <ExtendedData>
          <SchemaData schemaUrl="#Lote_A.schema">
            <SimpleData name="Cédula">5887042.00000000000</SimpleData>
            <SimpleData name="Nombres_y_">ESTELA LUJAN DE OCAMPO</SimpleData>
            <SimpleData name="Sexo">Mujer</SimpleData>
            <SimpleData name="Cambio_de_">NO</SimpleData>
            <SimpleData name="Titular_se">NO</SimpleData>
            <SimpleData name="ci_UNIF">5887042.00000000000</SimpleData>
            <SimpleData name="Situación">NO</SimpleData>
            <SimpleData name="Comunidad">Campesina</SimpleData>
            <SimpleData name="Modelo_imp">Modelo 6</SimpleData>
            <SimpleData name="Departamen">ITAPUA</SimpleData>
            <SimpleData name="Distrito">ALTO VERA</SimpleData>
            <SimpleData name="Localidad">PONCHO</SimpleData>
            <SimpleData name="Teléfono">0984271148</SimpleData>
            <SimpleData name="Vivienda_L">-26.68015430000</SimpleData>
            <SimpleData name="Vivienda_1">-55.75746870000</SimpleData>
            <SimpleData name="Superficie">0.90000000000</SimpleData>
            <SimpleData name="Situaci_1">Par?metro</SimpleData>
            <SimpleData name="Plantado">SI</SimpleData>
            <SimpleData name="Fecha_Plan">2026/06/06</SimpleData>
            <SimpleData name="Jornales">0.00000000000</SimpleData>
            <SimpleData name="Monto">0.00000000000</SimpleData>
            <SimpleData name="Grupo_de_p">A-GN-XX-XX-XX</SimpleData>
            <SimpleData name="Estado_del">Activo</SimpleData>
            <SimpleData name="Empresa">Red Forestal Paraguay SA</SimpleData>
            <SimpleData name="Lote">A</SimpleData>
            <SimpleData name="Parametro">0.00000000000</SimpleData>
            <SimpleData name="Sup_SIG">0.91881285547</SimpleData>
            <SimpleData name="X">-55.75503609000</SimpleData>
            <SimpleData name="Y">-26.68468232000</SimpleData>
            <SimpleData name="cedula">5887042</SimpleData>
            <SimpleData name="Cédula_1">5887042.00000000000</SimpleData>
            <SimpleData name="Estado_d_1">Activo</SimpleData>
            <SimpleData name="OBJECTID_1">8476</SimpleData>
            <SimpleData name="Shape_Leng">458.90441298600</SimpleData>
            <SimpleData name="Shape_Area">9188.12855469000</SimpleData>
          </SchemaData>
        </ExtendedData>
        <Polygon>
          <outerBoundaryIs>
            <LinearRing>
              <coordinates>
                -55.7545963998824,-26.6853157998577,0
                -55.7550180997628,-26.6854623007421,0
                -55.7556283000394,-26.6843999996525,0
                -55.7548082996885,-26.6839844999412,0
                -55.7545477999829,-26.6842062004214,0
                -55.7545214999901,-26.6843078006003,0
                -55.7549166998159,-26.6844999996021,0
                -55.7545963998824,-26.6853157998577,0
              </coordinates>
            </LinearRing>
          </outerBoundaryIs>
        </Polygon>
      </Placemark>
      <Placemark id="Lote_A.167">
        <ExtendedData>
          <SchemaData schemaUrl="#Lote_A.schema">
            <SimpleData name="Cédula">6106928.00000000000</SimpleData>
            <SimpleData name="Nombres_y_">MONICA ANTONIA AVALOS ARGUELLO</SimpleData>
            <SimpleData name="Sexo">Mujer</SimpleData>
            <SimpleData name="Cambio_de_">NO</SimpleData>
            <SimpleData name="Titular_se">NO</SimpleData>
            <SimpleData name="ci_UNIF">6106928.00000000000</SimpleData>
            <SimpleData name="Situación">NO</SimpleData>
            <SimpleData name="Comunidad">Campesina</SimpleData>
            <SimpleData name="Modelo_imp">Modelo 5</SimpleData>
            <SimpleData name="Departamen">ITAPUA</SimpleData>
            <SimpleData name="Distrito">ALTO VERA</SimpleData>
            <SimpleData name="Localidad">TARUMA</SimpleData>
            <SimpleData name="Teléfono">0983994759</SimpleData>
            <SimpleData name="Vivienda_L">-26.70805680000</SimpleData>
            <SimpleData name="Vivienda_1">-55.83776440000</SimpleData>
            <SimpleData name="Superficie">0.90000000000</SimpleData>
            <SimpleData name="Situaci_1">Par?metro</SimpleData>
            <SimpleData name="Plantado">SI</SimpleData>
            <SimpleData name="Fecha_Plan">2026/01/15</SimpleData>
            <SimpleData name="Jornales">0.00000000000</SimpleData>
            <SimpleData name="Monto">0.00000000000</SimpleData>
            <SimpleData name="Grupo_de_p">A-GN-XX-XX-XX</SimpleData>
            <SimpleData name="Estado_del">Activo</SimpleData>
            <SimpleData name="Empresa">Red Forestal Paraguay SA</SimpleData>
            <SimpleData name="Lote">A</SimpleData>
            <SimpleData name="Parametro">0.00000000000</SimpleData>
            <SimpleData name="Sup_SIG">0.77641000822</SimpleData>
            <SimpleData name="X">-55.83127236000</SimpleData>
            <SimpleData name="Y">-26.68750698000</SimpleData>
            <SimpleData name="cedula">6106928</SimpleData>
            <SimpleData name="Cédula_1">6106928.00000000000</SimpleData>
            <SimpleData name="Estado_d_1">Activo</SimpleData>
            <SimpleData name="OBJECTID_1">8484</SimpleData>
            <SimpleData name="Shape_Leng">368.32011394100</SimpleData>
            <SimpleData name="Shape_Area">7764.10008221000</SimpleData>
          </SchemaData>
        </ExtendedData>
        <Polygon>
          <outerBoundaryIs>
            <LinearRing>
              <coordinates>
                -55.8307221772873,-26.6874739032142,0
                -55.8307232997111,-26.6874753000395,0
                -55.8305736890716,-26.6875625690662,0
                -55.83094689971,-26.6880210004243,0
                -55.8319776998771,-26.687478899771,0
                -55.8315600000079,-26.6869816995145,0
                -55.8307221772873,-26.6874739032142,0
              </coordinates>
            </LinearRing>
          </outerBoundaryIs>
        </Polygon>
      </Placemark>
      <Placemark id="Lote_A.168">
        <ExtendedData>
          <SchemaData schemaUrl="#Lote_A.schema">
            <SimpleData name="Cédula">6774312.00000000000</SimpleData>
            <SimpleData name="Nombres_y_">DELROSARIA BENITEZ FERNANDEZ</SimpleData>
            <SimpleData name="Sexo">Mujer</SimpleData>
            <SimpleData name="Cambio_de_">NO</SimpleData>
            <SimpleData name="Titular_se">NO</SimpleData>
            <SimpleData name="ci_UNIF">6774312.00000000000</SimpleData>
            <SimpleData name="Situación">NO</SimpleData>
            <SimpleData name="Comunidad">Ind?gena</SimpleData>
            <SimpleData name="Modelo_imp">Modelo 4</SimpleData>
            <SimpleData name="Departamen">CAAZAPA</SimpleData>
            <SimpleData name="Distrito">TAVA?</SimpleData>
            <SimpleData name="Localidad">COM INDIG TUNA ARROYO GUASU</SimpleData>
            <SimpleData name="Teléfono">ND</SimpleData>
            <SimpleData name="Vivienda_L">-26.10583000000</SimpleData>
            <SimpleData name="Vivienda_1">-55.46105500000</SimpleData>
            <SimpleData name="Superficie">0.70000000000</SimpleData>
            <SimpleData name="Situaci_1">Par?metro</SimpleData>
            <SimpleData name="Plantado">NO</SimpleData>
            <SimpleData name="Jornales">0.00000000000</SimpleData>
            <SimpleData name="Monto">0.00000000000</SimpleData>
            <SimpleData name="Grupo_de_p">A-GN-XX-XX-XX</SimpleData>
            <SimpleData name="Estado_del">Activo</SimpleData>
            <SimpleData name="Empresa">Red Forestal Paraguay SA</SimpleData>
            <SimpleData name="Lote">A</SimpleData>
            <SimpleData name="Parametro">0.00000000000</SimpleData>
            <SimpleData name="Sup_SIG">0.74795672612</SimpleData>
            <SimpleData name="X">-55.45623984000</SimpleData>
            <SimpleData name="Y">-26.10869943000</SimpleData>
            <SimpleData name="cedula">6774312</SimpleData>
            <SimpleData name="Cédula_1">6774312.00000000000</SimpleData>
            <SimpleData name="Estado_d_1">Activo</SimpleData>
            <SimpleData name="OBJECTID_1">5236</SimpleData>
            <SimpleData name="Shape_Leng">350.32621824000</SimpleData>
            <SimpleData name="Shape_Area">7479.56726123000</SimpleData>
          </SchemaData>
        </ExtendedData>
        <Polygon>
          <outerBoundaryIs>
            <LinearRing>
              <coordinates>
                -55.4556033002599,-26.1085466996478,0
                -55.4560267005634,-26.1092233000569,0
                -55.4568467004173,-26.1087700000676,0
                -55.4565699997668,-26.108235000293,0
                -55.4556033002599,-26.1085466996478,0
              </coordinates>
            </LinearRing>
          </outerBoundaryIs>
        </Polygon>
      </Placemark>
      <Placemark id="Lote_A.169">
        <ExtendedData>
          <SchemaData schemaUrl="#Lote_A.schema">
            <SimpleData name="Cédula">6778663.00000000000</SimpleData>
            <SimpleData name="Nombres_y_">ROSANA  BENITEZ FERNANDEZ</SimpleData>
            <SimpleData name="Sexo">Mujer</SimpleData>
            <SimpleData name="Cambio_de_">NO</SimpleData>
            <SimpleData name="Titular_se">NO</SimpleData>
            <SimpleData name="ci_UNIF">6778663.00000000000</SimpleData>
            <SimpleData name="Situación">NO</SimpleData>
            <SimpleData name="Comunidad">Ind?gena</SimpleData>
            <SimpleData name="Modelo_imp">Modelo 4</SimpleData>
            <SimpleData name="Departamen">CAAZAPA</SimpleData>
            <SimpleData name="Distrito">TAVA?</SimpleData>
            <SimpleData name="Localidad">COM INDIG TUNA ARROYO GUASU</SimpleData>
            <SimpleData name="Teléfono">0</SimpleData>
            <SimpleData name="Vivienda_L">-26.10726000000</SimpleData>
            <SimpleData name="Vivienda_1">-55.45595670000</SimpleData>
            <SimpleData name="Superficie">0.70000000000</SimpleData>
            <SimpleData name="Situaci_1">Parametro</SimpleData>
            <SimpleData name="Plantado">NO</SimpleData>
            <SimpleData name="Jornales">0.00000000000</SimpleData>
            <SimpleData name="Monto">0.00000000000</SimpleData>
            <SimpleData name="Grupo_de_p">A-GN-XX-XX-XX</SimpleData>
            <SimpleData name="Estado_del">Activo</SimpleData>
            <SimpleData name="Empresa">Red Forestal Paraguay SA</SimpleData>
            <SimpleData name="Lote">A</SimpleData>
            <SimpleData name="Parametro">0.00000000000</SimpleData>
            <SimpleData name="Sup_SIG">0.73435453293</SimpleData>
            <SimpleData name="X">-55.45660621000</SimpleData>
            <SimpleData name="Y">-26.10937761000</SimpleData>
            <SimpleData name="cedula">6778663</SimpleData>
            <SimpleData name="Cédula_1">6778663.00000000000</SimpleData>
            <SimpleData name="Estado_d_1">Activo</SimpleData>
            <SimpleData name="OBJECTID_1">6307</SimpleData>
            <SimpleData name="Shape_Leng">344.59841177100</SimpleData>
            <SimpleData name="Shape_Area">7343.54532931000</SimpleData>
          </SchemaData>
        </ExtendedData>
        <Polygon>
          <outerBoundaryIs>
            <LinearRing>
              <coordinates>
                -55.4560166999736,-26.1092750002269,0
                -55.4563999999589,-26.1099117001606,0
                -55.4571716995866,-26.1094850005436,0
                -55.4568550005308,-26.1088466998135,0
                -55.4560166999736,-26.1092750002269,0
              </coordinates>
            </LinearRing>
          </outerBoundaryIs>
        </Polygon>
      </Placemark>
      <Placemark id="Lote_A.170">
        <ExtendedData>
          <SchemaData schemaUrl="#Lote_A.schema">
            <SimpleData name="Cédula">7513977.00000000000</SimpleData>
            <SimpleData name="Nombres_y_">AIDA LETICIA  RAMIREZ</SimpleData>
            <SimpleData name="Sexo">Mujer</SimpleData>
            <SimpleData name="Cambio_de_">NO</SimpleData>
            <SimpleData name="Titular_se">NO</SimpleData>
            <SimpleData name="ci_UNIF">7513977.00000000000</SimpleData>
            <SimpleData name="Situación">NO</SimpleData>
            <SimpleData name="Comunidad">Campesina</SimpleData>
            <SimpleData name="Modelo_imp">Modelo 5</SimpleData>
            <SimpleData name="Departamen">CAAZAPA</SimpleData>
            <SimpleData name="Distrito">TAVA?</SimpleData>
            <SimpleData name="Localidad">ENRAMADITA</SimpleData>
            <SimpleData name="Teléfono">986778356</SimpleData>
            <SimpleData name="Vivienda_L">-26.17522350000</SimpleData>
            <SimpleData name="Vivienda_1">-55.69807050000</SimpleData>
            <SimpleData name="Superficie">0.70000000000</SimpleData>
            <SimpleData name="Situaci_1">Par?metro</SimpleData>
            <SimpleData name="Plantado">NO</SimpleData>
            <SimpleData name="Jornales">0.00000000000</SimpleData>
            <SimpleData name="Monto">0.00000000000</SimpleData>
            <SimpleData name="Grupo_de_p">A-GN-XX-XX-XX</SimpleData>
            <SimpleData name="Estado_del">Activo</SimpleData>
            <SimpleData name="Empresa">Red Forestal Paraguay SA</SimpleData>
            <SimpleData name="Lote">A</SimpleData>
            <SimpleData name="Parametro">0.00000000000</SimpleData>
            <SimpleData name="Sup_SIG">0.71545614190</SimpleData>
            <SimpleData name="X">-55.73602112000</SimpleData>
            <SimpleData name="Y">-26.29854562000</SimpleData>
            <SimpleData name="cedula">7513977</SimpleData>
            <SimpleData name="Cédula_1">7513977.00000000000</SimpleData>
            <SimpleData name="Estado_d_1">Activo</SimpleData>
            <SimpleData name="OBJECTID_1">6276</SimpleData>
            <SimpleData name="Shape_Leng">347.78943189500</SimpleData>
            <SimpleData name="Shape_Area">7154.56141895000</SimpleData>
          </SchemaData>
        </ExtendedData>
        <Polygon>
          <outerBoundaryIs>
            <LinearRing>
              <coordinates>
                -55.7354449999581,-26.2987466999525,0
                -55.7356750005681,-26.2990450001897,0
                -55.7358305004344,-26.2989899998257,0
                -55.7366619003965,-26.2984870002903,0
                -55.7366749999744,-26.2984245000579,0
                -55.7363100000683,-26.2980364000734,0
                -55.7354033998104,-26.2985832001371,0
                -55.7354449999581,-26.2987466999525,0
              </coordinates>
            </LinearRing>
          </outerBoundaryIs>
        </Polygon>
      </Placemark>
      <Placemark id="Lote_A.171">
        <ExtendedData>
          <SchemaData schemaUrl="#Lote_A.schema">
            <SimpleData name="Cédula">3310559.00000000000</SimpleData>
            <SimpleData name="Nombres_y_">ANA MARIA DOMINGUEZ DE MOLINAS</SimpleData>
            <SimpleData name="Sexo">Mujer</SimpleData>
            <SimpleData name="Cambio_de_">NO</SimpleData>
            <SimpleData name="Titular_se">NO</SimpleData>
            <SimpleData name="ci_UNIF">3310559.00000000000</SimpleData>
            <SimpleData name="Situación">NO</SimpleData>
            <SimpleData name="Comunidad">Campesina</SimpleData>
            <SimpleData name="Modelo_imp">Modelo 5</SimpleData>
            <SimpleData name="Departamen">ITAPUA</SimpleData>
            <SimpleData name="Distrito">ALTO VERA</SimpleData>
            <SimpleData name="Localidad">TARUMA</SimpleData>
            <SimpleData name="Teléfono">0983714092</SimpleData>
            <SimpleData name="Vivienda_L">-26.73234120000</SimpleData>
            <SimpleData name="Vivienda_1">-55.82490710000</SimpleData>
            <SimpleData name="Superficie">0.70000000000</SimpleData>
            <SimpleData name="Situaci_1">Par?metro</SimpleData>
            <SimpleData name="Plantado">SI</SimpleData>
            <SimpleData name="Fecha_Plan">2026/01/16</SimpleData>
            <SimpleData name="Jornales">0.00000000000</SimpleData>
            <SimpleData name="Monto">0.00000000000</SimpleData>
            <SimpleData name="Grupo_de_p">A-GN-XX-XX-XX</SimpleData>
            <SimpleData name="Estado_del">Activo</SimpleData>
            <SimpleData name="Empresa">Red Forestal Paraguay SA</SimpleData>
            <SimpleData name="Lote">A</SimpleData>
            <SimpleData name="Parametro">0.00000000000</SimpleData>
            <SimpleData name="Sup_SIG">0.74569335728</SimpleData>
            <SimpleData name="X">-55.82254295000</SimpleData>
            <SimpleData name="Y">-26.73654288000</SimpleData>
            <SimpleData name="cedula">3310559</SimpleData>
            <SimpleData name="Cédula_1">3310559.00000000000</SimpleData>
            <SimpleData name="Estado_d_1">Activo</SimpleData>
            <SimpleData name="OBJECTID_1">8450</SimpleData>
            <SimpleData name="Shape_Leng">366.97463502800</SimpleData>
            <SimpleData name="Shape_Area">7456.93357281000</SimpleData>
          </SchemaData>
        </ExtendedData>
        <Polygon>
          <outerBoundaryIs>
            <LinearRing>
              <coordinates>
                -55.8217850001854,-26.7368033003954,0
                -55.8228756000948,-26.7369208997473,0
                -55.8231732000804,-26.7361834997368,0
                -55.822336299422,-26.7361865996877,0
                -55.8217850001854,-26.7368033003954,0
              </coordinates>
            </LinearRing>
          </outerBoundaryIs>
        </Polygon>
      </Placemark>
      <Placemark id="Lote_A.172">
        <ExtendedData>
          <SchemaData schemaUrl="#Lote_A.schema">
            <SimpleData name="Cédula">4077894.00000000000</SimpleData>
            <SimpleData name="Nombres_y_">MARIA ESTELA ARCE</SimpleData>
            <SimpleData name="Sexo">Mujer</SimpleData>
            <SimpleData name="Cambio_de_">NO</SimpleData>
            <SimpleData name="Titular_se">NO</SimpleData>
            <SimpleData name="ci_UNIF">4077894.00000000000</SimpleData>
            <SimpleData name="Situación">NO</SimpleData>
            <SimpleData name="Comunidad">Campesina</SimpleData>
            <SimpleData name="Modelo_imp">Modelo 6</SimpleData>
            <SimpleData name="Departamen">ITAPUA</SimpleData>
            <SimpleData name="Distrito">ALTO VERA</SimpleData>
            <SimpleData name="Localidad">TARUMA</SimpleData>
            <SimpleData name="Teléfono">0985684269</SimpleData>
            <SimpleData name="Vivienda_L">-26.71776720000</SimpleData>
            <SimpleData name="Vivienda_1">-55.84357110000</SimpleData>
            <SimpleData name="Superficie">0.90000000000</SimpleData>
            <SimpleData name="Situaci_1">Par?metro</SimpleData>
            <SimpleData name="Plantado">SI</SimpleData>
            <SimpleData name="Fecha_Plan">2026/05/23</SimpleData>
            <SimpleData name="Jornales">0.00000000000</SimpleData>
            <SimpleData name="Monto">0.00000000000</SimpleData>
            <SimpleData name="Grupo_de_p">A-GN-XX-XX-XX</SimpleData>
            <SimpleData name="Estado_del">Activo</SimpleData>
            <SimpleData name="Empresa">Red Forestal Paraguay SA</SimpleData>
            <SimpleData name="Lote">A</SimpleData>
            <SimpleData name="Parametro">0.00000000000</SimpleData>
            <SimpleData name="Sup_SIG">0.90719258650</SimpleData>
            <SimpleData name="X">-55.83348851000</SimpleData>
            <SimpleData name="Y">-26.72874261000</SimpleData>
            <SimpleData name="cedula">4077894</SimpleData>
            <SimpleData name="Cédula_1">4077894.00000000000</SimpleData>
            <SimpleData name="Estado_d_1">Activo</SimpleData>
            <SimpleData name="OBJECTID_1">8471</SimpleData>
            <SimpleData name="Shape_Leng">388.36539413500</SimpleData>
            <SimpleData name="Shape_Area">9071.92586495000</SimpleData>
          </SchemaData>
        </ExtendedData>
        <Polygon>
          <outerBoundaryIs>
            <LinearRing>
              <coordinates>
                -55.8328477987529,-26.7290150999891,0
                -55.8335426390194,-26.7293682295703,0
                -55.8341213969177,-26.7284630745968,0
                -55.8334489120923,-26.7281159230953,0
                -55.8328477987529,-26.7290150999891,0
              </coordinates>
            </LinearRing>
          </outerBoundaryIs>
        </Polygon>
      </Placemark>
      <Placemark id="Lote_A.173">
        <ExtendedData>
          <SchemaData schemaUrl="#Lote_A.schema">
            <SimpleData name="Cédula">4883018.00000000000</SimpleData>
            <SimpleData name="Nombres_y_">CRISTINA SOSA</SimpleData>
            <SimpleData name="Sexo">Mujer</SimpleData>
            <SimpleData name="Cambio_de_">NO</SimpleData>
            <SimpleData name="Titular_se">NO</SimpleData>
            <SimpleData name="ci_UNIF">4883018.00000000000</SimpleData>
            <SimpleData name="Situación">NO</SimpleData>
            <SimpleData name="Comunidad">Ind?gena</SimpleData>
            <SimpleData name="Modelo_imp">Modelo 5</SimpleData>
            <SimpleData name="Departamen">ITAPUA</SimpleData>
            <SimpleData name="Distrito">ALTO VERA</SimpleData>
            <SimpleData name="Localidad">COM INDIG MBOI KAE</SimpleData>
            <SimpleData name="Teléfono">ND</SimpleData>
            <SimpleData name="Vivienda_L">-26.68950180000</SimpleData>
            <SimpleData name="Vivienda_1">-55.63132420000</SimpleData>
            <SimpleData name="Superficie">0.70000000000</SimpleData>
            <SimpleData name="Situaci_1">Par?metro</SimpleData>
            <SimpleData name="Plantado">NO</SimpleData>
            <SimpleData name="Jornales">0.00000000000</SimpleData>
            <SimpleData name="Monto">0.00000000000</SimpleData>
            <SimpleData name="Grupo_de_p">A-GN-XX-XX-XX</SimpleData>
            <SimpleData name="Estado_del">Activo</SimpleData>
            <SimpleData name="Empresa">Red Forestal Paraguay SA</SimpleData>
            <SimpleData name="Lote">A</SimpleData>
            <SimpleData name="Parametro">0.00000000000</SimpleData>
            <SimpleData name="Sup_SIG">0.70752717338</SimpleData>
            <SimpleData name="X">-55.63158537000</SimpleData>
            <SimpleData name="Y">-26.68945318000</SimpleData>
            <SimpleData name="cedula">4883018</SimpleData>
            <SimpleData name="Cédula_1">4883018.00000000000</SimpleData>
            <SimpleData name="Estado_d_1">Activo</SimpleData>
            <SimpleData name="OBJECTID_1">8488</SimpleData>
            <SimpleData name="Shape_Leng">336.61114586600</SimpleData>
            <SimpleData name="Shape_Area">7075.27173381000</SimpleData>
          </SchemaData>
        </ExtendedData>
        <Polygon>
          <outerBoundaryIs>
            <LinearRing>
              <coordinates>
                -55.6310749995641,-26.6892017000008,0
                -55.6312771003533,-26.6899254999638,0
                -55.6321032998672,-26.6897083005303,0
                -55.6318785997073,-26.6889735005434,0
                -55.6310749995641,-26.6892017000008,0
              </coordinates>
            </LinearRing>
          </outerBoundaryIs>
        </Polygon>
      </Placemark>
      <Placemark id="Lote_A.174">
        <ExtendedData>
          <SchemaData schemaUrl="#Lote_A.schema">
            <SimpleData name="Cédula">6607020.00000000000</SimpleData>
            <SimpleData name="Nombres_y_">NINFA RAQUEL DELVALLE</SimpleData>
            <SimpleData name="Sexo">Mujer</SimpleData>
            <SimpleData name="Cambio_de_">NO</SimpleData>
            <SimpleData name="Titular_se">NO</SimpleData>
            <SimpleData name="ci_UNIF">6607020.00000000000</SimpleData>
            <SimpleData name="Situación">NO</SimpleData>
            <SimpleData name="Comunidad">Campesina</SimpleData>
            <SimpleData name="Modelo_imp">Modelo 5</SimpleData>
            <SimpleData name="Departamen">ITAPUA</SimpleData>
            <SimpleData name="Distrito">ALTO VERA</SimpleData>
            <SimpleData name="Localidad">TARUMA</SimpleData>
            <SimpleData name="Teléfono">0983953276</SimpleData>
            <SimpleData name="Vivienda_L">-26.70574470000</SimpleData>
            <SimpleData name="Vivienda_1">-55.83869320000</SimpleData>
            <SimpleData name="Superficie">0.70000000000</SimpleData>
            <SimpleData name="Situaci_1">Par?metro</SimpleData>
            <SimpleData name="Plantado">SI</SimpleData>
            <SimpleData name="Fecha_Plan">2026/06/01</SimpleData>
            <SimpleData name="Jornales">0.00000000000</SimpleData>
            <SimpleData name="Monto">0.00000000000</SimpleData>
            <SimpleData name="Grupo_de_p">A-GN-XX-XX-XX</SimpleData>
            <SimpleData name="Estado_del">Activo</SimpleData>
            <SimpleData name="Empresa">Red Forestal Paraguay SA</SimpleData>
            <SimpleData name="Lote">A</SimpleData>
            <SimpleData name="Parametro">0.00000000000</SimpleData>
            <SimpleData name="Sup_SIG">0.69925908193</SimpleData>
            <SimpleData name="X">-55.86250119000</SimpleData>
            <SimpleData name="Y">-26.72598586000</SimpleData>
            <SimpleData name="cedula">6607020</SimpleData>
            <SimpleData name="Cédula_1">6607020.00000000000</SimpleData>
            <SimpleData name="Estado_d_1">Activo</SimpleData>
            <SimpleData name="OBJECTID_1">8483</SimpleData>
            <SimpleData name="Shape_Leng">530.26553819700</SimpleData>
            <SimpleData name="Shape_Area">6992.59081925000</SimpleData>
          </SchemaData>
        </ExtendedData>
        <MultiGeometry>
          <Polygon>
            <outerBoundaryIs>
              <LinearRing>
                <coordinates>
                  -55.8623242997801,-26.726862600964,0
                  -55.8624816005587,-26.7268354011342,0
                  -55.861821200257,-26.7261849005885,0
                  -55.8617600000018,-26.7263264008909,0
                  -55.8623242997801,-26.726862600964,0
                </coordinates>
              </LinearRing>
            </outerBoundaryIs>
          </Polygon>
          <Polygon>
            <outerBoundaryIs>
              <LinearRing>
                <coordinates>
                  -55.8624338002283,-26.7262167002934,0
                  -55.8632975009381,-26.725925100618,0
                  -55.8631816009156,-26.725737900535,0
                  -55.8626424006127,-26.7256413009769,0
                  -55.8624900005893,-26.7255116998902,0
                  -55.8620137999202,-26.7256633001108,0
                  -55.8621620004078,-26.7260216010358,0
                  -55.8624338002283,-26.7262167002934,0
                </coordinates>
              </LinearRing>
            </outerBoundaryIs>
          </Polygon>
        </MultiGeometry>
      </Placemark>
      <Placemark id="Lote_A.175">
        <ExtendedData>
          <SchemaData schemaUrl="#Lote_A.schema">
            <SimpleData name="Cédula">6663795.00000000000</SimpleData>
            <SimpleData name="Nombres_y_">MARTA FATIMA VERA DUARTE</SimpleData>
            <SimpleData name="Sexo">Mujer</SimpleData>
            <SimpleData name="Cambio_de_">NO</SimpleData>
            <SimpleData name="Titular_se">NO</SimpleData>
            <SimpleData name="ci_UNIF">6663795.00000000000</SimpleData>
            <SimpleData name="Situación">NO</SimpleData>
            <SimpleData name="Comunidad">Ind?gena</SimpleData>
            <SimpleData name="Modelo_imp">Modelo 6</SimpleData>
            <SimpleData name="Departamen">ITAPUA</SimpleData>
            <SimpleData name="Distrito">ALTO VERA</SimpleData>
            <SimpleData name="Localidad">COM INDIG KOEJU</SimpleData>
            <SimpleData name="Teléfono">ND</SimpleData>
            <SimpleData name="Vivienda_L">-26.72433230000</SimpleData>
            <SimpleData name="Vivienda_1">-55.83709810000</SimpleData>
            <SimpleData name="Superficie">0.90000000000</SimpleData>
            <SimpleData name="Situaci_1">Par?metro</SimpleData>
            <SimpleData name="Plantado">SI</SimpleData>
            <SimpleData name="Fecha_Plan">2026/05/21</SimpleData>
            <SimpleData name="Jornales">0.00000000000</SimpleData>
            <SimpleData name="Monto">0.00000000000</SimpleData>
            <SimpleData name="Grupo_de_p">A-GN-XX-XX-XX</SimpleData>
            <SimpleData name="Estado_del">Activo</SimpleData>
            <SimpleData name="Empresa">Red Forestal Paraguay SA</SimpleData>
            <SimpleData name="Lote">A</SimpleData>
            <SimpleData name="Parametro">0.00000000000</SimpleData>
            <SimpleData name="Sup_SIG">0.96387991260</SimpleData>
            <SimpleData name="X">-55.83844233000</SimpleData>
            <SimpleData name="Y">-26.72546688000</SimpleData>
            <SimpleData name="cedula">6663795</SimpleData>
            <SimpleData name="Cédula_1">6663795.00000000000</SimpleData>
            <SimpleData name="Estado_d_1">Activo</SimpleData>
            <SimpleData name="OBJECTID_1">8495</SimpleData>
            <SimpleData name="Shape_Leng">407.94197164200</SimpleData>
            <SimpleData name="Shape_Area">9638.79912597000</SimpleData>
          </SchemaData>
        </ExtendedData>
        <Polygon>
          <outerBoundaryIs>
            <LinearRing>
              <coordinates>
                -55.8384801439127,-26.7259768955135,0
                -55.8386584995444,-26.7260815998627,0
                -55.8386978522374,-26.7260464625011,0
                -55.8391018999954,-26.7253228005375,0
                -55.8382975999896,-26.7248692997935,0
                -55.8379425006481,-26.7253324000691,0
                -55.8376381000884,-26.7254652000295,0
                -55.8384801439127,-26.7259768955135,0
              </coordinates>
            </LinearRing>
          </outerBoundaryIs>
        </Polygon>
      </Placemark>
      <Placemark id="Lote_A.176">
        <ExtendedData>
          <SchemaData schemaUrl="#Lote_A.schema">
            <SimpleData name="Cédula">6852736.00000000000</SimpleData>
            <SimpleData name="Nombres_y_">ALCIDES CESAR DUARTE SANGER</SimpleData>
            <SimpleData name="Sexo">Hombre</SimpleData>
            <SimpleData name="Cambio_de_">NO</SimpleData>
            <SimpleData name="Titular_se">NO</SimpleData>
            <SimpleData name="ci_UNIF">6852736.00000000000</SimpleData>
            <SimpleData name="Situación">NO</SimpleData>
            <SimpleData name="Comunidad">Ind?gena</SimpleData>
            <SimpleData name="Modelo_imp">Modelo 6</SimpleData>
            <SimpleData name="Departamen">ITAPUA</SimpleData>
            <SimpleData name="Distrito">ALTO VERA</SimpleData>
            <SimpleData name="Localidad">COM INDIG KOEJU</SimpleData>
            <SimpleData name="Teléfono">0982509551</SimpleData>
            <SimpleData name="Vivienda_L">-26.72345960000</SimpleData>
            <SimpleData name="Vivienda_1">-55.83762970000</SimpleData>
            <SimpleData name="Superficie">0.90000000000</SimpleData>
            <SimpleData name="Situaci_1">Par?metro</SimpleData>
            <SimpleData name="Plantado">SI</SimpleData>
            <SimpleData name="Fecha_Plan">2026/05/25</SimpleData>
            <SimpleData name="Jornales">0.00000000000</SimpleData>
            <SimpleData name="Monto">0.00000000000</SimpleData>
            <SimpleData name="Grupo_de_p">A-GN-XX-XX-XX</SimpleData>
            <SimpleData name="Estado_del">Activo</SimpleData>
            <SimpleData name="Empresa">Red Forestal Paraguay SA</SimpleData>
            <SimpleData name="Lote">A</SimpleData>
            <SimpleData name="Parametro">0.00000000000</SimpleData>
            <SimpleData name="Sup_SIG">0.90936231322</SimpleData>
            <SimpleData name="X">-55.84034483000</SimpleData>
            <SimpleData name="Y">-26.72339985000</SimpleData>
            <SimpleData name="cedula">6852736</SimpleData>
            <SimpleData name="Cédula_1">6852736.00000000000</SimpleData>
            <SimpleData name="Estado_d_1">Activo</SimpleData>
            <SimpleData name="OBJECTID_1">8496</SimpleData>
            <SimpleData name="Shape_Leng">700.83840189600</SimpleData>
            <SimpleData name="Shape_Area">9093.62313215000</SimpleData>
          </SchemaData>
        </ExtendedData>
        <MultiGeometry>
          <Polygon>
            <outerBoundaryIs>
              <LinearRing>
                <coordinates>
                  -55.8424016993828,-26.7261117000318,0
                  -55.8432557998196,-26.7259653003638,0
                  -55.8434267000831,-26.725581800779,0
                  -55.8431595997878,-26.725358400114,0
                  -55.8424016993828,-26.7261117000318,0
                </coordinates>
              </LinearRing>
            </outerBoundaryIs>
          </Polygon>
          <Polygon>
            <outerBoundaryIs>
              <LinearRing>
                <coordinates>
                  -55.839389142198,-26.7231364078169,0
                  -55.8394117004892,-26.7231310998251,0
                  -55.8401393364732,-26.7234649669465,0
                  -55.8410466007349,-26.7238615997235,0
                  -55.8411868998125,-26.7235778000676,0
                  -55.8395933000626,-26.7229550005177,0
                  -55.839389142198,-26.7231364078169,0
                </coordinates>
              </LinearRing>
            </outerBoundaryIs>
          </Polygon>
        </MultiGeometry>
      </Placemark>
      <Placemark id="Lote_A.177">
        <ExtendedData>
          <SchemaData schemaUrl="#Lote_A.schema">
            <SimpleData name="Cédula">7737199.00000000000</SimpleData>
            <SimpleData name="Nombres_y_">GRACIELA ARRUA CABRERA</SimpleData>
            <SimpleData name="Sexo">Mujer</SimpleData>
            <SimpleData name="Cambio_de_">NO</SimpleData>
            <SimpleData name="Titular_se">NO</SimpleData>
            <SimpleData name="ci_UNIF">7737199.00000000000</SimpleData>
            <SimpleData name="Situación">NO</SimpleData>
            <SimpleData name="Comunidad">Campesina</SimpleData>
            <SimpleData name="Modelo_imp">Modelo 1</SimpleData>
            <SimpleData name="Departamen">CAAZAPA</SimpleData>
            <SimpleData name="Distrito">TAVA?</SimpleData>
            <SimpleData name="Localidad">TORO BLANCO</SimpleData>
            <SimpleData name="Teléfono">0982432039</SimpleData>
            <SimpleData name="Vivienda_L">-26.23721190000</SimpleData>
            <SimpleData name="Vivienda_1">-55.68224830000</SimpleData>
            <SimpleData name="Superficie">0.80000000000</SimpleData>
            <SimpleData name="Situaci_1">Par?metro</SimpleData>
            <SimpleData name="Plantado">SI</SimpleData>
            <SimpleData name="Fecha_Plan">2025/09/24</SimpleData>
            <SimpleData name="Jornales">0.00000000000</SimpleData>
            <SimpleData name="Monto">0.00000000000</SimpleData>
            <SimpleData name="Grupo_de_p">A-GN-XX-XX-XX</SimpleData>
            <SimpleData name="Estado_del">Activo</SimpleData>
            <SimpleData name="Empresa">Red Forestal Paraguay SA</SimpleData>
            <SimpleData name="Lote">A</SimpleData>
            <SimpleData name="Parametro">0.00000000000</SimpleData>
            <SimpleData name="Sup_SIG">1.00642761677</SimpleData>
            <SimpleData name="X">-55.67156767000</SimpleData>
            <SimpleData name="Y">-26.23866515000</SimpleData>
            <SimpleData name="cedula">7737199</SimpleData>
            <SimpleData name="Cédula_1">7737199.00000000000</SimpleData>
            <SimpleData name="Estado_d_1">Activo</SimpleData>
            <SimpleData name="OBJECTID_1">8640</SimpleData>
            <SimpleData name="Shape_Leng">401.25044425200</SimpleData>
            <SimpleData name="Shape_Area">10064.27616770000</SimpleData>
          </SchemaData>
        </ExtendedData>
        <Polygon>
          <outerBoundaryIs>
            <LinearRing>
              <coordinates>
                -55.6709921005228,-26.2383229997483,0
                -55.6709533999377,-26.2390535003007,0
                -55.6716339995135,-26.2390491999722,0
                -55.6716719995245,-26.2390967997174,0
                -55.6721619999612,-26.2389896996412,0
                -55.6721339005965,-26.2383264000969,0
                -55.672082999468,-26.2382249000915,0
                -55.6709921005228,-26.2383229997483,0
              </coordinates>
            </LinearRing>
          </outerBoundaryIs>
        </Polygon>
      </Placemark>
      <Placemark id="Lote_A.178">
        <ExtendedData>
          <SchemaData schemaUrl="#Lote_A.schema">
            <SimpleData name="Cédula">6970507.00000000000</SimpleData>
            <SimpleData name="Nombres_y_">ALBERTO ORVINA PENAYO</SimpleData>
            <SimpleData name="Sexo">Hombre</SimpleData>
            <SimpleData name="Cambio_de_">NO</SimpleData>
            <SimpleData name="Titular_se">NO</SimpleData>
            <SimpleData name="ci_UNIF">6970507.00000000000</SimpleData>
            <SimpleData name="Situación">NO</SimpleData>
            <SimpleData name="Comunidad">Ind?gena</SimpleData>
            <SimpleData name="Modelo_imp">Modelo 1</SimpleData>
            <SimpleData name="Departamen">CAAZAPA</SimpleData>
            <SimpleData name="Distrito">TAVA?</SimpleData>
            <SimpleData name="Localidad"><![CDATA[COM INDIG KA'AGUY PA'U]]></SimpleData>
            <SimpleData name="Teléfono">ND</SimpleData>
            <SimpleData name="Vivienda_L">-26.27799490000</SimpleData>
            <SimpleData name="Vivienda_1">-55.71818160000</SimpleData>
            <SimpleData name="Superficie">0.80000000000</SimpleData>
            <SimpleData name="Situaci_1">Par?metro</SimpleData>
            <SimpleData name="Plantado">SI</SimpleData>
            <SimpleData name="Fecha_Plan">2025/11/14</SimpleData>
            <SimpleData name="Jornales">0.00000000000</SimpleData>
            <SimpleData name="Monto">0.00000000000</SimpleData>
            <SimpleData name="Grupo_de_p">A-GN-XX-XX-XX</SimpleData>
            <SimpleData name="Estado_del">Activo</SimpleData>
            <SimpleData name="Empresa">Red Forestal Paraguay SA</SimpleData>
            <SimpleData name="Lote">A</SimpleData>
            <SimpleData name="Parametro">0.00000000000</SimpleData>
            <SimpleData name="Sup_SIG">0.86127522232</SimpleData>
            <SimpleData name="X">-55.71554415000</SimpleData>
            <SimpleData name="Y">-26.28256011000</SimpleData>
            <SimpleData name="cedula">6970507</SimpleData>
            <SimpleData name="Cédula_1">6970507.00000000000</SimpleData>
            <SimpleData name="Estado_d_1">Activo</SimpleData>
            <SimpleData name="OBJECTID_1">8651</SimpleData>
            <SimpleData name="Shape_Leng">480.43884443300</SimpleData>
            <SimpleData name="Shape_Area">8612.75222317000</SimpleData>
          </SchemaData>
        </ExtendedData>
        <Polygon>
          <outerBoundaryIs>
            <LinearRing>
              <coordinates>
                -55.7148466993017,-26.2832766995079,0
                -55.7149752996535,-26.2834615001186,0
                -55.7157047992029,-26.2828628992317,0
                -55.7158651001149,-26.2828066999961,0
                -55.7159946997621,-26.2826666995455,0
                -55.716023199348,-26.2824799000341,0
                -55.7158467002656,-26.281845000083,0
                -55.7157766989903,-26.2817699991526,0
                -55.7151900000121,-26.2822900002253,0
                -55.7153711000938,-26.2827814988141,0
                -55.7152916989284,-26.2829153990657,0
                -55.7148466993017,-26.2832766995079,0
              </coordinates>
            </LinearRing>
          </outerBoundaryIs>
        </Polygon>
      </Placemark>
      <Placemark id="Lote_A.179">
        <ExtendedData>
          <SchemaData schemaUrl="#Lote_A.schema">
            <SimpleData name="Cédula">7441957.00000000000</SimpleData>
            <SimpleData name="Nombres_y_">MARIANO ROQUE BENITEZ ACOSTA</SimpleData>
            <SimpleData name="Sexo">Hombre</SimpleData>
            <SimpleData name="Cambio_de_">NO</SimpleData>
            <SimpleData name="Titular_se">NO</SimpleData>
            <SimpleData name="ci_UNIF">7441957.00000000000</SimpleData>
            <SimpleData name="Situación">NO</SimpleData>
            <SimpleData name="Comunidad">Ind?gena</SimpleData>
            <SimpleData name="Modelo_imp">Modelo 1</SimpleData>
            <SimpleData name="Departamen">CAAZAPA</SimpleData>
            <SimpleData name="Distrito">TAVA?</SimpleData>
            <SimpleData name="Localidad"><![CDATA[COM INDIG KA'AGUY PA'U]]></SimpleData>
            <SimpleData name="Teléfono">0984493756</SimpleData>
            <SimpleData name="Vivienda_L">-26.27892200000</SimpleData>
            <SimpleData name="Vivienda_1">-55.71824380000</SimpleData>
            <SimpleData name="Superficie">0.80000000000</SimpleData>
            <SimpleData name="Situaci_1">Pol?gono</SimpleData>
            <SimpleData name="Plantado">SI</SimpleData>
            <SimpleData name="Fecha_Plan">2025/11/14</SimpleData>
            <SimpleData name="Jornales">0.00000000000</SimpleData>
            <SimpleData name="Monto">0.00000000000</SimpleData>
            <SimpleData name="Grupo_de_p">A-GN-XX-XX-XX</SimpleData>
            <SimpleData name="Estado_del">Activo</SimpleData>
            <SimpleData name="Empresa">Red Forestal Paraguay SA</SimpleData>
            <SimpleData name="Lote">A</SimpleData>
            <SimpleData name="Parametro">0.00000000000</SimpleData>
            <SimpleData name="Sup_SIG">1.02399844756</SimpleData>
            <SimpleData name="X">-55.71846196000</SimpleData>
            <SimpleData name="Y">-26.27948044000</SimpleData>
            <SimpleData name="cedula">7441957</SimpleData>
            <SimpleData name="Cédula_1">7441957.00000000000</SimpleData>
            <SimpleData name="Estado_d_1">Activo</SimpleData>
            <SimpleData name="OBJECTID_1">8415</SimpleData>
            <SimpleData name="Shape_Leng">593.84835747600</SimpleData>
            <SimpleData name="Shape_Area">10239.98447560000</SimpleData>
          </SchemaData>
        </ExtendedData>
        <MultiGeometry>
          <Polygon>
            <outerBoundaryIs>
              <LinearRing>
                <coordinates>
                  -55.7177149998968,-26.2811550000122,0
                  -55.7182680005281,-26.2811110994984,0
                  -55.7182750000911,-26.2809997991796,0
                  -55.7183149998964,-26.2806982992112,0
                  -55.7175182999825,-26.2807066996699,0
                  -55.7174583002796,-26.2808332993497,0
                  -55.7175123993074,-26.2809976992167,0
                  -55.7177149998968,-26.2811550000122,0
                </coordinates>
              </LinearRing>
            </outerBoundaryIs>
          </Polygon>
          <Polygon>
            <outerBoundaryIs>
              <LinearRing>
                <coordinates>
                  -55.7183400001132,-26.2790516991114,0
                  -55.7180682996759,-26.279036700037,0
                  -55.7180196999504,-26.2791099995666,0
                  -55.7182228005728,-26.2793096992619,0
                  -55.7180013998575,-26.2794430001755,0
                  -55.7180496994489,-26.2796014987474,0
                  -55.7184016994898,-26.2799316998385,0
                  -55.7187449995066,-26.2799566997128,0
                  -55.7188232999588,-26.2799116992182,0
                  -55.7188649997845,-26.2795166990175,0
                  -55.7187233002579,-26.2793999995414,0
                  -55.7188399996841,-26.2792932996131,0
                  -55.718555000336,-26.278991699453,0
                  -55.7183400001132,-26.2790516991114,0
                </coordinates>
              </LinearRing>
            </outerBoundaryIs>
          </Polygon>
        </MultiGeometry>
      </Placemark>
      <Placemark id="Lote_A.180">
        <ExtendedData>
          <SchemaData schemaUrl="#Lote_A.schema">
            <SimpleData name="Cédula">3293639.00000000000</SimpleData>
            <SimpleData name="Nombres_y_">NILSA RAMIRES ALVARES</SimpleData>
            <SimpleData name="Sexo">Mujer</SimpleData>
            <SimpleData name="Cambio_de_">NO</SimpleData>
            <SimpleData name="Titular_se">NO</SimpleData>
            <SimpleData name="ci_UNIF">3293639.00000000000</SimpleData>
            <SimpleData name="Situación">NO</SimpleData>
            <SimpleData name="Comunidad">Campesina</SimpleData>
            <SimpleData name="Modelo_imp">Modelo 6</SimpleData>
            <SimpleData name="Departamen">CAAZAPA</SimpleData>
            <SimpleData name="Distrito">TAVA?</SimpleData>
            <SimpleData name="Localidad">ENRAMADITA</SimpleData>
            <SimpleData name="Teléfono">0982889041</SimpleData>
            <SimpleData name="Vivienda_L">-26.17380590000</SimpleData>
            <SimpleData name="Vivienda_1">-55.69246340000</SimpleData>
            <SimpleData name="Superficie">0.90000000000</SimpleData>
            <SimpleData name="Situaci_1">Pol?gono</SimpleData>
            <SimpleData name="Plantado">SI</SimpleData>
            <SimpleData name="Fecha_Plan">2025/10/31</SimpleData>
            <SimpleData name="Jornales">0.00000000000</SimpleData>
            <SimpleData name="Monto">0.00000000000</SimpleData>
            <SimpleData name="Grupo_de_p">A-GN-XX-XX-XX</SimpleData>
            <SimpleData name="Estado_del">Activo</SimpleData>
            <SimpleData name="Empresa">Red Forestal Paraguay SA</SimpleData>
            <SimpleData name="Lote">A</SimpleData>
            <SimpleData name="Parametro">0.00000000000</SimpleData>
            <SimpleData name="Sup_SIG">1.05527253394</SimpleData>
            <SimpleData name="X">-55.67850995000</SimpleData>
            <SimpleData name="Y">-26.20643985000</SimpleData>
            <SimpleData name="cedula">3293639</SimpleData>
            <SimpleData name="Cédula_1">3293639.00000000000</SimpleData>
            <SimpleData name="Estado_d_1">Activo</SimpleData>
            <SimpleData name="OBJECTID_1">8614</SimpleData>
            <SimpleData name="Shape_Leng">420.76470013500</SimpleData>
            <SimpleData name="Shape_Area">10552.72533940000</SimpleData>
          </SchemaData>
        </ExtendedData>
        <Polygon>
          <outerBoundaryIs>
            <LinearRing>
              <coordinates>
                -55.6780081003571,-26.2059483001532,0
                -55.6781416997017,-26.2069701001657,0
                -55.6781850005437,-26.2070833001112,0
                -55.6787616998813,-26.2069033004068,0
                -55.6789631997338,-26.2067817001252,0
                -55.6791582998643,-26.2064333002216,0
                -55.6791848996988,-26.2064019000481,0
                -55.6789667003302,-26.2061983003402,0
                -55.6788317006894,-26.2062317001412,0
                -55.6788117000492,-26.2061750003053,0
                -55.678792800041,-26.2060514004126,0
                -55.6784116994777,-26.2058216996875,0
                -55.678254999632,-26.2057966997037,0
                -55.6781332999485,-26.2059482999728,0
                -55.6780081003571,-26.2059483001532,0
              </coordinates>
            </LinearRing>
          </outerBoundaryIs>
        </Polygon>
      </Placemark>
      <Placemark id="Lote_A.181">
        <ExtendedData>
          <SchemaData schemaUrl="#Lote_A.schema">
            <SimpleData name="Cédula">3311000.00000000000</SimpleData>
            <SimpleData name="Nombres_y_">ELIDA FERNANDEZ DE GIMENEZ</SimpleData>
            <SimpleData name="Sexo">Mujer</SimpleData>
            <SimpleData name="Cambio_de_">NO</SimpleData>
            <SimpleData name="Titular_se">NO</SimpleData>
            <SimpleData name="ci_UNIF">3311000.00000000000</SimpleData>
            <SimpleData name="Situación">NO</SimpleData>
            <SimpleData name="Comunidad">Campesina</SimpleData>
            <SimpleData name="Modelo_imp">Modelo 1</SimpleData>
            <SimpleData name="Departamen">CAAZAPA</SimpleData>
            <SimpleData name="Distrito">TAVA?</SimpleData>
            <SimpleData name="Localidad">TORO BLANCO</SimpleData>
            <SimpleData name="Teléfono">0986300769</SimpleData>
            <SimpleData name="Vivienda_L">-26.20335170000</SimpleData>
            <SimpleData name="Vivienda_1">-55.65644840000</SimpleData>
            <SimpleData name="Superficie">0.70000000000</SimpleData>
            <SimpleData name="Situaci_1">Par?metro</SimpleData>
            <SimpleData name="Plantado">NO</SimpleData>
            <SimpleData name="Jornales">0.00000000000</SimpleData>
            <SimpleData name="Monto">0.00000000000</SimpleData>
            <SimpleData name="Grupo_de_p">A-GN-XX-XX-XX</SimpleData>
            <SimpleData name="Estado_del">Activo</SimpleData>
            <SimpleData name="Empresa">Red Forestal Paraguay SA</SimpleData>
            <SimpleData name="Lote">A</SimpleData>
            <SimpleData name="Parametro">0.00000000000</SimpleData>
            <SimpleData name="Sup_SIG">0.84392177726</SimpleData>
            <SimpleData name="X">-55.65589435000</SimpleData>
            <SimpleData name="Y">-26.20361780000</SimpleData>
            <SimpleData name="cedula">3311000</SimpleData>
            <SimpleData name="Cédula_1">3311000.00000000000</SimpleData>
            <SimpleData name="Estado_d_1">Activo</SimpleData>
            <SimpleData name="OBJECTID_1">5223</SimpleData>
            <SimpleData name="Shape_Leng">546.65547192800</SimpleData>
            <SimpleData name="Shape_Area">8439.21777261000</SimpleData>
          </SchemaData>
        </ExtendedData>
        <MultiGeometry>
          <Polygon>
            <outerBoundaryIs>
              <LinearRing>
                <coordinates>
                  -55.6562867003817,-26.2039299997615,0
                  -55.6563482998812,-26.2036400002229,0
                  -55.6559832994374,-26.2034783001997,0
                  -55.6560160000018,-26.2032146003631,0
                  -55.6556082997673,-26.2032100006472,0
                  -55.6555582994992,-26.2039100001998,0
                  -55.6562867003817,-26.2039299997615,0
                </coordinates>
              </LinearRing>
            </outerBoundaryIs>
          </Polygon>
          <Polygon>
            <outerBoundaryIs>
              <LinearRing>
                <coordinates>
                  -55.6794333000601,-26.2005100006106,0
                  -55.6799216996393,-26.2004117006069,0
                  -55.6797599993302,-26.1997416999505,0
                  -55.6797283003978,-26.1997117000801,0
                  -55.6793066993961,-26.199823300147,0
                  -55.6792830001183,-26.1998651003782,0
                  -55.6794333000601,-26.2005100006106,0
                </coordinates>
              </LinearRing>
            </outerBoundaryIs>
          </Polygon>
        </MultiGeometry>
      </Placemark>
      <Placemark id="Lote_A.182">
        <ExtendedData>
          <SchemaData schemaUrl="#Lote_A.schema">
            <SimpleData name="Cédula">3326147.00000000000</SimpleData>
            <SimpleData name="Nombres_y_">DILMA LUCIA OJEDA RIVEROS</SimpleData>
            <SimpleData name="Sexo">Mujer</SimpleData>
            <SimpleData name="Cambio_de_">NO</SimpleData>
            <SimpleData name="Titular_se">NO</SimpleData>
            <SimpleData name="ci_UNIF">3326147.00000000000</SimpleData>
            <SimpleData name="Situación">NO</SimpleData>
            <SimpleData name="Comunidad">Campesina</SimpleData>
            <SimpleData name="Modelo_imp">Modelo 6</SimpleData>
            <SimpleData name="Departamen">ITAPUA</SimpleData>
            <SimpleData name="Distrito">ALTO VERA</SimpleData>
            <SimpleData name="Localidad">PONCHO</SimpleData>
            <SimpleData name="Teléfono">0984229157</SimpleData>
            <SimpleData name="Vivienda_L">-26.67734190000</SimpleData>
            <SimpleData name="Vivienda_1">-55.75435200000</SimpleData>
            <SimpleData name="Superficie">0.90000000000</SimpleData>
            <SimpleData name="Situaci_1">Par?metro</SimpleData>
            <SimpleData name="Plantado">SI</SimpleData>
            <SimpleData name="Fecha_Plan">2026/08/18</SimpleData>
            <SimpleData name="Jornales">0.00000000000</SimpleData>
            <SimpleData name="Monto">0.00000000000</SimpleData>
            <SimpleData name="Grupo_de_p">A-GN-XX-XX-XX</SimpleData>
            <SimpleData name="Estado_del">Activo</SimpleData>
            <SimpleData name="Empresa">Red Forestal Paraguay SA</SimpleData>
            <SimpleData name="Lote">A</SimpleData>
            <SimpleData name="Parametro">0.00000000000</SimpleData>
            <SimpleData name="Sup_SIG">0.93533233116</SimpleData>
            <SimpleData name="X">-55.76938115000</SimpleData>
            <SimpleData name="Y">-26.68385480000</SimpleData>
            <SimpleData name="cedula">3326147</SimpleData>
            <SimpleData name="Cédula_1">3326147.00000000000</SimpleData>
            <SimpleData name="Estado_d_1">Activo</SimpleData>
            <SimpleData name="OBJECTID_1">5084</SimpleData>
            <SimpleData name="Shape_Leng">469.90453719000</SimpleData>
            <SimpleData name="Shape_Area">9353.32331156000</SimpleData>
          </SchemaData>
        </ExtendedData>
        <Polygon>
          <outerBoundaryIs>
            <LinearRing>
              <coordinates>
                -55.7698587002639,-26.6830356001463,0
                -55.7695367007548,-26.6834516999158,0
                -55.7693356996999,-26.6833709997056,0
                -55.7687857993645,-26.68417480066,0
                -55.7688176002485,-26.6845839998541,0
                -55.7693301997551,-26.6844447998974,0
                -55.7701089003316,-26.6832135997827,0
                -55.7698587002639,-26.6830356001463,0
              </coordinates>
            </LinearRing>
          </outerBoundaryIs>
        </Polygon>
      </Placemark>
      <Placemark id="Lote_A.183">
        <ExtendedData>
          <SchemaData schemaUrl="#Lote_A.schema">
            <SimpleData name="Cédula">5915261.00000000000</SimpleData>
            <SimpleData name="Nombres_y_">IRMA BEATRIZ MARTINEZ CHILENO</SimpleData>
            <SimpleData name="Sexo">Mujer</SimpleData>
            <SimpleData name="Cambio_de_">NO</SimpleData>
            <SimpleData name="Titular_se">NO</SimpleData>
            <SimpleData name="ci_UNIF">5915261.00000000000</SimpleData>
            <SimpleData name="Situación">NO</SimpleData>
            <SimpleData name="Comunidad">Campesina</SimpleData>
            <SimpleData name="Modelo_imp">Modelo 6</SimpleData>
            <SimpleData name="Departamen">ITAPUA</SimpleData>
            <SimpleData name="Distrito">ALTO VERA</SimpleData>
            <SimpleData name="Localidad">SANTA LIBRADA</SimpleData>
            <SimpleData name="Teléfono">982539250</SimpleData>
            <SimpleData name="Vivienda_L">-26.66050210000</SimpleData>
            <SimpleData name="Vivienda_1">-55.82813870000</SimpleData>
            <SimpleData name="Superficie">0.90000000000</SimpleData>
            <SimpleData name="Situaci_1">Par?metro</SimpleData>
            <SimpleData name="Plantado">SI</SimpleData>
            <SimpleData name="Fecha_Plan">2026/08/19</SimpleData>
            <SimpleData name="Jornales">0.00000000000</SimpleData>
            <SimpleData name="Monto">0.00000000000</SimpleData>
            <SimpleData name="Grupo_de_p">A-GN-XX-XX-XX</SimpleData>
            <SimpleData name="Estado_del">Activo</SimpleData>
            <SimpleData name="Empresa">Red Forestal Paraguay SA</SimpleData>
            <SimpleData name="Lote">A</SimpleData>
            <SimpleData name="Parametro">0.00000000000</SimpleData>
            <SimpleData name="Sup_SIG">0.91321364822</SimpleData>
            <SimpleData name="X">-55.82949836000</SimpleData>
            <SimpleData name="Y">-26.66213204000</SimpleData>
            <SimpleData name="cedula">5915261</SimpleData>
            <SimpleData name="Cédula_1">5915261.00000000000</SimpleData>
            <SimpleData name="Estado_d_1">Activo</SimpleData>
            <SimpleData name="OBJECTID_1">6363</SimpleData>
            <SimpleData name="Shape_Leng">398.88993880800</SimpleData>
            <SimpleData name="Shape_Area">9132.13648224000</SimpleData>
          </SchemaData>
        </ExtendedData>
        <Polygon>
          <outerBoundaryIs>
            <LinearRing>
              <coordinates>
                -55.8289024998724,-26.6620376991672,0
                -55.8295555001831,-26.6627614001306,0
                -55.8301941000807,-26.6623549004249,0
                -55.829275500534,-26.661409999375,0
                -55.8289024998724,-26.6620376991672,0
              </coordinates>
            </LinearRing>
          </outerBoundaryIs>
        </Polygon>
      </Placemark>
      <Placemark id="Lote_A.184">
        <ExtendedData>
          <SchemaData schemaUrl="#Lote_A.schema">
            <SimpleData name="Cédula">6702259.00000000000</SimpleData>
            <SimpleData name="Nombres_y_">JESICA NOEMI ACOSTA VAZQUEZ</SimpleData>
            <SimpleData name="Sexo">Mujer</SimpleData>
            <SimpleData name="Cambio_de_">NO</SimpleData>
            <SimpleData name="Titular_se">NO</SimpleData>
            <SimpleData name="ci_UNIF">6702259.00000000000</SimpleData>
            <SimpleData name="Situación">NO</SimpleData>
            <SimpleData name="Comunidad">Campesina</SimpleData>
            <SimpleData name="Modelo_imp">Modelo 6</SimpleData>
            <SimpleData name="Departamen">ITAPUA</SimpleData>
            <SimpleData name="Distrito">ALTO VERA</SimpleData>
            <SimpleData name="Localidad">VIALIDAD 1RA A 6TA LINEA</SimpleData>
            <SimpleData name="Teléfono">0982388349</SimpleData>
            <SimpleData name="Vivienda_L">-26.69523150000</SimpleData>
            <SimpleData name="Vivienda_1">-55.80857980000</SimpleData>
            <SimpleData name="Superficie">0.90000000000</SimpleData>
            <SimpleData name="Situaci_1">Par?metro</SimpleData>
            <SimpleData name="Plantado">SI</SimpleData>
            <SimpleData name="Fecha_Plan">2026/08/19</SimpleData>
            <SimpleData name="Jornales">0.00000000000</SimpleData>
            <SimpleData name="Monto">0.00000000000</SimpleData>
            <SimpleData name="Grupo_de_p">A-GN-XX-XX-XX</SimpleData>
            <SimpleData name="Estado_del">Activo</SimpleData>
            <SimpleData name="Empresa">Red Forestal Paraguay SA</SimpleData>
            <SimpleData name="Lote">A</SimpleData>
            <SimpleData name="Parametro">0.00000000000</SimpleData>
            <SimpleData name="Sup_SIG">0.90210139916</SimpleData>
            <SimpleData name="X">-55.79583709000</SimpleData>
            <SimpleData name="Y">-26.69815215000</SimpleData>
            <SimpleData name="cedula">6702259</SimpleData>
            <SimpleData name="Cédula_1">6702259.00000000000</SimpleData>
            <SimpleData name="Estado_d_1">Activo</SimpleData>
            <SimpleData name="OBJECTID_1">5201</SimpleData>
            <SimpleData name="Shape_Leng">393.65347404700</SimpleData>
            <SimpleData name="Shape_Area">9021.01399155000</SimpleData>
          </SchemaData>
        </ExtendedData>
        <Polygon>
          <outerBoundaryIs>
            <LinearRing>
              <coordinates>
                -55.7951201998334,-26.6984875996451,0
                -55.7957631998665,-26.6987145000137,0
                -55.7959877000688,-26.6985373996099,0
                -55.7965208993928,-26.6979169003224,0
                -55.7959132996203,-26.6975166994102,0
                -55.7951201998334,-26.6984875996451,0
              </coordinates>
            </LinearRing>
          </outerBoundaryIs>
        </Polygon>
      </Placemark>
      <Placemark id="Lote_A.185">
        <ExtendedData>
          <SchemaData schemaUrl="#Lote_A.schema">
            <SimpleData name="Cédula">6873901.00000000000</SimpleData>
            <SimpleData name="Nombres_y_">LUCILA ESCOBAR</SimpleData>
            <SimpleData name="Sexo">Mujer</SimpleData>
            <SimpleData name="Cambio_de_">NO</SimpleData>
            <SimpleData name="Titular_se">NO</SimpleData>
            <SimpleData name="ci_UNIF">6873901.00000000000</SimpleData>
            <SimpleData name="Situación">NO</SimpleData>
            <SimpleData name="Comunidad">Campesina</SimpleData>
            <SimpleData name="Modelo_imp">Modelo 2</SimpleData>
            <SimpleData name="Departamen">ITAPUA</SimpleData>
            <SimpleData name="Distrito">ALTO VERA</SimpleData>
            <SimpleData name="Localidad">PONCHO</SimpleData>
            <SimpleData name="Teléfono">0986870200</SimpleData>
            <SimpleData name="Vivienda_L">-26.68497990000</SimpleData>
            <SimpleData name="Vivienda_1">-55.75678020000</SimpleData>
            <SimpleData name="Superficie">0.80000000000</SimpleData>
            <SimpleData name="Situaci_1">Par?metro</SimpleData>
            <SimpleData name="Plantado">SI</SimpleData>
            <SimpleData name="Fecha_Plan">2026/08/18</SimpleData>
            <SimpleData name="Jornales">0.00000000000</SimpleData>
            <SimpleData name="Monto">0.00000000000</SimpleData>
            <SimpleData name="Grupo_de_p">A-GN-XX-XX-XX</SimpleData>
            <SimpleData name="Estado_del">Activo</SimpleData>
            <SimpleData name="Empresa">Red Forestal Paraguay SA</SimpleData>
            <SimpleData name="Lote">A</SimpleData>
            <SimpleData name="Parametro">0.00000000000</SimpleData>
            <SimpleData name="Sup_SIG">0.82704489149</SimpleData>
            <SimpleData name="X">-55.75791598000</SimpleData>
            <SimpleData name="Y">-26.68188720000</SimpleData>
            <SimpleData name="cedula">6873901</SimpleData>
            <SimpleData name="Cédula_1">6873901.00000000000</SimpleData>
            <SimpleData name="Estado_d_1">Activo</SimpleData>
            <SimpleData name="OBJECTID_1">5191</SimpleData>
            <SimpleData name="Shape_Leng">395.70749138600</SimpleData>
            <SimpleData name="Shape_Area">8270.44891490000</SimpleData>
          </SchemaData>
        </ExtendedData>
        <Polygon>
          <outerBoundaryIs>
            <LinearRing>
              <coordinates>
                -55.7574593997462,-26.6823773005518,0
                -55.7577749001832,-26.6826046000207,0
                -55.7585249004235,-26.6816380993928,0
                -55.75786630001,-26.681248400391,0
                -55.7574550000414,-26.6818650000308,0
                -55.7576332997333,-26.6820866992007,0
                -55.7574593997462,-26.6823773005518,0
              </coordinates>
            </LinearRing>
          </outerBoundaryIs>
        </Polygon>
      </Placemark>
      <Placemark id="Lote_A.186">
        <ExtendedData>
          <SchemaData schemaUrl="#Lote_A.schema">
            <SimpleData name="Cédula">7263448.00000000000</SimpleData>
            <SimpleData name="Nombres_y_">GRACIELA BENITEZ BENITEZ</SimpleData>
            <SimpleData name="Sexo">Mujer</SimpleData>
            <SimpleData name="Cambio_de_">NO</SimpleData>
            <SimpleData name="Titular_se">NO</SimpleData>
            <SimpleData name="ci_UNIF">7263448.00000000000</SimpleData>
            <SimpleData name="Situación">NO</SimpleData>
            <SimpleData name="Comunidad">Ind?gena</SimpleData>
            <SimpleData name="Modelo_imp">Modelo 5</SimpleData>
            <SimpleData name="Departamen">ITAPUA</SimpleData>
            <SimpleData name="Distrito">ALTO VERA</SimpleData>
            <SimpleData name="Localidad">COM INDIG TAGUATO SAUCO</SimpleData>
            <SimpleData name="Teléfono">0986618625</SimpleData>
            <SimpleData name="Vivienda_L">-26.57149330000</SimpleData>
            <SimpleData name="Vivienda_1">-55.70825830000</SimpleData>
            <SimpleData name="Superficie">0.70000000000</SimpleData>
            <SimpleData name="Situaci_1">Par?metro</SimpleData>
            <SimpleData name="Plantado">SI</SimpleData>
            <SimpleData name="Fecha_Plan">2026/08/22</SimpleData>
            <SimpleData name="Jornales">0.00000000000</SimpleData>
            <SimpleData name="Monto">0.00000000000</SimpleData>
            <SimpleData name="Grupo_de_p">A-GN-XX-XX-XX</SimpleData>
            <SimpleData name="Estado_del">Activo</SimpleData>
            <SimpleData name="Empresa">Red Forestal Paraguay SA</SimpleData>
            <SimpleData name="Lote">A</SimpleData>
            <SimpleData name="Parametro">0.00000000000</SimpleData>
            <SimpleData name="Sup_SIG">0.71038118798</SimpleData>
            <SimpleData name="X">-55.70732618000</SimpleData>
            <SimpleData name="Y">-26.57066138000</SimpleData>
            <SimpleData name="cedula">7263448</SimpleData>
            <SimpleData name="Cédula_1">7263448.00000000000</SimpleData>
            <SimpleData name="Estado_d_1">Activo</SimpleData>
            <SimpleData name="OBJECTID_1">5274</SimpleData>
            <SimpleData name="Shape_Leng">344.42699130300</SimpleData>
            <SimpleData name="Shape_Area">7103.81187980000</SimpleData>
          </SchemaData>
        </ExtendedData>
        <Polygon>
          <outerBoundaryIs>
            <LinearRing>
              <coordinates>
                -55.7066727002197,-26.5705830003866,0
                -55.7070571996891,-26.5711231001704,0
                -55.7079867003854,-26.5707316995547,0
                -55.7075882999927,-26.5702033005862,0
                -55.7066727002197,-26.5705830003866,0
              </coordinates>
            </LinearRing>
          </outerBoundaryIs>
        </Polygon>
      </Placemark>
      <Placemark id="Lote_A.187">
        <ExtendedData>
          <SchemaData schemaUrl="#Lote_A.schema">
            <SimpleData name="Cédula">5525235.00000000000</SimpleData>
            <SimpleData name="Nombres_y_">EDITH NOELIA GOMEZ GONZALEZ</SimpleData>
            <SimpleData name="Sexo">Mujer</SimpleData>
            <SimpleData name="Cambio_de_">NO</SimpleData>
            <SimpleData name="Titular_se">NO</SimpleData>
            <SimpleData name="ci_UNIF">5525235.00000000000</SimpleData>
            <SimpleData name="Situación">NO</SimpleData>
            <SimpleData name="Comunidad">Campesina</SimpleData>
            <SimpleData name="Modelo_imp">Modelo 5</SimpleData>
            <SimpleData name="Departamen">CAAZAPA</SimpleData>
            <SimpleData name="Distrito">TAVA?</SimpleData>
            <SimpleData name="Localidad">YVY ATY</SimpleData>
            <SimpleData name="Teléfono">984701804</SimpleData>
            <SimpleData name="Vivienda_L">-26.19117500000</SimpleData>
            <SimpleData name="Vivienda_1">-55.60406330000</SimpleData>
            <SimpleData name="Superficie">0.70000000000</SimpleData>
            <SimpleData name="Situaci_1">Par?metro</SimpleData>
            <SimpleData name="Plantado">SI</SimpleData>
            <SimpleData name="Fecha_Plan">2026/08/25</SimpleData>
            <SimpleData name="Jornales">0.00000000000</SimpleData>
            <SimpleData name="Monto">0.00000000000</SimpleData>
            <SimpleData name="Grupo_de_p">A-GN-XX-XX-XX</SimpleData>
            <SimpleData name="Estado_del">Activo</SimpleData>
            <SimpleData name="Empresa">Red Forestal Paraguay SA</SimpleData>
            <SimpleData name="Lote">A</SimpleData>
            <SimpleData name="Parametro">0.00000000000</SimpleData>
            <SimpleData name="Sup_SIG">0.73163680985</SimpleData>
            <SimpleData name="X">-55.60298909000</SimpleData>
            <SimpleData name="Y">-26.19116466000</SimpleData>
            <SimpleData name="cedula">5525235</SimpleData>
            <SimpleData name="Cédula_1">5525235.00000000000</SimpleData>
            <SimpleData name="Estado_d_1">Activo</SimpleData>
            <SimpleData name="OBJECTID_1">6321</SimpleData>
            <SimpleData name="Shape_Leng">370.10061892800</SimpleData>
            <SimpleData name="Shape_Area">7316.36809847000</SimpleData>
          </SchemaData>
        </ExtendedData>
        <Polygon>
          <outerBoundaryIs>
            <LinearRing>
              <coordinates>
                -55.6026852999683,-26.1908752998457,0
                -55.6021933006716,-26.1915349995223,0
                -55.6035731003636,-26.1913569997124,0
                -55.6036011994901,-26.191036599765,0
                -55.6035332997737,-26.1908882989945,0
                -55.6034280995077,-26.1907967994112,0
                -55.6026852999683,-26.1908752998457,0
              </coordinates>
            </LinearRing>
          </outerBoundaryIs>
        </Polygon>
      </Placemark>
      <Placemark id="Lote_A.188">
        <ExtendedData>
          <SchemaData schemaUrl="#Lote_A.schema">
            <SimpleData name="Cédula">5868378.00000000000</SimpleData>
            <SimpleData name="Nombres_y_">CINTHIA NATIVIDAD LOPEZ ORUE</SimpleData>
            <SimpleData name="Sexo">Mujer</SimpleData>
            <SimpleData name="Cambio_de_">NO</SimpleData>
            <SimpleData name="Titular_se">NO</SimpleData>
            <SimpleData name="ci_UNIF">5868378.00000000000</SimpleData>
            <SimpleData name="Situación">NO</SimpleData>
            <SimpleData name="Comunidad">Campesina</SimpleData>
            <SimpleData name="Modelo_imp">Modelo 1</SimpleData>
            <SimpleData name="Departamen">CAAZAPA</SimpleData>
            <SimpleData name="Distrito">TAVA?</SimpleData>
            <SimpleData name="Localidad">SAN AGUSTIN</SimpleData>
            <SimpleData name="Teléfono">0982662605</SimpleData>
            <SimpleData name="Vivienda_L">-26.15209560000</SimpleData>
            <SimpleData name="Vivienda_1">-55.59504220000</SimpleData>
            <SimpleData name="Superficie">0.80000000000</SimpleData>
            <SimpleData name="Situaci_1">Par?metro</SimpleData>
            <SimpleData name="Plantado">SI</SimpleData>
            <SimpleData name="Fecha_Plan">2026/08/26</SimpleData>
            <SimpleData name="Jornales">0.00000000000</SimpleData>
            <SimpleData name="Monto">0.00000000000</SimpleData>
            <SimpleData name="Grupo_de_p">A-GN-XX-XX-XX</SimpleData>
            <SimpleData name="Estado_del">Activo</SimpleData>
            <SimpleData name="Empresa">Red Forestal Paraguay SA</SimpleData>
            <SimpleData name="Lote">A</SimpleData>
            <SimpleData name="Parametro">0.00000000000</SimpleData>
            <SimpleData name="Sup_SIG">0.90874416267</SimpleData>
            <SimpleData name="X">-55.59199174000</SimpleData>
            <SimpleData name="Y">-26.16323745000</SimpleData>
            <SimpleData name="cedula">5868378</SimpleData>
            <SimpleData name="Cédula_1">5868378.00000000000</SimpleData>
            <SimpleData name="Estado_d_1">Activo</SimpleData>
            <SimpleData name="OBJECTID_1">4866</SimpleData>
            <SimpleData name="Shape_Leng">495.18087772900</SimpleData>
            <SimpleData name="Shape_Area">9087.44162668000</SimpleData>
          </SchemaData>
        </ExtendedData>
        <Polygon>
          <outerBoundaryIs>
            <LinearRing>
              <coordinates>
                -55.5916916998614,-26.1626599998018,0
                -55.5915516995295,-26.1641399994396,0
                -55.5917844007167,-26.16414319944,0
                -55.5917977996889,-26.1638750000646,0
                -55.5919299996015,-26.1638669997431,0
                -55.5919517005087,-26.1633699997136,0
                -55.5925120003644,-26.1633888987243,0
                -55.5925367000854,-26.1633482994269,0
                -55.5925417007671,-26.1628179996258,0
                -55.5924820002396,-26.1627481993441,0
                -55.5916916998614,-26.1626599998018,0
              </coordinates>
            </LinearRing>
          </outerBoundaryIs>
        </Polygon>
      </Placemark>
      <Placemark id="Lote_A.189">
        <ExtendedData>
          <SchemaData schemaUrl="#Lote_A.schema">
            <SimpleData name="Cédula">7233703.00000000000</SimpleData>
            <SimpleData name="Nombres_y_">DELIA ELIZABEHT MOREL GONZALEZ</SimpleData>
            <SimpleData name="Sexo">Mujer</SimpleData>
            <SimpleData name="Cambio_de_">NO</SimpleData>
            <SimpleData name="Titular_se">NO</SimpleData>
            <SimpleData name="ci_UNIF">7233703.00000000000</SimpleData>
            <SimpleData name="Situación">NO</SimpleData>
            <SimpleData name="Comunidad">Campesina</SimpleData>
            <SimpleData name="Modelo_imp">Modelo 6</SimpleData>
            <SimpleData name="Departamen">CAAZAPA</SimpleData>
            <SimpleData name="Distrito">TAVA?</SimpleData>
            <SimpleData name="Localidad">YVYHATY</SimpleData>
            <SimpleData name="Teléfono">0984571380</SimpleData>
            <SimpleData name="Vivienda_L">-26.19165470000</SimpleData>
            <SimpleData name="Vivienda_1">-55.60433500000</SimpleData>
            <SimpleData name="Superficie">0.90000000000</SimpleData>
            <SimpleData name="Situaci_1">Par?metro</SimpleData>
            <SimpleData name="Plantado">SI</SimpleData>
            <SimpleData name="Fecha_Plan">2025/10/31</SimpleData>
            <SimpleData name="Jornales">0.00000000000</SimpleData>
            <SimpleData name="Monto">0.00000000000</SimpleData>
            <SimpleData name="Grupo_de_p">A-GN-XX-XX-XX</SimpleData>
            <SimpleData name="Estado_del">Activo</SimpleData>
            <SimpleData name="Empresa">Red Forestal Paraguay SA</SimpleData>
            <SimpleData name="Lote">A</SimpleData>
            <SimpleData name="Parametro">0.00000000000</SimpleData>
            <SimpleData name="Sup_SIG">0.91881175606</SimpleData>
            <SimpleData name="X">-55.60658732000</SimpleData>
            <SimpleData name="Y">-26.19593221000</SimpleData>
            <SimpleData name="cedula">7233703</SimpleData>
            <SimpleData name="Cédula_1">7233703.00000000000</SimpleData>
            <SimpleData name="Estado_d_1">Activo</SimpleData>
            <SimpleData name="OBJECTID_1">8643</SimpleData>
            <SimpleData name="Shape_Leng">588.12233474700</SimpleData>
            <SimpleData name="Shape_Area">9188.11756057000</SimpleData>
          </SchemaData>
        </ExtendedData>
        <MultiGeometry>
          <Polygon>
            <outerBoundaryIs>
              <LinearRing>
                <coordinates>
                  -55.6061067004938,-26.196238298992,0
                  -55.6061816995243,-26.1963316988115,0
                  -55.6064549998503,-26.1962266991251,0
                  -55.606616700698,-26.1961532991386,0
                  -55.6067466997835,-26.1963699992716,0
                  -55.6071177996183,-26.1961959995422,0
                  -55.6068250003684,-26.1955782991878,0
                  -55.6060533002293,-26.1959666994508,0
                  -55.6060800005723,-26.1960949992374,0
                  -55.6061067004938,-26.196238298992,0
                </coordinates>
              </LinearRing>
            </outerBoundaryIs>
          </Polygon>
          <Polygon>
            <outerBoundaryIs>
              <LinearRing>
                <coordinates>
                  -55.6061419002496,-26.1956234992574,0
                  -55.6067267001756,-26.1952532996215,0
                  -55.6062967002678,-26.1947749991519,0
                  -55.6060465004195,-26.1948899989126,0
                  -55.6061466996755,-26.1950716991025,0
                  -55.6059267003184,-26.1953366985485,0
                  -55.6061419002496,-26.1956234992574,0
                </coordinates>
              </LinearRing>
            </outerBoundaryIs>
          </Polygon>
        </MultiGeometry>
      </Placemark>
    </Document>
  </Document>
</kml>
