<?xml version="1.0" encoding="UTF-8"?>
<kml xmlns="http://www.opengis.net/kml/2.2">
  <Document id="root_doc">
    <Schema id="Lote_C.schema">
      <SimpleField name="Cédula" type="double"/>
      <SimpleField name="Nombres_y_" type="string"/>
      <SimpleField name="Sexo" type="string"/>
      <SimpleField name="Cambio_de_" type="string"/>
      <SimpleField name="Titular_se" type="string"/>
      <SimpleField name="Cédula_Ti" type="string"/>
      <SimpleField name="ci_UNIF" type="double"/>
      <SimpleField name="Situación" type="string"/>
      <SimpleField name="Comunidad" type="string"/>
      <SimpleField name="Modelo_imp" type="string"/>
      <SimpleField name="Departamen" type="string"/>
      <SimpleField name="Distrito" type="string"/>
      <SimpleField name="Localidad" type="string"/>
      <SimpleField name="Teléfono" type="string"/>
      <SimpleField name="Vivienda_L" type="double"/>
      <SimpleField name="Vivienda_1" type="double"/>
      <SimpleField name="Superficie" type="double"/>
      <SimpleField name="Situaci_1" type="string"/>
      <SimpleField name="Plantado" type="string"/>
      <SimpleField name="Fecha_Plan" type="string"/>
      <SimpleField name="Jornales" type="double"/>
      <SimpleField name="Monto" type="double"/>
      <SimpleField name="Grupo_de_p" type="string"/>
      <SimpleField name="Estado_del" type="string"/>
      <SimpleField name="Empresa" type="string"/>
      <SimpleField name="Lote" type="string"/>
      <SimpleField name="Parametro" type="double"/>
      <SimpleField name="Sup_SIG" type="double"/>
      <SimpleField name="Situacion" type="string"/>
      <SimpleField name="X" type="double"/>
      <SimpleField name="Y" type="double"/>
      <SimpleField name="cedula" type="string"/>
      <SimpleField name="Cédula_1" type="double"/>
      <SimpleField name="Estado_d_1" type="string"/>
      <SimpleField name="OBJECTID_1" type="string"/>
      <SimpleField name="Shape_Leng" type="double"/>
      <SimpleField name="Shape_Area" type="double"/>
    </Schema>
    <Document id="Lote_C">
      <name>Lote_C</name>
      <Placemark id="Lote_C.1">
        <ExtendedData>
          <SchemaData schemaUrl="#Lote_C.schema">
            <SimpleData name="Cédula">5178107.00000000000</SimpleData>
            <SimpleData name="Nombres_y_">JACINTA FLORES PAREDES</SimpleData>
            <SimpleData name="Sexo">Mujer</SimpleData>
            <SimpleData name="Cambio_de_">NO</SimpleData>
            <SimpleData name="Titular_se">NO</SimpleData>
            <SimpleData name="ci_UNIF">5178107.00000000000</SimpleData>
            <SimpleData name="Situación">NO</SimpleData>
            <SimpleData name="Comunidad">Campesina</SimpleData>
            <SimpleData name="Modelo_imp">Modelo 1</SimpleData>
            <SimpleData name="Departamen">CAAGUAZU</SimpleData>
            <SimpleData name="Distrito">REPATRIACION</SimpleData>
            <SimpleData name="Localidad">ASENT. JULIANA FLEITAS</SimpleData>
            <SimpleData name="Teléfono">0975178379</SimpleData>
            <SimpleData name="Vivienda_L">-25.49324000000</SimpleData>
            <SimpleData name="Vivienda_1">-55.74124170000</SimpleData>
            <SimpleData name="Superficie">0.80000000000</SimpleData>
            <SimpleData name="Situaci_1">Par?metro</SimpleData>
            <SimpleData name="Plantado">SI</SimpleData>
            <SimpleData name="Fecha_Plan">2026/01/13</SimpleData>
            <SimpleData name="Jornales">0.00000000000</SimpleData>
            <SimpleData name="Monto">0.00000000000</SimpleData>
            <SimpleData name="Grupo_de_p">C-P2-XX-XX-XX</SimpleData>
            <SimpleData name="Estado_del">Activo</SimpleData>
            <SimpleData name="Empresa">Unique Wood Paraguay SA</SimpleData>
            <SimpleData name="Lote">C</SimpleData>
            <SimpleData name="Parametro">0.00000000000</SimpleData>
            <SimpleData name="Sup_SIG">0.82374775377</SimpleData>
            <SimpleData name="X">-55.74040581000</SimpleData>
            <SimpleData name="Y">-25.49438275000</SimpleData>
            <SimpleData name="cedula">5178107</SimpleData>
            <SimpleData name="Cédula_1">5178107.00000000000</SimpleData>
            <SimpleData name="Estado_d_1">Activo</SimpleData>
            <SimpleData name="OBJECTID_1">5628</SimpleData>
            <SimpleData name="Shape_Leng">364.77800319900</SimpleData>
            <SimpleData name="Shape_Area">8237.47753768000</SimpleData>
          </SchemaData>
        </ExtendedData>
        <Polygon>
          <outerBoundaryIs>
            <LinearRing>
              <coordinates>
                -55.7396967001883,-25.4943449995532,0
                -55.7405996001054,-25.4949230004079,0
                -55.7410866997889,-25.4943882996749,0
                -55.7406728000145,-25.4940899004436,0
                -55.7401533002828,-25.493899299736,0
                -55.7396967001883,-25.4943449995532,0
              </coordinates>
            </LinearRing>
          </outerBoundaryIs>
        </Polygon>
      </Placemark>
      <Placemark id="Lote_C.2">
        <ExtendedData>
          <SchemaData schemaUrl="#Lote_C.schema">
            <SimpleData name="Cédula">7959656.00000000000</SimpleData>
            <SimpleData name="Nombres_y_">ANTONIA VERA AQUINO</SimpleData>
            <SimpleData name="Sexo">Mujer</SimpleData>
            <SimpleData name="Cambio_de_">NO</SimpleData>
            <SimpleData name="Titular_se">NO</SimpleData>
            <SimpleData name="ci_UNIF">7959656.00000000000</SimpleData>
            <SimpleData name="Situación">NO</SimpleData>
            <SimpleData name="Comunidad">Ind?gena</SimpleData>
            <SimpleData name="Modelo_imp">Modelo 5</SimpleData>
            <SimpleData name="Departamen">CAAGUAZU</SimpleData>
            <SimpleData name="Distrito">REPATRIACION</SimpleData>
            <SimpleData name="Localidad">COM INDIG ?U JHOVY</SimpleData>
            <SimpleData name="Teléfono">0985298211</SimpleData>
            <SimpleData name="Vivienda_L">-25.65311330000</SimpleData>
            <SimpleData name="Vivienda_1">-55.71471000000</SimpleData>
            <SimpleData name="Superficie">0.70000000000</SimpleData>
            <SimpleData name="Situaci_1">Pol?gono</SimpleData>
            <SimpleData name="Plantado">SI</SimpleData>
            <SimpleData name="Fecha_Plan">2025/09/19</SimpleData>
            <SimpleData name="Jornales">0.00000000000</SimpleData>
            <SimpleData name="Monto">0.00000000000</SimpleData>
            <SimpleData name="Grupo_de_p">C-P1-XX-XX-XX</SimpleData>
            <SimpleData name="Estado_del">Activo</SimpleData>
            <SimpleData name="Empresa">Unique Wood Paraguay SA</SimpleData>
            <SimpleData name="Lote">C</SimpleData>
            <SimpleData name="Parametro">0.00000000000</SimpleData>
            <SimpleData name="Sup_SIG">0.98878425408</SimpleData>
            <SimpleData name="X">-55.71559345000</SimpleData>
            <SimpleData name="Y">-25.65339856000</SimpleData>
            <SimpleData name="cedula">7959656</SimpleData>
            <SimpleData name="Cédula_1">7959656.00000000000</SimpleData>
            <SimpleData name="Estado_d_1">Activo</SimpleData>
            <SimpleData name="OBJECTID_1">7124</SimpleData>
            <SimpleData name="Shape_Leng">398.81235305000</SimpleData>
            <SimpleData name="Shape_Area">9887.84254076000</SimpleData>
          </SchemaData>
        </ExtendedData>
        <Polygon>
          <outerBoundaryIs>
            <LinearRing>
              <coordinates>
                -55.7151577994148,-25.6537078000915,0
                -55.7161866000373,-25.6538300004569,0
                -55.7162603004202,-25.6531601000494,0
                -55.7154182999631,-25.6530033004433,0
                -55.7150180999671,-25.6529803999519,0
                -55.7149019004736,-25.6535089000529,0
                -55.7151577994148,-25.6537078000915,0
              </coordinates>
            </LinearRing>
          </outerBoundaryIs>
        </Polygon>
      </Placemark>
      <Placemark id="Lote_C.3">
        <ExtendedData>
          <SchemaData schemaUrl="#Lote_C.schema">
            <SimpleData name="Cédula">2089144.00000000000</SimpleData>
            <SimpleData name="Nombres_y_">SIMEONA TORRES ESPINOLA</SimpleData>
            <SimpleData name="Sexo">Mujer</SimpleData>
            <SimpleData name="Cambio_de_">NO</SimpleData>
            <SimpleData name="Titular_se">NO</SimpleData>
            <SimpleData name="ci_UNIF">2089144.00000000000</SimpleData>
            <SimpleData name="Situación">NO</SimpleData>
            <SimpleData name="Comunidad">Campesina</SimpleData>
            <SimpleData name="Modelo_imp">Modelo 5</SimpleData>
            <SimpleData name="Departamen">CAAGUAZU</SimpleData>
            <SimpleData name="Distrito">REPATRIACION</SimpleData>
            <SimpleData name="Localidad">1RA. LINEA CHACORE</SimpleData>
            <SimpleData name="Teléfono">0973516793</SimpleData>
            <SimpleData name="Vivienda_L">-25.55401550000</SimpleData>
            <SimpleData name="Vivienda_1">-55.83828720000</SimpleData>
            <SimpleData name="Superficie">0.70000000000</SimpleData>
            <SimpleData name="Situaci_1">Par?metro</SimpleData>
            <SimpleData name="Plantado">SI</SimpleData>
            <SimpleData name="Fecha_Plan">2026/02/04</SimpleData>
            <SimpleData name="Jornales">0.00000000000</SimpleData>
            <SimpleData name="Monto">0.00000000000</SimpleData>
            <SimpleData name="Grupo_de_p">C-P2-XX-XX-XX</SimpleData>
            <SimpleData name="Estado_del">Activo</SimpleData>
            <SimpleData name="Empresa">Unique Wood Paraguay SA</SimpleData>
            <SimpleData name="Lote">C</SimpleData>
            <SimpleData name="Parametro">0.00000000000</SimpleData>
            <SimpleData name="Sup_SIG">0.76212720341</SimpleData>
            <SimpleData name="X">-55.83990834000</SimpleData>
            <SimpleData name="Y">-25.57029204000</SimpleData>
            <SimpleData name="cedula">2089144</SimpleData>
            <SimpleData name="Cédula_1">2089144.00000000000</SimpleData>
            <SimpleData name="Estado_d_1">Activo</SimpleData>
            <SimpleData name="OBJECTID_1">5637</SimpleData>
            <SimpleData name="Shape_Leng">485.42639947400</SimpleData>
            <SimpleData name="Shape_Area">7621.27203405000</SimpleData>
          </SchemaData>
        </ExtendedData>
        <Polygon>
          <outerBoundaryIs>
            <LinearRing>
              <coordinates>
                -55.8388866998734,-25.570544999695,0
                -55.8390479000266,-25.5708309998455,0
                -55.8408987997973,-25.5700680997116,0
                -55.8407500004219,-25.5697467004079,0
                -55.8388866998734,-25.570544999695,0
              </coordinates>
            </LinearRing>
          </outerBoundaryIs>
        </Polygon>
      </Placemark>
      <Placemark id="Lote_C.4">
        <ExtendedData>
          <SchemaData schemaUrl="#Lote_C.schema">
            <SimpleData name="Cédula">2401147.00000000000</SimpleData>
            <SimpleData name="Nombres_y_">MARCELINO ORTIZ GAVILAN</SimpleData>
            <SimpleData name="Sexo">Hombre</SimpleData>
            <SimpleData name="Cambio_de_">NO</SimpleData>
            <SimpleData name="Titular_se">NO</SimpleData>
            <SimpleData name="ci_UNIF">2401147.00000000000</SimpleData>
            <SimpleData name="Situación">NO</SimpleData>
            <SimpleData name="Comunidad">Campesina</SimpleData>
            <SimpleData name="Modelo_imp">Modelo 5</SimpleData>
            <SimpleData name="Departamen">CAAGUAZU</SimpleData>
            <SimpleData name="Distrito">REPATRIACION</SimpleData>
            <SimpleData name="Localidad">2DA. LINEA CHACORE</SimpleData>
            <SimpleData name="Teléfono">0971429761</SimpleData>
            <SimpleData name="Vivienda_L">-25.54829620000</SimpleData>
            <SimpleData name="Vivienda_1">-55.81354750000</SimpleData>
            <SimpleData name="Superficie">0.70000000000</SimpleData>
            <SimpleData name="Situaci_1">Par?metro</SimpleData>
            <SimpleData name="Plantado">SI</SimpleData>
            <SimpleData name="Fecha_Plan">2026/01/13</SimpleData>
            <SimpleData name="Jornales">0.00000000000</SimpleData>
            <SimpleData name="Monto">0.00000000000</SimpleData>
            <SimpleData name="Grupo_de_p">C-P2-XX-XX-XX</SimpleData>
            <SimpleData name="Estado_del">Activo</SimpleData>
            <SimpleData name="Empresa">Unique Wood Paraguay SA</SimpleData>
            <SimpleData name="Lote">C</SimpleData>
            <SimpleData name="Parametro">0.00000000000</SimpleData>
            <SimpleData name="Sup_SIG">0.69988264713</SimpleData>
            <SimpleData name="X">-55.80999312000</SimpleData>
            <SimpleData name="Y">-25.54858845000</SimpleData>
            <SimpleData name="cedula">2401147</SimpleData>
            <SimpleData name="Cédula_1">2401147.00000000000</SimpleData>
            <SimpleData name="Estado_d_1">Activo</SimpleData>
            <SimpleData name="OBJECTID_1">5630</SimpleData>
            <SimpleData name="Shape_Leng">379.39421724000</SimpleData>
            <SimpleData name="Shape_Area">6998.82647125000</SimpleData>
          </SchemaData>
        </ExtendedData>
        <Polygon>
          <outerBoundaryIs>
            <LinearRing>
              <coordinates>
                -55.8095568004598,-25.5481764002945,0
                -55.8096432997328,-25.5490251998369,0
                -55.8102054001114,-25.5489929004028,0
                -55.810226900482,-25.5487863996698,0
                -55.8105714001138,-25.5487715003878,0
                -55.8105697002816,-25.5484113997541,0
                -55.810164900338,-25.5484478998974,0
                -55.8100888999169,-25.5481276995508,0
                -55.8095568004598,-25.5481764002945,0
              </coordinates>
            </LinearRing>
          </outerBoundaryIs>
        </Polygon>
      </Placemark>
      <Placemark id="Lote_C.5">
        <ExtendedData>
          <SchemaData schemaUrl="#Lote_C.schema">
            <SimpleData name="Cédula">6901304.00000000000</SimpleData>
            <SimpleData name="Nombres_y_">PELAGIO BRITEZ BRITEZ</SimpleData>
            <SimpleData name="Sexo">Hombre</SimpleData>
            <SimpleData name="Cambio_de_">NO</SimpleData>
            <SimpleData name="Titular_se">NO</SimpleData>
            <SimpleData name="ci_UNIF">6901304.00000000000</SimpleData>
            <SimpleData name="Situación">NO</SimpleData>
            <SimpleData name="Comunidad">Ind?gena</SimpleData>
            <SimpleData name="Modelo_imp">Modelo 5</SimpleData>
            <SimpleData name="Departamen">CAAGUAZU</SimpleData>
            <SimpleData name="Distrito">REPATRIACION</SimpleData>
            <SimpleData name="Localidad">COM INDIG KAATYMI</SimpleData>
            <SimpleData name="Teléfono">ND</SimpleData>
            <SimpleData name="Vivienda_L">-25.66446470000</SimpleData>
            <SimpleData name="Vivienda_1">-55.69899810000</SimpleData>
            <SimpleData name="Superficie">0.70000000000</SimpleData>
            <SimpleData name="Situaci_1">Pol?gono</SimpleData>
            <SimpleData name="Plantado">SI</SimpleData>
            <SimpleData name="Fecha_Plan">2025/09/25</SimpleData>
            <SimpleData name="Jornales">0.00000000000</SimpleData>
            <SimpleData name="Monto">0.00000000000</SimpleData>
            <SimpleData name="Grupo_de_p">C-P1-XX-XX-XX</SimpleData>
            <SimpleData name="Estado_del">Activo</SimpleData>
            <SimpleData name="Empresa">Unique Wood Paraguay SA</SimpleData>
            <SimpleData name="Lote">C</SimpleData>
            <SimpleData name="Parametro">0.00000000000</SimpleData>
            <SimpleData name="Sup_SIG">0.74086407379</SimpleData>
            <SimpleData name="X">-55.69880891000</SimpleData>
            <SimpleData name="Y">-25.66498562000</SimpleData>
            <SimpleData name="cedula">6901304</SimpleData>
            <SimpleData name="Cédula_1">6901304.00000000000</SimpleData>
            <SimpleData name="Estado_d_1">Activo</SimpleData>
            <SimpleData name="OBJECTID_1">5594</SimpleData>
            <SimpleData name="Shape_Leng">334.21354205700</SimpleData>
            <SimpleData name="Shape_Area">7408.64073788000</SimpleData>
          </SchemaData>
        </ExtendedData>
        <Polygon>
          <outerBoundaryIs>
            <LinearRing>
              <coordinates>
                -55.6982317374603,-25.6651356909638,0
                -55.6987351713219,-25.665506385515,0
                -55.6991835998153,-25.6651466005355,0
                -55.6993592000191,-25.6649284999616,0
                -55.6993359001463,-25.6646485995364,0
                -55.6985977002897,-25.6645765004099,0
                -55.6982180998072,-25.6651122000501,0
                -55.6982317374603,-25.6651356909638,0
              </coordinates>
            </LinearRing>
          </outerBoundaryIs>
        </Polygon>
      </Placemark>
      <Placemark id="Lote_C.6">
        <ExtendedData>
          <SchemaData schemaUrl="#Lote_C.schema">
            <SimpleData name="Cédula">8508232.00000000000</SimpleData>
            <SimpleData name="Nombres_y_">SANNY MEDINA CABRAL</SimpleData>
            <SimpleData name="Sexo">Mujer</SimpleData>
            <SimpleData name="Cambio_de_">NO</SimpleData>
            <SimpleData name="Titular_se">NO</SimpleData>
            <SimpleData name="ci_UNIF">8508232.00000000000</SimpleData>
            <SimpleData name="Situación">NO</SimpleData>
            <SimpleData name="Comunidad">Ind?gena</SimpleData>
            <SimpleData name="Modelo_imp">Modelo 5</SimpleData>
            <SimpleData name="Departamen">CAAGUAZU</SimpleData>
            <SimpleData name="Distrito">REPATRIACION</SimpleData>
            <SimpleData name="Localidad">COM INDIG KAATYMI</SimpleData>
            <SimpleData name="Teléfono">ND</SimpleData>
            <SimpleData name="Vivienda_L">-25.66342830000</SimpleData>
            <SimpleData name="Vivienda_1">-55.69480170000</SimpleData>
            <SimpleData name="Superficie">0.70000000000</SimpleData>
            <SimpleData name="Situaci_1">Pol?gono</SimpleData>
            <SimpleData name="Plantado">SI</SimpleData>
            <SimpleData name="Fecha_Plan">2025/09/24</SimpleData>
            <SimpleData name="Jornales">0.00000000000</SimpleData>
            <SimpleData name="Monto">0.00000000000</SimpleData>
            <SimpleData name="Grupo_de_p">C-P1-XX-XX-XX</SimpleData>
            <SimpleData name="Estado_del">Activo</SimpleData>
            <SimpleData name="Empresa">Unique Wood Paraguay SA</SimpleData>
            <SimpleData name="Lote">C</SimpleData>
            <SimpleData name="Parametro">0.00000000000</SimpleData>
            <SimpleData name="Sup_SIG">0.69838092987</SimpleData>
            <SimpleData name="X">-55.69776171000</SimpleData>
            <SimpleData name="Y">-25.66267349000</SimpleData>
            <SimpleData name="cedula">8508232</SimpleData>
            <SimpleData name="Cédula_1">8508232.00000000000</SimpleData>
            <SimpleData name="Estado_d_1">Activo</SimpleData>
            <SimpleData name="OBJECTID_1">5617</SimpleData>
            <SimpleData name="Shape_Leng">422.52996295200</SimpleData>
            <SimpleData name="Shape_Area">6983.80929866000</SimpleData>
          </SchemaData>
        </ExtendedData>
        <Polygon>
          <outerBoundaryIs>
            <LinearRing>
              <coordinates>
                -55.6972370008675,-25.6628682003772,0
                -55.6979550002004,-25.6634082995724,0
                -55.69807999946,-25.662910000326,0
                -55.6979200001246,-25.6624632999713,0
                -55.6980283001535,-25.6619333005185,0
                -55.6977267005636,-25.6618532997577,0
                -55.6975486997241,-25.66263539976,0
                -55.6972370008675,-25.6628682003772,0
              </coordinates>
            </LinearRing>
          </outerBoundaryIs>
        </Polygon>
      </Placemark>
      <Placemark id="Lote_C.7">
        <ExtendedData>
          <SchemaData schemaUrl="#Lote_C.schema">
            <SimpleData name="Cédula">4668123.00000000000</SimpleData>
            <SimpleData name="Nombres_y_">ANA AMARILLA BARRETO</SimpleData>
            <SimpleData name="Sexo">Mujer</SimpleData>
            <SimpleData name="Cambio_de_">NO</SimpleData>
            <SimpleData name="Titular_se">NO</SimpleData>
            <SimpleData name="ci_UNIF">4668123.00000000000</SimpleData>
            <SimpleData name="Situación">NO</SimpleData>
            <SimpleData name="Comunidad">Ind?gena</SimpleData>
            <SimpleData name="Modelo_imp">Modelo 5</SimpleData>
            <SimpleData name="Departamen">CAAGUAZU</SimpleData>
            <SimpleData name="Distrito">REPATRIACION</SimpleData>
            <SimpleData name="Localidad">COM INDIG PINDO-I</SimpleData>
            <SimpleData name="Teléfono">0976450894</SimpleData>
            <SimpleData name="Vivienda_L">-25.53646590000</SimpleData>
            <SimpleData name="Vivienda_1">-55.64973560000</SimpleData>
            <SimpleData name="Superficie">0.70000000000</SimpleData>
            <SimpleData name="Situaci_1">Par?metro</SimpleData>
            <SimpleData name="Plantado">SI</SimpleData>
            <SimpleData name="Fecha_Plan">2026/01/14</SimpleData>
            <SimpleData name="Jornales">0.00000000000</SimpleData>
            <SimpleData name="Monto">0.00000000000</SimpleData>
            <SimpleData name="Grupo_de_p">C-P2-XX-XX-XX</SimpleData>
            <SimpleData name="Estado_del">Activo</SimpleData>
            <SimpleData name="Empresa">Unique Wood Paraguay SA</SimpleData>
            <SimpleData name="Lote">C</SimpleData>
            <SimpleData name="Parametro">0.00000000000</SimpleData>
            <SimpleData name="Sup_SIG">0.75456570643</SimpleData>
            <SimpleData name="X">-55.64935240000</SimpleData>
            <SimpleData name="Y">-25.53582170000</SimpleData>
            <SimpleData name="cedula">4668123</SimpleData>
            <SimpleData name="Cédula_1">4668123.00000000000</SimpleData>
            <SimpleData name="Estado_d_1">Activo</SimpleData>
            <SimpleData name="OBJECTID_1">5621</SimpleData>
            <SimpleData name="Shape_Leng">351.58254602900</SimpleData>
            <SimpleData name="Shape_Area">7545.65706429000</SimpleData>
          </SchemaData>
        </ExtendedData>
        <Polygon>
          <outerBoundaryIs>
            <LinearRing>
              <coordinates>
                -55.6487250000627,-25.5356382999794,0
                -55.6490299999762,-25.5362449998248,0
                -55.6499733000323,-25.5360533002248,0
                -55.6496450003555,-25.5353633003014,0
                -55.6487250000627,-25.5356382999794,0
              </coordinates>
            </LinearRing>
          </outerBoundaryIs>
        </Polygon>
      </Placemark>
      <Placemark id="Lote_C.8">
        <ExtendedData>
          <SchemaData schemaUrl="#Lote_C.schema">
            <SimpleData name="Cédula">7190380.00000000000</SimpleData>
            <SimpleData name="Nombres_y_">ANGEL BRITEZ BENITEZ</SimpleData>
            <SimpleData name="Sexo">Hombre</SimpleData>
            <SimpleData name="Cambio_de_">NO</SimpleData>
            <SimpleData name="Titular_se">NO</SimpleData>
            <SimpleData name="ci_UNIF">7190380.00000000000</SimpleData>
            <SimpleData name="Situación">NO</SimpleData>
            <SimpleData name="Comunidad">Ind?gena</SimpleData>
            <SimpleData name="Modelo_imp">Modelo 5</SimpleData>
            <SimpleData name="Departamen">CAAGUAZU</SimpleData>
            <SimpleData name="Distrito">REPATRIACION</SimpleData>
            <SimpleData name="Localidad">COM INDIG KAATYMI</SimpleData>
            <SimpleData name="Teléfono">0971478007</SimpleData>
            <SimpleData name="Vivienda_L">-25.66254170000</SimpleData>
            <SimpleData name="Vivienda_1">-55.69297840000</SimpleData>
            <SimpleData name="Superficie">0.70000000000</SimpleData>
            <SimpleData name="Situaci_1">Pol?gono</SimpleData>
            <SimpleData name="Plantado">SI</SimpleData>
            <SimpleData name="Fecha_Plan">2025/09/22</SimpleData>
            <SimpleData name="Jornales">0.00000000000</SimpleData>
            <SimpleData name="Monto">0.00000000000</SimpleData>
            <SimpleData name="Grupo_de_p">C-P1-XX-XX-XX</SimpleData>
            <SimpleData name="Estado_del">Activo</SimpleData>
            <SimpleData name="Empresa">Unique Wood Paraguay SA</SimpleData>
            <SimpleData name="Lote">C</SimpleData>
            <SimpleData name="Parametro">0.00000000000</SimpleData>
            <SimpleData name="Sup_SIG">0.70066552446</SimpleData>
            <SimpleData name="X">-55.69319496000</SimpleData>
            <SimpleData name="Y">-25.66212217000</SimpleData>
            <SimpleData name="cedula">7190380</SimpleData>
            <SimpleData name="Cédula_1">7190380.00000000000</SimpleData>
            <SimpleData name="Estado_d_1">Activo</SimpleData>
            <SimpleData name="OBJECTID_1">7129</SimpleData>
            <SimpleData name="Shape_Leng">335.32924137800</SimpleData>
            <SimpleData name="Shape_Area">7006.65524460000</SimpleData>
          </SchemaData>
        </ExtendedData>
        <Polygon>
          <outerBoundaryIs>
            <LinearRing>
              <coordinates>
                -55.6928676995038,-25.6623771000914,0
                -55.6932791001583,-25.6626496002322,0
                -55.6935969001629,-25.6625942996393,0
                -55.6934745008309,-25.6616674004544,0
                -55.692764399791,-25.6616891002646,0
                -55.692794100701,-25.6619923006408,0
                -55.6928676995038,-25.6623771000914,0
              </coordinates>
            </LinearRing>
          </outerBoundaryIs>
        </Polygon>
      </Placemark>
      <Placemark id="Lote_C.9">
        <ExtendedData>
          <SchemaData schemaUrl="#Lote_C.schema">
            <SimpleData name="Cédula">7871801.00000000000</SimpleData>
            <SimpleData name="Nombres_y_">ELVA  BENITEZ PORTILLO</SimpleData>
            <SimpleData name="Sexo">Mujer</SimpleData>
            <SimpleData name="Cambio_de_">NO</SimpleData>
            <SimpleData name="Titular_se">NO</SimpleData>
            <SimpleData name="ci_UNIF">7871801.00000000000</SimpleData>
            <SimpleData name="Situación">NO</SimpleData>
            <SimpleData name="Comunidad">Ind?gena</SimpleData>
            <SimpleData name="Modelo_imp">Modelo 6</SimpleData>
            <SimpleData name="Departamen">CAAGUAZU</SimpleData>
            <SimpleData name="Distrito">REPATRIACION</SimpleData>
            <SimpleData name="Localidad">COM INDIG ?U HOVY</SimpleData>
            <SimpleData name="Teléfono">985337698</SimpleData>
            <SimpleData name="Vivienda_L">-25.65148390000</SimpleData>
            <SimpleData name="Vivienda_1">-55.71427930000</SimpleData>
            <SimpleData name="Superficie">0.90000000000</SimpleData>
            <SimpleData name="Situaci_1">Pol?gono</SimpleData>
            <SimpleData name="Plantado">SI</SimpleData>
            <SimpleData name="Fecha_Plan">2025/10/15</SimpleData>
            <SimpleData name="Jornales">0.00000000000</SimpleData>
            <SimpleData name="Monto">0.00000000000</SimpleData>
            <SimpleData name="Grupo_de_p">C-P1-XX-XX-XX</SimpleData>
            <SimpleData name="Estado_del">Activo</SimpleData>
            <SimpleData name="Empresa">Unique Wood Paraguay SA</SimpleData>
            <SimpleData name="Lote">C</SimpleData>
            <SimpleData name="Parametro">0.00000000000</SimpleData>
            <SimpleData name="Sup_SIG">0.92883493432</SimpleData>
            <SimpleData name="X">-55.71367285000</SimpleData>
            <SimpleData name="Y">-25.66184405000</SimpleData>
            <SimpleData name="cedula">7871801</SimpleData>
            <SimpleData name="Cédula_1">7871801.00000000000</SimpleData>
            <SimpleData name="Estado_d_1">Activo</SimpleData>
            <SimpleData name="OBJECTID_1">6240</SimpleData>
            <SimpleData name="Shape_Leng">467.13946759500</SimpleData>
            <SimpleData name="Shape_Area">9288.34934320000</SimpleData>
          </SchemaData>
        </ExtendedData>
        <Polygon>
          <outerBoundaryIs>
            <LinearRing>
              <coordinates>
                -55.7135359003056,-25.6622570006928,0
                -55.7138521995725,-25.6626213006098,0
                -55.7143416996307,-25.6616482997867,0
                -55.7128360004065,-25.6612566998308,0
                -55.7128067003054,-25.6613881001008,0
                -55.713175099174,-25.6615957995172,0
                -55.7135359003056,-25.6622570006928,0
              </coordinates>
            </LinearRing>
          </outerBoundaryIs>
        </Polygon>
      </Placemark>
      <Placemark id="Lote_C.10">
        <ExtendedData>
          <SchemaData schemaUrl="#Lote_C.schema">
            <SimpleData name="Cédula">7825655.00000000000</SimpleData>
            <SimpleData name="Nombres_y_">IDALINA PENAYO GAUTO</SimpleData>
            <SimpleData name="Sexo">Mujer</SimpleData>
            <SimpleData name="Cambio_de_">NO</SimpleData>
            <SimpleData name="Titular_se">NO</SimpleData>
            <SimpleData name="ci_UNIF">7825655.00000000000</SimpleData>
            <SimpleData name="Situación">NO</SimpleData>
            <SimpleData name="Comunidad">Ind?gena</SimpleData>
            <SimpleData name="Modelo_imp">Modelo 5</SimpleData>
            <SimpleData name="Departamen">CAAGUAZU</SimpleData>
            <SimpleData name="Distrito">REPATRIACION</SimpleData>
            <SimpleData name="Localidad">COM INDIG PINDO-I</SimpleData>
            <SimpleData name="Teléfono">0984057501</SimpleData>
            <SimpleData name="Vivienda_L">-25.54315000000</SimpleData>
            <SimpleData name="Vivienda_1">-55.66044000000</SimpleData>
            <SimpleData name="Superficie">0.70000000000</SimpleData>
            <SimpleData name="Situaci_1">Par?metro</SimpleData>
            <SimpleData name="Plantado">SI</SimpleData>
            <SimpleData name="Fecha_Plan">2026/01/14</SimpleData>
            <SimpleData name="Jornales">0.00000000000</SimpleData>
            <SimpleData name="Monto">0.00000000000</SimpleData>
            <SimpleData name="Grupo_de_p">C-P2-XX-XX-XX</SimpleData>
            <SimpleData name="Estado_del">Activo</SimpleData>
            <SimpleData name="Empresa">Unique Wood Paraguay SA</SimpleData>
            <SimpleData name="Lote">C</SimpleData>
            <SimpleData name="Parametro">0.00000000000</SimpleData>
            <SimpleData name="Sup_SIG">0.70060588678</SimpleData>
            <SimpleData name="X">-55.67131092000</SimpleData>
            <SimpleData name="Y">-25.54250674000</SimpleData>
            <SimpleData name="cedula">7825655</SimpleData>
            <SimpleData name="Cédula_1">7825655.00000000000</SimpleData>
            <SimpleData name="Estado_d_1">Activo</SimpleData>
            <SimpleData name="OBJECTID_1">5613</SimpleData>
            <SimpleData name="Shape_Leng">457.97324578600</SimpleData>
            <SimpleData name="Shape_Area">7006.05886784000</SimpleData>
          </SchemaData>
        </ExtendedData>
        <Polygon>
          <outerBoundaryIs>
            <LinearRing>
              <coordinates>
                -55.6713967000886,-25.5418967005041,0
                -55.6713150005126,-25.5422399998396,0
                -55.6709033003289,-25.5422400001121,0
                -55.6708733003088,-25.5427083002276,0
                -55.6710916997961,-25.5430850002251,0
                -55.671391699798,-25.543086700232,0
                -55.6715900003294,-25.5425200003678,0
                -55.6714616997613,-25.5421167004208,0
                -55.6717167002334,-25.5422050001942,0
                -55.6719532997264,-25.5422732997958,0
                -55.6719866997048,-25.5420882999688,0
                -55.6713967000886,-25.5418967005041,0
              </coordinates>
            </LinearRing>
          </outerBoundaryIs>
        </Polygon>
      </Placemark>
      <Placemark id="Lote_C.11">
        <ExtendedData>
          <SchemaData schemaUrl="#Lote_C.schema">
            <SimpleData name="Cédula">6381953.00000000000</SimpleData>
            <SimpleData name="Nombres_y_">FRANCISCA ROMERO BENITEZ</SimpleData>
            <SimpleData name="Sexo">Mujer</SimpleData>
            <SimpleData name="Cambio_de_">NO</SimpleData>
            <SimpleData name="Titular_se">NO</SimpleData>
            <SimpleData name="ci_UNIF">6381953.00000000000</SimpleData>
            <SimpleData name="Situación">NO</SimpleData>
            <SimpleData name="Comunidad">Ind?gena</SimpleData>
            <SimpleData name="Modelo_imp">Modelo 5</SimpleData>
            <SimpleData name="Departamen">CAAGUAZU</SimpleData>
            <SimpleData name="Distrito">REPATRIACION</SimpleData>
            <SimpleData name="Localidad">COM INDIG ?U JHOVY</SimpleData>
            <SimpleData name="Teléfono">ND</SimpleData>
            <SimpleData name="Vivienda_L">-25.64273420000</SimpleData>
            <SimpleData name="Vivienda_1">-55.72125600000</SimpleData>
            <SimpleData name="Superficie">0.70000000000</SimpleData>
            <SimpleData name="Situaci_1">Pol?gono</SimpleData>
            <SimpleData name="Plantado">SI</SimpleData>
            <SimpleData name="Fecha_Plan">2025/09/19</SimpleData>
            <SimpleData name="Jornales">0.00000000000</SimpleData>
            <SimpleData name="Monto">0.00000000000</SimpleData>
            <SimpleData name="Grupo_de_p">C-P1-XX-XX-XX</SimpleData>
            <SimpleData name="Estado_del">Activo</SimpleData>
            <SimpleData name="Empresa">Unique Wood Paraguay SA</SimpleData>
            <SimpleData name="Lote">C</SimpleData>
            <SimpleData name="Parametro">0.00000000000</SimpleData>
            <SimpleData name="Sup_SIG">0.71486247157</SimpleData>
            <SimpleData name="X">-55.72133073000</SimpleData>
            <SimpleData name="Y">-25.64310094000</SimpleData>
            <SimpleData name="cedula">6381953</SimpleData>
            <SimpleData name="Cédula_1">6381953.00000000000</SimpleData>
            <SimpleData name="Estado_d_1">Activo</SimpleData>
            <SimpleData name="OBJECTID_1">7123</SimpleData>
            <SimpleData name="Shape_Leng">441.92633889700</SimpleData>
            <SimpleData name="Shape_Area">7148.62471572000</SimpleData>
          </SchemaData>
        </ExtendedData>
        <Polygon>
          <outerBoundaryIs>
            <LinearRing>
              <coordinates>
                -55.7209013996807,-25.6430344998971,0
                -55.7212078995339,-25.6436501002541,0
                -55.7214612003653,-25.6435678998661,0
                -55.7221516993564,-25.6430432995462,0
                -55.7221111002231,-25.642903199643,0
                -55.7215330996572,-25.6431586999743,0
                -55.7210576001826,-25.6424753004157,0
                -55.72079639954,-25.6425889002614,0
                -55.7209013996807,-25.6430344998971,0
              </coordinates>
            </LinearRing>
          </outerBoundaryIs>
        </Polygon>
      </Placemark>
      <Placemark id="Lote_C.12">
        <ExtendedData>
          <SchemaData schemaUrl="#Lote_C.schema">
            <SimpleData name="Cédula">7174509.00000000000</SimpleData>
            <SimpleData name="Nombres_y_">AMADO  FERNANDEZ MENDOZA</SimpleData>
            <SimpleData name="Sexo">Hombre</SimpleData>
            <SimpleData name="Cambio_de_">NO</SimpleData>
            <SimpleData name="Titular_se">NO</SimpleData>
            <SimpleData name="ci_UNIF">7174509.00000000000</SimpleData>
            <SimpleData name="Situación">NO</SimpleData>
            <SimpleData name="Comunidad">Ind?gena</SimpleData>
            <SimpleData name="Modelo_imp">Modelo 2</SimpleData>
            <SimpleData name="Departamen">CAAGUAZU</SimpleData>
            <SimpleData name="Distrito">REPATRIACION</SimpleData>
            <SimpleData name="Localidad">COM INDIG ?U HOVY</SimpleData>
            <SimpleData name="Teléfono">982792016</SimpleData>
            <SimpleData name="Vivienda_L">-25.65208530000</SimpleData>
            <SimpleData name="Vivienda_1">-55.71427230000</SimpleData>
            <SimpleData name="Superficie">0.80000000000</SimpleData>
            <SimpleData name="Situaci_1">Pol?gono</SimpleData>
            <SimpleData name="Plantado">SI</SimpleData>
            <SimpleData name="Fecha_Plan">2025/10/10</SimpleData>
            <SimpleData name="Jornales">0.00000000000</SimpleData>
            <SimpleData name="Monto">0.00000000000</SimpleData>
            <SimpleData name="Grupo_de_p">C-P1-XX-XX-XX</SimpleData>
            <SimpleData name="Estado_del">Activo</SimpleData>
            <SimpleData name="Empresa">Unique Wood Paraguay SA</SimpleData>
            <SimpleData name="Lote">C</SimpleData>
            <SimpleData name="Parametro">0.00000000000</SimpleData>
            <SimpleData name="Sup_SIG">0.90813043688</SimpleData>
            <SimpleData name="X">-55.71388371000</SimpleData>
            <SimpleData name="Y">-25.65219897000</SimpleData>
            <SimpleData name="cedula">7174509</SimpleData>
            <SimpleData name="Cédula_1">7174509.00000000000</SimpleData>
            <SimpleData name="Estado_d_1">Activo</SimpleData>
            <SimpleData name="OBJECTID_1">6239</SimpleData>
            <SimpleData name="Shape_Leng">731.99009058200</SimpleData>
            <SimpleData name="Shape_Area">9081.30436879000</SimpleData>
          </SchemaData>
        </ExtendedData>
        <MultiGeometry>
          <Polygon>
            <outerBoundaryIs>
              <LinearRing>
                <coordinates>
                  -55.7158307003082,-25.6575176005795,0
                  -55.7158591002489,-25.6568102993324,0
                  -55.7156378002205,-25.6568177000213,0
                  -55.7154233002673,-25.6574633000653,0
                  -55.7158307003082,-25.6575176005795,0
                </coordinates>
              </LinearRing>
            </outerBoundaryIs>
          </Polygon>
          <Polygon>
            <outerBoundaryIs>
              <LinearRing>
                <coordinates>
                  -55.7152321995799,-25.6548978005784,0
                  -55.7148541999334,-25.6547839006376,0
                  -55.7147404000192,-25.6551269994672,0
                  -55.7151675000377,-25.6552238005347,0
                  -55.7152321995799,-25.6548978005784,0
                </coordinates>
              </LinearRing>
            </outerBoundaryIs>
          </Polygon>
          <Polygon>
            <outerBoundaryIs>
              <LinearRing>
                <coordinates>
                  -55.7134951003444,-25.6522407003355,0
                  -55.7134319997699,-25.6524716000105,0
                  -55.7141814998657,-25.6525795004218,0
                  -55.7142713997348,-25.6521972995944,0
                  -55.7140054000854,-25.6521534999074,0
                  -55.7140316007965,-25.6519700999015,0
                  -55.7142899994918,-25.6520217003441,0
                  -55.7143258994498,-25.6518734998306,0
                  -55.7137410991436,-25.6517673998945,0
                  -55.7135906994611,-25.6520992000172,0
                  -55.7134951003444,-25.6522407003355,0
                </coordinates>
              </LinearRing>
            </outerBoundaryIs>
          </Polygon>
        </MultiGeometry>
      </Placemark>
      <Placemark id="Lote_C.13">
        <ExtendedData>
          <SchemaData schemaUrl="#Lote_C.schema">
            <SimpleData name="Cédula">3292462.00000000000</SimpleData>
            <SimpleData name="Nombres_y_">JUSTINA BENITEZ NU?EZ</SimpleData>
            <SimpleData name="Sexo">Mujer</SimpleData>
            <SimpleData name="Cambio_de_">NO</SimpleData>
            <SimpleData name="Titular_se">NO</SimpleData>
            <SimpleData name="ci_UNIF">3292462.00000000000</SimpleData>
            <SimpleData name="Situación">NO</SimpleData>
            <SimpleData name="Comunidad">Ind?gena</SimpleData>
            <SimpleData name="Modelo_imp">Modelo 2</SimpleData>
            <SimpleData name="Departamen">CAAGUAZU</SimpleData>
            <SimpleData name="Distrito">REPATRIACION</SimpleData>
            <SimpleData name="Localidad"><![CDATA[COM INDIG YHOVY'I]]></SimpleData>
            <SimpleData name="Teléfono">ND</SimpleData>
            <SimpleData name="Vivienda_L">-25.68225500000</SimpleData>
            <SimpleData name="Vivienda_1">-55.74943830000</SimpleData>
            <SimpleData name="Superficie">0.80000000000</SimpleData>
            <SimpleData name="Situaci_1">Pol?gono</SimpleData>
            <SimpleData name="Plantado">SI</SimpleData>
            <SimpleData name="Fecha_Plan">2025/10/23</SimpleData>
            <SimpleData name="Jornales">0.00000000000</SimpleData>
            <SimpleData name="Monto">0.00000000000</SimpleData>
            <SimpleData name="Grupo_de_p">C-P1-XX-XX-XX</SimpleData>
            <SimpleData name="Estado_del">Activo</SimpleData>
            <SimpleData name="Empresa">Unique Wood Paraguay SA</SimpleData>
            <SimpleData name="Lote">C</SimpleData>
            <SimpleData name="Parametro">0.00000000000</SimpleData>
            <SimpleData name="Sup_SIG">0.89515262129</SimpleData>
            <SimpleData name="X">-55.75105543000</SimpleData>
            <SimpleData name="Y">-25.68382330000</SimpleData>
            <SimpleData name="cedula">3292462</SimpleData>
            <SimpleData name="Cédula_1">3292462.00000000000</SimpleData>
            <SimpleData name="Estado_d_1">Activo</SimpleData>
            <SimpleData name="OBJECTID_1">8713</SimpleData>
            <SimpleData name="Shape_Leng">380.02998589700</SimpleData>
            <SimpleData name="Shape_Area">8951.52621288000</SimpleData>
          </SchemaData>
        </ExtendedData>
        <Polygon>
          <outerBoundaryIs>
            <LinearRing>
              <coordinates>
                -55.7503853001405,-25.6836275003745,0
                -55.7507923004714,-25.6843584000788,0
                -55.7517082996368,-25.6840066998825,0
                -55.7513583000745,-25.6833033004758,0
                -55.7503853001405,-25.6836275003745,0
              </coordinates>
            </LinearRing>
          </outerBoundaryIs>
        </Polygon>
      </Placemark>
      <Placemark id="Lote_C.14">
        <ExtendedData>
          <SchemaData schemaUrl="#Lote_C.schema">
            <SimpleData name="Cédula">6240997.00000000000</SimpleData>
            <SimpleData name="Nombres_y_">MELANIA SOSA BENITEZ</SimpleData>
            <SimpleData name="Sexo">Mujer</SimpleData>
            <SimpleData name="Cambio_de_">NO</SimpleData>
            <SimpleData name="Titular_se">NO</SimpleData>
            <SimpleData name="ci_UNIF">6240997.00000000000</SimpleData>
            <SimpleData name="Situación">NO</SimpleData>
            <SimpleData name="Comunidad">Ind?gena</SimpleData>
            <SimpleData name="Modelo_imp">Modelo 2</SimpleData>
            <SimpleData name="Departamen">CAAGUAZU</SimpleData>
            <SimpleData name="Distrito">REPATRIACION</SimpleData>
            <SimpleData name="Localidad">COM INDIG KAATYMI</SimpleData>
            <SimpleData name="Teléfono">0986825377</SimpleData>
            <SimpleData name="Vivienda_L">-25.65546350000</SimpleData>
            <SimpleData name="Vivienda_1">-55.70161870000</SimpleData>
            <SimpleData name="Superficie">0.80000000000</SimpleData>
            <SimpleData name="Situaci_1">Pol?gono</SimpleData>
            <SimpleData name="Plantado">SI</SimpleData>
            <SimpleData name="Fecha_Plan">2025/09/22</SimpleData>
            <SimpleData name="Jornales">0.00000000000</SimpleData>
            <SimpleData name="Monto">0.00000000000</SimpleData>
            <SimpleData name="Grupo_de_p">C-P1-XX-XX-XX</SimpleData>
            <SimpleData name="Estado_del">Activo</SimpleData>
            <SimpleData name="Empresa">Unique Wood Paraguay SA</SimpleData>
            <SimpleData name="Lote">C</SimpleData>
            <SimpleData name="Parametro">0.00000000000</SimpleData>
            <SimpleData name="Sup_SIG">0.87195080251</SimpleData>
            <SimpleData name="X">-55.70299857000</SimpleData>
            <SimpleData name="Y">-25.65653589000</SimpleData>
            <SimpleData name="cedula">6240997</SimpleData>
            <SimpleData name="Cédula_1">6240997.00000000000</SimpleData>
            <SimpleData name="Estado_d_1">Activo</SimpleData>
            <SimpleData name="OBJECTID_1">5604</SimpleData>
            <SimpleData name="Shape_Leng">376.46502375700</SimpleData>
            <SimpleData name="Shape_Area">8719.50802510000</SimpleData>
          </SchemaData>
        </ExtendedData>
        <Polygon>
          <outerBoundaryIs>
            <LinearRing>
              <coordinates>
                -55.7025997002935,-25.6569353994107,0
                -55.7034665995179,-25.6570066004015,0
                -55.7034599995533,-25.6561633003014,0
                -55.7024733005413,-25.6560750003774,0
                -55.7025997002935,-25.6569353994107,0
              </coordinates>
            </LinearRing>
          </outerBoundaryIs>
        </Polygon>
      </Placemark>
      <Placemark id="Lote_C.15">
        <ExtendedData>
          <SchemaData schemaUrl="#Lote_C.schema">
            <SimpleData name="Cédula">6347063.00000000000</SimpleData>
            <SimpleData name="Nombres_y_">LEONIDAS BENITEZ MARTINEZ</SimpleData>
            <SimpleData name="Sexo">Mujer</SimpleData>
            <SimpleData name="Cambio_de_">NO</SimpleData>
            <SimpleData name="Titular_se">NO</SimpleData>
            <SimpleData name="ci_UNIF">6347063.00000000000</SimpleData>
            <SimpleData name="Situación">NO</SimpleData>
            <SimpleData name="Comunidad">Ind?gena</SimpleData>
            <SimpleData name="Modelo_imp">Modelo 5</SimpleData>
            <SimpleData name="Departamen">CAAGUAZU</SimpleData>
            <SimpleData name="Distrito">REPATRIACION</SimpleData>
            <SimpleData name="Localidad">COM INDIG ?U JHOVY</SimpleData>
            <SimpleData name="Teléfono">ND</SimpleData>
            <SimpleData name="Vivienda_L">-25.64718000000</SimpleData>
            <SimpleData name="Vivienda_1">-55.71455000000</SimpleData>
            <SimpleData name="Superficie">0.70000000000</SimpleData>
            <SimpleData name="Situaci_1">Pol?gono</SimpleData>
            <SimpleData name="Plantado">SI</SimpleData>
            <SimpleData name="Fecha_Plan">2025/09/19</SimpleData>
            <SimpleData name="Jornales">0.00000000000</SimpleData>
            <SimpleData name="Monto">0.00000000000</SimpleData>
            <SimpleData name="Grupo_de_p">C-P1-XX-XX-XX</SimpleData>
            <SimpleData name="Estado_del">Activo</SimpleData>
            <SimpleData name="Empresa">Unique Wood Paraguay SA</SimpleData>
            <SimpleData name="Lote">C</SimpleData>
            <SimpleData name="Parametro">0.00000000000</SimpleData>
            <SimpleData name="Sup_SIG">0.76141762068</SimpleData>
            <SimpleData name="X">-55.71389670000</SimpleData>
            <SimpleData name="Y">-25.64655023000</SimpleData>
            <SimpleData name="cedula">6347063</SimpleData>
            <SimpleData name="Cédula_1">6347063.00000000000</SimpleData>
            <SimpleData name="Estado_d_1">Activo</SimpleData>
            <SimpleData name="OBJECTID_1">7127</SimpleData>
            <SimpleData name="Shape_Leng">381.64867413100</SimpleData>
            <SimpleData name="Shape_Area">7614.17620677000</SimpleData>
          </SchemaData>
        </ExtendedData>
        <Polygon>
          <outerBoundaryIs>
            <LinearRing>
              <coordinates>
                -55.7133356991491,-25.6462624004485,0
                -55.7137589000805,-25.6470544004101,0
                -55.7138049998976,-25.647083299782,0
                -55.714466699757,-25.6468466999069,0
                -55.7141750001193,-25.646258300651,0
                -55.7140383000199,-25.6463399999136,0
                -55.7140139999878,-25.6461548999712,0
                -55.7140942997409,-25.6461165997111,0
                -55.713960099381,-25.6459863005213,0
                -55.7133356991491,-25.6462624004485,0
              </coordinates>
            </LinearRing>
          </outerBoundaryIs>
        </Polygon>
      </Placemark>
      <Placemark id="Lote_C.16">
        <ExtendedData>
          <SchemaData schemaUrl="#Lote_C.schema">
            <SimpleData name="Cédula">7990155.00000000000</SimpleData>
            <SimpleData name="Nombres_y_">ELSA FARI?A BENITEZ</SimpleData>
            <SimpleData name="Sexo">Mujer</SimpleData>
            <SimpleData name="Cambio_de_">NO</SimpleData>
            <SimpleData name="Titular_se">NO</SimpleData>
            <SimpleData name="ci_UNIF">7990155.00000000000</SimpleData>
            <SimpleData name="Situación">NO</SimpleData>
            <SimpleData name="Comunidad">Ind?gena</SimpleData>
            <SimpleData name="Modelo_imp">Modelo 5</SimpleData>
            <SimpleData name="Departamen">CAAGUAZU</SimpleData>
            <SimpleData name="Distrito">REPATRIACION</SimpleData>
            <SimpleData name="Localidad">COM INDIG KAATYMI</SimpleData>
            <SimpleData name="Teléfono">ND</SimpleData>
            <SimpleData name="Vivienda_L">-25.66481080000</SimpleData>
            <SimpleData name="Vivienda_1">-55.70106790000</SimpleData>
            <SimpleData name="Superficie">0.70000000000</SimpleData>
            <SimpleData name="Situaci_1">Pol?gono</SimpleData>
            <SimpleData name="Plantado">SI</SimpleData>
            <SimpleData name="Fecha_Plan">2025/09/26</SimpleData>
            <SimpleData name="Jornales">0.00000000000</SimpleData>
            <SimpleData name="Monto">0.00000000000</SimpleData>
            <SimpleData name="Grupo_de_p">C-P1-XX-XX-XX</SimpleData>
            <SimpleData name="Estado_del">Activo</SimpleData>
            <SimpleData name="Empresa">Unique Wood Paraguay SA</SimpleData>
            <SimpleData name="Lote">C</SimpleData>
            <SimpleData name="Parametro">0.00000000000</SimpleData>
            <SimpleData name="Sup_SIG">0.77995960766</SimpleData>
            <SimpleData name="X">-55.70053923000</SimpleData>
            <SimpleData name="Y">-25.66550086000</SimpleData>
            <SimpleData name="cedula">7990155</SimpleData>
            <SimpleData name="Cédula_1">7990155.00000000000</SimpleData>
            <SimpleData name="Estado_d_1">Activo</SimpleData>
            <SimpleData name="OBJECTID_1">5596</SimpleData>
            <SimpleData name="Shape_Leng">373.47769614800</SimpleData>
            <SimpleData name="Shape_Area">7799.59607659000</SimpleData>
          </SchemaData>
        </ExtendedData>
        <Polygon>
          <outerBoundaryIs>
            <LinearRing>
              <coordinates>
                -55.7002617000453,-25.6659767001966,0
                -55.7009266998119,-25.6659982996474,0
                -55.7008369998286,-25.6649375001035,0
                -55.7003258004918,-25.664949900262,0
                -55.7003004002358,-25.6653402001195,0
                -55.7000183000667,-25.6654872002581,0
                -55.7000250004058,-25.6655949998775,0
                -55.7001883001611,-25.6657633998547,0
                -55.7002617000453,-25.6659767001966,0
              </coordinates>
            </LinearRing>
          </outerBoundaryIs>
        </Polygon>
      </Placemark>
      <Placemark id="Lote_C.17">
        <ExtendedData>
          <SchemaData schemaUrl="#Lote_C.schema">
            <SimpleData name="Cédula">6374519.00000000000</SimpleData>
            <SimpleData name="Nombres_y_">EDGAR ACOSTA ROMERO</SimpleData>
            <SimpleData name="Sexo">Hombre</SimpleData>
            <SimpleData name="Cambio_de_">NO</SimpleData>
            <SimpleData name="Titular_se">NO</SimpleData>
            <SimpleData name="ci_UNIF">6374519.00000000000</SimpleData>
            <SimpleData name="Situación">NO</SimpleData>
            <SimpleData name="Comunidad">Ind?gena</SimpleData>
            <SimpleData name="Modelo_imp">Modelo 5</SimpleData>
            <SimpleData name="Departamen">CAAGUAZU</SimpleData>
            <SimpleData name="Distrito">REPATRIACION</SimpleData>
            <SimpleData name="Localidad">COM INDIG ?U JHOVY</SimpleData>
            <SimpleData name="Teléfono">0971429659</SimpleData>
            <SimpleData name="Vivienda_L">-25.64170670000</SimpleData>
            <SimpleData name="Vivienda_1">-55.72140330000</SimpleData>
            <SimpleData name="Superficie">0.70000000000</SimpleData>
            <SimpleData name="Situaci_1">Pol?gono</SimpleData>
            <SimpleData name="Plantado">SI</SimpleData>
            <SimpleData name="Fecha_Plan">2025/09/19</SimpleData>
            <SimpleData name="Jornales">0.00000000000</SimpleData>
            <SimpleData name="Monto">0.00000000000</SimpleData>
            <SimpleData name="Grupo_de_p">C-P1-XX-XX-XX</SimpleData>
            <SimpleData name="Estado_del">Activo</SimpleData>
            <SimpleData name="Empresa">Unique Wood Paraguay SA</SimpleData>
            <SimpleData name="Lote">C</SimpleData>
            <SimpleData name="Parametro">0.00000000000</SimpleData>
            <SimpleData name="Sup_SIG">0.69712215753</SimpleData>
            <SimpleData name="X">-55.72123930000</SimpleData>
            <SimpleData name="Y">-25.64202972000</SimpleData>
            <SimpleData name="cedula">6374519</SimpleData>
            <SimpleData name="Cédula_1">6374519.00000000000</SimpleData>
            <SimpleData name="Estado_d_1">Activo</SimpleData>
            <SimpleData name="OBJECTID_1">7128</SimpleData>
            <SimpleData name="Shape_Leng">361.77733504900</SimpleData>
            <SimpleData name="Shape_Area">6971.22157533000</SimpleData>
          </SchemaData>
        </ExtendedData>
        <Polygon>
          <outerBoundaryIs>
            <LinearRing>
              <coordinates>
                -55.7207049001727,-25.6417759999538,0
                -55.7211149003596,-25.6425021999789,0
                -55.7213744996634,-25.6424690997414,0
                -55.7218266998073,-25.6422867001642,0
                -55.7216487996531,-25.6418770001726,0
                -55.7213682007216,-25.6418985000518,0
                -55.7211499001398,-25.6414118997494,0
                -55.7207049001727,-25.6417759999538,0
              </coordinates>
            </LinearRing>
          </outerBoundaryIs>
        </Polygon>
      </Placemark>
      <Placemark id="Lote_C.18">
        <ExtendedData>
          <SchemaData schemaUrl="#Lote_C.schema">
            <SimpleData name="Cédula">3474840.00000000000</SimpleData>
            <SimpleData name="Nombres_y_">JUAN BERTON ACOSTA BENITEZ</SimpleData>
            <SimpleData name="Sexo">Hombre</SimpleData>
            <SimpleData name="Cambio_de_">NO</SimpleData>
            <SimpleData name="Titular_se">NO</SimpleData>
            <SimpleData name="ci_UNIF">3474840.00000000000</SimpleData>
            <SimpleData name="Situación">NO</SimpleData>
            <SimpleData name="Comunidad">Campesina</SimpleData>
            <SimpleData name="Modelo_imp">Modelo 5</SimpleData>
            <SimpleData name="Departamen">CAAGUAZU</SimpleData>
            <SimpleData name="Distrito">REPATRIACION</SimpleData>
            <SimpleData name="Localidad">ARROYITO CHACORE</SimpleData>
            <SimpleData name="Teléfono">0975972646</SimpleData>
            <SimpleData name="Vivienda_L">-25.55088660000</SimpleData>
            <SimpleData name="Vivienda_1">-55.81102670000</SimpleData>
            <SimpleData name="Superficie">0.70000000000</SimpleData>
            <SimpleData name="Situaci_1">Par?metro</SimpleData>
            <SimpleData name="Plantado">SI</SimpleData>
            <SimpleData name="Fecha_Plan">2026/01/13</SimpleData>
            <SimpleData name="Jornales">0.00000000000</SimpleData>
            <SimpleData name="Monto">0.00000000000</SimpleData>
            <SimpleData name="Grupo_de_p">C-P2-XX-XX-XX</SimpleData>
            <SimpleData name="Estado_del">Activo</SimpleData>
            <SimpleData name="Empresa">Unique Wood Paraguay SA</SimpleData>
            <SimpleData name="Lote">C</SimpleData>
            <SimpleData name="Parametro">0.00000000000</SimpleData>
            <SimpleData name="Sup_SIG">0.72789723102</SimpleData>
            <SimpleData name="X">-55.80949137000</SimpleData>
            <SimpleData name="Y">-25.55220432000</SimpleData>
            <SimpleData name="cedula">3474840</SimpleData>
            <SimpleData name="Cédula_1">3474840.00000000000</SimpleData>
            <SimpleData name="Estado_d_1">Activo</SimpleData>
            <SimpleData name="OBJECTID_1">5636</SimpleData>
            <SimpleData name="Shape_Leng">377.11184246100</SimpleData>
            <SimpleData name="Shape_Area">7278.97231018000</SimpleData>
          </SchemaData>
        </ExtendedData>
        <Polygon>
          <outerBoundaryIs>
            <LinearRing>
              <coordinates>
                -55.8091627999182,-25.551620200289,0
                -55.8092849995939,-25.5528466999413,0
                -55.809784999942,-25.5527982996532,0
                -55.8097593997114,-25.5521175998402,0
                -55.8097471004,-25.5516117002626,0
                -55.8091627999182,-25.551620200289,0
              </coordinates>
            </LinearRing>
          </outerBoundaryIs>
        </Polygon>
      </Placemark>
      <Placemark id="Lote_C.19">
        <ExtendedData>
          <SchemaData schemaUrl="#Lote_C.schema">
            <SimpleData name="Cédula">5608880.00000000000</SimpleData>
            <SimpleData name="Nombres_y_">BIENVENIDO BOGARIN TORRES</SimpleData>
            <SimpleData name="Sexo">Hombre</SimpleData>
            <SimpleData name="Cambio_de_">NO</SimpleData>
            <SimpleData name="Titular_se">NO</SimpleData>
            <SimpleData name="ci_UNIF">5608880.00000000000</SimpleData>
            <SimpleData name="Situación">NO</SimpleData>
            <SimpleData name="Comunidad">Campesina</SimpleData>
            <SimpleData name="Modelo_imp">Modelo 1</SimpleData>
            <SimpleData name="Departamen">CAAGUAZU</SimpleData>
            <SimpleData name="Distrito">REPATRIACION</SimpleData>
            <SimpleData name="Localidad">ASENT. JULIANA FLEITAS</SimpleData>
            <SimpleData name="Teléfono">0975527808</SimpleData>
            <SimpleData name="Vivienda_L">-25.55059780000</SimpleData>
            <SimpleData name="Vivienda_1">-55.88314630000</SimpleData>
            <SimpleData name="Superficie">0.80000000000</SimpleData>
            <SimpleData name="Situaci_1">Par?metro</SimpleData>
            <SimpleData name="Plantado">SI</SimpleData>
            <SimpleData name="Fecha_Plan">2026/01/13</SimpleData>
            <SimpleData name="Jornales">0.00000000000</SimpleData>
            <SimpleData name="Monto">0.00000000000</SimpleData>
            <SimpleData name="Grupo_de_p">C-P2-XX-XX-XX</SimpleData>
            <SimpleData name="Estado_del">Activo</SimpleData>
            <SimpleData name="Empresa">Unique Wood Paraguay SA</SimpleData>
            <SimpleData name="Lote">C</SimpleData>
            <SimpleData name="Parametro">0.00000000000</SimpleData>
            <SimpleData name="Sup_SIG">0.95520597812</SimpleData>
            <SimpleData name="X">-55.73995524000</SimpleData>
            <SimpleData name="Y">-25.51716155000</SimpleData>
            <SimpleData name="cedula">5608880</SimpleData>
            <SimpleData name="Cédula_1">5608880.00000000000</SimpleData>
            <SimpleData name="Estado_d_1">Activo</SimpleData>
            <SimpleData name="OBJECTID_1">5625</SimpleData>
            <SimpleData name="Shape_Leng">490.09842310800</SimpleData>
            <SimpleData name="Shape_Area">9552.05978123000</SimpleData>
          </SchemaData>
        </ExtendedData>
        <Polygon>
          <outerBoundaryIs>
            <LinearRing>
              <coordinates>
                -55.7392146997065,-25.5177626003847,0
                -55.7396004997289,-25.5180283996067,0
                -55.7407125000858,-25.5165345002945,0
                -55.7402875996081,-25.5163191998442,0
                -55.7392146997065,-25.5177626003847,0
              </coordinates>
            </LinearRing>
          </outerBoundaryIs>
        </Polygon>
      </Placemark>
      <Placemark id="Lote_C.20">
        <ExtendedData>
          <SchemaData schemaUrl="#Lote_C.schema">
            <SimpleData name="Cédula">6731114.00000000000</SimpleData>
            <SimpleData name="Nombres_y_">FRANCISCA FRANCO ARIAS</SimpleData>
            <SimpleData name="Sexo">Mujer</SimpleData>
            <SimpleData name="Cambio_de_">NO</SimpleData>
            <SimpleData name="Titular_se">NO</SimpleData>
            <SimpleData name="ci_UNIF">6731114.00000000000</SimpleData>
            <SimpleData name="Situación">NO</SimpleData>
            <SimpleData name="Comunidad">Campesina</SimpleData>
            <SimpleData name="Modelo_imp">Modelo 1</SimpleData>
            <SimpleData name="Departamen">CAAGUAZU</SimpleData>
            <SimpleData name="Distrito">REPATRIACION</SimpleData>
            <SimpleData name="Localidad">AGUILA NEGRA</SimpleData>
            <SimpleData name="Teléfono">0976421362</SimpleData>
            <SimpleData name="Vivienda_L">-25.62999330000</SimpleData>
            <SimpleData name="Vivienda_1">-55.70509000000</SimpleData>
            <SimpleData name="Superficie">0.80000000000</SimpleData>
            <SimpleData name="Situaci_1">Pol?gono</SimpleData>
            <SimpleData name="Plantado">SI</SimpleData>
            <SimpleData name="Fecha_Plan">2025/10/02</SimpleData>
            <SimpleData name="Jornales">0.00000000000</SimpleData>
            <SimpleData name="Monto">0.00000000000</SimpleData>
            <SimpleData name="Grupo_de_p">C-P1-XX-XX-XX</SimpleData>
            <SimpleData name="Estado_del">Activo</SimpleData>
            <SimpleData name="Empresa">Unique Wood Paraguay SA</SimpleData>
            <SimpleData name="Lote">C</SimpleData>
            <SimpleData name="Parametro">0.00000000000</SimpleData>
            <SimpleData name="Sup_SIG">0.99498073056</SimpleData>
            <SimpleData name="X">-55.70480054000</SimpleData>
            <SimpleData name="Y">-25.62899888000</SimpleData>
            <SimpleData name="cedula">6731114</SimpleData>
            <SimpleData name="Cédula_1">6731114.00000000000</SimpleData>
            <SimpleData name="Estado_d_1">Activo</SimpleData>
            <SimpleData name="OBJECTID_1">5635</SimpleData>
            <SimpleData name="Shape_Leng">407.34351981500</SimpleData>
            <SimpleData name="Shape_Area">9949.80730558000</SimpleData>
          </SchemaData>
        </ExtendedData>
        <Polygon>
          <outerBoundaryIs>
            <LinearRing>
              <coordinates>
                -55.7045400000341,-25.6292801999604,0
                -55.7049749007358,-25.6296214004761,0
                -55.7055049999119,-25.6292762001771,0
                -55.7053967001911,-25.6290816994765,0
                -55.7047579003247,-25.6284100995963,0
                -55.7040366998235,-25.6286832998053,0
                -55.7045400000341,-25.6292801999604,0
              </coordinates>
            </LinearRing>
          </outerBoundaryIs>
        </Polygon>
      </Placemark>
      <Placemark id="Lote_C.21">
        <ExtendedData>
          <SchemaData schemaUrl="#Lote_C.schema">
            <SimpleData name="Cédula">6278537.00000000000</SimpleData>
            <SimpleData name="Nombres_y_">FRANCISCA BRITEZ BRITEZ</SimpleData>
            <SimpleData name="Sexo">Mujer</SimpleData>
            <SimpleData name="Cambio_de_">NO</SimpleData>
            <SimpleData name="Titular_se">NO</SimpleData>
            <SimpleData name="ci_UNIF">6278537.00000000000</SimpleData>
            <SimpleData name="Situación">NO</SimpleData>
            <SimpleData name="Comunidad">Ind?gena</SimpleData>
            <SimpleData name="Modelo_imp">Modelo 2</SimpleData>
            <SimpleData name="Departamen">CAAGUAZU</SimpleData>
            <SimpleData name="Distrito">REPATRIACION</SimpleData>
            <SimpleData name="Localidad">COM INDIG KAATYMI</SimpleData>
            <SimpleData name="Teléfono">ND</SimpleData>
            <SimpleData name="Vivienda_L">-25.53634780000</SimpleData>
            <SimpleData name="Vivienda_1">-55.99284740000</SimpleData>
            <SimpleData name="Superficie">0.70000000000</SimpleData>
            <SimpleData name="Situaci_1">Pol?gono</SimpleData>
            <SimpleData name="Plantado">SI</SimpleData>
            <SimpleData name="Fecha_Plan">2025/09/22</SimpleData>
            <SimpleData name="Jornales">0.00000000000</SimpleData>
            <SimpleData name="Monto">0.00000000000</SimpleData>
            <SimpleData name="Grupo_de_p">C-P1-XX-XX-XX</SimpleData>
            <SimpleData name="Estado_del">Activo</SimpleData>
            <SimpleData name="Empresa">Unique Wood Paraguay SA</SimpleData>
            <SimpleData name="Lote">C</SimpleData>
            <SimpleData name="Parametro">0.00000000000</SimpleData>
            <SimpleData name="Sup_SIG">1.05164950923</SimpleData>
            <SimpleData name="X">-55.69328691000</SimpleData>
            <SimpleData name="Y">-25.65696054000</SimpleData>
            <SimpleData name="cedula">6278537</SimpleData>
            <SimpleData name="Cédula_1">6278537.00000000000</SimpleData>
            <SimpleData name="Estado_d_1">Activo</SimpleData>
            <SimpleData name="OBJECTID_1">7130</SimpleData>
            <SimpleData name="Shape_Leng">493.24050410200</SimpleData>
            <SimpleData name="Shape_Area">10516.49509230000</SimpleData>
          </SchemaData>
        </ExtendedData>
        <Polygon>
          <outerBoundaryIs>
            <LinearRing>
              <coordinates>
                -55.6924000008314,-25.6570750001292,0
                -55.6939606235501,-25.657320679347,0
                -55.6942103999645,-25.6573600006112,0
                -55.69432540024,-25.6570469006815,0
                -55.6942417001154,-25.6569282998431,0
                -55.6923762574931,-25.6565022346669,0
                -55.6923926798173,-25.6570222929947,0
                -55.6924000008314,-25.6570750001292,0
              </coordinates>
            </LinearRing>
          </outerBoundaryIs>
        </Polygon>
      </Placemark>
      <Placemark id="Lote_C.22">
        <ExtendedData>
          <SchemaData schemaUrl="#Lote_C.schema">
            <SimpleData name="Cédula">8061446.00000000000</SimpleData>
            <SimpleData name="Nombres_y_">ZUNILDA DUARTE ROMERO</SimpleData>
            <SimpleData name="Sexo">Mujer</SimpleData>
            <SimpleData name="Cambio_de_">NO</SimpleData>
            <SimpleData name="Titular_se">NO</SimpleData>
            <SimpleData name="ci_UNIF">8061446.00000000000</SimpleData>
            <SimpleData name="Situación">NO</SimpleData>
            <SimpleData name="Comunidad">Ind?gena</SimpleData>
            <SimpleData name="Modelo_imp">Modelo 5</SimpleData>
            <SimpleData name="Departamen">CAAGUAZU</SimpleData>
            <SimpleData name="Distrito">REPATRIACION</SimpleData>
            <SimpleData name="Localidad">COM INDIG KAATYMI</SimpleData>
            <SimpleData name="Teléfono">0976422139</SimpleData>
            <SimpleData name="Vivienda_L">-25.66701040000</SimpleData>
            <SimpleData name="Vivienda_1">-55.69343100000</SimpleData>
            <SimpleData name="Superficie">0.70000000000</SimpleData>
            <SimpleData name="Situaci_1">Pol?gono</SimpleData>
            <SimpleData name="Plantado">SI</SimpleData>
            <SimpleData name="Fecha_Plan">2025/10/24</SimpleData>
            <SimpleData name="Jornales">0.00000000000</SimpleData>
            <SimpleData name="Monto">0.00000000000</SimpleData>
            <SimpleData name="Grupo_de_p">C-P1-XX-XX-XX</SimpleData>
            <SimpleData name="Estado_del">Activo</SimpleData>
            <SimpleData name="Empresa">Unique Wood Paraguay SA</SimpleData>
            <SimpleData name="Lote">C</SimpleData>
            <SimpleData name="Parametro">0.00000000000</SimpleData>
            <SimpleData name="Sup_SIG">0.72337891847</SimpleData>
            <SimpleData name="X">-55.69425081000</SimpleData>
            <SimpleData name="Y">-25.66722706000</SimpleData>
            <SimpleData name="cedula">8061446</SimpleData>
            <SimpleData name="Cédula_1">8061446.00000000000</SimpleData>
            <SimpleData name="Estado_d_1">Activo</SimpleData>
            <SimpleData name="OBJECTID_1">5605</SimpleData>
            <SimpleData name="Shape_Leng">334.48453625300</SimpleData>
            <SimpleData name="Shape_Area">7233.78918467000</SimpleData>
          </SchemaData>
        </ExtendedData>
        <Polygon>
          <outerBoundaryIs>
            <LinearRing>
              <coordinates>
                -55.6938284999974,-25.6673749998217,0
                -55.693936699641,-25.6676516995754,0
                -55.6946209004988,-25.6676467005786,0
                -55.6946880000411,-25.6669160004642,0
                -55.6939239992901,-25.6667258000017,0
                -55.6938284999974,-25.6673749998217,0
              </coordinates>
            </LinearRing>
          </outerBoundaryIs>
        </Polygon>
      </Placemark>
      <Placemark id="Lote_C.23">
        <ExtendedData>
          <SchemaData schemaUrl="#Lote_C.schema">
            <SimpleData name="Cédula">6216126.00000000000</SimpleData>
            <SimpleData name="Nombres_y_">FLORENTINA FERNANDEZ MENDOZA</SimpleData>
            <SimpleData name="Sexo">Mujer</SimpleData>
            <SimpleData name="Cambio_de_">NO</SimpleData>
            <SimpleData name="Titular_se">NO</SimpleData>
            <SimpleData name="ci_UNIF">6216126.00000000000</SimpleData>
            <SimpleData name="Situación">NO</SimpleData>
            <SimpleData name="Comunidad">Ind?gena</SimpleData>
            <SimpleData name="Modelo_imp">Modelo 5</SimpleData>
            <SimpleData name="Departamen">CAAGUAZU</SimpleData>
            <SimpleData name="Distrito">REPATRIACION</SimpleData>
            <SimpleData name="Localidad">COM INDIG PINDO-I</SimpleData>
            <SimpleData name="Teléfono">0972910550</SimpleData>
            <SimpleData name="Vivienda_L">-25.53332890000</SimpleData>
            <SimpleData name="Vivienda_1">-55.64779730000</SimpleData>
            <SimpleData name="Superficie">0.70000000000</SimpleData>
            <SimpleData name="Situaci_1">Par?metro</SimpleData>
            <SimpleData name="Plantado">SI</SimpleData>
            <SimpleData name="Fecha_Plan">2026/01/14</SimpleData>
            <SimpleData name="Jornales">0.00000000000</SimpleData>
            <SimpleData name="Monto">0.00000000000</SimpleData>
            <SimpleData name="Grupo_de_p">C-P2-XX-XX-XX</SimpleData>
            <SimpleData name="Estado_del">Activo</SimpleData>
            <SimpleData name="Empresa">Unique Wood Paraguay SA</SimpleData>
            <SimpleData name="Lote">C</SimpleData>
            <SimpleData name="Parametro">0.00000000000</SimpleData>
            <SimpleData name="Sup_SIG">0.78769386664</SimpleData>
            <SimpleData name="X">-55.64839130000</SimpleData>
            <SimpleData name="Y">-25.53433269000</SimpleData>
            <SimpleData name="cedula">6216126</SimpleData>
            <SimpleData name="Cédula_1">6216126.00000000000</SimpleData>
            <SimpleData name="Estado_d_1">Activo</SimpleData>
            <SimpleData name="OBJECTID_1">5619</SimpleData>
            <SimpleData name="Shape_Leng">398.02392230900</SimpleData>
            <SimpleData name="Shape_Area">7876.93866635000</SimpleData>
          </SchemaData>
        </ExtendedData>
        <Polygon>
          <outerBoundaryIs>
            <LinearRing>
              <coordinates>
                -55.6478467004821,-25.5340033002449,0
                -55.648333300386,-25.5349399999974,0
                -55.6485816997362,-25.5348466999782,0
                -55.6489566998712,-25.5344583000454,0
                -55.6487916995759,-25.5340967003089,0
                -55.6487150000117,-25.5341133001664,0
                -55.6486516996085,-25.533993299729,0
                -55.6483699999215,-25.5340899999046,0
                -55.6481350001366,-25.5336499998139,0
                -55.6478467004821,-25.5340033002449,0
              </coordinates>
            </LinearRing>
          </outerBoundaryIs>
        </Polygon>
      </Placemark>
      <Placemark id="Lote_C.24">
        <ExtendedData>
          <SchemaData schemaUrl="#Lote_C.schema">
            <SimpleData name="Cédula">4416128.00000000000</SimpleData>
            <SimpleData name="Nombres_y_">MARCELINA MARTINEZ ORTIZ</SimpleData>
            <SimpleData name="Sexo">Mujer</SimpleData>
            <SimpleData name="Cambio_de_">NO</SimpleData>
            <SimpleData name="Titular_se">NO</SimpleData>
            <SimpleData name="ci_UNIF">4416128.00000000000</SimpleData>
            <SimpleData name="Situación">NO</SimpleData>
            <SimpleData name="Comunidad">Ind?gena</SimpleData>
            <SimpleData name="Modelo_imp">Modelo 5</SimpleData>
            <SimpleData name="Departamen">CAAGUAZU</SimpleData>
            <SimpleData name="Distrito">REPATRIACION</SimpleData>
            <SimpleData name="Localidad">COM INDIG PINDO-I</SimpleData>
            <SimpleData name="Teléfono">0971605764</SimpleData>
            <SimpleData name="Vivienda_L">-25.52119810000</SimpleData>
            <SimpleData name="Vivienda_1">-55.64165450000</SimpleData>
            <SimpleData name="Superficie">0.70000000000</SimpleData>
            <SimpleData name="Situaci_1">Par?metro</SimpleData>
            <SimpleData name="Plantado">SI</SimpleData>
            <SimpleData name="Fecha_Plan">2026/01/14</SimpleData>
            <SimpleData name="Jornales">0.00000000000</SimpleData>
            <SimpleData name="Monto">0.00000000000</SimpleData>
            <SimpleData name="Grupo_de_p">C-P2-XX-XX-XX</SimpleData>
            <SimpleData name="Estado_del">Activo</SimpleData>
            <SimpleData name="Empresa">Unique Wood Paraguay SA</SimpleData>
            <SimpleData name="Lote">C</SimpleData>
            <SimpleData name="Parametro">0.00000000000</SimpleData>
            <SimpleData name="Sup_SIG">0.69865446123</SimpleData>
            <SimpleData name="X">-55.64175131000</SimpleData>
            <SimpleData name="Y">-25.52069919000</SimpleData>
            <SimpleData name="cedula">4416128</SimpleData>
            <SimpleData name="Cédula_1">4416128.00000000000</SimpleData>
            <SimpleData name="Estado_d_1">Activo</SimpleData>
            <SimpleData name="OBJECTID_1">7926</SimpleData>
            <SimpleData name="Shape_Leng">544.15554340200</SimpleData>
            <SimpleData name="Shape_Area">6986.54461228000</SimpleData>
          </SchemaData>
        </ExtendedData>
        <MultiGeometry>
          <Polygon>
            <outerBoundaryIs>
              <LinearRing>
                <coordinates>
                  -55.6417699999027,-25.5226649997429,0
                  -55.64178329968,-25.5217933002508,0
                  -55.641413300246,-25.5219566997686,0
                  -55.6417699999027,-25.5226649997429,0
                </coordinates>
              </LinearRing>
            </outerBoundaryIs>
          </Polygon>
          <Polygon>
            <outerBoundaryIs>
              <LinearRing>
                <coordinates>
                  -55.641336700253,-25.5209367004113,0
                  -55.6414550002455,-25.5210216996277,0
                  -55.6416932997466,-25.5209349999082,0
                  -55.641909999542,-25.5211932995804,0
                  -55.6421232997313,-25.5206449995694,0
                  -55.6421949999975,-25.5202867003645,0
                  -55.6413049997304,-25.5205333000246,0
                  -55.641336700253,-25.5209367004113,0
                </coordinates>
              </LinearRing>
            </outerBoundaryIs>
          </Polygon>
        </MultiGeometry>
      </Placemark>
      <Placemark id="Lote_C.25">
        <ExtendedData>
          <SchemaData schemaUrl="#Lote_C.schema">
            <SimpleData name="Cédula">6365985.00000000000</SimpleData>
            <SimpleData name="Nombres_y_">MARIA DEL CARMEN ACOSTA QUI?ONEZ</SimpleData>
            <SimpleData name="Sexo">Mujer</SimpleData>
            <SimpleData name="Cambio_de_">NO</SimpleData>
            <SimpleData name="Titular_se">NO</SimpleData>
            <SimpleData name="ci_UNIF">6365985.00000000000</SimpleData>
            <SimpleData name="Situación">NO</SimpleData>
            <SimpleData name="Comunidad">Campesina</SimpleData>
            <SimpleData name="Modelo_imp">Modelo 6</SimpleData>
            <SimpleData name="Departamen">CAAGUAZU</SimpleData>
            <SimpleData name="Distrito">REPATRIACION</SimpleData>
            <SimpleData name="Localidad">ASENT. JULIANA FLEITAS</SimpleData>
            <SimpleData name="Teléfono">0972338711</SimpleData>
            <SimpleData name="Vivienda_L">-25.47930750000</SimpleData>
            <SimpleData name="Vivienda_1">-55.70176130000</SimpleData>
            <SimpleData name="Superficie">0.90000000000</SimpleData>
            <SimpleData name="Situaci_1">Par?metro</SimpleData>
            <SimpleData name="Plantado">SI</SimpleData>
            <SimpleData name="Fecha_Plan">2026/01/13</SimpleData>
            <SimpleData name="Jornales">0.00000000000</SimpleData>
            <SimpleData name="Monto">0.00000000000</SimpleData>
            <SimpleData name="Grupo_de_p">C-P2-XX-XX-XX</SimpleData>
            <SimpleData name="Estado_del">Activo</SimpleData>
            <SimpleData name="Empresa">Unique Wood Paraguay SA</SimpleData>
            <SimpleData name="Lote">C</SimpleData>
            <SimpleData name="Parametro">0.00000000000</SimpleData>
            <SimpleData name="Sup_SIG">0.90127386379</SimpleData>
            <SimpleData name="X">-55.74138033000</SimpleData>
            <SimpleData name="Y">-25.49995095000</SimpleData>
            <SimpleData name="cedula">6365985</SimpleData>
            <SimpleData name="Cédula_1">6365985.00000000000</SimpleData>
            <SimpleData name="Estado_d_1">Activo</SimpleData>
            <SimpleData name="OBJECTID_1">5627</SimpleData>
            <SimpleData name="Shape_Leng">486.14503087500</SimpleData>
            <SimpleData name="Shape_Area">9012.73863785000</SimpleData>
          </SchemaData>
        </ExtendedData>
        <Polygon>
          <outerBoundaryIs>
            <LinearRing>
              <coordinates>
                -55.7414619002445,-25.5002697003974,0
                -55.7419919004111,-25.5007344999331,0
                -55.7422278002855,-25.5003692000738,0
                -55.7408014995152,-25.4991858998821,0
                -55.7405450000612,-25.49959999975,0
                -55.7414619002445,-25.5002697003974,0
              </coordinates>
            </LinearRing>
          </outerBoundaryIs>
        </Polygon>
      </Placemark>
      <Placemark id="Lote_C.26">
        <ExtendedData>
          <SchemaData schemaUrl="#Lote_C.schema">
            <SimpleData name="Cédula">7843474.00000000000</SimpleData>
            <SimpleData name="Nombres_y_">NANCY BENITEZ DUARTE</SimpleData>
            <SimpleData name="Sexo">Mujer</SimpleData>
            <SimpleData name="Cambio_de_">NO</SimpleData>
            <SimpleData name="Titular_se">NO</SimpleData>
            <SimpleData name="ci_UNIF">7843474.00000000000</SimpleData>
            <SimpleData name="Situación">NO</SimpleData>
            <SimpleData name="Comunidad">Ind?gena</SimpleData>
            <SimpleData name="Modelo_imp">Modelo 5</SimpleData>
            <SimpleData name="Departamen">CAAGUAZU</SimpleData>
            <SimpleData name="Distrito">REPATRIACION</SimpleData>
            <SimpleData name="Localidad">COM INDIG PINDO-I</SimpleData>
            <SimpleData name="Teléfono">ND</SimpleData>
            <SimpleData name="Vivienda_L">-25.53419290000</SimpleData>
            <SimpleData name="Vivienda_1">-55.67996270000</SimpleData>
            <SimpleData name="Superficie">0.70000000000</SimpleData>
            <SimpleData name="Situaci_1">Par?metro</SimpleData>
            <SimpleData name="Plantado">SI</SimpleData>
            <SimpleData name="Fecha_Plan">2026/01/14</SimpleData>
            <SimpleData name="Jornales">0.00000000000</SimpleData>
            <SimpleData name="Monto">0.00000000000</SimpleData>
            <SimpleData name="Grupo_de_p">C-P2-XX-XX-XX</SimpleData>
            <SimpleData name="Estado_del">Activo</SimpleData>
            <SimpleData name="Empresa">Unique Wood Paraguay SA</SimpleData>
            <SimpleData name="Lote">C</SimpleData>
            <SimpleData name="Parametro">0.00000000000</SimpleData>
            <SimpleData name="Sup_SIG">0.69457697207</SimpleData>
            <SimpleData name="X">-55.67970783000</SimpleData>
            <SimpleData name="Y">-25.53436544000</SimpleData>
            <SimpleData name="cedula">7843474</SimpleData>
            <SimpleData name="Cédula_1">7843474.00000000000</SimpleData>
            <SimpleData name="Estado_d_1">Activo</SimpleData>
            <SimpleData name="OBJECTID_1">5603</SimpleData>
            <SimpleData name="Shape_Leng">574.40280210600</SimpleData>
            <SimpleData name="Shape_Area">6945.76972074000</SimpleData>
          </SchemaData>
        </ExtendedData>
        <MultiGeometry>
          <Polygon>
            <outerBoundaryIs>
              <LinearRing>
                <coordinates>
                  -55.679315400209,-25.5341018002983,0
                  -55.6793690813335,-25.5340780840692,0
                  -55.679595000102,-25.5344267003912,0
                  -55.6793333002478,-25.5345867000573,0
                  -55.6797466998848,-25.5351050003091,0
                  -55.6801299999616,-25.5347882999412,0
                  -55.6796217005229,-25.5339833005052,0
                  -55.679552826594,-25.5339969065283,0
                  -55.6796632996391,-25.5339480997177,0
                  -55.6796099996358,-25.5337400001202,0
                  -55.6791213003841,-25.5338598998077,0
                  -55.679315400209,-25.5341018002983,0
                </coordinates>
              </LinearRing>
            </outerBoundaryIs>
          </Polygon>
          <Polygon>
            <outerBoundaryIs>
              <LinearRing>
                <coordinates>
                  -55.6801017003061,-25.5341133000321,0
                  -55.6802583005031,-25.5340699998139,0
                  -55.6800933003258,-25.5336049998124,0
                  -55.6799433001753,-25.5336666998025,0
                  -55.6801017003061,-25.5341133000321,0
                </coordinates>
              </LinearRing>
            </outerBoundaryIs>
          </Polygon>
        </MultiGeometry>
      </Placemark>
      <Placemark id="Lote_C.27">
        <ExtendedData>
          <SchemaData schemaUrl="#Lote_C.schema">
            <SimpleData name="Cédula">8474363.00000000000</SimpleData>
            <SimpleData name="Nombres_y_">ELENA BRITEZ VERA</SimpleData>
            <SimpleData name="Sexo">Mujer</SimpleData>
            <SimpleData name="Cambio_de_">NO</SimpleData>
            <SimpleData name="Titular_se">NO</SimpleData>
            <SimpleData name="ci_UNIF">8474363.00000000000</SimpleData>
            <SimpleData name="Situación">NO</SimpleData>
            <SimpleData name="Comunidad">Ind?gena</SimpleData>
            <SimpleData name="Modelo_imp">Modelo 5</SimpleData>
            <SimpleData name="Departamen">CAAGUAZU</SimpleData>
            <SimpleData name="Distrito">REPATRIACION</SimpleData>
            <SimpleData name="Localidad">COM INDIG ?U JHOVY</SimpleData>
            <SimpleData name="Teléfono">0975956770</SimpleData>
            <SimpleData name="Vivienda_L">-25.64491500000</SimpleData>
            <SimpleData name="Vivienda_1">-55.71636670000</SimpleData>
            <SimpleData name="Superficie">0.70000000000</SimpleData>
            <SimpleData name="Situaci_1">Pol?gono</SimpleData>
            <SimpleData name="Plantado">SI</SimpleData>
            <SimpleData name="Fecha_Plan">2025/09/19</SimpleData>
            <SimpleData name="Jornales">0.00000000000</SimpleData>
            <SimpleData name="Monto">0.00000000000</SimpleData>
            <SimpleData name="Grupo_de_p">C-P1-XX-XX-XX</SimpleData>
            <SimpleData name="Estado_del">Activo</SimpleData>
            <SimpleData name="Empresa">Unique Wood Paraguay SA</SimpleData>
            <SimpleData name="Lote">C</SimpleData>
            <SimpleData name="Parametro">0.00000000000</SimpleData>
            <SimpleData name="Sup_SIG">0.99407779719</SimpleData>
            <SimpleData name="X">-55.71703046000</SimpleData>
            <SimpleData name="Y">-25.64522637000</SimpleData>
            <SimpleData name="cedula">8474363</SimpleData>
            <SimpleData name="Cédula_1">8474363.00000000000</SimpleData>
            <SimpleData name="Estado_d_1">Activo</SimpleData>
            <SimpleData name="OBJECTID_1">7122</SimpleData>
            <SimpleData name="Shape_Leng">458.33478309000</SimpleData>
            <SimpleData name="Shape_Area">9940.77797192000</SimpleData>
          </SchemaData>
        </ExtendedData>
        <Polygon>
          <outerBoundaryIs>
            <LinearRing>
              <coordinates>
                -55.7165733003101,-25.6453379002589,0
                -55.7169819002402,-25.6459654999468,0
                -55.7176068007111,-25.6456803000393,0
                -55.7172042001963,-25.6450439994113,0
                -55.7173631997552,-25.6448851001057,0
                -55.7170187004892,-25.6443851000298,0
                -55.7165982993236,-25.6447166995054,0
                -55.7167706994369,-25.645082799684,0
                -55.7165732999872,-25.645245000356,0
                -55.7165733003101,-25.6453379002589,0
              </coordinates>
            </LinearRing>
          </outerBoundaryIs>
        </Polygon>
      </Placemark>
      <Placemark id="Lote_C.28">
        <ExtendedData>
          <SchemaData schemaUrl="#Lote_C.schema">
            <SimpleData name="Cédula">3264014.00000000000</SimpleData>
            <SimpleData name="Nombres_y_">BLACIDA BONIFACIA ACOSTA BENITEZ</SimpleData>
            <SimpleData name="Sexo">Mujer</SimpleData>
            <SimpleData name="Cambio_de_">NO</SimpleData>
            <SimpleData name="Titular_se">NO</SimpleData>
            <SimpleData name="ci_UNIF">3264014.00000000000</SimpleData>
            <SimpleData name="Situación">NO</SimpleData>
            <SimpleData name="Comunidad">Campesina</SimpleData>
            <SimpleData name="Modelo_imp">Modelo 5</SimpleData>
            <SimpleData name="Departamen">CAAGUAZU</SimpleData>
            <SimpleData name="Distrito">REPATRIACION</SimpleData>
            <SimpleData name="Localidad">ARROYITO CHACORE</SimpleData>
            <SimpleData name="Teléfono">0976474914</SimpleData>
            <SimpleData name="Vivienda_L">-25.55088770000</SimpleData>
            <SimpleData name="Vivienda_1">-55.81103080000</SimpleData>
            <SimpleData name="Superficie">0.70000000000</SimpleData>
            <SimpleData name="Situaci_1">Par?metro</SimpleData>
            <SimpleData name="Plantado">SI</SimpleData>
            <SimpleData name="Fecha_Plan">2026/01/13</SimpleData>
            <SimpleData name="Jornales">0.00000000000</SimpleData>
            <SimpleData name="Monto">0.00000000000</SimpleData>
            <SimpleData name="Grupo_de_p">C-P2-XX-XX-XX</SimpleData>
            <SimpleData name="Estado_del">Activo</SimpleData>
            <SimpleData name="Empresa">Unique Wood Paraguay SA</SimpleData>
            <SimpleData name="Lote">C</SimpleData>
            <SimpleData name="Parametro">0.00000000000</SimpleData>
            <SimpleData name="Sup_SIG">0.71079364327</SimpleData>
            <SimpleData name="X">-55.77187269000</SimpleData>
            <SimpleData name="Y">-25.52411110000</SimpleData>
            <SimpleData name="cedula">3264014</SimpleData>
            <SimpleData name="Cédula_1">3264014.00000000000</SimpleData>
            <SimpleData name="Estado_d_1">Activo</SimpleData>
            <SimpleData name="OBJECTID_1">5632</SimpleData>
            <SimpleData name="Shape_Leng">340.53205745900</SimpleData>
            <SimpleData name="Shape_Area">7107.93643273000</SimpleData>
          </SchemaData>
        </ExtendedData>
        <Polygon>
          <outerBoundaryIs>
            <LinearRing>
              <coordinates>
                -55.7713866996137,-25.5244649999113,0
                -55.7720816998049,-25.5245830996462,0
                -55.7724069999539,-25.5237724995559,0
                -55.7715951000286,-25.523661600086,0
                -55.7713866996137,-25.5244649999113,0
              </coordinates>
            </LinearRing>
          </outerBoundaryIs>
        </Polygon>
      </Placemark>
      <Placemark id="Lote_C.29">
        <ExtendedData>
          <SchemaData schemaUrl="#Lote_C.schema">
            <SimpleData name="Cédula">7206136.00000000000</SimpleData>
            <SimpleData name="Nombres_y_">ANTOLIANA BRITEZ BENITEZ</SimpleData>
            <SimpleData name="Sexo">Mujer</SimpleData>
            <SimpleData name="Cambio_de_">NO</SimpleData>
            <SimpleData name="Titular_se">NO</SimpleData>
            <SimpleData name="ci_UNIF">7206136.00000000000</SimpleData>
            <SimpleData name="Situación">NO</SimpleData>
            <SimpleData name="Comunidad">Ind?gena</SimpleData>
            <SimpleData name="Modelo_imp">Modelo 5</SimpleData>
            <SimpleData name="Departamen">CAAGUAZU</SimpleData>
            <SimpleData name="Distrito">REPATRIACION</SimpleData>
            <SimpleData name="Localidad">COM INDIG KAATYMI</SimpleData>
            <SimpleData name="Teléfono">ND</SimpleData>
            <SimpleData name="Vivienda_L">-25.66490450000</SimpleData>
            <SimpleData name="Vivienda_1">-55.70097970000</SimpleData>
            <SimpleData name="Superficie">0.70000000000</SimpleData>
            <SimpleData name="Situaci_1">Pol?gono</SimpleData>
            <SimpleData name="Plantado">SI</SimpleData>
            <SimpleData name="Fecha_Plan">2025/09/26</SimpleData>
            <SimpleData name="Jornales">0.00000000000</SimpleData>
            <SimpleData name="Monto">0.00000000000</SimpleData>
            <SimpleData name="Grupo_de_p">C-P1-XX-XX-XX</SimpleData>
            <SimpleData name="Estado_del">Activo</SimpleData>
            <SimpleData name="Empresa">Unique Wood Paraguay SA</SimpleData>
            <SimpleData name="Lote">C</SimpleData>
            <SimpleData name="Parametro">0.00000000000</SimpleData>
            <SimpleData name="Sup_SIG">0.90015197109</SimpleData>
            <SimpleData name="X">-55.70155424000</SimpleData>
            <SimpleData name="Y">-25.66543625000</SimpleData>
            <SimpleData name="cedula">7206136</SimpleData>
            <SimpleData name="Cédula_1">7206136.00000000000</SimpleData>
            <SimpleData name="Estado_d_1">Activo</SimpleData>
            <SimpleData name="OBJECTID_1">5597</SimpleData>
            <SimpleData name="Shape_Leng">401.85293555000</SimpleData>
            <SimpleData name="Shape_Area">9001.51971092000</SimpleData>
          </SchemaData>
        </ExtendedData>
        <Polygon>
          <outerBoundaryIs>
            <LinearRing>
              <coordinates>
                -55.7009964998844,-25.66532389956,0
                -55.7010598994341,-25.6659818998191,0
                -55.7016356995584,-25.6658551992125,0
                -55.7018725997348,-25.66564809985,0
                -55.7019038002158,-25.6654588994888,0
                -55.7022952008172,-25.6653426003564,0
                -55.7021794998044,-25.6649826994205,0
                -55.7014317002039,-25.6650908996648,0
                -55.7010422002631,-25.665190399937,0
                -55.7009964998844,-25.66532389956,0
              </coordinates>
            </LinearRing>
          </outerBoundaryIs>
        </Polygon>
      </Placemark>
      <Placemark id="Lote_C.30">
        <ExtendedData>
          <SchemaData schemaUrl="#Lote_C.schema">
            <SimpleData name="Cédula">5058958.00000000000</SimpleData>
            <SimpleData name="Nombres_y_">MARTA LILIANA SANTACRUZ VILLALBA</SimpleData>
            <SimpleData name="Sexo">Mujer</SimpleData>
            <SimpleData name="Cambio_de_">NO</SimpleData>
            <SimpleData name="Titular_se">NO</SimpleData>
            <SimpleData name="ci_UNIF">5058958.00000000000</SimpleData>
            <SimpleData name="Situación">NO</SimpleData>
            <SimpleData name="Comunidad">Campesina</SimpleData>
            <SimpleData name="Modelo_imp">Modelo 1</SimpleData>
            <SimpleData name="Departamen">CAAGUAZU</SimpleData>
            <SimpleData name="Distrito">REPATRIACION</SimpleData>
            <SimpleData name="Localidad">YPEGUA</SimpleData>
            <SimpleData name="Teléfono">0971466126</SimpleData>
            <SimpleData name="Vivienda_L">-25.50628000000</SimpleData>
            <SimpleData name="Vivienda_1">-55.76518170000</SimpleData>
            <SimpleData name="Superficie">0.80000000000</SimpleData>
            <SimpleData name="Situaci_1">Par?metro</SimpleData>
            <SimpleData name="Plantado">SI</SimpleData>
            <SimpleData name="Fecha_Plan">2026/01/13</SimpleData>
            <SimpleData name="Jornales">0.00000000000</SimpleData>
            <SimpleData name="Monto">0.00000000000</SimpleData>
            <SimpleData name="Grupo_de_p">C-P2-XX-XX-XX</SimpleData>
            <SimpleData name="Estado_del">Activo</SimpleData>
            <SimpleData name="Empresa">Unique Wood Paraguay SA</SimpleData>
            <SimpleData name="Lote">C</SimpleData>
            <SimpleData name="Parametro">0.00000000000</SimpleData>
            <SimpleData name="Sup_SIG">1.07449495508</SimpleData>
            <SimpleData name="X">-55.80052325000</SimpleData>
            <SimpleData name="Y">-25.54455888000</SimpleData>
            <SimpleData name="cedula">5058958</SimpleData>
            <SimpleData name="Cédula_1">5058958.00000000000</SimpleData>
            <SimpleData name="Estado_d_1">Activo</SimpleData>
            <SimpleData name="OBJECTID_1">5633</SimpleData>
            <SimpleData name="Shape_Leng">619.94493052700</SimpleData>
            <SimpleData name="Shape_Area">10744.94955080000</SimpleData>
          </SchemaData>
        </ExtendedData>
        <MultiGeometry>
          <Polygon>
            <outerBoundaryIs>
              <LinearRing>
                <coordinates>
                  -55.8009146001425,-25.5450240002908,0
                  -55.8014093998518,-25.5449840996915,0
                  -55.8015538002008,-25.5448437997484,0
                  -55.8007083997449,-25.5442165003165,0
                  -55.8005794995963,-25.544282200031,0
                  -55.8000843998107,-25.5447167001205,0
                  -55.8009146001425,-25.5450240002908,0
                </coordinates>
              </LinearRing>
            </outerBoundaryIs>
          </Polygon>
          <Polygon>
            <outerBoundaryIs>
              <LinearRing>
                <coordinates>
                  -55.7998749997282,-25.5447332998501,0
                  -55.8004314999461,-25.5443019995731,0
                  -55.8004066996965,-25.5440999997883,0
                  -55.7994866998329,-25.5441417003824,0
                  -55.7998749997282,-25.5447332998501,0
                </coordinates>
              </LinearRing>
            </outerBoundaryIs>
          </Polygon>
        </MultiGeometry>
      </Placemark>
      <Placemark id="Lote_C.31">
        <ExtendedData>
          <SchemaData schemaUrl="#Lote_C.schema">
            <SimpleData name="Cédula">6347059.00000000000</SimpleData>
            <SimpleData name="Nombres_y_">RAMONA BENITEZ FLORES</SimpleData>
            <SimpleData name="Sexo">Mujer</SimpleData>
            <SimpleData name="Cambio_de_">NO</SimpleData>
            <SimpleData name="Titular_se">NO</SimpleData>
            <SimpleData name="ci_UNIF">6347059.00000000000</SimpleData>
            <SimpleData name="Situación">NO</SimpleData>
            <SimpleData name="Comunidad">Ind?gena</SimpleData>
            <SimpleData name="Modelo_imp">Modelo 6</SimpleData>
            <SimpleData name="Departamen">CAAGUAZU</SimpleData>
            <SimpleData name="Distrito">REPATRIACION</SimpleData>
            <SimpleData name="Localidad">COM INDIG ?U JHOVY</SimpleData>
            <SimpleData name="Teléfono">ND</SimpleData>
            <SimpleData name="Vivienda_L">-25.65426830000</SimpleData>
            <SimpleData name="Vivienda_1">-55.71227330000</SimpleData>
            <SimpleData name="Superficie">0.90000000000</SimpleData>
            <SimpleData name="Situaci_1">Pol?gono</SimpleData>
            <SimpleData name="Plantado">SI</SimpleData>
            <SimpleData name="Fecha_Plan">2025/09/19</SimpleData>
            <SimpleData name="Jornales">0.00000000000</SimpleData>
            <SimpleData name="Monto">0.00000000000</SimpleData>
            <SimpleData name="Grupo_de_p">C-P1-XX-XX-XX</SimpleData>
            <SimpleData name="Estado_del">Activo</SimpleData>
            <SimpleData name="Empresa">Unique Wood Paraguay SA</SimpleData>
            <SimpleData name="Lote">C</SimpleData>
            <SimpleData name="Parametro">0.00000000000</SimpleData>
            <SimpleData name="Sup_SIG">0.93942299205</SimpleData>
            <SimpleData name="X">-55.71241192000</SimpleData>
            <SimpleData name="Y">-25.65493414000</SimpleData>
            <SimpleData name="cedula">6347059</SimpleData>
            <SimpleData name="Cédula_1">6347059.00000000000</SimpleData>
            <SimpleData name="Estado_d_1">Activo</SimpleData>
            <SimpleData name="OBJECTID_1">5598</SimpleData>
            <SimpleData name="Shape_Leng">399.23143003200</SimpleData>
            <SimpleData name="Shape_Area">9394.22992049000</SimpleData>
          </SchemaData>
        </ExtendedData>
        <Polygon>
          <outerBoundaryIs>
            <LinearRing>
              <coordinates>
                -55.7130439782642,-25.6545888537767,0
                -55.7117419998372,-25.654649799844,0
                -55.7117778005654,-25.6552353994144,0
                -55.7119600004722,-25.6553332998098,0
                -55.7130780002176,-25.655159600421,0
                -55.7130997374865,-25.654942769951,0
                -55.7131067000723,-25.6548733001079,0
                -55.7130900005307,-25.6545866997979,0
                -55.7130439782642,-25.6545888537767,0
              </coordinates>
            </LinearRing>
          </outerBoundaryIs>
        </Polygon>
      </Placemark>
      <Placemark id="Lote_C.32">
        <ExtendedData>
          <SchemaData schemaUrl="#Lote_C.schema">
            <SimpleData name="Cédula">3552199.00000000000</SimpleData>
            <SimpleData name="Nombres_y_">ISMAEL AMARILLA FERNANDEZ</SimpleData>
            <SimpleData name="Sexo">Hombre</SimpleData>
            <SimpleData name="Cambio_de_">NO</SimpleData>
            <SimpleData name="Titular_se">NO</SimpleData>
            <SimpleData name="ci_UNIF">3552199.00000000000</SimpleData>
            <SimpleData name="Situación">NO</SimpleData>
            <SimpleData name="Comunidad">Ind?gena</SimpleData>
            <SimpleData name="Modelo_imp">Modelo 5</SimpleData>
            <SimpleData name="Departamen">CAAGUAZU</SimpleData>
            <SimpleData name="Distrito">REPATRIACION</SimpleData>
            <SimpleData name="Localidad">COM INDIG KAATYMI</SimpleData>
            <SimpleData name="Teléfono">0975356069</SimpleData>
            <SimpleData name="Vivienda_L">-25.66128380000</SimpleData>
            <SimpleData name="Vivienda_1">-55.69594150000</SimpleData>
            <SimpleData name="Superficie">0.70000000000</SimpleData>
            <SimpleData name="Situaci_1">Pol?gono</SimpleData>
            <SimpleData name="Plantado">SI</SimpleData>
            <SimpleData name="Fecha_Plan">2025/09/23</SimpleData>
            <SimpleData name="Jornales">0.00000000000</SimpleData>
            <SimpleData name="Monto">0.00000000000</SimpleData>
            <SimpleData name="Grupo_de_p">C-P1-XX-XX-XX</SimpleData>
            <SimpleData name="Estado_del">Activo</SimpleData>
            <SimpleData name="Empresa">Unique Wood Paraguay SA</SimpleData>
            <SimpleData name="Lote">C</SimpleData>
            <SimpleData name="Parametro">0.00000000000</SimpleData>
            <SimpleData name="Sup_SIG">0.74939718683</SimpleData>
            <SimpleData name="X">-55.69512611000</SimpleData>
            <SimpleData name="Y">-25.66130275000</SimpleData>
            <SimpleData name="cedula">3552199</SimpleData>
            <SimpleData name="Cédula_1">3552199.00000000000</SimpleData>
            <SimpleData name="Estado_d_1">Activo</SimpleData>
            <SimpleData name="OBJECTID_1">7125</SimpleData>
            <SimpleData name="Shape_Leng">611.91776390200</SimpleData>
            <SimpleData name="Shape_Area">7493.97186825000</SimpleData>
          </SchemaData>
        </ExtendedData>
        <MultiGeometry>
          <Polygon>
            <outerBoundaryIs>
              <LinearRing>
                <coordinates>
                  -55.6955618004973,-25.6620988000012,0
                  -55.6958255998966,-25.6620160003643,0
                  -55.6958083001525,-25.6615683003596,0
                  -55.6954151002149,-25.6616131005123,0
                  -55.6955618004973,-25.6620988000012,0
                </coordinates>
              </LinearRing>
            </outerBoundaryIs>
          </Polygon>
          <Polygon>
            <outerBoundaryIs>
              <LinearRing>
                <coordinates>
                  -55.6954684997104,-25.6615405997359,0
                  -55.6954586002872,-25.6612988001172,0
                  -55.6954110999985,-25.6612255997574,0
                  -55.6953724004592,-25.6610418001984,0
                  -55.6947898999057,-25.6610689003152,0
                  -55.694835000122,-25.661543900157,0
                  -55.6954684997104,-25.6615405997359,0
                </coordinates>
              </LinearRing>
            </outerBoundaryIs>
          </Polygon>
          <Polygon>
            <outerBoundaryIs>
              <LinearRing>
                <coordinates>
                  -55.6966045003209,-25.6611279003728,0
                  -55.696574799634,-25.6609672997062,0
                  -55.6959477998123,-25.6609819996689,0
                  -55.6961260996397,-25.6615137001756,0
                  -55.6966045003209,-25.6611279003728,0
                </coordinates>
              </LinearRing>
            </outerBoundaryIs>
          </Polygon>
        </MultiGeometry>
      </Placemark>
      <Placemark id="Lote_C.33">
        <ExtendedData>
          <SchemaData schemaUrl="#Lote_C.schema">
            <SimpleData name="Cédula">5138631.00000000000</SimpleData>
            <SimpleData name="Nombres_y_">ISABEL LUGO GIMENEZ</SimpleData>
            <SimpleData name="Sexo">Mujer</SimpleData>
            <SimpleData name="Cambio_de_">NO</SimpleData>
            <SimpleData name="Titular_se">NO</SimpleData>
            <SimpleData name="ci_UNIF">5138631.00000000000</SimpleData>
            <SimpleData name="Situación">NO</SimpleData>
            <SimpleData name="Comunidad">Campesina</SimpleData>
            <SimpleData name="Modelo_imp">Modelo 1</SimpleData>
            <SimpleData name="Departamen">CAAGUAZU</SimpleData>
            <SimpleData name="Distrito">REPATRIACION</SimpleData>
            <SimpleData name="Localidad">CULANTRILLO</SimpleData>
            <SimpleData name="Teléfono">0975363739</SimpleData>
            <SimpleData name="Vivienda_L">-25.54427980000</SimpleData>
            <SimpleData name="Vivienda_1">-55.66566710000</SimpleData>
            <SimpleData name="Superficie">0.80000000000</SimpleData>
            <SimpleData name="Situaci_1">Par?metro</SimpleData>
            <SimpleData name="Plantado">SI</SimpleData>
            <SimpleData name="Fecha_Plan">2026/01/14</SimpleData>
            <SimpleData name="Jornales">0.00000000000</SimpleData>
            <SimpleData name="Monto">0.00000000000</SimpleData>
            <SimpleData name="Grupo_de_p">C-P2-XX-XX-XX</SimpleData>
            <SimpleData name="Estado_del">Activo</SimpleData>
            <SimpleData name="Empresa">Unique Wood Paraguay SA</SimpleData>
            <SimpleData name="Lote">C</SimpleData>
            <SimpleData name="Parametro">0.00000000000</SimpleData>
            <SimpleData name="Sup_SIG">0.89178882439</SimpleData>
            <SimpleData name="X">-55.68807578000</SimpleData>
            <SimpleData name="Y">-25.54596142000</SimpleData>
            <SimpleData name="cedula">5138631</SimpleData>
            <SimpleData name="Cédula_1">5138631.00000000000</SimpleData>
            <SimpleData name="Estado_d_1">Activo</SimpleData>
            <SimpleData name="OBJECTID_1">5624</SimpleData>
            <SimpleData name="Shape_Leng">595.53725343200</SimpleData>
            <SimpleData name="Shape_Area">8917.88824394000</SimpleData>
          </SchemaData>
        </ExtendedData>
        <Polygon>
          <outerBoundaryIs>
            <LinearRing>
              <coordinates>
                -55.6876599997031,-25.5443132995498,0
                -55.6877550002101,-25.5463017003537,0
                -55.688505000096,-25.5462899997145,0
                -55.6885132999417,-25.5456132999114,0
                -55.6879467002878,-25.5456300001772,0
                -55.6878649996786,-25.5443032996387,0
                -55.6876599997031,-25.5443132995498,0
              </coordinates>
            </LinearRing>
          </outerBoundaryIs>
        </Polygon>
      </Placemark>
      <Placemark id="Lote_C.34">
        <ExtendedData>
          <SchemaData schemaUrl="#Lote_C.schema">
            <SimpleData name="Cédula">4467644.00000000000</SimpleData>
            <SimpleData name="Nombres_y_">GUSTAVO  GALEANO BRITEZ</SimpleData>
            <SimpleData name="Sexo">Hombre</SimpleData>
            <SimpleData name="Cambio_de_">NO</SimpleData>
            <SimpleData name="Titular_se">NO</SimpleData>
            <SimpleData name="ci_UNIF">4467644.00000000000</SimpleData>
            <SimpleData name="Situación">NO</SimpleData>
            <SimpleData name="Comunidad">Ind?gena</SimpleData>
            <SimpleData name="Modelo_imp">Modelo 1</SimpleData>
            <SimpleData name="Departamen">CAAGUAZU</SimpleData>
            <SimpleData name="Distrito">REPATRIACION</SimpleData>
            <SimpleData name="Localidad">COM INDIG KAATYMI</SimpleData>
            <SimpleData name="Teléfono">986138716</SimpleData>
            <SimpleData name="Vivienda_L">-25.65930710000</SimpleData>
            <SimpleData name="Vivienda_1">-55.69741680000</SimpleData>
            <SimpleData name="Superficie">0.80000000000</SimpleData>
            <SimpleData name="Situaci_1">Pol?gono</SimpleData>
            <SimpleData name="Plantado">SI</SimpleData>
            <SimpleData name="Fecha_Plan">2025/09/23</SimpleData>
            <SimpleData name="Jornales">0.00000000000</SimpleData>
            <SimpleData name="Monto">0.00000000000</SimpleData>
            <SimpleData name="Grupo_de_p">C-P1-XX-XX-XX</SimpleData>
            <SimpleData name="Estado_del">Activo</SimpleData>
            <SimpleData name="Empresa">Unique Wood Paraguay SA</SimpleData>
            <SimpleData name="Lote">C</SimpleData>
            <SimpleData name="Parametro">0.00000000000</SimpleData>
            <SimpleData name="Sup_SIG">0.94542234017</SimpleData>
            <SimpleData name="X">-55.69325484000</SimpleData>
            <SimpleData name="Y">-25.65745751000</SimpleData>
            <SimpleData name="cedula">4467644</SimpleData>
            <SimpleData name="Cédula_1">4467644.00000000000</SimpleData>
            <SimpleData name="Estado_d_1">Activo</SimpleData>
            <SimpleData name="OBJECTID_1">7348</SimpleData>
            <SimpleData name="Shape_Leng">454.14494921200</SimpleData>
            <SimpleData name="Shape_Area">9454.22340168000</SimpleData>
          </SchemaData>
        </ExtendedData>
        <Polygon>
          <outerBoundaryIs>
            <LinearRing>
              <coordinates>
                -55.6939606235501,-25.657320679347,0
                -55.6924000008314,-25.6570750001292,0
                -55.6924346004382,-25.6575874998096,0
                -55.6939716994833,-25.6578332997364,0
                -55.6942034999435,-25.6573669001017,0
                -55.6939606235501,-25.657320679347,0
              </coordinates>
            </LinearRing>
          </outerBoundaryIs>
        </Polygon>
      </Placemark>
      <Placemark id="Lote_C.35">
        <ExtendedData>
          <SchemaData schemaUrl="#Lote_C.schema">
            <SimpleData name="Cédula">6240996.00000000000</SimpleData>
            <SimpleData name="Nombres_y_">ALBERTO  BENITEZ CARDOZO</SimpleData>
            <SimpleData name="Sexo">Hombre</SimpleData>
            <SimpleData name="Cambio_de_">NO</SimpleData>
            <SimpleData name="Titular_se">NO</SimpleData>
            <SimpleData name="ci_UNIF">6240996.00000000000</SimpleData>
            <SimpleData name="Situación">NO</SimpleData>
            <SimpleData name="Comunidad">Ind?gena</SimpleData>
            <SimpleData name="Modelo_imp">Modelo 5</SimpleData>
            <SimpleData name="Departamen">CAAGUAZU</SimpleData>
            <SimpleData name="Distrito">REPATRIACION</SimpleData>
            <SimpleData name="Localidad">COM INDIG KAATYMI</SimpleData>
            <SimpleData name="Teléfono">975904158</SimpleData>
            <SimpleData name="Vivienda_L">-25.65497000000</SimpleData>
            <SimpleData name="Vivienda_1">-55.70194670000</SimpleData>
            <SimpleData name="Superficie">0.70000000000</SimpleData>
            <SimpleData name="Situaci_1">Pol?gono</SimpleData>
            <SimpleData name="Plantado">SI</SimpleData>
            <SimpleData name="Fecha_Plan">2025/09/25</SimpleData>
            <SimpleData name="Jornales">0.00000000000</SimpleData>
            <SimpleData name="Monto">0.00000000000</SimpleData>
            <SimpleData name="Grupo_de_p">C-P1-XX-XX-XX</SimpleData>
            <SimpleData name="Estado_del">Activo</SimpleData>
            <SimpleData name="Empresa">Unique Wood Paraguay SA</SimpleData>
            <SimpleData name="Lote">C</SimpleData>
            <SimpleData name="Parametro">0.00000000000</SimpleData>
            <SimpleData name="Sup_SIG">0.74176689899</SimpleData>
            <SimpleData name="X">-55.70247452000</SimpleData>
            <SimpleData name="Y">-25.65541657000</SimpleData>
            <SimpleData name="cedula">6240996</SimpleData>
            <SimpleData name="Cédula_1">6240996.00000000000</SimpleData>
            <SimpleData name="Estado_d_1">Activo</SimpleData>
            <SimpleData name="OBJECTID_1">6320</SimpleData>
            <SimpleData name="Shape_Leng">345.80056309300</SimpleData>
            <SimpleData name="Shape_Area">7417.66898989000</SimpleData>
          </SchemaData>
        </ExtendedData>
        <Polygon>
          <outerBoundaryIs>
            <LinearRing>
              <coordinates>
                -55.70218829994,-25.6557133000577,0
                -55.7023799998233,-25.6560350003844,0
                -55.7028723993253,-25.6557916000306,0
                -55.7027132994892,-25.6548400000883,0
                -55.702161600087,-25.6549716999641,0
                -55.7020656994898,-25.6552275993251,0
                -55.70218829994,-25.6557133000577,0
              </coordinates>
            </LinearRing>
          </outerBoundaryIs>
        </Polygon>
      </Placemark>
      <Placemark id="Lote_C.36">
        <ExtendedData>
          <SchemaData schemaUrl="#Lote_C.schema">
            <SimpleData name="Cédula">8287287.00000000000</SimpleData>
            <SimpleData name="Nombres_y_">ADRIANA  SAUCEDO</SimpleData>
            <SimpleData name="Sexo">Mujer</SimpleData>
            <SimpleData name="Cambio_de_">NO</SimpleData>
            <SimpleData name="Titular_se">NO</SimpleData>
            <SimpleData name="ci_UNIF">8287287.00000000000</SimpleData>
            <SimpleData name="Situación">NO</SimpleData>
            <SimpleData name="Comunidad">Campesina</SimpleData>
            <SimpleData name="Modelo_imp">Modelo 5</SimpleData>
            <SimpleData name="Departamen">CAAGUAZU</SimpleData>
            <SimpleData name="Distrito">REPATRIACION</SimpleData>
            <SimpleData name="Localidad">CULANTRILLO</SimpleData>
            <SimpleData name="Teléfono">0975937947</SimpleData>
            <SimpleData name="Vivienda_L">-25.54342000000</SimpleData>
            <SimpleData name="Vivienda_1">-55.68530670000</SimpleData>
            <SimpleData name="Superficie">0.70000000000</SimpleData>
            <SimpleData name="Situaci_1">Par?metro</SimpleData>
            <SimpleData name="Plantado">SI</SimpleData>
            <SimpleData name="Fecha_Plan">2026/01/14</SimpleData>
            <SimpleData name="Jornales">0.00000000000</SimpleData>
            <SimpleData name="Monto">0.00000000000</SimpleData>
            <SimpleData name="Grupo_de_p">C-P2-XX-XX-XX</SimpleData>
            <SimpleData name="Estado_del">Activo</SimpleData>
            <SimpleData name="Empresa">Unique Wood Paraguay SA</SimpleData>
            <SimpleData name="Lote">C</SimpleData>
            <SimpleData name="Parametro">0.00000000000</SimpleData>
            <SimpleData name="Sup_SIG">0.70253972921</SimpleData>
            <SimpleData name="X">-55.68526963000</SimpleData>
            <SimpleData name="Y">-25.54466954000</SimpleData>
            <SimpleData name="cedula">8287287</SimpleData>
            <SimpleData name="Cédula_1">8287287.00000000000</SimpleData>
            <SimpleData name="Estado_d_1">Activo</SimpleData>
            <SimpleData name="OBJECTID_1">5623</SimpleData>
            <SimpleData name="Shape_Leng">394.73509078600</SimpleData>
            <SimpleData name="Shape_Area">7025.39729213000</SimpleData>
          </SchemaData>
        </ExtendedData>
        <Polygon>
          <outerBoundaryIs>
            <LinearRing>
              <coordinates>
                -55.68531330028,-25.5454067000059,0
                -55.685439999518,-25.545418300178,0
                -55.6856132996881,-25.5453266999197,0
                -55.685410000198,-25.5440432997758,0
                -55.6848782999632,-25.544041700281,0
                -55.6849799998779,-25.5446649997383,0
                -55.6850732997156,-25.5446816995641,0
                -55.6851832996313,-25.5452383000195,0
                -55.68531330028,-25.5454067000059,0
              </coordinates>
            </LinearRing>
          </outerBoundaryIs>
        </Polygon>
      </Placemark>
      <Placemark id="Lote_C.37">
        <ExtendedData>
          <SchemaData schemaUrl="#Lote_C.schema">
            <SimpleData name="Cédula">2239764.00000000000</SimpleData>
            <SimpleData name="Nombres_y_">SUSANA BENITEZ CARDOZO</SimpleData>
            <SimpleData name="Sexo">Mujer</SimpleData>
            <SimpleData name="Cambio_de_">NO</SimpleData>
            <SimpleData name="Titular_se">NO</SimpleData>
            <SimpleData name="ci_UNIF">2239764.00000000000</SimpleData>
            <SimpleData name="Situación">NO</SimpleData>
            <SimpleData name="Comunidad">Ind?gena</SimpleData>
            <SimpleData name="Modelo_imp">Modelo 5</SimpleData>
            <SimpleData name="Departamen">CAAGUAZU</SimpleData>
            <SimpleData name="Distrito">REPATRIACION</SimpleData>
            <SimpleData name="Localidad">COM INDIG KAATYMI</SimpleData>
            <SimpleData name="Teléfono">ND</SimpleData>
            <SimpleData name="Vivienda_L">-25.65824000000</SimpleData>
            <SimpleData name="Vivienda_1">-55.69351330000</SimpleData>
            <SimpleData name="Superficie">0.70000000000</SimpleData>
            <SimpleData name="Situaci_1">Pol?gono</SimpleData>
            <SimpleData name="Plantado">SI</SimpleData>
            <SimpleData name="Fecha_Plan">2025/09/23</SimpleData>
            <SimpleData name="Jornales">0.00000000000</SimpleData>
            <SimpleData name="Monto">0.00000000000</SimpleData>
            <SimpleData name="Grupo_de_p">C-P1-XX-XX-XX</SimpleData>
            <SimpleData name="Estado_del">Activo</SimpleData>
            <SimpleData name="Empresa">Unique Wood Paraguay SA</SimpleData>
            <SimpleData name="Lote">C</SimpleData>
            <SimpleData name="Parametro">0.00000000000</SimpleData>
            <SimpleData name="Sup_SIG">0.72402879006</SimpleData>
            <SimpleData name="X">-55.69528332000</SimpleData>
            <SimpleData name="Y">-25.65744409000</SimpleData>
            <SimpleData name="cedula">2239764</SimpleData>
            <SimpleData name="Cédula_1">2239764.00000000000</SimpleData>
            <SimpleData name="Estado_d_1">Activo</SimpleData>
            <SimpleData name="OBJECTID_1">5607</SimpleData>
            <SimpleData name="Shape_Leng">347.11205289800</SimpleData>
            <SimpleData name="Shape_Area">7240.28790061000</SimpleData>
          </SchemaData>
        </ExtendedData>
        <Polygon>
          <outerBoundaryIs>
            <LinearRing>
              <coordinates>
                -55.6949083007563,-25.6570067000766,0
                -55.6948883002694,-25.6578882994285,0
                -55.6957141998215,-25.6578059998359,0
                -55.6956812004774,-25.657047000207,0
                -55.6953805005668,-25.6570916006269,0
                -55.6951950000511,-25.6569795997296,0
                -55.6949083007563,-25.6570067000766,0
              </coordinates>
            </LinearRing>
          </outerBoundaryIs>
        </Polygon>
      </Placemark>
      <Placemark id="Lote_C.38">
        <ExtendedData>
          <SchemaData schemaUrl="#Lote_C.schema">
            <SimpleData name="Cédula">5573879.00000000000</SimpleData>
            <SimpleData name="Nombres_y_">LOURDES FLORES PAREDES</SimpleData>
            <SimpleData name="Sexo">Mujer</SimpleData>
            <SimpleData name="Cambio_de_">NO</SimpleData>
            <SimpleData name="Titular_se">NO</SimpleData>
            <SimpleData name="ci_UNIF">5573879.00000000000</SimpleData>
            <SimpleData name="Situación">NO</SimpleData>
            <SimpleData name="Comunidad">Campesina</SimpleData>
            <SimpleData name="Modelo_imp">Modelo 1</SimpleData>
            <SimpleData name="Departamen">CAAGUAZU</SimpleData>
            <SimpleData name="Distrito">REPATRIACION</SimpleData>
            <SimpleData name="Localidad">ASENT. JULIANA FLEITAS</SimpleData>
            <SimpleData name="Teléfono">0975637152</SimpleData>
            <SimpleData name="Vivienda_L">-25.49949000000</SimpleData>
            <SimpleData name="Vivienda_1">-55.74624330000</SimpleData>
            <SimpleData name="Superficie">0.80000000000</SimpleData>
            <SimpleData name="Situaci_1">Par?metro</SimpleData>
            <SimpleData name="Plantado">SI</SimpleData>
            <SimpleData name="Fecha_Plan">2026/01/13</SimpleData>
            <SimpleData name="Jornales">0.00000000000</SimpleData>
            <SimpleData name="Monto">0.00000000000</SimpleData>
            <SimpleData name="Grupo_de_p">C-P2-XX-XX-XX</SimpleData>
            <SimpleData name="Estado_del">Activo</SimpleData>
            <SimpleData name="Empresa">Unique Wood Paraguay SA</SimpleData>
            <SimpleData name="Lote">C</SimpleData>
            <SimpleData name="Parametro">0.00000000000</SimpleData>
            <SimpleData name="Sup_SIG">0.81927054908</SimpleData>
            <SimpleData name="X">-55.74089163000</SimpleData>
            <SimpleData name="Y">-25.49531614000</SimpleData>
            <SimpleData name="cedula">5573879</SimpleData>
            <SimpleData name="Cédula_1">5573879.00000000000</SimpleData>
            <SimpleData name="Estado_d_1">Activo</SimpleData>
            <SimpleData name="OBJECTID_1">5629</SimpleData>
            <SimpleData name="Shape_Leng">503.89503657500</SimpleData>
            <SimpleData name="Shape_Area">8192.70549082000</SimpleData>
          </SchemaData>
        </ExtendedData>
        <MultiGeometry>
          <Polygon>
            <outerBoundaryIs>
              <LinearRing>
                <coordinates>
                  -55.7328439001137,-25.5094818998782,0
                  -55.7330038002054,-25.5092672001508,0
                  -55.7326141004811,-25.5090392999686,0
                  -55.7324282995478,-25.5092582997596,0
                  -55.7328439001137,-25.5094818998782,0
                </coordinates>
              </LinearRing>
            </outerBoundaryIs>
          </Polygon>
          <Polygon>
            <outerBoundaryIs>
              <LinearRing>
                <coordinates>
                  -55.7410882995105,-25.4958917000579,0
                  -55.7413339996636,-25.4955887997154,0
                  -55.7413583004252,-25.4954300003314,0
                  -55.7411766998586,-25.4953182999815,0
                  -55.7413066999945,-25.4952067001454,0
                  -55.7407817000269,-25.4947400002659,0
                  -55.740336699801,-25.4952750001238,0
                  -55.7410882995105,-25.4958917000579,0
                </coordinates>
              </LinearRing>
            </outerBoundaryIs>
          </Polygon>
        </MultiGeometry>
      </Placemark>
      <Placemark id="Lote_C.39">
        <ExtendedData>
          <SchemaData schemaUrl="#Lote_C.schema">
            <SimpleData name="Cédula">6578924.00000000000</SimpleData>
            <SimpleData name="Nombres_y_">MELANIO SOSA BENITEZ</SimpleData>
            <SimpleData name="Sexo">Hombre</SimpleData>
            <SimpleData name="Cambio_de_">NO</SimpleData>
            <SimpleData name="Titular_se">NO</SimpleData>
            <SimpleData name="ci_UNIF">6578924.00000000000</SimpleData>
            <SimpleData name="Situación">NO</SimpleData>
            <SimpleData name="Comunidad">Ind?gena</SimpleData>
            <SimpleData name="Modelo_imp">Modelo 2</SimpleData>
            <SimpleData name="Departamen">CAAGUAZU</SimpleData>
            <SimpleData name="Distrito">REPATRIACION</SimpleData>
            <SimpleData name="Localidad">COM INDIG ?U JHOVY</SimpleData>
            <SimpleData name="Teléfono">0975885536</SimpleData>
            <SimpleData name="Vivienda_L">-25.65430500000</SimpleData>
            <SimpleData name="Vivienda_1">-55.71392830000</SimpleData>
            <SimpleData name="Superficie">0.80000000000</SimpleData>
            <SimpleData name="Situaci_1">Pol?gono</SimpleData>
            <SimpleData name="Plantado">SI</SimpleData>
            <SimpleData name="Fecha_Plan">2025/09/19</SimpleData>
            <SimpleData name="Jornales">0.00000000000</SimpleData>
            <SimpleData name="Monto">0.00000000000</SimpleData>
            <SimpleData name="Grupo_de_p">C-P1-XX-XX-XX</SimpleData>
            <SimpleData name="Estado_del">Activo</SimpleData>
            <SimpleData name="Empresa">Unique Wood Paraguay SA</SimpleData>
            <SimpleData name="Lote">C</SimpleData>
            <SimpleData name="Parametro">0.00000000000</SimpleData>
            <SimpleData name="Sup_SIG">0.88611723613</SimpleData>
            <SimpleData name="X">-55.71333450000</SimpleData>
            <SimpleData name="Y">-25.65447998000</SimpleData>
            <SimpleData name="cedula">6578924</SimpleData>
            <SimpleData name="Cédula_1">6578924.00000000000</SimpleData>
            <SimpleData name="Estado_d_1">Activo</SimpleData>
            <SimpleData name="OBJECTID_1">7126</SimpleData>
            <SimpleData name="Shape_Leng">498.30941669900</SimpleData>
            <SimpleData name="Shape_Area">8861.17236126000</SimpleData>
          </SchemaData>
        </ExtendedData>
        <Polygon>
          <outerBoundaryIs>
            <LinearRing>
              <coordinates>
                -55.7130439782642,-25.6545888537767,0
                -55.7130900005307,-25.6545866997979,0
                -55.7131067000723,-25.6548733001079,0
                -55.7130997374865,-25.654942769951,0
                -55.7131349999511,-25.6551666000501,0
                -55.7135111991623,-25.655172200068,0
                -55.7137331995573,-25.6548230005318,0
                -55.7138500005924,-25.6542133004864,0
                -55.7132365995887,-25.6542017998258,0
                -55.7130933000203,-25.6534800004934,0
                -55.7128876999857,-25.6535968994201,0
                -55.7130439782642,-25.6545888537767,0
              </coordinates>
            </LinearRing>
          </outerBoundaryIs>
        </Polygon>
      </Placemark>
      <Placemark id="Lote_C.40">
        <ExtendedData>
          <SchemaData schemaUrl="#Lote_C.schema">
            <SimpleData name="Cédula">6611383.00000000000</SimpleData>
            <SimpleData name="Nombres_y_">MARIA ELIZABETH FLORES MACIEL</SimpleData>
            <SimpleData name="Sexo">Mujer</SimpleData>
            <SimpleData name="Cambio_de_">NO</SimpleData>
            <SimpleData name="Titular_se">NO</SimpleData>
            <SimpleData name="ci_UNIF">6611383.00000000000</SimpleData>
            <SimpleData name="Situación">NO</SimpleData>
            <SimpleData name="Comunidad">Ind?gena</SimpleData>
            <SimpleData name="Modelo_imp">Modelo 5</SimpleData>
            <SimpleData name="Departamen">CAAGUAZU</SimpleData>
            <SimpleData name="Distrito">REPATRIACION</SimpleData>
            <SimpleData name="Localidad">COM INDIG PINDO-I</SimpleData>
            <SimpleData name="Teléfono">0982287229</SimpleData>
            <SimpleData name="Vivienda_L">-25.53129260000</SimpleData>
            <SimpleData name="Vivienda_1">-55.64670920000</SimpleData>
            <SimpleData name="Superficie">0.70000000000</SimpleData>
            <SimpleData name="Situaci_1">Par?metro</SimpleData>
            <SimpleData name="Plantado">SI</SimpleData>
            <SimpleData name="Fecha_Plan">2026/01/14</SimpleData>
            <SimpleData name="Jornales">0.00000000000</SimpleData>
            <SimpleData name="Monto">0.00000000000</SimpleData>
            <SimpleData name="Grupo_de_p">C-P2-XX-XX-XX</SimpleData>
            <SimpleData name="Estado_del">Activo</SimpleData>
            <SimpleData name="Empresa">Unique Wood Paraguay SA</SimpleData>
            <SimpleData name="Lote">C</SimpleData>
            <SimpleData name="Parametro">0.00000000000</SimpleData>
            <SimpleData name="Sup_SIG">0.70080028413</SimpleData>
            <SimpleData name="X">-55.64737665000</SimpleData>
            <SimpleData name="Y">-25.53099415000</SimpleData>
            <SimpleData name="cedula">6611383</SimpleData>
            <SimpleData name="Cédula_1">6611383.00000000000</SimpleData>
            <SimpleData name="Estado_d_1">Activo</SimpleData>
            <SimpleData name="OBJECTID_1">5622</SimpleData>
            <SimpleData name="Shape_Leng">360.07867244400</SimpleData>
            <SimpleData name="Shape_Area">7008.00284131000</SimpleData>
          </SchemaData>
        </ExtendedData>
        <Polygon>
          <outerBoundaryIs>
            <LinearRing>
              <coordinates>
                -55.6466932995071,-25.5311767002837,0
                -55.6472617001456,-25.5313049998532,0
                -55.6480883004191,-25.5311417000266,0
                -55.6477667000935,-25.5305982999109,0
                -55.6466233002455,-25.530943299822,0
                -55.6466932995071,-25.5311767002837,0
              </coordinates>
            </LinearRing>
          </outerBoundaryIs>
        </Polygon>
      </Placemark>
      <Placemark id="Lote_C.41">
        <ExtendedData>
          <SchemaData schemaUrl="#Lote_C.schema">
            <SimpleData name="Cédula">1889004.00000000000</SimpleData>
            <SimpleData name="Nombres_y_">GLORIA SEGOVIA DE CABRERA</SimpleData>
            <SimpleData name="Sexo">Mujer</SimpleData>
            <SimpleData name="Cambio_de_">NO</SimpleData>
            <SimpleData name="Titular_se">NO</SimpleData>
            <SimpleData name="ci_UNIF">1889004.00000000000</SimpleData>
            <SimpleData name="Situación">NO</SimpleData>
            <SimpleData name="Comunidad">Campesina</SimpleData>
            <SimpleData name="Modelo_imp">Modelo 5</SimpleData>
            <SimpleData name="Departamen">CAAGUAZU</SimpleData>
            <SimpleData name="Distrito">REPATRIACION</SimpleData>
            <SimpleData name="Localidad">YPEGUA</SimpleData>
            <SimpleData name="Teléfono">0985308369</SimpleData>
            <SimpleData name="Vivienda_L">-25.52173870000</SimpleData>
            <SimpleData name="Vivienda_1">-55.77499010000</SimpleData>
            <SimpleData name="Superficie">0.70000000000</SimpleData>
            <SimpleData name="Situaci_1">Par?metro</SimpleData>
            <SimpleData name="Plantado">SI</SimpleData>
            <SimpleData name="Fecha_Plan">2026/01/13</SimpleData>
            <SimpleData name="Jornales">0.00000000000</SimpleData>
            <SimpleData name="Monto">0.00000000000</SimpleData>
            <SimpleData name="Grupo_de_p">C-P2-XX-XX-XX</SimpleData>
            <SimpleData name="Estado_del">Activo</SimpleData>
            <SimpleData name="Empresa">Unique Wood Paraguay SA</SimpleData>
            <SimpleData name="Lote">C</SimpleData>
            <SimpleData name="Parametro">0.00000000000</SimpleData>
            <SimpleData name="Sup_SIG">0.85863984849</SimpleData>
            <SimpleData name="X">-55.77492081000</SimpleData>
            <SimpleData name="Y">-25.52154121000</SimpleData>
            <SimpleData name="cedula">1889004</SimpleData>
            <SimpleData name="Cédula_1">1889004.00000000000</SimpleData>
            <SimpleData name="Estado_d_1">Activo</SimpleData>
            <SimpleData name="OBJECTID_1">5634</SimpleData>
            <SimpleData name="Shape_Leng">840.11492002000</SimpleData>
            <SimpleData name="Shape_Area">8586.39848488000</SimpleData>
          </SchemaData>
        </ExtendedData>
        <MultiGeometry>
          <Polygon>
            <outerBoundaryIs>
              <LinearRing>
                <coordinates>
                  -55.7759033004818,-25.5217532997934,0
                  -55.775897600112,-25.521547100441,0
                  -55.7739732999682,-25.5213278002245,0
                  -55.7739367001651,-25.5215381999439,0
                  -55.7759033004818,-25.5217532997934,0
                </coordinates>
              </LinearRing>
            </outerBoundaryIs>
          </Polygon>
          <Polygon>
            <outerBoundaryIs>
              <LinearRing>
                <coordinates>
                  -55.7725533003785,-25.5213600000877,0
                  -55.7725903997406,-25.5211689002393,0
                  -55.7709183002061,-25.5209467001015,0
                  -55.7707667002283,-25.5211517000657,0
                  -55.7725533003785,-25.5213600000877,0
                </coordinates>
              </LinearRing>
            </outerBoundaryIs>
          </Polygon>
        </MultiGeometry>
      </Placemark>
      <Placemark id="Lote_C.42">
        <ExtendedData>
          <SchemaData schemaUrl="#Lote_C.schema">
            <SimpleData name="Cédula">7539977.00000000000</SimpleData>
            <SimpleData name="Nombres_y_">IRMA DUARTE ROMERO</SimpleData>
            <SimpleData name="Sexo">Mujer</SimpleData>
            <SimpleData name="Cambio_de_">NO</SimpleData>
            <SimpleData name="Titular_se">NO</SimpleData>
            <SimpleData name="ci_UNIF">7539977.00000000000</SimpleData>
            <SimpleData name="Situación">NO</SimpleData>
            <SimpleData name="Comunidad">Ind?gena</SimpleData>
            <SimpleData name="Modelo_imp">Modelo 5</SimpleData>
            <SimpleData name="Departamen">CAAGUAZU</SimpleData>
            <SimpleData name="Distrito">REPATRIACION</SimpleData>
            <SimpleData name="Localidad">COM INDIG KAATYMI</SimpleData>
            <SimpleData name="Teléfono">ND</SimpleData>
            <SimpleData name="Vivienda_L">-25.66051490000</SimpleData>
            <SimpleData name="Vivienda_1">-55.69294050000</SimpleData>
            <SimpleData name="Superficie">0.70000000000</SimpleData>
            <SimpleData name="Situaci_1">Pol?gono</SimpleData>
            <SimpleData name="Plantado">SI</SimpleData>
            <SimpleData name="Fecha_Plan">2025/09/22</SimpleData>
            <SimpleData name="Jornales">0.00000000000</SimpleData>
            <SimpleData name="Monto">0.00000000000</SimpleData>
            <SimpleData name="Grupo_de_p">C-P3-XX-XX-XX</SimpleData>
            <SimpleData name="Estado_del">Activo</SimpleData>
            <SimpleData name="Empresa">Unique Wood Paraguay SA</SimpleData>
            <SimpleData name="Lote">C</SimpleData>
            <SimpleData name="Parametro">0.00000000000</SimpleData>
            <SimpleData name="Sup_SIG">0.79829508760</SimpleData>
            <SimpleData name="X">-55.69328161000</SimpleData>
            <SimpleData name="Y">-25.66126537000</SimpleData>
            <SimpleData name="cedula">7539977</SimpleData>
            <SimpleData name="Cédula_1">7539977.00000000000</SimpleData>
            <SimpleData name="Estado_d_1">Activo</SimpleData>
            <SimpleData name="OBJECTID_1">8694</SimpleData>
            <SimpleData name="Shape_Leng">459.66882111300</SimpleData>
            <SimpleData name="Shape_Area">7982.95087596000</SimpleData>
          </SchemaData>
        </ExtendedData>
        <Polygon>
          <outerBoundaryIs>
            <LinearRing>
              <coordinates>
                -55.6927049993332,-25.6607283000025,0
                -55.6927652997334,-25.6613585999806,0
                -55.6928130993715,-25.6615111001971,0
                -55.6928903998753,-25.6616005004554,0
                -55.6942876999213,-25.6615782001203,0
                -55.6942182992169,-25.6613399997787,0
                -55.6935685997964,-25.6613513001048,0
                -55.693371099904,-25.6611735996524,0
                -55.6933023993162,-25.6608622998649,0
                -55.6932232995847,-25.6607932996457,0
                -55.6927049993332,-25.6607283000025,0
              </coordinates>
            </LinearRing>
          </outerBoundaryIs>
        </Polygon>
      </Placemark>
      <Placemark id="Lote_C.43">
        <ExtendedData>
          <SchemaData schemaUrl="#Lote_C.schema">
            <SimpleData name="Cédula">7343815.00000000000</SimpleData>
            <SimpleData name="Nombres_y_">LORENZA CARDOZO BENITEZ</SimpleData>
            <SimpleData name="Sexo">Mujer</SimpleData>
            <SimpleData name="Cambio_de_">NO</SimpleData>
            <SimpleData name="Titular_se">NO</SimpleData>
            <SimpleData name="ci_UNIF">7343815.00000000000</SimpleData>
            <SimpleData name="Situación">NO</SimpleData>
            <SimpleData name="Comunidad">Ind?gena</SimpleData>
            <SimpleData name="Modelo_imp">Modelo 5</SimpleData>
            <SimpleData name="Departamen">CAAGUAZU</SimpleData>
            <SimpleData name="Distrito">REPATRIACION</SimpleData>
            <SimpleData name="Localidad"><![CDATA[COM INDIG YHOVY'I]]></SimpleData>
            <SimpleData name="Teléfono">ND</SimpleData>
            <SimpleData name="Vivienda_L">-25.68407470000</SimpleData>
            <SimpleData name="Vivienda_1">-55.74692710000</SimpleData>
            <SimpleData name="Superficie">0.70000000000</SimpleData>
            <SimpleData name="Situaci_1">Pol?gono</SimpleData>
            <SimpleData name="Plantado">SI</SimpleData>
            <SimpleData name="Fecha_Plan">2025/10/22</SimpleData>
            <SimpleData name="Jornales">0.00000000000</SimpleData>
            <SimpleData name="Monto">0.00000000000</SimpleData>
            <SimpleData name="Grupo_de_p">C-P3-XX-XX-XX</SimpleData>
            <SimpleData name="Estado_del">Activo</SimpleData>
            <SimpleData name="Empresa">Unique Wood Paraguay SA</SimpleData>
            <SimpleData name="Lote">C</SimpleData>
            <SimpleData name="Parametro">0.00000000000</SimpleData>
            <SimpleData name="Sup_SIG">0.71202016323</SimpleData>
            <SimpleData name="X">-55.74767399000</SimpleData>
            <SimpleData name="Y">-25.68472715000</SimpleData>
            <SimpleData name="cedula">7343815</SimpleData>
            <SimpleData name="Cédula_1">7343815.00000000000</SimpleData>
            <SimpleData name="Estado_d_1">Activo</SimpleData>
            <SimpleData name="OBJECTID_1">8714</SimpleData>
            <SimpleData name="Shape_Leng">346.29679720000</SimpleData>
            <SimpleData name="Shape_Area">7120.20163225000</SimpleData>
          </SchemaData>
        </ExtendedData>
        <Polygon>
          <outerBoundaryIs>
            <LinearRing>
              <coordinates>
                -55.7470536995261,-25.6846467001163,0
                -55.7473207994924,-25.6851893004443,0
                -55.748264099472,-25.684842400197,0
                -55.7480466998449,-25.6842483001446,0
                -55.7470536995261,-25.6846467001163,0
              </coordinates>
            </LinearRing>
          </outerBoundaryIs>
        </Polygon>
      </Placemark>
      <Placemark id="Lote_C.44">
        <ExtendedData>
          <SchemaData schemaUrl="#Lote_C.schema">
            <SimpleData name="Cédula">4374187.00000000000</SimpleData>
            <SimpleData name="Nombres_y_">ROSANA BENITEZ CENTURION</SimpleData>
            <SimpleData name="Sexo">Mujer</SimpleData>
            <SimpleData name="Cambio_de_">NO</SimpleData>
            <SimpleData name="Titular_se">NO</SimpleData>
            <SimpleData name="ci_UNIF">4374187.00000000000</SimpleData>
            <SimpleData name="Situación">NO</SimpleData>
            <SimpleData name="Comunidad">Ind?gena</SimpleData>
            <SimpleData name="Modelo_imp">Modelo 5</SimpleData>
            <SimpleData name="Departamen">CAAGUAZU</SimpleData>
            <SimpleData name="Distrito">REPATRIACION</SimpleData>
            <SimpleData name="Localidad">COM INDIG KAATYMI</SimpleData>
            <SimpleData name="Teléfono">ND</SimpleData>
            <SimpleData name="Vivienda_L">-25.66299960000</SimpleData>
            <SimpleData name="Vivienda_1">-55.69715480000</SimpleData>
            <SimpleData name="Superficie">0.70000000000</SimpleData>
            <SimpleData name="Situaci_1">Par?metro</SimpleData>
            <SimpleData name="Plantado">SI</SimpleData>
            <SimpleData name="Fecha_Plan">2025/09/24</SimpleData>
            <SimpleData name="Jornales">0.00000000000</SimpleData>
            <SimpleData name="Monto">0.00000000000</SimpleData>
            <SimpleData name="Grupo_de_p">C-P3-XX-XX-XX</SimpleData>
            <SimpleData name="Estado_del">Activo</SimpleData>
            <SimpleData name="Empresa">Unique Wood Paraguay SA</SimpleData>
            <SimpleData name="Lote">C</SimpleData>
            <SimpleData name="Parametro">0.00000000000</SimpleData>
            <SimpleData name="Sup_SIG">0.74974288037</SimpleData>
            <SimpleData name="X">-55.69701083000</SimpleData>
            <SimpleData name="Y">-25.66346033000</SimpleData>
            <SimpleData name="cedula">4374187</SimpleData>
            <SimpleData name="Cédula_1">4374187.00000000000</SimpleData>
            <SimpleData name="Estado_d_1">Activo</SimpleData>
            <SimpleData name="OBJECTID_1">8695</SimpleData>
            <SimpleData name="Shape_Leng">452.71018817100</SimpleData>
            <SimpleData name="Shape_Area">7497.42880365000</SimpleData>
          </SchemaData>
        </ExtendedData>
        <Polygon>
          <outerBoundaryIs>
            <LinearRing>
              <coordinates>
                -55.6964962993363,-25.6632966998493,0
                -55.6969982994173,-25.6640649997975,0
                -55.6972966991857,-25.6640049999953,0
                -55.6973166999146,-25.6637350004041,0
                -55.6975975997652,-25.6635335997473,0
                -55.6975682999629,-25.6632733997159,0
                -55.6972013995909,-25.6633622000518,0
                -55.6969608998832,-25.663227799992,0
                -55.6969596993188,-25.6630521996839,0
                -55.6969596991507,-25.6627119002077,0
                -55.6967582999663,-25.6626950004432,0
                -55.6967630993107,-25.6630727003588,0
                -55.6965457991234,-25.663122000185,0
                -55.6964962993363,-25.6632966998493,0
              </coordinates>
            </LinearRing>
          </outerBoundaryIs>
        </Polygon>
      </Placemark>
      <Placemark id="Lote_C.45">
        <ExtendedData>
          <SchemaData schemaUrl="#Lote_C.schema">
            <SimpleData name="Cédula">2453312.00000000000</SimpleData>
            <SimpleData name="Nombres_y_">LEONARDA  DUARTE BENITEZ</SimpleData>
            <SimpleData name="Sexo">Mujer</SimpleData>
            <SimpleData name="Cambio_de_">NO</SimpleData>
            <SimpleData name="Titular_se">NO</SimpleData>
            <SimpleData name="ci_UNIF">2453312.00000000000</SimpleData>
            <SimpleData name="Situación">NO</SimpleData>
            <SimpleData name="Comunidad">Ind?gena</SimpleData>
            <SimpleData name="Modelo_imp">Modelo 5</SimpleData>
            <SimpleData name="Departamen">CAAGUAZU</SimpleData>
            <SimpleData name="Distrito">REPATRIACION</SimpleData>
            <SimpleData name="Localidad">COM INDIG ?U HOVY</SimpleData>
            <SimpleData name="Teléfono">975956770</SimpleData>
            <SimpleData name="Vivienda_L">-25.65658670000</SimpleData>
            <SimpleData name="Vivienda_1">-55.71598000000</SimpleData>
            <SimpleData name="Superficie">0.70000000000</SimpleData>
            <SimpleData name="Situaci_1">Pol?gono</SimpleData>
            <SimpleData name="Plantado">SI</SimpleData>
            <SimpleData name="Fecha_Plan">2025/10/10</SimpleData>
            <SimpleData name="Jornales">0.00000000000</SimpleData>
            <SimpleData name="Monto">0.00000000000</SimpleData>
            <SimpleData name="Grupo_de_p">C-P3-XX-XX-XX</SimpleData>
            <SimpleData name="Estado_del">Activo</SimpleData>
            <SimpleData name="Empresa">Unique Wood Paraguay SA</SimpleData>
            <SimpleData name="Lote">C</SimpleData>
            <SimpleData name="Parametro">0.00000000000</SimpleData>
            <SimpleData name="Sup_SIG">0.82619344539</SimpleData>
            <SimpleData name="X">-55.71603748000</SimpleData>
            <SimpleData name="Y">-25.65939822000</SimpleData>
            <SimpleData name="cedula">2453312</SimpleData>
            <SimpleData name="Cédula_1">2453312.00000000000</SimpleData>
            <SimpleData name="Estado_d_1">Activo</SimpleData>
            <SimpleData name="OBJECTID_1">8798</SimpleData>
            <SimpleData name="Shape_Leng">460.16672090800</SimpleData>
            <SimpleData name="Shape_Area">8261.93445394000</SimpleData>
          </SchemaData>
        </ExtendedData>
        <Polygon>
          <outerBoundaryIs>
            <LinearRing>
              <coordinates>
                -55.7153499999425,-25.6596050004522,0
                -55.7170483997349,-25.6597970003082,0
                -55.7170081999532,-25.6596210004538,0
                -55.7163844990965,-25.6594748005073,0
                -55.7163300990653,-25.6594304996499,0
                -55.7162999993099,-25.6590532999887,0
                -55.7155809994827,-25.6589081004818,0
                -55.7153499999425,-25.6596050004522,0
              </coordinates>
            </LinearRing>
          </outerBoundaryIs>
        </Polygon>
      </Placemark>
      <Placemark id="Lote_C.46">
        <ExtendedData>
          <SchemaData schemaUrl="#Lote_C.schema">
            <SimpleData name="Cédula">6047837.00000000000</SimpleData>
            <SimpleData name="Nombres_y_">IRMA BENITEZ LEGAL</SimpleData>
            <SimpleData name="Sexo">Mujer</SimpleData>
            <SimpleData name="Cambio_de_">NO</SimpleData>
            <SimpleData name="Titular_se">NO</SimpleData>
            <SimpleData name="ci_UNIF">6047837.00000000000</SimpleData>
            <SimpleData name="Situación">NO</SimpleData>
            <SimpleData name="Comunidad">Ind?gena</SimpleData>
            <SimpleData name="Modelo_imp">Modelo 1</SimpleData>
            <SimpleData name="Departamen">CAAGUAZU</SimpleData>
            <SimpleData name="Distrito">REPATRIACION</SimpleData>
            <SimpleData name="Localidad"><![CDATA[COM INDIG YHOVY'I]]></SimpleData>
            <SimpleData name="Teléfono">0983060740</SimpleData>
            <SimpleData name="Vivienda_L">-25.68163330000</SimpleData>
            <SimpleData name="Vivienda_1">-55.75151170000</SimpleData>
            <SimpleData name="Superficie">0.80000000000</SimpleData>
            <SimpleData name="Situaci_1">Pol?gono</SimpleData>
            <SimpleData name="Plantado">SI</SimpleData>
            <SimpleData name="Fecha_Plan">2025/10/23</SimpleData>
            <SimpleData name="Jornales">0.00000000000</SimpleData>
            <SimpleData name="Monto">0.00000000000</SimpleData>
            <SimpleData name="Grupo_de_p">C-P3-XX-XX-XX</SimpleData>
            <SimpleData name="Estado_del">Activo</SimpleData>
            <SimpleData name="Empresa">Unique Wood Paraguay SA</SimpleData>
            <SimpleData name="Lote">C</SimpleData>
            <SimpleData name="Parametro">0.00000000000</SimpleData>
            <SimpleData name="Sup_SIG">0.81272213183</SimpleData>
            <SimpleData name="X">-55.75177167000</SimpleData>
            <SimpleData name="Y">-25.68295977000</SimpleData>
            <SimpleData name="cedula">6047837</SimpleData>
            <SimpleData name="Cédula_1">6047837.00000000000</SimpleData>
            <SimpleData name="Estado_d_1">Activo</SimpleData>
            <SimpleData name="OBJECTID_1">8710</SimpleData>
            <SimpleData name="Shape_Leng">363.48061935100</SimpleData>
            <SimpleData name="Shape_Area">8127.22131828000</SimpleData>
          </SchemaData>
        </ExtendedData>
        <Polygon>
          <outerBoundaryIs>
            <LinearRing>
              <coordinates>
                -55.7511410991069,-25.6828008000021,0
                -55.751459999643,-25.6834633000293,0
                -55.7523932999615,-25.6831200002533,0
                -55.7520982995642,-25.682458299772,0
                -55.7511410991069,-25.6828008000021,0
              </coordinates>
            </LinearRing>
          </outerBoundaryIs>
        </Polygon>
      </Placemark>
      <Placemark id="Lote_C.47">
        <ExtendedData>
          <SchemaData schemaUrl="#Lote_C.schema">
            <SimpleData name="Cédula">6704167.00000000000</SimpleData>
            <SimpleData name="Nombres_y_">RAMON CACERES CACERES</SimpleData>
            <SimpleData name="Sexo">Hombre</SimpleData>
            <SimpleData name="Cambio_de_">NO</SimpleData>
            <SimpleData name="Titular_se">NO</SimpleData>
            <SimpleData name="ci_UNIF">6704167.00000000000</SimpleData>
            <SimpleData name="Situación">NO</SimpleData>
            <SimpleData name="Comunidad">Ind?gena</SimpleData>
            <SimpleData name="Modelo_imp">Modelo 5</SimpleData>
            <SimpleData name="Departamen">CAAGUAZU</SimpleData>
            <SimpleData name="Distrito">REPATRIACION</SimpleData>
            <SimpleData name="Localidad"><![CDATA[COM INDIG YHOVY'I]]></SimpleData>
            <SimpleData name="Teléfono">0981320831</SimpleData>
            <SimpleData name="Vivienda_L">-25.68210370000</SimpleData>
            <SimpleData name="Vivienda_1">-55.75212470000</SimpleData>
            <SimpleData name="Superficie">0.70000000000</SimpleData>
            <SimpleData name="Situaci_1">Pol?gono</SimpleData>
            <SimpleData name="Plantado">SI</SimpleData>
            <SimpleData name="Fecha_Plan">2025/10/23</SimpleData>
            <SimpleData name="Jornales">0.00000000000</SimpleData>
            <SimpleData name="Monto">0.00000000000</SimpleData>
            <SimpleData name="Grupo_de_p">C-P3-XX-XX-XX</SimpleData>
            <SimpleData name="Estado_del">Activo</SimpleData>
            <SimpleData name="Empresa">Unique Wood Paraguay SA</SimpleData>
            <SimpleData name="Lote">C</SimpleData>
            <SimpleData name="Parametro">0.00000000000</SimpleData>
            <SimpleData name="Sup_SIG">0.70171755620</SimpleData>
            <SimpleData name="X">-55.75271390000</SimpleData>
            <SimpleData name="Y">-25.68266184000</SimpleData>
            <SimpleData name="cedula">6704167</SimpleData>
            <SimpleData name="Cédula_1">6704167.00000000000</SimpleData>
            <SimpleData name="Estado_d_1">Activo</SimpleData>
            <SimpleData name="OBJECTID_1">8709</SimpleData>
            <SimpleData name="Shape_Leng">336.90845969200</SimpleData>
            <SimpleData name="Shape_Area">7017.17556199000</SimpleData>
          </SchemaData>
        </ExtendedData>
        <Polygon>
          <outerBoundaryIs>
            <LinearRing>
              <coordinates>
                -55.7521682992328,-25.6825027005163,0
                -55.7524263997572,-25.6831600999264,0
                -55.7532708997133,-25.6828053997371,0
                -55.7529924992378,-25.682170499748,0
                -55.7521682992328,-25.6825027005163,0
              </coordinates>
            </LinearRing>
          </outerBoundaryIs>
        </Polygon>
      </Placemark>
      <Placemark id="Lote_C.48">
        <ExtendedData>
          <SchemaData schemaUrl="#Lote_C.schema">
            <SimpleData name="Cédula">6578916.00000000000</SimpleData>
            <SimpleData name="Nombres_y_">JORGELINA SOSA CARDOZO</SimpleData>
            <SimpleData name="Sexo">Mujer</SimpleData>
            <SimpleData name="Cambio_de_">NO</SimpleData>
            <SimpleData name="Titular_se">NO</SimpleData>
            <SimpleData name="ci_UNIF">6578916.00000000000</SimpleData>
            <SimpleData name="Situación">NO</SimpleData>
            <SimpleData name="Comunidad">Ind?gena</SimpleData>
            <SimpleData name="Modelo_imp">Modelo 5</SimpleData>
            <SimpleData name="Departamen">CAAGUAZU</SimpleData>
            <SimpleData name="Distrito">REPATRIACION</SimpleData>
            <SimpleData name="Localidad"><![CDATA[COM INDIG YHOVY'I]]></SimpleData>
            <SimpleData name="Teléfono">ND</SimpleData>
            <SimpleData name="Vivienda_L">-25.68326250000</SimpleData>
            <SimpleData name="Vivienda_1">-55.74875850000</SimpleData>
            <SimpleData name="Superficie">0.70000000000</SimpleData>
            <SimpleData name="Situaci_1">Pol?gono</SimpleData>
            <SimpleData name="Plantado">SI</SimpleData>
            <SimpleData name="Fecha_Plan">2025/10/22</SimpleData>
            <SimpleData name="Jornales">0.00000000000</SimpleData>
            <SimpleData name="Monto">0.00000000000</SimpleData>
            <SimpleData name="Grupo_de_p">C-P3-XX-XX-XX</SimpleData>
            <SimpleData name="Estado_del">Activo</SimpleData>
            <SimpleData name="Empresa">Unique Wood Paraguay SA</SimpleData>
            <SimpleData name="Lote">C</SimpleData>
            <SimpleData name="Parametro">0.00000000000</SimpleData>
            <SimpleData name="Sup_SIG">0.74417697894</SimpleData>
            <SimpleData name="X">-55.74869414000</SimpleData>
            <SimpleData name="Y">-25.68434357000</SimpleData>
            <SimpleData name="cedula">6578916</SimpleData>
            <SimpleData name="Cédula_1">6578916.00000000000</SimpleData>
            <SimpleData name="Estado_d_1">Activo</SimpleData>
            <SimpleData name="OBJECTID_1">8711</SimpleData>
            <SimpleData name="Shape_Leng">345.96186620600</SimpleData>
            <SimpleData name="Shape_Area">7441.76978943000</SimpleData>
          </SchemaData>
        </ExtendedData>
        <Polygon>
          <outerBoundaryIs>
            <LinearRing>
              <coordinates>
                -55.7481633990604,-25.684130100373,0
                -55.7484418996668,-25.6848667003542,0
                -55.7492089996411,-25.6845823004076,0
                -55.748958699958,-25.6838096998,0
                -55.7481633990604,-25.684130100373,0
              </coordinates>
            </LinearRing>
          </outerBoundaryIs>
        </Polygon>
      </Placemark>
      <Placemark id="Lote_C.49">
        <ExtendedData>
          <SchemaData schemaUrl="#Lote_C.schema">
            <SimpleData name="Cédula">7990255.00000000000</SimpleData>
            <SimpleData name="Nombres_y_">JUAN ESQUIVEL RIVAS</SimpleData>
            <SimpleData name="Sexo">Hombre</SimpleData>
            <SimpleData name="Cambio_de_">NO</SimpleData>
            <SimpleData name="Titular_se">NO</SimpleData>
            <SimpleData name="ci_UNIF">7990255.00000000000</SimpleData>
            <SimpleData name="Situación">NO</SimpleData>
            <SimpleData name="Comunidad">Ind?gena</SimpleData>
            <SimpleData name="Modelo_imp">Modelo 2</SimpleData>
            <SimpleData name="Departamen">CAAGUAZU</SimpleData>
            <SimpleData name="Distrito">REPATRIACION</SimpleData>
            <SimpleData name="Localidad"><![CDATA[COM INDIG YHOVY'I]]></SimpleData>
            <SimpleData name="Teléfono">0971410645</SimpleData>
            <SimpleData name="Vivienda_L">-25.68542380000</SimpleData>
            <SimpleData name="Vivienda_1">-55.74237830000</SimpleData>
            <SimpleData name="Superficie">0.80000000000</SimpleData>
            <SimpleData name="Situaci_1">Pol?gono</SimpleData>
            <SimpleData name="Plantado">SI</SimpleData>
            <SimpleData name="Fecha_Plan">2025/10/22</SimpleData>
            <SimpleData name="Jornales">0.00000000000</SimpleData>
            <SimpleData name="Monto">0.00000000000</SimpleData>
            <SimpleData name="Grupo_de_p">C-P3-XX-XX-XX</SimpleData>
            <SimpleData name="Estado_del">Activo</SimpleData>
            <SimpleData name="Empresa">Unique Wood Paraguay SA</SimpleData>
            <SimpleData name="Lote">C</SimpleData>
            <SimpleData name="Parametro">0.00000000000</SimpleData>
            <SimpleData name="Sup_SIG">0.92228525669</SimpleData>
            <SimpleData name="X">-55.74323615000</SimpleData>
            <SimpleData name="Y">-25.68660758000</SimpleData>
            <SimpleData name="cedula">7990255</SimpleData>
            <SimpleData name="Cédula_1">7990255.00000000000</SimpleData>
            <SimpleData name="Estado_d_1">Activo</SimpleData>
            <SimpleData name="OBJECTID_1">8712</SimpleData>
            <SimpleData name="Shape_Leng">384.32199158900</SimpleData>
            <SimpleData name="Shape_Area">9222.85256686000</SimpleData>
          </SchemaData>
        </ExtendedData>
        <Polygon>
          <outerBoundaryIs>
            <LinearRing>
              <coordinates>
                -55.7426544000078,-25.6863110998856,0
                -55.7428687999867,-25.6871229001937,0
                -55.7438408991725,-25.6869098997747,0
                -55.7435617997065,-25.6860740998888,0
                -55.7426544000078,-25.6863110998856,0
              </coordinates>
            </LinearRing>
          </outerBoundaryIs>
        </Polygon>
      </Placemark>
      <Placemark id="Lote_C.50">
        <ExtendedData>
          <SchemaData schemaUrl="#Lote_C.schema">
            <SimpleData name="Cédula">4441889.00000000000</SimpleData>
            <SimpleData name="Nombres_y_">ISABEL ROMERO PENAYO</SimpleData>
            <SimpleData name="Sexo">Mujer</SimpleData>
            <SimpleData name="Cambio_de_">NO</SimpleData>
            <SimpleData name="Titular_se">NO</SimpleData>
            <SimpleData name="ci_UNIF">4441889.00000000000</SimpleData>
            <SimpleData name="Situación">NO</SimpleData>
            <SimpleData name="Comunidad">Ind?gena</SimpleData>
            <SimpleData name="Modelo_imp">Modelo 1</SimpleData>
            <SimpleData name="Departamen">CAAGUAZU</SimpleData>
            <SimpleData name="Distrito">REPATRIACION</SimpleData>
            <SimpleData name="Localidad">COM INDIG 23 DE JUNIO</SimpleData>
            <SimpleData name="Teléfono">ND</SimpleData>
            <SimpleData name="Vivienda_L">-25.66508830000</SimpleData>
            <SimpleData name="Vivienda_1">-55.71648170000</SimpleData>
            <SimpleData name="Superficie">0.80000000000</SimpleData>
            <SimpleData name="Situaci_1">Par?metro</SimpleData>
            <SimpleData name="Plantado">SI</SimpleData>
            <SimpleData name="Fecha_Plan">2025/10/21</SimpleData>
            <SimpleData name="Jornales">0.00000000000</SimpleData>
            <SimpleData name="Monto">0.00000000000</SimpleData>
            <SimpleData name="Grupo_de_p">C-P3-XX-XX-XX</SimpleData>
            <SimpleData name="Estado_del">Activo</SimpleData>
            <SimpleData name="Empresa">Unique Wood Paraguay SA</SimpleData>
            <SimpleData name="Lote">C</SimpleData>
            <SimpleData name="Parametro">0.00000000000</SimpleData>
            <SimpleData name="Sup_SIG">0.80271250326</SimpleData>
            <SimpleData name="X">-55.71614089000</SimpleData>
            <SimpleData name="Y">-25.66541840000</SimpleData>
            <SimpleData name="cedula">4441889</SimpleData>
            <SimpleData name="Cédula_1">4441889.00000000000</SimpleData>
            <SimpleData name="Estado_d_1">Activo</SimpleData>
            <SimpleData name="OBJECTID_1">8706</SimpleData>
            <SimpleData name="Shape_Leng">638.46246944900</SimpleData>
            <SimpleData name="Shape_Area">8027.12503263000</SimpleData>
          </SchemaData>
        </ExtendedData>
        <MultiGeometry>
          <Polygon>
            <outerBoundaryIs>
              <LinearRing>
                <coordinates>
                  -55.7158759997719,-25.6656953998468,0
                  -55.7162734992937,-25.6656280998082,0
                  -55.7165155992204,-25.6655691002033,0
                  -55.7165598992764,-25.665541999646,0
                  -55.7164032992432,-25.6651232998844,0
                  -55.7157296997866,-25.6652774004118,0
                  -55.715841399783,-25.6656765004886,0
                  -55.7158759997719,-25.6656953998468,0
                </coordinates>
              </LinearRing>
            </outerBoundaryIs>
          </Polygon>
          <Polygon>
            <outerBoundaryIs>
              <LinearRing>
                <coordinates>
                  -55.7170249998896,-25.6649317000051,0
                  -55.7168987991045,-25.6645916004669,0
                  -55.7168932997099,-25.6645917001919,0
                  -55.7168223999478,-25.6645088998472,0
                  -55.7167836993233,-25.6644768999122,0
                  -55.7167446995669,-25.664449299806,0
                  -55.7166904990998,-25.6644389998437,0
                  -55.7166450990251,-25.6644561996767,0
                  -55.716796999535,-25.6649786003114,0
                  -55.7170249998896,-25.6649317000051,0
                </coordinates>
              </LinearRing>
            </outerBoundaryIs>
          </Polygon>
          <Polygon>
            <outerBoundaryIs>
              <LinearRing>
                <coordinates>
                  -55.717985199365,-25.6630932996557,0
                  -55.7179699995852,-25.6630635000284,0
                  -55.7180486993569,-25.6630190000547,0
                  -55.7183913997932,-25.6629432997073,0
                  -55.717904999347,-25.6624450003845,0
                  -55.7175314996567,-25.6628238997134,0
                  -55.7178796995223,-25.6631651003788,0
                  -55.717985199365,-25.6630932996557,0
                </coordinates>
              </LinearRing>
            </outerBoundaryIs>
          </Polygon>
        </MultiGeometry>
      </Placemark>
      <Placemark id="Lote_C.51">
        <ExtendedData>
          <SchemaData schemaUrl="#Lote_C.schema">
            <SimpleData name="Cédula">6771694.00000000000</SimpleData>
            <SimpleData name="Nombres_y_">ELVIO FERNANDEZ ROMERO</SimpleData>
            <SimpleData name="Sexo">Hombre</SimpleData>
            <SimpleData name="Cambio_de_">NO</SimpleData>
            <SimpleData name="Titular_se">NO</SimpleData>
            <SimpleData name="ci_UNIF">6771694.00000000000</SimpleData>
            <SimpleData name="Situación">NO</SimpleData>
            <SimpleData name="Comunidad">Ind?gena</SimpleData>
            <SimpleData name="Modelo_imp">Modelo 5</SimpleData>
            <SimpleData name="Departamen">CAAGUAZU</SimpleData>
            <SimpleData name="Distrito">REPATRIACION</SimpleData>
            <SimpleData name="Localidad">COM INDIG TAKUARO 3 DE FEBRERO</SimpleData>
            <SimpleData name="Teléfono">0971748263</SimpleData>
            <SimpleData name="Vivienda_L">-25.67613500000</SimpleData>
            <SimpleData name="Vivienda_1">-55.73948830000</SimpleData>
            <SimpleData name="Superficie">0.70000000000</SimpleData>
            <SimpleData name="Situaci_1">Pol?gono</SimpleData>
            <SimpleData name="Plantado">SI</SimpleData>
            <SimpleData name="Fecha_Plan">2025/10/24</SimpleData>
            <SimpleData name="Jornales">0.00000000000</SimpleData>
            <SimpleData name="Monto">0.00000000000</SimpleData>
            <SimpleData name="Grupo_de_p">C-P3-XX-XX-XX</SimpleData>
            <SimpleData name="Estado_del">Activo</SimpleData>
            <SimpleData name="Empresa">Unique Wood Paraguay SA</SimpleData>
            <SimpleData name="Lote">C</SimpleData>
            <SimpleData name="Parametro">0.00000000000</SimpleData>
            <SimpleData name="Sup_SIG">0.78571797700</SimpleData>
            <SimpleData name="X">-55.74019402000</SimpleData>
            <SimpleData name="Y">-25.67661470000</SimpleData>
            <SimpleData name="cedula">6771694</SimpleData>
            <SimpleData name="Cédula_1">6771694.00000000000</SimpleData>
            <SimpleData name="Estado_d_1">Activo</SimpleData>
            <SimpleData name="OBJECTID_1">8697</SimpleData>
            <SimpleData name="Shape_Leng">423.47475127700</SimpleData>
            <SimpleData name="Shape_Area">7857.17977000000</SimpleData>
          </SchemaData>
        </ExtendedData>
        <Polygon>
          <outerBoundaryIs>
            <LinearRing>
              <coordinates>
                -55.7394606995855,-25.6766340000343,0
                -55.7395623004772,-25.6768611002235,0
                -55.7399692997366,-25.6767091997026,0
                -55.7402297999045,-25.6771922999124,0
                -55.7407467003961,-25.6768582998324,0
                -55.7404341000127,-25.6761035002515,0
                -55.7398291995601,-25.6762202996377,0
                -55.7399233000358,-25.6764441999843,0
                -55.7394606995855,-25.6766340000343,0
              </coordinates>
            </LinearRing>
          </outerBoundaryIs>
        </Polygon>
      </Placemark>
      <Placemark id="Lote_C.52">
        <ExtendedData>
          <SchemaData schemaUrl="#Lote_C.schema">
            <SimpleData name="Cédula">4721050.00000000000</SimpleData>
            <SimpleData name="Nombres_y_">JACINTA SOSA BENITEZ</SimpleData>
            <SimpleData name="Sexo">Mujer</SimpleData>
            <SimpleData name="Cambio_de_">NO</SimpleData>
            <SimpleData name="Titular_se">NO</SimpleData>
            <SimpleData name="ci_UNIF">4721050.00000000000</SimpleData>
            <SimpleData name="Situación">NO</SimpleData>
            <SimpleData name="Comunidad">Ind?gena</SimpleData>
            <SimpleData name="Modelo_imp">Modelo 5</SimpleData>
            <SimpleData name="Departamen">CAAGUAZU</SimpleData>
            <SimpleData name="Distrito">REPATRIACION</SimpleData>
            <SimpleData name="Localidad">COM INDIG TAKUARO 3 DE FEBRERO</SimpleData>
            <SimpleData name="Teléfono">0971748263</SimpleData>
            <SimpleData name="Vivienda_L">-25.67756830000</SimpleData>
            <SimpleData name="Vivienda_1">-55.73696000000</SimpleData>
            <SimpleData name="Superficie">0.70000000000</SimpleData>
            <SimpleData name="Situaci_1">Par?metro</SimpleData>
            <SimpleData name="Plantado">SI</SimpleData>
            <SimpleData name="Fecha_Plan">2025/10/30</SimpleData>
            <SimpleData name="Jornales">0.00000000000</SimpleData>
            <SimpleData name="Monto">0.00000000000</SimpleData>
            <SimpleData name="Grupo_de_p">C-P3-XX-XX-XX</SimpleData>
            <SimpleData name="Estado_del">Activo</SimpleData>
            <SimpleData name="Empresa">Unique Wood Paraguay SA</SimpleData>
            <SimpleData name="Lote">C</SimpleData>
            <SimpleData name="Parametro">0.00000000000</SimpleData>
            <SimpleData name="Sup_SIG">0.72221557261</SimpleData>
            <SimpleData name="X">-55.74069772000</SimpleData>
            <SimpleData name="Y">-25.67753992000</SimpleData>
            <SimpleData name="cedula">4721050</SimpleData>
            <SimpleData name="Cédula_1">4721050.00000000000</SimpleData>
            <SimpleData name="Estado_d_1">Activo</SimpleData>
            <SimpleData name="OBJECTID_1">8699</SimpleData>
            <SimpleData name="Shape_Leng">361.07450855200</SimpleData>
            <SimpleData name="Shape_Area">7222.15572605000</SimpleData>
          </SchemaData>
        </ExtendedData>
        <Polygon>
          <outerBoundaryIs>
            <LinearRing>
              <coordinates>
                -55.7402222004255,-25.6772017001811,0
                -55.7406730002825,-25.6781971997682,0
                -55.7409300001821,-25.6780851997608,0
                -55.7411348995804,-25.677873899638,0
                -55.7407632003144,-25.6768743999047,0
                -55.7402222004255,-25.6772017001811,0
              </coordinates>
            </LinearRing>
          </outerBoundaryIs>
        </Polygon>
      </Placemark>
      <Placemark id="Lote_C.53">
        <ExtendedData>
          <SchemaData schemaUrl="#Lote_C.schema">
            <SimpleData name="Cédula">4467625.00000000000</SimpleData>
            <SimpleData name="Nombres_y_">ELVINA CARDOZO BENITEZ</SimpleData>
            <SimpleData name="Sexo">Mujer</SimpleData>
            <SimpleData name="Cambio_de_">NO</SimpleData>
            <SimpleData name="Titular_se">NO</SimpleData>
            <SimpleData name="ci_UNIF">4467625.00000000000</SimpleData>
            <SimpleData name="Situación">NO</SimpleData>
            <SimpleData name="Comunidad">Ind?gena</SimpleData>
            <SimpleData name="Modelo_imp">Modelo 2</SimpleData>
            <SimpleData name="Departamen">CAAGUAZU</SimpleData>
            <SimpleData name="Distrito">REPATRIACION</SimpleData>
            <SimpleData name="Localidad">COM INDIG KAATYMI</SimpleData>
            <SimpleData name="Teléfono">0981686754</SimpleData>
            <SimpleData name="Vivienda_L">-25.65445100000</SimpleData>
            <SimpleData name="Vivienda_1">-55.69241120000</SimpleData>
            <SimpleData name="Superficie">0.80000000000</SimpleData>
            <SimpleData name="Situaci_1">Pol?gono</SimpleData>
            <SimpleData name="Plantado">SI</SimpleData>
            <SimpleData name="Fecha_Plan">2025/10/21</SimpleData>
            <SimpleData name="Jornales">0.00000000000</SimpleData>
            <SimpleData name="Monto">0.00000000000</SimpleData>
            <SimpleData name="Grupo_de_p">C-P3-XX-XX-XX</SimpleData>
            <SimpleData name="Estado_del">Activo</SimpleData>
            <SimpleData name="Empresa">Unique Wood Paraguay SA</SimpleData>
            <SimpleData name="Lote">C</SimpleData>
            <SimpleData name="Parametro">0.00000000000</SimpleData>
            <SimpleData name="Sup_SIG">1.01033946124</SimpleData>
            <SimpleData name="X">-55.69251021000</SimpleData>
            <SimpleData name="Y">-25.65469312000</SimpleData>
            <SimpleData name="cedula">4467625</SimpleData>
            <SimpleData name="Cédula_1">4467625.00000000000</SimpleData>
            <SimpleData name="Estado_d_1">Activo</SimpleData>
            <SimpleData name="OBJECTID_1">8696</SimpleData>
            <SimpleData name="Shape_Leng">418.58191800000</SimpleData>
            <SimpleData name="Shape_Area">10103.39461240000</SimpleData>
          </SchemaData>
        </ExtendedData>
        <Polygon>
          <outerBoundaryIs>
            <LinearRing>
              <coordinates>
                -55.6921123998258,-25.6547089002998,0
                -55.6921957996472,-25.6553213998113,0
                -55.6930724996869,-25.6551611003672,0
                -55.6928399997067,-25.6544516999047,0
                -55.692695300128,-25.6542107001151,0
                -55.6926497000584,-25.6540058000339,0
                -55.692116400223,-25.6540686003368,0
                -55.6921229999118,-25.6542594996059,0
                -55.6921123998258,-25.6547089002998,0
              </coordinates>
            </LinearRing>
          </outerBoundaryIs>
        </Polygon>
      </Placemark>
      <Placemark id="Lote_C.54">
        <ExtendedData>
          <SchemaData schemaUrl="#Lote_C.schema">
            <SimpleData name="Cédula">6901306.00000000000</SimpleData>
            <SimpleData name="Nombres_y_">TIMOTEO ROMERO</SimpleData>
            <SimpleData name="Sexo">Hombre</SimpleData>
            <SimpleData name="Cambio_de_">NO</SimpleData>
            <SimpleData name="Titular_se">NO</SimpleData>
            <SimpleData name="ci_UNIF">6901306.00000000000</SimpleData>
            <SimpleData name="Situación">NO</SimpleData>
            <SimpleData name="Comunidad">Ind?gena</SimpleData>
            <SimpleData name="Modelo_imp">Modelo 1</SimpleData>
            <SimpleData name="Departamen">CAAGUAZU</SimpleData>
            <SimpleData name="Distrito">REPATRIACION</SimpleData>
            <SimpleData name="Localidad">COM INDIG 23 DE JUNIO</SimpleData>
            <SimpleData name="Teléfono">ND</SimpleData>
            <SimpleData name="Vivienda_L">-25.67141620000</SimpleData>
            <SimpleData name="Vivienda_1">-55.71167030000</SimpleData>
            <SimpleData name="Superficie">0.80000000000</SimpleData>
            <SimpleData name="Situaci_1">Par?metro</SimpleData>
            <SimpleData name="Plantado">SI</SimpleData>
            <SimpleData name="Fecha_Plan">2025/10/24</SimpleData>
            <SimpleData name="Jornales">0.00000000000</SimpleData>
            <SimpleData name="Monto">0.00000000000</SimpleData>
            <SimpleData name="Grupo_de_p">C-P3-XX-XX-XX</SimpleData>
            <SimpleData name="Estado_del">Activo</SimpleData>
            <SimpleData name="Empresa">Unique Wood Paraguay SA</SimpleData>
            <SimpleData name="Lote">C</SimpleData>
            <SimpleData name="Parametro">0.00000000000</SimpleData>
            <SimpleData name="Sup_SIG">0.80022997759</SimpleData>
            <SimpleData name="X">-55.71188544000</SimpleData>
            <SimpleData name="Y">-25.67097764000</SimpleData>
            <SimpleData name="cedula">6901306</SimpleData>
            <SimpleData name="Cédula_1">6901306.00000000000</SimpleData>
            <SimpleData name="Estado_d_1">Activo</SimpleData>
            <SimpleData name="OBJECTID_1">8705</SimpleData>
            <SimpleData name="Shape_Leng">444.42534003900</SimpleData>
            <SimpleData name="Shape_Area">8002.29977592000</SimpleData>
          </SchemaData>
        </ExtendedData>
        <Polygon>
          <outerBoundaryIs>
            <LinearRing>
              <coordinates>
                -55.7122007999923,-25.67045510018,0
                -55.7119316003212,-25.6707849004498,0
                -55.711851000317,-25.6706377999538,0
                -55.7116691003339,-25.6707540998371,0
                -55.7116007997885,-25.6708171997407,0
                -55.7111496000701,-25.6711093997683,0
                -55.7111810998583,-25.671263500402,0
                -55.711081700345,-25.6713449996945,0
                -55.71119570012,-25.6714682001249,0
                -55.7114466997855,-25.671334100401,0
                -55.7116673996585,-25.6712247001454,0
                -55.7120861998084,-25.6713580999569,0
                -55.712644100265,-25.6706626002345,0
                -55.7122007999923,-25.67045510018,0
              </coordinates>
            </LinearRing>
          </outerBoundaryIs>
        </Polygon>
      </Placemark>
      <Placemark id="Lote_C.55">
        <ExtendedData>
          <SchemaData schemaUrl="#Lote_C.schema">
            <SimpleData name="Cédula">4428801.00000000000</SimpleData>
            <SimpleData name="Nombres_y_">RUBEN  MONTANIA BLANCO</SimpleData>
            <SimpleData name="Sexo">Hombre</SimpleData>
            <SimpleData name="Cambio_de_">NO</SimpleData>
            <SimpleData name="Titular_se">NO</SimpleData>
            <SimpleData name="ci_UNIF">4428801.00000000000</SimpleData>
            <SimpleData name="Situación">NO</SimpleData>
            <SimpleData name="Comunidad">Campesina</SimpleData>
            <SimpleData name="Modelo_imp">Modelo 5</SimpleData>
            <SimpleData name="Departamen">CAAGUAZU</SimpleData>
            <SimpleData name="Distrito">REPATRIACION</SimpleData>
            <SimpleData name="Localidad">AGUILA NEGRA</SimpleData>
            <SimpleData name="Teléfono">971464293</SimpleData>
            <SimpleData name="Vivienda_L">-25.64298800000</SimpleData>
            <SimpleData name="Vivienda_1">-55.69396880000</SimpleData>
            <SimpleData name="Superficie">0.70000000000</SimpleData>
            <SimpleData name="Situaci_1">Parametro</SimpleData>
            <SimpleData name="Plantado">SI</SimpleData>
            <SimpleData name="Fecha_Plan">2025/10/02</SimpleData>
            <SimpleData name="Jornales">0.00000000000</SimpleData>
            <SimpleData name="Monto">0.00000000000</SimpleData>
            <SimpleData name="Grupo_de_p">C-P3-XX-XX-XX</SimpleData>
            <SimpleData name="Estado_del">Activo</SimpleData>
            <SimpleData name="Empresa">Unique Wood Paraguay SA</SimpleData>
            <SimpleData name="Lote">C</SimpleData>
            <SimpleData name="Parametro">0.00000000000</SimpleData>
            <SimpleData name="Sup_SIG">0.71124393760</SimpleData>
            <SimpleData name="X">-55.69367843000</SimpleData>
            <SimpleData name="Y">-25.64233366000</SimpleData>
            <SimpleData name="cedula">4428801</SimpleData>
            <SimpleData name="Cédula_1">4428801.00000000000</SimpleData>
            <SimpleData name="Estado_d_1">Activo</SimpleData>
            <SimpleData name="OBJECTID_1">8807</SimpleData>
            <SimpleData name="Shape_Leng">501.05677991800</SimpleData>
            <SimpleData name="Shape_Area">7112.43937600000</SimpleData>
          </SchemaData>
        </ExtendedData>
        <Polygon>
          <outerBoundaryIs>
            <LinearRing>
              <coordinates>
                -55.6929522995258,-25.6416944004161,0
                -55.6933463003071,-25.642836399784,0
                -55.6944189995718,-25.6424032995724,0
                -55.6942071001308,-25.6419761002514,0
                -55.6933285001544,-25.6423522999583,0
                -55.6931032998616,-25.6416217000573,0
                -55.6929522995258,-25.6416944004161,0
              </coordinates>
            </LinearRing>
          </outerBoundaryIs>
        </Polygon>
      </Placemark>
      <Placemark id="Lote_C.56">
        <ExtendedData>
          <SchemaData schemaUrl="#Lote_C.schema">
            <SimpleData name="Cédula">7208572.00000000000</SimpleData>
            <SimpleData name="Nombres_y_">SILVINO BRITEZ BENITEZ</SimpleData>
            <SimpleData name="Sexo">Hombre</SimpleData>
            <SimpleData name="Cambio_de_">NO</SimpleData>
            <SimpleData name="Titular_se">NO</SimpleData>
            <SimpleData name="ci_UNIF">7208572.00000000000</SimpleData>
            <SimpleData name="Situación">NO</SimpleData>
            <SimpleData name="Comunidad">Ind?gena</SimpleData>
            <SimpleData name="Modelo_imp">Modelo 5</SimpleData>
            <SimpleData name="Departamen">CAAGUAZU</SimpleData>
            <SimpleData name="Distrito">REPATRIACION</SimpleData>
            <SimpleData name="Localidad">COM INDIG 23 DE JUNIO</SimpleData>
            <SimpleData name="Teléfono">0975307375</SimpleData>
            <SimpleData name="Vivienda_L">-25.66755030000</SimpleData>
            <SimpleData name="Vivienda_1">-55.71453230000</SimpleData>
            <SimpleData name="Superficie">0.70000000000</SimpleData>
            <SimpleData name="Situaci_1">Par?metro</SimpleData>
            <SimpleData name="Plantado">SI</SimpleData>
            <SimpleData name="Fecha_Plan">2025/10/21</SimpleData>
            <SimpleData name="Jornales">0.00000000000</SimpleData>
            <SimpleData name="Monto">0.00000000000</SimpleData>
            <SimpleData name="Grupo_de_p">C-P3-XX-XX-XX</SimpleData>
            <SimpleData name="Estado_del">Activo</SimpleData>
            <SimpleData name="Empresa">Unique Wood Paraguay SA</SimpleData>
            <SimpleData name="Lote">C</SimpleData>
            <SimpleData name="Parametro">0.00000000000</SimpleData>
            <SimpleData name="Sup_SIG">0.74960209028</SimpleData>
            <SimpleData name="X">-55.71468619000</SimpleData>
            <SimpleData name="Y">-25.66705163000</SimpleData>
            <SimpleData name="cedula">7208572</SimpleData>
            <SimpleData name="Cédula_1">7208572.00000000000</SimpleData>
            <SimpleData name="Estado_d_1">Activo</SimpleData>
            <SimpleData name="OBJECTID_1">8707</SimpleData>
            <SimpleData name="Shape_Leng">570.92378906600</SimpleData>
            <SimpleData name="Shape_Area">7496.02090278000</SimpleData>
          </SchemaData>
        </ExtendedData>
        <MultiGeometry>
          <Polygon>
            <outerBoundaryIs>
              <LinearRing>
                <coordinates>
                  -55.710038199928,-25.6727102995932,0
                  -55.7105069997731,-25.6724901003558,0
                  -55.7104501003745,-25.6723760997052,0
                  -55.7102964999282,-25.6721731997279,0
                  -55.7098479002451,-25.6724306998594,0
                  -55.710038199928,-25.6727102995932,0
                </coordinates>
              </LinearRing>
            </outerBoundaryIs>
          </Polygon>
          <Polygon>
            <outerBoundaryIs>
              <LinearRing>
                <coordinates>
                  -55.7144627999283,-25.667792199657,0
                  -55.7142117997934,-25.6676493000375,0
                  -55.7140803999893,-25.667824300399,0
                  -55.7143607996969,-25.6679488002459,0
                  -55.7144627999283,-25.667792199657,0
                </coordinates>
              </LinearRing>
            </outerBoundaryIs>
          </Polygon>
          <Polygon>
            <outerBoundaryIs>
              <LinearRing>
                <coordinates>
                  -55.7147466996886,-25.6674466996926,0
                  -55.714826900021,-25.6673653997024,0
                  -55.7151272002892,-25.6669567998883,0
                  -55.7151021000678,-25.6667530000816,0
                  -55.7148755003648,-25.6667433998395,0
                  -55.7148404001762,-25.6668083999991,0
                  -55.7145209996214,-25.6666850997191,0
                  -55.7142074001619,-25.6672364995597,0
                  -55.7147466996886,-25.6674466996926,0
                </coordinates>
              </LinearRing>
            </outerBoundaryIs>
          </Polygon>
        </MultiGeometry>
      </Placemark>
      <Placemark id="Lote_C.57">
        <ExtendedData>
          <SchemaData schemaUrl="#Lote_C.schema">
            <SimpleData name="Cédula">4347561.00000000000</SimpleData>
            <SimpleData name="Nombres_y_">ARCENIO ROMERO PENAYO</SimpleData>
            <SimpleData name="Sexo">Hombre</SimpleData>
            <SimpleData name="Cambio_de_">NO</SimpleData>
            <SimpleData name="Titular_se">NO</SimpleData>
            <SimpleData name="ci_UNIF">4347561.00000000000</SimpleData>
            <SimpleData name="Situación">NO</SimpleData>
            <SimpleData name="Comunidad">Ind?gena</SimpleData>
            <SimpleData name="Modelo_imp">Modelo 1</SimpleData>
            <SimpleData name="Departamen">CAAGUAZU</SimpleData>
            <SimpleData name="Distrito">REPATRIACION</SimpleData>
            <SimpleData name="Localidad">COM INDIG 23 DE JUNIO</SimpleData>
            <SimpleData name="Teléfono">0975334374</SimpleData>
            <SimpleData name="Vivienda_L">-25.67040830000</SimpleData>
            <SimpleData name="Vivienda_1">-55.71217830000</SimpleData>
            <SimpleData name="Superficie">0.80000000000</SimpleData>
            <SimpleData name="Situaci_1">Par?metro</SimpleData>
            <SimpleData name="Plantado">SI</SimpleData>
            <SimpleData name="Fecha_Plan">2025/10/24</SimpleData>
            <SimpleData name="Jornales">0.00000000000</SimpleData>
            <SimpleData name="Monto">0.00000000000</SimpleData>
            <SimpleData name="Grupo_de_p">C-P3-XX-XX-XX</SimpleData>
            <SimpleData name="Estado_del">Activo</SimpleData>
            <SimpleData name="Empresa">Unique Wood Paraguay SA</SimpleData>
            <SimpleData name="Lote">C</SimpleData>
            <SimpleData name="Parametro">0.00000000000</SimpleData>
            <SimpleData name="Sup_SIG">0.80197989601</SimpleData>
            <SimpleData name="X">-55.71056033000</SimpleData>
            <SimpleData name="Y">-25.67172279000</SimpleData>
            <SimpleData name="cedula">4347561</SimpleData>
            <SimpleData name="Cédula_1">4347561.00000000000</SimpleData>
            <SimpleData name="Estado_d_1">Activo</SimpleData>
            <SimpleData name="OBJECTID_1">8704</SimpleData>
            <SimpleData name="Shape_Leng">526.74605677100</SimpleData>
            <SimpleData name="Shape_Area">8019.79896014000</SimpleData>
          </SchemaData>
        </ExtendedData>
        <MultiGeometry>
          <Polygon>
            <outerBoundaryIs>
              <LinearRing>
                <coordinates>
                  -55.7108683001483,-25.6722149998906,0
                  -55.7111086004258,-25.6720632000714,0
                  -55.7111008996084,-25.6720133001235,0
                  -55.7109625004841,-25.6719405999206,0
                  -55.7109324002346,-25.6719099998472,0
                  -55.7108891000908,-25.6717636996694,0
                  -55.7108446998181,-25.671627800002,0
                  -55.7108080004733,-25.6715603996776,0
                  -55.7104658003954,-25.6712596999083,0
                  -55.7100091001372,-25.6715364002244,0
                  -55.7099891998883,-25.6716021997579,0
                  -55.7108683001483,-25.6722149998906,0
                </coordinates>
              </LinearRing>
            </outerBoundaryIs>
          </Polygon>
          <Polygon>
            <outerBoundaryIs>
              <LinearRing>
                <coordinates>
                  -55.7132082995192,-25.6678416997896,0
                  -55.7135425003798,-25.667555199652,0
                  -55.7131308004456,-25.6671651002047,0
                  -55.7128589996962,-25.6674642999049,0
                  -55.7130337001344,-25.6676993002871,0
                  -55.7130163001434,-25.6677596996621,0
                  -55.7132082995192,-25.6678416997896,0
                </coordinates>
              </LinearRing>
            </outerBoundaryIs>
          </Polygon>
        </MultiGeometry>
      </Placemark>
      <Placemark id="Lote_C.58">
        <ExtendedData>
          <SchemaData schemaUrl="#Lote_C.schema">
            <SimpleData name="Cédula">5956324.00000000000</SimpleData>
            <SimpleData name="Nombres_y_">CINTHIA ESTIGARRIBIA MACHUCA</SimpleData>
            <SimpleData name="Sexo">Mujer</SimpleData>
            <SimpleData name="Cambio_de_">NO</SimpleData>
            <SimpleData name="Titular_se">NO</SimpleData>
            <SimpleData name="ci_UNIF">5956324.00000000000</SimpleData>
            <SimpleData name="Situación">NO</SimpleData>
            <SimpleData name="Comunidad">Campesina</SimpleData>
            <SimpleData name="Modelo_imp">Modelo 1</SimpleData>
            <SimpleData name="Departamen">CAAGUAZU</SimpleData>
            <SimpleData name="Distrito">REPATRIACION</SimpleData>
            <SimpleData name="Localidad">AGUILA REAL</SimpleData>
            <SimpleData name="Teléfono">0976768234</SimpleData>
            <SimpleData name="Vivienda_L">-25.66667830000</SimpleData>
            <SimpleData name="Vivienda_1">-55.73408330000</SimpleData>
            <SimpleData name="Superficie">0.80000000000</SimpleData>
            <SimpleData name="Situaci_1">Pol?gono</SimpleData>
            <SimpleData name="Plantado">SI</SimpleData>
            <SimpleData name="Fecha_Plan">2025/10/31</SimpleData>
            <SimpleData name="Jornales">0.00000000000</SimpleData>
            <SimpleData name="Monto">0.00000000000</SimpleData>
            <SimpleData name="Grupo_de_p">C-P3-XX-XX-XX</SimpleData>
            <SimpleData name="Estado_del">Activo</SimpleData>
            <SimpleData name="Empresa">Unique Wood Paraguay SA</SimpleData>
            <SimpleData name="Lote">C</SimpleData>
            <SimpleData name="Parametro">0.00000000000</SimpleData>
            <SimpleData name="Sup_SIG">0.97207619616</SimpleData>
            <SimpleData name="X">-55.73259054000</SimpleData>
            <SimpleData name="Y">-25.66741334000</SimpleData>
            <SimpleData name="cedula">5956324</SimpleData>
            <SimpleData name="Cédula_1">5956324.00000000000</SimpleData>
            <SimpleData name="Estado_d_1">Activo</SimpleData>
            <SimpleData name="OBJECTID_1">8716</SimpleData>
            <SimpleData name="Shape_Leng">477.89654275700</SimpleData>
            <SimpleData name="Shape_Area">9720.76196161000</SimpleData>
          </SchemaData>
        </ExtendedData>
        <Polygon>
          <outerBoundaryIs>
            <LinearRing>
              <coordinates>
                -55.7316360001987,-25.6675925998779,0
                -55.7319162001729,-25.6679971000577,0
                -55.7336199998029,-25.6671917002826,0
                -55.7331732996455,-25.6668616999711,0
                -55.7316360001987,-25.6675925998779,0
              </coordinates>
            </LinearRing>
          </outerBoundaryIs>
        </Polygon>
      </Placemark>
      <Placemark id="Lote_C.59">
        <ExtendedData>
          <SchemaData schemaUrl="#Lote_C.schema">
            <SimpleData name="Cédula">7208534.00000000000</SimpleData>
            <SimpleData name="Nombres_y_">NERI ROMERO LOPEZ</SimpleData>
            <SimpleData name="Sexo">Hombre</SimpleData>
            <SimpleData name="Cambio_de_">NO</SimpleData>
            <SimpleData name="Titular_se">NO</SimpleData>
            <SimpleData name="ci_UNIF">7208534.00000000000</SimpleData>
            <SimpleData name="Situación">NO</SimpleData>
            <SimpleData name="Comunidad">Ind?gena</SimpleData>
            <SimpleData name="Modelo_imp">Modelo 5</SimpleData>
            <SimpleData name="Departamen">CAAGUAZU</SimpleData>
            <SimpleData name="Distrito">REPATRIACION</SimpleData>
            <SimpleData name="Localidad">COM INDIG KAATYMI</SimpleData>
            <SimpleData name="Teléfono">ND</SimpleData>
            <SimpleData name="Vivienda_L">-25.66467660000</SimpleData>
            <SimpleData name="Vivienda_1">-55.69391330000</SimpleData>
            <SimpleData name="Superficie">0.70000000000</SimpleData>
            <SimpleData name="Situaci_1">Pol?gono</SimpleData>
            <SimpleData name="Plantado">SI</SimpleData>
            <SimpleData name="Fecha_Plan">2025/10/21</SimpleData>
            <SimpleData name="Jornales">0.00000000000</SimpleData>
            <SimpleData name="Monto">0.00000000000</SimpleData>
            <SimpleData name="Grupo_de_p">C-P3-XX-XX-XX</SimpleData>
            <SimpleData name="Estado_del">Activo</SimpleData>
            <SimpleData name="Empresa">Unique Wood Paraguay SA</SimpleData>
            <SimpleData name="Lote">C</SimpleData>
            <SimpleData name="Parametro">0.00000000000</SimpleData>
            <SimpleData name="Sup_SIG">0.75074052442</SimpleData>
            <SimpleData name="X">-55.69362418000</SimpleData>
            <SimpleData name="Y">-25.66512165000</SimpleData>
            <SimpleData name="cedula">7208534</SimpleData>
            <SimpleData name="Cédula_1">7208534.00000000000</SimpleData>
            <SimpleData name="Estado_d_1">Activo</SimpleData>
            <SimpleData name="OBJECTID_1">8708</SimpleData>
            <SimpleData name="Shape_Leng">528.20578007800</SimpleData>
            <SimpleData name="Shape_Area">7507.40524420000</SimpleData>
          </SchemaData>
        </ExtendedData>
        <Polygon>
          <outerBoundaryIs>
            <LinearRing>
              <coordinates>
                -55.6941646003498,-25.6647882001131,0
                -55.6939781995389,-25.6649467004172,0
                -55.6937933004493,-25.6646383003017,0
                -55.6932699997864,-25.6647933001259,0
                -55.6932882998397,-25.6649250000444,0
                -55.6934867003794,-25.6649217002866,0
                -55.6935044995721,-25.6650300002731,0
                -55.6931272004744,-25.665058100213,0
                -55.6931854995591,-25.6656747998521,0
                -55.6936648995039,-25.6656642998911,0
                -55.6938182998963,-25.6651283003781,0
                -55.6939816995699,-25.6651633001728,0
                -55.6943406997217,-25.6647430001235,0
                -55.6943188001275,-25.664534099826,0
                -55.6941963998148,-25.6645301001809,0
                -55.6940900001894,-25.6646331003794,0
                -55.6941646003498,-25.6647882001131,0
              </coordinates>
            </LinearRing>
          </outerBoundaryIs>
        </Polygon>
      </Placemark>
      <Placemark id="Lote_C.60">
        <ExtendedData>
          <SchemaData schemaUrl="#Lote_C.schema">
            <SimpleData name="Cédula">5813206.00000000000</SimpleData>
            <SimpleData name="Nombres_y_">MARIA ANTONIA ESQUIVEL OLMEDO</SimpleData>
            <SimpleData name="Sexo">Mujer</SimpleData>
            <SimpleData name="Cambio_de_">NO</SimpleData>
            <SimpleData name="Titular_se">NO</SimpleData>
            <SimpleData name="ci_UNIF">5813206.00000000000</SimpleData>
            <SimpleData name="Situación">NO</SimpleData>
            <SimpleData name="Comunidad">Ind?gena</SimpleData>
            <SimpleData name="Modelo_imp">Modelo 5</SimpleData>
            <SimpleData name="Departamen">CAAGUAZU</SimpleData>
            <SimpleData name="Distrito">REPATRIACION</SimpleData>
            <SimpleData name="Localidad">COM INDIG TAKUARO 3 DE FEBRERO</SimpleData>
            <SimpleData name="Teléfono">0987155858</SimpleData>
            <SimpleData name="Vivienda_L">-25.67791500000</SimpleData>
            <SimpleData name="Vivienda_1">-55.73612830000</SimpleData>
            <SimpleData name="Superficie">0.70000000000</SimpleData>
            <SimpleData name="Situaci_1">Par?metro</SimpleData>
            <SimpleData name="Plantado">SI</SimpleData>
            <SimpleData name="Fecha_Plan">2025/10/24</SimpleData>
            <SimpleData name="Jornales">0.00000000000</SimpleData>
            <SimpleData name="Monto">0.00000000000</SimpleData>
            <SimpleData name="Grupo_de_p">C-P3-XX-XX-XX</SimpleData>
            <SimpleData name="Estado_del">Activo</SimpleData>
            <SimpleData name="Empresa">Unique Wood Paraguay SA</SimpleData>
            <SimpleData name="Lote">C</SimpleData>
            <SimpleData name="Parametro">0.00000000000</SimpleData>
            <SimpleData name="Sup_SIG">0.73547677832</SimpleData>
            <SimpleData name="X">-55.73569053000</SimpleData>
            <SimpleData name="Y">-25.67783062000</SimpleData>
            <SimpleData name="cedula">5813206</SimpleData>
            <SimpleData name="Cédula_1">5813206.00000000000</SimpleData>
            <SimpleData name="Estado_d_1">Activo</SimpleData>
            <SimpleData name="OBJECTID_1">8700</SimpleData>
            <SimpleData name="Shape_Leng">456.63569760400</SimpleData>
            <SimpleData name="Shape_Area">7354.76778316000</SimpleData>
          </SchemaData>
        </ExtendedData>
        <Polygon>
          <outerBoundaryIs>
            <LinearRing>
              <coordinates>
                -55.735580200358,-25.677412300395,0
                -55.7350489998473,-25.6779554000917,0
                -55.7358617999842,-25.6784882003134,0
                -55.7360005996806,-25.6782459997087,0
                -55.7356618997386,-25.6779877001815,0
                -55.7359772999353,-25.6776734996165,0
                -55.7362631004184,-25.6778228004303,0
                -55.7364008998914,-25.6776509997307,0
                -55.735870000496,-25.6773033998215,0
                -55.735580200358,-25.677412300395,0
              </coordinates>
            </LinearRing>
          </outerBoundaryIs>
        </Polygon>
      </Placemark>
      <Placemark id="Lote_C.61">
        <ExtendedData>
          <SchemaData schemaUrl="#Lote_C.schema">
            <SimpleData name="Cédula">7649122.00000000000</SimpleData>
            <SimpleData name="Nombres_y_">GUILLERMINA CARDOZO RAMIREZ</SimpleData>
            <SimpleData name="Sexo">Mujer</SimpleData>
            <SimpleData name="Cambio_de_">NO</SimpleData>
            <SimpleData name="Titular_se">NO</SimpleData>
            <SimpleData name="ci_UNIF">7649122.00000000000</SimpleData>
            <SimpleData name="Situación">NO</SimpleData>
            <SimpleData name="Comunidad">Ind?gena</SimpleData>
            <SimpleData name="Modelo_imp">Modelo 5</SimpleData>
            <SimpleData name="Departamen">CAAGUAZU</SimpleData>
            <SimpleData name="Distrito">REPATRIACION</SimpleData>
            <SimpleData name="Localidad">COM INDIG ?U JHOVY</SimpleData>
            <SimpleData name="Teléfono">ND</SimpleData>
            <SimpleData name="Vivienda_L">-25.65546210000</SimpleData>
            <SimpleData name="Vivienda_1">-55.71526920000</SimpleData>
            <SimpleData name="Superficie">0.70000000000</SimpleData>
            <SimpleData name="Situaci_1">Par?metro</SimpleData>
            <SimpleData name="Plantado">SI</SimpleData>
            <SimpleData name="Fecha_Plan">2025/10/15</SimpleData>
            <SimpleData name="Jornales">0.00000000000</SimpleData>
            <SimpleData name="Monto">0.00000000000</SimpleData>
            <SimpleData name="Grupo_de_p">C-P3-XX-XX-XX</SimpleData>
            <SimpleData name="Estado_del">Activo</SimpleData>
            <SimpleData name="Empresa">Unique Wood Paraguay SA</SimpleData>
            <SimpleData name="Lote">C</SimpleData>
            <SimpleData name="Parametro">0.00000000000</SimpleData>
            <SimpleData name="Sup_SIG">0.84047510573</SimpleData>
            <SimpleData name="X">-55.71210410000</SimpleData>
            <SimpleData name="Y">-25.65857895000</SimpleData>
            <SimpleData name="cedula">7649122</SimpleData>
            <SimpleData name="Cédula_1">7649122.00000000000</SimpleData>
            <SimpleData name="Estado_d_1">Activo</SimpleData>
            <SimpleData name="OBJECTID_1">8703</SimpleData>
            <SimpleData name="Shape_Leng">380.21187184700</SimpleData>
            <SimpleData name="Shape_Area">8404.75105726000</SimpleData>
          </SchemaData>
        </ExtendedData>
        <Polygon>
          <outerBoundaryIs>
            <LinearRing>
              <coordinates>
                -55.7115132993993,-25.6588751000129,0
                -55.7128719999228,-25.6588922993486,0
                -55.7127752995113,-25.6586342995539,0
                -55.7126041990529,-25.6584368997884,0
                -55.7124945999955,-25.6583442993397,0
                -55.712343199832,-25.6582885000534,0
                -55.7120695992156,-25.6582169993568,0
                -55.7117914991782,-25.6581759994342,0
                -55.7116086994653,-25.6581709993982,0
                -55.7115570994231,-25.6582992998511,0
                -55.7115133996449,-25.6586570000491,0
                -55.7115132993993,-25.6588751000129,0
              </coordinates>
            </LinearRing>
          </outerBoundaryIs>
        </Polygon>
      </Placemark>
      <Placemark id="Lote_C.62">
        <ExtendedData>
          <SchemaData schemaUrl="#Lote_C.schema">
            <SimpleData name="Cédula">6347053.00000000000</SimpleData>
            <SimpleData name="Nombres_y_">CATALINA FLORES GALEANO</SimpleData>
            <SimpleData name="Sexo">Mujer</SimpleData>
            <SimpleData name="Cambio_de_">NO</SimpleData>
            <SimpleData name="Titular_se">NO</SimpleData>
            <SimpleData name="ci_UNIF">6347053.00000000000</SimpleData>
            <SimpleData name="Situación">NO</SimpleData>
            <SimpleData name="Comunidad">Ind?gena</SimpleData>
            <SimpleData name="Modelo_imp">Modelo 5</SimpleData>
            <SimpleData name="Departamen">CAAGUAZU</SimpleData>
            <SimpleData name="Distrito">REPATRIACION</SimpleData>
            <SimpleData name="Localidad">COM INDIG ?U JHOVY</SimpleData>
            <SimpleData name="Teléfono">0975956770</SimpleData>
            <SimpleData name="Vivienda_L">-25.46399900000</SimpleData>
            <SimpleData name="Vivienda_1">-56.01830530000</SimpleData>
            <SimpleData name="Superficie">0.70000000000</SimpleData>
            <SimpleData name="Situaci_1">Par?metro</SimpleData>
            <SimpleData name="Plantado">SI</SimpleData>
            <SimpleData name="Fecha_Plan">2025/10/10</SimpleData>
            <SimpleData name="Jornales">0.00000000000</SimpleData>
            <SimpleData name="Monto">0.00000000000</SimpleData>
            <SimpleData name="Grupo_de_p">C-P3-XX-XX-XX</SimpleData>
            <SimpleData name="Estado_del">Activo</SimpleData>
            <SimpleData name="Empresa">Unique Wood Paraguay SA</SimpleData>
            <SimpleData name="Lote">C</SimpleData>
            <SimpleData name="Parametro">0.00000000000</SimpleData>
            <SimpleData name="Sup_SIG">0.70471092139</SimpleData>
            <SimpleData name="X">-55.71603093000</SimpleData>
            <SimpleData name="Y">-25.65845288000</SimpleData>
            <SimpleData name="cedula">6347053</SimpleData>
            <SimpleData name="Cédula_1">6347053.00000000000</SimpleData>
            <SimpleData name="Estado_d_1">Activo</SimpleData>
            <SimpleData name="OBJECTID_1">8701</SimpleData>
            <SimpleData name="Shape_Leng">347.94300756900</SimpleData>
            <SimpleData name="Shape_Area">7047.10921387000</SimpleData>
          </SchemaData>
        </ExtendedData>
        <Polygon>
          <outerBoundaryIs>
            <LinearRing>
              <coordinates>
                -55.7155466993254,-25.6587882999402,0
                -55.7163099995235,-25.6589966993438,0
                -55.7163961992943,-25.6579939999144,0
                -55.7158908993592,-25.6578963996038,0
                -55.7155466993254,-25.6587882999402,0
              </coordinates>
            </LinearRing>
          </outerBoundaryIs>
        </Polygon>
      </Placemark>
      <Placemark id="Lote_C.63">
        <ExtendedData>
          <SchemaData schemaUrl="#Lote_C.schema">
            <SimpleData name="Cédula">6347052.00000000000</SimpleData>
            <SimpleData name="Nombres_y_">ROSALINA BENITEZ MARTINEZ</SimpleData>
            <SimpleData name="Sexo">Mujer</SimpleData>
            <SimpleData name="Cambio_de_">NO</SimpleData>
            <SimpleData name="Titular_se">NO</SimpleData>
            <SimpleData name="ci_UNIF">6347052.00000000000</SimpleData>
            <SimpleData name="Situación">NO</SimpleData>
            <SimpleData name="Comunidad">Ind?gena</SimpleData>
            <SimpleData name="Modelo_imp">Modelo 5</SimpleData>
            <SimpleData name="Departamen">CAAGUAZU</SimpleData>
            <SimpleData name="Distrito">REPATRIACION</SimpleData>
            <SimpleData name="Localidad">COM INDIG ?U JHOVY</SimpleData>
            <SimpleData name="Teléfono">0975485523</SimpleData>
            <SimpleData name="Vivienda_L">-25.64727540000</SimpleData>
            <SimpleData name="Vivienda_1">-55.71500890000</SimpleData>
            <SimpleData name="Superficie">0.90000000000</SimpleData>
            <SimpleData name="Situaci_1">Pol?gono</SimpleData>
            <SimpleData name="Plantado">SI</SimpleData>
            <SimpleData name="Fecha_Plan">2025/10/03</SimpleData>
            <SimpleData name="Jornales">0.00000000000</SimpleData>
            <SimpleData name="Monto">0.00000000000</SimpleData>
            <SimpleData name="Grupo_de_p">C-P4-XX-XX-XX</SimpleData>
            <SimpleData name="Estado_del">Activo</SimpleData>
            <SimpleData name="Empresa">Unique Wood Paraguay SA</SimpleData>
            <SimpleData name="Lote">C</SimpleData>
            <SimpleData name="Parametro">0.00000000000</SimpleData>
            <SimpleData name="Sup_SIG">0.96586479706</SimpleData>
            <SimpleData name="X">-55.71008248000</SimpleData>
            <SimpleData name="Y">-25.64862205000</SimpleData>
            <SimpleData name="cedula">6347052</SimpleData>
            <SimpleData name="Cédula_1">6347052.00000000000</SimpleData>
            <SimpleData name="Estado_d_1">Activo</SimpleData>
            <SimpleData name="OBJECTID_1">8702</SimpleData>
            <SimpleData name="Shape_Leng">391.33356209700</SimpleData>
            <SimpleData name="Shape_Area">9658.64797055000</SimpleData>
          </SchemaData>
        </ExtendedData>
        <Polygon>
          <outerBoundaryIs>
            <LinearRing>
              <coordinates>
                -55.7094424008443,-25.6490633999476,0
                -55.7094774998384,-25.6491188999539,0
                -55.7106619996508,-25.64883939999,0
                -55.710711799403,-25.6487892004819,0
                -55.7107060996143,-25.6484536007723,0
                -55.7106219000969,-25.6482746998382,0
                -55.7104968997331,-25.6481390000695,0
                -55.7104322999294,-25.648108300252,0
                -55.7095538002663,-25.648419200606,0
                -55.7095087998166,-25.6484590002575,0
                -55.7094424008443,-25.6490633999476,0
              </coordinates>
            </LinearRing>
          </outerBoundaryIs>
        </Polygon>
      </Placemark>
      <Placemark id="Lote_C.64">
        <ExtendedData>
          <SchemaData schemaUrl="#Lote_C.schema">
            <SimpleData name="Cédula">3942019.00000000000</SimpleData>
            <SimpleData name="Nombres_y_">LIDIA BENITEZ GONZALEZ</SimpleData>
            <SimpleData name="Sexo">Mujer</SimpleData>
            <SimpleData name="Cambio_de_">NO</SimpleData>
            <SimpleData name="Titular_se">NO</SimpleData>
            <SimpleData name="ci_UNIF">3942019.00000000000</SimpleData>
            <SimpleData name="Situación">NO</SimpleData>
            <SimpleData name="Comunidad">Ind?gena</SimpleData>
            <SimpleData name="Modelo_imp">Modelo 5</SimpleData>
            <SimpleData name="Departamen">CAAGUAZU</SimpleData>
            <SimpleData name="Distrito">REPATRIACION</SimpleData>
            <SimpleData name="Localidad">COM INDIG PINDO-I</SimpleData>
            <SimpleData name="Teléfono">ND</SimpleData>
            <SimpleData name="Vivienda_L">-25.52700000000</SimpleData>
            <SimpleData name="Vivienda_1">-55.67974000000</SimpleData>
            <SimpleData name="Superficie">0.70000000000</SimpleData>
            <SimpleData name="Situaci_1">Par?metro</SimpleData>
            <SimpleData name="Plantado">SI</SimpleData>
            <SimpleData name="Fecha_Plan">2026/05/26</SimpleData>
            <SimpleData name="Jornales">0.00000000000</SimpleData>
            <SimpleData name="Monto">0.00000000000</SimpleData>
            <SimpleData name="Grupo_de_p">C-P4-XX-XX-XX</SimpleData>
            <SimpleData name="Estado_del">Activo</SimpleData>
            <SimpleData name="Empresa">Unique Wood Paraguay SA</SimpleData>
            <SimpleData name="Lote">C</SimpleData>
            <SimpleData name="Parametro">0.00000000000</SimpleData>
            <SimpleData name="Sup_SIG">0.73993022461</SimpleData>
            <SimpleData name="X">-55.68028741000</SimpleData>
            <SimpleData name="Y">-25.52606662000</SimpleData>
            <SimpleData name="cedula">3942019</SimpleData>
            <SimpleData name="Cédula_1">3942019.00000000000</SimpleData>
            <SimpleData name="Estado_d_1">Activo</SimpleData>
            <SimpleData name="OBJECTID_1">5609</SimpleData>
            <SimpleData name="Shape_Leng">361.71276863100</SimpleData>
            <SimpleData name="Shape_Area">7399.30224611000</SimpleData>
          </SchemaData>
        </ExtendedData>
        <Polygon>
          <outerBoundaryIs>
            <LinearRing>
              <coordinates>
                -55.6800999996605,-25.5264049997652,0
                -55.6804650007451,-25.5264308002926,0
                -55.6807916993768,-25.5263650005136,0
                -55.6808350006069,-25.526199999296,0
                -55.680746700027,-25.5256899994574,0
                -55.6802883002244,-25.5257550003118,0
                -55.6794597002283,-25.5259282999491,0
                -55.6800999996605,-25.5264049997652,0
              </coordinates>
            </LinearRing>
          </outerBoundaryIs>
        </Polygon>
      </Placemark>
      <Placemark id="Lote_C.65">
        <ExtendedData>
          <SchemaData schemaUrl="#Lote_C.schema">
            <SimpleData name="Cédula">6241010.00000000000</SimpleData>
            <SimpleData name="Nombres_y_">MARI ISABEL BRITEZ CARDOZO</SimpleData>
            <SimpleData name="Sexo">Mujer</SimpleData>
            <SimpleData name="Cambio_de_">NO</SimpleData>
            <SimpleData name="Titular_se">NO</SimpleData>
            <SimpleData name="ci_UNIF">6241010.00000000000</SimpleData>
            <SimpleData name="Situación">NO</SimpleData>
            <SimpleData name="Comunidad">Ind?gena</SimpleData>
            <SimpleData name="Modelo_imp">Modelo 5</SimpleData>
            <SimpleData name="Departamen">CAAGUAZU</SimpleData>
            <SimpleData name="Distrito">REPATRIACION</SimpleData>
            <SimpleData name="Localidad">COM INDIG KAATYMI</SimpleData>
            <SimpleData name="Teléfono">ND</SimpleData>
            <SimpleData name="Vivienda_L">-25.66352660000</SimpleData>
            <SimpleData name="Vivienda_1">-55.69315860000</SimpleData>
            <SimpleData name="Superficie">0.70000000000</SimpleData>
            <SimpleData name="Situaci_1">Par?metro</SimpleData>
            <SimpleData name="Plantado">SI</SimpleData>
            <SimpleData name="Fecha_Plan">2026/05/28</SimpleData>
            <SimpleData name="Jornales">0.00000000000</SimpleData>
            <SimpleData name="Monto">0.00000000000</SimpleData>
            <SimpleData name="Grupo_de_p">C-P4-XX-XX-XX</SimpleData>
            <SimpleData name="Estado_del">Activo</SimpleData>
            <SimpleData name="Empresa">Unique Wood Paraguay SA</SimpleData>
            <SimpleData name="Lote">C</SimpleData>
            <SimpleData name="Parametro">0.00000000000</SimpleData>
            <SimpleData name="Sup_SIG">0.73226873617</SimpleData>
            <SimpleData name="X">-55.69759754000</SimpleData>
            <SimpleData name="Y">-25.66522794000</SimpleData>
            <SimpleData name="cedula">6241010</SimpleData>
            <SimpleData name="Cédula_1">6241010.00000000000</SimpleData>
            <SimpleData name="Estado_d_1">Activo</SimpleData>
            <SimpleData name="OBJECTID_1">5606</SimpleData>
            <SimpleData name="Shape_Leng">357.05875778500</SimpleData>
            <SimpleData name="Shape_Area">7322.68736174000</SimpleData>
          </SchemaData>
        </ExtendedData>
        <Polygon>
          <outerBoundaryIs>
            <LinearRing>
              <coordinates>
                -55.6970658997304,-25.6653753999071,0
                -55.6974728999269,-25.6657911998087,0
                -55.6975493002581,-25.6657909995454,0
                -55.6981733995126,-25.6651336998069,0
                -55.6976949998974,-25.6646900004284,0
                -55.6971411000239,-25.6650205005371,0
                -55.6972851001755,-25.6652782998297,0
                -55.6970658997304,-25.6653753999071,0
              </coordinates>
            </LinearRing>
          </outerBoundaryIs>
        </Polygon>
      </Placemark>
      <Placemark id="Lote_C.66">
        <ExtendedData>
          <SchemaData schemaUrl="#Lote_C.schema">
            <SimpleData name="Cédula">6347049.00000000000</SimpleData>
            <SimpleData name="Nombres_y_">CATALINA BRITEZ BENITEZ</SimpleData>
            <SimpleData name="Sexo">Mujer</SimpleData>
            <SimpleData name="Cambio_de_">NO</SimpleData>
            <SimpleData name="Titular_se">NO</SimpleData>
            <SimpleData name="ci_UNIF">6347049.00000000000</SimpleData>
            <SimpleData name="Situación">NO</SimpleData>
            <SimpleData name="Comunidad">Ind?gena</SimpleData>
            <SimpleData name="Modelo_imp">Modelo 5</SimpleData>
            <SimpleData name="Departamen">CAAGUAZU</SimpleData>
            <SimpleData name="Distrito">REPATRIACION</SimpleData>
            <SimpleData name="Localidad">COM INDIG KAATYMI</SimpleData>
            <SimpleData name="Teléfono">ND</SimpleData>
            <SimpleData name="Vivienda_L">-25.66217710000</SimpleData>
            <SimpleData name="Vivienda_1">-55.69449430000</SimpleData>
            <SimpleData name="Superficie">0.70000000000</SimpleData>
            <SimpleData name="Situaci_1">Par?metro</SimpleData>
            <SimpleData name="Plantado">SI</SimpleData>
            <SimpleData name="Fecha_Plan">2026/05/28</SimpleData>
            <SimpleData name="Jornales">0.00000000000</SimpleData>
            <SimpleData name="Monto">0.00000000000</SimpleData>
            <SimpleData name="Grupo_de_p">C-P4-XX-XX-XX</SimpleData>
            <SimpleData name="Estado_del">Activo</SimpleData>
            <SimpleData name="Empresa">Unique Wood Paraguay SA</SimpleData>
            <SimpleData name="Lote">C</SimpleData>
            <SimpleData name="Parametro">0.00000000000</SimpleData>
            <SimpleData name="Sup_SIG">0.73875823647</SimpleData>
            <SimpleData name="X">-55.69820995000</SimpleData>
            <SimpleData name="Y">-25.66566055000</SimpleData>
            <SimpleData name="cedula">6347049</SimpleData>
            <SimpleData name="Cédula_1">6347049.00000000000</SimpleData>
            <SimpleData name="Estado_d_1">Activo</SimpleData>
            <SimpleData name="OBJECTID_1">5599</SimpleData>
            <SimpleData name="Shape_Leng">357.60740908000</SimpleData>
            <SimpleData name="Shape_Area">7387.58236474000</SimpleData>
          </SchemaData>
        </ExtendedData>
        <Polygon>
          <outerBoundaryIs>
            <LinearRing>
              <coordinates>
                -55.6987351713219,-25.665506385515,0
                -55.6982317374603,-25.6651356909638,0
                -55.6982216997705,-25.665128299832,0
                -55.6975667003027,-25.6657983002292,0
                -55.6977282997076,-25.6659517007676,0
                -55.6978199999318,-25.6658783003908,0
                -55.6980683002143,-25.6661483002182,0
                -55.6983867001704,-25.6660067001213,0
                -55.6988599999134,-25.6655983003199,0
                -55.6987351713219,-25.665506385515,0
              </coordinates>
            </LinearRing>
          </outerBoundaryIs>
        </Polygon>
      </Placemark>
      <Placemark id="Lote_C.67">
        <ExtendedData>
          <SchemaData schemaUrl="#Lote_C.schema">
            <SimpleData name="Cédula">6347058.00000000000</SimpleData>
            <SimpleData name="Nombres_y_">LIDIA BENITEZ MARTINEZ</SimpleData>
            <SimpleData name="Sexo">Mujer</SimpleData>
            <SimpleData name="Cambio_de_">NO</SimpleData>
            <SimpleData name="Titular_se">NO</SimpleData>
            <SimpleData name="ci_UNIF">6347058.00000000000</SimpleData>
            <SimpleData name="Situación">NO</SimpleData>
            <SimpleData name="Comunidad">Ind?gena</SimpleData>
            <SimpleData name="Modelo_imp">Modelo 5</SimpleData>
            <SimpleData name="Departamen">CAAGUAZU</SimpleData>
            <SimpleData name="Distrito">REPATRIACION</SimpleData>
            <SimpleData name="Localidad">COM INDIG ?U JHOVY</SimpleData>
            <SimpleData name="Teléfono">0987183674</SimpleData>
            <SimpleData name="Vivienda_L">-25.64928330000</SimpleData>
            <SimpleData name="Vivienda_1">-55.71517000000</SimpleData>
            <SimpleData name="Superficie">0.70000000000</SimpleData>
            <SimpleData name="Situaci_1">Par?metro</SimpleData>
            <SimpleData name="Plantado">SI</SimpleData>
            <SimpleData name="Fecha_Plan">2026/05/28</SimpleData>
            <SimpleData name="Jornales">0.00000000000</SimpleData>
            <SimpleData name="Monto">0.00000000000</SimpleData>
            <SimpleData name="Grupo_de_p">C-P4-XX-XX-XX</SimpleData>
            <SimpleData name="Estado_del">Activo</SimpleData>
            <SimpleData name="Empresa">Unique Wood Paraguay SA</SimpleData>
            <SimpleData name="Lote">C</SimpleData>
            <SimpleData name="Parametro">0.00000000000</SimpleData>
            <SimpleData name="Sup_SIG">0.69972588253</SimpleData>
            <SimpleData name="X">-55.71471890000</SimpleData>
            <SimpleData name="Y">-25.64807050000</SimpleData>
            <SimpleData name="cedula">6347058</SimpleData>
            <SimpleData name="Cédula_1">6347058.00000000000</SimpleData>
            <SimpleData name="Estado_d_1">Activo</SimpleData>
            <SimpleData name="OBJECTID_1">5600</SimpleData>
            <SimpleData name="Shape_Leng">592.60870979400</SimpleData>
            <SimpleData name="Shape_Area">6997.25882531000</SimpleData>
          </SchemaData>
        </ExtendedData>
        <MultiGeometry>
          <Polygon>
            <outerBoundaryIs>
              <LinearRing>
                <coordinates>
                  -55.7146949992432,-25.6501816996347,0
                  -55.7147633000405,-25.649804999942,0
                  -55.7141616931424,-25.6497420627624,0
                  -55.7140483002048,-25.6500399998593,0
                  -55.7146949992432,-25.6501816996347,0
                </coordinates>
              </LinearRing>
            </outerBoundaryIs>
          </Polygon>
          <Polygon>
            <outerBoundaryIs>
              <LinearRing>
                <coordinates>
                  -55.7155732000377,-25.6490152001721,0
                  -55.7155596996883,-25.6487186997746,0
                  -55.7151383000543,-25.6486498994706,0
                  -55.7151167001809,-25.6491399994725,0
                  -55.7155732000377,-25.6490152001721,0
                </coordinates>
              </LinearRing>
            </outerBoundaryIs>
          </Polygon>
          <Polygon>
            <outerBoundaryIs>
              <LinearRing>
                <coordinates>
                  -55.714886200073,-25.6477455001312,0
                  -55.7144142996654,-25.6478952006863,0
                  -55.7145705999188,-25.6483352000126,0
                  -55.7149716990905,-25.6483550005588,0
                  -55.714886200073,-25.6477455001312,0
                </coordinates>
              </LinearRing>
            </outerBoundaryIs>
          </Polygon>
        </MultiGeometry>
      </Placemark>
      <Placemark id="Lote_C.68">
        <ExtendedData>
          <SchemaData schemaUrl="#Lote_C.schema">
            <SimpleData name="Cédula">7755753.00000000000</SimpleData>
            <SimpleData name="Nombres_y_">CANDIDA MACIEL CARDOZO</SimpleData>
            <SimpleData name="Sexo">Mujer</SimpleData>
            <SimpleData name="Cambio_de_">NO</SimpleData>
            <SimpleData name="Titular_se">NO</SimpleData>
            <SimpleData name="ci_UNIF">7755753.00000000000</SimpleData>
            <SimpleData name="Situación">NO</SimpleData>
            <SimpleData name="Comunidad">Ind?gena</SimpleData>
            <SimpleData name="Modelo_imp">Modelo 5</SimpleData>
            <SimpleData name="Departamen">CAAGUAZU</SimpleData>
            <SimpleData name="Distrito">REPATRIACION</SimpleData>
            <SimpleData name="Localidad">COM INDIG PINDO-I</SimpleData>
            <SimpleData name="Teléfono">ND</SimpleData>
            <SimpleData name="Vivienda_L">-25.52133330000</SimpleData>
            <SimpleData name="Vivienda_1">-55.66908330000</SimpleData>
            <SimpleData name="Superficie">0.70000000000</SimpleData>
            <SimpleData name="Situaci_1">Par?metro</SimpleData>
            <SimpleData name="Plantado">SI</SimpleData>
            <SimpleData name="Fecha_Plan">2026/05/26</SimpleData>
            <SimpleData name="Jornales">0.00000000000</SimpleData>
            <SimpleData name="Monto">0.00000000000</SimpleData>
            <SimpleData name="Grupo_de_p">C-P4-XX-XX-XX</SimpleData>
            <SimpleData name="Estado_del">Activo</SimpleData>
            <SimpleData name="Empresa">Unique Wood Paraguay SA</SimpleData>
            <SimpleData name="Lote">C</SimpleData>
            <SimpleData name="Parametro">0.00000000000</SimpleData>
            <SimpleData name="Sup_SIG">0.78029583536</SimpleData>
            <SimpleData name="X">-55.66827441000</SimpleData>
            <SimpleData name="Y">-25.52168750000</SimpleData>
            <SimpleData name="cedula">7755753</SimpleData>
            <SimpleData name="Cédula_1">7755753.00000000000</SimpleData>
            <SimpleData name="Estado_d_1">Activo</SimpleData>
            <SimpleData name="OBJECTID_1">5615</SimpleData>
            <SimpleData name="Shape_Leng">394.25650411200</SimpleData>
            <SimpleData name="Shape_Area">7802.95835358000</SimpleData>
          </SchemaData>
        </ExtendedData>
        <Polygon>
          <outerBoundaryIs>
            <LinearRing>
              <coordinates>
                -55.6675005000297,-25.5219674000766,0
                -55.6676790000605,-25.5221566005724,0
                -55.6682734006313,-25.5221124000751,0
                -55.6688117006676,-25.5215536002692,0
                -55.6689316999196,-25.5212867005396,0
                -55.668729999566,-25.5210533000893,0
                -55.6675005000297,-25.5219674000766,0
              </coordinates>
            </LinearRing>
          </outerBoundaryIs>
        </Polygon>
      </Placemark>
      <Placemark id="Lote_C.69">
        <ExtendedData>
          <SchemaData schemaUrl="#Lote_C.schema">
            <SimpleData name="Cédula">7990158.00000000000</SimpleData>
            <SimpleData name="Nombres_y_">IRMO  MEDINA CABRAL</SimpleData>
            <SimpleData name="Sexo">Hombre</SimpleData>
            <SimpleData name="Cambio_de_">NO</SimpleData>
            <SimpleData name="Titular_se">NO</SimpleData>
            <SimpleData name="ci_UNIF">7990158.00000000000</SimpleData>
            <SimpleData name="Situación">NO</SimpleData>
            <SimpleData name="Comunidad">Ind?gena</SimpleData>
            <SimpleData name="Modelo_imp">Modelo 5</SimpleData>
            <SimpleData name="Departamen">CAAGUAZU</SimpleData>
            <SimpleData name="Distrito">REPATRIACION</SimpleData>
            <SimpleData name="Localidad">COM INDIG 23 DE JUNIO</SimpleData>
            <SimpleData name="Teléfono">971463027</SimpleData>
            <SimpleData name="Vivienda_L">-25.66662150000</SimpleData>
            <SimpleData name="Vivienda_1">-55.70623110000</SimpleData>
            <SimpleData name="Superficie">0.70000000000</SimpleData>
            <SimpleData name="Situaci_1">Par?metro</SimpleData>
            <SimpleData name="Plantado">SI</SimpleData>
            <SimpleData name="Fecha_Plan">2026/05/28</SimpleData>
            <SimpleData name="Jornales">0.00000000000</SimpleData>
            <SimpleData name="Monto">0.00000000000</SimpleData>
            <SimpleData name="Grupo_de_p">C-P4-XX-XX-XX</SimpleData>
            <SimpleData name="Estado_del">Activo</SimpleData>
            <SimpleData name="Empresa">Unique Wood Paraguay SA</SimpleData>
            <SimpleData name="Lote">C</SimpleData>
            <SimpleData name="Parametro">0.00000000000</SimpleData>
            <SimpleData name="Sup_SIG">0.70845273770</SimpleData>
            <SimpleData name="X">-55.70594817000</SimpleData>
            <SimpleData name="Y">-25.66645733000</SimpleData>
            <SimpleData name="cedula">7990158</SimpleData>
            <SimpleData name="Cédula_1">7990158.00000000000</SimpleData>
            <SimpleData name="Estado_d_1">Activo</SimpleData>
            <SimpleData name="OBJECTID_1">6237</SimpleData>
            <SimpleData name="Shape_Leng">547.94348390000</SimpleData>
            <SimpleData name="Shape_Area">7084.52737701000</SimpleData>
          </SchemaData>
        </ExtendedData>
        <MultiGeometry>
          <Polygon>
            <outerBoundaryIs>
              <LinearRing>
                <coordinates>
                  -55.7055997992656,-25.6670973996798,0
                  -55.705938700391,-25.6670063997783,0
                  -55.7060141998047,-25.6669323006206,0
                  -55.7060233999259,-25.6668240001672,0
                  -55.7060693995887,-25.6665189998427,0
                  -55.7059982001069,-25.6660851004426,0
                  -55.7059237999441,-25.6658558001509,0
                  -55.7057166996294,-25.6659433002581,0
                  -55.7057425992493,-25.6661631001702,0
                  -55.70571789932,-25.6662532000791,0
                  -55.7056402003193,-25.6663869998543,0
                  -55.7054132005348,-25.6665255001846,0
                  -55.7055997992656,-25.6670973996798,0
                </coordinates>
              </LinearRing>
            </outerBoundaryIs>
          </Polygon>
          <Polygon>
            <outerBoundaryIs>
              <LinearRing>
                <coordinates>
                  -55.7064051999884,-25.666526900161,0
                  -55.7066360998767,-25.6665125999671,0
                  -55.7064766001229,-25.6657233001113,0
                  -55.7063349999652,-25.665760000393,0
                  -55.7064051999884,-25.666526900161,0
                </coordinates>
              </LinearRing>
            </outerBoundaryIs>
          </Polygon>
        </MultiGeometry>
      </Placemark>
      <Placemark id="Lote_C.70">
        <ExtendedData>
          <SchemaData schemaUrl="#Lote_C.schema">
            <SimpleData name="Cédula">7992021.00000000000</SimpleData>
            <SimpleData name="Nombres_y_">GRACIELA GONZALEZ BENITEZ</SimpleData>
            <SimpleData name="Sexo">Mujer</SimpleData>
            <SimpleData name="Cambio_de_">NO</SimpleData>
            <SimpleData name="Titular_se">NO</SimpleData>
            <SimpleData name="ci_UNIF">7992021.00000000000</SimpleData>
            <SimpleData name="Situación">NO</SimpleData>
            <SimpleData name="Comunidad">Ind?gena</SimpleData>
            <SimpleData name="Modelo_imp">Modelo 5</SimpleData>
            <SimpleData name="Departamen">CAAGUAZU</SimpleData>
            <SimpleData name="Distrito">REPATRIACION</SimpleData>
            <SimpleData name="Localidad">COM INDIG PINDO-I</SimpleData>
            <SimpleData name="Teléfono">ND</SimpleData>
            <SimpleData name="Vivienda_L">-25.53277030000</SimpleData>
            <SimpleData name="Vivienda_1">-55.67336510000</SimpleData>
            <SimpleData name="Superficie">0.70000000000</SimpleData>
            <SimpleData name="Situaci_1">Par?metro</SimpleData>
            <SimpleData name="Plantado">SI</SimpleData>
            <SimpleData name="Fecha_Plan">2026/05/26</SimpleData>
            <SimpleData name="Jornales">0.00000000000</SimpleData>
            <SimpleData name="Monto">0.00000000000</SimpleData>
            <SimpleData name="Grupo_de_p">C-P4-XX-XX-XX</SimpleData>
            <SimpleData name="Estado_del">Activo</SimpleData>
            <SimpleData name="Empresa">Unique Wood Paraguay SA</SimpleData>
            <SimpleData name="Lote">C</SimpleData>
            <SimpleData name="Parametro">0.00000000000</SimpleData>
            <SimpleData name="Sup_SIG">0.71787930294</SimpleData>
            <SimpleData name="X">-55.67602054000</SimpleData>
            <SimpleData name="Y">-25.52874553000</SimpleData>
            <SimpleData name="cedula">7992021</SimpleData>
            <SimpleData name="Cédula_1">7992021.00000000000</SimpleData>
            <SimpleData name="Estado_d_1">Activo</SimpleData>
            <SimpleData name="OBJECTID_1">5602</SimpleData>
            <SimpleData name="Shape_Leng">698.21876005000</SimpleData>
            <SimpleData name="Shape_Area">7178.79302944000</SimpleData>
          </SchemaData>
        </ExtendedData>
        <MultiGeometry>
          <Polygon>
            <outerBoundaryIs>
              <LinearRing>
                <coordinates>
                  -55.6756116998802,-25.5290299998352,0
                  -55.6756563006478,-25.5291600005084,0
                  -55.6759531996116,-25.5290453000708,0
                  -55.6760399995776,-25.5291950002985,0
                  -55.6762284007282,-25.5291167002649,0
                  -55.6761777998282,-25.5289846997958,0
                  -55.6764016992347,-25.5288832992727,0
                  -55.676546700434,-25.5290533001816,0
                  -55.6768216996752,-25.528845000433,0
                  -55.6765833000092,-25.528619999737,0
                  -55.6756116998802,-25.5290299998352,0
                </coordinates>
              </LinearRing>
            </outerBoundaryIs>
          </Polygon>
          <Polygon>
            <outerBoundaryIs>
              <LinearRing>
                <coordinates>
                  -55.6758149000346,-25.528593099815,0
                  -55.6756882994623,-25.5283366997907,0
                  -55.6753066993731,-25.5285183002202,0
                  -55.6755682997013,-25.528981700044,0
                  -55.6759604998129,-25.5287944000166,0
                  -55.6762420999962,-25.5287414999792,0
                  -55.6761700004374,-25.5286116997168,0
                  -55.6763600000407,-25.528515599861,0
                  -55.6764291996733,-25.5286350005098,0
                  -55.6765549997801,-25.5285567998667,0
                  -55.6763932997469,-25.5283317008021,0
                  -55.6758149000346,-25.528593099815,0
                </coordinates>
              </LinearRing>
            </outerBoundaryIs>
          </Polygon>
        </MultiGeometry>
      </Placemark>
      <Placemark id="Lote_C.71">
        <ExtendedData>
          <SchemaData schemaUrl="#Lote_C.schema">
            <SimpleData name="Cédula">7992086.00000000000</SimpleData>
            <SimpleData name="Nombres_y_">MARIO VILLALBA MENDOZA</SimpleData>
            <SimpleData name="Sexo">Hombre</SimpleData>
            <SimpleData name="Cambio_de_">NO</SimpleData>
            <SimpleData name="Titular_se">NO</SimpleData>
            <SimpleData name="ci_UNIF">7992086.00000000000</SimpleData>
            <SimpleData name="Situación">NO</SimpleData>
            <SimpleData name="Comunidad">Ind?gena</SimpleData>
            <SimpleData name="Modelo_imp">Modelo 5</SimpleData>
            <SimpleData name="Departamen">CAAGUAZU</SimpleData>
            <SimpleData name="Distrito">REPATRIACION</SimpleData>
            <SimpleData name="Localidad">COM INDIG PINDO-I</SimpleData>
            <SimpleData name="Teléfono">ND</SimpleData>
            <SimpleData name="Vivienda_L">-25.52949390000</SimpleData>
            <SimpleData name="Vivienda_1">-55.67805200000</SimpleData>
            <SimpleData name="Superficie">0.70000000000</SimpleData>
            <SimpleData name="Situaci_1">Par?metro</SimpleData>
            <SimpleData name="Plantado">SI</SimpleData>
            <SimpleData name="Fecha_Plan">2026/05/26</SimpleData>
            <SimpleData name="Jornales">0.00000000000</SimpleData>
            <SimpleData name="Monto">0.00000000000</SimpleData>
            <SimpleData name="Grupo_de_p">C-P4-XX-XX-XX</SimpleData>
            <SimpleData name="Estado_del">Activo</SimpleData>
            <SimpleData name="Empresa">Unique Wood Paraguay SA</SimpleData>
            <SimpleData name="Lote">C</SimpleData>
            <SimpleData name="Parametro">0.00000000000</SimpleData>
            <SimpleData name="Sup_SIG">0.76047432244</SimpleData>
            <SimpleData name="X">-55.67672994000</SimpleData>
            <SimpleData name="Y">-25.52833345000</SimpleData>
            <SimpleData name="cedula">7992086</SimpleData>
            <SimpleData name="Cédula_1">7992086.00000000000</SimpleData>
            <SimpleData name="Estado_d_1">Activo</SimpleData>
            <SimpleData name="OBJECTID_1">5611</SimpleData>
            <SimpleData name="Shape_Leng">498.89115602200</SimpleData>
            <SimpleData name="Shape_Area">7604.74322435000</SimpleData>
          </SchemaData>
        </ExtendedData>
        <MultiGeometry>
          <Polygon>
            <outerBoundaryIs>
              <LinearRing>
                <coordinates>
                  -55.6773797992737,-25.5290118004153,0
                  -55.67748329956,-25.5285736004853,0
                  -55.6774499995849,-25.5283533002291,0
                  -55.6771866997225,-25.5282283003651,0
                  -55.6769849997266,-25.5279833003562,0
                  -55.6764733005726,-25.5282183007056,0
                  -55.6767983001053,-25.528711700081,0
                  -55.6773797992737,-25.5290118004153,0
                </coordinates>
              </LinearRing>
            </outerBoundaryIs>
          </Polygon>
          <Polygon>
            <outerBoundaryIs>
              <LinearRing>
                <coordinates>
                  -55.6751382995025,-25.5278466998819,0
                  -55.6755300002164,-25.5276417005914,0
                  -55.6754399997492,-25.5275450007034,0
                  -55.6752781998599,-25.5276349005175,0
                  -55.6751110001763,-25.5274178005773,0
                  -55.6749217000721,-25.5275166996253,0
                  -55.6751382995025,-25.5278466998819,0
                </coordinates>
              </LinearRing>
            </outerBoundaryIs>
          </Polygon>
        </MultiGeometry>
      </Placemark>
      <Placemark id="Lote_C.72">
        <ExtendedData>
          <SchemaData schemaUrl="#Lote_C.schema">
            <SimpleData name="Cédula">7994109.00000000000</SimpleData>
            <SimpleData name="Nombres_y_">ELISA ACOSTA PENAYO</SimpleData>
            <SimpleData name="Sexo">Mujer</SimpleData>
            <SimpleData name="Cambio_de_">NO</SimpleData>
            <SimpleData name="Titular_se">NO</SimpleData>
            <SimpleData name="ci_UNIF">7994109.00000000000</SimpleData>
            <SimpleData name="Situación">NO</SimpleData>
            <SimpleData name="Comunidad">Ind?gena</SimpleData>
            <SimpleData name="Modelo_imp">Modelo 5</SimpleData>
            <SimpleData name="Departamen">CAAGUAZU</SimpleData>
            <SimpleData name="Distrito">REPATRIACION</SimpleData>
            <SimpleData name="Localidad">COM INDIG PINDO-I</SimpleData>
            <SimpleData name="Teléfono">0976411800</SimpleData>
            <SimpleData name="Vivienda_L">-25.52637500000</SimpleData>
            <SimpleData name="Vivienda_1">-55.67436670000</SimpleData>
            <SimpleData name="Superficie">0.70000000000</SimpleData>
            <SimpleData name="Situaci_1">Par?metro</SimpleData>
            <SimpleData name="Plantado">SI</SimpleData>
            <SimpleData name="Fecha_Plan">2026/05/26</SimpleData>
            <SimpleData name="Jornales">0.00000000000</SimpleData>
            <SimpleData name="Monto">0.00000000000</SimpleData>
            <SimpleData name="Grupo_de_p">C-P4-XX-XX-XX</SimpleData>
            <SimpleData name="Estado_del">Activo</SimpleData>
            <SimpleData name="Empresa">Unique Wood Paraguay SA</SimpleData>
            <SimpleData name="Lote">C</SimpleData>
            <SimpleData name="Parametro">0.00000000000</SimpleData>
            <SimpleData name="Sup_SIG">0.74259577854</SimpleData>
            <SimpleData name="X">-55.67389059000</SimpleData>
            <SimpleData name="Y">-25.52641693000</SimpleData>
            <SimpleData name="cedula">7994109</SimpleData>
            <SimpleData name="Cédula_1">7994109.00000000000</SimpleData>
            <SimpleData name="Estado_d_1">Activo</SimpleData>
            <SimpleData name="OBJECTID_1">5616</SimpleData>
            <SimpleData name="Shape_Leng">407.61944127400</SimpleData>
            <SimpleData name="Shape_Area">7425.95778538000</SimpleData>
          </SchemaData>
        </ExtendedData>
        <Polygon>
          <outerBoundaryIs>
            <LinearRing>
              <coordinates>
                -55.674136700442,-25.5258817000096,0
                -55.6738367002517,-25.5260783000338,0
                -55.6736569008934,-25.5260283000389,0
                -55.673328299432,-25.5261433003566,0
                -55.6738817006226,-25.5271500000993,0
                -55.6742036004433,-25.5267624994214,0
                -55.6740216999288,-25.5265400005172,0
                -55.6744683005316,-25.5261999993131,0
                -55.674136700442,-25.5258817000096,0
              </coordinates>
            </LinearRing>
          </outerBoundaryIs>
        </Polygon>
      </Placemark>
      <Placemark id="Lote_C.73">
        <ExtendedData>
          <SchemaData schemaUrl="#Lote_C.schema">
            <SimpleData name="Cédula">7996733.00000000000</SimpleData>
            <SimpleData name="Nombres_y_">MATILDE CABRERA GONZALEZ</SimpleData>
            <SimpleData name="Sexo">Mujer</SimpleData>
            <SimpleData name="Cambio_de_">NO</SimpleData>
            <SimpleData name="Titular_se">NO</SimpleData>
            <SimpleData name="ci_UNIF">7996733.00000000000</SimpleData>
            <SimpleData name="Situación">NO</SimpleData>
            <SimpleData name="Comunidad">Ind?gena</SimpleData>
            <SimpleData name="Modelo_imp">Modelo 5</SimpleData>
            <SimpleData name="Departamen">CAAGUAZU</SimpleData>
            <SimpleData name="Distrito">REPATRIACION</SimpleData>
            <SimpleData name="Localidad">COM INDIG PINDO-I</SimpleData>
            <SimpleData name="Teléfono">ND</SimpleData>
            <SimpleData name="Vivienda_L">-25.54334670000</SimpleData>
            <SimpleData name="Vivienda_1">-55.66229500000</SimpleData>
            <SimpleData name="Superficie">0.70000000000</SimpleData>
            <SimpleData name="Situaci_1">Par?metro</SimpleData>
            <SimpleData name="Plantado">SI</SimpleData>
            <SimpleData name="Fecha_Plan">2026/05/26</SimpleData>
            <SimpleData name="Jornales">0.00000000000</SimpleData>
            <SimpleData name="Monto">0.00000000000</SimpleData>
            <SimpleData name="Grupo_de_p">C-P4-XX-XX-XX</SimpleData>
            <SimpleData name="Estado_del">Activo</SimpleData>
            <SimpleData name="Empresa">Unique Wood Paraguay SA</SimpleData>
            <SimpleData name="Lote">C</SimpleData>
            <SimpleData name="Parametro">0.00000000000</SimpleData>
            <SimpleData name="Sup_SIG">0.75792888721</SimpleData>
            <SimpleData name="X">-55.66280605000</SimpleData>
            <SimpleData name="Y">-25.54306242000</SimpleData>
            <SimpleData name="cedula">7996733</SimpleData>
            <SimpleData name="Cédula_1">7996733.00000000000</SimpleData>
            <SimpleData name="Estado_d_1">Activo</SimpleData>
            <SimpleData name="OBJECTID_1">5620</SimpleData>
            <SimpleData name="Shape_Leng">443.76099750700</SimpleData>
            <SimpleData name="Shape_Area">7579.28887212000</SimpleData>
          </SchemaData>
        </ExtendedData>
        <Polygon>
          <outerBoundaryIs>
            <LinearRing>
              <coordinates>
                -55.6626167002763,-25.5438782994381,0
                -55.662923699089,-25.5438869002867,0
                -55.662788300562,-25.5433399995849,0
                -55.663264699776,-25.543266700695,0
                -55.6631812998664,-25.5429549994441,0
                -55.6629450002199,-25.542421699749,0
                -55.6624733001427,-25.5424833003802,0
                -55.6626167002763,-25.5438782994381,0
              </coordinates>
            </LinearRing>
          </outerBoundaryIs>
        </Polygon>
      </Placemark>
      <Placemark id="Lote_C.74">
        <ExtendedData>
          <SchemaData schemaUrl="#Lote_C.schema">
            <SimpleData name="Cédula">7997456.00000000000</SimpleData>
            <SimpleData name="Nombres_y_">LUIS GONZALEZ PEREIRA</SimpleData>
            <SimpleData name="Sexo">Hombre</SimpleData>
            <SimpleData name="Cambio_de_">NO</SimpleData>
            <SimpleData name="Titular_se">NO</SimpleData>
            <SimpleData name="ci_UNIF">7997456.00000000000</SimpleData>
            <SimpleData name="Situación">NO</SimpleData>
            <SimpleData name="Comunidad">Ind?gena</SimpleData>
            <SimpleData name="Modelo_imp">Modelo 5</SimpleData>
            <SimpleData name="Departamen">CAAGUAZU</SimpleData>
            <SimpleData name="Distrito">REPATRIACION</SimpleData>
            <SimpleData name="Localidad">COM INDIG PINDO-I</SimpleData>
            <SimpleData name="Teléfono">0983280405</SimpleData>
            <SimpleData name="Vivienda_L">-25.52836260000</SimpleData>
            <SimpleData name="Vivienda_1">-55.67590950000</SimpleData>
            <SimpleData name="Superficie">0.70000000000</SimpleData>
            <SimpleData name="Situaci_1">Par?metro</SimpleData>
            <SimpleData name="Plantado">SI</SimpleData>
            <SimpleData name="Fecha_Plan">2026/05/26</SimpleData>
            <SimpleData name="Jornales">0.00000000000</SimpleData>
            <SimpleData name="Monto">0.00000000000</SimpleData>
            <SimpleData name="Grupo_de_p">C-P4-XX-XX-XX</SimpleData>
            <SimpleData name="Estado_del">Activo</SimpleData>
            <SimpleData name="Empresa">Unique Wood Paraguay SA</SimpleData>
            <SimpleData name="Lote">C</SimpleData>
            <SimpleData name="Parametro">0.00000000000</SimpleData>
            <SimpleData name="Sup_SIG">0.75353750449</SimpleData>
            <SimpleData name="X">-55.67564770000</SimpleData>
            <SimpleData name="Y">-25.52798519000</SimpleData>
            <SimpleData name="cedula">7997456</SimpleData>
            <SimpleData name="Cédula_1">7997456.00000000000</SimpleData>
            <SimpleData name="Estado_d_1">Activo</SimpleData>
            <SimpleData name="OBJECTID_1">5612</SimpleData>
            <SimpleData name="Shape_Leng">385.53852105200</SimpleData>
            <SimpleData name="Shape_Area">7535.37504488000</SimpleData>
          </SchemaData>
        </ExtendedData>
        <Polygon>
          <outerBoundaryIs>
            <LinearRing>
              <coordinates>
                -55.6750167999828,-25.5279395000429,0
                -55.6753017000847,-25.5284950001343,0
                -55.6760316994489,-25.5280799999748,0
                -55.6760996003015,-25.5282319996856,0
                -55.6763583003218,-25.5281307005709,0
                -55.676196699907,-25.5278762997457,0
                -55.6758266996612,-25.5274899997622,0
                -55.6750167999828,-25.5279395000429,0
              </coordinates>
            </LinearRing>
          </outerBoundaryIs>
        </Polygon>
      </Placemark>
      <Placemark id="Lote_C.75">
        <ExtendedData>
          <SchemaData schemaUrl="#Lote_C.schema">
            <SimpleData name="Cédula">7998661.00000000000</SimpleData>
            <SimpleData name="Nombres_y_">OLINDA CARDOZO DUARTE</SimpleData>
            <SimpleData name="Sexo">Mujer</SimpleData>
            <SimpleData name="Cambio_de_">NO</SimpleData>
            <SimpleData name="Titular_se">NO</SimpleData>
            <SimpleData name="ci_UNIF">7998661.00000000000</SimpleData>
            <SimpleData name="Situación">NO</SimpleData>
            <SimpleData name="Comunidad">Ind?gena</SimpleData>
            <SimpleData name="Modelo_imp">Modelo 5</SimpleData>
            <SimpleData name="Departamen">CAAGUAZU</SimpleData>
            <SimpleData name="Distrito">REPATRIACION</SimpleData>
            <SimpleData name="Localidad">COM INDIG PINDO-I</SimpleData>
            <SimpleData name="Teléfono">0976469304</SimpleData>
            <SimpleData name="Vivienda_L">-25.52176500000</SimpleData>
            <SimpleData name="Vivienda_1">-55.66966000000</SimpleData>
            <SimpleData name="Superficie">0.70000000000</SimpleData>
            <SimpleData name="Situaci_1">Par?metro</SimpleData>
            <SimpleData name="Plantado">SI</SimpleData>
            <SimpleData name="Fecha_Plan">2026/05/26</SimpleData>
            <SimpleData name="Jornales">0.00000000000</SimpleData>
            <SimpleData name="Monto">0.00000000000</SimpleData>
            <SimpleData name="Grupo_de_p">C-P4-XX-XX-XX</SimpleData>
            <SimpleData name="Estado_del">Activo</SimpleData>
            <SimpleData name="Empresa">Unique Wood Paraguay SA</SimpleData>
            <SimpleData name="Lote">C</SimpleData>
            <SimpleData name="Parametro">0.00000000000</SimpleData>
            <SimpleData name="Sup_SIG">0.77334383961</SimpleData>
            <SimpleData name="X">-55.66896540000</SimpleData>
            <SimpleData name="Y">-25.52245238000</SimpleData>
            <SimpleData name="cedula">7998661</SimpleData>
            <SimpleData name="Cédula_1">7998661.00000000000</SimpleData>
            <SimpleData name="Estado_d_1">Activo</SimpleData>
            <SimpleData name="OBJECTID_1">5614</SimpleData>
            <SimpleData name="Shape_Leng">479.36430861900</SimpleData>
            <SimpleData name="Shape_Area">7733.43839613000</SimpleData>
          </SchemaData>
        </ExtendedData>
        <Polygon>
          <outerBoundaryIs>
            <LinearRing>
              <coordinates>
                -55.6684082996626,-25.5222300005627,0
                -55.6686717001111,-25.5227266997362,0
                -55.6684769003682,-25.5228178001225,0
                -55.6685778002996,-25.5230586999822,0
                -55.6692799996529,-25.5227144998923,0
                -55.6691967005651,-25.522569999491,0
                -55.6698425999972,-25.5222153001238,0
                -55.6697236997331,-25.5220546003785,0
                -55.6692325998311,-25.5223321004223,0
                -55.668940000237,-25.5219452995968,0
                -55.6684082996626,-25.5222300005627,0
              </coordinates>
            </LinearRing>
          </outerBoundaryIs>
        </Polygon>
      </Placemark>
      <Placemark id="Lote_C.76">
        <ExtendedData>
          <SchemaData schemaUrl="#Lote_C.schema">
            <SimpleData name="Cédula">8009548.00000000000</SimpleData>
            <SimpleData name="Nombres_y_">BENJAMINA MENDOZA</SimpleData>
            <SimpleData name="Sexo">Mujer</SimpleData>
            <SimpleData name="Cambio_de_">NO</SimpleData>
            <SimpleData name="Titular_se">NO</SimpleData>
            <SimpleData name="ci_UNIF">8009548.00000000000</SimpleData>
            <SimpleData name="Situación">NO</SimpleData>
            <SimpleData name="Comunidad">Ind?gena</SimpleData>
            <SimpleData name="Modelo_imp">Modelo 5</SimpleData>
            <SimpleData name="Departamen">CAAGUAZU</SimpleData>
            <SimpleData name="Distrito">REPATRIACION</SimpleData>
            <SimpleData name="Localidad">COM INDIG PINDO-I</SimpleData>
            <SimpleData name="Teléfono">ND</SimpleData>
            <SimpleData name="Vivienda_L">-25.52709140000</SimpleData>
            <SimpleData name="Vivienda_1">-55.67570710000</SimpleData>
            <SimpleData name="Superficie">0.70000000000</SimpleData>
            <SimpleData name="Situaci_1">Par?metro</SimpleData>
            <SimpleData name="Plantado">SI</SimpleData>
            <SimpleData name="Fecha_Plan">2026/05/26</SimpleData>
            <SimpleData name="Jornales">0.00000000000</SimpleData>
            <SimpleData name="Monto">0.00000000000</SimpleData>
            <SimpleData name="Grupo_de_p">C-P4-XX-XX-XX</SimpleData>
            <SimpleData name="Estado_del">Activo</SimpleData>
            <SimpleData name="Empresa">Unique Wood Paraguay SA</SimpleData>
            <SimpleData name="Lote">C</SimpleData>
            <SimpleData name="Parametro">0.00000000000</SimpleData>
            <SimpleData name="Sup_SIG">0.75263036749</SimpleData>
            <SimpleData name="X">-55.67637648000</SimpleData>
            <SimpleData name="Y">-25.52708079000</SimpleData>
            <SimpleData name="cedula">8009548</SimpleData>
            <SimpleData name="Cédula_1">8009548.00000000000</SimpleData>
            <SimpleData name="Estado_d_1">Activo</SimpleData>
            <SimpleData name="OBJECTID_1">5610</SimpleData>
            <SimpleData name="Shape_Leng">556.36453704500</SimpleData>
            <SimpleData name="Shape_Area">7526.30367494000</SimpleData>
          </SchemaData>
        </ExtendedData>
        <MultiGeometry>
          <Polygon>
            <outerBoundaryIs>
              <LinearRing>
                <coordinates>
                  -55.6763832995702,-25.5275900001401,0
                  -55.6767982996159,-25.5273549997868,0
                  -55.6763766999189,-25.5265950002299,0
                  -55.6759132998712,-25.5267933001023,0
                  -55.676243500424,-25.5272103999566,0
                  -55.6762384999821,-25.5273687997115,0
                  -55.6763832995702,-25.5275900001401,0
                </coordinates>
              </LinearRing>
            </outerBoundaryIs>
          </Polygon>
          <Polygon>
            <outerBoundaryIs>
              <LinearRing>
                <coordinates>
                  -55.6793978996988,-25.5264091997957,0
                  -55.679718900724,-25.5263645004378,0
                  -55.6800282996574,-25.5263850002981,0
                  -55.6794241994654,-25.5259340004636,0
                  -55.6789133002937,-25.5260433000218,0
                  -55.6793978996988,-25.5264091997957,0
                </coordinates>
              </LinearRing>
            </outerBoundaryIs>
          </Polygon>
        </MultiGeometry>
      </Placemark>
      <Placemark id="Lote_C.77">
        <ExtendedData>
          <SchemaData schemaUrl="#Lote_C.schema">
            <SimpleData name="Cédula">3854064.00000000000</SimpleData>
            <SimpleData name="Nombres_y_">NIDIA CONTRERA FRANCO</SimpleData>
            <SimpleData name="Sexo">Mujer</SimpleData>
            <SimpleData name="Cambio_de_">NO</SimpleData>
            <SimpleData name="Titular_se">NO</SimpleData>
            <SimpleData name="ci_UNIF">3854064.00000000000</SimpleData>
            <SimpleData name="Situación">NO</SimpleData>
            <SimpleData name="Comunidad">Campesina</SimpleData>
            <SimpleData name="Modelo_imp">Modelo 5</SimpleData>
            <SimpleData name="Departamen">CAAGUAZU</SimpleData>
            <SimpleData name="Distrito">REPATRIACION</SimpleData>
            <SimpleData name="Localidad">1ra LINEA CABALLERO</SimpleData>
            <SimpleData name="Teléfono">0976429575</SimpleData>
            <SimpleData name="Vivienda_L">-25.55261670000</SimpleData>
            <SimpleData name="Vivienda_1">-55.93664500000</SimpleData>
            <SimpleData name="Superficie">0.70000000000</SimpleData>
            <SimpleData name="Situaci_1">Par?metro</SimpleData>
            <SimpleData name="Plantado">NO</SimpleData>
            <SimpleData name="Jornales">0.00000000000</SimpleData>
            <SimpleData name="Monto">0.00000000000</SimpleData>
            <SimpleData name="Grupo_de_p">C-GN-XX-XX-XX</SimpleData>
            <SimpleData name="Estado_del">Activo</SimpleData>
            <SimpleData name="Empresa">Unique Wood Paraguay SA</SimpleData>
            <SimpleData name="Lote">C</SimpleData>
            <SimpleData name="Parametro">0.00000000000</SimpleData>
            <SimpleData name="Sup_SIG">0.71084377346</SimpleData>
            <SimpleData name="X">-55.93638202000</SimpleData>
            <SimpleData name="Y">-25.54993376000</SimpleData>
            <SimpleData name="cedula">3854064</SimpleData>
            <SimpleData name="Cédula_1">3854064.00000000000</SimpleData>
            <SimpleData name="Estado_d_1">Activo</SimpleData>
            <SimpleData name="OBJECTID_1">5638</SimpleData>
            <SimpleData name="Shape_Leng">560.29435578800</SimpleData>
            <SimpleData name="Shape_Area">7108.43773460000</SimpleData>
          </SchemaData>
        </ExtendedData>
        <Polygon>
          <outerBoundaryIs>
            <LinearRing>
              <coordinates>
                -55.936138300597,-25.5487916999606,0
                -55.9363467001736,-25.5510933000467,0
                -55.936626499675,-25.5510281001016,0
                -55.9364179142092,-25.5488024455085,0
                -55.936138300597,-25.5487916999606,0
              </coordinates>
            </LinearRing>
          </outerBoundaryIs>
        </Polygon>
      </Placemark>
      <Placemark id="Lote_C.78">
        <ExtendedData>
          <SchemaData schemaUrl="#Lote_C.schema">
            <SimpleData name="Cédula">5666084.00000000000</SimpleData>
            <SimpleData name="Nombres_y_">PETRONA PORTILLO NU?EZ</SimpleData>
            <SimpleData name="Sexo">Mujer</SimpleData>
            <SimpleData name="Cambio_de_">NO</SimpleData>
            <SimpleData name="Titular_se">NO</SimpleData>
            <SimpleData name="ci_UNIF">5666084.00000000000</SimpleData>
            <SimpleData name="Situación">NO</SimpleData>
            <SimpleData name="Comunidad">Campesina</SimpleData>
            <SimpleData name="Modelo_imp">Modelo 5</SimpleData>
            <SimpleData name="Departamen">CAAGUAZU</SimpleData>
            <SimpleData name="Distrito">REPATRIACION</SimpleData>
            <SimpleData name="Localidad">1RA. LINEA CHACORE</SimpleData>
            <SimpleData name="Teléfono">0973866630</SimpleData>
            <SimpleData name="Vivienda_L">-25.57546280000</SimpleData>
            <SimpleData name="Vivienda_1">-55.83731820000</SimpleData>
            <SimpleData name="Superficie">0.70000000000</SimpleData>
            <SimpleData name="Situaci_1">Par?metro</SimpleData>
            <SimpleData name="Plantado">SI</SimpleData>
            <SimpleData name="Fecha_Plan">2026/02/04</SimpleData>
            <SimpleData name="Jornales">0.00000000000</SimpleData>
            <SimpleData name="Monto">0.00000000000</SimpleData>
            <SimpleData name="Grupo_de_p">C-GN-XX-XX-XX</SimpleData>
            <SimpleData name="Estado_del">Activo</SimpleData>
            <SimpleData name="Empresa">Unique Wood Paraguay SA</SimpleData>
            <SimpleData name="Lote">C</SimpleData>
            <SimpleData name="Parametro">0.00000000000</SimpleData>
            <SimpleData name="Sup_SIG">0.81611255971</SimpleData>
            <SimpleData name="X">-55.83607874000</SimpleData>
            <SimpleData name="Y">-25.57584476000</SimpleData>
            <SimpleData name="cedula">5666084</SimpleData>
            <SimpleData name="Cédula_1">5666084.00000000000</SimpleData>
            <SimpleData name="Estado_d_1">Activo</SimpleData>
            <SimpleData name="OBJECTID_1">8502</SimpleData>
            <SimpleData name="Shape_Leng">725.16742189600</SimpleData>
            <SimpleData name="Shape_Area">8161.12559709000</SimpleData>
          </SchemaData>
        </ExtendedData>
        <MultiGeometry>
          <Polygon>
            <outerBoundaryIs>
              <LinearRing>
                <coordinates>
                  -55.8357487994436,-25.5767189998993,0
                  -55.8359062994259,-25.5766997008197,0
                  -55.8358267000216,-25.5758750004271,0
                  -55.8356566998183,-25.5758900004921,0
                  -55.8356623996646,-25.5766350007506,0
                  -55.8357143997156,-25.5766398000432,0
                  -55.8357487994436,-25.5767189998993,0
                </coordinates>
              </LinearRing>
            </outerBoundaryIs>
          </Polygon>
          <Polygon>
            <outerBoundaryIs>
              <LinearRing>
                <coordinates>
                  -55.837556599837,-25.5759917001373,0
                  -55.8375247995717,-25.5757686001784,0
                  -55.8368120992215,-25.5757950005405,0
                  -55.8368223990088,-25.5761266007706,0
                  -55.837556599837,-25.5759917001373,0
                </coordinates>
              </LinearRing>
            </outerBoundaryIs>
          </Polygon>
          <Polygon>
            <outerBoundaryIs>
              <LinearRing>
                <coordinates>
                  -55.8363404996789,-25.5763169005491,0
                  -55.8362516998821,-25.5754897009522,0
                  -55.8361305990176,-25.5754756002012,0
                  -55.8360844998669,-25.5754037997978,0
                  -55.8357756000272,-25.5754002000355,0
                  -55.8358149990787,-25.5758176007363,0
                  -55.835953299778,-25.575868500801,0
                  -55.8360011997682,-25.576356799618,0
                  -55.8363404996789,-25.5763169005491,0
                </coordinates>
              </LinearRing>
            </outerBoundaryIs>
          </Polygon>
        </MultiGeometry>
      </Placemark>
      <Placemark id="Lote_C.79">
        <ExtendedData>
          <SchemaData schemaUrl="#Lote_C.schema">
            <SimpleData name="Cédula">1038680.00000000000</SimpleData>
            <SimpleData name="Nombres_y_">HERMES ANTONIO DUARTE AQUINO</SimpleData>
            <SimpleData name="Sexo">Hombre</SimpleData>
            <SimpleData name="Cambio_de_">NO</SimpleData>
            <SimpleData name="Titular_se">NO</SimpleData>
            <SimpleData name="ci_UNIF">1038680.00000000000</SimpleData>
            <SimpleData name="Situación">NO</SimpleData>
            <SimpleData name="Comunidad">Campesina</SimpleData>
            <SimpleData name="Modelo_imp">Modelo 6</SimpleData>
            <SimpleData name="Departamen">CAAGUAZU</SimpleData>
            <SimpleData name="Distrito">REPATRIACION</SimpleData>
            <SimpleData name="Localidad">2DA. LINEA CHACORE</SimpleData>
            <SimpleData name="Teléfono">0982411063</SimpleData>
            <SimpleData name="Vivienda_L">-25.55982670000</SimpleData>
            <SimpleData name="Vivienda_1">-55.81511650000</SimpleData>
            <SimpleData name="Superficie">0.90000000000</SimpleData>
            <SimpleData name="Situaci_1">Par?metro</SimpleData>
            <SimpleData name="Plantado">SI</SimpleData>
            <SimpleData name="Fecha_Plan">2026/08/15</SimpleData>
            <SimpleData name="Jornales">0.00000000000</SimpleData>
            <SimpleData name="Monto">0.00000000000</SimpleData>
            <SimpleData name="Grupo_de_p">C-GN-XX-XX-XX</SimpleData>
            <SimpleData name="Estado_del">Activo</SimpleData>
            <SimpleData name="Empresa">Unique Wood Paraguay SA</SimpleData>
            <SimpleData name="Lote">C</SimpleData>
            <SimpleData name="Parametro">0.00000000000</SimpleData>
            <SimpleData name="Sup_SIG">0.93130574991</SimpleData>
            <SimpleData name="X">-55.81361954000</SimpleData>
            <SimpleData name="Y">-25.55978902000</SimpleData>
            <SimpleData name="cedula">1038680</SimpleData>
            <SimpleData name="Cédula_1">1038680.00000000000</SimpleData>
            <SimpleData name="Estado_d_1">Activo</SimpleData>
            <SimpleData name="OBJECTID_1">5631</SimpleData>
            <SimpleData name="Shape_Leng">764.31731333900</SimpleData>
            <SimpleData name="Shape_Area">9313.05749906000</SimpleData>
          </SchemaData>
        </ExtendedData>
        <MultiGeometry>
          <Polygon>
            <outerBoundaryIs>
              <LinearRing>
                <coordinates>
                  -55.811986699674,-25.5600106988885,0
                  -55.8132446995144,-25.5599731995995,0
                  -55.8132049997063,-25.5596467996317,0
                  -55.8119838992821,-25.5597202995338,0
                  -55.811986699674,-25.5600106988885,0
                </coordinates>
              </LinearRing>
            </outerBoundaryIs>
          </Polygon>
          <Polygon>
            <outerBoundaryIs>
              <LinearRing>
                <coordinates>
                  -55.8135512988302,-25.5599467997572,0
                  -55.815519999808,-25.5597716994658,0
                  -55.8155332994132,-25.5595966995331,0
                  -55.8135853993083,-25.5596558001075,0
                  -55.8135512988302,-25.5599467997572,0
                </coordinates>
              </LinearRing>
            </outerBoundaryIs>
          </Polygon>
        </MultiGeometry>
      </Placemark>
      <Placemark id="Lote_C.80">
        <ExtendedData>
          <SchemaData schemaUrl="#Lote_C.schema">
            <SimpleData name="Cédula">2380205.00000000000</SimpleData>
            <SimpleData name="Nombres_y_">MARGARITA CORONEL MIRANDA</SimpleData>
            <SimpleData name="Sexo">Mujer</SimpleData>
            <SimpleData name="Cambio_de_">NO</SimpleData>
            <SimpleData name="Titular_se">NO</SimpleData>
            <SimpleData name="ci_UNIF">2380205.00000000000</SimpleData>
            <SimpleData name="Situación">NO</SimpleData>
            <SimpleData name="Comunidad">Campesina</SimpleData>
            <SimpleData name="Modelo_imp">Modelo 5</SimpleData>
            <SimpleData name="Departamen">CAAGUAZU</SimpleData>
            <SimpleData name="Distrito">REPATRIACION</SimpleData>
            <SimpleData name="Localidad">1ra LINEA CABALLERO</SimpleData>
            <SimpleData name="Teléfono">0973141034</SimpleData>
            <SimpleData name="Vivienda_L">-25.55289150000</SimpleData>
            <SimpleData name="Vivienda_1">-55.92956090000</SimpleData>
            <SimpleData name="Superficie">0.70000000000</SimpleData>
            <SimpleData name="Situaci_1">Par?metro</SimpleData>
            <SimpleData name="Plantado">SI</SimpleData>
            <SimpleData name="Fecha_Plan">2026/08/27</SimpleData>
            <SimpleData name="Jornales">0.00000000000</SimpleData>
            <SimpleData name="Monto">0.00000000000</SimpleData>
            <SimpleData name="Grupo_de_p">C-GN-XX-XX-XX</SimpleData>
            <SimpleData name="Estado_del">Activo</SimpleData>
            <SimpleData name="Empresa">Unique Wood Paraguay SA</SimpleData>
            <SimpleData name="Lote">C</SimpleData>
            <SimpleData name="Parametro">0.00000000000</SimpleData>
            <SimpleData name="Sup_SIG">0.85282552149</SimpleData>
            <SimpleData name="X">-55.97468467000</SimpleData>
            <SimpleData name="Y">-25.56168165000</SimpleData>
            <SimpleData name="cedula">2380205</SimpleData>
            <SimpleData name="Cédula_1">2380205.00000000000</SimpleData>
            <SimpleData name="Estado_d_1">Activo</SimpleData>
            <SimpleData name="OBJECTID_1">4930</SimpleData>
            <SimpleData name="Shape_Leng">404.29807091800</SimpleData>
            <SimpleData name="Shape_Area">8528.25521488000</SimpleData>
          </SchemaData>
        </ExtendedData>
        <Polygon>
          <outerBoundaryIs>
            <LinearRing>
              <coordinates>
                -55.9747550003527,-25.5621049991337,0
                -55.9751049004549,-25.5622382994667,0
                -55.9754049998268,-25.561651700114,0
                -55.9742087999126,-25.5611769995608,0
                -55.9738983004648,-25.5616032988011,0
                -55.9747316998473,-25.5619932991464,0
                -55.9747550003527,-25.5621049991337,0
              </coordinates>
            </LinearRing>
          </outerBoundaryIs>
        </Polygon>
      </Placemark>
      <Placemark id="Lote_C.81">
        <ExtendedData>
          <SchemaData schemaUrl="#Lote_C.schema">
            <SimpleData name="Cédula">3014299.00000000000</SimpleData>
            <SimpleData name="Nombres_y_">CRISTINA ELIZABETH MIRANDA DE BARRETO</SimpleData>
            <SimpleData name="Sexo">Mujer</SimpleData>
            <SimpleData name="Cambio_de_">NO</SimpleData>
            <SimpleData name="Titular_se">NO</SimpleData>
            <SimpleData name="ci_UNIF">3014299.00000000000</SimpleData>
            <SimpleData name="Situación">NO</SimpleData>
            <SimpleData name="Comunidad">Campesina</SimpleData>
            <SimpleData name="Modelo_imp">Modelo 6</SimpleData>
            <SimpleData name="Departamen">CAAGUAZU</SimpleData>
            <SimpleData name="Distrito">REPATRIACION</SimpleData>
            <SimpleData name="Localidad">1ra LINEA CABALLERO</SimpleData>
            <SimpleData name="Teléfono">0984356492</SimpleData>
            <SimpleData name="Vivienda_L">-25.55496280000</SimpleData>
            <SimpleData name="Vivienda_1">-55.91183520000</SimpleData>
            <SimpleData name="Superficie">0.90000000000</SimpleData>
            <SimpleData name="Situaci_1">Par?metro</SimpleData>
            <SimpleData name="Plantado">SI</SimpleData>
            <SimpleData name="Fecha_Plan">2026/08/22</SimpleData>
            <SimpleData name="Jornales">0.00000000000</SimpleData>
            <SimpleData name="Monto">0.00000000000</SimpleData>
            <SimpleData name="Grupo_de_p">C-GN-XX-XX-XX</SimpleData>
            <SimpleData name="Estado_del">Activo</SimpleData>
            <SimpleData name="Empresa">Unique Wood Paraguay SA</SimpleData>
            <SimpleData name="Lote">C</SimpleData>
            <SimpleData name="Parametro">0.00000000000</SimpleData>
            <SimpleData name="Sup_SIG">0.93265721299</SimpleData>
            <SimpleData name="X">-55.91249033000</SimpleData>
            <SimpleData name="Y">-25.55769124000</SimpleData>
            <SimpleData name="cedula">3014299</SimpleData>
            <SimpleData name="Cédula_1">3014299.00000000000</SimpleData>
            <SimpleData name="Estado_d_1">Activo</SimpleData>
            <SimpleData name="OBJECTID_1">5639</SimpleData>
            <SimpleData name="Shape_Leng">514.98048944200</SimpleData>
            <SimpleData name="Shape_Area">9326.57212993000</SimpleData>
          </SchemaData>
        </ExtendedData>
        <Polygon>
          <outerBoundaryIs>
            <LinearRing>
              <coordinates>
                -55.912158500292,-25.556781598858,0
                -55.9123933689968,-25.5586814354707,0
                -55.9128054228254,-25.5586527011531,0
                -55.9126082996546,-25.5567116996325,0
                -55.912158500292,-25.556781598858,0
              </coordinates>
            </LinearRing>
          </outerBoundaryIs>
        </Polygon>
      </Placemark>
      <Placemark id="Lote_C.82">
        <ExtendedData>
          <SchemaData schemaUrl="#Lote_C.schema">
            <SimpleData name="Cédula">5095412.00000000000</SimpleData>
            <SimpleData name="Nombres_y_">ADELA ASCURRA TORALES</SimpleData>
            <SimpleData name="Sexo">Mujer</SimpleData>
            <SimpleData name="Cambio_de_">NO</SimpleData>
            <SimpleData name="Titular_se">NO</SimpleData>
            <SimpleData name="ci_UNIF">5095412.00000000000</SimpleData>
            <SimpleData name="Situación">NO</SimpleData>
            <SimpleData name="Comunidad">Campesina</SimpleData>
            <SimpleData name="Modelo_imp">Modelo 5</SimpleData>
            <SimpleData name="Departamen">CAAGUAZU</SimpleData>
            <SimpleData name="Distrito">REPATRIACION</SimpleData>
            <SimpleData name="Localidad">4TA LINEA EUGENIO A. GARAY</SimpleData>
            <SimpleData name="Teléfono">0985445334</SimpleData>
            <SimpleData name="Vivienda_L">-25.59322830000</SimpleData>
            <SimpleData name="Vivienda_1">-56.03020830000</SimpleData>
            <SimpleData name="Superficie">0.70000000000</SimpleData>
            <SimpleData name="Situaci_1">Par?metro</SimpleData>
            <SimpleData name="Plantado">SI</SimpleData>
            <SimpleData name="Fecha_Plan">2026/08/29</SimpleData>
            <SimpleData name="Jornales">0.00000000000</SimpleData>
            <SimpleData name="Monto">0.00000000000</SimpleData>
            <SimpleData name="Grupo_de_p">C-GN-XX-XX-XX</SimpleData>
            <SimpleData name="Estado_del">Activo</SimpleData>
            <SimpleData name="Empresa">Unique Wood Paraguay SA</SimpleData>
            <SimpleData name="Lote">C</SimpleData>
            <SimpleData name="Parametro">0.00000000000</SimpleData>
            <SimpleData name="Sup_SIG">0.72354466582</SimpleData>
            <SimpleData name="X">-56.00169884000</SimpleData>
            <SimpleData name="Y">-25.57438814000</SimpleData>
            <SimpleData name="cedula">5095412</SimpleData>
            <SimpleData name="Cédula_1">5095412.00000000000</SimpleData>
            <SimpleData name="Estado_d_1">Activo</SimpleData>
            <SimpleData name="OBJECTID_1">4928</SimpleData>
            <SimpleData name="Shape_Leng">422.48718808000</SimpleData>
            <SimpleData name="Shape_Area">7235.44665820000</SimpleData>
          </SchemaData>
        </ExtendedData>
        <Polygon>
          <outerBoundaryIs>
            <LinearRing>
              <coordinates>
                -56.0010600000655,-25.5749232988825,0
                -56.0014197000707,-25.575128299816,0
                -56.0023349999033,-25.5738632992871,0
                -56.0019767005051,-25.5736449988491,0
                -56.0010600000655,-25.5749232988825,0
              </coordinates>
            </LinearRing>
          </outerBoundaryIs>
        </Polygon>
      </Placemark>
      <Placemark id="Lote_C.83">
        <ExtendedData>
          <SchemaData schemaUrl="#Lote_C.schema">
            <SimpleData name="Cédula">7020159.00000000000</SimpleData>
            <SimpleData name="Nombres_y_">LAURA MELIZA BAEZ AQUINO</SimpleData>
            <SimpleData name="Sexo">Mujer</SimpleData>
            <SimpleData name="Cambio_de_">NO</SimpleData>
            <SimpleData name="Titular_se">NO</SimpleData>
            <SimpleData name="ci_UNIF">7020159.00000000000</SimpleData>
            <SimpleData name="Situación">NO</SimpleData>
            <SimpleData name="Comunidad">Campesina</SimpleData>
            <SimpleData name="Modelo_imp">Modelo 5</SimpleData>
            <SimpleData name="Departamen">CAAGUAZU</SimpleData>
            <SimpleData name="Distrito">REPATRIACION</SimpleData>
            <SimpleData name="Localidad">4TA LINEA EUGENIO A. GARAY</SimpleData>
            <SimpleData name="Teléfono">0985304640</SimpleData>
            <SimpleData name="Vivienda_L">-25.56071770000</SimpleData>
            <SimpleData name="Vivienda_1">-55.97811090000</SimpleData>
            <SimpleData name="Superficie">0.70000000000</SimpleData>
            <SimpleData name="Situaci_1">Par?metro</SimpleData>
            <SimpleData name="Plantado">SI</SimpleData>
            <SimpleData name="Fecha_Plan">2026/08/28</SimpleData>
            <SimpleData name="Jornales">0.00000000000</SimpleData>
            <SimpleData name="Monto">0.00000000000</SimpleData>
            <SimpleData name="Grupo_de_p">C-GN-XX-XX-XX</SimpleData>
            <SimpleData name="Estado_del">Activo</SimpleData>
            <SimpleData name="Empresa">Unique Wood Paraguay SA</SimpleData>
            <SimpleData name="Lote">C</SimpleData>
            <SimpleData name="Parametro">0.00000000000</SimpleData>
            <SimpleData name="Sup_SIG">0.82586232183</SimpleData>
            <SimpleData name="X">-55.97876154000</SimpleData>
            <SimpleData name="Y">-25.55959605000</SimpleData>
            <SimpleData name="cedula">7020159</SimpleData>
            <SimpleData name="Cédula_1">7020159.00000000000</SimpleData>
            <SimpleData name="Estado_d_1">Activo</SimpleData>
            <SimpleData name="OBJECTID_1">4929</SimpleData>
            <SimpleData name="Shape_Leng">589.90035030400</SimpleData>
            <SimpleData name="Shape_Area">8258.62321825000</SimpleData>
          </SchemaData>
        </ExtendedData>
        <MultiGeometry>
          <Polygon>
            <outerBoundaryIs>
              <LinearRing>
                <coordinates>
                  -55.9788516997794,-25.5602766997257,0
                  -55.979564999743,-25.5593716987445,0
                  -55.9792250003704,-25.5592182990154,0
                  -55.9785619005725,-25.5601309995313,0
                  -55.9788516997794,-25.5602766997257,0
                </coordinates>
              </LinearRing>
            </outerBoundaryIs>
          </Polygon>
          <Polygon>
            <outerBoundaryIs>
              <LinearRing>
                <coordinates>
                  -55.9787349996373,-25.5598266995631,0
                  -55.9789433003378,-25.5594999989079,0
                  -55.9781316999304,-25.5590566983667,0
                  -55.9779150003171,-25.5593582986019,0
                  -55.9787349996373,-25.5598266995631,0
                </coordinates>
              </LinearRing>
            </outerBoundaryIs>
          </Polygon>
        </MultiGeometry>
      </Placemark>
    </Document>
  </Document>
</kml>
