<?xml version="1.0" encoding="UTF-8"?>
<kml xmlns="http://www.opengis.net/kml/2.2">
  <Document id="root_doc">
    <Schema id="Lote_G.schema">
      <SimpleField name="Cédula" type="double"/>
      <SimpleField name="Nombres_y_" type="string"/>
      <SimpleField name="Sexo" type="string"/>
      <SimpleField name="Cambio_de_" type="string"/>
      <SimpleField name="Titular_se" type="string"/>
      <SimpleField name="Cédula_Ti" type="string"/>
      <SimpleField name="ci_UNIF" type="double"/>
      <SimpleField name="Situación" type="string"/>
      <SimpleField name="Comunidad" type="string"/>
      <SimpleField name="Modelo_imp" type="string"/>
      <SimpleField name="Departamen" type="string"/>
      <SimpleField name="Distrito" type="string"/>
      <SimpleField name="Localidad" type="string"/>
      <SimpleField name="Teléfono" type="string"/>
      <SimpleField name="Vivienda_L" type="double"/>
      <SimpleField name="Vivienda_1" type="double"/>
      <SimpleField name="Superficie" type="double"/>
      <SimpleField name="Situaci_1" type="string"/>
      <SimpleField name="Plantado" type="string"/>
      <SimpleField name="Fecha_Plan" type="string"/>
      <SimpleField name="Jornales" type="double"/>
      <SimpleField name="Monto" type="double"/>
      <SimpleField name="Grupo_de_p" type="string"/>
      <SimpleField name="Estado_del" type="string"/>
      <SimpleField name="Empresa" type="string"/>
      <SimpleField name="Lote" type="string"/>
      <SimpleField name="Parametro" type="double"/>
      <SimpleField name="Sup_SIG" type="double"/>
      <SimpleField name="Situacion" type="string"/>
      <SimpleField name="X" type="double"/>
      <SimpleField name="Y" type="double"/>
      <SimpleField name="cedula" type="string"/>
      <SimpleField name="Cédula_1" type="double"/>
      <SimpleField name="Estado_d_1" type="string"/>
      <SimpleField name="OBJECTID_1" type="string"/>
      <SimpleField name="Shape_Leng" type="double"/>
      <SimpleField name="Shape_Area" type="double"/>
    </Schema>
    <Document id="Lote_G">
      <name>Lote_G</name>
      <Placemark id="Lote_G.1">
        <ExtendedData>
          <SchemaData schemaUrl="#Lote_G.schema">
            <SimpleData name="Cédula">6993911.00000000000</SimpleData>
            <SimpleData name="Nombres_y_">CELIA JOANA VERA</SimpleData>
            <SimpleData name="Sexo">Mujer</SimpleData>
            <SimpleData name="Cambio_de_">NO</SimpleData>
            <SimpleData name="Titular_se">NO</SimpleData>
            <SimpleData name="ci_UNIF">6993911.00000000000</SimpleData>
            <SimpleData name="Situación">NO</SimpleData>
            <SimpleData name="Comunidad">Ind?gena</SimpleData>
            <SimpleData name="Modelo_imp">Modelo 3</SimpleData>
            <SimpleData name="Departamen">CANINDEYU</SimpleData>
            <SimpleData name="Distrito">YASY CA?Y</SimpleData>
            <SimpleData name="Localidad">COM INDIG SAN ANTONIO</SimpleData>
            <SimpleData name="Teléfono">0983496414</SimpleData>
            <SimpleData name="Vivienda_L">-24.52965410000</SimpleData>
            <SimpleData name="Vivienda_1">-55.95227080000</SimpleData>
            <SimpleData name="Superficie">1.00000000000</SimpleData>
            <SimpleData name="Situaci_1">Pol?gono</SimpleData>
            <SimpleData name="Plantado">SI</SimpleData>
            <SimpleData name="Fecha_Plan">2025/09/23</SimpleData>
            <SimpleData name="Jornales">0.00000000000</SimpleData>
            <SimpleData name="Monto">0.00000000000</SimpleData>
            <SimpleData name="Grupo_de_p">G-P1-XX-XX-XX</SimpleData>
            <SimpleData name="Estado_del">Activo</SimpleData>
            <SimpleData name="Empresa">Red Forestal Paraguay SA</SimpleData>
            <SimpleData name="Lote">G</SimpleData>
            <SimpleData name="Parametro">0.00000000000</SimpleData>
            <SimpleData name="Sup_SIG">1.11684219576</SimpleData>
            <SimpleData name="X">-55.96311698000</SimpleData>
            <SimpleData name="Y">-24.53245056000</SimpleData>
            <SimpleData name="cedula">6993911</SimpleData>
            <SimpleData name="Cédula_1">6993911.00000000000</SimpleData>
            <SimpleData name="Estado_d_1">Activo</SimpleData>
            <SimpleData name="OBJECTID_1">6979</SimpleData>
            <SimpleData name="Shape_Leng">432.33037561200</SimpleData>
            <SimpleData name="Shape_Area">11168.42195760000</SimpleData>
          </SchemaData>
        </ExtendedData>
        <Polygon>
          <outerBoundaryIs>
            <LinearRing>
              <coordinates>
                -55.9624417000589,-24.5327017001795,0
                -55.9633931003417,-24.53315670015,0
                -55.9636939994518,-24.5318737001622,0
                -55.963363800081,-24.5318709001091,0
                -55.9627532998161,-24.5320341001991,0
                -55.9624417000589,-24.5327017001795,0
              </coordinates>
            </LinearRing>
          </outerBoundaryIs>
        </Polygon>
      </Placemark>
      <Placemark id="Lote_G.2">
        <ExtendedData>
          <SchemaData schemaUrl="#Lote_G.schema">
            <SimpleData name="Cédula">6527873.00000000000</SimpleData>
            <SimpleData name="Nombres_y_">NAIDE INEZ GONZALEZ PAREDES</SimpleData>
            <SimpleData name="Sexo">Mujer</SimpleData>
            <SimpleData name="Cambio_de_">NO</SimpleData>
            <SimpleData name="Titular_se">NO</SimpleData>
            <SimpleData name="ci_UNIF">6527873.00000000000</SimpleData>
            <SimpleData name="Situación">NO</SimpleData>
            <SimpleData name="Comunidad">Campesina</SimpleData>
            <SimpleData name="Modelo_imp">Modelo 1</SimpleData>
            <SimpleData name="Departamen">CANINDEYU</SimpleData>
            <SimpleData name="Distrito">YBY PYTA</SimpleData>
            <SimpleData name="Localidad">GUYRA KEHA - SAN JOSE</SimpleData>
            <SimpleData name="Teléfono">976678538</SimpleData>
            <SimpleData name="Vivienda_L">-24.21788310000</SimpleData>
            <SimpleData name="Vivienda_1">-55.28086000000</SimpleData>
            <SimpleData name="Superficie">0.80000000000</SimpleData>
            <SimpleData name="Situaci_1">Pol?gono</SimpleData>
            <SimpleData name="Plantado">SI</SimpleData>
            <SimpleData name="Fecha_Plan">2025/10/22</SimpleData>
            <SimpleData name="Jornales">0.00000000000</SimpleData>
            <SimpleData name="Monto">0.00000000000</SimpleData>
            <SimpleData name="Grupo_de_p">G-P1-XX-XX-XX</SimpleData>
            <SimpleData name="Estado_del">Activo</SimpleData>
            <SimpleData name="Empresa">Red Forestal Paraguay SA</SimpleData>
            <SimpleData name="Lote">G</SimpleData>
            <SimpleData name="Parametro">0.00000000000</SimpleData>
            <SimpleData name="Sup_SIG">0.90796341306</SimpleData>
            <SimpleData name="X">-55.28423442000</SimpleData>
            <SimpleData name="Y">-24.21358978000</SimpleData>
            <SimpleData name="cedula">6527873</SimpleData>
            <SimpleData name="Cédula_1">6527873.00000000000</SimpleData>
            <SimpleData name="Estado_d_1">Activo</SimpleData>
            <SimpleData name="OBJECTID_1">6288</SimpleData>
            <SimpleData name="Shape_Leng">392.93247481700</SimpleData>
            <SimpleData name="Shape_Area">9079.63413061000</SimpleData>
          </SchemaData>
        </ExtendedData>
        <Polygon>
          <outerBoundaryIs>
            <LinearRing>
              <coordinates>
                -55.2836733006708,-24.2132781993191,0
                -55.2836263002007,-24.2139854000462,0
                -55.2848168001674,-24.2138777003697,0
                -55.2848450994115,-24.2132128995568,0
                -55.2836733006708,-24.2132781993191,0
              </coordinates>
            </LinearRing>
          </outerBoundaryIs>
        </Polygon>
      </Placemark>
      <Placemark id="Lote_G.3">
        <ExtendedData>
          <SchemaData schemaUrl="#Lote_G.schema">
            <SimpleData name="Cédula">6081246.00000000000</SimpleData>
            <SimpleData name="Nombres_y_">MIRNA MACARE?O</SimpleData>
            <SimpleData name="Sexo">Mujer</SimpleData>
            <SimpleData name="Cambio_de_">NO</SimpleData>
            <SimpleData name="Titular_se">NO</SimpleData>
            <SimpleData name="ci_UNIF">6081246.00000000000</SimpleData>
            <SimpleData name="Situación">NO</SimpleData>
            <SimpleData name="Comunidad">Campesina</SimpleData>
            <SimpleData name="Modelo_imp">Modelo 4</SimpleData>
            <SimpleData name="Departamen">CANINDEYU</SimpleData>
            <SimpleData name="Distrito">YBY PYTA</SimpleData>
            <SimpleData name="Localidad">BRITEZ KUE 4 DE OCTUBRE</SimpleData>
            <SimpleData name="Teléfono">0981132488</SimpleData>
            <SimpleData name="Vivienda_L">-24.29036810000</SimpleData>
            <SimpleData name="Vivienda_1">-55.27118050000</SimpleData>
            <SimpleData name="Superficie">0.70000000000</SimpleData>
            <SimpleData name="Situaci_1">Pol?gono</SimpleData>
            <SimpleData name="Plantado">SI</SimpleData>
            <SimpleData name="Fecha_Plan">2025/10/15</SimpleData>
            <SimpleData name="Jornales">0.00000000000</SimpleData>
            <SimpleData name="Monto">0.00000000000</SimpleData>
            <SimpleData name="Grupo_de_p">G-P1-XX-XX-XX</SimpleData>
            <SimpleData name="Estado_del">Activo</SimpleData>
            <SimpleData name="Empresa">Red Forestal Paraguay SA</SimpleData>
            <SimpleData name="Lote">G</SimpleData>
            <SimpleData name="Parametro">0.00000000000</SimpleData>
            <SimpleData name="Sup_SIG">0.69782650099</SimpleData>
            <SimpleData name="X">-55.26468939000</SimpleData>
            <SimpleData name="Y">-24.27805601000</SimpleData>
            <SimpleData name="cedula">6081246</SimpleData>
            <SimpleData name="Cédula_1">6081246.00000000000</SimpleData>
            <SimpleData name="Estado_d_1">Activo</SimpleData>
            <SimpleData name="OBJECTID_1">5330</SimpleData>
            <SimpleData name="Shape_Leng">337.47174327100</SimpleData>
            <SimpleData name="Shape_Area">6978.26500990000</SimpleData>
          </SchemaData>
        </ExtendedData>
        <Polygon>
          <outerBoundaryIs>
            <LinearRing>
              <coordinates>
                -55.2642221996828,-24.2777329997302,0
                -55.2642112008144,-24.27839099965,0
                -55.2651649996544,-24.2783750001517,0
                -55.2651612998819,-24.27772160047,0
                -55.2642221996828,-24.2777329997302,0
              </coordinates>
            </LinearRing>
          </outerBoundaryIs>
        </Polygon>
      </Placemark>
      <Placemark id="Lote_G.4">
        <ExtendedData>
          <SchemaData schemaUrl="#Lote_G.schema">
            <SimpleData name="Cédula">7253985.00000000000</SimpleData>
            <SimpleData name="Nombres_y_">WILFRIDA CABALLERO IBA?EZ</SimpleData>
            <SimpleData name="Sexo">Mujer</SimpleData>
            <SimpleData name="Cambio_de_">NO</SimpleData>
            <SimpleData name="Titular_se">NO</SimpleData>
            <SimpleData name="ci_UNIF">7253985.00000000000</SimpleData>
            <SimpleData name="Situación">NO</SimpleData>
            <SimpleData name="Comunidad">Ind?gena</SimpleData>
            <SimpleData name="Modelo_imp">Modelo 1</SimpleData>
            <SimpleData name="Departamen">CANINDEYU</SimpleData>
            <SimpleData name="Distrito">YASY CA?Y</SimpleData>
            <SimpleData name="Localidad"><![CDATA[COM INDIG VY'ARENDA]]></SimpleData>
            <SimpleData name="Teléfono">0982427145</SimpleData>
            <SimpleData name="Vivienda_L">-24.54760710000</SimpleData>
            <SimpleData name="Vivienda_1">-55.76719460000</SimpleData>
            <SimpleData name="Superficie">0.80000000000</SimpleData>
            <SimpleData name="Situaci_1">Pol?gono</SimpleData>
            <SimpleData name="Plantado">SI</SimpleData>
            <SimpleData name="Fecha_Plan">2025/10/21</SimpleData>
            <SimpleData name="Jornales">0.00000000000</SimpleData>
            <SimpleData name="Monto">0.00000000000</SimpleData>
            <SimpleData name="Grupo_de_p">G-P1-XX-XX-XX</SimpleData>
            <SimpleData name="Estado_del">Activo</SimpleData>
            <SimpleData name="Empresa">Red Forestal Paraguay SA</SimpleData>
            <SimpleData name="Lote">G</SimpleData>
            <SimpleData name="Parametro">0.00000000000</SimpleData>
            <SimpleData name="Sup_SIG">1.00394255745</SimpleData>
            <SimpleData name="X">-55.75125115000</SimpleData>
            <SimpleData name="Y">-24.54903994000</SimpleData>
            <SimpleData name="cedula">7253985</SimpleData>
            <SimpleData name="Cédula_1">7253985.00000000000</SimpleData>
            <SimpleData name="Estado_d_1">Activo</SimpleData>
            <SimpleData name="OBJECTID_1">5268</SimpleData>
            <SimpleData name="Shape_Leng">416.77623109800</SimpleData>
            <SimpleData name="Shape_Area">10039.42557450000</SimpleData>
          </SchemaData>
        </ExtendedData>
        <Polygon>
          <outerBoundaryIs>
            <LinearRing>
              <coordinates>
                -55.7506910005928,-24.5488425996301,0
                -55.7506900004689,-24.5496430002727,0
                -55.7519163000559,-24.5491718006773,0
                -55.7516994007735,-24.5484534005188,0
                -55.7506910005928,-24.5488425996301,0
              </coordinates>
            </LinearRing>
          </outerBoundaryIs>
        </Polygon>
      </Placemark>
      <Placemark id="Lote_G.5">
        <ExtendedData>
          <SchemaData schemaUrl="#Lote_G.schema">
            <SimpleData name="Cédula">4461821.00000000000</SimpleData>
            <SimpleData name="Nombres_y_">COSME DAMIAN SOSA SANABRIA</SimpleData>
            <SimpleData name="Sexo">Hombre</SimpleData>
            <SimpleData name="Cambio_de_">NO</SimpleData>
            <SimpleData name="Titular_se">NO</SimpleData>
            <SimpleData name="ci_UNIF">4461821.00000000000</SimpleData>
            <SimpleData name="Situación">NO</SimpleData>
            <SimpleData name="Comunidad">Ind?gena</SimpleData>
            <SimpleData name="Modelo_imp">Modelo 2</SimpleData>
            <SimpleData name="Departamen">CANINDEYU</SimpleData>
            <SimpleData name="Distrito">YASY CA?Y</SimpleData>
            <SimpleData name="Localidad">COM INDIG YVA VIJU</SimpleData>
            <SimpleData name="Teléfono">0982805274</SimpleData>
            <SimpleData name="Vivienda_L">-24.40276200000</SimpleData>
            <SimpleData name="Vivienda_1">-56.00141320000</SimpleData>
            <SimpleData name="Superficie">0.80000000000</SimpleData>
            <SimpleData name="Situaci_1">Pol?gono</SimpleData>
            <SimpleData name="Plantado">SI</SimpleData>
            <SimpleData name="Fecha_Plan">2025/11/06</SimpleData>
            <SimpleData name="Jornales">0.00000000000</SimpleData>
            <SimpleData name="Monto">0.00000000000</SimpleData>
            <SimpleData name="Grupo_de_p">G-P1-XX-XX-XX</SimpleData>
            <SimpleData name="Estado_del">Activo</SimpleData>
            <SimpleData name="Empresa">Red Forestal Paraguay SA</SimpleData>
            <SimpleData name="Lote">G</SimpleData>
            <SimpleData name="Parametro">0.00000000000</SimpleData>
            <SimpleData name="Sup_SIG">0.83450744944</SimpleData>
            <SimpleData name="X">-55.99956592000</SimpleData>
            <SimpleData name="Y">-24.39968174000</SimpleData>
            <SimpleData name="cedula">4461821</SimpleData>
            <SimpleData name="Cédula_1">4461821.00000000000</SimpleData>
            <SimpleData name="Estado_d_1">Activo</SimpleData>
            <SimpleData name="OBJECTID_1">7014</SimpleData>
            <SimpleData name="Shape_Leng">367.14453048100</SimpleData>
            <SimpleData name="Shape_Area">8345.07449444000</SimpleData>
          </SchemaData>
        </ExtendedData>
        <Polygon>
          <outerBoundaryIs>
            <LinearRing>
              <coordinates>
                -55.999471666042,-24.4002443409341,0
                -55.9994699995415,-24.4002417001253,0
                -55.9995470136626,-24.4002051939844,0
                -56.0001633002932,-24.3998849997388,0
                -55.9997149998255,-24.3991250004164,0
                -55.9989638001109,-24.399444600118,0
                -55.9994370999719,-24.4002622998834,0
                -55.999471666042,-24.4002443409341,0
              </coordinates>
            </LinearRing>
          </outerBoundaryIs>
        </Polygon>
      </Placemark>
      <Placemark id="Lote_G.6">
        <ExtendedData>
          <SchemaData schemaUrl="#Lote_G.schema">
            <SimpleData name="Cédula">5957460.00000000000</SimpleData>
            <SimpleData name="Nombres_y_">LIBRADA NOCEDA MARTINEZ</SimpleData>
            <SimpleData name="Sexo">Mujer</SimpleData>
            <SimpleData name="Cambio_de_">SI</SimpleData>
            <SimpleData name="Titular_se">HUGO BENITEZ NOCEDA</SimpleData>
            <SimpleData name="Cédula_Ti">5957485</SimpleData>
            <SimpleData name="ci_UNIF">5957485.00000000000</SimpleData>
            <SimpleData name="Situación">FALLECI? LA TITULAR</SimpleData>
            <SimpleData name="Comunidad">Ind?gena</SimpleData>
            <SimpleData name="Modelo_imp">Modelo 1</SimpleData>
            <SimpleData name="Departamen">CANINDEYU</SimpleData>
            <SimpleData name="Distrito">YBY PYTA</SimpleData>
            <SimpleData name="Localidad">COM INDIG TEKOHA POTY PYAHU</SimpleData>
            <SimpleData name="Teléfono">0986470330</SimpleData>
            <SimpleData name="Vivienda_L">-24.26825680000</SimpleData>
            <SimpleData name="Vivienda_1">-55.22800650000</SimpleData>
            <SimpleData name="Superficie">0.80000000000</SimpleData>
            <SimpleData name="Situaci_1">Pol?gono</SimpleData>
            <SimpleData name="Plantado">SI</SimpleData>
            <SimpleData name="Fecha_Plan">2025/11/29</SimpleData>
            <SimpleData name="Jornales">0.00000000000</SimpleData>
            <SimpleData name="Monto">0.00000000000</SimpleData>
            <SimpleData name="Grupo_de_p">G-P1-XX-XX-XX</SimpleData>
            <SimpleData name="Estado_del">Activo</SimpleData>
            <SimpleData name="Empresa">Red Forestal Paraguay SA</SimpleData>
            <SimpleData name="Lote">G</SimpleData>
            <SimpleData name="Parametro">0.00000000000</SimpleData>
            <SimpleData name="Sup_SIG">0.82492242438</SimpleData>
            <SimpleData name="X">-55.20607757000</SimpleData>
            <SimpleData name="Y">-24.25304240000</SimpleData>
            <SimpleData name="cedula">5957460</SimpleData>
            <SimpleData name="Cédula_1">5957460.00000000000</SimpleData>
            <SimpleData name="Estado_d_1">Activo</SimpleData>
            <SimpleData name="OBJECTID_1">7841</SimpleData>
            <SimpleData name="Shape_Leng">375.91133454700</SimpleData>
            <SimpleData name="Shape_Area">8249.22424378000</SimpleData>
          </SchemaData>
        </ExtendedData>
        <Polygon>
          <outerBoundaryIs>
            <LinearRing>
              <coordinates>
                -55.2064305683529,-24.2524482331085,0
                -55.2054022065618,-24.2530796898892,0
                -55.2054046270701,-24.253083626217,0
                -55.2058185006674,-24.2535963997886,0
                -55.2066667001567,-24.2530947004706,0
                -55.2065136491918,-24.252660634102,0
                -55.2064373002267,-24.2524441004513,0
                -55.2064305683529,-24.2524482331085,0
              </coordinates>
            </LinearRing>
          </outerBoundaryIs>
        </Polygon>
      </Placemark>
      <Placemark id="Lote_G.7">
        <ExtendedData>
          <SchemaData schemaUrl="#Lote_G.schema">
            <SimpleData name="Cédula">7319676.00000000000</SimpleData>
            <SimpleData name="Nombres_y_">GREGORIA CABALLERO</SimpleData>
            <SimpleData name="Sexo">Mujer</SimpleData>
            <SimpleData name="Cambio_de_">NO</SimpleData>
            <SimpleData name="Titular_se">NO</SimpleData>
            <SimpleData name="ci_UNIF">7319676.00000000000</SimpleData>
            <SimpleData name="Situación">NO</SimpleData>
            <SimpleData name="Comunidad">Ind?gena</SimpleData>
            <SimpleData name="Modelo_imp">Modelo 1</SimpleData>
            <SimpleData name="Departamen">CANINDEYU</SimpleData>
            <SimpleData name="Distrito">YASY CA?Y</SimpleData>
            <SimpleData name="Localidad"><![CDATA[COM INDIG VY'ARENDA]]></SimpleData>
            <SimpleData name="Teléfono">0984957383</SimpleData>
            <SimpleData name="Vivienda_L">-24.54823480000</SimpleData>
            <SimpleData name="Vivienda_1">-55.76747770000</SimpleData>
            <SimpleData name="Superficie">0.80000000000</SimpleData>
            <SimpleData name="Situaci_1">Pol?gono</SimpleData>
            <SimpleData name="Plantado">SI</SimpleData>
            <SimpleData name="Fecha_Plan">2025/10/21</SimpleData>
            <SimpleData name="Jornales">0.00000000000</SimpleData>
            <SimpleData name="Monto">0.00000000000</SimpleData>
            <SimpleData name="Grupo_de_p">G-P1-XX-XX-XX</SimpleData>
            <SimpleData name="Estado_del">Activo</SimpleData>
            <SimpleData name="Empresa">Red Forestal Paraguay SA</SimpleData>
            <SimpleData name="Lote">G</SimpleData>
            <SimpleData name="Parametro">0.00000000000</SimpleData>
            <SimpleData name="Sup_SIG">0.83725028663</SimpleData>
            <SimpleData name="X">-55.75269337000</SimpleData>
            <SimpleData name="Y">-24.54889846000</SimpleData>
            <SimpleData name="cedula">7319676</SimpleData>
            <SimpleData name="Cédula_1">7319676.00000000000</SimpleData>
            <SimpleData name="Estado_d_1">Activo</SimpleData>
            <SimpleData name="OBJECTID_1">7028</SimpleData>
            <SimpleData name="Shape_Leng">430.44594109600</SimpleData>
            <SimpleData name="Shape_Area">8372.50286630000</SimpleData>
          </SchemaData>
        </ExtendedData>
        <Polygon>
          <outerBoundaryIs>
            <LinearRing>
              <coordinates>
                -55.7518583000543,-24.5488666994213,0
                -55.7519853000155,-24.5493217002315,0
                -55.7534649997229,-24.5489482995133,0
                -55.7534770001792,-24.5484683997254,0
                -55.7518583000543,-24.5488666994213,0
              </coordinates>
            </LinearRing>
          </outerBoundaryIs>
        </Polygon>
      </Placemark>
      <Placemark id="Lote_G.8">
        <ExtendedData>
          <SchemaData schemaUrl="#Lote_G.schema">
            <SimpleData name="Cédula">2228136.00000000000</SimpleData>
            <SimpleData name="Nombres_y_">JUANA BEATRIZ GARCETE GOMEZ</SimpleData>
            <SimpleData name="Sexo">Mujer</SimpleData>
            <SimpleData name="Cambio_de_">NO</SimpleData>
            <SimpleData name="Titular_se">NO</SimpleData>
            <SimpleData name="ci_UNIF">2228136.00000000000</SimpleData>
            <SimpleData name="Situación">NO</SimpleData>
            <SimpleData name="Comunidad">Campesina</SimpleData>
            <SimpleData name="Modelo_imp">Modelo 5</SimpleData>
            <SimpleData name="Departamen">CANINDEYU</SimpleData>
            <SimpleData name="Distrito">YBY PYTA</SimpleData>
            <SimpleData name="Localidad">BRITEZ KUE 4 DE OCTUBRE</SimpleData>
            <SimpleData name="Teléfono">0984171399</SimpleData>
            <SimpleData name="Vivienda_L">-24.28747350000</SimpleData>
            <SimpleData name="Vivienda_1">-55.27206160000</SimpleData>
            <SimpleData name="Superficie">0.70000000000</SimpleData>
            <SimpleData name="Situaci_1">Pol?gono</SimpleData>
            <SimpleData name="Plantado">SI</SimpleData>
            <SimpleData name="Fecha_Plan">2025/10/15</SimpleData>
            <SimpleData name="Jornales">0.00000000000</SimpleData>
            <SimpleData name="Monto">0.00000000000</SimpleData>
            <SimpleData name="Grupo_de_p">G-P1-XX-XX-XX</SimpleData>
            <SimpleData name="Estado_del">Activo</SimpleData>
            <SimpleData name="Empresa">Red Forestal Paraguay SA</SimpleData>
            <SimpleData name="Lote">G</SimpleData>
            <SimpleData name="Parametro">0.00000000000</SimpleData>
            <SimpleData name="Sup_SIG">0.71268298216</SimpleData>
            <SimpleData name="X">-55.28453259000</SimpleData>
            <SimpleData name="Y">-24.24078595000</SimpleData>
            <SimpleData name="cedula">2228136</SimpleData>
            <SimpleData name="Cédula_1">2228136.00000000000</SimpleData>
            <SimpleData name="Estado_d_1">Activo</SimpleData>
            <SimpleData name="OBJECTID_1">5328</SimpleData>
            <SimpleData name="Shape_Leng">357.99210552000</SimpleData>
            <SimpleData name="Shape_Area">7126.82982158000</SimpleData>
          </SchemaData>
        </ExtendedData>
        <Polygon>
          <outerBoundaryIs>
            <LinearRing>
              <coordinates>
                -55.2839683005099,-24.2405283000916,0
                -55.2839200003977,-24.2410600000409,0
                -55.2850964999912,-24.2410532999091,0
                -55.2851300001761,-24.2404999003755,0
                -55.2839683005099,-24.2405283000916,0
              </coordinates>
            </LinearRing>
          </outerBoundaryIs>
        </Polygon>
      </Placemark>
      <Placemark id="Lote_G.9">
        <ExtendedData>
          <SchemaData schemaUrl="#Lote_G.schema">
            <SimpleData name="Cédula">3874290.00000000000</SimpleData>
            <SimpleData name="Nombres_y_">SANDRA ANDREA GARCETE</SimpleData>
            <SimpleData name="Sexo">Mujer</SimpleData>
            <SimpleData name="Cambio_de_">NO</SimpleData>
            <SimpleData name="Titular_se">NO</SimpleData>
            <SimpleData name="ci_UNIF">3874290.00000000000</SimpleData>
            <SimpleData name="Situación">NO</SimpleData>
            <SimpleData name="Comunidad">Campesina</SimpleData>
            <SimpleData name="Modelo_imp">Modelo 2</SimpleData>
            <SimpleData name="Departamen">CANINDEYU</SimpleData>
            <SimpleData name="Distrito">YBY PYTA</SimpleData>
            <SimpleData name="Localidad">GUYRA KEHA - SAN JOSE</SimpleData>
            <SimpleData name="Teléfono">971686617</SimpleData>
            <SimpleData name="Vivienda_L">-24.24505700000</SimpleData>
            <SimpleData name="Vivienda_1">-55.28377190000</SimpleData>
            <SimpleData name="Superficie">0.80000000000</SimpleData>
            <SimpleData name="Situaci_1">Pol?gono</SimpleData>
            <SimpleData name="Plantado">SI</SimpleData>
            <SimpleData name="Fecha_Plan">2025/10/17</SimpleData>
            <SimpleData name="Jornales">0.00000000000</SimpleData>
            <SimpleData name="Monto">0.00000000000</SimpleData>
            <SimpleData name="Grupo_de_p">G-P1-XX-XX-XX</SimpleData>
            <SimpleData name="Estado_del">Activo</SimpleData>
            <SimpleData name="Empresa">Red Forestal Paraguay SA</SimpleData>
            <SimpleData name="Lote">G</SimpleData>
            <SimpleData name="Parametro">0.00000000000</SimpleData>
            <SimpleData name="Sup_SIG">0.86426510702</SimpleData>
            <SimpleData name="X">-55.28461241000</SimpleData>
            <SimpleData name="Y">-24.23889699000</SimpleData>
            <SimpleData name="cedula">3874290</SimpleData>
            <SimpleData name="Cédula_1">3874290.00000000000</SimpleData>
            <SimpleData name="Estado_d_1">Activo</SimpleData>
            <SimpleData name="OBJECTID_1">6289</SimpleData>
            <SimpleData name="Shape_Leng">383.51625998500</SimpleData>
            <SimpleData name="Shape_Area">8642.65107015000</SimpleData>
          </SchemaData>
        </ExtendedData>
        <Polygon>
          <outerBoundaryIs>
            <LinearRing>
              <coordinates>
                -55.2840256585576,-24.2392364919344,0
                -55.2840249997321,-24.2392467002564,0
                -55.2849985532529,-24.2392215577668,0
                -55.2851867003346,-24.2392166996002,0
                -55.2851900001022,-24.2392166997693,0
                -55.2851775996306,-24.2392094999985,0
                -55.2852088994946,-24.2385739006769,0
                -55.2840700000584,-24.2385483000269,0
                -55.2840256585576,-24.2392364919344,0
              </coordinates>
            </LinearRing>
          </outerBoundaryIs>
        </Polygon>
      </Placemark>
      <Placemark id="Lote_G.10">
        <ExtendedData>
          <SchemaData schemaUrl="#Lote_G.schema">
            <SimpleData name="Cédula">5465035.00000000000</SimpleData>
            <SimpleData name="Nombres_y_">GABRIEL BARRIOS ROMERO</SimpleData>
            <SimpleData name="Sexo">Hombre</SimpleData>
            <SimpleData name="Cambio_de_">NO</SimpleData>
            <SimpleData name="Titular_se">NO</SimpleData>
            <SimpleData name="ci_UNIF">5465035.00000000000</SimpleData>
            <SimpleData name="Situación">NO</SimpleData>
            <SimpleData name="Comunidad">Ind?gena</SimpleData>
            <SimpleData name="Modelo_imp">Modelo 1</SimpleData>
            <SimpleData name="Departamen">CANINDEYU</SimpleData>
            <SimpleData name="Distrito">YBY PYTA</SimpleData>
            <SimpleData name="Localidad">COM INDIG TEKOHA POTY PYAHU</SimpleData>
            <SimpleData name="Teléfono">0975985507</SimpleData>
            <SimpleData name="Vivienda_L">-24.26299820000</SimpleData>
            <SimpleData name="Vivienda_1">-55.22924540000</SimpleData>
            <SimpleData name="Superficie">0.80000000000</SimpleData>
            <SimpleData name="Situaci_1">Pol?gono</SimpleData>
            <SimpleData name="Plantado">SI</SimpleData>
            <SimpleData name="Fecha_Plan">2025/10/23</SimpleData>
            <SimpleData name="Jornales">0.00000000000</SimpleData>
            <SimpleData name="Monto">0.00000000000</SimpleData>
            <SimpleData name="Grupo_de_p">G-P1-XX-XX-XX</SimpleData>
            <SimpleData name="Estado_del">Activo</SimpleData>
            <SimpleData name="Empresa">Red Forestal Paraguay SA</SimpleData>
            <SimpleData name="Lote">G</SimpleData>
            <SimpleData name="Parametro">0.00000000000</SimpleData>
            <SimpleData name="Sup_SIG">1.00207936867</SimpleData>
            <SimpleData name="X">-55.20731942000</SimpleData>
            <SimpleData name="Y">-24.25235322000</SimpleData>
            <SimpleData name="cedula">5465035</SimpleData>
            <SimpleData name="Cédula_1">5465035.00000000000</SimpleData>
            <SimpleData name="Estado_d_1">Activo</SimpleData>
            <SimpleData name="OBJECTID_1">7825</SimpleData>
            <SimpleData name="Shape_Leng">503.53363139100</SimpleData>
            <SimpleData name="Shape_Area">10020.79368670000</SimpleData>
          </SchemaData>
        </ExtendedData>
        <Polygon>
          <outerBoundaryIs>
            <LinearRing>
              <coordinates>
                -55.2064305683529,-24.2524482331085,0
                -55.2064373002267,-24.2524441004513,0
                -55.2065136491918,-24.252660634102,0
                -55.2065850994955,-24.2528432998202,0
                -55.2072432996677,-24.2527049999108,0
                -55.207826700008,-24.2523432994337,0
                -55.2084250006047,-24.2522149995155,0
                -55.2082966999716,-24.2518882998509,0
                -55.206381700109,-24.2523232998613,0
                -55.2064305683529,-24.2524482331085,0
              </coordinates>
            </LinearRing>
          </outerBoundaryIs>
        </Polygon>
      </Placemark>
      <Placemark id="Lote_G.11">
        <ExtendedData>
          <SchemaData schemaUrl="#Lote_G.schema">
            <SimpleData name="Cédula">5957511.00000000000</SimpleData>
            <SimpleData name="Nombres_y_">CRISTIAN LOPEZ OLIVEIRA</SimpleData>
            <SimpleData name="Sexo">Hombre</SimpleData>
            <SimpleData name="Cambio_de_">NO</SimpleData>
            <SimpleData name="Titular_se">NO</SimpleData>
            <SimpleData name="ci_UNIF">5957511.00000000000</SimpleData>
            <SimpleData name="Situación">NO</SimpleData>
            <SimpleData name="Comunidad">Ind?gena</SimpleData>
            <SimpleData name="Modelo_imp">Modelo 3</SimpleData>
            <SimpleData name="Departamen">CANINDEYU</SimpleData>
            <SimpleData name="Distrito">YBY PYTA</SimpleData>
            <SimpleData name="Localidad">COM INDIG TEKOHA POTY PYAHU</SimpleData>
            <SimpleData name="Teléfono">0985659169</SimpleData>
            <SimpleData name="Vivienda_L">-24.26144830000</SimpleData>
            <SimpleData name="Vivienda_1">-55.21831960000</SimpleData>
            <SimpleData name="Superficie">1.00000000000</SimpleData>
            <SimpleData name="Situaci_1">Par?metro</SimpleData>
            <SimpleData name="Plantado">SI</SimpleData>
            <SimpleData name="Fecha_Plan">2025/12/09</SimpleData>
            <SimpleData name="Jornales">0.00000000000</SimpleData>
            <SimpleData name="Monto">0.00000000000</SimpleData>
            <SimpleData name="Grupo_de_p">G-P1-XX-XX-XX</SimpleData>
            <SimpleData name="Estado_del">Activo</SimpleData>
            <SimpleData name="Empresa">Red Forestal Paraguay SA</SimpleData>
            <SimpleData name="Lote">G</SimpleData>
            <SimpleData name="Parametro">0.00000000000</SimpleData>
            <SimpleData name="Sup_SIG">1.12367536256</SimpleData>
            <SimpleData name="X">-55.21648202000</SimpleData>
            <SimpleData name="Y">-24.26094432000</SimpleData>
            <SimpleData name="cedula">5957511</SimpleData>
            <SimpleData name="Cédula_1">5957511.00000000000</SimpleData>
            <SimpleData name="Estado_d_1">Activo</SimpleData>
            <SimpleData name="OBJECTID_1">7065</SimpleData>
            <SimpleData name="Shape_Leng">424.78172361100</SimpleData>
            <SimpleData name="Shape_Area">11236.75362560000</SimpleData>
          </SchemaData>
        </ExtendedData>
        <Polygon>
          <outerBoundaryIs>
            <LinearRing>
              <coordinates>
                -55.2157685996365,-24.2610830003986,0
                -55.2167281000366,-24.2616009000529,0
                -55.2171899998156,-24.2607866999051,0
                -55.2162362995383,-24.2602977002495,0
                -55.2157685996365,-24.2610830003986,0
              </coordinates>
            </LinearRing>
          </outerBoundaryIs>
        </Polygon>
      </Placemark>
      <Placemark id="Lote_G.12">
        <ExtendedData>
          <SchemaData schemaUrl="#Lote_G.schema">
            <SimpleData name="Cédula">4063079.00000000000</SimpleData>
            <SimpleData name="Nombres_y_">CRISTIAN BENITEZ PIRIS</SimpleData>
            <SimpleData name="Sexo">Hombre</SimpleData>
            <SimpleData name="Cambio_de_">NO</SimpleData>
            <SimpleData name="Titular_se">NO</SimpleData>
            <SimpleData name="ci_UNIF">4063079.00000000000</SimpleData>
            <SimpleData name="Situación">NO</SimpleData>
            <SimpleData name="Comunidad">Ind?gena</SimpleData>
            <SimpleData name="Modelo_imp">Modelo 5</SimpleData>
            <SimpleData name="Departamen">CANINDEYU</SimpleData>
            <SimpleData name="Distrito">YASY CA?Y</SimpleData>
            <SimpleData name="Localidad">COM INDIG  TAKUA MIRI</SimpleData>
            <SimpleData name="Teléfono">0986540294</SimpleData>
            <SimpleData name="Vivienda_L">-24.40839450000</SimpleData>
            <SimpleData name="Vivienda_1">-56.00662100000</SimpleData>
            <SimpleData name="Superficie">0.70000000000</SimpleData>
            <SimpleData name="Situaci_1">Pol?gono</SimpleData>
            <SimpleData name="Plantado">SI</SimpleData>
            <SimpleData name="Fecha_Plan">2025/11/05</SimpleData>
            <SimpleData name="Jornales">0.00000000000</SimpleData>
            <SimpleData name="Monto">0.00000000000</SimpleData>
            <SimpleData name="Grupo_de_p">G-P1-XX-XX-XX</SimpleData>
            <SimpleData name="Estado_del">Activo</SimpleData>
            <SimpleData name="Empresa">Red Forestal Paraguay SA</SimpleData>
            <SimpleData name="Lote">G</SimpleData>
            <SimpleData name="Parametro">0.00000000000</SimpleData>
            <SimpleData name="Sup_SIG">0.77020817184</SimpleData>
            <SimpleData name="X">-56.00706762000</SimpleData>
            <SimpleData name="Y">-24.41101267000</SimpleData>
            <SimpleData name="cedula">4063079</SimpleData>
            <SimpleData name="Cédula_1">4063079.00000000000</SimpleData>
            <SimpleData name="Estado_d_1">Activo</SimpleData>
            <SimpleData name="OBJECTID_1">5262</SimpleData>
            <SimpleData name="Shape_Leng">355.43069466100</SimpleData>
            <SimpleData name="Shape_Area">7702.08171843000</SimpleData>
          </SchemaData>
        </ExtendedData>
        <Polygon>
          <outerBoundaryIs>
            <LinearRing>
              <coordinates>
                -56.0064517001699,-24.4111183002285,0
                -56.0070101000365,-24.4115811004507,0
                -56.007649999881,-24.4109582998833,0
                -56.0071817003931,-24.4104133003027,0
                -56.0064517001699,-24.4111183002285,0
              </coordinates>
            </LinearRing>
          </outerBoundaryIs>
        </Polygon>
      </Placemark>
      <Placemark id="Lote_G.13">
        <ExtendedData>
          <SchemaData schemaUrl="#Lote_G.schema">
            <SimpleData name="Cédula">6530214.00000000000</SimpleData>
            <SimpleData name="Nombres_y_">CLAUDIA  OZUNA GONZALEZ</SimpleData>
            <SimpleData name="Sexo">Mujer</SimpleData>
            <SimpleData name="Cambio_de_">NO</SimpleData>
            <SimpleData name="Titular_se">NO</SimpleData>
            <SimpleData name="ci_UNIF">6530214.00000000000</SimpleData>
            <SimpleData name="Situación">NO</SimpleData>
            <SimpleData name="Comunidad">Campesina</SimpleData>
            <SimpleData name="Modelo_imp">Modelo 4</SimpleData>
            <SimpleData name="Departamen">CANINDEYU</SimpleData>
            <SimpleData name="Distrito">YBY PYTA</SimpleData>
            <SimpleData name="Localidad">GUYRA KEHA - SAN JOSE</SimpleData>
            <SimpleData name="Teléfono">975206315</SimpleData>
            <SimpleData name="Vivienda_L">-24.23516570000</SimpleData>
            <SimpleData name="Vivienda_1">-55.31271650000</SimpleData>
            <SimpleData name="Superficie">0.70000000000</SimpleData>
            <SimpleData name="Situaci_1">Pol?gono</SimpleData>
            <SimpleData name="Plantado">SI</SimpleData>
            <SimpleData name="Fecha_Plan">2025/10/17</SimpleData>
            <SimpleData name="Jornales">0.00000000000</SimpleData>
            <SimpleData name="Monto">0.00000000000</SimpleData>
            <SimpleData name="Grupo_de_p">G-P1-XX-XX-XX</SimpleData>
            <SimpleData name="Estado_del">Activo</SimpleData>
            <SimpleData name="Empresa">Red Forestal Paraguay SA</SimpleData>
            <SimpleData name="Lote">G</SimpleData>
            <SimpleData name="Parametro">0.00000000000</SimpleData>
            <SimpleData name="Sup_SIG">0.70296261929</SimpleData>
            <SimpleData name="X">-55.31622701000</SimpleData>
            <SimpleData name="Y">-24.23523479000</SimpleData>
            <SimpleData name="cedula">6530214</SimpleData>
            <SimpleData name="Cédula_1">6530214.00000000000</SimpleData>
            <SimpleData name="Estado_d_1">Activo</SimpleData>
            <SimpleData name="OBJECTID_1">6291</SimpleData>
            <SimpleData name="Shape_Leng">340.99504166400</SimpleData>
            <SimpleData name="Shape_Area">7029.62619294000</SimpleData>
          </SchemaData>
        </ExtendedData>
        <Polygon>
          <outerBoundaryIs>
            <LinearRing>
              <coordinates>
                -55.3156599995964,-24.2355132992342,0
                -55.3166582991622,-24.2355849998819,0
                -55.316765100788,-24.2349448007461,0
                -55.3158243992517,-24.2348829999379,0
                -55.3156599995964,-24.2355132992342,0
              </coordinates>
            </LinearRing>
          </outerBoundaryIs>
        </Polygon>
      </Placemark>
      <Placemark id="Lote_G.14">
        <ExtendedData>
          <SchemaData schemaUrl="#Lote_G.schema">
            <SimpleData name="Cédula">6096074.00000000000</SimpleData>
            <SimpleData name="Nombres_y_">ROSALINA VERA LOPEZ</SimpleData>
            <SimpleData name="Sexo">Mujer</SimpleData>
            <SimpleData name="Cambio_de_">NO</SimpleData>
            <SimpleData name="Titular_se">NO</SimpleData>
            <SimpleData name="ci_UNIF">6096074.00000000000</SimpleData>
            <SimpleData name="Situación">NO</SimpleData>
            <SimpleData name="Comunidad">Campesina</SimpleData>
            <SimpleData name="Modelo_imp">Modelo 5</SimpleData>
            <SimpleData name="Departamen">CANINDEYU</SimpleData>
            <SimpleData name="Distrito">YBY PYTA</SimpleData>
            <SimpleData name="Localidad">BRITEZ KUE</SimpleData>
            <SimpleData name="Teléfono">0986200549</SimpleData>
            <SimpleData name="Vivienda_L">-24.35814260000</SimpleData>
            <SimpleData name="Vivienda_1">-55.26783700000</SimpleData>
            <SimpleData name="Superficie">0.70000000000</SimpleData>
            <SimpleData name="Situaci_1">Par?metro</SimpleData>
            <SimpleData name="Plantado">SI</SimpleData>
            <SimpleData name="Fecha_Plan">2025/12/05</SimpleData>
            <SimpleData name="Jornales">0.00000000000</SimpleData>
            <SimpleData name="Monto">0.00000000000</SimpleData>
            <SimpleData name="Grupo_de_p">G-P1-XX-XX-XX</SimpleData>
            <SimpleData name="Estado_del">Activo</SimpleData>
            <SimpleData name="Empresa">Red Forestal Paraguay SA</SimpleData>
            <SimpleData name="Lote">G</SimpleData>
            <SimpleData name="Parametro">0.00000000000</SimpleData>
            <SimpleData name="Sup_SIG">0.71256885497</SimpleData>
            <SimpleData name="X">-55.26880308000</SimpleData>
            <SimpleData name="Y">-24.35816594000</SimpleData>
            <SimpleData name="cedula">6096074</SimpleData>
            <SimpleData name="Cédula_1">6096074.00000000000</SimpleData>
            <SimpleData name="Estado_d_1">Activo</SimpleData>
            <SimpleData name="OBJECTID_1">5324</SimpleData>
            <SimpleData name="Shape_Leng">345.16597331900</SimpleData>
            <SimpleData name="Shape_Area">7125.68854972000</SimpleData>
          </SchemaData>
        </ExtendedData>
        <Polygon>
          <outerBoundaryIs>
            <LinearRing>
              <coordinates>
                -55.2683001995539,-24.3584420995535,0
                -55.2693191999694,-24.3585141997496,0
                -55.2692963998034,-24.3578770997901,0
                -55.2682840001238,-24.3578283999989,0
                -55.2683001995539,-24.3584420995535,0
              </coordinates>
            </LinearRing>
          </outerBoundaryIs>
        </Polygon>
      </Placemark>
      <Placemark id="Lote_G.15">
        <ExtendedData>
          <SchemaData schemaUrl="#Lote_G.schema">
            <SimpleData name="Cédula">5957453.00000000000</SimpleData>
            <SimpleData name="Nombres_y_">MARIZA BENITEZ SOSA</SimpleData>
            <SimpleData name="Sexo">Mujer</SimpleData>
            <SimpleData name="Cambio_de_">NO</SimpleData>
            <SimpleData name="Titular_se">NO</SimpleData>
            <SimpleData name="ci_UNIF">5957453.00000000000</SimpleData>
            <SimpleData name="Situación">NO</SimpleData>
            <SimpleData name="Comunidad">Ind?gena</SimpleData>
            <SimpleData name="Modelo_imp">Modelo 3</SimpleData>
            <SimpleData name="Departamen">CANINDEYU</SimpleData>
            <SimpleData name="Distrito">YBY PYTA</SimpleData>
            <SimpleData name="Localidad">COM INDIG SAN JUAN</SimpleData>
            <SimpleData name="Teléfono">0987161772</SimpleData>
            <SimpleData name="Vivienda_L">-24.23539280000</SimpleData>
            <SimpleData name="Vivienda_1">-55.19636720000</SimpleData>
            <SimpleData name="Superficie">1.00000000000</SimpleData>
            <SimpleData name="Situaci_1">Par?metro</SimpleData>
            <SimpleData name="Plantado">SI</SimpleData>
            <SimpleData name="Fecha_Plan">2025/12/09</SimpleData>
            <SimpleData name="Jornales">0.00000000000</SimpleData>
            <SimpleData name="Monto">0.00000000000</SimpleData>
            <SimpleData name="Grupo_de_p">G-P1-XX-XX-XX</SimpleData>
            <SimpleData name="Estado_del">Activo</SimpleData>
            <SimpleData name="Empresa">Red Forestal Paraguay SA</SimpleData>
            <SimpleData name="Lote">G</SimpleData>
            <SimpleData name="Parametro">0.00000000000</SimpleData>
            <SimpleData name="Sup_SIG">1.01803544946</SimpleData>
            <SimpleData name="X">-55.18578859000</SimpleData>
            <SimpleData name="Y">-24.23795598000</SimpleData>
            <SimpleData name="cedula">5957453</SimpleData>
            <SimpleData name="Cédula_1">5957453.00000000000</SimpleData>
            <SimpleData name="Estado_d_1">Activo</SimpleData>
            <SimpleData name="OBJECTID_1">5310</SimpleData>
            <SimpleData name="Shape_Leng">406.29619299700</SimpleData>
            <SimpleData name="Shape_Area">10180.35449460000</SimpleData>
          </SchemaData>
        </ExtendedData>
        <Polygon>
          <outerBoundaryIs>
            <LinearRing>
              <coordinates>
                -55.1851917486145,-24.2375877935707,0
                -55.1853518780831,-24.2382230197747,0
                -55.1854208556659,-24.2385445392613,0
                -55.1863922723594,-24.2382234619479,0
                -55.1862320008417,-24.237470854463,0
                -55.1851887003161,-24.2375756999085,0
                -55.1851917486145,-24.2375877935707,0
              </coordinates>
            </LinearRing>
          </outerBoundaryIs>
        </Polygon>
      </Placemark>
      <Placemark id="Lote_G.16">
        <ExtendedData>
          <SchemaData schemaUrl="#Lote_G.schema">
            <SimpleData name="Cédula">4071047.00000000000</SimpleData>
            <SimpleData name="Nombres_y_">NELIDA ALICIA AQUINO DELGADILLO</SimpleData>
            <SimpleData name="Sexo">Mujer</SimpleData>
            <SimpleData name="Cambio_de_">NO</SimpleData>
            <SimpleData name="Titular_se">NO</SimpleData>
            <SimpleData name="ci_UNIF">4071047.00000000000</SimpleData>
            <SimpleData name="Situación">NO</SimpleData>
            <SimpleData name="Comunidad">Campesina</SimpleData>
            <SimpleData name="Modelo_imp">Modelo 5</SimpleData>
            <SimpleData name="Departamen">CANINDEYU</SimpleData>
            <SimpleData name="Distrito">YBY PYTA</SimpleData>
            <SimpleData name="Localidad">BRITEZ KUE 4 DE OCTUBRE</SimpleData>
            <SimpleData name="Teléfono">983173465</SimpleData>
            <SimpleData name="Vivienda_L">-24.29831500000</SimpleData>
            <SimpleData name="Vivienda_1">-55.26762330000</SimpleData>
            <SimpleData name="Superficie">0.70000000000</SimpleData>
            <SimpleData name="Situaci_1">Par?metro</SimpleData>
            <SimpleData name="Plantado">SI</SimpleData>
            <SimpleData name="Fecha_Plan">2025/12/05</SimpleData>
            <SimpleData name="Jornales">0.00000000000</SimpleData>
            <SimpleData name="Monto">0.00000000000</SimpleData>
            <SimpleData name="Grupo_de_p">G-P3-XX-XX-XX</SimpleData>
            <SimpleData name="Estado_del">Activo</SimpleData>
            <SimpleData name="Empresa">Red Forestal Paraguay SA</SimpleData>
            <SimpleData name="Lote">G</SimpleData>
            <SimpleData name="Parametro">0.00000000000</SimpleData>
            <SimpleData name="Sup_SIG">0.70076274309</SimpleData>
            <SimpleData name="X">-55.26668798000</SimpleData>
            <SimpleData name="Y">-24.29825912000</SimpleData>
            <SimpleData name="cedula">4071047</SimpleData>
            <SimpleData name="Cédula_1">4071047.00000000000</SimpleData>
            <SimpleData name="Estado_d_1">Activo</SimpleData>
            <SimpleData name="OBJECTID_1">8573</SimpleData>
            <SimpleData name="Shape_Leng">348.17280489700</SimpleData>
            <SimpleData name="Shape_Area">7007.62743091000</SimpleData>
          </SchemaData>
        </ExtendedData>
        <Polygon>
          <outerBoundaryIs>
            <LinearRing>
              <coordinates>
                -55.2661350000546,-24.2984933001769,0
                -55.2671985998989,-24.2985991997345,0
                -55.267255000128,-24.2980183004932,0
                -55.2661483001819,-24.2979316996729,0
                -55.2661350000546,-24.2984933001769,0
              </coordinates>
            </LinearRing>
          </outerBoundaryIs>
        </Polygon>
      </Placemark>
      <Placemark id="Lote_G.17">
        <ExtendedData>
          <SchemaData schemaUrl="#Lote_G.schema">
            <SimpleData name="Cédula">7027241.00000000000</SimpleData>
            <SimpleData name="Nombres_y_">ROMARI  BENITEZ VERA</SimpleData>
            <SimpleData name="Sexo">Mujer</SimpleData>
            <SimpleData name="Cambio_de_">NO</SimpleData>
            <SimpleData name="Titular_se">NO</SimpleData>
            <SimpleData name="ci_UNIF">7027241.00000000000</SimpleData>
            <SimpleData name="Situación">NO</SimpleData>
            <SimpleData name="Comunidad">Campesina</SimpleData>
            <SimpleData name="Modelo_imp">Modelo 5</SimpleData>
            <SimpleData name="Departamen">CANINDEYU</SimpleData>
            <SimpleData name="Distrito">YBY PYTA</SimpleData>
            <SimpleData name="Localidad">GUYRA KEHA - SAN JOSE</SimpleData>
            <SimpleData name="Teléfono">983203683</SimpleData>
            <SimpleData name="Vivienda_L">-24.20712500000</SimpleData>
            <SimpleData name="Vivienda_1">-55.30502330000</SimpleData>
            <SimpleData name="Superficie">0.70000000000</SimpleData>
            <SimpleData name="Situaci_1">Pol?gono</SimpleData>
            <SimpleData name="Plantado">SI</SimpleData>
            <SimpleData name="Fecha_Plan">2025/10/15</SimpleData>
            <SimpleData name="Jornales">0.00000000000</SimpleData>
            <SimpleData name="Monto">0.00000000000</SimpleData>
            <SimpleData name="Grupo_de_p">G-P1-XX-XX-XX</SimpleData>
            <SimpleData name="Estado_del">Activo</SimpleData>
            <SimpleData name="Empresa">Red Forestal Paraguay SA</SimpleData>
            <SimpleData name="Lote">G</SimpleData>
            <SimpleData name="Parametro">0.00000000000</SimpleData>
            <SimpleData name="Sup_SIG">0.71343783385</SimpleData>
            <SimpleData name="X">-55.28897663000</SimpleData>
            <SimpleData name="Y">-24.21927300000</SimpleData>
            <SimpleData name="cedula">7027241</SimpleData>
            <SimpleData name="Cédula_1">7027241.00000000000</SimpleData>
            <SimpleData name="Estado_d_1">Activo</SimpleData>
            <SimpleData name="OBJECTID_1">7364</SimpleData>
            <SimpleData name="Shape_Leng">383.90108417400</SimpleData>
            <SimpleData name="Shape_Area">7134.37833852000</SimpleData>
          </SchemaData>
        </ExtendedData>
        <Polygon>
          <outerBoundaryIs>
            <LinearRing>
              <coordinates>
                -55.2882165995792,-24.2191350005232,0
                -55.2882877996719,-24.2195185997683,0
                -55.2895982996911,-24.2194999999273,0
                -55.2896604993945,-24.218963300295,0
                -55.2882165995792,-24.2191350005232,0
              </coordinates>
            </LinearRing>
          </outerBoundaryIs>
        </Polygon>
      </Placemark>
      <Placemark id="Lote_G.18">
        <ExtendedData>
          <SchemaData schemaUrl="#Lote_G.schema">
            <SimpleData name="Cédula">6377494.00000000000</SimpleData>
            <SimpleData name="Nombres_y_">CLAUDELINA  NOGUERA GONZALEZ</SimpleData>
            <SimpleData name="Sexo">Mujer</SimpleData>
            <SimpleData name="Cambio_de_">NO</SimpleData>
            <SimpleData name="Titular_se">NO</SimpleData>
            <SimpleData name="ci_UNIF">6377494.00000000000</SimpleData>
            <SimpleData name="Situación">NO</SimpleData>
            <SimpleData name="Comunidad">Campesina</SimpleData>
            <SimpleData name="Modelo_imp">Modelo 4</SimpleData>
            <SimpleData name="Departamen">CANINDEYU</SimpleData>
            <SimpleData name="Distrito">YBY PYTA</SimpleData>
            <SimpleData name="Localidad">GUYRA KEHA - SAN JOSE</SimpleData>
            <SimpleData name="Teléfono">983620445</SimpleData>
            <SimpleData name="Vivienda_L">-24.23377360000</SimpleData>
            <SimpleData name="Vivienda_1">-55.30800650000</SimpleData>
            <SimpleData name="Superficie">0.70000000000</SimpleData>
            <SimpleData name="Situaci_1">Pol?gono</SimpleData>
            <SimpleData name="Plantado">SI</SimpleData>
            <SimpleData name="Fecha_Plan">2025/10/17</SimpleData>
            <SimpleData name="Jornales">0.00000000000</SimpleData>
            <SimpleData name="Monto">0.00000000000</SimpleData>
            <SimpleData name="Grupo_de_p">G-P1-XX-XX-XX</SimpleData>
            <SimpleData name="Estado_del">Activo</SimpleData>
            <SimpleData name="Empresa">Red Forestal Paraguay SA</SimpleData>
            <SimpleData name="Lote">G</SimpleData>
            <SimpleData name="Parametro">0.00000000000</SimpleData>
            <SimpleData name="Sup_SIG">0.73286018284</SimpleData>
            <SimpleData name="X">-55.30795115000</SimpleData>
            <SimpleData name="Y">-24.23319400000</SimpleData>
            <SimpleData name="cedula">6377494</SimpleData>
            <SimpleData name="Cédula_1">6377494.00000000000</SimpleData>
            <SimpleData name="Estado_d_1">Activo</SimpleData>
            <SimpleData name="OBJECTID_1">6295</SimpleData>
            <SimpleData name="Shape_Leng">350.05197901000</SimpleData>
            <SimpleData name="Shape_Area">7328.60182842000</SimpleData>
          </SchemaData>
        </ExtendedData>
        <Polygon>
          <outerBoundaryIs>
            <LinearRing>
              <coordinates>
                -55.3074367000504,-24.232886700452,0
                -55.3074817000426,-24.2335800001049,0
                -55.3084217001832,-24.2334682993929,0
                -55.3085167000021,-24.2328682998706,0
                -55.3074367000504,-24.232886700452,0
              </coordinates>
            </LinearRing>
          </outerBoundaryIs>
        </Polygon>
      </Placemark>
      <Placemark id="Lote_G.19">
        <ExtendedData>
          <SchemaData schemaUrl="#Lote_G.schema">
            <SimpleData name="Cédula">6803949.00000000000</SimpleData>
            <SimpleData name="Nombres_y_">BLASIDA ANDREA MANCUELLO ROLON</SimpleData>
            <SimpleData name="Sexo">Mujer</SimpleData>
            <SimpleData name="Cambio_de_">NO</SimpleData>
            <SimpleData name="Titular_se">NO</SimpleData>
            <SimpleData name="ci_UNIF">6803949.00000000000</SimpleData>
            <SimpleData name="Situación">NO</SimpleData>
            <SimpleData name="Comunidad">Campesina</SimpleData>
            <SimpleData name="Modelo_imp">Modelo 5</SimpleData>
            <SimpleData name="Departamen">CANINDEYU</SimpleData>
            <SimpleData name="Distrito">YBY PYTA</SimpleData>
            <SimpleData name="Localidad">GUYRA KEHA - SAN JOSE</SimpleData>
            <SimpleData name="Teléfono">973119335</SimpleData>
            <SimpleData name="Vivienda_L">-24.24382450000</SimpleData>
            <SimpleData name="Vivienda_1">-55.28933940000</SimpleData>
            <SimpleData name="Superficie">0.70000000000</SimpleData>
            <SimpleData name="Situaci_1">Pol?gono</SimpleData>
            <SimpleData name="Plantado">SI</SimpleData>
            <SimpleData name="Fecha_Plan">2025/10/29</SimpleData>
            <SimpleData name="Jornales">0.00000000000</SimpleData>
            <SimpleData name="Monto">0.00000000000</SimpleData>
            <SimpleData name="Grupo_de_p">G-P1-XX-XX-XX</SimpleData>
            <SimpleData name="Estado_del">Activo</SimpleData>
            <SimpleData name="Empresa">Red Forestal Paraguay SA</SimpleData>
            <SimpleData name="Lote">G</SimpleData>
            <SimpleData name="Parametro">0.00000000000</SimpleData>
            <SimpleData name="Sup_SIG">0.71487477316</SimpleData>
            <SimpleData name="X">-55.28819287000</SimpleData>
            <SimpleData name="Y">-24.24510912000</SimpleData>
            <SimpleData name="cedula">6803949</SimpleData>
            <SimpleData name="Cédula_1">6803949.00000000000</SimpleData>
            <SimpleData name="Estado_d_1">Activo</SimpleData>
            <SimpleData name="OBJECTID_1">7369</SimpleData>
            <SimpleData name="Shape_Leng">395.22088299400</SimpleData>
            <SimpleData name="Shape_Area">7148.74773157000</SimpleData>
          </SchemaData>
        </ExtendedData>
        <Polygon>
          <outerBoundaryIs>
            <LinearRing>
              <coordinates>
                -55.2874799997787,-24.2448883002176,0
                -55.2874389997196,-24.2453249004325,0
                -55.288961700026,-24.2453200998098,0
                -55.2889016990756,-24.244893299249,0
                -55.2874799997787,-24.2448883002176,0
              </coordinates>
            </LinearRing>
          </outerBoundaryIs>
        </Polygon>
      </Placemark>
      <Placemark id="Lote_G.20">
        <ExtendedData>
          <SchemaData schemaUrl="#Lote_G.schema">
            <SimpleData name="Cédula">5957465.00000000000</SimpleData>
            <SimpleData name="Nombres_y_">WILMA ROMERO BENITEZ</SimpleData>
            <SimpleData name="Sexo">Mujer</SimpleData>
            <SimpleData name="Cambio_de_">NO</SimpleData>
            <SimpleData name="Titular_se">NO</SimpleData>
            <SimpleData name="ci_UNIF">5957465.00000000000</SimpleData>
            <SimpleData name="Situación">NO</SimpleData>
            <SimpleData name="Comunidad">Ind?gena</SimpleData>
            <SimpleData name="Modelo_imp">Modelo 3</SimpleData>
            <SimpleData name="Departamen">CANINDEYU</SimpleData>
            <SimpleData name="Distrito">YBY PYTA</SimpleData>
            <SimpleData name="Localidad">COM INDIG TEKOHA POTY PYAHU</SimpleData>
            <SimpleData name="Teléfono">0983194719</SimpleData>
            <SimpleData name="Vivienda_L">-24.25284120000</SimpleData>
            <SimpleData name="Vivienda_1">-55.21046450000</SimpleData>
            <SimpleData name="Superficie">1.00000000000</SimpleData>
            <SimpleData name="Situaci_1">Par?metro</SimpleData>
            <SimpleData name="Plantado">SI</SimpleData>
            <SimpleData name="Fecha_Plan">2025/12/09</SimpleData>
            <SimpleData name="Jornales">0.00000000000</SimpleData>
            <SimpleData name="Monto">0.00000000000</SimpleData>
            <SimpleData name="Grupo_de_p">G-P1-XX-XX-XX</SimpleData>
            <SimpleData name="Estado_del">Activo</SimpleData>
            <SimpleData name="Empresa">Red Forestal Paraguay SA</SimpleData>
            <SimpleData name="Lote">G</SimpleData>
            <SimpleData name="Parametro">0.00000000000</SimpleData>
            <SimpleData name="Sup_SIG">1.06598884327</SimpleData>
            <SimpleData name="X">-55.20584803000</SimpleData>
            <SimpleData name="Y">-24.25419620000</SimpleData>
            <SimpleData name="cedula">5957465</SimpleData>
            <SimpleData name="Cédula_1">5957465.00000000000</SimpleData>
            <SimpleData name="Estado_d_1">Activo</SimpleData>
            <SimpleData name="OBJECTID_1">5304</SimpleData>
            <SimpleData name="Shape_Leng">417.60257385900</SimpleData>
            <SimpleData name="Shape_Area">10659.88843270000</SimpleData>
          </SchemaData>
        </ExtendedData>
        <Polygon>
          <outerBoundaryIs>
            <LinearRing>
              <coordinates>
                -55.2050693002274,-24.2540528000114,0
                -55.2059431995884,-24.2548757004221,0
                -55.206511299909,-24.2542950002231,0
                -55.2059850003731,-24.2535682999922,0
                -55.2050693002274,-24.2540528000114,0
              </coordinates>
            </LinearRing>
          </outerBoundaryIs>
        </Polygon>
      </Placemark>
      <Placemark id="Lote_G.21">
        <ExtendedData>
          <SchemaData schemaUrl="#Lote_G.schema">
            <SimpleData name="Cédula">5090924.00000000000</SimpleData>
            <SimpleData name="Nombres_y_">AMADA  GONZALEZ RUIZ</SimpleData>
            <SimpleData name="Sexo">Mujer</SimpleData>
            <SimpleData name="Cambio_de_">NO</SimpleData>
            <SimpleData name="Titular_se">NO</SimpleData>
            <SimpleData name="ci_UNIF">5090924.00000000000</SimpleData>
            <SimpleData name="Situación">NO</SimpleData>
            <SimpleData name="Comunidad">Campesina</SimpleData>
            <SimpleData name="Modelo_imp">Modelo 1</SimpleData>
            <SimpleData name="Departamen">CANINDEYU</SimpleData>
            <SimpleData name="Distrito">YBY PYTA</SimpleData>
            <SimpleData name="Localidad">GUYRA KEHA - SAN JOSE</SimpleData>
            <SimpleData name="Teléfono">987221036</SimpleData>
            <SimpleData name="Vivienda_L">-24.22368210000</SimpleData>
            <SimpleData name="Vivienda_1">-55.27967440000</SimpleData>
            <SimpleData name="Superficie">0.80000000000</SimpleData>
            <SimpleData name="Situaci_1">Pol?gono</SimpleData>
            <SimpleData name="Plantado">SI</SimpleData>
            <SimpleData name="Fecha_Plan">2025/10/15</SimpleData>
            <SimpleData name="Jornales">0.00000000000</SimpleData>
            <SimpleData name="Monto">0.00000000000</SimpleData>
            <SimpleData name="Grupo_de_p">G-P1-XX-XX-XX</SimpleData>
            <SimpleData name="Estado_del">Activo</SimpleData>
            <SimpleData name="Empresa">Red Forestal Paraguay SA</SimpleData>
            <SimpleData name="Lote">G</SimpleData>
            <SimpleData name="Parametro">0.00000000000</SimpleData>
            <SimpleData name="Sup_SIG">0.81222689090</SimpleData>
            <SimpleData name="X">-55.27947789000</SimpleData>
            <SimpleData name="Y">-24.22192764000</SimpleData>
            <SimpleData name="cedula">5090924</SimpleData>
            <SimpleData name="Cédula_1">5090924.00000000000</SimpleData>
            <SimpleData name="Estado_d_1">Activo</SimpleData>
            <SimpleData name="OBJECTID_1">7365</SimpleData>
            <SimpleData name="Shape_Leng">422.17750360200</SimpleData>
            <SimpleData name="Shape_Area">8122.26890901000</SimpleData>
          </SchemaData>
        </ExtendedData>
        <Polygon>
          <outerBoundaryIs>
            <LinearRing>
              <coordinates>
                -55.2788899999321,-24.2221103996539,0
                -55.2802182999399,-24.2222680995795,0
                -55.2802219998092,-24.2217817000258,0
                -55.2785943994347,-24.2215848006752,0
                -55.2788899999321,-24.2221103996539,0
              </coordinates>
            </LinearRing>
          </outerBoundaryIs>
        </Polygon>
      </Placemark>
      <Placemark id="Lote_G.22">
        <ExtendedData>
          <SchemaData schemaUrl="#Lote_G.schema">
            <SimpleData name="Cédula">5841941.00000000000</SimpleData>
            <SimpleData name="Nombres_y_">IRMA CABALLERO GONZALEZ</SimpleData>
            <SimpleData name="Sexo">Mujer</SimpleData>
            <SimpleData name="Cambio_de_">NO</SimpleData>
            <SimpleData name="Titular_se">NO</SimpleData>
            <SimpleData name="ci_UNIF">5841941.00000000000</SimpleData>
            <SimpleData name="Situación">NO</SimpleData>
            <SimpleData name="Comunidad">Ind?gena</SimpleData>
            <SimpleData name="Modelo_imp">Modelo 5</SimpleData>
            <SimpleData name="Departamen">CANINDEYU</SimpleData>
            <SimpleData name="Distrito">YBY PYTA</SimpleData>
            <SimpleData name="Localidad">COM INDIG YRYAPU</SimpleData>
            <SimpleData name="Teléfono">0986186083</SimpleData>
            <SimpleData name="Vivienda_L">-24.32111810000</SimpleData>
            <SimpleData name="Vivienda_1">-55.32063870000</SimpleData>
            <SimpleData name="Superficie">0.70000000000</SimpleData>
            <SimpleData name="Situaci_1">Pol?gono</SimpleData>
            <SimpleData name="Plantado">SI</SimpleData>
            <SimpleData name="Fecha_Plan">2025/11/09</SimpleData>
            <SimpleData name="Jornales">0.00000000000</SimpleData>
            <SimpleData name="Monto">0.00000000000</SimpleData>
            <SimpleData name="Grupo_de_p">G-P1-XX-XX-XX</SimpleData>
            <SimpleData name="Estado_del">Activo</SimpleData>
            <SimpleData name="Empresa">Red Forestal Paraguay SA</SimpleData>
            <SimpleData name="Lote">G</SimpleData>
            <SimpleData name="Parametro">0.00000000000</SimpleData>
            <SimpleData name="Sup_SIG">0.72913050222</SimpleData>
            <SimpleData name="X">-55.32181016000</SimpleData>
            <SimpleData name="Y">-24.32049419000</SimpleData>
            <SimpleData name="cedula">5841941</SimpleData>
            <SimpleData name="Cédula_1">5841941.00000000000</SimpleData>
            <SimpleData name="Estado_d_1">Activo</SimpleData>
            <SimpleData name="OBJECTID_1">7069</SimpleData>
            <SimpleData name="Shape_Leng">335.34203066100</SimpleData>
            <SimpleData name="Shape_Area">7291.30502220000</SimpleData>
          </SchemaData>
        </ExtendedData>
        <Polygon>
          <outerBoundaryIs>
            <LinearRing>
              <coordinates>
                -55.3212869995893,-24.3204077995999,0
                -55.3216468007147,-24.321029799387,0
                -55.3221632994762,-24.3208382995436,0
                -55.3222109997411,-24.3206570004786,0
                -55.3221782999963,-24.3202567000631,0
                -55.322080900552,-24.31992689964,0
                -55.321434199244,-24.3202464996723,0
                -55.3212869995893,-24.3204077995999,0
              </coordinates>
            </LinearRing>
          </outerBoundaryIs>
        </Polygon>
      </Placemark>
      <Placemark id="Lote_G.23">
        <ExtendedData>
          <SchemaData schemaUrl="#Lote_G.schema">
            <SimpleData name="Cédula">3895533.00000000000</SimpleData>
            <SimpleData name="Nombres_y_">MARIA ELIZABETH GALEANO ACOSTA</SimpleData>
            <SimpleData name="Sexo">Mujer</SimpleData>
            <SimpleData name="Cambio_de_">NO</SimpleData>
            <SimpleData name="Titular_se">NO</SimpleData>
            <SimpleData name="ci_UNIF">3895533.00000000000</SimpleData>
            <SimpleData name="Situación">NO</SimpleData>
            <SimpleData name="Comunidad">Campesina</SimpleData>
            <SimpleData name="Modelo_imp">Modelo 4</SimpleData>
            <SimpleData name="Departamen">CANINDEYU</SimpleData>
            <SimpleData name="Distrito">YASY CA?Y</SimpleData>
            <SimpleData name="Localidad">MANDUARA 6TA LINEA</SimpleData>
            <SimpleData name="Teléfono">0976827577</SimpleData>
            <SimpleData name="Vivienda_L">-24.42964510000</SimpleData>
            <SimpleData name="Vivienda_1">-55.91272500000</SimpleData>
            <SimpleData name="Superficie">0.70000000000</SimpleData>
            <SimpleData name="Situaci_1">Pol?gono</SimpleData>
            <SimpleData name="Plantado">SI</SimpleData>
            <SimpleData name="Fecha_Plan">2025/11/14</SimpleData>
            <SimpleData name="Jornales">0.00000000000</SimpleData>
            <SimpleData name="Monto">0.00000000000</SimpleData>
            <SimpleData name="Grupo_de_p">G-P1-XX-XX-XX</SimpleData>
            <SimpleData name="Estado_del">Activo</SimpleData>
            <SimpleData name="Empresa">Red Forestal Paraguay SA</SimpleData>
            <SimpleData name="Lote">G</SimpleData>
            <SimpleData name="Parametro">0.00000000000</SimpleData>
            <SimpleData name="Sup_SIG">0.77297653868</SimpleData>
            <SimpleData name="X">-55.91434222000</SimpleData>
            <SimpleData name="Y">-24.43081412000</SimpleData>
            <SimpleData name="cedula">3895533</SimpleData>
            <SimpleData name="Cédula_1">3895533.00000000000</SimpleData>
            <SimpleData name="Estado_d_1">Activo</SimpleData>
            <SimpleData name="OBJECTID_1">6945</SimpleData>
            <SimpleData name="Shape_Leng">666.45296045700</SimpleData>
            <SimpleData name="Shape_Area">7729.76538682000</SimpleData>
          </SchemaData>
        </ExtendedData>
        <Polygon>
          <outerBoundaryIs>
            <LinearRing>
              <coordinates>
                -55.9130299997013,-24.4300383003874,0
                -55.9154125004485,-24.4317081007334,0
                -55.915616700496,-24.4315367005683,0
                -55.9131473001051,-24.4298635997789,0
                -55.9130299997013,-24.4300383003874,0
              </coordinates>
            </LinearRing>
          </outerBoundaryIs>
        </Polygon>
      </Placemark>
      <Placemark id="Lote_G.24">
        <ExtendedData>
          <SchemaData schemaUrl="#Lote_G.schema">
            <SimpleData name="Cédula">5470985.00000000000</SimpleData>
            <SimpleData name="Nombres_y_">BLACIDO BENITEZ NOCEDA</SimpleData>
            <SimpleData name="Sexo">Hombre</SimpleData>
            <SimpleData name="Cambio_de_">NO</SimpleData>
            <SimpleData name="Titular_se">NO</SimpleData>
            <SimpleData name="ci_UNIF">5470985.00000000000</SimpleData>
            <SimpleData name="Situación">NO</SimpleData>
            <SimpleData name="Comunidad">Ind?gena</SimpleData>
            <SimpleData name="Modelo_imp">Modelo 1</SimpleData>
            <SimpleData name="Departamen">CANINDEYU</SimpleData>
            <SimpleData name="Distrito">YBY PYTA</SimpleData>
            <SimpleData name="Localidad">COM INDIG TEKOHA POTY PYAHU</SimpleData>
            <SimpleData name="Teléfono">0972700357</SimpleData>
            <SimpleData name="Vivienda_L">-24.27397150000</SimpleData>
            <SimpleData name="Vivienda_1">-55.22891860000</SimpleData>
            <SimpleData name="Superficie">0.80000000000</SimpleData>
            <SimpleData name="Situaci_1">Pol?gono</SimpleData>
            <SimpleData name="Plantado">SI</SimpleData>
            <SimpleData name="Fecha_Plan">2025/10/23</SimpleData>
            <SimpleData name="Jornales">0.00000000000</SimpleData>
            <SimpleData name="Monto">0.00000000000</SimpleData>
            <SimpleData name="Grupo_de_p">G-P1-XX-XX-XX</SimpleData>
            <SimpleData name="Estado_del">Activo</SimpleData>
            <SimpleData name="Empresa">Red Forestal Paraguay SA</SimpleData>
            <SimpleData name="Lote">G</SimpleData>
            <SimpleData name="Parametro">0.00000000000</SimpleData>
            <SimpleData name="Sup_SIG">0.85144899139</SimpleData>
            <SimpleData name="X">-55.20739826000</SimpleData>
            <SimpleData name="Y">-24.25182920000</SimpleData>
            <SimpleData name="cedula">5470985</SimpleData>
            <SimpleData name="Cédula_1">5470985.00000000000</SimpleData>
            <SimpleData name="Estado_d_1">Activo</SimpleData>
            <SimpleData name="OBJECTID_1">7066</SimpleData>
            <SimpleData name="Shape_Leng">429.08146303600</SimpleData>
            <SimpleData name="Shape_Area">8514.48991392000</SimpleData>
          </SchemaData>
        </ExtendedData>
        <Polygon>
          <outerBoundaryIs>
            <LinearRing>
              <coordinates>
                -55.2065617000537,-24.2517632998833,0
                -55.2067033004093,-24.2522300002829,0
                -55.2083016993298,-24.2518682998207,0
                -55.2080299996095,-24.2514399996994,0
                -55.2065617000537,-24.2517632998833,0
              </coordinates>
            </LinearRing>
          </outerBoundaryIs>
        </Polygon>
      </Placemark>
      <Placemark id="Lote_G.25">
        <ExtendedData>
          <SchemaData schemaUrl="#Lote_G.schema">
            <SimpleData name="Cédula">4256882.00000000000</SimpleData>
            <SimpleData name="Nombres_y_">TEOFILA BENITEZ VILLALBA</SimpleData>
            <SimpleData name="Sexo">Mujer</SimpleData>
            <SimpleData name="Cambio_de_">NO</SimpleData>
            <SimpleData name="Titular_se">NO</SimpleData>
            <SimpleData name="ci_UNIF">4256882.00000000000</SimpleData>
            <SimpleData name="Situación">NO</SimpleData>
            <SimpleData name="Comunidad">Ind?gena</SimpleData>
            <SimpleData name="Modelo_imp">Modelo 5</SimpleData>
            <SimpleData name="Departamen">CANINDEYU</SimpleData>
            <SimpleData name="Distrito">YASY CA?Y</SimpleData>
            <SimpleData name="Localidad">COM INDIG  TAKUA MIRI</SimpleData>
            <SimpleData name="Teléfono">ND</SimpleData>
            <SimpleData name="Vivienda_L">-24.40609780000</SimpleData>
            <SimpleData name="Vivienda_1">-56.01334270000</SimpleData>
            <SimpleData name="Superficie">0.70000000000</SimpleData>
            <SimpleData name="Situaci_1">Pol?gono</SimpleData>
            <SimpleData name="Plantado">SI</SimpleData>
            <SimpleData name="Fecha_Plan">2025/10/16</SimpleData>
            <SimpleData name="Jornales">0.00000000000</SimpleData>
            <SimpleData name="Monto">0.00000000000</SimpleData>
            <SimpleData name="Grupo_de_p">G-P1-XX-XX-XX</SimpleData>
            <SimpleData name="Estado_del">Activo</SimpleData>
            <SimpleData name="Empresa">Red Forestal Paraguay SA</SimpleData>
            <SimpleData name="Lote">G</SimpleData>
            <SimpleData name="Parametro">0.00000000000</SimpleData>
            <SimpleData name="Sup_SIG">0.70417133433</SimpleData>
            <SimpleData name="X">-56.02140078000</SimpleData>
            <SimpleData name="Y">-24.41136672000</SimpleData>
            <SimpleData name="cedula">4256882</SimpleData>
            <SimpleData name="Cédula_1">4256882.00000000000</SimpleData>
            <SimpleData name="Estado_d_1">Activo</SimpleData>
            <SimpleData name="OBJECTID_1">5260</SimpleData>
            <SimpleData name="Shape_Leng">338.50249214800</SimpleData>
            <SimpleData name="Shape_Area">7041.71334328000</SimpleData>
          </SchemaData>
        </ExtendedData>
        <Polygon>
          <outerBoundaryIs>
            <LinearRing>
              <coordinates>
                -56.0208598082243,-24.4114906578544,0
                -56.0216678785901,-24.4118941380078,0
                -56.0219253004683,-24.4112440998566,0
                -56.0211650000104,-24.4108332997742,0
                -56.0208598082243,-24.4114906578544,0
              </coordinates>
            </LinearRing>
          </outerBoundaryIs>
        </Polygon>
      </Placemark>
      <Placemark id="Lote_G.26">
        <ExtendedData>
          <SchemaData schemaUrl="#Lote_G.schema">
            <SimpleData name="Cédula">7262061.00000000000</SimpleData>
            <SimpleData name="Nombres_y_">ARIEL GONZALEZ VERA</SimpleData>
            <SimpleData name="Sexo">Hombre</SimpleData>
            <SimpleData name="Cambio_de_">NO</SimpleData>
            <SimpleData name="Titular_se">NO</SimpleData>
            <SimpleData name="ci_UNIF">7262061.00000000000</SimpleData>
            <SimpleData name="Situación">NO</SimpleData>
            <SimpleData name="Comunidad">Ind?gena</SimpleData>
            <SimpleData name="Modelo_imp">Modelo 3</SimpleData>
            <SimpleData name="Departamen">CANINDEYU</SimpleData>
            <SimpleData name="Distrito">YASY CA?Y</SimpleData>
            <SimpleData name="Localidad">COM INDIG SAN ANTONIO</SimpleData>
            <SimpleData name="Teléfono">0983496414</SimpleData>
            <SimpleData name="Vivienda_L">-24.52972410000</SimpleData>
            <SimpleData name="Vivienda_1">-55.95231760000</SimpleData>
            <SimpleData name="Superficie">1.00000000000</SimpleData>
            <SimpleData name="Situaci_1">Pol?gono</SimpleData>
            <SimpleData name="Plantado">SI</SimpleData>
            <SimpleData name="Fecha_Plan">2025/09/23</SimpleData>
            <SimpleData name="Jornales">0.00000000000</SimpleData>
            <SimpleData name="Monto">0.00000000000</SimpleData>
            <SimpleData name="Grupo_de_p">G-P1-XX-XX-XX</SimpleData>
            <SimpleData name="Estado_del">Activo</SimpleData>
            <SimpleData name="Empresa">Red Forestal Paraguay SA</SimpleData>
            <SimpleData name="Lote">G</SimpleData>
            <SimpleData name="Parametro">0.00000000000</SimpleData>
            <SimpleData name="Sup_SIG">1.03136478412</SimpleData>
            <SimpleData name="X">-55.96844872000</SimpleData>
            <SimpleData name="Y">-24.53577650000</SimpleData>
            <SimpleData name="cedula">7262061</SimpleData>
            <SimpleData name="Cédula_1">7262061.00000000000</SimpleData>
            <SimpleData name="Estado_d_1">Activo</SimpleData>
            <SimpleData name="OBJECTID_1">6975</SimpleData>
            <SimpleData name="Shape_Leng">406.34121373900</SimpleData>
            <SimpleData name="Shape_Area">10313.64784120000</SimpleData>
          </SchemaData>
        </ExtendedData>
        <Polygon>
          <outerBoundaryIs>
            <LinearRing>
              <coordinates>
                -55.9678782995701,-24.5353799996145,0
                -55.9680133001565,-24.5362782999569,0
                -55.9689882991859,-24.5361882996646,0
                -55.9689150003075,-24.535278299965,0
                -55.9678782995701,-24.5353799996145,0
              </coordinates>
            </LinearRing>
          </outerBoundaryIs>
        </Polygon>
      </Placemark>
      <Placemark id="Lote_G.27">
        <ExtendedData>
          <SchemaData schemaUrl="#Lote_G.schema">
            <SimpleData name="Cédula">5957402.00000000000</SimpleData>
            <SimpleData name="Nombres_y_">EDGAR GONZALEZ VERA</SimpleData>
            <SimpleData name="Sexo">Hombre</SimpleData>
            <SimpleData name="Cambio_de_">NO</SimpleData>
            <SimpleData name="Titular_se">NO</SimpleData>
            <SimpleData name="ci_UNIF">5957402.00000000000</SimpleData>
            <SimpleData name="Situación">NO</SimpleData>
            <SimpleData name="Comunidad">Ind?gena</SimpleData>
            <SimpleData name="Modelo_imp">Modelo 1</SimpleData>
            <SimpleData name="Departamen">CANINDEYU</SimpleData>
            <SimpleData name="Distrito">YASY CA?Y</SimpleData>
            <SimpleData name="Localidad"><![CDATA[COM INDIG KA'AGUY POTY KAMBA]]></SimpleData>
            <SimpleData name="Teléfono">0992616503</SimpleData>
            <SimpleData name="Vivienda_L">-24.56306210000</SimpleData>
            <SimpleData name="Vivienda_1">-55.92533050000</SimpleData>
            <SimpleData name="Superficie">0.80000000000</SimpleData>
            <SimpleData name="Situaci_1">Pol?gono</SimpleData>
            <SimpleData name="Plantado">SI</SimpleData>
            <SimpleData name="Fecha_Plan">2025/09/29</SimpleData>
            <SimpleData name="Jornales">0.00000000000</SimpleData>
            <SimpleData name="Monto">0.00000000000</SimpleData>
            <SimpleData name="Grupo_de_p">G-P1-XX-XX-XX</SimpleData>
            <SimpleData name="Estado_del">Activo</SimpleData>
            <SimpleData name="Empresa">Red Forestal Paraguay SA</SimpleData>
            <SimpleData name="Lote">G</SimpleData>
            <SimpleData name="Parametro">0.00000000000</SimpleData>
            <SimpleData name="Sup_SIG">1.00587308686</SimpleData>
            <SimpleData name="X">-55.92627307000</SimpleData>
            <SimpleData name="Y">-24.56266905000</SimpleData>
            <SimpleData name="cedula">5957402</SimpleData>
            <SimpleData name="Cédula_1">5957402.00000000000</SimpleData>
            <SimpleData name="Estado_d_1">Activo</SimpleData>
            <SimpleData name="OBJECTID_1">6984</SimpleData>
            <SimpleData name="Shape_Leng">461.62861857700</SimpleData>
            <SimpleData name="Shape_Area">10058.73086860000</SimpleData>
          </SchemaData>
        </ExtendedData>
        <Polygon>
          <outerBoundaryIs>
            <LinearRing>
              <coordinates>
                -55.9260547777411,-24.5623246425358,0
                -55.9258570214758,-24.5628148231694,0
                -55.9257103007652,-24.5631785004201,0
                -55.9262250004364,-24.56335670017,0
                -55.9263264002159,-24.5631737001848,0
                -55.9265482999669,-24.5632082995883,0
                -55.9267613006123,-24.5627846997535,0
                -55.926506700532,-24.562641600165,0
                -55.9265046999718,-24.5626378996325,0
                -55.9267349999214,-24.5620282992286,0
                -55.9262342003672,-24.561879900122,0
                -55.9260547777411,-24.5623246425358,0
              </coordinates>
            </LinearRing>
          </outerBoundaryIs>
        </Polygon>
      </Placemark>
      <Placemark id="Lote_G.28">
        <ExtendedData>
          <SchemaData schemaUrl="#Lote_G.schema">
            <SimpleData name="Cédula">7254054.00000000000</SimpleData>
            <SimpleData name="Nombres_y_">DIOSNEL CABALLERO IBA?EZ</SimpleData>
            <SimpleData name="Sexo">Hombre</SimpleData>
            <SimpleData name="Cambio_de_">NO</SimpleData>
            <SimpleData name="Titular_se">NO</SimpleData>
            <SimpleData name="ci_UNIF">7254054.00000000000</SimpleData>
            <SimpleData name="Situación">NO</SimpleData>
            <SimpleData name="Comunidad">Ind?gena</SimpleData>
            <SimpleData name="Modelo_imp">Modelo 2</SimpleData>
            <SimpleData name="Departamen">CANINDEYU</SimpleData>
            <SimpleData name="Distrito">YASY CA?Y</SimpleData>
            <SimpleData name="Localidad"><![CDATA[COM INDIG VY'ARENDA]]></SimpleData>
            <SimpleData name="Teléfono">0981932597</SimpleData>
            <SimpleData name="Vivienda_L">-24.54748820000</SimpleData>
            <SimpleData name="Vivienda_1">-55.76756050000</SimpleData>
            <SimpleData name="Superficie">0.80000000000</SimpleData>
            <SimpleData name="Situaci_1">Pol?gono</SimpleData>
            <SimpleData name="Plantado">SI</SimpleData>
            <SimpleData name="Fecha_Plan">2025/10/25</SimpleData>
            <SimpleData name="Jornales">0.00000000000</SimpleData>
            <SimpleData name="Monto">0.00000000000</SimpleData>
            <SimpleData name="Grupo_de_p">G-P1-XX-XX-XX</SimpleData>
            <SimpleData name="Estado_del">Activo</SimpleData>
            <SimpleData name="Empresa">Red Forestal Paraguay SA</SimpleData>
            <SimpleData name="Lote">G</SimpleData>
            <SimpleData name="Parametro">0.00000000000</SimpleData>
            <SimpleData name="Sup_SIG">0.87507797676</SimpleData>
            <SimpleData name="X">-55.75034977000</SimpleData>
            <SimpleData name="Y">-24.55115826000</SimpleData>
            <SimpleData name="cedula">7254054</SimpleData>
            <SimpleData name="Cédula_1">7254054.00000000000</SimpleData>
            <SimpleData name="Estado_d_1">Activo</SimpleData>
            <SimpleData name="OBJECTID_1">7030</SimpleData>
            <SimpleData name="Shape_Leng">426.61886185800</SimpleData>
            <SimpleData name="Shape_Area">8750.77976761000</SimpleData>
          </SchemaData>
        </ExtendedData>
        <Polygon>
          <outerBoundaryIs>
            <LinearRing>
              <coordinates>
                -55.7499316996148,-24.5514332998608,0
                -55.7508732000888,-24.5516700002346,0
                -55.7509482003481,-24.550969699792,0
                -55.7496399999461,-24.5506717002703,0
                -55.7496116996863,-24.5509782996189,0
                -55.7499615998395,-24.551046800815,0
                -55.7499316996148,-24.5514332998608,0
              </coordinates>
            </LinearRing>
          </outerBoundaryIs>
        </Polygon>
      </Placemark>
      <Placemark id="Lote_G.29">
        <ExtendedData>
          <SchemaData schemaUrl="#Lote_G.schema">
            <SimpleData name="Cédula">7138207.00000000000</SimpleData>
            <SimpleData name="Nombres_y_">MARIA DOMINGA AVALOS GALEANO</SimpleData>
            <SimpleData name="Sexo">Mujer</SimpleData>
            <SimpleData name="Cambio_de_">NO</SimpleData>
            <SimpleData name="Titular_se">NO</SimpleData>
            <SimpleData name="ci_UNIF">7138207.00000000000</SimpleData>
            <SimpleData name="Situación">NO</SimpleData>
            <SimpleData name="Comunidad">Campesina</SimpleData>
            <SimpleData name="Modelo_imp">Modelo 5</SimpleData>
            <SimpleData name="Departamen">CANINDEYU</SimpleData>
            <SimpleData name="Distrito">YBY PYTA</SimpleData>
            <SimpleData name="Localidad">GUYRA KEHA - SAN JOSE</SimpleData>
            <SimpleData name="Teléfono">983470399</SimpleData>
            <SimpleData name="Vivienda_L">-24.22113610000</SimpleData>
            <SimpleData name="Vivienda_1">-55.30704110000</SimpleData>
            <SimpleData name="Superficie">0.70000000000</SimpleData>
            <SimpleData name="Situaci_1">Par?metro</SimpleData>
            <SimpleData name="Plantado">SI</SimpleData>
            <SimpleData name="Fecha_Plan">2025/11/29</SimpleData>
            <SimpleData name="Jornales">0.00000000000</SimpleData>
            <SimpleData name="Monto">0.00000000000</SimpleData>
            <SimpleData name="Grupo_de_p">G-P1-XX-XX-XX</SimpleData>
            <SimpleData name="Estado_del">Activo</SimpleData>
            <SimpleData name="Empresa">Red Forestal Paraguay SA</SimpleData>
            <SimpleData name="Lote">G</SimpleData>
            <SimpleData name="Parametro">0.00000000000</SimpleData>
            <SimpleData name="Sup_SIG">0.75058466787</SimpleData>
            <SimpleData name="X">-55.30251412000</SimpleData>
            <SimpleData name="Y">-24.21923175000</SimpleData>
            <SimpleData name="cedula">7138207</SimpleData>
            <SimpleData name="Cédula_1">7138207.00000000000</SimpleData>
            <SimpleData name="Estado_d_1">Activo</SimpleData>
            <SimpleData name="OBJECTID_1">6299</SimpleData>
            <SimpleData name="Shape_Leng">371.00950591600</SimpleData>
            <SimpleData name="Shape_Area">7505.84667866000</SimpleData>
          </SchemaData>
        </ExtendedData>
        <Polygon>
          <outerBoundaryIs>
            <LinearRing>
              <coordinates>
                -55.3018951002965,-24.2195650996411,0
                -55.3026649999553,-24.2196149997021,0
                -55.3032866999638,-24.2189467004464,0
                -55.3021499995832,-24.2188849998807,0
                -55.3018951002965,-24.2195650996411,0
              </coordinates>
            </LinearRing>
          </outerBoundaryIs>
        </Polygon>
      </Placemark>
      <Placemark id="Lote_G.30">
        <ExtendedData>
          <SchemaData schemaUrl="#Lote_G.schema">
            <SimpleData name="Cédula">6079251.00000000000</SimpleData>
            <SimpleData name="Nombres_y_">HECTOR GABRIEL VERA BENITEZ</SimpleData>
            <SimpleData name="Sexo">Hombre</SimpleData>
            <SimpleData name="Cambio_de_">NO</SimpleData>
            <SimpleData name="Titular_se">NO</SimpleData>
            <SimpleData name="ci_UNIF">6079251.00000000000</SimpleData>
            <SimpleData name="Situación">NO</SimpleData>
            <SimpleData name="Comunidad">Ind?gena</SimpleData>
            <SimpleData name="Modelo_imp">Modelo 4</SimpleData>
            <SimpleData name="Departamen">CANINDEYU</SimpleData>
            <SimpleData name="Distrito">YASY CA?Y</SimpleData>
            <SimpleData name="Localidad">COM INDIG JASY POTY</SimpleData>
            <SimpleData name="Teléfono">0981009261</SimpleData>
            <SimpleData name="Vivienda_L">-24.53693100000</SimpleData>
            <SimpleData name="Vivienda_1">-55.95875960000</SimpleData>
            <SimpleData name="Superficie">0.70000000000</SimpleData>
            <SimpleData name="Situaci_1">Pol?gono</SimpleData>
            <SimpleData name="Plantado">SI</SimpleData>
            <SimpleData name="Fecha_Plan">2025/10/30</SimpleData>
            <SimpleData name="Jornales">0.00000000000</SimpleData>
            <SimpleData name="Monto">0.00000000000</SimpleData>
            <SimpleData name="Grupo_de_p">G-P1-XX-XX-XX</SimpleData>
            <SimpleData name="Estado_del">Activo</SimpleData>
            <SimpleData name="Empresa">Red Forestal Paraguay SA</SimpleData>
            <SimpleData name="Lote">G</SimpleData>
            <SimpleData name="Parametro">0.00000000000</SimpleData>
            <SimpleData name="Sup_SIG">0.76460208785</SimpleData>
            <SimpleData name="X">-55.97096318000</SimpleData>
            <SimpleData name="Y">-24.54101002000</SimpleData>
            <SimpleData name="cedula">6079251</SimpleData>
            <SimpleData name="Cédula_1">6079251.00000000000</SimpleData>
            <SimpleData name="Estado_d_1">Activo</SimpleData>
            <SimpleData name="OBJECTID_1">6997</SimpleData>
            <SimpleData name="Shape_Leng">376.79658437000</SimpleData>
            <SimpleData name="Shape_Area">7646.02087849000</SimpleData>
          </SchemaData>
        </ExtendedData>
        <Polygon>
          <outerBoundaryIs>
            <LinearRing>
              <coordinates>
                -55.9707018998824,-24.5414480992346,0
                -55.9709371996548,-24.541540899805,0
                -55.9709495996462,-24.541492099529,0
                -55.9713654999678,-24.5415252000069,0
                -55.971308300088,-24.5407116995099,0
                -55.9707550001589,-24.5403682996891,0
                -55.9704783004007,-24.5411316998918,0
                -55.9707614999171,-24.5412246995175,0
                -55.9707018998824,-24.5414480992346,0
              </coordinates>
            </LinearRing>
          </outerBoundaryIs>
        </Polygon>
      </Placemark>
      <Placemark id="Lote_G.31">
        <ExtendedData>
          <SchemaData schemaUrl="#Lote_G.schema">
            <SimpleData name="Cédula">7140699.00000000000</SimpleData>
            <SimpleData name="Nombres_y_">LILIAN DOMINGA OZUNA GONZALEZ</SimpleData>
            <SimpleData name="Sexo">Mujer</SimpleData>
            <SimpleData name="Cambio_de_">NO</SimpleData>
            <SimpleData name="Titular_se">NO</SimpleData>
            <SimpleData name="ci_UNIF">7140699.00000000000</SimpleData>
            <SimpleData name="Situación">NO</SimpleData>
            <SimpleData name="Comunidad">Campesina</SimpleData>
            <SimpleData name="Modelo_imp">Modelo 4</SimpleData>
            <SimpleData name="Departamen">CANINDEYU</SimpleData>
            <SimpleData name="Distrito">YBY PYTA</SimpleData>
            <SimpleData name="Localidad">GUYRA KEHA - SAN JOSE</SimpleData>
            <SimpleData name="Teléfono">982059576</SimpleData>
            <SimpleData name="Vivienda_L">-24.24266850000</SimpleData>
            <SimpleData name="Vivienda_1">-55.30983120000</SimpleData>
            <SimpleData name="Superficie">0.70000000000</SimpleData>
            <SimpleData name="Situaci_1">Pol?gono</SimpleData>
            <SimpleData name="Plantado">SI</SimpleData>
            <SimpleData name="Fecha_Plan">2025/10/17</SimpleData>
            <SimpleData name="Jornales">0.00000000000</SimpleData>
            <SimpleData name="Monto">0.00000000000</SimpleData>
            <SimpleData name="Grupo_de_p">G-P1-XX-XX-XX</SimpleData>
            <SimpleData name="Estado_del">Activo</SimpleData>
            <SimpleData name="Empresa">Red Forestal Paraguay SA</SimpleData>
            <SimpleData name="Lote">G</SimpleData>
            <SimpleData name="Parametro">0.00000000000</SimpleData>
            <SimpleData name="Sup_SIG">0.70148767367</SimpleData>
            <SimpleData name="X">-55.31045985000</SimpleData>
            <SimpleData name="Y">-24.24276934000</SimpleData>
            <SimpleData name="cedula">7140699</SimpleData>
            <SimpleData name="Cédula_1">7140699.00000000000</SimpleData>
            <SimpleData name="Estado_d_1">Activo</SimpleData>
            <SimpleData name="OBJECTID_1">6290</SimpleData>
            <SimpleData name="Shape_Leng">339.78722748300</SimpleData>
            <SimpleData name="Shape_Area">7014.87673667000</SimpleData>
          </SchemaData>
        </ExtendedData>
        <Polygon>
          <outerBoundaryIs>
            <LinearRing>
              <coordinates>
                -55.3099716996054,-24.2424166995014,0
                -55.3099932005084,-24.2430894997797,0
                -55.3109548994992,-24.2430952000258,0
                -55.3109483002259,-24.242480000099,0
                -55.3099716996054,-24.2424166995014,0
              </coordinates>
            </LinearRing>
          </outerBoundaryIs>
        </Polygon>
      </Placemark>
      <Placemark id="Lote_G.32">
        <ExtendedData>
          <SchemaData schemaUrl="#Lote_G.schema">
            <SimpleData name="Cédula">3769464.00000000000</SimpleData>
            <SimpleData name="Nombres_y_">SIMONA VERA ROMERO</SimpleData>
            <SimpleData name="Sexo">Mujer</SimpleData>
            <SimpleData name="Cambio_de_">NO</SimpleData>
            <SimpleData name="Titular_se">NO</SimpleData>
            <SimpleData name="ci_UNIF">3769464.00000000000</SimpleData>
            <SimpleData name="Situación">NO</SimpleData>
            <SimpleData name="Comunidad">Ind?gena</SimpleData>
            <SimpleData name="Modelo_imp">Modelo 5</SimpleData>
            <SimpleData name="Departamen">CANINDEYU</SimpleData>
            <SimpleData name="Distrito">YASY CA?Y</SimpleData>
            <SimpleData name="Localidad">COM INDIG  TAKUA MIRI</SimpleData>
            <SimpleData name="Teléfono">0982064457</SimpleData>
            <SimpleData name="Vivienda_L">-24.41154880000</SimpleData>
            <SimpleData name="Vivienda_1">-56.00461150000</SimpleData>
            <SimpleData name="Superficie">0.70000000000</SimpleData>
            <SimpleData name="Situaci_1">Pol?gono</SimpleData>
            <SimpleData name="Plantado">SI</SimpleData>
            <SimpleData name="Fecha_Plan">2025/11/14</SimpleData>
            <SimpleData name="Jornales">0.00000000000</SimpleData>
            <SimpleData name="Monto">0.00000000000</SimpleData>
            <SimpleData name="Grupo_de_p">G-P1-XX-XX-XX</SimpleData>
            <SimpleData name="Estado_del">Activo</SimpleData>
            <SimpleData name="Empresa">Red Forestal Paraguay SA</SimpleData>
            <SimpleData name="Lote">G</SimpleData>
            <SimpleData name="Parametro">0.00000000000</SimpleData>
            <SimpleData name="Sup_SIG">0.78990902447</SimpleData>
            <SimpleData name="X">-56.02157046000</SimpleData>
            <SimpleData name="Y">-24.41195640000</SimpleData>
            <SimpleData name="cedula">3769464</SimpleData>
            <SimpleData name="Cédula_1">3769464.00000000000</SimpleData>
            <SimpleData name="Estado_d_1">Activo</SimpleData>
            <SimpleData name="OBJECTID_1">5259</SimpleData>
            <SimpleData name="Shape_Leng">702.66068680500</SimpleData>
            <SimpleData name="Shape_Area">7899.09024467000</SimpleData>
          </SchemaData>
        </ExtendedData>
        <Polygon>
          <outerBoundaryIs>
            <LinearRing>
              <coordinates>
                -56.0216678785901,-24.4118941380078,0
                -56.0208598082243,-24.4114906578544,0
                -56.0207182997998,-24.4114200002931,0
                -56.0206339997655,-24.411553699657,0
                -56.0216049995953,-24.4120862998894,0
                -56.021595800367,-24.4138942001585,0
                -56.0218419000128,-24.4139072996439,0
                -56.0218833000596,-24.4120017003445,0
                -56.0216678785901,-24.4118941380078,0
              </coordinates>
            </LinearRing>
          </outerBoundaryIs>
        </Polygon>
      </Placemark>
      <Placemark id="Lote_G.33">
        <ExtendedData>
          <SchemaData schemaUrl="#Lote_G.schema">
            <SimpleData name="Cédula">4533693.00000000000</SimpleData>
            <SimpleData name="Nombres_y_">BENILDA MARIANA GONZALEZ</SimpleData>
            <SimpleData name="Sexo">Mujer</SimpleData>
            <SimpleData name="Cambio_de_">NO</SimpleData>
            <SimpleData name="Titular_se">NO</SimpleData>
            <SimpleData name="ci_UNIF">4533693.00000000000</SimpleData>
            <SimpleData name="Situación">NO</SimpleData>
            <SimpleData name="Comunidad">Ind?gena</SimpleData>
            <SimpleData name="Modelo_imp">Modelo 3</SimpleData>
            <SimpleData name="Departamen">CANINDEYU</SimpleData>
            <SimpleData name="Distrito">YASY CA?Y</SimpleData>
            <SimpleData name="Localidad">COM INDIG SAN ANTONIO</SimpleData>
            <SimpleData name="Teléfono">0986639547</SimpleData>
            <SimpleData name="Vivienda_L">-24.53050030000</SimpleData>
            <SimpleData name="Vivienda_1">-55.95988250000</SimpleData>
            <SimpleData name="Superficie">1.00000000000</SimpleData>
            <SimpleData name="Situaci_1">Pol?gono</SimpleData>
            <SimpleData name="Plantado">SI</SimpleData>
            <SimpleData name="Fecha_Plan">2025/11/07</SimpleData>
            <SimpleData name="Jornales">0.00000000000</SimpleData>
            <SimpleData name="Monto">0.00000000000</SimpleData>
            <SimpleData name="Grupo_de_p">G-P1-XX-XX-XX</SimpleData>
            <SimpleData name="Estado_del">Activo</SimpleData>
            <SimpleData name="Empresa">Red Forestal Paraguay SA</SimpleData>
            <SimpleData name="Lote">G</SimpleData>
            <SimpleData name="Parametro">0.00000000000</SimpleData>
            <SimpleData name="Sup_SIG">1.01525665568</SimpleData>
            <SimpleData name="X">-55.96723190000</SimpleData>
            <SimpleData name="Y">-24.53494715000</SimpleData>
            <SimpleData name="cedula">4533693</SimpleData>
            <SimpleData name="Cédula_1">4533693.00000000000</SimpleData>
            <SimpleData name="Estado_d_1">Activo</SimpleData>
            <SimpleData name="OBJECTID_1">6974</SimpleData>
            <SimpleData name="Shape_Leng">404.88443790400</SimpleData>
            <SimpleData name="Shape_Area">10152.56655680000</SimpleData>
          </SchemaData>
        </ExtendedData>
        <Polygon>
          <outerBoundaryIs>
            <LinearRing>
              <coordinates>
                -55.9666187005129,-24.5346620996942,0
                -55.9667636993505,-24.5354090005454,0
                -55.9678283000627,-24.5353316999714,0
                -55.9676383002625,-24.534396699727,0
                -55.9666187005129,-24.5346620996942,0
              </coordinates>
            </LinearRing>
          </outerBoundaryIs>
        </Polygon>
      </Placemark>
      <Placemark id="Lote_G.34">
        <ExtendedData>
          <SchemaData schemaUrl="#Lote_G.schema">
            <SimpleData name="Cédula">5470957.00000000000</SimpleData>
            <SimpleData name="Nombres_y_">ROBERTO GARCETE LOPEZ</SimpleData>
            <SimpleData name="Sexo">Hombre</SimpleData>
            <SimpleData name="Cambio_de_">NO</SimpleData>
            <SimpleData name="Titular_se">NO</SimpleData>
            <SimpleData name="ci_UNIF">5470957.00000000000</SimpleData>
            <SimpleData name="Situación">NO</SimpleData>
            <SimpleData name="Comunidad">Ind?gena</SimpleData>
            <SimpleData name="Modelo_imp">Modelo 2</SimpleData>
            <SimpleData name="Departamen">CANINDEYU</SimpleData>
            <SimpleData name="Distrito">YBY PYTA</SimpleData>
            <SimpleData name="Localidad">COM INDIG TEKOHA POTY PYAHU</SimpleData>
            <SimpleData name="Teléfono">0986314137</SimpleData>
            <SimpleData name="Vivienda_L">-24.25407330000</SimpleData>
            <SimpleData name="Vivienda_1">-55.21173200000</SimpleData>
            <SimpleData name="Superficie">0.80000000000</SimpleData>
            <SimpleData name="Situaci_1">Pol?gono</SimpleData>
            <SimpleData name="Plantado">SI</SimpleData>
            <SimpleData name="Fecha_Plan">2025/11/29</SimpleData>
            <SimpleData name="Jornales">0.00000000000</SimpleData>
            <SimpleData name="Monto">0.00000000000</SimpleData>
            <SimpleData name="Grupo_de_p">G-P1-XX-XX-XX</SimpleData>
            <SimpleData name="Estado_del">Activo</SimpleData>
            <SimpleData name="Empresa">Red Forestal Paraguay SA</SimpleData>
            <SimpleData name="Lote">G</SimpleData>
            <SimpleData name="Parametro">0.00000000000</SimpleData>
            <SimpleData name="Sup_SIG">0.80661087311</SimpleData>
            <SimpleData name="X">-55.20456903000</SimpleData>
            <SimpleData name="Y">-24.25288600000</SimpleData>
            <SimpleData name="cedula">5470957</SimpleData>
            <SimpleData name="Cédula_1">5470957.00000000000</SimpleData>
            <SimpleData name="Estado_d_1">Activo</SimpleData>
            <SimpleData name="OBJECTID_1">5295</SimpleData>
            <SimpleData name="Shape_Leng">377.86464481400</SimpleData>
            <SimpleData name="Shape_Area">8066.10873113000</SimpleData>
          </SchemaData>
        </ExtendedData>
        <Polygon>
          <outerBoundaryIs>
            <LinearRing>
              <coordinates>
                -55.203973599806,-24.2527039993489,0
                -55.2040263996338,-24.2533306000456,0
                -55.205310000851,-24.252994999304,0
                -55.2049567003013,-24.2524600002741,0
                -55.203973599806,-24.2527039993489,0
              </coordinates>
            </LinearRing>
          </outerBoundaryIs>
        </Polygon>
      </Placemark>
      <Placemark id="Lote_G.35">
        <ExtendedData>
          <SchemaData schemaUrl="#Lote_G.schema">
            <SimpleData name="Cédula">5138308.00000000000</SimpleData>
            <SimpleData name="Nombres_y_">BASILIZA BARRETO</SimpleData>
            <SimpleData name="Sexo">Mujer</SimpleData>
            <SimpleData name="Cambio_de_">NO</SimpleData>
            <SimpleData name="Titular_se">NO</SimpleData>
            <SimpleData name="ci_UNIF">5138308.00000000000</SimpleData>
            <SimpleData name="Situación">NO</SimpleData>
            <SimpleData name="Comunidad">Ind?gena</SimpleData>
            <SimpleData name="Modelo_imp">Modelo 1</SimpleData>
            <SimpleData name="Departamen">CANINDEYU</SimpleData>
            <SimpleData name="Distrito">YASY CA?Y</SimpleData>
            <SimpleData name="Localidad"><![CDATA[COM INDIG VY'ARENDA]]></SimpleData>
            <SimpleData name="Teléfono">0984952383</SimpleData>
            <SimpleData name="Vivienda_L">-24.54732540000</SimpleData>
            <SimpleData name="Vivienda_1">-55.76690910000</SimpleData>
            <SimpleData name="Superficie">0.80000000000</SimpleData>
            <SimpleData name="Situaci_1">Pol?gono</SimpleData>
            <SimpleData name="Plantado">SI</SimpleData>
            <SimpleData name="Fecha_Plan">2025/10/21</SimpleData>
            <SimpleData name="Jornales">0.00000000000</SimpleData>
            <SimpleData name="Monto">0.00000000000</SimpleData>
            <SimpleData name="Grupo_de_p">G-P1-XX-XX-XX</SimpleData>
            <SimpleData name="Estado_del">Activo</SimpleData>
            <SimpleData name="Empresa">Red Forestal Paraguay SA</SimpleData>
            <SimpleData name="Lote">G</SimpleData>
            <SimpleData name="Parametro">0.00000000000</SimpleData>
            <SimpleData name="Sup_SIG">0.92482879294</SimpleData>
            <SimpleData name="X">-55.75012092000</SimpleData>
            <SimpleData name="Y">-24.54947058000</SimpleData>
            <SimpleData name="cedula">5138308</SimpleData>
            <SimpleData name="Cédula_1">5138308.00000000000</SimpleData>
            <SimpleData name="Estado_d_1">Activo</SimpleData>
            <SimpleData name="OBJECTID_1">5267</SimpleData>
            <SimpleData name="Shape_Leng">404.04995743300</SimpleData>
            <SimpleData name="Shape_Area">9248.28792941000</SimpleData>
          </SchemaData>
        </ExtendedData>
        <Polygon>
          <outerBoundaryIs>
            <LinearRing>
              <coordinates>
                -55.7496176723478,-24.5500514073771,0
                -55.7496163998502,-24.5500510003953,0
                -55.750651462109,-24.5496689732604,0
                -55.750620000169,-24.5488716998525,0
                -55.7496161000761,-24.5492672003203,0
                -55.7495849993898,-24.5500633000555,0
                -55.7496176723478,-24.5500514073771,0
              </coordinates>
            </LinearRing>
          </outerBoundaryIs>
        </Polygon>
      </Placemark>
      <Placemark id="Lote_G.36">
        <ExtendedData>
          <SchemaData schemaUrl="#Lote_G.schema">
            <SimpleData name="Cédula">6869718.00000000000</SimpleData>
            <SimpleData name="Nombres_y_">ESTEBAN GONZALEZ VERA</SimpleData>
            <SimpleData name="Sexo">Hombre</SimpleData>
            <SimpleData name="Cambio_de_">NO</SimpleData>
            <SimpleData name="Titular_se">NO</SimpleData>
            <SimpleData name="ci_UNIF">6869718.00000000000</SimpleData>
            <SimpleData name="Situación">NO</SimpleData>
            <SimpleData name="Comunidad">Ind?gena</SimpleData>
            <SimpleData name="Modelo_imp">Modelo 4</SimpleData>
            <SimpleData name="Departamen">CANINDEYU</SimpleData>
            <SimpleData name="Distrito">YASY CA?Y</SimpleData>
            <SimpleData name="Localidad"><![CDATA[COM INDIG KA'AGUY POTY KAMBA]]></SimpleData>
            <SimpleData name="Teléfono">0986648965</SimpleData>
            <SimpleData name="Vivienda_L">-24.56240710000</SimpleData>
            <SimpleData name="Vivienda_1">-55.92215450000</SimpleData>
            <SimpleData name="Superficie">0.70000000000</SimpleData>
            <SimpleData name="Situaci_1">Pol?gono</SimpleData>
            <SimpleData name="Plantado">SI</SimpleData>
            <SimpleData name="Fecha_Plan">2025/09/26</SimpleData>
            <SimpleData name="Jornales">0.00000000000</SimpleData>
            <SimpleData name="Monto">0.00000000000</SimpleData>
            <SimpleData name="Grupo_de_p">G-P1-XX-XX-XX</SimpleData>
            <SimpleData name="Estado_del">Activo</SimpleData>
            <SimpleData name="Empresa">Red Forestal Paraguay SA</SimpleData>
            <SimpleData name="Lote">G</SimpleData>
            <SimpleData name="Parametro">0.00000000000</SimpleData>
            <SimpleData name="Sup_SIG">0.71026548633</SimpleData>
            <SimpleData name="X">-55.92225793000</SimpleData>
            <SimpleData name="Y">-24.56074379000</SimpleData>
            <SimpleData name="cedula">6869718</SimpleData>
            <SimpleData name="Cédula_1">6869718.00000000000</SimpleData>
            <SimpleData name="Estado_d_1">Activo</SimpleData>
            <SimpleData name="OBJECTID_1">7005</SimpleData>
            <SimpleData name="Shape_Leng">337.70022977100</SimpleData>
            <SimpleData name="Shape_Area">7102.65486332000</SimpleData>
          </SchemaData>
        </ExtendedData>
        <Polygon>
          <outerBoundaryIs>
            <LinearRing>
              <coordinates>
                -55.9216916997608,-24.560900000342,0
                -55.9223533004364,-24.5612500004939,0
                -55.9228599000779,-24.5606373004513,0
                -55.922110500247,-24.5602203992357,0
                -55.9216916997608,-24.560900000342,0
              </coordinates>
            </LinearRing>
          </outerBoundaryIs>
        </Polygon>
      </Placemark>
      <Placemark id="Lote_G.37">
        <ExtendedData>
          <SchemaData schemaUrl="#Lote_G.schema">
            <SimpleData name="Cédula">7396877.00000000000</SimpleData>
            <SimpleData name="Nombres_y_">MARIBEL  CABALLERO GONZALEZ</SimpleData>
            <SimpleData name="Sexo">Mujer</SimpleData>
            <SimpleData name="Cambio_de_">NO</SimpleData>
            <SimpleData name="Titular_se">NO</SimpleData>
            <SimpleData name="ci_UNIF">7396877.00000000000</SimpleData>
            <SimpleData name="Situación">NO</SimpleData>
            <SimpleData name="Comunidad">Campesina</SimpleData>
            <SimpleData name="Modelo_imp">Modelo 5</SimpleData>
            <SimpleData name="Departamen">CANINDEYU</SimpleData>
            <SimpleData name="Distrito">YBY PYTA</SimpleData>
            <SimpleData name="Localidad">BRITEZ KUE 4 DE OCTUBRE</SimpleData>
            <SimpleData name="Teléfono">984527962</SimpleData>
            <SimpleData name="Vivienda_L">-24.29597830000</SimpleData>
            <SimpleData name="Vivienda_1">-55.26941830000</SimpleData>
            <SimpleData name="Superficie">0.70000000000</SimpleData>
            <SimpleData name="Situaci_1">Pol?gono</SimpleData>
            <SimpleData name="Plantado">SI</SimpleData>
            <SimpleData name="Fecha_Plan">2025/10/15</SimpleData>
            <SimpleData name="Jornales">0.00000000000</SimpleData>
            <SimpleData name="Monto">0.00000000000</SimpleData>
            <SimpleData name="Grupo_de_p">G-P1-XX-XX-XX</SimpleData>
            <SimpleData name="Estado_del">Activo</SimpleData>
            <SimpleData name="Empresa">Red Forestal Paraguay SA</SimpleData>
            <SimpleData name="Lote">G</SimpleData>
            <SimpleData name="Parametro">0.00000000000</SimpleData>
            <SimpleData name="Sup_SIG">0.71369206061</SimpleData>
            <SimpleData name="X">-55.28447881000</SimpleData>
            <SimpleData name="Y">-24.24137175000</SimpleData>
            <SimpleData name="cedula">7396877</SimpleData>
            <SimpleData name="Cédula_1">7396877.00000000000</SimpleData>
            <SimpleData name="Estado_d_1">Activo</SimpleData>
            <SimpleData name="OBJECTID_1">6313</SimpleData>
            <SimpleData name="Shape_Leng">356.05167901400</SimpleData>
            <SimpleData name="Shape_Area">7136.92060606000</SimpleData>
          </SchemaData>
        </ExtendedData>
        <Polygon>
          <outerBoundaryIs>
            <LinearRing>
              <coordinates>
                -55.2848217667315,-24.241660184733,0
                -55.2850167003787,-24.241666700007,0
                -55.2850171665489,-24.241661602803,0
                -55.2850697999661,-24.2410870999269,0
                -55.2839233003151,-24.2411033002472,0
                -55.2838678005513,-24.2416283004413,0
                -55.2848217667315,-24.241660184733,0
              </coordinates>
            </LinearRing>
          </outerBoundaryIs>
        </Polygon>
      </Placemark>
      <Placemark id="Lote_G.38">
        <ExtendedData>
          <SchemaData schemaUrl="#Lote_G.schema">
            <SimpleData name="Cédula">5885661.00000000000</SimpleData>
            <SimpleData name="Nombres_y_">ASUNCIONA ACOSTA CABALLERO</SimpleData>
            <SimpleData name="Sexo">Mujer</SimpleData>
            <SimpleData name="Cambio_de_">SI</SimpleData>
            <SimpleData name="Titular_se">MARIA MARTA CABALLERO GONZALEZ</SimpleData>
            <SimpleData name="Cédula_Ti">7202754</SimpleData>
            <SimpleData name="ci_UNIF">7202754.00000000000</SimpleData>
            <SimpleData name="Situación">Migraci?n</SimpleData>
            <SimpleData name="Comunidad">Ind?gena</SimpleData>
            <SimpleData name="Modelo_imp">Modelo 1</SimpleData>
            <SimpleData name="Departamen">CANINDEYU</SimpleData>
            <SimpleData name="Distrito">YBY PYTA</SimpleData>
            <SimpleData name="Localidad">COM INDIG YRYAPU</SimpleData>
            <SimpleData name="Teléfono">0985564141</SimpleData>
            <SimpleData name="Vivienda_L">-24.31618060000</SimpleData>
            <SimpleData name="Vivienda_1">-55.31825120000</SimpleData>
            <SimpleData name="Superficie">0.80000000000</SimpleData>
            <SimpleData name="Situaci_1">Pol?gono</SimpleData>
            <SimpleData name="Plantado">SI</SimpleData>
            <SimpleData name="Fecha_Plan">2025/11/29</SimpleData>
            <SimpleData name="Jornales">0.00000000000</SimpleData>
            <SimpleData name="Monto">0.00000000000</SimpleData>
            <SimpleData name="Grupo_de_p">G-P1-XX-XX-XX</SimpleData>
            <SimpleData name="Estado_del">Activo</SimpleData>
            <SimpleData name="Empresa">Red Forestal Paraguay SA</SimpleData>
            <SimpleData name="Lote">G</SimpleData>
            <SimpleData name="Parametro">0.00000000000</SimpleData>
            <SimpleData name="Sup_SIG">0.80806767158</SimpleData>
            <SimpleData name="X">-55.31880311000</SimpleData>
            <SimpleData name="Y">-24.31907910000</SimpleData>
            <SimpleData name="cedula">5885661</SimpleData>
            <SimpleData name="Cédula_1">5885661.00000000000</SimpleData>
            <SimpleData name="Estado_d_1">Activo</SimpleData>
            <SimpleData name="OBJECTID_1">7842</SimpleData>
            <SimpleData name="Shape_Leng">377.71880712300</SimpleData>
            <SimpleData name="Shape_Area">8080.67671582000</SimpleData>
          </SchemaData>
        </ExtendedData>
        <Polygon>
          <outerBoundaryIs>
            <LinearRing>
              <coordinates>
                -55.3182735997286,-24.3191705003069,0
                -55.3187875000807,-24.3195352001831,0
                -55.3190163998539,-24.3194937003331,0
                -55.3191272006586,-24.3193711001703,0
                -55.3195866005752,-24.3193428001765,0
                -55.3195983005938,-24.319256699648,0
                -55.3192184003714,-24.3190381993646,0
                -55.3188350002043,-24.3186500002197,0
                -55.3184128999837,-24.3185965001968,0
                -55.3183182997859,-24.3187082996864,0
                -55.3182683001244,-24.3189583003754,0
                -55.3182735997286,-24.3191705003069,0
              </coordinates>
            </LinearRing>
          </outerBoundaryIs>
        </Polygon>
      </Placemark>
      <Placemark id="Lote_G.39">
        <ExtendedData>
          <SchemaData schemaUrl="#Lote_G.schema">
            <SimpleData name="Cédula">5465350.00000000000</SimpleData>
            <SimpleData name="Nombres_y_">YSMAEL  GOMEZ</SimpleData>
            <SimpleData name="Sexo">Hombre</SimpleData>
            <SimpleData name="Cambio_de_">NO</SimpleData>
            <SimpleData name="Titular_se">NO</SimpleData>
            <SimpleData name="ci_UNIF">5465350.00000000000</SimpleData>
            <SimpleData name="Situación">NO</SimpleData>
            <SimpleData name="Comunidad">Campesina</SimpleData>
            <SimpleData name="Modelo_imp">Modelo 1</SimpleData>
            <SimpleData name="Departamen">CANINDEYU</SimpleData>
            <SimpleData name="Distrito">YBY PYTA</SimpleData>
            <SimpleData name="Localidad">GUYRA KEHA - SAN JOSE</SimpleData>
            <SimpleData name="Teléfono">983145159</SimpleData>
            <SimpleData name="Vivienda_L">-24.24599530000</SimpleData>
            <SimpleData name="Vivienda_1">-55.29092120000</SimpleData>
            <SimpleData name="Superficie">0.80000000000</SimpleData>
            <SimpleData name="Situaci_1">Par?metro</SimpleData>
            <SimpleData name="Plantado">SI</SimpleData>
            <SimpleData name="Fecha_Plan">2025/11/29</SimpleData>
            <SimpleData name="Jornales">0.00000000000</SimpleData>
            <SimpleData name="Monto">0.00000000000</SimpleData>
            <SimpleData name="Grupo_de_p">G-P1-XX-XX-XX</SimpleData>
            <SimpleData name="Estado_del">Activo</SimpleData>
            <SimpleData name="Empresa">Red Forestal Paraguay SA</SimpleData>
            <SimpleData name="Lote">G</SimpleData>
            <SimpleData name="Parametro">0.00000000000</SimpleData>
            <SimpleData name="Sup_SIG">0.90546048882</SimpleData>
            <SimpleData name="X">-55.29850400000</SimpleData>
            <SimpleData name="Y">-24.23073460000</SimpleData>
            <SimpleData name="cedula">5465350</SimpleData>
            <SimpleData name="Cédula_1">5465350.00000000000</SimpleData>
            <SimpleData name="Estado_d_1">Activo</SimpleData>
            <SimpleData name="OBJECTID_1">7367</SimpleData>
            <SimpleData name="Shape_Leng">382.20221496600</SimpleData>
            <SimpleData name="Shape_Area">9054.60488817000</SimpleData>
          </SchemaData>
        </ExtendedData>
        <Polygon>
          <outerBoundaryIs>
            <LinearRing>
              <coordinates>
                -55.2980277003382,-24.2311698997146,0
                -55.2989249999651,-24.2312200002846,0
                -55.2989433004352,-24.2302883001587,0
                -55.2981251996075,-24.2302319000467,0
                -55.2980277003382,-24.2311698997146,0
              </coordinates>
            </LinearRing>
          </outerBoundaryIs>
        </Polygon>
      </Placemark>
      <Placemark id="Lote_G.40">
        <ExtendedData>
          <SchemaData schemaUrl="#Lote_G.schema">
            <SimpleData name="Cédula">5957530.00000000000</SimpleData>
            <SimpleData name="Nombres_y_">MAGDALENA GONZALEZ VERA</SimpleData>
            <SimpleData name="Sexo">Mujer</SimpleData>
            <SimpleData name="Cambio_de_">NO</SimpleData>
            <SimpleData name="Titular_se">NO</SimpleData>
            <SimpleData name="ci_UNIF">5957530.00000000000</SimpleData>
            <SimpleData name="Situación">NO</SimpleData>
            <SimpleData name="Comunidad">Ind?gena</SimpleData>
            <SimpleData name="Modelo_imp">Modelo 3</SimpleData>
            <SimpleData name="Departamen">CANINDEYU</SimpleData>
            <SimpleData name="Distrito">YASY CA?Y</SimpleData>
            <SimpleData name="Localidad">COM INDIG SAN ANTONIO</SimpleData>
            <SimpleData name="Teléfono">983496414</SimpleData>
            <SimpleData name="Vivienda_L">-24.52906210000</SimpleData>
            <SimpleData name="Vivienda_1">-55.95134280000</SimpleData>
            <SimpleData name="Superficie">1.00000000000</SimpleData>
            <SimpleData name="Situaci_1">Pol?gono</SimpleData>
            <SimpleData name="Plantado">SI</SimpleData>
            <SimpleData name="Fecha_Plan">2025/11/07</SimpleData>
            <SimpleData name="Jornales">0.00000000000</SimpleData>
            <SimpleData name="Monto">0.00000000000</SimpleData>
            <SimpleData name="Grupo_de_p">G-P1-XX-XX-XX</SimpleData>
            <SimpleData name="Estado_del">Activo</SimpleData>
            <SimpleData name="Empresa">Red Forestal Paraguay SA</SimpleData>
            <SimpleData name="Lote">G</SimpleData>
            <SimpleData name="Parametro">0.00000000000</SimpleData>
            <SimpleData name="Sup_SIG">1.15903522970</SimpleData>
            <SimpleData name="X">-55.96744513000</SimpleData>
            <SimpleData name="Y">-24.53687828000</SimpleData>
            <SimpleData name="cedula">5957530</SimpleData>
            <SimpleData name="Cédula_1">5957530.00000000000</SimpleData>
            <SimpleData name="Estado_d_1">Activo</SimpleData>
            <SimpleData name="OBJECTID_1">7349</SimpleData>
            <SimpleData name="Shape_Leng">429.59465256200</SimpleData>
            <SimpleData name="Shape_Area">11590.35229700000</SimpleData>
          </SchemaData>
        </ExtendedData>
        <Polygon>
          <outerBoundaryIs>
            <LinearRing>
              <coordinates>
                -55.9668395942899,-24.537363807169,0
                -55.9669885191046,-24.5373754330024,0
                -55.9680351005073,-24.5372632994558,0
                -55.9680464996833,-24.5372462995334,0
                -55.9679850000597,-24.5363849998062,0
                -55.9669361994236,-24.5364328999172,0
                -55.9668395942899,-24.537363807169,0
              </coordinates>
            </LinearRing>
          </outerBoundaryIs>
        </Polygon>
      </Placemark>
      <Placemark id="Lote_G.41">
        <ExtendedData>
          <SchemaData schemaUrl="#Lote_G.schema">
            <SimpleData name="Cédula">5948142.00000000000</SimpleData>
            <SimpleData name="Nombres_y_">RAMONA BOGADO BAEZ</SimpleData>
            <SimpleData name="Sexo">Mujer</SimpleData>
            <SimpleData name="Cambio_de_">NO</SimpleData>
            <SimpleData name="Titular_se">NO</SimpleData>
            <SimpleData name="ci_UNIF">5948142.00000000000</SimpleData>
            <SimpleData name="Situación">NO</SimpleData>
            <SimpleData name="Comunidad">Campesina</SimpleData>
            <SimpleData name="Modelo_imp">Modelo 4</SimpleData>
            <SimpleData name="Departamen">CANINDEYU</SimpleData>
            <SimpleData name="Distrito">YBY PYTA</SimpleData>
            <SimpleData name="Localidad">BRITEZ KUE MARIA AUXILIADORA</SimpleData>
            <SimpleData name="Teléfono">0987345511</SimpleData>
            <SimpleData name="Vivienda_L">-24.31047790000</SimpleData>
            <SimpleData name="Vivienda_1">-55.29710580000</SimpleData>
            <SimpleData name="Superficie">0.70000000000</SimpleData>
            <SimpleData name="Situaci_1">Par?metro</SimpleData>
            <SimpleData name="Plantado">SI</SimpleData>
            <SimpleData name="Fecha_Plan">2026/01/22</SimpleData>
            <SimpleData name="Jornales">0.00000000000</SimpleData>
            <SimpleData name="Monto">0.00000000000</SimpleData>
            <SimpleData name="Grupo_de_p">G-P2-XX-XX-XX</SimpleData>
            <SimpleData name="Estado_del">Activo</SimpleData>
            <SimpleData name="Empresa">Red Forestal Paraguay SA</SimpleData>
            <SimpleData name="Lote">G</SimpleData>
            <SimpleData name="Parametro">0.00000000000</SimpleData>
            <SimpleData name="Sup_SIG">0.71712779538</SimpleData>
            <SimpleData name="X">-55.30833881000</SimpleData>
            <SimpleData name="Y">-24.32350413000</SimpleData>
            <SimpleData name="cedula">5948142</SimpleData>
            <SimpleData name="Cédula_1">5948142.00000000000</SimpleData>
            <SimpleData name="Estado_d_1">Activo</SimpleData>
            <SimpleData name="OBJECTID_1">7090</SimpleData>
            <SimpleData name="Shape_Leng">384.02947588200</SimpleData>
            <SimpleData name="Shape_Area">7171.27795380000</SimpleData>
          </SchemaData>
        </ExtendedData>
        <Polygon>
          <outerBoundaryIs>
            <LinearRing>
              <coordinates>
                -55.3081876003173,-24.3228844998607,0
                -55.3079749998142,-24.3241516996221,0
                -55.3084732999697,-24.3241167004454,0
                -55.3087198003445,-24.3228981002689,0
                -55.3081876003173,-24.3228844998607,0
              </coordinates>
            </LinearRing>
          </outerBoundaryIs>
        </Polygon>
      </Placemark>
      <Placemark id="Lote_G.42">
        <ExtendedData>
          <SchemaData schemaUrl="#Lote_G.schema">
            <SimpleData name="Cédula">2513722.00000000000</SimpleData>
            <SimpleData name="Nombres_y_">AURELIANO LOPEZ DUARTE</SimpleData>
            <SimpleData name="Sexo">Hombre</SimpleData>
            <SimpleData name="Cambio_de_">NO</SimpleData>
            <SimpleData name="Titular_se">NO</SimpleData>
            <SimpleData name="ci_UNIF">2513722.00000000000</SimpleData>
            <SimpleData name="Situación">NO</SimpleData>
            <SimpleData name="Comunidad">Ind?gena</SimpleData>
            <SimpleData name="Modelo_imp">Modelo 3</SimpleData>
            <SimpleData name="Departamen">CANINDEYU</SimpleData>
            <SimpleData name="Distrito">YBY PYTA</SimpleData>
            <SimpleData name="Localidad">COM INDIG SAN JUAN</SimpleData>
            <SimpleData name="Teléfono">0983377593</SimpleData>
            <SimpleData name="Vivienda_L">-24.23531370000</SimpleData>
            <SimpleData name="Vivienda_1">-55.18729990000</SimpleData>
            <SimpleData name="Superficie">1.00000000000</SimpleData>
            <SimpleData name="Situaci_1">Par?metro</SimpleData>
            <SimpleData name="Plantado">SI</SimpleData>
            <SimpleData name="Fecha_Plan">2025/12/09</SimpleData>
            <SimpleData name="Jornales">0.00000000000</SimpleData>
            <SimpleData name="Monto">0.00000000000</SimpleData>
            <SimpleData name="Grupo_de_p">G-P1-XX-XX-XX</SimpleData>
            <SimpleData name="Estado_del">Activo</SimpleData>
            <SimpleData name="Empresa">Red Forestal Paraguay SA</SimpleData>
            <SimpleData name="Lote">G</SimpleData>
            <SimpleData name="Parametro">0.00000000000</SimpleData>
            <SimpleData name="Sup_SIG">1.05973592605</SimpleData>
            <SimpleData name="X">-55.18653350000</SimpleData>
            <SimpleData name="Y">-24.23643633000</SimpleData>
            <SimpleData name="cedula">2513722</SimpleData>
            <SimpleData name="Cédula_1">2513722.00000000000</SimpleData>
            <SimpleData name="Estado_d_1">Activo</SimpleData>
            <SimpleData name="OBJECTID_1">5307</SimpleData>
            <SimpleData name="Shape_Leng">412.25832478800</SimpleData>
            <SimpleData name="Shape_Area">10597.35926050000</SimpleData>
          </SchemaData>
        </ExtendedData>
        <Polygon>
          <outerBoundaryIs>
            <LinearRing>
              <coordinates>
                -55.1859350001208,-24.2367950001372,0
                -55.1870025004499,-24.2369676998016,0
                -55.1870817003906,-24.2360467004394,0
                -55.1861132995473,-24.2359050003585,0
                -55.1859350001208,-24.2367950001372,0
              </coordinates>
            </LinearRing>
          </outerBoundaryIs>
        </Polygon>
      </Placemark>
      <Placemark id="Lote_G.43">
        <ExtendedData>
          <SchemaData schemaUrl="#Lote_G.schema">
            <SimpleData name="Cédula">1406340.00000000000</SimpleData>
            <SimpleData name="Nombres_y_">INOCENCIO RODRIGUEZ</SimpleData>
            <SimpleData name="Sexo">Hombre</SimpleData>
            <SimpleData name="Cambio_de_">NO</SimpleData>
            <SimpleData name="Titular_se">NO</SimpleData>
            <SimpleData name="ci_UNIF">1406340.00000000000</SimpleData>
            <SimpleData name="Situación">NO</SimpleData>
            <SimpleData name="Comunidad">Campesina</SimpleData>
            <SimpleData name="Modelo_imp">Modelo 1</SimpleData>
            <SimpleData name="Departamen">CANINDEYU</SimpleData>
            <SimpleData name="Distrito">YASY CA?Y</SimpleData>
            <SimpleData name="Localidad">TAPIA</SimpleData>
            <SimpleData name="Teléfono">0982998911</SimpleData>
            <SimpleData name="Vivienda_L">-24.62182300000</SimpleData>
            <SimpleData name="Vivienda_1">-55.88525230000</SimpleData>
            <SimpleData name="Superficie">0.80000000000</SimpleData>
            <SimpleData name="Situaci_1">Pol?gono</SimpleData>
            <SimpleData name="Plantado">SI</SimpleData>
            <SimpleData name="Fecha_Plan">2025/11/06</SimpleData>
            <SimpleData name="Jornales">0.00000000000</SimpleData>
            <SimpleData name="Monto">0.00000000000</SimpleData>
            <SimpleData name="Grupo_de_p">G-P1-XX-XX-XX</SimpleData>
            <SimpleData name="Estado_del">Activo</SimpleData>
            <SimpleData name="Empresa">Red Forestal Paraguay SA</SimpleData>
            <SimpleData name="Lote">G</SimpleData>
            <SimpleData name="Parametro">0.00000000000</SimpleData>
            <SimpleData name="Sup_SIG">0.83568100990</SimpleData>
            <SimpleData name="X">-55.87831990000</SimpleData>
            <SimpleData name="Y">-24.62280010000</SimpleData>
            <SimpleData name="cedula">1406340</SimpleData>
            <SimpleData name="Cédula_1">1406340.00000000000</SimpleData>
            <SimpleData name="Estado_d_1">Activo</SimpleData>
            <SimpleData name="OBJECTID_1">6963</SimpleData>
            <SimpleData name="Shape_Leng">449.87302855500</SimpleData>
            <SimpleData name="Shape_Area">8356.81009895000</SimpleData>
          </SchemaData>
        </ExtendedData>
        <Polygon>
          <outerBoundaryIs>
            <LinearRing>
              <coordinates>
                -55.877477299618,-24.6229150997248,0
                -55.877492500448,-24.6232043000036,0
                -55.878905000057,-24.623061700473,0
                -55.8787822996923,-24.6222656997386,0
                -55.8782363999213,-24.6222971001557,0
                -55.8782176002095,-24.6227758001551,0
                -55.877477299618,-24.6229150997248,0
              </coordinates>
            </LinearRing>
          </outerBoundaryIs>
        </Polygon>
      </Placemark>
      <Placemark id="Lote_G.44">
        <ExtendedData>
          <SchemaData schemaUrl="#Lote_G.schema">
            <SimpleData name="Cédula">4461921.00000000000</SimpleData>
            <SimpleData name="Nombres_y_">NILDA ALVAREZ AGUAYO</SimpleData>
            <SimpleData name="Sexo">Mujer</SimpleData>
            <SimpleData name="Cambio_de_">NO</SimpleData>
            <SimpleData name="Titular_se">NO</SimpleData>
            <SimpleData name="ci_UNIF">4461921.00000000000</SimpleData>
            <SimpleData name="Situación">NO</SimpleData>
            <SimpleData name="Comunidad">Campesina</SimpleData>
            <SimpleData name="Modelo_imp">Modelo 5</SimpleData>
            <SimpleData name="Departamen">CANINDEYU</SimpleData>
            <SimpleData name="Distrito">YASY CA?Y</SimpleData>
            <SimpleData name="Localidad">YASY KA?Y</SimpleData>
            <SimpleData name="Teléfono">0985972425</SimpleData>
            <SimpleData name="Vivienda_L">-24.52407030000</SimpleData>
            <SimpleData name="Vivienda_1">-55.87104280000</SimpleData>
            <SimpleData name="Superficie">0.70000000000</SimpleData>
            <SimpleData name="Situaci_1">Pol?gono</SimpleData>
            <SimpleData name="Plantado">SI</SimpleData>
            <SimpleData name="Fecha_Plan">2025/10/02</SimpleData>
            <SimpleData name="Jornales">0.00000000000</SimpleData>
            <SimpleData name="Monto">0.00000000000</SimpleData>
            <SimpleData name="Grupo_de_p">G-P1-XX-XX-XX</SimpleData>
            <SimpleData name="Estado_del">Activo</SimpleData>
            <SimpleData name="Empresa">Red Forestal Paraguay SA</SimpleData>
            <SimpleData name="Lote">G</SimpleData>
            <SimpleData name="Parametro">0.00000000000</SimpleData>
            <SimpleData name="Sup_SIG">0.77536139343</SimpleData>
            <SimpleData name="X">-55.86969191000</SimpleData>
            <SimpleData name="Y">-24.52723242000</SimpleData>
            <SimpleData name="cedula">4461921</SimpleData>
            <SimpleData name="Cédula_1">4461921.00000000000</SimpleData>
            <SimpleData name="Estado_d_1">Activo</SimpleData>
            <SimpleData name="OBJECTID_1">6777</SimpleData>
            <SimpleData name="Shape_Leng">438.49261421900</SimpleData>
            <SimpleData name="Shape_Area">7753.61393426000</SimpleData>
          </SchemaData>
        </ExtendedData>
        <Polygon>
          <outerBoundaryIs>
            <LinearRing>
              <coordinates>
                -55.8694953002342,-24.5264358999024,0
                -55.869451699898,-24.5280229999406,0
                -55.8698954996188,-24.5280136999189,0
                -55.8699269996187,-24.5264430004504,0
                -55.8694953002342,-24.5264358999024,0
              </coordinates>
            </LinearRing>
          </outerBoundaryIs>
        </Polygon>
      </Placemark>
      <Placemark id="Lote_G.45">
        <ExtendedData>
          <SchemaData schemaUrl="#Lote_G.schema">
            <SimpleData name="Cédula">1597841.00000000000</SimpleData>
            <SimpleData name="Nombres_y_"><![CDATA[BENIGNO GUYRA'A VERA]]></SimpleData>
            <SimpleData name="Sexo">Hombre</SimpleData>
            <SimpleData name="Cambio_de_">NO</SimpleData>
            <SimpleData name="Titular_se">NO</SimpleData>
            <SimpleData name="ci_UNIF">1597841.00000000000</SimpleData>
            <SimpleData name="Situación">NO</SimpleData>
            <SimpleData name="Comunidad">Ind?gena</SimpleData>
            <SimpleData name="Modelo_imp">Modelo 3</SimpleData>
            <SimpleData name="Departamen">CANINDEYU</SimpleData>
            <SimpleData name="Distrito">YASY CA?Y</SimpleData>
            <SimpleData name="Localidad">COM INDIG SAN ANTONIO</SimpleData>
            <SimpleData name="Teléfono">0983496414</SimpleData>
            <SimpleData name="Vivienda_L">-24.52937630000</SimpleData>
            <SimpleData name="Vivienda_1">-55.95254640000</SimpleData>
            <SimpleData name="Superficie">1.00000000000</SimpleData>
            <SimpleData name="Situaci_1">Pol?gono</SimpleData>
            <SimpleData name="Plantado">SI</SimpleData>
            <SimpleData name="Fecha_Plan">2025/10/14</SimpleData>
            <SimpleData name="Jornales">0.00000000000</SimpleData>
            <SimpleData name="Monto">0.00000000000</SimpleData>
            <SimpleData name="Grupo_de_p">G-P1-XX-XX-XX</SimpleData>
            <SimpleData name="Estado_del">Activo</SimpleData>
            <SimpleData name="Empresa">Red Forestal Paraguay SA</SimpleData>
            <SimpleData name="Lote">G</SimpleData>
            <SimpleData name="Parametro">0.00000000000</SimpleData>
            <SimpleData name="Sup_SIG">1.06794803132</SimpleData>
            <SimpleData name="X">-55.96833969000</SimpleData>
            <SimpleData name="Y">-24.53482454000</SimpleData>
            <SimpleData name="cedula">1597841</SimpleData>
            <SimpleData name="Cédula_1">1597841.00000000000</SimpleData>
            <SimpleData name="Estado_d_1">Activo</SimpleData>
            <SimpleData name="OBJECTID_1">6976</SimpleData>
            <SimpleData name="Shape_Leng">413.86182015300</SimpleData>
            <SimpleData name="Shape_Area">10679.48031320000</SimpleData>
          </SchemaData>
        </ExtendedData>
        <Polygon>
          <outerBoundaryIs>
            <LinearRing>
              <coordinates>
                -55.967743299784,-24.534456700357,0
                -55.9678817000233,-24.5353266993956,0
                -55.9688932993842,-24.535231699548,0
                -55.9688249997589,-24.5343067005161,0
                -55.967743299784,-24.534456700357,0
              </coordinates>
            </LinearRing>
          </outerBoundaryIs>
        </Polygon>
      </Placemark>
      <Placemark id="Lote_G.46">
        <ExtendedData>
          <SchemaData schemaUrl="#Lote_G.schema">
            <SimpleData name="Cédula">5831166.00000000000</SimpleData>
            <SimpleData name="Nombres_y_">MARIELA ELIZABETH ALLENDE FRETES</SimpleData>
            <SimpleData name="Sexo">Mujer</SimpleData>
            <SimpleData name="Cambio_de_">NO</SimpleData>
            <SimpleData name="Titular_se">NO</SimpleData>
            <SimpleData name="ci_UNIF">5831166.00000000000</SimpleData>
            <SimpleData name="Situación">NO</SimpleData>
            <SimpleData name="Comunidad">Campesina</SimpleData>
            <SimpleData name="Modelo_imp">Modelo 1</SimpleData>
            <SimpleData name="Departamen">CANINDEYU</SimpleData>
            <SimpleData name="Distrito">YBY PYTA</SimpleData>
            <SimpleData name="Localidad">GUYRA KEHA</SimpleData>
            <SimpleData name="Teléfono">0984791447</SimpleData>
            <SimpleData name="Vivienda_L">-24.24522530000</SimpleData>
            <SimpleData name="Vivienda_1">-55.30859310000</SimpleData>
            <SimpleData name="Superficie">0.80000000000</SimpleData>
            <SimpleData name="Situaci_1">Par?metro</SimpleData>
            <SimpleData name="Plantado">SI</SimpleData>
            <SimpleData name="Fecha_Plan">2025/11/08</SimpleData>
            <SimpleData name="Jornales">0.00000000000</SimpleData>
            <SimpleData name="Monto">0.00000000000</SimpleData>
            <SimpleData name="Grupo_de_p">G-P1-XX-XX-XX</SimpleData>
            <SimpleData name="Estado_del">Activo</SimpleData>
            <SimpleData name="Empresa">Red Forestal Paraguay SA</SimpleData>
            <SimpleData name="Lote">G</SimpleData>
            <SimpleData name="Parametro">0.00000000000</SimpleData>
            <SimpleData name="Sup_SIG">0.82466375162</SimpleData>
            <SimpleData name="X">-55.31323228000</SimpleData>
            <SimpleData name="Y">-24.24553288000</SimpleData>
            <SimpleData name="cedula">5831166</SimpleData>
            <SimpleData name="Cédula_1">5831166.00000000000</SimpleData>
            <SimpleData name="Estado_d_1">Activo</SimpleData>
            <SimpleData name="OBJECTID_1">5322</SimpleData>
            <SimpleData name="Shape_Leng">389.54859824000</SimpleData>
            <SimpleData name="Shape_Area">8246.63751616000</SimpleData>
          </SchemaData>
        </ExtendedData>
        <Polygon>
          <outerBoundaryIs>
            <LinearRing>
              <coordinates>
                -55.312702800519,-24.245937100127,0
                -55.3133596998169,-24.2459817998452,0
                -55.3133940996872,-24.2457117998779,0
                -55.3138233000843,-24.2456732998184,0
                -55.3138683004692,-24.2452083002246,0
                -55.3127761997513,-24.2451633004546,0
                -55.312702800519,-24.245937100127,0
              </coordinates>
            </LinearRing>
          </outerBoundaryIs>
        </Polygon>
      </Placemark>
      <Placemark id="Lote_G.47">
        <ExtendedData>
          <SchemaData schemaUrl="#Lote_G.schema">
            <SimpleData name="Cédula">6334372.00000000000</SimpleData>
            <SimpleData name="Nombres_y_">LAURA FERREIRA FRANCO</SimpleData>
            <SimpleData name="Sexo">Mujer</SimpleData>
            <SimpleData name="Cambio_de_">NO</SimpleData>
            <SimpleData name="Titular_se">NO</SimpleData>
            <SimpleData name="ci_UNIF">6334372.00000000000</SimpleData>
            <SimpleData name="Situación">NO</SimpleData>
            <SimpleData name="Comunidad">Ind?gena</SimpleData>
            <SimpleData name="Modelo_imp">Modelo 5</SimpleData>
            <SimpleData name="Departamen">CANINDEYU</SimpleData>
            <SimpleData name="Distrito">YASY CA?Y</SimpleData>
            <SimpleData name="Localidad">COM INDIG JOYVY</SimpleData>
            <SimpleData name="Teléfono">0984723424</SimpleData>
            <SimpleData name="Vivienda_L">-24.48340110000</SimpleData>
            <SimpleData name="Vivienda_1">-55.95173410000</SimpleData>
            <SimpleData name="Superficie">0.70000000000</SimpleData>
            <SimpleData name="Situaci_1">Par?metro</SimpleData>
            <SimpleData name="Plantado">SI</SimpleData>
            <SimpleData name="Fecha_Plan">2026/01/14</SimpleData>
            <SimpleData name="Jornales">0.00000000000</SimpleData>
            <SimpleData name="Monto">0.00000000000</SimpleData>
            <SimpleData name="Grupo_de_p">G-P2-XX-XX-XX</SimpleData>
            <SimpleData name="Estado_del">Activo</SimpleData>
            <SimpleData name="Empresa">Red Forestal Paraguay SA</SimpleData>
            <SimpleData name="Lote">G</SimpleData>
            <SimpleData name="Parametro">0.00000000000</SimpleData>
            <SimpleData name="Sup_SIG">0.70544029282</SimpleData>
            <SimpleData name="X">-55.95271459000</SimpleData>
            <SimpleData name="Y">-24.48658694000</SimpleData>
            <SimpleData name="cedula">6334372</SimpleData>
            <SimpleData name="Cédula_1">6334372.00000000000</SimpleData>
            <SimpleData name="Estado_d_1">Activo</SimpleData>
            <SimpleData name="OBJECTID_1">7016</SimpleData>
            <SimpleData name="Shape_Leng">342.15033373900</SimpleData>
            <SimpleData name="Shape_Area">7054.40292817000</SimpleData>
          </SchemaData>
        </ExtendedData>
        <Polygon>
          <outerBoundaryIs>
            <LinearRing>
              <coordinates>
                -55.9521416997008,-24.4867717003179,0
                -55.9530649993823,-24.4870100001576,0
                -55.9533132994273,-24.4863850003494,0
                -55.9523032994269,-24.4861882994549,0
                -55.9521416997008,-24.4867717003179,0
              </coordinates>
            </LinearRing>
          </outerBoundaryIs>
        </Polygon>
      </Placemark>
      <Placemark id="Lote_G.48">
        <ExtendedData>
          <SchemaData schemaUrl="#Lote_G.schema">
            <SimpleData name="Cédula">4133088.00000000000</SimpleData>
            <SimpleData name="Nombres_y_">ELIDA ESQUIVEL NU?EZ</SimpleData>
            <SimpleData name="Sexo">Mujer</SimpleData>
            <SimpleData name="Cambio_de_">NO</SimpleData>
            <SimpleData name="Titular_se">NO</SimpleData>
            <SimpleData name="ci_UNIF">4133088.00000000000</SimpleData>
            <SimpleData name="Situación">NO</SimpleData>
            <SimpleData name="Comunidad">Campesina</SimpleData>
            <SimpleData name="Modelo_imp">Modelo 1</SimpleData>
            <SimpleData name="Departamen">CANINDEYU</SimpleData>
            <SimpleData name="Distrito">YASY CA?Y</SimpleData>
            <SimpleData name="Localidad">MANDUARA 6TA LINEA</SimpleData>
            <SimpleData name="Teléfono">0986769849</SimpleData>
            <SimpleData name="Vivienda_L">-24.42479550000</SimpleData>
            <SimpleData name="Vivienda_1">-55.91644300000</SimpleData>
            <SimpleData name="Superficie">0.80000000000</SimpleData>
            <SimpleData name="Situaci_1">Pol?gono</SimpleData>
            <SimpleData name="Plantado">SI</SimpleData>
            <SimpleData name="Fecha_Plan">2025/10/17</SimpleData>
            <SimpleData name="Jornales">0.00000000000</SimpleData>
            <SimpleData name="Monto">0.00000000000</SimpleData>
            <SimpleData name="Grupo_de_p">G-P1-XX-XX-XX</SimpleData>
            <SimpleData name="Estado_del">Activo</SimpleData>
            <SimpleData name="Empresa">Red Forestal Paraguay SA</SimpleData>
            <SimpleData name="Lote">G</SimpleData>
            <SimpleData name="Parametro">0.00000000000</SimpleData>
            <SimpleData name="Sup_SIG">0.85704966417</SimpleData>
            <SimpleData name="X">-55.91146128000</SimpleData>
            <SimpleData name="Y">-24.42138095000</SimpleData>
            <SimpleData name="cedula">4133088</SimpleData>
            <SimpleData name="Cédula_1">4133088.00000000000</SimpleData>
            <SimpleData name="Estado_d_1">Activo</SimpleData>
            <SimpleData name="OBJECTID_1">6948</SimpleData>
            <SimpleData name="Shape_Leng">469.60800498600</SimpleData>
            <SimpleData name="Shape_Area">8570.49664170000</SimpleData>
          </SchemaData>
        </ExtendedData>
        <Polygon>
          <outerBoundaryIs>
            <LinearRing>
              <coordinates>
                -55.9105819002053,-24.4210316995601,0
                -55.9120782999427,-24.4220602008056,0
                -55.9123416997552,-24.4217350000441,0
                -55.9108515000469,-24.4207024000316,0
                -55.9105819002053,-24.4210316995601,0
              </coordinates>
            </LinearRing>
          </outerBoundaryIs>
        </Polygon>
      </Placemark>
      <Placemark id="Lote_G.49">
        <ExtendedData>
          <SchemaData schemaUrl="#Lote_G.schema">
            <SimpleData name="Cédula">6347232.00000000000</SimpleData>
            <SimpleData name="Nombres_y_">URBANA CABRERA VILLAR</SimpleData>
            <SimpleData name="Sexo">Mujer</SimpleData>
            <SimpleData name="Cambio_de_">NO</SimpleData>
            <SimpleData name="Titular_se">NO</SimpleData>
            <SimpleData name="ci_UNIF">6347232.00000000000</SimpleData>
            <SimpleData name="Situación">NO</SimpleData>
            <SimpleData name="Comunidad">Ind?gena</SimpleData>
            <SimpleData name="Modelo_imp">Modelo 5</SimpleData>
            <SimpleData name="Departamen">CANINDEYU</SimpleData>
            <SimpleData name="Distrito">YBY PYTA</SimpleData>
            <SimpleData name="Localidad">COM INDIG YRYAPU</SimpleData>
            <SimpleData name="Teléfono">0983433045</SimpleData>
            <SimpleData name="Vivienda_L">-24.32097690000</SimpleData>
            <SimpleData name="Vivienda_1">-55.31996250000</SimpleData>
            <SimpleData name="Superficie">0.70000000000</SimpleData>
            <SimpleData name="Situaci_1">Pol?gono</SimpleData>
            <SimpleData name="Plantado">SI</SimpleData>
            <SimpleData name="Fecha_Plan">2025/11/09</SimpleData>
            <SimpleData name="Jornales">0.00000000000</SimpleData>
            <SimpleData name="Monto">0.00000000000</SimpleData>
            <SimpleData name="Grupo_de_p">G-P1-XX-XX-XX</SimpleData>
            <SimpleData name="Estado_del">Activo</SimpleData>
            <SimpleData name="Empresa">Red Forestal Paraguay SA</SimpleData>
            <SimpleData name="Lote">G</SimpleData>
            <SimpleData name="Parametro">0.00000000000</SimpleData>
            <SimpleData name="Sup_SIG">0.70331675314</SimpleData>
            <SimpleData name="X">-55.31913014000</SimpleData>
            <SimpleData name="Y">-24.32162167000</SimpleData>
            <SimpleData name="cedula">6347232</SimpleData>
            <SimpleData name="Cédula_1">6347232.00000000000</SimpleData>
            <SimpleData name="Estado_d_1">Activo</SimpleData>
            <SimpleData name="OBJECTID_1">7070</SimpleData>
            <SimpleData name="Shape_Leng">327.26166719200</SimpleData>
            <SimpleData name="Shape_Area">7033.16753135000</SimpleData>
          </SchemaData>
        </ExtendedData>
        <Polygon>
          <outerBoundaryIs>
            <LinearRing>
              <coordinates>
                -55.3188229998786,-24.321295999729,0
                -55.3186841996882,-24.3215745002428,0
                -55.3186233002219,-24.3218949994112,0
                -55.3188529000289,-24.3219875001725,0
                -55.3193650001695,-24.3220167004522,0
                -55.3195266994757,-24.3218149998263,0
                -55.319665000292,-24.3213600003723,0
                -55.3195165993366,-24.3213966994065,0
                -55.3193078999462,-24.3211686996268,0
                -55.3188229998786,-24.321295999729,0
              </coordinates>
            </LinearRing>
          </outerBoundaryIs>
        </Polygon>
      </Placemark>
      <Placemark id="Lote_G.50">
        <ExtendedData>
          <SchemaData schemaUrl="#Lote_G.schema">
            <SimpleData name="Cédula">6150800.00000000000</SimpleData>
            <SimpleData name="Nombres_y_">PAULO GONZALEZ VERA</SimpleData>
            <SimpleData name="Sexo">Hombre</SimpleData>
            <SimpleData name="Cambio_de_">NO</SimpleData>
            <SimpleData name="Titular_se">NO</SimpleData>
            <SimpleData name="ci_UNIF">6150800.00000000000</SimpleData>
            <SimpleData name="Situación">NO</SimpleData>
            <SimpleData name="Comunidad">Ind?gena</SimpleData>
            <SimpleData name="Modelo_imp">Modelo 5</SimpleData>
            <SimpleData name="Departamen">CANINDEYU</SimpleData>
            <SimpleData name="Distrito">YASY CA?Y</SimpleData>
            <SimpleData name="Localidad"><![CDATA[COM INDIG KA'AGUY POTY KAMBA]]></SimpleData>
            <SimpleData name="Teléfono">0991428615</SimpleData>
            <SimpleData name="Vivienda_L">-24.56270850000</SimpleData>
            <SimpleData name="Vivienda_1">-55.92392520000</SimpleData>
            <SimpleData name="Superficie">0.70000000000</SimpleData>
            <SimpleData name="Situaci_1">Pol?gono</SimpleData>
            <SimpleData name="Plantado">SI</SimpleData>
            <SimpleData name="Fecha_Plan">2025/09/29</SimpleData>
            <SimpleData name="Jornales">0.00000000000</SimpleData>
            <SimpleData name="Monto">0.00000000000</SimpleData>
            <SimpleData name="Grupo_de_p">G-P1-XX-XX-XX</SimpleData>
            <SimpleData name="Estado_del">Activo</SimpleData>
            <SimpleData name="Empresa">Red Forestal Paraguay SA</SimpleData>
            <SimpleData name="Lote">G</SimpleData>
            <SimpleData name="Parametro">0.00000000000</SimpleData>
            <SimpleData name="Sup_SIG">0.75017929683</SimpleData>
            <SimpleData name="X">-55.92409602000</SimpleData>
            <SimpleData name="Y">-24.56118158000</SimpleData>
            <SimpleData name="cedula">6150800</SimpleData>
            <SimpleData name="Cédula_1">6150800.00000000000</SimpleData>
            <SimpleData name="Estado_d_1">Activo</SimpleData>
            <SimpleData name="OBJECTID_1">7612</SimpleData>
            <SimpleData name="Shape_Leng">413.30313755500</SimpleData>
            <SimpleData name="Shape_Area">7501.79296826000</SimpleData>
          </SchemaData>
        </ExtendedData>
        <Polygon>
          <outerBoundaryIs>
            <LinearRing>
              <coordinates>
                -55.9233639996958,-24.561214299748,0
                -55.9244149999639,-24.5616232996177,0
                -55.9244949993201,-24.5613116999537,0
                -55.9248368999755,-24.5613939997608,0
                -55.9249697001822,-24.561214000681,0
                -55.9236528994539,-24.5607481997002,0
                -55.9233639996958,-24.561214299748,0
              </coordinates>
            </LinearRing>
          </outerBoundaryIs>
        </Polygon>
      </Placemark>
      <Placemark id="Lote_G.51">
        <ExtendedData>
          <SchemaData schemaUrl="#Lote_G.schema">
            <SimpleData name="Cédula">7266423.00000000000</SimpleData>
            <SimpleData name="Nombres_y_">ANGELINA GONZALEZ VERA</SimpleData>
            <SimpleData name="Sexo">Mujer</SimpleData>
            <SimpleData name="Cambio_de_">NO</SimpleData>
            <SimpleData name="Titular_se">ARACELI ESCOBAR PENAYO</SimpleData>
            <SimpleData name="Cédula_Ti">8092175</SimpleData>
            <SimpleData name="ci_UNIF">8092175.00000000000</SimpleData>
            <SimpleData name="Situación">Fallecimiento del titular</SimpleData>
            <SimpleData name="Comunidad">Ind?gena</SimpleData>
            <SimpleData name="Modelo_imp">Modelo 3</SimpleData>
            <SimpleData name="Departamen">CANINDEYU</SimpleData>
            <SimpleData name="Distrito">YASY CA?Y</SimpleData>
            <SimpleData name="Localidad">COM INDIG SAN ANTONIO</SimpleData>
            <SimpleData name="Teléfono">ND</SimpleData>
            <SimpleData name="Vivienda_L">-24.52380170000</SimpleData>
            <SimpleData name="Vivienda_1">-55.97627500000</SimpleData>
            <SimpleData name="Superficie">1.00000000000</SimpleData>
            <SimpleData name="Situaci_1">Pol?gono</SimpleData>
            <SimpleData name="Plantado">SI</SimpleData>
            <SimpleData name="Fecha_Plan">2025/10/15</SimpleData>
            <SimpleData name="Jornales">0.00000000000</SimpleData>
            <SimpleData name="Monto">0.00000000000</SimpleData>
            <SimpleData name="Grupo_de_p">G-P1-XX-XX-XX</SimpleData>
            <SimpleData name="Estado_del">Activo</SimpleData>
            <SimpleData name="Empresa">Red Forestal Paraguay SA</SimpleData>
            <SimpleData name="Lote">G</SimpleData>
            <SimpleData name="Parametro">0.00000000000</SimpleData>
            <SimpleData name="Sup_SIG">1.18958134036</SimpleData>
            <SimpleData name="X">-55.96824339000</SimpleData>
            <SimpleData name="Y">-24.53386678000</SimpleData>
            <SimpleData name="cedula">7266423</SimpleData>
            <SimpleData name="Cédula_1">7266423.00000000000</SimpleData>
            <SimpleData name="Estado_d_1">Activo</SimpleData>
            <SimpleData name="OBJECTID_1">7836</SimpleData>
            <SimpleData name="Shape_Leng">438.39948660400</SimpleData>
            <SimpleData name="Shape_Area">11895.81340360000</SimpleData>
          </SchemaData>
        </ExtendedData>
        <Polygon>
          <outerBoundaryIs>
            <LinearRing>
              <coordinates>
                -55.9675717005054,-24.533454999726,0
                -55.9677567000677,-24.5343600002699,0
                -55.9688482999526,-24.534298299631,0
                -55.9688033001944,-24.5333899995032,0
                -55.9675717005054,-24.533454999726,0
              </coordinates>
            </LinearRing>
          </outerBoundaryIs>
        </Polygon>
      </Placemark>
      <Placemark id="Lote_G.52">
        <ExtendedData>
          <SchemaData schemaUrl="#Lote_G.schema">
            <SimpleData name="Cédula">7090285.00000000000</SimpleData>
            <SimpleData name="Nombres_y_">RAQUEL VERA</SimpleData>
            <SimpleData name="Sexo">Mujer</SimpleData>
            <SimpleData name="Cambio_de_">NO</SimpleData>
            <SimpleData name="Titular_se">NO</SimpleData>
            <SimpleData name="ci_UNIF">7090285.00000000000</SimpleData>
            <SimpleData name="Situación">NO</SimpleData>
            <SimpleData name="Comunidad">Ind?gena</SimpleData>
            <SimpleData name="Modelo_imp">Modelo 3</SimpleData>
            <SimpleData name="Departamen">CANINDEYU</SimpleData>
            <SimpleData name="Distrito">YASY CA?Y</SimpleData>
            <SimpleData name="Localidad">COM INDIG SAN ANTONIO</SimpleData>
            <SimpleData name="Teléfono">0983496414</SimpleData>
            <SimpleData name="Vivienda_L">-24.52979110000</SimpleData>
            <SimpleData name="Vivienda_1">-55.95232250000</SimpleData>
            <SimpleData name="Superficie">1.00000000000</SimpleData>
            <SimpleData name="Situaci_1">Pol?gono</SimpleData>
            <SimpleData name="Plantado">SI</SimpleData>
            <SimpleData name="Fecha_Plan">2025/09/23</SimpleData>
            <SimpleData name="Jornales">0.00000000000</SimpleData>
            <SimpleData name="Monto">0.00000000000</SimpleData>
            <SimpleData name="Grupo_de_p">G-P1-XX-XX-XX</SimpleData>
            <SimpleData name="Estado_del">Activo</SimpleData>
            <SimpleData name="Empresa">Red Forestal Paraguay SA</SimpleData>
            <SimpleData name="Lote">G</SimpleData>
            <SimpleData name="Parametro">0.00000000000</SimpleData>
            <SimpleData name="Sup_SIG">1.11313988017</SimpleData>
            <SimpleData name="X">-55.96201939000</SimpleData>
            <SimpleData name="Y">-24.53296628000</SimpleData>
            <SimpleData name="cedula">7090285</SimpleData>
            <SimpleData name="Cédula_1">7090285.00000000000</SimpleData>
            <SimpleData name="Estado_d_1">Activo</SimpleData>
            <SimpleData name="OBJECTID_1">6978</SimpleData>
            <SimpleData name="Shape_Leng">439.39288974900</SimpleData>
            <SimpleData name="Shape_Area">11131.39880170000</SimpleData>
          </SchemaData>
        </ExtendedData>
        <Polygon>
          <outerBoundaryIs>
            <LinearRing>
              <coordinates>
                -55.9615285996511,-24.5332867998637,0
                -55.9623420999586,-24.5336502999785,0
                -55.9626648001616,-24.532860000113,0
                -55.9616850993799,-24.5322650998655,0
                -55.9615683000458,-24.5321948995247,0
                -55.9615285996511,-24.5332867998637,0
              </coordinates>
            </LinearRing>
          </outerBoundaryIs>
        </Polygon>
      </Placemark>
      <Placemark id="Lote_G.53">
        <ExtendedData>
          <SchemaData schemaUrl="#Lote_G.schema">
            <SimpleData name="Cédula">3822673.00000000000</SimpleData>
            <SimpleData name="Nombres_y_">CRISPINA AGUERO ARICAYE</SimpleData>
            <SimpleData name="Sexo">Mujer</SimpleData>
            <SimpleData name="Cambio_de_">NO</SimpleData>
            <SimpleData name="Titular_se">NO</SimpleData>
            <SimpleData name="ci_UNIF">3822673.00000000000</SimpleData>
            <SimpleData name="Situación">NO</SimpleData>
            <SimpleData name="Comunidad">Campesina</SimpleData>
            <SimpleData name="Modelo_imp">Modelo 5</SimpleData>
            <SimpleData name="Departamen">CANINDEYU</SimpleData>
            <SimpleData name="Distrito">YASY CA?Y</SimpleData>
            <SimpleData name="Localidad">MANDUARA 3RA LINEA</SimpleData>
            <SimpleData name="Teléfono">0985624706</SimpleData>
            <SimpleData name="Vivienda_L">-24.46072270000</SimpleData>
            <SimpleData name="Vivienda_1">-55.95746460000</SimpleData>
            <SimpleData name="Superficie">0.70000000000</SimpleData>
            <SimpleData name="Situaci_1">Par?metro</SimpleData>
            <SimpleData name="Plantado">SI</SimpleData>
            <SimpleData name="Fecha_Plan">2026/01/08</SimpleData>
            <SimpleData name="Jornales">0.00000000000</SimpleData>
            <SimpleData name="Monto">0.00000000000</SimpleData>
            <SimpleData name="Grupo_de_p">G-P2-XX-XX-XX</SimpleData>
            <SimpleData name="Estado_del">Activo</SimpleData>
            <SimpleData name="Empresa">Red Forestal Paraguay SA</SimpleData>
            <SimpleData name="Lote">G</SimpleData>
            <SimpleData name="Parametro">0.00000000000</SimpleData>
            <SimpleData name="Sup_SIG">0.78352437379</SimpleData>
            <SimpleData name="X">-55.95944933000</SimpleData>
            <SimpleData name="Y">-24.46241934000</SimpleData>
            <SimpleData name="cedula">3822673</SimpleData>
            <SimpleData name="Cédula_1">3822673.00000000000</SimpleData>
            <SimpleData name="Estado_d_1">Activo</SimpleData>
            <SimpleData name="OBJECTID_1">6578</SimpleData>
            <SimpleData name="Shape_Leng">419.30357410300</SimpleData>
            <SimpleData name="Shape_Area">7835.24373788000</SimpleData>
          </SchemaData>
        </ExtendedData>
        <Polygon>
          <outerBoundaryIs>
            <LinearRing>
              <coordinates>
                -55.9586899996654,-24.4621782003154,0
                -55.959942299706,-24.463030600351,0
                -55.9602266999748,-24.4626720999183,0
                -55.9589300000684,-24.4617967003497,0
                -55.9586899996654,-24.4621782003154,0
              </coordinates>
            </LinearRing>
          </outerBoundaryIs>
        </Polygon>
      </Placemark>
      <Placemark id="Lote_G.54">
        <ExtendedData>
          <SchemaData schemaUrl="#Lote_G.schema">
            <SimpleData name="Cédula">3954277.00000000000</SimpleData>
            <SimpleData name="Nombres_y_">ADELAIDA ESTER VILLALBA OVANDO</SimpleData>
            <SimpleData name="Sexo">Mujer</SimpleData>
            <SimpleData name="Cambio_de_">NO</SimpleData>
            <SimpleData name="Titular_se">NO</SimpleData>
            <SimpleData name="ci_UNIF">3954277.00000000000</SimpleData>
            <SimpleData name="Situación">NO</SimpleData>
            <SimpleData name="Comunidad">Campesina</SimpleData>
            <SimpleData name="Modelo_imp">Modelo 5</SimpleData>
            <SimpleData name="Departamen">CANINDEYU</SimpleData>
            <SimpleData name="Distrito">YBY PYTA</SimpleData>
            <SimpleData name="Localidad">BRITEZ KUE</SimpleData>
            <SimpleData name="Teléfono">0985642650</SimpleData>
            <SimpleData name="Vivienda_L">-24.35655870000</SimpleData>
            <SimpleData name="Vivienda_1">-55.25749490000</SimpleData>
            <SimpleData name="Superficie">0.70000000000</SimpleData>
            <SimpleData name="Situaci_1">Par?metro</SimpleData>
            <SimpleData name="Plantado">SI</SimpleData>
            <SimpleData name="Fecha_Plan">2025/12/05</SimpleData>
            <SimpleData name="Jornales">0.00000000000</SimpleData>
            <SimpleData name="Monto">0.00000000000</SimpleData>
            <SimpleData name="Grupo_de_p">G-P1-XX-XX-XX</SimpleData>
            <SimpleData name="Estado_del">Activo</SimpleData>
            <SimpleData name="Empresa">Red Forestal Paraguay SA</SimpleData>
            <SimpleData name="Lote">G</SimpleData>
            <SimpleData name="Parametro">0.00000000000</SimpleData>
            <SimpleData name="Sup_SIG">0.74659429034</SimpleData>
            <SimpleData name="X">-55.25671053000</SimpleData>
            <SimpleData name="Y">-24.35665830000</SimpleData>
            <SimpleData name="cedula">3954277</SimpleData>
            <SimpleData name="Cédula_1">3954277.00000000000</SimpleData>
            <SimpleData name="Estado_d_1">Activo</SimpleData>
            <SimpleData name="OBJECTID_1">5323</SimpleData>
            <SimpleData name="Shape_Leng">558.47100336600</SimpleData>
            <SimpleData name="Shape_Area">7465.94290340000</SimpleData>
          </SchemaData>
        </ExtendedData>
        <MultiGeometry>
          <Polygon>
            <outerBoundaryIs>
              <LinearRing>
                <coordinates>
                  -55.2692807001003,-24.3587441004525,0
                  -55.2693050003913,-24.3585283000501,0
                  -55.2683166999098,-24.3584883004497,0
                  -55.2683286001847,-24.3586809995957,0
                  -55.2692807001003,-24.3587441004525,0
                </coordinates>
              </LinearRing>
            </outerBoundaryIs>
          </Polygon>
          <Polygon>
            <outerBoundaryIs>
              <LinearRing>
                <coordinates>
                  -55.2563799998349,-24.356993299644,0
                  -55.2571167002654,-24.3570017003684,0
                  -55.2571455003231,-24.3566316997337,0
                  -55.2568784996148,-24.3566063002119,0
                  -55.2568752003946,-24.3562466995637,0
                  -55.2564035997157,-24.3562261004291,0
                  -55.2563799998349,-24.356993299644,0
                </coordinates>
              </LinearRing>
            </outerBoundaryIs>
          </Polygon>
        </MultiGeometry>
      </Placemark>
      <Placemark id="Lote_G.55">
        <ExtendedData>
          <SchemaData schemaUrl="#Lote_G.schema">
            <SimpleData name="Cédula">6764619.00000000000</SimpleData>
            <SimpleData name="Nombres_y_">SANDRA GONZALEZ ALONZO</SimpleData>
            <SimpleData name="Sexo">Mujer</SimpleData>
            <SimpleData name="Cambio_de_">NO</SimpleData>
            <SimpleData name="Titular_se">NO</SimpleData>
            <SimpleData name="ci_UNIF">6764619.00000000000</SimpleData>
            <SimpleData name="Situación">NO</SimpleData>
            <SimpleData name="Comunidad">Ind?gena</SimpleData>
            <SimpleData name="Modelo_imp">Modelo 4</SimpleData>
            <SimpleData name="Departamen">CANINDEYU</SimpleData>
            <SimpleData name="Distrito">YASY CA?Y</SimpleData>
            <SimpleData name="Localidad">COM INDIG  TAKUA MIRI</SimpleData>
            <SimpleData name="Teléfono">0986508762</SimpleData>
            <SimpleData name="Vivienda_L">-24.40815960000</SimpleData>
            <SimpleData name="Vivienda_1">-56.00728220000</SimpleData>
            <SimpleData name="Superficie">0.70000000000</SimpleData>
            <SimpleData name="Situaci_1">Pol?gono</SimpleData>
            <SimpleData name="Plantado">SI</SimpleData>
            <SimpleData name="Fecha_Plan">2025/11/14</SimpleData>
            <SimpleData name="Jornales">0.00000000000</SimpleData>
            <SimpleData name="Monto">0.00000000000</SimpleData>
            <SimpleData name="Grupo_de_p">G-P1-XX-XX-XX</SimpleData>
            <SimpleData name="Estado_del">Activo</SimpleData>
            <SimpleData name="Empresa">Red Forestal Paraguay SA</SimpleData>
            <SimpleData name="Lote">G</SimpleData>
            <SimpleData name="Parametro">0.00000000000</SimpleData>
            <SimpleData name="Sup_SIG">0.70123667617</SimpleData>
            <SimpleData name="X">-56.00771086000</SimpleData>
            <SimpleData name="Y">-24.40879574000</SimpleData>
            <SimpleData name="cedula">6764619</SimpleData>
            <SimpleData name="Cédula_1">6764619.00000000000</SimpleData>
            <SimpleData name="Estado_d_1">Activo</SimpleData>
            <SimpleData name="OBJECTID_1">7013</SimpleData>
            <SimpleData name="Shape_Leng">340.81221166400</SimpleData>
            <SimpleData name="Shape_Area">7012.36676165000</SimpleData>
          </SchemaData>
        </ExtendedData>
        <Polygon>
          <outerBoundaryIs>
            <LinearRing>
              <coordinates>
                -56.0071533000258,-24.4086300000241,0
                -56.0077359996336,-24.4093681998829,0
                -56.0082450003147,-24.4089850006026,0
                -56.007732699977,-24.408223000715,0
                -56.0071533000258,-24.4086300000241,0
              </coordinates>
            </LinearRing>
          </outerBoundaryIs>
        </Polygon>
      </Placemark>
      <Placemark id="Lote_G.56">
        <ExtendedData>
          <SchemaData schemaUrl="#Lote_G.schema">
            <SimpleData name="Cédula">4756234.00000000000</SimpleData>
            <SimpleData name="Nombres_y_">ARIEL ANTONIO NEITZKE BENITEZ</SimpleData>
            <SimpleData name="Sexo">Hombre</SimpleData>
            <SimpleData name="Cambio_de_">NO</SimpleData>
            <SimpleData name="Titular_se">NO</SimpleData>
            <SimpleData name="ci_UNIF">4756234.00000000000</SimpleData>
            <SimpleData name="Situación">NO</SimpleData>
            <SimpleData name="Comunidad">Ind?gena</SimpleData>
            <SimpleData name="Modelo_imp">Modelo 5</SimpleData>
            <SimpleData name="Departamen">CANINDEYU</SimpleData>
            <SimpleData name="Distrito">YASY CA?Y</SimpleData>
            <SimpleData name="Localidad"><![CDATA[COM INDIG KO'E RORY]]></SimpleData>
            <SimpleData name="Teléfono">0984910382</SimpleData>
            <SimpleData name="Vivienda_L">-24.49122140000</SimpleData>
            <SimpleData name="Vivienda_1">-55.94965720000</SimpleData>
            <SimpleData name="Superficie">0.70000000000</SimpleData>
            <SimpleData name="Situaci_1">Pol?gono</SimpleData>
            <SimpleData name="Plantado">SI</SimpleData>
            <SimpleData name="Fecha_Plan">2025/10/16</SimpleData>
            <SimpleData name="Jornales">0.00000000000</SimpleData>
            <SimpleData name="Monto">0.00000000000</SimpleData>
            <SimpleData name="Grupo_de_p">G-P1-XX-XX-XX</SimpleData>
            <SimpleData name="Estado_del">Activo</SimpleData>
            <SimpleData name="Empresa">Red Forestal Paraguay SA</SimpleData>
            <SimpleData name="Lote">G</SimpleData>
            <SimpleData name="Parametro">0.00000000000</SimpleData>
            <SimpleData name="Sup_SIG">0.70457669856</SimpleData>
            <SimpleData name="X">-55.95119026000</SimpleData>
            <SimpleData name="Y">-24.49050773000</SimpleData>
            <SimpleData name="cedula">4756234</SimpleData>
            <SimpleData name="Cédula_1">4756234.00000000000</SimpleData>
            <SimpleData name="Estado_d_1">Activo</SimpleData>
            <SimpleData name="OBJECTID_1">7037</SimpleData>
            <SimpleData name="Shape_Leng">337.34881092000</SimpleData>
            <SimpleData name="Shape_Area">7045.76698558000</SimpleData>
          </SchemaData>
        </ExtendedData>
        <Polygon>
          <outerBoundaryIs>
            <LinearRing>
              <coordinates>
                -55.9507067001133,-24.4908000000015,0
                -55.951391999913,-24.491016999667,0
                -55.9516987006368,-24.4902434002839,0
                -55.9509602002511,-24.4899933991887,0
                -55.9507067001133,-24.4908000000015,0
              </coordinates>
            </LinearRing>
          </outerBoundaryIs>
        </Polygon>
      </Placemark>
      <Placemark id="Lote_G.57">
        <ExtendedData>
          <SchemaData schemaUrl="#Lote_G.schema">
            <SimpleData name="Cédula">2607018.00000000000</SimpleData>
            <SimpleData name="Nombres_y_">NARCISO TORALES CANTERO</SimpleData>
            <SimpleData name="Sexo">Hombre</SimpleData>
            <SimpleData name="Cambio_de_">NO</SimpleData>
            <SimpleData name="Titular_se">NO</SimpleData>
            <SimpleData name="ci_UNIF">2607018.00000000000</SimpleData>
            <SimpleData name="Situación">NO</SimpleData>
            <SimpleData name="Comunidad">Campesina</SimpleData>
            <SimpleData name="Modelo_imp">Modelo 1</SimpleData>
            <SimpleData name="Departamen">CANINDEYU</SimpleData>
            <SimpleData name="Distrito">YASY CA?Y</SimpleData>
            <SimpleData name="Localidad">MANDUARA 6TA LINEA</SimpleData>
            <SimpleData name="Teléfono">0981248312</SimpleData>
            <SimpleData name="Vivienda_L">-24.43315710000</SimpleData>
            <SimpleData name="Vivienda_1">-55.90991430000</SimpleData>
            <SimpleData name="Superficie">0.80000000000</SimpleData>
            <SimpleData name="Situaci_1">Pol?gono</SimpleData>
            <SimpleData name="Plantado">SI</SimpleData>
            <SimpleData name="Fecha_Plan">2025/10/17</SimpleData>
            <SimpleData name="Jornales">0.00000000000</SimpleData>
            <SimpleData name="Monto">0.00000000000</SimpleData>
            <SimpleData name="Grupo_de_p">G-P1-XX-XX-XX</SimpleData>
            <SimpleData name="Estado_del">Activo</SimpleData>
            <SimpleData name="Empresa">Red Forestal Paraguay SA</SimpleData>
            <SimpleData name="Lote">G</SimpleData>
            <SimpleData name="Parametro">0.00000000000</SimpleData>
            <SimpleData name="Sup_SIG">0.90585857602</SimpleData>
            <SimpleData name="X">-55.91350430000</SimpleData>
            <SimpleData name="Y">-24.43578804000</SimpleData>
            <SimpleData name="cedula">2607018</SimpleData>
            <SimpleData name="Cédula_1">2607018.00000000000</SimpleData>
            <SimpleData name="Estado_d_1">Activo</SimpleData>
            <SimpleData name="OBJECTID_1">6556</SimpleData>
            <SimpleData name="Shape_Leng">468.92094603800</SimpleData>
            <SimpleData name="Shape_Area">9058.58576018000</SimpleData>
          </SchemaData>
        </ExtendedData>
        <Polygon>
          <outerBoundaryIs>
            <LinearRing>
              <coordinates>
                -55.9126100006352,-24.4354832999822,0
                -55.9141148002614,-24.4364482000358,0
                -55.914390100543,-24.4360773003932,0
                -55.9128851005327,-24.4351312992915,0
                -55.9126100006352,-24.4354832999822,0
              </coordinates>
            </LinearRing>
          </outerBoundaryIs>
        </Polygon>
      </Placemark>
      <Placemark id="Lote_G.58">
        <ExtendedData>
          <SchemaData schemaUrl="#Lote_G.schema">
            <SimpleData name="Cédula">5808696.00000000000</SimpleData>
            <SimpleData name="Nombres_y_">JUVENAN MONTIEL VERA</SimpleData>
            <SimpleData name="Sexo">Hombre</SimpleData>
            <SimpleData name="Cambio_de_">NO</SimpleData>
            <SimpleData name="Titular_se">NO</SimpleData>
            <SimpleData name="ci_UNIF">5808696.00000000000</SimpleData>
            <SimpleData name="Situación">NO</SimpleData>
            <SimpleData name="Comunidad">Ind?gena</SimpleData>
            <SimpleData name="Modelo_imp">Modelo 5</SimpleData>
            <SimpleData name="Departamen">CANINDEYU</SimpleData>
            <SimpleData name="Distrito">YASY CA?Y</SimpleData>
            <SimpleData name="Localidad">COM INDIG  TAKUA MIRI</SimpleData>
            <SimpleData name="Teléfono">ND</SimpleData>
            <SimpleData name="Vivienda_L">-24.41178350000</SimpleData>
            <SimpleData name="Vivienda_1">-56.00460860000</SimpleData>
            <SimpleData name="Superficie">0.70000000000</SimpleData>
            <SimpleData name="Situaci_1">Pol?gono</SimpleData>
            <SimpleData name="Plantado">SI</SimpleData>
            <SimpleData name="Fecha_Plan">2025/11/05</SimpleData>
            <SimpleData name="Jornales">0.00000000000</SimpleData>
            <SimpleData name="Monto">0.00000000000</SimpleData>
            <SimpleData name="Grupo_de_p">G-P1-XX-XX-XX</SimpleData>
            <SimpleData name="Estado_del">Activo</SimpleData>
            <SimpleData name="Empresa">Red Forestal Paraguay SA</SimpleData>
            <SimpleData name="Lote">G</SimpleData>
            <SimpleData name="Parametro">0.00000000000</SimpleData>
            <SimpleData name="Sup_SIG">0.69744790387</SimpleData>
            <SimpleData name="X">-56.02002728000</SimpleData>
            <SimpleData name="Y">-24.41010022000</SimpleData>
            <SimpleData name="cedula">5808696</SimpleData>
            <SimpleData name="Cédula_1">5808696.00000000000</SimpleData>
            <SimpleData name="Estado_d_1">Activo</SimpleData>
            <SimpleData name="OBJECTID_1">5258</SimpleData>
            <SimpleData name="Shape_Leng">385.43126012800</SimpleData>
            <SimpleData name="Shape_Area">6974.47903871000</SimpleData>
          </SchemaData>
        </ExtendedData>
        <Polygon>
          <outerBoundaryIs>
            <LinearRing>
              <coordinates>
                -56.020043102675,-24.410780059813,0
                -56.0201056306715,-24.4106013822009,0
                -56.0202482981261,-24.4101936995142,0
                -56.0204582999362,-24.4095936004883,0
                -56.0200282995189,-24.4093750002048,0
                -56.0195906999642,-24.4106456999901,0
                -56.0200376992138,-24.4107955002293,0
                -56.020043102675,-24.410780059813,0
              </coordinates>
            </LinearRing>
          </outerBoundaryIs>
        </Polygon>
      </Placemark>
      <Placemark id="Lote_G.59">
        <ExtendedData>
          <SchemaData schemaUrl="#Lote_G.schema">
            <SimpleData name="Cédula">6918788.00000000000</SimpleData>
            <SimpleData name="Nombres_y_">BALDOMERA RAMIREZ RIVAROLA</SimpleData>
            <SimpleData name="Sexo">Mujer</SimpleData>
            <SimpleData name="Cambio_de_">NO</SimpleData>
            <SimpleData name="Titular_se">NO</SimpleData>
            <SimpleData name="ci_UNIF">6918788.00000000000</SimpleData>
            <SimpleData name="Situación">NO</SimpleData>
            <SimpleData name="Comunidad">Ind?gena</SimpleData>
            <SimpleData name="Modelo_imp">Modelo 5</SimpleData>
            <SimpleData name="Departamen">CANINDEYU</SimpleData>
            <SimpleData name="Distrito">YASY CA?Y</SimpleData>
            <SimpleData name="Localidad">COM INDIG  TAKUA MIRI</SimpleData>
            <SimpleData name="Teléfono">0984971792</SimpleData>
            <SimpleData name="Vivienda_L">-24.40881620000</SimpleData>
            <SimpleData name="Vivienda_1">-56.01940740000</SimpleData>
            <SimpleData name="Superficie">0.70000000000</SimpleData>
            <SimpleData name="Situaci_1">Pol?gono</SimpleData>
            <SimpleData name="Plantado">SI</SimpleData>
            <SimpleData name="Fecha_Plan">2025/11/05</SimpleData>
            <SimpleData name="Jornales">0.00000000000</SimpleData>
            <SimpleData name="Monto">0.00000000000</SimpleData>
            <SimpleData name="Grupo_de_p">G-P1-XX-XX-XX</SimpleData>
            <SimpleData name="Estado_del">Activo</SimpleData>
            <SimpleData name="Empresa">Red Forestal Paraguay SA</SimpleData>
            <SimpleData name="Lote">G</SimpleData>
            <SimpleData name="Parametro">0.00000000000</SimpleData>
            <SimpleData name="Sup_SIG">0.70049481892</SimpleData>
            <SimpleData name="X">-56.01959124000</SimpleData>
            <SimpleData name="Y">-24.40988899000</SimpleData>
            <SimpleData name="cedula">6918788</SimpleData>
            <SimpleData name="Cédula_1">6918788.00000000000</SimpleData>
            <SimpleData name="Estado_d_1">Activo</SimpleData>
            <SimpleData name="OBJECTID_1">5255</SimpleData>
            <SimpleData name="Shape_Leng">395.48152238300</SimpleData>
            <SimpleData name="Shape_Area">7004.94818920000</SimpleData>
          </SchemaData>
        </ExtendedData>
        <Polygon>
          <outerBoundaryIs>
            <LinearRing>
              <coordinates>
                -56.0191607999841,-24.4104560997799,0
                -56.0195750001709,-24.4106250005817,0
                -56.0200200003962,-24.4093666994416,0
                -56.0196093001758,-24.4091293004281,0
                -56.0191607999841,-24.4104560997799,0
              </coordinates>
            </LinearRing>
          </outerBoundaryIs>
        </Polygon>
      </Placemark>
      <Placemark id="Lote_G.60">
        <ExtendedData>
          <SchemaData schemaUrl="#Lote_G.schema">
            <SimpleData name="Cédula">5957437.00000000000</SimpleData>
            <SimpleData name="Nombres_y_">SANTA EUSEBIA GALEANO ALEGRE</SimpleData>
            <SimpleData name="Sexo">Mujer</SimpleData>
            <SimpleData name="Cambio_de_">NO</SimpleData>
            <SimpleData name="Titular_se">NO</SimpleData>
            <SimpleData name="ci_UNIF">5957437.00000000000</SimpleData>
            <SimpleData name="Situación">NO</SimpleData>
            <SimpleData name="Comunidad">Ind?gena</SimpleData>
            <SimpleData name="Modelo_imp">Modelo 5</SimpleData>
            <SimpleData name="Departamen">CANINDEYU</SimpleData>
            <SimpleData name="Distrito">YASY CA?Y</SimpleData>
            <SimpleData name="Localidad">COM INDIG KANINDE</SimpleData>
            <SimpleData name="Teléfono">0986623880</SimpleData>
            <SimpleData name="Vivienda_L">-24.40750350000</SimpleData>
            <SimpleData name="Vivienda_1">-55.99670770000</SimpleData>
            <SimpleData name="Superficie">0.70000000000</SimpleData>
            <SimpleData name="Situaci_1">Pol?gono</SimpleData>
            <SimpleData name="Plantado">SI</SimpleData>
            <SimpleData name="Fecha_Plan">2025/10/16</SimpleData>
            <SimpleData name="Jornales">0.00000000000</SimpleData>
            <SimpleData name="Monto">0.00000000000</SimpleData>
            <SimpleData name="Grupo_de_p">G-P1-XX-XX-XX</SimpleData>
            <SimpleData name="Estado_del">Activo</SimpleData>
            <SimpleData name="Empresa">Red Forestal Paraguay SA</SimpleData>
            <SimpleData name="Lote">G</SimpleData>
            <SimpleData name="Parametro">0.00000000000</SimpleData>
            <SimpleData name="Sup_SIG">0.70114042589</SimpleData>
            <SimpleData name="X">-55.99723440000</SimpleData>
            <SimpleData name="Y">-24.40722504000</SimpleData>
            <SimpleData name="cedula">5957437</SimpleData>
            <SimpleData name="Cédula_1">5957437.00000000000</SimpleData>
            <SimpleData name="Estado_d_1">Activo</SimpleData>
            <SimpleData name="OBJECTID_1">5256</SimpleData>
            <SimpleData name="Shape_Leng">338.04325966300</SimpleData>
            <SimpleData name="Shape_Area">7011.40425889000</SimpleData>
          </SchemaData>
        </ExtendedData>
        <Polygon>
          <outerBoundaryIs>
            <LinearRing>
              <coordinates>
                -55.9968032995216,-24.406943300487,0
                -55.9968983999133,-24.4076825000625,0
                -55.9977320998678,-24.4075422999054,0
                -55.9974417002262,-24.4066883001881,0
                -55.9968032995216,-24.406943300487,0
              </coordinates>
            </LinearRing>
          </outerBoundaryIs>
        </Polygon>
      </Placemark>
      <Placemark id="Lote_G.61">
        <ExtendedData>
          <SchemaData schemaUrl="#Lote_G.schema">
            <SimpleData name="Cédula">5807574.00000000000</SimpleData>
            <SimpleData name="Nombres_y_">ANTONINO RIVAROLA RAMIREZ</SimpleData>
            <SimpleData name="Sexo">Hombre</SimpleData>
            <SimpleData name="Cambio_de_">NO</SimpleData>
            <SimpleData name="Titular_se">NO</SimpleData>
            <SimpleData name="ci_UNIF">5807574.00000000000</SimpleData>
            <SimpleData name="Situación">NO</SimpleData>
            <SimpleData name="Comunidad">Ind?gena</SimpleData>
            <SimpleData name="Modelo_imp">Modelo 5</SimpleData>
            <SimpleData name="Departamen">CANINDEYU</SimpleData>
            <SimpleData name="Distrito">YASY CA?Y</SimpleData>
            <SimpleData name="Localidad">COM INDIG JOYVY</SimpleData>
            <SimpleData name="Teléfono">ND</SimpleData>
            <SimpleData name="Vivienda_L">-24.48857810000</SimpleData>
            <SimpleData name="Vivienda_1">-55.95109180000</SimpleData>
            <SimpleData name="Superficie">0.70000000000</SimpleData>
            <SimpleData name="Situaci_1">Par?metro</SimpleData>
            <SimpleData name="Plantado">SI</SimpleData>
            <SimpleData name="Fecha_Plan">2026/01/14</SimpleData>
            <SimpleData name="Jornales">0.00000000000</SimpleData>
            <SimpleData name="Monto">0.00000000000</SimpleData>
            <SimpleData name="Grupo_de_p">G-P2-XX-XX-XX</SimpleData>
            <SimpleData name="Estado_del">Activo</SimpleData>
            <SimpleData name="Empresa">Red Forestal Paraguay SA</SimpleData>
            <SimpleData name="Lote">G</SimpleData>
            <SimpleData name="Parametro">0.00000000000</SimpleData>
            <SimpleData name="Sup_SIG">0.73426965500</SimpleData>
            <SimpleData name="X">-55.95287653000</SimpleData>
            <SimpleData name="Y">-24.48594474000</SimpleData>
            <SimpleData name="cedula">5807574</SimpleData>
            <SimpleData name="Cédula_1">5807574.00000000000</SimpleData>
            <SimpleData name="Estado_d_1">Activo</SimpleData>
            <SimpleData name="OBJECTID_1">7017</SimpleData>
            <SimpleData name="Shape_Leng">355.26454263100</SimpleData>
            <SimpleData name="Shape_Area">7342.69654998000</SimpleData>
          </SchemaData>
        </ExtendedData>
        <Polygon>
          <outerBoundaryIs>
            <LinearRing>
              <coordinates>
                -55.9522862995872,-24.4861446995515,0
                -55.9533239998203,-24.4863326006298,0
                -55.9535191997915,-24.4857977996249,0
                -55.9524115993413,-24.4855278994478,0
                -55.9522862995872,-24.4861446995515,0
              </coordinates>
            </LinearRing>
          </outerBoundaryIs>
        </Polygon>
      </Placemark>
      <Placemark id="Lote_G.62">
        <ExtendedData>
          <SchemaData schemaUrl="#Lote_G.schema">
            <SimpleData name="Cédula">5826148.00000000000</SimpleData>
            <SimpleData name="Nombres_y_">NICASIA BENITEZ DUARTE</SimpleData>
            <SimpleData name="Sexo">Mujer</SimpleData>
            <SimpleData name="Cambio_de_">NO</SimpleData>
            <SimpleData name="Titular_se">NO</SimpleData>
            <SimpleData name="ci_UNIF">5826148.00000000000</SimpleData>
            <SimpleData name="Situación">NO</SimpleData>
            <SimpleData name="Comunidad">Ind?gena</SimpleData>
            <SimpleData name="Modelo_imp">Modelo 5</SimpleData>
            <SimpleData name="Departamen">CANINDEYU</SimpleData>
            <SimpleData name="Distrito">YASY CA?Y</SimpleData>
            <SimpleData name="Localidad">COM INDIG  TAKUA MIRI</SimpleData>
            <SimpleData name="Teléfono">0986843255</SimpleData>
            <SimpleData name="Vivienda_L">-24.40661740000</SimpleData>
            <SimpleData name="Vivienda_1">-56.01196480000</SimpleData>
            <SimpleData name="Superficie">0.70000000000</SimpleData>
            <SimpleData name="Situaci_1">Pol?gono</SimpleData>
            <SimpleData name="Plantado">SI</SimpleData>
            <SimpleData name="Fecha_Plan">2025/10/16</SimpleData>
            <SimpleData name="Jornales">0.00000000000</SimpleData>
            <SimpleData name="Monto">0.00000000000</SimpleData>
            <SimpleData name="Grupo_de_p">G-P1-XX-XX-XX</SimpleData>
            <SimpleData name="Estado_del">Activo</SimpleData>
            <SimpleData name="Empresa">Red Forestal Paraguay SA</SimpleData>
            <SimpleData name="Lote">G</SimpleData>
            <SimpleData name="Parametro">0.00000000000</SimpleData>
            <SimpleData name="Sup_SIG">0.71228627145</SimpleData>
            <SimpleData name="X">-56.01916375000</SimpleData>
            <SimpleData name="Y">-24.41969632000</SimpleData>
            <SimpleData name="cedula">5826148</SimpleData>
            <SimpleData name="Cédula_1">5826148.00000000000</SimpleData>
            <SimpleData name="Estado_d_1">Activo</SimpleData>
            <SimpleData name="OBJECTID_1">7614</SimpleData>
            <SimpleData name="Shape_Leng">364.83276806200</SimpleData>
            <SimpleData name="Shape_Area">7122.86271449000</SimpleData>
          </SchemaData>
        </ExtendedData>
        <Polygon>
          <outerBoundaryIs>
            <LinearRing>
              <coordinates>
                -56.0184052997142,-24.4197151002747,0
                -56.0190450000242,-24.4200970001317,0
                -56.0199666997916,-24.4197033001657,0
                -56.0191867003615,-24.4192833002968,0
                -56.0184052997142,-24.4197151002747,0
              </coordinates>
            </LinearRing>
          </outerBoundaryIs>
        </Polygon>
      </Placemark>
      <Placemark id="Lote_G.63">
        <ExtendedData>
          <SchemaData schemaUrl="#Lote_G.schema">
            <SimpleData name="Cédula">5980227.00000000000</SimpleData>
            <SimpleData name="Nombres_y_">LILIAN IGNACIA MEDINA ACU?A</SimpleData>
            <SimpleData name="Sexo">Mujer</SimpleData>
            <SimpleData name="Cambio_de_">NO</SimpleData>
            <SimpleData name="Titular_se">NO</SimpleData>
            <SimpleData name="ci_UNIF">5980227.00000000000</SimpleData>
            <SimpleData name="Situación">NO</SimpleData>
            <SimpleData name="Comunidad">Campesina</SimpleData>
            <SimpleData name="Modelo_imp">Modelo 4</SimpleData>
            <SimpleData name="Departamen">CANINDEYU</SimpleData>
            <SimpleData name="Distrito">YASY CA?Y</SimpleData>
            <SimpleData name="Localidad">CALLE TACUAPI</SimpleData>
            <SimpleData name="Teléfono">0983914795</SimpleData>
            <SimpleData name="Vivienda_L">-24.56022810000</SimpleData>
            <SimpleData name="Vivienda_1">-55.80382100000</SimpleData>
            <SimpleData name="Superficie">0.70000000000</SimpleData>
            <SimpleData name="Situaci_1">Pol?gono</SimpleData>
            <SimpleData name="Plantado">SI</SimpleData>
            <SimpleData name="Fecha_Plan">2025/11/15</SimpleData>
            <SimpleData name="Jornales">0.00000000000</SimpleData>
            <SimpleData name="Monto">0.00000000000</SimpleData>
            <SimpleData name="Grupo_de_p">G-P1-XX-XX-XX</SimpleData>
            <SimpleData name="Estado_del">Activo</SimpleData>
            <SimpleData name="Empresa">Red Forestal Paraguay SA</SimpleData>
            <SimpleData name="Lote">G</SimpleData>
            <SimpleData name="Parametro">0.00000000000</SimpleData>
            <SimpleData name="Sup_SIG">0.84915507477</SimpleData>
            <SimpleData name="X">-55.80536178000</SimpleData>
            <SimpleData name="Y">-24.56005452000</SimpleData>
            <SimpleData name="cedula">5980227</SimpleData>
            <SimpleData name="Cédula_1">5980227.00000000000</SimpleData>
            <SimpleData name="Estado_d_1">Activo</SimpleData>
            <SimpleData name="OBJECTID_1">6953</SimpleData>
            <SimpleData name="Shape_Leng">370.05155894900</SimpleData>
            <SimpleData name="Shape_Area">8491.55074767000</SimpleData>
          </SchemaData>
        </ExtendedData>
        <Polygon>
          <outerBoundaryIs>
            <LinearRing>
              <coordinates>
                -55.804776700244,-24.5597717002697,0
                -55.8050882997178,-24.5606167000494,0
                -55.8059617003937,-24.5602283004707,0
                -55.8056860998212,-24.5595692999662,0
                -55.804776700244,-24.5597717002697,0
              </coordinates>
            </LinearRing>
          </outerBoundaryIs>
        </Polygon>
      </Placemark>
      <Placemark id="Lote_G.64">
        <ExtendedData>
          <SchemaData schemaUrl="#Lote_G.schema">
            <SimpleData name="Cédula">5256729.00000000000</SimpleData>
            <SimpleData name="Nombres_y_">TEOFILA BARRIOS ROMERO</SimpleData>
            <SimpleData name="Sexo">Mujer</SimpleData>
            <SimpleData name="Cambio_de_">NO</SimpleData>
            <SimpleData name="Titular_se">NO</SimpleData>
            <SimpleData name="ci_UNIF">5256729.00000000000</SimpleData>
            <SimpleData name="Situación">NO</SimpleData>
            <SimpleData name="Comunidad">Ind?gena</SimpleData>
            <SimpleData name="Modelo_imp">Modelo 2</SimpleData>
            <SimpleData name="Departamen">CANINDEYU</SimpleData>
            <SimpleData name="Distrito">YBY PYTA</SimpleData>
            <SimpleData name="Localidad">COM INDIG TEKOHA POTY PYAHU</SimpleData>
            <SimpleData name="Teléfono">0972652202</SimpleData>
            <SimpleData name="Vivienda_L">-24.26374360000</SimpleData>
            <SimpleData name="Vivienda_1">-55.22926660000</SimpleData>
            <SimpleData name="Superficie">0.80000000000</SimpleData>
            <SimpleData name="Situaci_1">Pol?gono</SimpleData>
            <SimpleData name="Plantado">SI</SimpleData>
            <SimpleData name="Fecha_Plan">2025/11/29</SimpleData>
            <SimpleData name="Jornales">0.00000000000</SimpleData>
            <SimpleData name="Monto">0.00000000000</SimpleData>
            <SimpleData name="Grupo_de_p">G-P1-XX-XX-XX</SimpleData>
            <SimpleData name="Estado_del">Activo</SimpleData>
            <SimpleData name="Empresa">Red Forestal Paraguay SA</SimpleData>
            <SimpleData name="Lote">G</SimpleData>
            <SimpleData name="Parametro">0.00000000000</SimpleData>
            <SimpleData name="Sup_SIG">0.88126266431</SimpleData>
            <SimpleData name="X">-55.20485912000</SimpleData>
            <SimpleData name="Y">-24.25222270000</SimpleData>
            <SimpleData name="cedula">5256729</SimpleData>
            <SimpleData name="Cédula_1">5256729.00000000000</SimpleData>
            <SimpleData name="Estado_d_1">Activo</SimpleData>
            <SimpleData name="OBJECTID_1">5292</SimpleData>
            <SimpleData name="Shape_Leng">455.20345613100</SimpleData>
            <SimpleData name="Shape_Area">8812.62664314000</SimpleData>
          </SchemaData>
        </ExtendedData>
        <Polygon>
          <outerBoundaryIs>
            <LinearRing>
              <coordinates>
                -55.2040583561322,-24.2522013130923,0
                -55.2040425002766,-24.2522059997276,0
                -55.2039650000736,-24.2526616997204,0
                -55.2049449997996,-24.2524299995527,0
                -55.2050200009822,-24.252446700011,0
                -55.2057300001749,-24.2522117003178,0
                -55.2056554460524,-24.2518575687543,0
                -55.2056245590599,-24.2517782318883,0
                -55.2046959531719,-24.2520292985304,0
                -55.204058299479,-24.2522017006717,0
                -55.2040583561322,-24.2522013130923,0
              </coordinates>
            </LinearRing>
          </outerBoundaryIs>
        </Polygon>
      </Placemark>
      <Placemark id="Lote_G.65">
        <ExtendedData>
          <SchemaData schemaUrl="#Lote_G.schema">
            <SimpleData name="Cédula">5316192.00000000000</SimpleData>
            <SimpleData name="Nombres_y_">MIRTA RAQUEL ENCISO PERALTA</SimpleData>
            <SimpleData name="Sexo">Mujer</SimpleData>
            <SimpleData name="Cambio_de_">NO</SimpleData>
            <SimpleData name="Titular_se">NO</SimpleData>
            <SimpleData name="ci_UNIF">5316192.00000000000</SimpleData>
            <SimpleData name="Situación">NO</SimpleData>
            <SimpleData name="Comunidad">Ind?gena</SimpleData>
            <SimpleData name="Modelo_imp">Modelo 5</SimpleData>
            <SimpleData name="Departamen">CANINDEYU</SimpleData>
            <SimpleData name="Distrito">YBY PYTA</SimpleData>
            <SimpleData name="Localidad">COM INDIG YRYAPU</SimpleData>
            <SimpleData name="Teléfono">0986886008</SimpleData>
            <SimpleData name="Vivienda_L">-24.32243040000</SimpleData>
            <SimpleData name="Vivienda_1">-55.32159400000</SimpleData>
            <SimpleData name="Superficie">0.70000000000</SimpleData>
            <SimpleData name="Situaci_1">Pol?gono</SimpleData>
            <SimpleData name="Plantado">SI</SimpleData>
            <SimpleData name="Fecha_Plan">2025/11/09</SimpleData>
            <SimpleData name="Jornales">0.00000000000</SimpleData>
            <SimpleData name="Monto">0.00000000000</SimpleData>
            <SimpleData name="Grupo_de_p">G-P3-XX-XX-XX</SimpleData>
            <SimpleData name="Estado_del">Activo</SimpleData>
            <SimpleData name="Empresa">Red Forestal Paraguay SA</SimpleData>
            <SimpleData name="Lote">G</SimpleData>
            <SimpleData name="Parametro">0.00000000000</SimpleData>
            <SimpleData name="Sup_SIG">0.72467913136</SimpleData>
            <SimpleData name="X">-55.32225718000</SimpleData>
            <SimpleData name="Y">-24.32216294000</SimpleData>
            <SimpleData name="cedula">5316192</SimpleData>
            <SimpleData name="Cédula_1">5316192.00000000000</SimpleData>
            <SimpleData name="Estado_d_1">Activo</SimpleData>
            <SimpleData name="OBJECTID_1">8600</SimpleData>
            <SimpleData name="Shape_Leng">331.71477834400</SimpleData>
            <SimpleData name="Shape_Area">7246.79131359000</SimpleData>
          </SchemaData>
        </ExtendedData>
        <Polygon>
          <outerBoundaryIs>
            <LinearRing>
              <coordinates>
                -55.3222464692588,-24.3216864881082,0
                -55.3218642000294,-24.3218535996804,0
                -55.3217653996193,-24.3221969002785,0
                -55.3220916997401,-24.3226482996833,0
                -55.3228517004147,-24.3223717002124,0
                -55.3223659480236,-24.3216520012217,0
                -55.3222464692588,-24.3216864881082,0
              </coordinates>
            </LinearRing>
          </outerBoundaryIs>
        </Polygon>
      </Placemark>
      <Placemark id="Lote_G.66">
        <ExtendedData>
          <SchemaData schemaUrl="#Lote_G.schema">
            <SimpleData name="Cédula">7308136.00000000000</SimpleData>
            <SimpleData name="Nombres_y_">GERONIMA GONZALEZ VERA</SimpleData>
            <SimpleData name="Sexo">Mujer</SimpleData>
            <SimpleData name="Cambio_de_">NO</SimpleData>
            <SimpleData name="Titular_se">NO</SimpleData>
            <SimpleData name="ci_UNIF">7308136.00000000000</SimpleData>
            <SimpleData name="Situación">NO</SimpleData>
            <SimpleData name="Comunidad">Ind?gena</SimpleData>
            <SimpleData name="Modelo_imp">Modelo 4</SimpleData>
            <SimpleData name="Departamen">CANINDEYU</SimpleData>
            <SimpleData name="Distrito">YASY CA?Y</SimpleData>
            <SimpleData name="Localidad">COM INDIG GUAVIRA POTY</SimpleData>
            <SimpleData name="Teléfono">0985742427</SimpleData>
            <SimpleData name="Vivienda_L">-24.52731390000</SimpleData>
            <SimpleData name="Vivienda_1">-55.95921760000</SimpleData>
            <SimpleData name="Superficie">0.70000000000</SimpleData>
            <SimpleData name="Situaci_1">Pol?gono</SimpleData>
            <SimpleData name="Plantado">SI</SimpleData>
            <SimpleData name="Fecha_Plan">2025/11/14</SimpleData>
            <SimpleData name="Jornales">0.00000000000</SimpleData>
            <SimpleData name="Monto">0.00000000000</SimpleData>
            <SimpleData name="Grupo_de_p">G-P1-XX-XX-XX</SimpleData>
            <SimpleData name="Estado_del">Activo</SimpleData>
            <SimpleData name="Empresa">Red Forestal Paraguay SA</SimpleData>
            <SimpleData name="Lote">G</SimpleData>
            <SimpleData name="Parametro">0.00000000000</SimpleData>
            <SimpleData name="Sup_SIG">0.69744168472</SimpleData>
            <SimpleData name="X">-55.95879596000</SimpleData>
            <SimpleData name="Y">-24.52297059000</SimpleData>
            <SimpleData name="cedula">7308136</SimpleData>
            <SimpleData name="Cédula_1">7308136.00000000000</SimpleData>
            <SimpleData name="Estado_d_1">Activo</SimpleData>
            <SimpleData name="OBJECTID_1">7007</SimpleData>
            <SimpleData name="Shape_Leng">338.88976495300</SimpleData>
            <SimpleData name="Shape_Area">6974.41684718000</SimpleData>
          </SchemaData>
        </ExtendedData>
        <Polygon>
          <outerBoundaryIs>
            <LinearRing>
              <coordinates>
                -55.9582800003169,-24.5231666999391,0
                -55.9591266997542,-24.5234167000709,0
                -55.9593749999106,-24.5228119004608,0
                -55.9583949998352,-24.5225182998522,0
                -55.9582800003169,-24.5231666999391,0
              </coordinates>
            </LinearRing>
          </outerBoundaryIs>
        </Polygon>
      </Placemark>
      <Placemark id="Lote_G.67">
        <ExtendedData>
          <SchemaData schemaUrl="#Lote_G.schema">
            <SimpleData name="Cédula">7224728.00000000000</SimpleData>
            <SimpleData name="Nombres_y_">SILDA CABRERA VILLAR</SimpleData>
            <SimpleData name="Sexo">Mujer</SimpleData>
            <SimpleData name="Cambio_de_">NO</SimpleData>
            <SimpleData name="Titular_se">NO</SimpleData>
            <SimpleData name="ci_UNIF">7224728.00000000000</SimpleData>
            <SimpleData name="Situación">NO</SimpleData>
            <SimpleData name="Comunidad">Ind?gena</SimpleData>
            <SimpleData name="Modelo_imp">Modelo 1</SimpleData>
            <SimpleData name="Departamen">CANINDEYU</SimpleData>
            <SimpleData name="Distrito">YBY PYTA</SimpleData>
            <SimpleData name="Localidad">COM INDIG YRYAPU</SimpleData>
            <SimpleData name="Teléfono">0982491177</SimpleData>
            <SimpleData name="Vivienda_L">-24.31995850000</SimpleData>
            <SimpleData name="Vivienda_1">-55.32031070000</SimpleData>
            <SimpleData name="Superficie">0.80000000000</SimpleData>
            <SimpleData name="Situaci_1">Par?metro</SimpleData>
            <SimpleData name="Plantado">SI</SimpleData>
            <SimpleData name="Fecha_Plan">2025/11/08</SimpleData>
            <SimpleData name="Jornales">0.00000000000</SimpleData>
            <SimpleData name="Monto">0.00000000000</SimpleData>
            <SimpleData name="Grupo_de_p">G-P3-XX-XX-XX</SimpleData>
            <SimpleData name="Estado_del">Activo</SimpleData>
            <SimpleData name="Empresa">Red Forestal Paraguay SA</SimpleData>
            <SimpleData name="Lote">G</SimpleData>
            <SimpleData name="Parametro">0.00000000000</SimpleData>
            <SimpleData name="Sup_SIG">0.82271138597</SimpleData>
            <SimpleData name="X">-55.32121713000</SimpleData>
            <SimpleData name="Y">-24.31954052000</SimpleData>
            <SimpleData name="cedula">7224728</SimpleData>
            <SimpleData name="Cédula_1">7224728.00000000000</SimpleData>
            <SimpleData name="Estado_d_1">Activo</SimpleData>
            <SimpleData name="OBJECTID_1">8684</SimpleData>
            <SimpleData name="Shape_Leng">430.49149656500</SimpleData>
            <SimpleData name="Shape_Area">8227.11385971000</SimpleData>
          </SchemaData>
        </ExtendedData>
        <Polygon>
          <outerBoundaryIs>
            <LinearRing>
              <coordinates>
                -55.3212217000038,-24.3193249996987,0
                -55.3208266995772,-24.3193550004313,0
                -55.3207933001069,-24.3193183005158,0
                -55.3203667002899,-24.3194482996932,0
                -55.3205161005494,-24.3198859999384,0
                -55.3220818003436,-24.3196299005138,0
                -55.3220183004123,-24.3192233001908,0
                -55.3212217000038,-24.3193249996987,0
              </coordinates>
            </LinearRing>
          </outerBoundaryIs>
        </Polygon>
      </Placemark>
      <Placemark id="Lote_G.68">
        <ExtendedData>
          <SchemaData schemaUrl="#Lote_G.schema">
            <SimpleData name="Cédula">5073233.00000000000</SimpleData>
            <SimpleData name="Nombres_y_">LUISA MBEPEGI</SimpleData>
            <SimpleData name="Sexo">Mujer</SimpleData>
            <SimpleData name="Cambio_de_">NO</SimpleData>
            <SimpleData name="Titular_se">NO</SimpleData>
            <SimpleData name="ci_UNIF">5073233.00000000000</SimpleData>
            <SimpleData name="Situación">NO</SimpleData>
            <SimpleData name="Comunidad">Ind?gena</SimpleData>
            <SimpleData name="Modelo_imp">Modelo 4</SimpleData>
            <SimpleData name="Departamen">CANINDEYU</SimpleData>
            <SimpleData name="Distrito">YBY PYTA</SimpleData>
            <SimpleData name="Localidad">COM INDIG KUETUVY</SimpleData>
            <SimpleData name="Teléfono">0984216713</SimpleData>
            <SimpleData name="Vivienda_L">-24.28723050000</SimpleData>
            <SimpleData name="Vivienda_1">-55.41580030000</SimpleData>
            <SimpleData name="Superficie">0.70000000000</SimpleData>
            <SimpleData name="Situaci_1">Par?metro</SimpleData>
            <SimpleData name="Plantado">SI</SimpleData>
            <SimpleData name="Fecha_Plan">2025/11/29</SimpleData>
            <SimpleData name="Jornales">0.00000000000</SimpleData>
            <SimpleData name="Monto">0.00000000000</SimpleData>
            <SimpleData name="Grupo_de_p">G-P1-XX-XX-XX</SimpleData>
            <SimpleData name="Estado_del">Activo</SimpleData>
            <SimpleData name="Empresa">Red Forestal Paraguay SA</SimpleData>
            <SimpleData name="Lote">G</SimpleData>
            <SimpleData name="Parametro">0.00000000000</SimpleData>
            <SimpleData name="Sup_SIG">0.82109352822</SimpleData>
            <SimpleData name="X">-55.40518455000</SimpleData>
            <SimpleData name="Y">-24.29272348000</SimpleData>
            <SimpleData name="cedula">5073233</SimpleData>
            <SimpleData name="Cédula_1">5073233.00000000000</SimpleData>
            <SimpleData name="Estado_d_1">Activo</SimpleData>
            <SimpleData name="OBJECTID_1">7076</SimpleData>
            <SimpleData name="Shape_Leng">367.05435183800</SimpleData>
            <SimpleData name="Shape_Area">8210.93528224000</SimpleData>
          </SchemaData>
        </ExtendedData>
        <Polygon>
          <outerBoundaryIs>
            <LinearRing>
              <coordinates>
                -55.4045215995439,-24.2927675997572,0
                -55.4054649998872,-24.293293300104,0
                -55.4057766998207,-24.2925216998977,0
                -55.4049267004432,-24.2922350002003,0
                -55.4045215995439,-24.2927675997572,0
              </coordinates>
            </LinearRing>
          </outerBoundaryIs>
        </Polygon>
      </Placemark>
      <Placemark id="Lote_G.69">
        <ExtendedData>
          <SchemaData schemaUrl="#Lote_G.schema">
            <SimpleData name="Cédula">5957407.00000000000</SimpleData>
            <SimpleData name="Nombres_y_">CANDIDO HUGO GALEANO ROMERO</SimpleData>
            <SimpleData name="Sexo">Hombre</SimpleData>
            <SimpleData name="Cambio_de_">NO</SimpleData>
            <SimpleData name="Titular_se">NO</SimpleData>
            <SimpleData name="ci_UNIF">5957407.00000000000</SimpleData>
            <SimpleData name="Situación">NO</SimpleData>
            <SimpleData name="Comunidad">Ind?gena</SimpleData>
            <SimpleData name="Modelo_imp">Modelo 5</SimpleData>
            <SimpleData name="Departamen">CANINDEYU</SimpleData>
            <SimpleData name="Distrito">YASY CA?Y</SimpleData>
            <SimpleData name="Localidad">COM INDIG  TAKUA MIRI</SimpleData>
            <SimpleData name="Teléfono">0984696586</SimpleData>
            <SimpleData name="Vivienda_L">-24.41058670000</SimpleData>
            <SimpleData name="Vivienda_1">-56.00481660000</SimpleData>
            <SimpleData name="Superficie">0.70000000000</SimpleData>
            <SimpleData name="Situaci_1">Pol?gono</SimpleData>
            <SimpleData name="Plantado">SI</SimpleData>
            <SimpleData name="Fecha_Plan">2025/11/14</SimpleData>
            <SimpleData name="Jornales">0.00000000000</SimpleData>
            <SimpleData name="Monto">0.00000000000</SimpleData>
            <SimpleData name="Grupo_de_p">G-P1-XX-XX-XX</SimpleData>
            <SimpleData name="Estado_del">Activo</SimpleData>
            <SimpleData name="Empresa">Red Forestal Paraguay SA</SimpleData>
            <SimpleData name="Lote">G</SimpleData>
            <SimpleData name="Parametro">0.00000000000</SimpleData>
            <SimpleData name="Sup_SIG">0.82623580601</SimpleData>
            <SimpleData name="X">-56.02208803000</SimpleData>
            <SimpleData name="Y">-24.41311202000</SimpleData>
            <SimpleData name="cedula">5957407</SimpleData>
            <SimpleData name="Cédula_1">5957407.00000000000</SimpleData>
            <SimpleData name="Estado_d_1">Activo</SimpleData>
            <SimpleData name="OBJECTID_1">5257</SimpleData>
            <SimpleData name="Shape_Leng">482.87650839000</SimpleData>
            <SimpleData name="Shape_Area">8262.35806014000</SimpleData>
          </SchemaData>
        </ExtendedData>
        <Polygon>
          <outerBoundaryIs>
            <LinearRing>
              <coordinates>
                -56.0218883001558,-24.4120349998786,0
                -56.0218582998299,-24.4139033001586,0
                -56.0224471000926,-24.4138379006417,0
                -56.0221456995118,-24.4122139001539,0
                -56.0220500997565,-24.4121103002143,0
                -56.0218883001558,-24.4120349998786,0
              </coordinates>
            </LinearRing>
          </outerBoundaryIs>
        </Polygon>
      </Placemark>
      <Placemark id="Lote_G.70">
        <ExtendedData>
          <SchemaData schemaUrl="#Lote_G.schema">
            <SimpleData name="Cédula">7275190.00000000000</SimpleData>
            <SimpleData name="Nombres_y_">LIMPIA AQUINO MENDOZA</SimpleData>
            <SimpleData name="Sexo">Mujer</SimpleData>
            <SimpleData name="Cambio_de_">NO</SimpleData>
            <SimpleData name="Titular_se">NO</SimpleData>
            <SimpleData name="ci_UNIF">7275190.00000000000</SimpleData>
            <SimpleData name="Situación">NO</SimpleData>
            <SimpleData name="Comunidad">Ind?gena</SimpleData>
            <SimpleData name="Modelo_imp">Modelo 4</SimpleData>
            <SimpleData name="Departamen">CANINDEYU</SimpleData>
            <SimpleData name="Distrito">YASY CA?Y</SimpleData>
            <SimpleData name="Localidad"><![CDATA[COM INDIG KO'E RORY]]></SimpleData>
            <SimpleData name="Teléfono">0981246879</SimpleData>
            <SimpleData name="Vivienda_L">-24.49199740000</SimpleData>
            <SimpleData name="Vivienda_1">-55.94937280000</SimpleData>
            <SimpleData name="Superficie">0.70000000000</SimpleData>
            <SimpleData name="Situaci_1">Pol?gono</SimpleData>
            <SimpleData name="Plantado">SI</SimpleData>
            <SimpleData name="Fecha_Plan">2025/11/14</SimpleData>
            <SimpleData name="Jornales">0.00000000000</SimpleData>
            <SimpleData name="Monto">0.00000000000</SimpleData>
            <SimpleData name="Grupo_de_p">G-P1-XX-XX-XX</SimpleData>
            <SimpleData name="Estado_del">Activo</SimpleData>
            <SimpleData name="Empresa">Red Forestal Paraguay SA</SimpleData>
            <SimpleData name="Lote">G</SimpleData>
            <SimpleData name="Parametro">0.00000000000</SimpleData>
            <SimpleData name="Sup_SIG">0.83835817522</SimpleData>
            <SimpleData name="X">-55.96044652000</SimpleData>
            <SimpleData name="Y">-24.49575388000</SimpleData>
            <SimpleData name="cedula">7275190</SimpleData>
            <SimpleData name="Cédula_1">7275190.00000000000</SimpleData>
            <SimpleData name="Estado_d_1">Activo</SimpleData>
            <SimpleData name="OBJECTID_1">5269</SimpleData>
            <SimpleData name="Shape_Leng">370.52763017300</SimpleData>
            <SimpleData name="Shape_Area">8383.58175223000</SimpleData>
          </SchemaData>
        </ExtendedData>
        <Polygon>
          <outerBoundaryIs>
            <LinearRing>
              <coordinates>
                -55.9599250008606,-24.4961616998478,0
                -55.9607716995556,-24.4962483004554,0
                -55.9609243000539,-24.4953965997937,0
                -55.9602182998297,-24.4951766994942,0
                -55.9599250008606,-24.4961616998478,0
              </coordinates>
            </LinearRing>
          </outerBoundaryIs>
        </Polygon>
      </Placemark>
      <Placemark id="Lote_G.71">
        <ExtendedData>
          <SchemaData schemaUrl="#Lote_G.schema">
            <SimpleData name="Cédula">5906618.00000000000</SimpleData>
            <SimpleData name="Nombres_y_">MIGDONIA GONZALEZ VERA</SimpleData>
            <SimpleData name="Sexo">Mujer</SimpleData>
            <SimpleData name="Cambio_de_">NO</SimpleData>
            <SimpleData name="Titular_se">NO</SimpleData>
            <SimpleData name="ci_UNIF">5906618.00000000000</SimpleData>
            <SimpleData name="Situación">NO</SimpleData>
            <SimpleData name="Comunidad">Ind?gena</SimpleData>
            <SimpleData name="Modelo_imp">Modelo 4</SimpleData>
            <SimpleData name="Departamen">CANINDEYU</SimpleData>
            <SimpleData name="Distrito">YASY CA?Y</SimpleData>
            <SimpleData name="Localidad">COM INDIG KANINDE</SimpleData>
            <SimpleData name="Teléfono">ND</SimpleData>
            <SimpleData name="Vivienda_L">-24.40919880000</SimpleData>
            <SimpleData name="Vivienda_1">-55.99602100000</SimpleData>
            <SimpleData name="Superficie">0.70000000000</SimpleData>
            <SimpleData name="Situaci_1">Pol?gono</SimpleData>
            <SimpleData name="Plantado">SI</SimpleData>
            <SimpleData name="Fecha_Plan">2025/10/22</SimpleData>
            <SimpleData name="Jornales">0.00000000000</SimpleData>
            <SimpleData name="Monto">0.00000000000</SimpleData>
            <SimpleData name="Grupo_de_p">G-P1-XX-XX-XX</SimpleData>
            <SimpleData name="Estado_del">Activo</SimpleData>
            <SimpleData name="Empresa">Red Forestal Paraguay SA</SimpleData>
            <SimpleData name="Lote">G</SimpleData>
            <SimpleData name="Parametro">0.00000000000</SimpleData>
            <SimpleData name="Sup_SIG">0.71526136081</SimpleData>
            <SimpleData name="X">-56.00141811000</SimpleData>
            <SimpleData name="Y">-24.41210675000</SimpleData>
            <SimpleData name="cedula">5906618</SimpleData>
            <SimpleData name="Cédula_1">5906618.00000000000</SimpleData>
            <SimpleData name="Estado_d_1">Activo</SimpleData>
            <SimpleData name="OBJECTID_1">7001</SimpleData>
            <SimpleData name="Shape_Leng">364.16843875200</SimpleData>
            <SimpleData name="Shape_Area">7152.61360808000</SimpleData>
          </SchemaData>
        </ExtendedData>
        <Polygon>
          <outerBoundaryIs>
            <LinearRing>
              <coordinates>
                -56.0007883001516,-24.4123167000868,0
                -56.0018917995172,-24.4124280997925,0
                -56.0021645999163,-24.4120001000455,0
                -56.0009167002244,-24.4117266998073,0
                -56.0007883001516,-24.4123167000868,0
              </coordinates>
            </LinearRing>
          </outerBoundaryIs>
        </Polygon>
      </Placemark>
      <Placemark id="Lote_G.72">
        <ExtendedData>
          <SchemaData schemaUrl="#Lote_G.schema">
            <SimpleData name="Cédula">8696693.00000000000</SimpleData>
            <SimpleData name="Nombres_y_">LIZ CAROLINA BENITEZ</SimpleData>
            <SimpleData name="Sexo">Mujer</SimpleData>
            <SimpleData name="Cambio_de_">NO</SimpleData>
            <SimpleData name="Titular_se">NO</SimpleData>
            <SimpleData name="ci_UNIF">8696693.00000000000</SimpleData>
            <SimpleData name="Situación">NO</SimpleData>
            <SimpleData name="Comunidad">Ind?gena</SimpleData>
            <SimpleData name="Modelo_imp">Modelo 1</SimpleData>
            <SimpleData name="Departamen">CANINDEYU</SimpleData>
            <SimpleData name="Distrito">YASY CA?Y</SimpleData>
            <SimpleData name="Localidad"><![CDATA[COM INDIG KA'AGUY POTY KAMBA]]></SimpleData>
            <SimpleData name="Teléfono">0971842260</SimpleData>
            <SimpleData name="Vivienda_L">-24.56258760000</SimpleData>
            <SimpleData name="Vivienda_1">-55.92267640000</SimpleData>
            <SimpleData name="Superficie">0.80000000000</SimpleData>
            <SimpleData name="Situaci_1">Pol?gono</SimpleData>
            <SimpleData name="Plantado">SI</SimpleData>
            <SimpleData name="Fecha_Plan">2025/09/29</SimpleData>
            <SimpleData name="Jornales">0.00000000000</SimpleData>
            <SimpleData name="Monto">0.00000000000</SimpleData>
            <SimpleData name="Grupo_de_p">G-P1-XX-XX-XX</SimpleData>
            <SimpleData name="Estado_del">Activo</SimpleData>
            <SimpleData name="Empresa">Red Forestal Paraguay SA</SimpleData>
            <SimpleData name="Lote">G</SimpleData>
            <SimpleData name="Parametro">0.00000000000</SimpleData>
            <SimpleData name="Sup_SIG">0.96362209768</SimpleData>
            <SimpleData name="X">-55.92334157000</SimpleData>
            <SimpleData name="Y">-24.56188140000</SimpleData>
            <SimpleData name="cedula">8696693</SimpleData>
            <SimpleData name="Cédula_1">8696693.00000000000</SimpleData>
            <SimpleData name="Estado_d_1">Activo</SimpleData>
            <SimpleData name="OBJECTID_1">6989</SimpleData>
            <SimpleData name="Shape_Leng">539.95727688100</SimpleData>
            <SimpleData name="Shape_Area">9636.22097680000</SimpleData>
          </SchemaData>
        </ExtendedData>
        <MultiGeometry>
          <Polygon>
            <outerBoundaryIs>
              <LinearRing>
                <coordinates>
                  -55.9233467008759,-24.562641799984,0
                  -55.9236099000636,-24.56193660019,0
                  -55.9229112999513,-24.5616634999364,0
                  -55.9226809992927,-24.5615960993984,0
                  -55.9224064992325,-24.562081700722,0
                  -55.9224967003339,-24.5621399995756,0
                  -55.9224930000483,-24.5621724000805,0
                  -55.9233467008759,-24.562641799984,0
                </coordinates>
              </LinearRing>
            </outerBoundaryIs>
          </Polygon>
          <Polygon>
            <outerBoundaryIs>
              <LinearRing>
                <coordinates>
                  -55.924959800009,-24.5612099006131,0
                  -55.9250938993863,-24.5609683998234,0
                  -55.9245019000105,-24.5607581994512,0
                  -55.9244426992764,-24.5610114999223,0
                  -55.924959800009,-24.5612099006131,0
                </coordinates>
              </LinearRing>
            </outerBoundaryIs>
          </Polygon>
        </MultiGeometry>
      </Placemark>
      <Placemark id="Lote_G.73">
        <ExtendedData>
          <SchemaData schemaUrl="#Lote_G.schema">
            <SimpleData name="Cédula">5960732.00000000000</SimpleData>
            <SimpleData name="Nombres_y_">CATALINA VERA</SimpleData>
            <SimpleData name="Sexo">Mujer</SimpleData>
            <SimpleData name="Cambio_de_">NO</SimpleData>
            <SimpleData name="Titular_se">NO</SimpleData>
            <SimpleData name="ci_UNIF">5960732.00000000000</SimpleData>
            <SimpleData name="Situación">NO</SimpleData>
            <SimpleData name="Comunidad">Ind?gena</SimpleData>
            <SimpleData name="Modelo_imp">Modelo 4</SimpleData>
            <SimpleData name="Departamen">CANINDEYU</SimpleData>
            <SimpleData name="Distrito">YBY PYTA</SimpleData>
            <SimpleData name="Localidad">COM INDIG KUETUVY</SimpleData>
            <SimpleData name="Teléfono">0985906751</SimpleData>
            <SimpleData name="Vivienda_L">-24.28756860000</SimpleData>
            <SimpleData name="Vivienda_1">-55.41616870000</SimpleData>
            <SimpleData name="Superficie">0.70000000000</SimpleData>
            <SimpleData name="Situaci_1">Par?metro</SimpleData>
            <SimpleData name="Plantado">SI</SimpleData>
            <SimpleData name="Fecha_Plan">2025/11/29</SimpleData>
            <SimpleData name="Jornales">0.00000000000</SimpleData>
            <SimpleData name="Monto">0.00000000000</SimpleData>
            <SimpleData name="Grupo_de_p">G-P1-XX-XX-XX</SimpleData>
            <SimpleData name="Estado_del">Activo</SimpleData>
            <SimpleData name="Empresa">Red Forestal Paraguay SA</SimpleData>
            <SimpleData name="Lote">G</SimpleData>
            <SimpleData name="Parametro">0.00000000000</SimpleData>
            <SimpleData name="Sup_SIG">0.70517663215</SimpleData>
            <SimpleData name="X">-55.40626700000</SimpleData>
            <SimpleData name="Y">-24.29372609000</SimpleData>
            <SimpleData name="cedula">5960732</SimpleData>
            <SimpleData name="Cédula_1">5960732.00000000000</SimpleData>
            <SimpleData name="Estado_d_1">Activo</SimpleData>
            <SimpleData name="OBJECTID_1">7077</SimpleData>
            <SimpleData name="Shape_Leng">364.79153896400</SimpleData>
            <SimpleData name="Shape_Area">7051.76632149000</SimpleData>
          </SchemaData>
        </ExtendedData>
        <Polygon>
          <outerBoundaryIs>
            <LinearRing>
              <coordinates>
                -55.4058816995177,-24.2933800001265,0
                -55.4057531999315,-24.2941181000671,0
                -55.406568299594,-24.2940766997377,0
                -55.4066183003232,-24.2937117000149,0
                -55.4068115996435,-24.2936983996969,0
                -55.4069190998287,-24.2934138996122,0
                -55.4058816995177,-24.2933800001265,0
              </coordinates>
            </LinearRing>
          </outerBoundaryIs>
        </Polygon>
      </Placemark>
      <Placemark id="Lote_G.74">
        <ExtendedData>
          <SchemaData schemaUrl="#Lote_G.schema">
            <SimpleData name="Cédula">3959726.00000000000</SimpleData>
            <SimpleData name="Nombres_y_">FEDERICO GONZALEZ VERA</SimpleData>
            <SimpleData name="Sexo">Hombre</SimpleData>
            <SimpleData name="Cambio_de_">NO</SimpleData>
            <SimpleData name="Titular_se">NO</SimpleData>
            <SimpleData name="ci_UNIF">3959726.00000000000</SimpleData>
            <SimpleData name="Situación">NO</SimpleData>
            <SimpleData name="Comunidad">Ind?gena</SimpleData>
            <SimpleData name="Modelo_imp">Modelo 5</SimpleData>
            <SimpleData name="Departamen">CANINDEYU</SimpleData>
            <SimpleData name="Distrito">YASY CA?Y</SimpleData>
            <SimpleData name="Localidad">COM INDIG  TAKUA MIRI</SimpleData>
            <SimpleData name="Teléfono">ND</SimpleData>
            <SimpleData name="Vivienda_L">-24.42136130000</SimpleData>
            <SimpleData name="Vivienda_1">-56.01709710000</SimpleData>
            <SimpleData name="Superficie">0.70000000000</SimpleData>
            <SimpleData name="Situaci_1">Pol?gono</SimpleData>
            <SimpleData name="Plantado">SI</SimpleData>
            <SimpleData name="Fecha_Plan">2025/10/16</SimpleData>
            <SimpleData name="Jornales">0.00000000000</SimpleData>
            <SimpleData name="Monto">0.00000000000</SimpleData>
            <SimpleData name="Grupo_de_p">G-P1-XX-XX-XX</SimpleData>
            <SimpleData name="Estado_del">Activo</SimpleData>
            <SimpleData name="Empresa">Red Forestal Paraguay SA</SimpleData>
            <SimpleData name="Lote">G</SimpleData>
            <SimpleData name="Parametro">0.00000000000</SimpleData>
            <SimpleData name="Sup_SIG">0.76670258332</SimpleData>
            <SimpleData name="X">-56.01760143000</SimpleData>
            <SimpleData name="Y">-24.41979421000</SimpleData>
            <SimpleData name="cedula">3959726</SimpleData>
            <SimpleData name="Cédula_1">3959726.00000000000</SimpleData>
            <SimpleData name="Estado_d_1">Activo</SimpleData>
            <SimpleData name="OBJECTID_1">7617</SimpleData>
            <SimpleData name="Shape_Leng">352.50313123300</SimpleData>
            <SimpleData name="Shape_Area">7667.02583315000</SimpleData>
          </SchemaData>
        </ExtendedData>
        <Polygon>
          <outerBoundaryIs>
            <LinearRing>
              <coordinates>
                -56.0170069994162,-24.419871399684,0
                -56.0177032996969,-24.4203249997664,0
                -56.0182599997671,-24.4197149995041,0
                -56.0173740006695,-24.4192761001068,0
                -56.0170069994162,-24.419871399684,0
              </coordinates>
            </LinearRing>
          </outerBoundaryIs>
        </Polygon>
      </Placemark>
      <Placemark id="Lote_G.75">
        <ExtendedData>
          <SchemaData schemaUrl="#Lote_G.schema">
            <SimpleData name="Cédula">2076665.00000000000</SimpleData>
            <SimpleData name="Nombres_y_">ESTELA DUARTE DE CABA?A</SimpleData>
            <SimpleData name="Sexo">Mujer</SimpleData>
            <SimpleData name="Cambio_de_">NO</SimpleData>
            <SimpleData name="Titular_se">NO</SimpleData>
            <SimpleData name="ci_UNIF">2076665.00000000000</SimpleData>
            <SimpleData name="Situación">NO</SimpleData>
            <SimpleData name="Comunidad">Campesina</SimpleData>
            <SimpleData name="Modelo_imp">Modelo 5</SimpleData>
            <SimpleData name="Departamen">CANINDEYU</SimpleData>
            <SimpleData name="Distrito">YASY CA?Y</SimpleData>
            <SimpleData name="Localidad">YASY KA?Y</SimpleData>
            <SimpleData name="Teléfono">0985349242</SimpleData>
            <SimpleData name="Vivienda_L">-24.52249740000</SimpleData>
            <SimpleData name="Vivienda_1">-55.87175500000</SimpleData>
            <SimpleData name="Superficie">0.70000000000</SimpleData>
            <SimpleData name="Situaci_1">Pol?gono</SimpleData>
            <SimpleData name="Plantado">SI</SimpleData>
            <SimpleData name="Fecha_Plan">2025/10/15</SimpleData>
            <SimpleData name="Jornales">0.00000000000</SimpleData>
            <SimpleData name="Monto">0.00000000000</SimpleData>
            <SimpleData name="Grupo_de_p">G-P1-XX-XX-XX</SimpleData>
            <SimpleData name="Estado_del">Activo</SimpleData>
            <SimpleData name="Empresa">Red Forestal Paraguay SA</SimpleData>
            <SimpleData name="Lote">G</SimpleData>
            <SimpleData name="Parametro">0.00000000000</SimpleData>
            <SimpleData name="Sup_SIG">0.72880855398</SimpleData>
            <SimpleData name="X">-55.86552441000</SimpleData>
            <SimpleData name="Y">-24.53526675000</SimpleData>
            <SimpleData name="cedula">2076665</SimpleData>
            <SimpleData name="Cédula_1">2076665.00000000000</SimpleData>
            <SimpleData name="Estado_d_1">Activo</SimpleData>
            <SimpleData name="OBJECTID_1">6548</SimpleData>
            <SimpleData name="Shape_Leng">412.02264500900</SimpleData>
            <SimpleData name="Shape_Area">7288.08553981000</SimpleData>
          </SchemaData>
        </ExtendedData>
        <Polygon>
          <outerBoundaryIs>
            <LinearRing>
              <coordinates>
                -55.8647516999694,-24.5354550002958,0
                -55.8663516999456,-24.535490000531,0
                -55.8663217000238,-24.5351117001649,0
                -55.8647592997324,-24.5350105997006,0
                -55.8647516999694,-24.5354550002958,0
              </coordinates>
            </LinearRing>
          </outerBoundaryIs>
        </Polygon>
      </Placemark>
      <Placemark id="Lote_G.76">
        <ExtendedData>
          <SchemaData schemaUrl="#Lote_G.schema">
            <SimpleData name="Cédula">5138322.00000000000</SimpleData>
            <SimpleData name="Nombres_y_">RODOLFO PORTILLO MENDOZA</SimpleData>
            <SimpleData name="Sexo">Hombre</SimpleData>
            <SimpleData name="Cambio_de_">NO</SimpleData>
            <SimpleData name="Titular_se">NO</SimpleData>
            <SimpleData name="ci_UNIF">5138322.00000000000</SimpleData>
            <SimpleData name="Situación">NO</SimpleData>
            <SimpleData name="Comunidad">Ind?gena</SimpleData>
            <SimpleData name="Modelo_imp">Modelo 2</SimpleData>
            <SimpleData name="Departamen">CANINDEYU</SimpleData>
            <SimpleData name="Distrito">YASY CA?Y</SimpleData>
            <SimpleData name="Localidad"><![CDATA[COM INDIG VY'ARENDA]]></SimpleData>
            <SimpleData name="Teléfono">0981693499</SimpleData>
            <SimpleData name="Vivienda_L">-24.54708400000</SimpleData>
            <SimpleData name="Vivienda_1">-55.76726800000</SimpleData>
            <SimpleData name="Superficie">0.80000000000</SimpleData>
            <SimpleData name="Situaci_1">Pol?gono</SimpleData>
            <SimpleData name="Plantado">SI</SimpleData>
            <SimpleData name="Fecha_Plan">2025/10/25</SimpleData>
            <SimpleData name="Jornales">0.00000000000</SimpleData>
            <SimpleData name="Monto">0.00000000000</SimpleData>
            <SimpleData name="Grupo_de_p">G-P1-XX-XX-XX</SimpleData>
            <SimpleData name="Estado_del">Activo</SimpleData>
            <SimpleData name="Empresa">Red Forestal Paraguay SA</SimpleData>
            <SimpleData name="Lote">G</SimpleData>
            <SimpleData name="Parametro">0.00000000000</SimpleData>
            <SimpleData name="Sup_SIG">0.83590009486</SimpleData>
            <SimpleData name="X">-55.75145862000</SimpleData>
            <SimpleData name="Y">-24.55145256000</SimpleData>
            <SimpleData name="cedula">5138322</SimpleData>
            <SimpleData name="Cédula_1">5138322.00000000000</SimpleData>
            <SimpleData name="Estado_d_1">Activo</SimpleData>
            <SimpleData name="OBJECTID_1">7022</SimpleData>
            <SimpleData name="Shape_Leng">373.92743785600</SimpleData>
            <SimpleData name="Shape_Area">8359.00094863000</SimpleData>
          </SchemaData>
        </ExtendedData>
        <Polygon>
          <outerBoundaryIs>
            <LinearRing>
              <coordinates>
                -55.7508940999548,-24.5516641999414,0
                -55.7519433994525,-24.5519343003237,0
                -55.7520150006866,-24.5512366999799,0
                -55.7509821999645,-24.5509712999326,0
                -55.7508940999548,-24.5516641999414,0
              </coordinates>
            </LinearRing>
          </outerBoundaryIs>
        </Polygon>
      </Placemark>
      <Placemark id="Lote_G.77">
        <ExtendedData>
          <SchemaData schemaUrl="#Lote_G.schema">
            <SimpleData name="Cédula">7277190.00000000000</SimpleData>
            <SimpleData name="Nombres_y_">FELICIANA MENDOZA</SimpleData>
            <SimpleData name="Sexo">Mujer</SimpleData>
            <SimpleData name="Cambio_de_">NO</SimpleData>
            <SimpleData name="Titular_se">NO</SimpleData>
            <SimpleData name="ci_UNIF">7277190.00000000000</SimpleData>
            <SimpleData name="Situación">NO</SimpleData>
            <SimpleData name="Comunidad">Ind?gena</SimpleData>
            <SimpleData name="Modelo_imp">Modelo 5</SimpleData>
            <SimpleData name="Departamen">CANINDEYU</SimpleData>
            <SimpleData name="Distrito">YASY CA?Y</SimpleData>
            <SimpleData name="Localidad"><![CDATA[COM INDIG KO'E RORY]]></SimpleData>
            <SimpleData name="Teléfono">0984708873</SimpleData>
            <SimpleData name="Vivienda_L">-24.49238650000</SimpleData>
            <SimpleData name="Vivienda_1">-55.94925280000</SimpleData>
            <SimpleData name="Superficie">0.70000000000</SimpleData>
            <SimpleData name="Situaci_1">Pol?gono</SimpleData>
            <SimpleData name="Plantado">SI</SimpleData>
            <SimpleData name="Fecha_Plan">2025/10/16</SimpleData>
            <SimpleData name="Jornales">0.00000000000</SimpleData>
            <SimpleData name="Monto">0.00000000000</SimpleData>
            <SimpleData name="Grupo_de_p">G-P1-XX-XX-XX</SimpleData>
            <SimpleData name="Estado_del">Activo</SimpleData>
            <SimpleData name="Empresa">Red Forestal Paraguay SA</SimpleData>
            <SimpleData name="Lote">G</SimpleData>
            <SimpleData name="Parametro">0.00000000000</SimpleData>
            <SimpleData name="Sup_SIG">0.73993052318</SimpleData>
            <SimpleData name="X">-55.95121814000</SimpleData>
            <SimpleData name="Y">-24.49233160000</SimpleData>
            <SimpleData name="cedula">7277190</SimpleData>
            <SimpleData name="Cédula_1">7277190.00000000000</SimpleData>
            <SimpleData name="Estado_d_1">Activo</SimpleData>
            <SimpleData name="OBJECTID_1">7036</SimpleData>
            <SimpleData name="Shape_Leng">433.27440477300</SimpleData>
            <SimpleData name="Shape_Area">7399.30523183000</SimpleData>
          </SchemaData>
        </ExtendedData>
        <Polygon>
          <outerBoundaryIs>
            <LinearRing>
              <coordinates>
                -55.9503333003924,-24.4924332998309,0
                -55.9520774995826,-24.4926115000451,0
                -55.9520999998416,-24.4922532997218,0
                -55.9504407000442,-24.4920317998613,0
                -55.9503333003924,-24.4924332998309,0
              </coordinates>
            </LinearRing>
          </outerBoundaryIs>
        </Polygon>
      </Placemark>
      <Placemark id="Lote_G.78">
        <ExtendedData>
          <SchemaData schemaUrl="#Lote_G.schema">
            <SimpleData name="Cédula">6731443.00000000000</SimpleData>
            <SimpleData name="Nombres_y_">DARIO VERA IMARAI</SimpleData>
            <SimpleData name="Sexo">Hombre</SimpleData>
            <SimpleData name="Cambio_de_">NO</SimpleData>
            <SimpleData name="Titular_se">NO</SimpleData>
            <SimpleData name="ci_UNIF">6731443.00000000000</SimpleData>
            <SimpleData name="Situación">NO</SimpleData>
            <SimpleData name="Comunidad">Ind?gena</SimpleData>
            <SimpleData name="Modelo_imp">Modelo 4</SimpleData>
            <SimpleData name="Departamen">CANINDEYU</SimpleData>
            <SimpleData name="Distrito">YASY CA?Y</SimpleData>
            <SimpleData name="Localidad">COM INDIG JASY POTY</SimpleData>
            <SimpleData name="Teléfono">0982712460</SimpleData>
            <SimpleData name="Vivienda_L">-24.53803500000</SimpleData>
            <SimpleData name="Vivienda_1">-55.96231830000</SimpleData>
            <SimpleData name="Superficie">0.70000000000</SimpleData>
            <SimpleData name="Situaci_1">Pol?gono</SimpleData>
            <SimpleData name="Plantado">SI</SimpleData>
            <SimpleData name="Fecha_Plan">2025/10/30</SimpleData>
            <SimpleData name="Jornales">0.00000000000</SimpleData>
            <SimpleData name="Monto">0.00000000000</SimpleData>
            <SimpleData name="Grupo_de_p">G-P1-XX-XX-XX</SimpleData>
            <SimpleData name="Estado_del">Activo</SimpleData>
            <SimpleData name="Empresa">Red Forestal Paraguay SA</SimpleData>
            <SimpleData name="Lote">G</SimpleData>
            <SimpleData name="Parametro">0.00000000000</SimpleData>
            <SimpleData name="Sup_SIG">0.74605516943</SimpleData>
            <SimpleData name="X">-55.97020634000</SimpleData>
            <SimpleData name="Y">-24.54072392000</SimpleData>
            <SimpleData name="cedula">6731443</SimpleData>
            <SimpleData name="Cédula_1">6731443.00000000000</SimpleData>
            <SimpleData name="Estado_d_1">Activo</SimpleData>
            <SimpleData name="OBJECTID_1">7002</SimpleData>
            <SimpleData name="Shape_Leng">355.92300989400</SimpleData>
            <SimpleData name="Shape_Area">7460.55169431000</SimpleData>
          </SchemaData>
        </ExtendedData>
        <Polygon>
          <outerBoundaryIs>
            <LinearRing>
              <coordinates>
                -55.9699790541921,-24.5402726719911,0
                -55.9699149999617,-24.5405482997342,0
                -55.9698999664752,-24.5405439219112,0
                -55.9697197005935,-24.5411621997142,0
                -55.9704233001544,-24.5412050002942,0
                -55.9706999996501,-24.5403449998739,0
                -55.9700016996952,-24.5401949993356,0
                -55.9699790541921,-24.5402726719911,0
              </coordinates>
            </LinearRing>
          </outerBoundaryIs>
        </Polygon>
      </Placemark>
      <Placemark id="Lote_G.79">
        <ExtendedData>
          <SchemaData schemaUrl="#Lote_G.schema">
            <SimpleData name="Cédula">6135189.00000000000</SimpleData>
            <SimpleData name="Nombres_y_">CARMEN  GOMEZ ?AMANDU</SimpleData>
            <SimpleData name="Sexo">Mujer</SimpleData>
            <SimpleData name="Cambio_de_">NO</SimpleData>
            <SimpleData name="Titular_se">NO</SimpleData>
            <SimpleData name="ci_UNIF">6135189.00000000000</SimpleData>
            <SimpleData name="Situación">NO</SimpleData>
            <SimpleData name="Comunidad">Campesina</SimpleData>
            <SimpleData name="Modelo_imp">Modelo 5</SimpleData>
            <SimpleData name="Departamen">CANINDEYU</SimpleData>
            <SimpleData name="Distrito">YBY PYTA</SimpleData>
            <SimpleData name="Localidad">BRITEZ KUE 4 DE OCTUBRE</SimpleData>
            <SimpleData name="Teléfono">981279626</SimpleData>
            <SimpleData name="Vivienda_L">-24.29210330000</SimpleData>
            <SimpleData name="Vivienda_1">-55.27091030000</SimpleData>
            <SimpleData name="Superficie">0.70000000000</SimpleData>
            <SimpleData name="Situaci_1">Pol?gono</SimpleData>
            <SimpleData name="Plantado">SI</SimpleData>
            <SimpleData name="Fecha_Plan">2025/11/09</SimpleData>
            <SimpleData name="Jornales">0.00000000000</SimpleData>
            <SimpleData name="Monto">0.00000000000</SimpleData>
            <SimpleData name="Grupo_de_p">G-P1-XX-XX-XX</SimpleData>
            <SimpleData name="Estado_del">Activo</SimpleData>
            <SimpleData name="Empresa">Red Forestal Paraguay SA</SimpleData>
            <SimpleData name="Lote">G</SimpleData>
            <SimpleData name="Parametro">0.00000000000</SimpleData>
            <SimpleData name="Sup_SIG">0.73021513060</SimpleData>
            <SimpleData name="X">-55.26649230000</SimpleData>
            <SimpleData name="Y">-24.29583586000</SimpleData>
            <SimpleData name="cedula">6135189</SimpleData>
            <SimpleData name="Cédula_1">6135189.00000000000</SimpleData>
            <SimpleData name="Estado_d_1">Activo</SimpleData>
            <SimpleData name="OBJECTID_1">6312</SimpleData>
            <SimpleData name="Shape_Leng">557.35155254600</SimpleData>
            <SimpleData name="Shape_Area">7302.15130601000</SimpleData>
          </SchemaData>
        </ExtendedData>
        <MultiGeometry>
          <Polygon>
            <outerBoundaryIs>
              <LinearRing>
                <coordinates>
                  -55.2652594998638,-24.296689200159,0
                  -55.2653317998865,-24.2958599001557,0
                  -55.2651661004619,-24.2958495003652,0
                  -55.2650750002149,-24.2966800003669,0
                  -55.2652594998638,-24.296689200159,0
                </coordinates>
              </LinearRing>
            </outerBoundaryIs>
          </Polygon>
          <Polygon>
            <outerBoundaryIs>
              <LinearRing>
                <coordinates>
                  -55.2674418001455,-24.2959585001964,0
                  -55.2674832999433,-24.2955348996739,0
                  -55.2662771001248,-24.2954642002204,0
                  -55.2662448999444,-24.2958735996478,0
                  -55.2674418001455,-24.2959585001964,0
                </coordinates>
              </LinearRing>
            </outerBoundaryIs>
          </Polygon>
        </MultiGeometry>
      </Placemark>
      <Placemark id="Lote_G.80">
        <ExtendedData>
          <SchemaData schemaUrl="#Lote_G.schema">
            <SimpleData name="Cédula">8042467.00000000000</SimpleData>
            <SimpleData name="Nombres_y_">BASILIA ESCOBAR PENAYO</SimpleData>
            <SimpleData name="Sexo">Mujer</SimpleData>
            <SimpleData name="Cambio_de_">NO</SimpleData>
            <SimpleData name="Titular_se">NO</SimpleData>
            <SimpleData name="ci_UNIF">8042467.00000000000</SimpleData>
            <SimpleData name="Situación">NO</SimpleData>
            <SimpleData name="Comunidad">Ind?gena</SimpleData>
            <SimpleData name="Modelo_imp">Modelo 3</SimpleData>
            <SimpleData name="Departamen">CANINDEYU</SimpleData>
            <SimpleData name="Distrito">YASY CA?Y</SimpleData>
            <SimpleData name="Localidad">COM INDIG SAN ANTONIO</SimpleData>
            <SimpleData name="Teléfono">ND</SimpleData>
            <SimpleData name="Vivienda_L">-24.52938450000</SimpleData>
            <SimpleData name="Vivienda_1">-55.95253820000</SimpleData>
            <SimpleData name="Superficie">1.00000000000</SimpleData>
            <SimpleData name="Situaci_1">Pol?gono</SimpleData>
            <SimpleData name="Plantado">SI</SimpleData>
            <SimpleData name="Fecha_Plan">2025/09/23</SimpleData>
            <SimpleData name="Jornales">0.00000000000</SimpleData>
            <SimpleData name="Monto">0.00000000000</SimpleData>
            <SimpleData name="Grupo_de_p">G-P1-XX-XX-XX</SimpleData>
            <SimpleData name="Estado_del">Activo</SimpleData>
            <SimpleData name="Empresa">Red Forestal Paraguay SA</SimpleData>
            <SimpleData name="Lote">G</SimpleData>
            <SimpleData name="Parametro">0.00000000000</SimpleData>
            <SimpleData name="Sup_SIG">0.99710267724</SimpleData>
            <SimpleData name="X">-55.96851791000</SimpleData>
            <SimpleData name="Y">-24.53673201000</SimpleData>
            <SimpleData name="cedula">8042467</SimpleData>
            <SimpleData name="Cédula_1">8042467.00000000000</SimpleData>
            <SimpleData name="Estado_d_1">Activo</SimpleData>
            <SimpleData name="OBJECTID_1">6977</SimpleData>
            <SimpleData name="Shape_Leng">399.92177612600</SimpleData>
            <SimpleData name="Shape_Area">9971.02677244000</SimpleData>
          </SchemaData>
        </ExtendedData>
        <Polygon>
          <outerBoundaryIs>
            <LinearRing>
              <coordinates>
                -55.9679999998563,-24.5363117001414,0
                -55.9680628002778,-24.5372507999884,0
                -55.9690832995201,-24.5370882998207,0
                -55.9689583003001,-24.5362516995093,0
                -55.9679999998563,-24.5363117001414,0
              </coordinates>
            </LinearRing>
          </outerBoundaryIs>
        </Polygon>
      </Placemark>
      <Placemark id="Lote_G.81">
        <ExtendedData>
          <SchemaData schemaUrl="#Lote_G.schema">
            <SimpleData name="Cédula">4794380.00000000000</SimpleData>
            <SimpleData name="Nombres_y_">CONSTANCIA VERA</SimpleData>
            <SimpleData name="Sexo">Mujer</SimpleData>
            <SimpleData name="Cambio_de_">NO</SimpleData>
            <SimpleData name="Titular_se">NO</SimpleData>
            <SimpleData name="ci_UNIF">4794380.00000000000</SimpleData>
            <SimpleData name="Situación">NO</SimpleData>
            <SimpleData name="Comunidad">Ind?gena</SimpleData>
            <SimpleData name="Modelo_imp">Modelo 4</SimpleData>
            <SimpleData name="Departamen">CANINDEYU</SimpleData>
            <SimpleData name="Distrito">YASY CA?Y</SimpleData>
            <SimpleData name="Localidad"><![CDATA[COM INDIG KA'AGUY POTY KAMBA]]></SimpleData>
            <SimpleData name="Teléfono">0982859160</SimpleData>
            <SimpleData name="Vivienda_L">-24.56186370000</SimpleData>
            <SimpleData name="Vivienda_1">-55.92194790000</SimpleData>
            <SimpleData name="Superficie">0.70000000000</SimpleData>
            <SimpleData name="Situaci_1">Pol?gono</SimpleData>
            <SimpleData name="Plantado">SI</SimpleData>
            <SimpleData name="Fecha_Plan">2025/09/26</SimpleData>
            <SimpleData name="Jornales">0.00000000000</SimpleData>
            <SimpleData name="Monto">0.00000000000</SimpleData>
            <SimpleData name="Grupo_de_p">G-P1-XX-XX-XX</SimpleData>
            <SimpleData name="Estado_del">Activo</SimpleData>
            <SimpleData name="Empresa">Red Forestal Paraguay SA</SimpleData>
            <SimpleData name="Lote">G</SimpleData>
            <SimpleData name="Parametro">0.00000000000</SimpleData>
            <SimpleData name="Sup_SIG">0.72195441807</SimpleData>
            <SimpleData name="X">-55.92292805000</SimpleData>
            <SimpleData name="Y">-24.56112897000</SimpleData>
            <SimpleData name="cedula">4794380</SimpleData>
            <SimpleData name="Cédula_1">4794380.00000000000</SimpleData>
            <SimpleData name="Estado_d_1">Activo</SimpleData>
            <SimpleData name="OBJECTID_1">7004</SimpleData>
            <SimpleData name="Shape_Leng">350.11880796100</SimpleData>
            <SimpleData name="Shape_Area">7219.54418074000</SimpleData>
          </SchemaData>
        </ExtendedData>
        <Polygon>
          <outerBoundaryIs>
            <LinearRing>
              <coordinates>
                -55.9223183009007,-24.5613518001435,0
                -55.9229399996014,-24.5616650000489,0
                -55.9235433006922,-24.5608416996406,0
                -55.9229016993165,-24.5606299999867,0
                -55.9223183009007,-24.5613518001435,0
              </coordinates>
            </LinearRing>
          </outerBoundaryIs>
        </Polygon>
      </Placemark>
      <Placemark id="Lote_G.82">
        <ExtendedData>
          <SchemaData schemaUrl="#Lote_G.schema">
            <SimpleData name="Cédula">8085966.00000000000</SimpleData>
            <SimpleData name="Nombres_y_">NOELIA IBA?EZ CENTURION</SimpleData>
            <SimpleData name="Sexo">Mujer</SimpleData>
            <SimpleData name="Cambio_de_">NO</SimpleData>
            <SimpleData name="Titular_se">NO</SimpleData>
            <SimpleData name="ci_UNIF">8085966.00000000000</SimpleData>
            <SimpleData name="Situación">NO</SimpleData>
            <SimpleData name="Comunidad">Ind?gena</SimpleData>
            <SimpleData name="Modelo_imp">Modelo 5</SimpleData>
            <SimpleData name="Departamen">CANINDEYU</SimpleData>
            <SimpleData name="Distrito">YASY CA?Y</SimpleData>
            <SimpleData name="Localidad">COM INDIG JOYVY</SimpleData>
            <SimpleData name="Teléfono">0984035185</SimpleData>
            <SimpleData name="Vivienda_L">-24.48284300000</SimpleData>
            <SimpleData name="Vivienda_1">-55.95183210000</SimpleData>
            <SimpleData name="Superficie">0.70000000000</SimpleData>
            <SimpleData name="Situaci_1">Par?metro</SimpleData>
            <SimpleData name="Plantado">SI</SimpleData>
            <SimpleData name="Fecha_Plan">2026/01/14</SimpleData>
            <SimpleData name="Jornales">0.00000000000</SimpleData>
            <SimpleData name="Monto">0.00000000000</SimpleData>
            <SimpleData name="Grupo_de_p">G-P2-XX-XX-XX</SimpleData>
            <SimpleData name="Estado_del">Activo</SimpleData>
            <SimpleData name="Empresa">Red Forestal Paraguay SA</SimpleData>
            <SimpleData name="Lote">G</SimpleData>
            <SimpleData name="Parametro">0.00000000000</SimpleData>
            <SimpleData name="Sup_SIG">0.76513444906</SimpleData>
            <SimpleData name="X">-55.95259393000</SimpleData>
            <SimpleData name="Y">-24.48775492000</SimpleData>
            <SimpleData name="cedula">8085966</SimpleData>
            <SimpleData name="Cédula_1">8085966.00000000000</SimpleData>
            <SimpleData name="Estado_d_1">Activo</SimpleData>
            <SimpleData name="OBJECTID_1">7020</SimpleData>
            <SimpleData name="Shape_Leng">376.27613198600</SimpleData>
            <SimpleData name="Shape_Area">7651.34449058000</SimpleData>
          </SchemaData>
        </ExtendedData>
        <Polygon>
          <outerBoundaryIs>
            <LinearRing>
              <coordinates>
                -55.9519290001086,-24.4879753006591,0
                -55.9531232999057,-24.4880767003171,0
                -55.9533116000201,-24.4875457008583,0
                -55.9520058991162,-24.4874376002943,0
                -55.9519290001086,-24.4879753006591,0
              </coordinates>
            </LinearRing>
          </outerBoundaryIs>
        </Polygon>
      </Placemark>
      <Placemark id="Lote_G.83">
        <ExtendedData>
          <SchemaData schemaUrl="#Lote_G.schema">
            <SimpleData name="Cédula">7168956.00000000000</SimpleData>
            <SimpleData name="Nombres_y_">FERNANDA BENITEZ VILLALBA</SimpleData>
            <SimpleData name="Sexo">Mujer</SimpleData>
            <SimpleData name="Cambio_de_">NO</SimpleData>
            <SimpleData name="Titular_se">NO</SimpleData>
            <SimpleData name="ci_UNIF">7168956.00000000000</SimpleData>
            <SimpleData name="Situación">NO</SimpleData>
            <SimpleData name="Comunidad">Ind?gena</SimpleData>
            <SimpleData name="Modelo_imp">Modelo 5</SimpleData>
            <SimpleData name="Departamen">CANINDEYU</SimpleData>
            <SimpleData name="Distrito">YASY CA?Y</SimpleData>
            <SimpleData name="Localidad">COM INDIG  TAKUA MIRI</SimpleData>
            <SimpleData name="Teléfono">ND</SimpleData>
            <SimpleData name="Vivienda_L">-24.40682210000</SimpleData>
            <SimpleData name="Vivienda_1">-56.01453830000</SimpleData>
            <SimpleData name="Superficie">0.70000000000</SimpleData>
            <SimpleData name="Situaci_1">Pol?gono</SimpleData>
            <SimpleData name="Plantado">SI</SimpleData>
            <SimpleData name="Fecha_Plan">2025/10/15</SimpleData>
            <SimpleData name="Jornales">0.00000000000</SimpleData>
            <SimpleData name="Monto">0.00000000000</SimpleData>
            <SimpleData name="Grupo_de_p">G-P1-XX-XX-XX</SimpleData>
            <SimpleData name="Estado_del">Activo</SimpleData>
            <SimpleData name="Empresa">Red Forestal Paraguay SA</SimpleData>
            <SimpleData name="Lote">G</SimpleData>
            <SimpleData name="Parametro">0.00000000000</SimpleData>
            <SimpleData name="Sup_SIG">0.71434656836</SimpleData>
            <SimpleData name="X">-56.02165738000</SimpleData>
            <SimpleData name="Y">-24.41067231000</SimpleData>
            <SimpleData name="cedula">7168956</SimpleData>
            <SimpleData name="Cédula_1">7168956.00000000000</SimpleData>
            <SimpleData name="Estado_d_1">Activo</SimpleData>
            <SimpleData name="OBJECTID_1">7015</SimpleData>
            <SimpleData name="Shape_Leng">346.90612268800</SimpleData>
            <SimpleData name="Shape_Area">7143.46568364000</SimpleData>
          </SchemaData>
        </ExtendedData>
        <Polygon>
          <outerBoundaryIs>
            <LinearRing>
              <coordinates>
                -56.0213490850243,-24.4101091636915,0
                -56.0213546997818,-24.4101126001322,0
                -56.0212937739945,-24.4103245956464,0
                -56.0211683003347,-24.4108132995471,0
                -56.0219417995178,-24.411225000378,0
                -56.0221734999573,-24.4105739998766,0
                -56.0213518994378,-24.4100982002758,0
                -56.0213490850243,-24.4101091636915,0
              </coordinates>
            </LinearRing>
          </outerBoundaryIs>
        </Polygon>
      </Placemark>
      <Placemark id="Lote_G.84">
        <ExtendedData>
          <SchemaData schemaUrl="#Lote_G.schema">
            <SimpleData name="Cédula">7031695.00000000000</SimpleData>
            <SimpleData name="Nombres_y_">JOAQUIN ESCOBAR PORTILLO</SimpleData>
            <SimpleData name="Sexo">Hombre</SimpleData>
            <SimpleData name="Cambio_de_">NO</SimpleData>
            <SimpleData name="Titular_se">NO</SimpleData>
            <SimpleData name="ci_UNIF">7031695.00000000000</SimpleData>
            <SimpleData name="Situación">NO</SimpleData>
            <SimpleData name="Comunidad">Ind?gena</SimpleData>
            <SimpleData name="Modelo_imp">Modelo 2</SimpleData>
            <SimpleData name="Departamen">CANINDEYU</SimpleData>
            <SimpleData name="Distrito">YASY CA?Y</SimpleData>
            <SimpleData name="Localidad"><![CDATA[COM INDIG KA'AGUY POTY KAMBA]]></SimpleData>
            <SimpleData name="Teléfono">ND</SimpleData>
            <SimpleData name="Vivienda_L">-24.56330370000</SimpleData>
            <SimpleData name="Vivienda_1">-55.92639450000</SimpleData>
            <SimpleData name="Superficie">0.80000000000</SimpleData>
            <SimpleData name="Situaci_1">Pol?gono</SimpleData>
            <SimpleData name="Plantado">SI</SimpleData>
            <SimpleData name="Fecha_Plan">2025/09/29</SimpleData>
            <SimpleData name="Jornales">0.00000000000</SimpleData>
            <SimpleData name="Monto">0.00000000000</SimpleData>
            <SimpleData name="Grupo_de_p">G-P1-XX-XX-XX</SimpleData>
            <SimpleData name="Estado_del">Activo</SimpleData>
            <SimpleData name="Empresa">Red Forestal Paraguay SA</SimpleData>
            <SimpleData name="Lote">G</SimpleData>
            <SimpleData name="Parametro">0.00000000000</SimpleData>
            <SimpleData name="Sup_SIG">0.92017435504</SimpleData>
            <SimpleData name="X">-55.92704026000</SimpleData>
            <SimpleData name="Y">-24.56165209000</SimpleData>
            <SimpleData name="cedula">7031695</SimpleData>
            <SimpleData name="Cédula_1">7031695.00000000000</SimpleData>
            <SimpleData name="Estado_d_1">Activo</SimpleData>
            <SimpleData name="OBJECTID_1">6983</SimpleData>
            <SimpleData name="Shape_Leng">419.44788447300</SimpleData>
            <SimpleData name="Shape_Area">9201.74355044000</SimpleData>
          </SchemaData>
        </ExtendedData>
        <Polygon>
          <outerBoundaryIs>
            <LinearRing>
              <coordinates>
                -55.9267492000501,-24.5610843998414,0
                -55.926595700502,-24.5613753996606,0
                -55.9264913008016,-24.5613356998826,0
                -55.9262954005027,-24.5616047997777,0
                -55.9267965999005,-24.5618149002125,0
                -55.9267332995876,-24.5619490998001,0
                -55.9273217004664,-24.5622482993726,0
                -55.9277154994155,-24.5615815000324,0
                -55.9267492000501,-24.5610843998414,0
              </coordinates>
            </LinearRing>
          </outerBoundaryIs>
        </Polygon>
      </Placemark>
      <Placemark id="Lote_G.85">
        <ExtendedData>
          <SchemaData schemaUrl="#Lote_G.schema">
            <SimpleData name="Cédula">7253993.00000000000</SimpleData>
            <SimpleData name="Nombres_y_">REINALDO BENITEZ VAZQUEZ</SimpleData>
            <SimpleData name="Sexo">Hombre</SimpleData>
            <SimpleData name="Cambio_de_">NO</SimpleData>
            <SimpleData name="Titular_se">NO</SimpleData>
            <SimpleData name="ci_UNIF">7253993.00000000000</SimpleData>
            <SimpleData name="Situación">NO</SimpleData>
            <SimpleData name="Comunidad">Ind?gena</SimpleData>
            <SimpleData name="Modelo_imp">Modelo 1</SimpleData>
            <SimpleData name="Departamen">CANINDEYU</SimpleData>
            <SimpleData name="Distrito">YASY CA?Y</SimpleData>
            <SimpleData name="Localidad"><![CDATA[COM INDIG VY'ARENDA]]></SimpleData>
            <SimpleData name="Teléfono">0984957383</SimpleData>
            <SimpleData name="Vivienda_L">-24.54821660000</SimpleData>
            <SimpleData name="Vivienda_1">-55.76746150000</SimpleData>
            <SimpleData name="Superficie">0.80000000000</SimpleData>
            <SimpleData name="Situaci_1">Pol?gono</SimpleData>
            <SimpleData name="Plantado">SI</SimpleData>
            <SimpleData name="Fecha_Plan">2025/10/21</SimpleData>
            <SimpleData name="Jornales">0.00000000000</SimpleData>
            <SimpleData name="Monto">0.00000000000</SimpleData>
            <SimpleData name="Grupo_de_p">G-P1-XX-XX-XX</SimpleData>
            <SimpleData name="Estado_del">Activo</SimpleData>
            <SimpleData name="Empresa">Red Forestal Paraguay SA</SimpleData>
            <SimpleData name="Lote">G</SimpleData>
            <SimpleData name="Parametro">0.00000000000</SimpleData>
            <SimpleData name="Sup_SIG">0.82890878103</SimpleData>
            <SimpleData name="X">-55.75277904000</SimpleData>
            <SimpleData name="Y">-24.54940526000</SimpleData>
            <SimpleData name="cedula">7253993</SimpleData>
            <SimpleData name="Cédula_1">7253993.00000000000</SimpleData>
            <SimpleData name="Estado_d_1">Activo</SimpleData>
            <SimpleData name="OBJECTID_1">7023</SimpleData>
            <SimpleData name="Shape_Leng">409.64102542900</SimpleData>
            <SimpleData name="Shape_Area">8289.08781028000</SimpleData>
          </SchemaData>
        </ExtendedData>
        <Polygon>
          <outerBoundaryIs>
            <LinearRing>
              <coordinates>
                -55.7520033002227,-24.5493432996472,0
                -55.7521599002884,-24.5498414001017,0
                -55.753521099882,-24.5494664003837,0
                -55.7534617000213,-24.5489733004045,0
                -55.7520033002227,-24.5493432996472,0
              </coordinates>
            </LinearRing>
          </outerBoundaryIs>
        </Polygon>
      </Placemark>
      <Placemark id="Lote_G.86">
        <ExtendedData>
          <SchemaData schemaUrl="#Lote_G.schema">
            <SimpleData name="Cédula">5051134.00000000000</SimpleData>
            <SimpleData name="Nombres_y_">ANIVAL MENDOZA</SimpleData>
            <SimpleData name="Sexo">Hombre</SimpleData>
            <SimpleData name="Cambio_de_">NO</SimpleData>
            <SimpleData name="Titular_se">NO</SimpleData>
            <SimpleData name="ci_UNIF">5051134.00000000000</SimpleData>
            <SimpleData name="Situación">NO</SimpleData>
            <SimpleData name="Comunidad">Ind?gena</SimpleData>
            <SimpleData name="Modelo_imp">Modelo 3</SimpleData>
            <SimpleData name="Departamen">CANINDEYU</SimpleData>
            <SimpleData name="Distrito">YASY CA?Y</SimpleData>
            <SimpleData name="Localidad">COM INDIG SAN ANTONIO</SimpleData>
            <SimpleData name="Teléfono">0983722156</SimpleData>
            <SimpleData name="Vivienda_L">-24.53071530000</SimpleData>
            <SimpleData name="Vivienda_1">-55.95242800000</SimpleData>
            <SimpleData name="Superficie">1.00000000000</SimpleData>
            <SimpleData name="Situaci_1">Pol?gono</SimpleData>
            <SimpleData name="Plantado">SI</SimpleData>
            <SimpleData name="Fecha_Plan">2025/09/23</SimpleData>
            <SimpleData name="Jornales">0.00000000000</SimpleData>
            <SimpleData name="Monto">0.00000000000</SimpleData>
            <SimpleData name="Grupo_de_p">G-P1-XX-XX-XX</SimpleData>
            <SimpleData name="Estado_del">Activo</SimpleData>
            <SimpleData name="Empresa">Red Forestal Paraguay SA</SimpleData>
            <SimpleData name="Lote">G</SimpleData>
            <SimpleData name="Parametro">0.00000000000</SimpleData>
            <SimpleData name="Sup_SIG">1.22640793530</SimpleData>
            <SimpleData name="X">-55.96104057000</SimpleData>
            <SimpleData name="Y">-24.53248803000</SimpleData>
            <SimpleData name="cedula">5051134</SimpleData>
            <SimpleData name="Cédula_1">5051134.00000000000</SimpleData>
            <SimpleData name="Estado_d_1">Activo</SimpleData>
            <SimpleData name="OBJECTID_1">6980</SimpleData>
            <SimpleData name="Shape_Leng">458.63590756400</SimpleData>
            <SimpleData name="Shape_Area">12264.07935300000</SimpleData>
          </SchemaData>
        </ExtendedData>
        <Polygon>
          <outerBoundaryIs>
            <LinearRing>
              <coordinates>
                -55.9605721002187,-24.5328808998837,0
                -55.9614979001288,-24.5332866995621,0
                -55.9614917002987,-24.532115000602,0
                -55.9608816998502,-24.5317650002677,0
                -55.9605983008494,-24.5317682998258,0
                -55.9605721002187,-24.5328808998837,0
              </coordinates>
            </LinearRing>
          </outerBoundaryIs>
        </Polygon>
      </Placemark>
      <Placemark id="Lote_G.87">
        <ExtendedData>
          <SchemaData schemaUrl="#Lote_G.schema">
            <SimpleData name="Cédula">6075561.00000000000</SimpleData>
            <SimpleData name="Nombres_y_">MARCIANA ROMERO CARDOZO</SimpleData>
            <SimpleData name="Sexo">Mujer</SimpleData>
            <SimpleData name="Cambio_de_">NO</SimpleData>
            <SimpleData name="Titular_se">NO</SimpleData>
            <SimpleData name="ci_UNIF">6075561.00000000000</SimpleData>
            <SimpleData name="Situación">NO</SimpleData>
            <SimpleData name="Comunidad">Ind?gena</SimpleData>
            <SimpleData name="Modelo_imp">Modelo 1</SimpleData>
            <SimpleData name="Departamen">CANINDEYU</SimpleData>
            <SimpleData name="Distrito">YBY PYTA</SimpleData>
            <SimpleData name="Localidad">COM INDIG TEKOHA POTY PYAHU</SimpleData>
            <SimpleData name="Teléfono">0983016371</SimpleData>
            <SimpleData name="Vivienda_L">-24.26220580000</SimpleData>
            <SimpleData name="Vivienda_1">-55.22910720000</SimpleData>
            <SimpleData name="Superficie">0.80000000000</SimpleData>
            <SimpleData name="Situaci_1">Pol?gono</SimpleData>
            <SimpleData name="Plantado">SI</SimpleData>
            <SimpleData name="Fecha_Plan">2025/10/29</SimpleData>
            <SimpleData name="Jornales">0.00000000000</SimpleData>
            <SimpleData name="Monto">0.00000000000</SimpleData>
            <SimpleData name="Grupo_de_p">G-P1-XX-XX-XX</SimpleData>
            <SimpleData name="Estado_del">Activo</SimpleData>
            <SimpleData name="Empresa">Red Forestal Paraguay SA</SimpleData>
            <SimpleData name="Lote">G</SimpleData>
            <SimpleData name="Parametro">0.00000000000</SimpleData>
            <SimpleData name="Sup_SIG">1.01290672871</SimpleData>
            <SimpleData name="X">-55.20496398000</SimpleData>
            <SimpleData name="Y">-24.25103448000</SimpleData>
            <SimpleData name="cedula">6075561</SimpleData>
            <SimpleData name="Cédula_1">6075561.00000000000</SimpleData>
            <SimpleData name="Estado_d_1">Activo</SimpleData>
            <SimpleData name="OBJECTID_1">5289</SimpleData>
            <SimpleData name="Shape_Leng">435.65229080100</SimpleData>
            <SimpleData name="Shape_Area">10129.06728710000</SimpleData>
          </SchemaData>
        </ExtendedData>
        <Polygon>
          <outerBoundaryIs>
            <LinearRing>
              <coordinates>
                -55.2043322137519,-24.2516220766622,0
                -55.2050002979646,-24.2514370350583,0
                -55.2056422170761,-24.2512367495138,0
                -55.205746105018,-24.2511842668005,0
                -55.2051433998939,-24.2505017998773,0
                -55.2044349998736,-24.2506617000104,0
                -55.2044916996586,-24.2514499998943,0
                -55.2043322137519,-24.2516220766622,0
              </coordinates>
            </LinearRing>
          </outerBoundaryIs>
        </Polygon>
      </Placemark>
      <Placemark id="Lote_G.88">
        <ExtendedData>
          <SchemaData schemaUrl="#Lote_G.schema">
            <SimpleData name="Cédula">5948138.00000000000</SimpleData>
            <SimpleData name="Nombres_y_">FLORENCIA  GONZALEZ JARA</SimpleData>
            <SimpleData name="Sexo">Mujer</SimpleData>
            <SimpleData name="Cambio_de_">NO</SimpleData>
            <SimpleData name="Titular_se">NO</SimpleData>
            <SimpleData name="ci_UNIF">5948138.00000000000</SimpleData>
            <SimpleData name="Situación">NO</SimpleData>
            <SimpleData name="Comunidad">Campesina</SimpleData>
            <SimpleData name="Modelo_imp">Modelo 5</SimpleData>
            <SimpleData name="Departamen">CANINDEYU</SimpleData>
            <SimpleData name="Distrito">YBY PYTA</SimpleData>
            <SimpleData name="Localidad">GUYRA KEHA - SAN JOSE</SimpleData>
            <SimpleData name="Teléfono">987195844</SimpleData>
            <SimpleData name="Vivienda_L">-24.24599790000</SimpleData>
            <SimpleData name="Vivienda_1">-55.30833160000</SimpleData>
            <SimpleData name="Superficie">0.70000000000</SimpleData>
            <SimpleData name="Situaci_1">Pol?gono</SimpleData>
            <SimpleData name="Plantado">SI</SimpleData>
            <SimpleData name="Fecha_Plan">2025/11/09</SimpleData>
            <SimpleData name="Jornales">0.00000000000</SimpleData>
            <SimpleData name="Monto">0.00000000000</SimpleData>
            <SimpleData name="Grupo_de_p">G-P1-XX-XX-XX</SimpleData>
            <SimpleData name="Estado_del">Activo</SimpleData>
            <SimpleData name="Empresa">Red Forestal Paraguay SA</SimpleData>
            <SimpleData name="Lote">G</SimpleData>
            <SimpleData name="Parametro">0.00000000000</SimpleData>
            <SimpleData name="Sup_SIG">0.70951311659</SimpleData>
            <SimpleData name="X">-55.31386066000</SimpleData>
            <SimpleData name="Y">-24.24625674000</SimpleData>
            <SimpleData name="cedula">5948138</SimpleData>
            <SimpleData name="Cédula_1">5948138.00000000000</SimpleData>
            <SimpleData name="Estado_d_1">Activo</SimpleData>
            <SimpleData name="OBJECTID_1">7366</SimpleData>
            <SimpleData name="Shape_Leng">386.91040808100</SimpleData>
            <SimpleData name="Shape_Area">7095.13116586000</SimpleData>
          </SchemaData>
        </ExtendedData>
        <Polygon>
          <outerBoundaryIs>
            <LinearRing>
              <coordinates>
                -55.3131119000075,-24.2464352998215,0
                -55.3144855005421,-24.2465240997664,0
                -55.3146022999173,-24.2460390005094,0
                -55.3131531001759,-24.246031900276,0
                -55.3131119000075,-24.2464352998215,0
              </coordinates>
            </LinearRing>
          </outerBoundaryIs>
        </Polygon>
      </Placemark>
      <Placemark id="Lote_G.89">
        <ExtendedData>
          <SchemaData schemaUrl="#Lote_G.schema">
            <SimpleData name="Cédula">6160443.00000000000</SimpleData>
            <SimpleData name="Nombres_y_">MARIA LIBORIA RUIZ DIAZ MARTINEZ</SimpleData>
            <SimpleData name="Sexo">Mujer</SimpleData>
            <SimpleData name="Cambio_de_">NO</SimpleData>
            <SimpleData name="Titular_se">NO</SimpleData>
            <SimpleData name="ci_UNIF">6160443.00000000000</SimpleData>
            <SimpleData name="Situación">NO</SimpleData>
            <SimpleData name="Comunidad">Ind?gena</SimpleData>
            <SimpleData name="Modelo_imp">Modelo 1</SimpleData>
            <SimpleData name="Departamen">CANINDEYU</SimpleData>
            <SimpleData name="Distrito">YBY PYTA</SimpleData>
            <SimpleData name="Localidad">COM INDIG YRYAPU</SimpleData>
            <SimpleData name="Teléfono">0971842192</SimpleData>
            <SimpleData name="Vivienda_L">-24.32366130000</SimpleData>
            <SimpleData name="Vivienda_1">-55.32086660000</SimpleData>
            <SimpleData name="Superficie">0.80000000000</SimpleData>
            <SimpleData name="Situaci_1">Pol?gono</SimpleData>
            <SimpleData name="Plantado">SI</SimpleData>
            <SimpleData name="Fecha_Plan">2025/11/29</SimpleData>
            <SimpleData name="Jornales">0.00000000000</SimpleData>
            <SimpleData name="Monto">0.00000000000</SimpleData>
            <SimpleData name="Grupo_de_p">G-P1-XX-XX-XX</SimpleData>
            <SimpleData name="Estado_del">Activo</SimpleData>
            <SimpleData name="Empresa">Red Forestal Paraguay SA</SimpleData>
            <SimpleData name="Lote">G</SimpleData>
            <SimpleData name="Parametro">0.00000000000</SimpleData>
            <SimpleData name="Sup_SIG">0.80148767411</SimpleData>
            <SimpleData name="X">-55.32004063000</SimpleData>
            <SimpleData name="Y">-24.32403136000</SimpleData>
            <SimpleData name="cedula">6160443</SimpleData>
            <SimpleData name="Cédula_1">6160443.00000000000</SimpleData>
            <SimpleData name="Estado_d_1">Activo</SimpleData>
            <SimpleData name="OBJECTID_1">7072</SimpleData>
            <SimpleData name="Shape_Leng">389.68434635700</SimpleData>
            <SimpleData name="Shape_Area">8014.87674112000</SimpleData>
          </SchemaData>
        </ExtendedData>
        <Polygon>
          <outerBoundaryIs>
            <LinearRing>
              <coordinates>
                -55.3193937996668,-24.324004800051,0
                -55.3192868000001,-24.3241082992131,0
                -55.3199230001566,-24.3245579998709,0
                -55.3200211998815,-24.3243984002816,0
                -55.3201715005408,-24.3243310998969,0
                -55.3203153997866,-24.324344699858,0
                -55.3204926007992,-24.3240973993516,0
                -55.3205217002494,-24.3241082992423,0
                -55.3207107005085,-24.323890900508,0
                -55.3202130004941,-24.323472399333,0
                -55.3198933008582,-24.3238217001087,0
                -55.3193937996668,-24.324004800051,0
              </coordinates>
            </LinearRing>
          </outerBoundaryIs>
        </Polygon>
      </Placemark>
      <Placemark id="Lote_G.90">
        <ExtendedData>
          <SchemaData schemaUrl="#Lote_G.schema">
            <SimpleData name="Cédula">3934508.00000000000</SimpleData>
            <SimpleData name="Nombres_y_">MARIA ESTELA VERA DE AGUILERA</SimpleData>
            <SimpleData name="Sexo">Mujer</SimpleData>
            <SimpleData name="Cambio_de_">NO</SimpleData>
            <SimpleData name="Titular_se">NO</SimpleData>
            <SimpleData name="ci_UNIF">3934508.00000000000</SimpleData>
            <SimpleData name="Situación">NO</SimpleData>
            <SimpleData name="Comunidad">Campesina</SimpleData>
            <SimpleData name="Modelo_imp">Modelo 5</SimpleData>
            <SimpleData name="Departamen">CANINDEYU</SimpleData>
            <SimpleData name="Distrito">YASY CA?Y</SimpleData>
            <SimpleData name="Localidad">TAPIA</SimpleData>
            <SimpleData name="Teléfono">0972688173</SimpleData>
            <SimpleData name="Vivienda_L">-24.63226450000</SimpleData>
            <SimpleData name="Vivienda_1">-55.90834620000</SimpleData>
            <SimpleData name="Superficie">0.70000000000</SimpleData>
            <SimpleData name="Situaci_1">Pol?gono</SimpleData>
            <SimpleData name="Plantado">SI</SimpleData>
            <SimpleData name="Fecha_Plan">2025/10/24</SimpleData>
            <SimpleData name="Jornales">0.00000000000</SimpleData>
            <SimpleData name="Monto">0.00000000000</SimpleData>
            <SimpleData name="Grupo_de_p">G-P1-XX-XX-XX</SimpleData>
            <SimpleData name="Estado_del">Activo</SimpleData>
            <SimpleData name="Empresa">Red Forestal Paraguay SA</SimpleData>
            <SimpleData name="Lote">G</SimpleData>
            <SimpleData name="Parametro">0.00000000000</SimpleData>
            <SimpleData name="Sup_SIG">0.76516132137</SimpleData>
            <SimpleData name="X">-55.90765530000</SimpleData>
            <SimpleData name="Y">-24.63531568000</SimpleData>
            <SimpleData name="cedula">3934508</SimpleData>
            <SimpleData name="Cédula_1">3934508.00000000000</SimpleData>
            <SimpleData name="Estado_d_1">Activo</SimpleData>
            <SimpleData name="OBJECTID_1">6962</SimpleData>
            <SimpleData name="Shape_Leng">351.08537223600</SimpleData>
            <SimpleData name="Shape_Area">7651.61321366000</SimpleData>
          </SchemaData>
        </ExtendedData>
        <Polygon>
          <outerBoundaryIs>
            <LinearRing>
              <coordinates>
                -55.9071301002675,-24.6356454999398,0
                -55.9080833000446,-24.6357082993027,0
                -55.9081600005007,-24.6349900004513,0
                -55.9072599997465,-24.6349067000026,0
                -55.9071301002675,-24.6356454999398,0
              </coordinates>
            </LinearRing>
          </outerBoundaryIs>
        </Polygon>
      </Placemark>
      <Placemark id="Lote_G.91">
        <ExtendedData>
          <SchemaData schemaUrl="#Lote_G.schema">
            <SimpleData name="Cédula">5702491.00000000000</SimpleData>
            <SimpleData name="Nombres_y_">ALICIA SOSA VAZQUEZ</SimpleData>
            <SimpleData name="Sexo">Mujer</SimpleData>
            <SimpleData name="Cambio_de_">NO</SimpleData>
            <SimpleData name="Titular_se">NO</SimpleData>
            <SimpleData name="ci_UNIF">5702491.00000000000</SimpleData>
            <SimpleData name="Situación">NO</SimpleData>
            <SimpleData name="Comunidad">Ind?gena</SimpleData>
            <SimpleData name="Modelo_imp">Modelo 1</SimpleData>
            <SimpleData name="Departamen">CANINDEYU</SimpleData>
            <SimpleData name="Distrito">YASY CA?Y</SimpleData>
            <SimpleData name="Localidad"><![CDATA[COM INDIG VY'ARENDA]]></SimpleData>
            <SimpleData name="Teléfono">0983090674</SimpleData>
            <SimpleData name="Vivienda_L">-24.54801940000</SimpleData>
            <SimpleData name="Vivienda_1">-55.76686740000</SimpleData>
            <SimpleData name="Superficie">0.80000000000</SimpleData>
            <SimpleData name="Situaci_1">Pol?gono</SimpleData>
            <SimpleData name="Plantado">SI</SimpleData>
            <SimpleData name="Fecha_Plan">2025/10/21</SimpleData>
            <SimpleData name="Jornales">0.00000000000</SimpleData>
            <SimpleData name="Monto">0.00000000000</SimpleData>
            <SimpleData name="Grupo_de_p">G-P1-XX-XX-XX</SimpleData>
            <SimpleData name="Estado_del">Activo</SimpleData>
            <SimpleData name="Empresa">Red Forestal Paraguay SA</SimpleData>
            <SimpleData name="Lote">G</SimpleData>
            <SimpleData name="Parametro">0.00000000000</SimpleData>
            <SimpleData name="Sup_SIG">0.84910223218</SimpleData>
            <SimpleData name="X">-55.75263422000</SimpleData>
            <SimpleData name="Y">-24.54842582000</SimpleData>
            <SimpleData name="cedula">5702491</SimpleData>
            <SimpleData name="Cédula_1">5702491.00000000000</SimpleData>
            <SimpleData name="Estado_d_1">Activo</SimpleData>
            <SimpleData name="OBJECTID_1">7031</SimpleData>
            <SimpleData name="Shape_Leng">449.05042496000</SimpleData>
            <SimpleData name="Shape_Area">8491.02232181000</SimpleData>
          </SchemaData>
        </ExtendedData>
        <Polygon>
          <outerBoundaryIs>
            <LinearRing>
              <coordinates>
                -55.7517241996178,-24.5484513004532,0
                -55.7518514005141,-24.5488502000637,0
                -55.7534781999664,-24.5484433995281,0
                -55.7534316996239,-24.5479800000201,0
                -55.7517241996178,-24.5484513004532,0
              </coordinates>
            </LinearRing>
          </outerBoundaryIs>
        </Polygon>
      </Placemark>
      <Placemark id="Lote_G.92">
        <ExtendedData>
          <SchemaData schemaUrl="#Lote_G.schema">
            <SimpleData name="Cédula">5957433.00000000000</SimpleData>
            <SimpleData name="Nombres_y_">LEILA PAOLA DUARTE MENDEZ</SimpleData>
            <SimpleData name="Sexo">Mujer</SimpleData>
            <SimpleData name="Cambio_de_">NO</SimpleData>
            <SimpleData name="Titular_se">NO</SimpleData>
            <SimpleData name="ci_UNIF">5957433.00000000000</SimpleData>
            <SimpleData name="Situación">NO</SimpleData>
            <SimpleData name="Comunidad">Ind?gena</SimpleData>
            <SimpleData name="Modelo_imp">Modelo 5</SimpleData>
            <SimpleData name="Departamen">CANINDEYU</SimpleData>
            <SimpleData name="Distrito">YASY CA?Y</SimpleData>
            <SimpleData name="Localidad">COM INDIG KANINDE</SimpleData>
            <SimpleData name="Teléfono">ND</SimpleData>
            <SimpleData name="Vivienda_L">-24.40887170000</SimpleData>
            <SimpleData name="Vivienda_1">-55.99489830000</SimpleData>
            <SimpleData name="Superficie">0.70000000000</SimpleData>
            <SimpleData name="Situaci_1">Pol?gono</SimpleData>
            <SimpleData name="Plantado">SI</SimpleData>
            <SimpleData name="Fecha_Plan">2025/11/05</SimpleData>
            <SimpleData name="Jornales">0.00000000000</SimpleData>
            <SimpleData name="Monto">0.00000000000</SimpleData>
            <SimpleData name="Grupo_de_p">G-P1-XX-XX-XX</SimpleData>
            <SimpleData name="Estado_del">Activo</SimpleData>
            <SimpleData name="Empresa">Red Forestal Paraguay SA</SimpleData>
            <SimpleData name="Lote">G</SimpleData>
            <SimpleData name="Parametro">0.00000000000</SimpleData>
            <SimpleData name="Sup_SIG">0.69773557103</SimpleData>
            <SimpleData name="X">-55.99843699000</SimpleData>
            <SimpleData name="Y">-24.40894143000</SimpleData>
            <SimpleData name="cedula">5957433</SimpleData>
            <SimpleData name="Cédula_1">5957433.00000000000</SimpleData>
            <SimpleData name="Estado_d_1">Activo</SimpleData>
            <SimpleData name="OBJECTID_1">5253</SimpleData>
            <SimpleData name="Shape_Leng">340.98748017600</SimpleData>
            <SimpleData name="Shape_Area">6977.35571029000</SimpleData>
          </SchemaData>
        </ExtendedData>
        <Polygon>
          <outerBoundaryIs>
            <LinearRing>
              <coordinates>
                -55.9980731003471,-24.4084801001312,0
                -55.9981367000631,-24.409444999987,0
                -55.9987918997767,-24.4093619000956,0
                -55.9987716996837,-24.408494999818,0
                -55.9980731003471,-24.4084801001312,0
              </coordinates>
            </LinearRing>
          </outerBoundaryIs>
        </Polygon>
      </Placemark>
      <Placemark id="Lote_G.93">
        <ExtendedData>
          <SchemaData schemaUrl="#Lote_G.schema">
            <SimpleData name="Cédula">5677742.00000000000</SimpleData>
            <SimpleData name="Nombres_y_">FANNY CAROLINA MIRANDA GOMEZ</SimpleData>
            <SimpleData name="Sexo">Mujer</SimpleData>
            <SimpleData name="Cambio_de_">NO</SimpleData>
            <SimpleData name="Titular_se">NO</SimpleData>
            <SimpleData name="ci_UNIF">5677742.00000000000</SimpleData>
            <SimpleData name="Situación">NO</SimpleData>
            <SimpleData name="Comunidad">Campesina</SimpleData>
            <SimpleData name="Modelo_imp">Modelo 3</SimpleData>
            <SimpleData name="Departamen">CANINDEYU</SimpleData>
            <SimpleData name="Distrito">YBY PYTA</SimpleData>
            <SimpleData name="Localidad">BRITEZ KUE 4 DE OCTUBRE</SimpleData>
            <SimpleData name="Teléfono">0984096259</SimpleData>
            <SimpleData name="Vivienda_L">-24.28817290000</SimpleData>
            <SimpleData name="Vivienda_1">-55.27178830000</SimpleData>
            <SimpleData name="Superficie">1.00000000000</SimpleData>
            <SimpleData name="Situaci_1">Pol?gono</SimpleData>
            <SimpleData name="Plantado">SI</SimpleData>
            <SimpleData name="Fecha_Plan">2025/10/15</SimpleData>
            <SimpleData name="Jornales">0.00000000000</SimpleData>
            <SimpleData name="Monto">0.00000000000</SimpleData>
            <SimpleData name="Grupo_de_p">G-P1-XX-XX-XX</SimpleData>
            <SimpleData name="Estado_del">Activo</SimpleData>
            <SimpleData name="Empresa">Red Forestal Paraguay SA</SimpleData>
            <SimpleData name="Lote">G</SimpleData>
            <SimpleData name="Parametro">0.00000000000</SimpleData>
            <SimpleData name="Sup_SIG">1.04450003685</SimpleData>
            <SimpleData name="X">-55.27228831000</SimpleData>
            <SimpleData name="Y">-24.28876299000</SimpleData>
            <SimpleData name="cedula">5677742</SimpleData>
            <SimpleData name="Cédula_1">5677742.00000000000</SimpleData>
            <SimpleData name="Estado_d_1">Activo</SimpleData>
            <SimpleData name="OBJECTID_1">7079</SimpleData>
            <SimpleData name="Shape_Leng">424.60908152100</SimpleData>
            <SimpleData name="Shape_Area">10445.00036850000</SimpleData>
          </SchemaData>
        </ExtendedData>
        <Polygon>
          <outerBoundaryIs>
            <LinearRing>
              <coordinates>
                -55.2718974003806,-24.2893584996647,0
                -55.2726516999981,-24.2893882001286,0
                -55.2726899995878,-24.2881832998284,0
                -55.2719182996042,-24.2881317002389,0
                -55.2718974003806,-24.2893584996647,0
              </coordinates>
            </LinearRing>
          </outerBoundaryIs>
        </Polygon>
      </Placemark>
      <Placemark id="Lote_G.94">
        <ExtendedData>
          <SchemaData schemaUrl="#Lote_G.schema">
            <SimpleData name="Cédula">5957431.00000000000</SimpleData>
            <SimpleData name="Nombres_y_">ERNA FERNANDA ENCISO</SimpleData>
            <SimpleData name="Sexo">Mujer</SimpleData>
            <SimpleData name="Cambio_de_">NO</SimpleData>
            <SimpleData name="Titular_se">NO</SimpleData>
            <SimpleData name="ci_UNIF">5957431.00000000000</SimpleData>
            <SimpleData name="Situación">NO</SimpleData>
            <SimpleData name="Comunidad">Ind?gena</SimpleData>
            <SimpleData name="Modelo_imp">Modelo 3</SimpleData>
            <SimpleData name="Departamen">CANINDEYU</SimpleData>
            <SimpleData name="Distrito">YASY CA?Y</SimpleData>
            <SimpleData name="Localidad">COM INDIG YVA VIJU</SimpleData>
            <SimpleData name="Teléfono">ND</SimpleData>
            <SimpleData name="Vivienda_L">-24.40458570000</SimpleData>
            <SimpleData name="Vivienda_1">-56.00294980000</SimpleData>
            <SimpleData name="Superficie">1.00000000000</SimpleData>
            <SimpleData name="Situaci_1">Pol?gono</SimpleData>
            <SimpleData name="Plantado">SI</SimpleData>
            <SimpleData name="Fecha_Plan">2025/11/14</SimpleData>
            <SimpleData name="Jornales">0.00000000000</SimpleData>
            <SimpleData name="Monto">0.00000000000</SimpleData>
            <SimpleData name="Grupo_de_p">G-P1-XX-XX-XX</SimpleData>
            <SimpleData name="Estado_del">Activo</SimpleData>
            <SimpleData name="Empresa">Red Forestal Paraguay SA</SimpleData>
            <SimpleData name="Lote">G</SimpleData>
            <SimpleData name="Parametro">0.00000000000</SimpleData>
            <SimpleData name="Sup_SIG">1.06086865977</SimpleData>
            <SimpleData name="X">-56.00343555000</SimpleData>
            <SimpleData name="Y">-24.40420839000</SimpleData>
            <SimpleData name="cedula">5957431</SimpleData>
            <SimpleData name="Cédula_1">5957431.00000000000</SimpleData>
            <SimpleData name="Estado_d_1">Activo</SimpleData>
            <SimpleData name="OBJECTID_1">6981</SimpleData>
            <SimpleData name="Shape_Leng">416.07530251200</SimpleData>
            <SimpleData name="Shape_Area">10608.68659770000</SimpleData>
          </SchemaData>
        </ExtendedData>
        <Polygon>
          <outerBoundaryIs>
            <LinearRing>
              <coordinates>
                -56.0028415003585,-24.4039002001759,0
                -56.0030783002142,-24.4048282993023,0
                -56.0039444996767,-24.4045588996603,0
                -56.0038963001453,-24.4036036999287,0
                -56.0028415003585,-24.4039002001759,0
              </coordinates>
            </LinearRing>
          </outerBoundaryIs>
        </Polygon>
      </Placemark>
      <Placemark id="Lote_G.95">
        <ExtendedData>
          <SchemaData schemaUrl="#Lote_G.schema">
            <SimpleData name="Cédula">1937002.00000000000</SimpleData>
            <SimpleData name="Nombres_y_">ESTEBAN MEDINA</SimpleData>
            <SimpleData name="Sexo">Hombre</SimpleData>
            <SimpleData name="Cambio_de_">NO</SimpleData>
            <SimpleData name="Titular_se">NO</SimpleData>
            <SimpleData name="ci_UNIF">1937002.00000000000</SimpleData>
            <SimpleData name="Situación">NO</SimpleData>
            <SimpleData name="Comunidad">Campesina</SimpleData>
            <SimpleData name="Modelo_imp">Modelo 4</SimpleData>
            <SimpleData name="Departamen">CANINDEYU</SimpleData>
            <SimpleData name="Distrito">YASY CA?Y</SimpleData>
            <SimpleData name="Localidad">ACEPAR 6TA LINEA</SimpleData>
            <SimpleData name="Teléfono">0985983635</SimpleData>
            <SimpleData name="Vivienda_L">-24.69555910000</SimpleData>
            <SimpleData name="Vivienda_1">-55.77875080000</SimpleData>
            <SimpleData name="Superficie">0.70000000000</SimpleData>
            <SimpleData name="Situaci_1">Pol?gono</SimpleData>
            <SimpleData name="Plantado">SI</SimpleData>
            <SimpleData name="Fecha_Plan">2025/11/15</SimpleData>
            <SimpleData name="Jornales">0.00000000000</SimpleData>
            <SimpleData name="Monto">0.00000000000</SimpleData>
            <SimpleData name="Grupo_de_p">G-P1-XX-XX-XX</SimpleData>
            <SimpleData name="Estado_del">Activo</SimpleData>
            <SimpleData name="Empresa">Red Forestal Paraguay SA</SimpleData>
            <SimpleData name="Lote">G</SimpleData>
            <SimpleData name="Parametro">0.00000000000</SimpleData>
            <SimpleData name="Sup_SIG">0.71831452506</SimpleData>
            <SimpleData name="X">-55.77871851000</SimpleData>
            <SimpleData name="Y">-24.69461909000</SimpleData>
            <SimpleData name="cedula">1937002</SimpleData>
            <SimpleData name="Cédula_1">1937002.00000000000</SimpleData>
            <SimpleData name="Estado_d_1">Activo</SimpleData>
            <SimpleData name="OBJECTID_1">6960</SimpleData>
            <SimpleData name="Shape_Leng">345.94088463400</SimpleData>
            <SimpleData name="Shape_Area">7183.14525063000</SimpleData>
          </SchemaData>
        </ExtendedData>
        <Polygon>
          <outerBoundaryIs>
            <LinearRing>
              <coordinates>
                -55.7783766992511,-24.6941649997635,0
                -55.7783602994611,-24.6950745005477,0
                -55.7791450005615,-24.6950449999129,0
                -55.7789767000509,-24.6941117001418,0
                -55.7783766992511,-24.6941649997635,0
              </coordinates>
            </LinearRing>
          </outerBoundaryIs>
        </Polygon>
      </Placemark>
      <Placemark id="Lote_G.96">
        <ExtendedData>
          <SchemaData schemaUrl="#Lote_G.schema">
            <SimpleData name="Cédula">7228539.00000000000</SimpleData>
            <SimpleData name="Nombres_y_">JORGELINO CABALLERO IBA?EZ</SimpleData>
            <SimpleData name="Sexo">Hombre</SimpleData>
            <SimpleData name="Cambio_de_">NO</SimpleData>
            <SimpleData name="Titular_se">NO</SimpleData>
            <SimpleData name="ci_UNIF">7228539.00000000000</SimpleData>
            <SimpleData name="Situación">NO</SimpleData>
            <SimpleData name="Comunidad">Ind?gena</SimpleData>
            <SimpleData name="Modelo_imp">Modelo 1</SimpleData>
            <SimpleData name="Departamen">CANINDEYU</SimpleData>
            <SimpleData name="Distrito">YASY CA?Y</SimpleData>
            <SimpleData name="Localidad"><![CDATA[COM INDIG VY'ARENDA]]></SimpleData>
            <SimpleData name="Teléfono">0984030059</SimpleData>
            <SimpleData name="Vivienda_L">-24.54853400000</SimpleData>
            <SimpleData name="Vivienda_1">-55.76804510000</SimpleData>
            <SimpleData name="Superficie">0.80000000000</SimpleData>
            <SimpleData name="Situaci_1">Pol?gono</SimpleData>
            <SimpleData name="Plantado">SI</SimpleData>
            <SimpleData name="Fecha_Plan">2025/10/21</SimpleData>
            <SimpleData name="Jornales">0.00000000000</SimpleData>
            <SimpleData name="Monto">0.00000000000</SimpleData>
            <SimpleData name="Grupo_de_p">G-P1-XX-XX-XX</SimpleData>
            <SimpleData name="Estado_del">Activo</SimpleData>
            <SimpleData name="Empresa">Red Forestal Paraguay SA</SimpleData>
            <SimpleData name="Lote">G</SimpleData>
            <SimpleData name="Parametro">0.00000000000</SimpleData>
            <SimpleData name="Sup_SIG">0.90452160742</SimpleData>
            <SimpleData name="X">-55.75111794000</SimpleData>
            <SimpleData name="Y">-24.54970668000</SimpleData>
            <SimpleData name="cedula">7228539</SimpleData>
            <SimpleData name="Cédula_1">7228539.00000000000</SimpleData>
            <SimpleData name="Estado_d_1">Activo</SimpleData>
            <SimpleData name="OBJECTID_1">7021</SimpleData>
            <SimpleData name="Shape_Leng">565.50849370600</SimpleData>
            <SimpleData name="Shape_Area">9045.21607421000</SimpleData>
          </SchemaData>
        </ExtendedData>
        <Polygon>
          <outerBoundaryIs>
            <LinearRing>
              <coordinates>
                -55.750651462109,-24.5496689732604,0
                -55.7496163998502,-24.5500510003953,0
                -55.7496176723478,-24.5500514073771,0
                -55.7496765007489,-24.5500701995939,0
                -55.7507119991598,-24.5500116995359,0
                -55.7513498000814,-24.5498549999647,0
                -55.7514174000201,-24.549924100189,0
                -55.7520618000403,-24.5496599004587,0
                -55.75192670021,-24.5491982992845,0
                -55.750651462109,-24.5496689732604,0
              </coordinates>
            </LinearRing>
          </outerBoundaryIs>
        </Polygon>
      </Placemark>
      <Placemark id="Lote_G.97">
        <ExtendedData>
          <SchemaData schemaUrl="#Lote_G.schema">
            <SimpleData name="Cédula">4552807.00000000000</SimpleData>
            <SimpleData name="Nombres_y_">MARCIANA  ALFONZO NOGUEIRA</SimpleData>
            <SimpleData name="Sexo">Mujer</SimpleData>
            <SimpleData name="Cambio_de_">NO</SimpleData>
            <SimpleData name="Titular_se">NO</SimpleData>
            <SimpleData name="ci_UNIF">4552807.00000000000</SimpleData>
            <SimpleData name="Situación">NO</SimpleData>
            <SimpleData name="Comunidad">Campesina</SimpleData>
            <SimpleData name="Modelo_imp">Modelo 5</SimpleData>
            <SimpleData name="Departamen">CANINDEYU</SimpleData>
            <SimpleData name="Distrito">YBY PYTA</SimpleData>
            <SimpleData name="Localidad">GUYRA KEHA - SAN JOSE</SimpleData>
            <SimpleData name="Teléfono">982291837</SimpleData>
            <SimpleData name="Vivienda_L">-24.19928090000</SimpleData>
            <SimpleData name="Vivienda_1">-55.28756770000</SimpleData>
            <SimpleData name="Superficie">0.70000000000</SimpleData>
            <SimpleData name="Situaci_1">Pol?gono</SimpleData>
            <SimpleData name="Plantado">SI</SimpleData>
            <SimpleData name="Fecha_Plan">2025/10/15</SimpleData>
            <SimpleData name="Jornales">0.00000000000</SimpleData>
            <SimpleData name="Monto">0.00000000000</SimpleData>
            <SimpleData name="Grupo_de_p">G-P1-XX-XX-XX</SimpleData>
            <SimpleData name="Estado_del">Activo</SimpleData>
            <SimpleData name="Empresa">Red Forestal Paraguay SA</SimpleData>
            <SimpleData name="Lote">G</SimpleData>
            <SimpleData name="Parametro">0.00000000000</SimpleData>
            <SimpleData name="Sup_SIG">0.74223919061</SimpleData>
            <SimpleData name="X">-55.28020703000</SimpleData>
            <SimpleData name="Y">-24.21922246000</SimpleData>
            <SimpleData name="cedula">4552807</SimpleData>
            <SimpleData name="Cédula_1">4552807.00000000000</SimpleData>
            <SimpleData name="Estado_d_1">Activo</SimpleData>
            <SimpleData name="OBJECTID_1">6294</SimpleData>
            <SimpleData name="Shape_Leng">387.78688664900</SimpleData>
            <SimpleData name="Shape_Area">7422.39190612000</SimpleData>
          </SchemaData>
        </ExtendedData>
        <Polygon>
          <outerBoundaryIs>
            <LinearRing>
              <coordinates>
                -55.2793946996571,-24.2192331002614,0
                -55.2807791995361,-24.219637000287,0
                -55.2809442000351,-24.2191778998413,0
                -55.2797166995214,-24.2188232994979,0
                -55.2793946996571,-24.2192331002614,0
              </coordinates>
            </LinearRing>
          </outerBoundaryIs>
        </Polygon>
      </Placemark>
      <Placemark id="Lote_G.98">
        <ExtendedData>
          <SchemaData schemaUrl="#Lote_G.schema">
            <SimpleData name="Cédula">4086834.00000000000</SimpleData>
            <SimpleData name="Nombres_y_">NIDIA BERNAL GIMENEZ</SimpleData>
            <SimpleData name="Sexo">Mujer</SimpleData>
            <SimpleData name="Cambio_de_">NO</SimpleData>
            <SimpleData name="Titular_se">NO</SimpleData>
            <SimpleData name="ci_UNIF">4086834.00000000000</SimpleData>
            <SimpleData name="Situación">NO</SimpleData>
            <SimpleData name="Comunidad">Campesina</SimpleData>
            <SimpleData name="Modelo_imp">Modelo 4</SimpleData>
            <SimpleData name="Departamen">CANINDEYU</SimpleData>
            <SimpleData name="Distrito">YBY PYTA</SimpleData>
            <SimpleData name="Localidad">BRITEZ KUE PASTOREO</SimpleData>
            <SimpleData name="Teléfono">0985656996</SimpleData>
            <SimpleData name="Vivienda_L">-24.27747520000</SimpleData>
            <SimpleData name="Vivienda_1">-55.25266400000</SimpleData>
            <SimpleData name="Superficie">0.70000000000</SimpleData>
            <SimpleData name="Situaci_1">Pol?gono</SimpleData>
            <SimpleData name="Plantado">SI</SimpleData>
            <SimpleData name="Fecha_Plan">2025/10/15</SimpleData>
            <SimpleData name="Jornales">0.00000000000</SimpleData>
            <SimpleData name="Monto">0.00000000000</SimpleData>
            <SimpleData name="Grupo_de_p">G-P1-XX-XX-XX</SimpleData>
            <SimpleData name="Estado_del">Activo</SimpleData>
            <SimpleData name="Empresa">Red Forestal Paraguay SA</SimpleData>
            <SimpleData name="Lote">G</SimpleData>
            <SimpleData name="Parametro">0.00000000000</SimpleData>
            <SimpleData name="Sup_SIG">0.85216024544</SimpleData>
            <SimpleData name="X">-55.25217578000</SimpleData>
            <SimpleData name="Y">-24.29119152000</SimpleData>
            <SimpleData name="cedula">4086834</SimpleData>
            <SimpleData name="Cédula_1">4086834.00000000000</SimpleData>
            <SimpleData name="Estado_d_1">Activo</SimpleData>
            <SimpleData name="OBJECTID_1">7084</SimpleData>
            <SimpleData name="Shape_Leng">373.17043966700</SimpleData>
            <SimpleData name="Shape_Area">8521.60245435000</SimpleData>
          </SchemaData>
        </ExtendedData>
        <Polygon>
          <outerBoundaryIs>
            <LinearRing>
              <coordinates>
                -55.2516233001228,-24.2915433000288,0
                -55.2527332997666,-24.2915566999419,0
                -55.2526263003986,-24.2907784000936,0
                -55.251676200144,-24.2908517004548,0
                -55.2516233001228,-24.2915433000288,0
              </coordinates>
            </LinearRing>
          </outerBoundaryIs>
        </Polygon>
      </Placemark>
      <Placemark id="Lote_G.99">
        <ExtendedData>
          <SchemaData schemaUrl="#Lote_G.schema">
            <SimpleData name="Cédula">7215848.00000000000</SimpleData>
            <SimpleData name="Nombres_y_">MERCEDES DYRAGI URUGI TYKUARANGI</SimpleData>
            <SimpleData name="Sexo">Mujer</SimpleData>
            <SimpleData name="Cambio_de_">NO</SimpleData>
            <SimpleData name="Titular_se">NO</SimpleData>
            <SimpleData name="ci_UNIF">7215848.00000000000</SimpleData>
            <SimpleData name="Situación">NO</SimpleData>
            <SimpleData name="Comunidad">Ind?gena</SimpleData>
            <SimpleData name="Modelo_imp">Modelo 4</SimpleData>
            <SimpleData name="Departamen">CANINDEYU</SimpleData>
            <SimpleData name="Distrito">YBY PYTA</SimpleData>
            <SimpleData name="Localidad">COM INDIG KUETUVY</SimpleData>
            <SimpleData name="Teléfono">0984287385</SimpleData>
            <SimpleData name="Vivienda_L">-24.28643590000</SimpleData>
            <SimpleData name="Vivienda_1">-55.41757060000</SimpleData>
            <SimpleData name="Superficie">0.70000000000</SimpleData>
            <SimpleData name="Situaci_1">Par?metro</SimpleData>
            <SimpleData name="Plantado">SI</SimpleData>
            <SimpleData name="Fecha_Plan">2025/11/29</SimpleData>
            <SimpleData name="Jornales">0.00000000000</SimpleData>
            <SimpleData name="Monto">0.00000000000</SimpleData>
            <SimpleData name="Grupo_de_p">G-P1-XX-XX-XX</SimpleData>
            <SimpleData name="Estado_del">Activo</SimpleData>
            <SimpleData name="Empresa">Red Forestal Paraguay SA</SimpleData>
            <SimpleData name="Lote">G</SimpleData>
            <SimpleData name="Parametro">0.00000000000</SimpleData>
            <SimpleData name="Sup_SIG">0.75038849535</SimpleData>
            <SimpleData name="X">-55.40685284000</SimpleData>
            <SimpleData name="Y">-24.28949705000</SimpleData>
            <SimpleData name="cedula">7215848</SimpleData>
            <SimpleData name="Cédula_1">7215848.00000000000</SimpleData>
            <SimpleData name="Estado_d_1">Activo</SimpleData>
            <SimpleData name="OBJECTID_1">7078</SimpleData>
            <SimpleData name="Shape_Leng">395.18057371700</SimpleData>
            <SimpleData name="Shape_Area">7503.88495346000</SimpleData>
          </SchemaData>
        </ExtendedData>
        <Polygon>
          <outerBoundaryIs>
            <LinearRing>
              <coordinates>
                -55.406195000263,-24.2892049998191,0
                -55.4072300002732,-24.2901950000094,0
                -55.4074558999977,-24.2897959004161,0
                -55.4066136003277,-24.2888474997217,0
                -55.406195000263,-24.2892049998191,0
              </coordinates>
            </LinearRing>
          </outerBoundaryIs>
        </Polygon>
      </Placemark>
      <Placemark id="Lote_G.100">
        <ExtendedData>
          <SchemaData schemaUrl="#Lote_G.schema">
            <SimpleData name="Cédula">5973631.00000000000</SimpleData>
            <SimpleData name="Nombres_y_">LUCIA ROMERO CARDOZO</SimpleData>
            <SimpleData name="Sexo">Mujer</SimpleData>
            <SimpleData name="Cambio_de_">NO</SimpleData>
            <SimpleData name="Titular_se">NO</SimpleData>
            <SimpleData name="ci_UNIF">5973631.00000000000</SimpleData>
            <SimpleData name="Situación">NO</SimpleData>
            <SimpleData name="Comunidad">Ind?gena</SimpleData>
            <SimpleData name="Modelo_imp">Modelo 3</SimpleData>
            <SimpleData name="Departamen">CANINDEYU</SimpleData>
            <SimpleData name="Distrito">YBY PYTA</SimpleData>
            <SimpleData name="Localidad">COM INDIG SAN JUAN</SimpleData>
            <SimpleData name="Teléfono">0982383446</SimpleData>
            <SimpleData name="Vivienda_L">-24.23234760000</SimpleData>
            <SimpleData name="Vivienda_1">-55.18119860000</SimpleData>
            <SimpleData name="Superficie">1.00000000000</SimpleData>
            <SimpleData name="Situaci_1">Pol?gono</SimpleData>
            <SimpleData name="Plantado">SI</SimpleData>
            <SimpleData name="Fecha_Plan">2025/10/23</SimpleData>
            <SimpleData name="Jornales">0.00000000000</SimpleData>
            <SimpleData name="Monto">0.00000000000</SimpleData>
            <SimpleData name="Grupo_de_p">G-P1-XX-XX-XX</SimpleData>
            <SimpleData name="Estado_del">Activo</SimpleData>
            <SimpleData name="Empresa">Red Forestal Paraguay SA</SimpleData>
            <SimpleData name="Lote">G</SimpleData>
            <SimpleData name="Parametro">0.00000000000</SimpleData>
            <SimpleData name="Sup_SIG">1.09270096847</SimpleData>
            <SimpleData name="X">-55.18000761000</SimpleData>
            <SimpleData name="Y">-24.23293374000</SimpleData>
            <SimpleData name="cedula">5973631</SimpleData>
            <SimpleData name="Cédula_1">5973631.00000000000</SimpleData>
            <SimpleData name="Estado_d_1">Activo</SimpleData>
            <SimpleData name="OBJECTID_1">5308</SimpleData>
            <SimpleData name="Shape_Leng">418.40913886100</SimpleData>
            <SimpleData name="Shape_Area">10927.00968470000</SimpleData>
          </SchemaData>
        </ExtendedData>
        <Polygon>
          <outerBoundaryIs>
            <LinearRing>
              <coordinates>
                -55.1793520005794,-24.2331860999836,0
                -55.1802334000253,-24.2335635998155,0
                -55.180699999906,-24.2327167002806,0
                -55.1797332999248,-24.2322966994447,0
                -55.1793520005794,-24.2331860999836,0
              </coordinates>
            </LinearRing>
          </outerBoundaryIs>
        </Polygon>
      </Placemark>
      <Placemark id="Lote_G.101">
        <ExtendedData>
          <SchemaData schemaUrl="#Lote_G.schema">
            <SimpleData name="Cédula">7392561.00000000000</SimpleData>
            <SimpleData name="Nombres_y_">DORITA ROMERO</SimpleData>
            <SimpleData name="Sexo">Mujer</SimpleData>
            <SimpleData name="Cambio_de_">NO</SimpleData>
            <SimpleData name="Titular_se">SANDRA SOLEDAD NU?EZ GONZALEZ</SimpleData>
            <SimpleData name="Cédula_Ti">7156591</SimpleData>
            <SimpleData name="ci_UNIF">7156591.00000000000</SimpleData>
            <SimpleData name="Situación">Cambio de residencia</SimpleData>
            <SimpleData name="Comunidad">Ind?gena</SimpleData>
            <SimpleData name="Modelo_imp">Modelo 3</SimpleData>
            <SimpleData name="Departamen">CANINDEYU</SimpleData>
            <SimpleData name="Distrito">YASY CA?Y</SimpleData>
            <SimpleData name="Localidad">COM INDIG SAN ANTONIO</SimpleData>
            <SimpleData name="Teléfono">0986707914</SimpleData>
            <SimpleData name="Vivienda_L">-24.53883880000</SimpleData>
            <SimpleData name="Vivienda_1">-55.96781340000</SimpleData>
            <SimpleData name="Superficie">1.00000000000</SimpleData>
            <SimpleData name="Situaci_1">Pol?gono</SimpleData>
            <SimpleData name="Plantado">SI</SimpleData>
            <SimpleData name="Fecha_Plan">2025/10/30</SimpleData>
            <SimpleData name="Jornales">0.00000000000</SimpleData>
            <SimpleData name="Monto">0.00000000000</SimpleData>
            <SimpleData name="Grupo_de_p">G-P1-XX-XX-XX</SimpleData>
            <SimpleData name="Estado_del">Activo</SimpleData>
            <SimpleData name="Empresa">Red Forestal Paraguay SA</SimpleData>
            <SimpleData name="Lote">G</SimpleData>
            <SimpleData name="Parametro">0.00000000000</SimpleData>
            <SimpleData name="Sup_SIG">1.10434023684</SimpleData>
            <SimpleData name="X">-55.96735311000</SimpleData>
            <SimpleData name="Y">-24.53588435000</SimpleData>
            <SimpleData name="cedula">7392561</SimpleData>
            <SimpleData name="Cédula_1">7392561.00000000000</SimpleData>
            <SimpleData name="Estado_d_1">Activo</SimpleData>
            <SimpleData name="OBJECTID_1">7837</SimpleData>
            <SimpleData name="Shape_Leng">421.77575494100</SimpleData>
            <SimpleData name="Shape_Area">11043.40236840000</SimpleData>
          </SchemaData>
        </ExtendedData>
        <Polygon>
          <outerBoundaryIs>
            <LinearRing>
              <coordinates>
                -55.9668516999119,-24.5354333992664,0
                -55.9667696004513,-24.536335100501,0
                -55.9679516003402,-24.5363164992668,0
                -55.9678282996488,-24.5353950005599,0
                -55.9668516999119,-24.5354333992664,0
              </coordinates>
            </LinearRing>
          </outerBoundaryIs>
        </Polygon>
      </Placemark>
      <Placemark id="Lote_G.102">
        <ExtendedData>
          <SchemaData schemaUrl="#Lote_G.schema">
            <SimpleData name="Cédula">2890135.00000000000</SimpleData>
            <SimpleData name="Nombres_y_">MARTIN FRANCISCO VILLALBA</SimpleData>
            <SimpleData name="Sexo">Hombre</SimpleData>
            <SimpleData name="Cambio_de_">NO</SimpleData>
            <SimpleData name="Titular_se">NO</SimpleData>
            <SimpleData name="ci_UNIF">2890135.00000000000</SimpleData>
            <SimpleData name="Situación">NO</SimpleData>
            <SimpleData name="Comunidad">Ind?gena</SimpleData>
            <SimpleData name="Modelo_imp">Modelo 4</SimpleData>
            <SimpleData name="Departamen">CANINDEYU</SimpleData>
            <SimpleData name="Distrito">YBY PYTA</SimpleData>
            <SimpleData name="Localidad">COM INDIG KUETUVY</SimpleData>
            <SimpleData name="Teléfono">0984044996</SimpleData>
            <SimpleData name="Vivienda_L">-24.28761950000</SimpleData>
            <SimpleData name="Vivienda_1">-55.41564130000</SimpleData>
            <SimpleData name="Superficie">0.70000000000</SimpleData>
            <SimpleData name="Situaci_1">Par?metro</SimpleData>
            <SimpleData name="Plantado">SI</SimpleData>
            <SimpleData name="Fecha_Plan">2025/11/29</SimpleData>
            <SimpleData name="Jornales">0.00000000000</SimpleData>
            <SimpleData name="Monto">0.00000000000</SimpleData>
            <SimpleData name="Grupo_de_p">G-P1-XX-XX-XX</SimpleData>
            <SimpleData name="Estado_del">Activo</SimpleData>
            <SimpleData name="Empresa">Red Forestal Paraguay SA</SimpleData>
            <SimpleData name="Lote">G</SimpleData>
            <SimpleData name="Parametro">0.00000000000</SimpleData>
            <SimpleData name="Sup_SIG">0.72784838769</SimpleData>
            <SimpleData name="X">-55.40553546000</SimpleData>
            <SimpleData name="Y">-24.29200372000</SimpleData>
            <SimpleData name="cedula">2890135</SimpleData>
            <SimpleData name="Cédula_1">2890135.00000000000</SimpleData>
            <SimpleData name="Estado_d_1">Activo</SimpleData>
            <SimpleData name="OBJECTID_1">7074</SimpleData>
            <SimpleData name="Shape_Leng">348.10140923900</SimpleData>
            <SimpleData name="Shape_Area">7278.48387692000</SimpleData>
          </SchemaData>
        </ExtendedData>
        <Polygon>
          <outerBoundaryIs>
            <LinearRing>
              <coordinates>
                -55.4049533003478,-24.2920833002997,0
                -55.4058416997088,-24.2925116999903,0
                -55.4061305997635,-24.2919185998836,0
                -55.4052000004313,-24.2915016997372,0
                -55.4049533003478,-24.2920833002997,0
              </coordinates>
            </LinearRing>
          </outerBoundaryIs>
        </Polygon>
      </Placemark>
      <Placemark id="Lote_G.103">
        <ExtendedData>
          <SchemaData schemaUrl="#Lote_G.schema">
            <SimpleData name="Cédula">4173655.00000000000</SimpleData>
            <SimpleData name="Nombres_y_">DORA PIRAGI</SimpleData>
            <SimpleData name="Sexo">Mujer</SimpleData>
            <SimpleData name="Cambio_de_">NO</SimpleData>
            <SimpleData name="Titular_se">NO</SimpleData>
            <SimpleData name="ci_UNIF">4173655.00000000000</SimpleData>
            <SimpleData name="Situación">NO</SimpleData>
            <SimpleData name="Comunidad">Ind?gena</SimpleData>
            <SimpleData name="Modelo_imp">Modelo 4</SimpleData>
            <SimpleData name="Departamen">CANINDEYU</SimpleData>
            <SimpleData name="Distrito">YBY PYTA</SimpleData>
            <SimpleData name="Localidad">COM INDIG KUETUVY</SimpleData>
            <SimpleData name="Teléfono">0981977175</SimpleData>
            <SimpleData name="Vivienda_L">-24.28724980000</SimpleData>
            <SimpleData name="Vivienda_1">-55.41588140000</SimpleData>
            <SimpleData name="Superficie">0.70000000000</SimpleData>
            <SimpleData name="Situaci_1">Par?metro</SimpleData>
            <SimpleData name="Plantado">SI</SimpleData>
            <SimpleData name="Fecha_Plan">2026/01/07</SimpleData>
            <SimpleData name="Jornales">0.00000000000</SimpleData>
            <SimpleData name="Monto">0.00000000000</SimpleData>
            <SimpleData name="Grupo_de_p">G-P2-XX-XX-XX</SimpleData>
            <SimpleData name="Estado_del">Activo</SimpleData>
            <SimpleData name="Empresa">Red Forestal Paraguay SA</SimpleData>
            <SimpleData name="Lote">G</SimpleData>
            <SimpleData name="Parametro">0.00000000000</SimpleData>
            <SimpleData name="Sup_SIG">0.71472842661</SimpleData>
            <SimpleData name="X">-55.40643476000</SimpleData>
            <SimpleData name="Y">-24.28985608000</SimpleData>
            <SimpleData name="cedula">4173655</SimpleData>
            <SimpleData name="Cédula_1">4173655.00000000000</SimpleData>
            <SimpleData name="Estado_d_1">Activo</SimpleData>
            <SimpleData name="OBJECTID_1">7075</SimpleData>
            <SimpleData name="Shape_Leng">403.58079325200</SimpleData>
            <SimpleData name="Shape_Area">7147.28426606000</SimpleData>
          </SchemaData>
        </ExtendedData>
        <Polygon>
          <outerBoundaryIs>
            <LinearRing>
              <coordinates>
                -55.4057417001717,-24.2894482999486,0
                -55.4067635996994,-24.2905106004468,0
                -55.4071199999388,-24.2902733001411,0
                -55.4061360002885,-24.2892125002924,0
                -55.4057417001717,-24.2894482999486,0
              </coordinates>
            </LinearRing>
          </outerBoundaryIs>
        </Polygon>
      </Placemark>
      <Placemark id="Lote_G.104">
        <ExtendedData>
          <SchemaData schemaUrl="#Lote_G.schema">
            <SimpleData name="Cédula">6372139.00000000000</SimpleData>
            <SimpleData name="Nombres_y_">RUMILDA  JARA MONZON</SimpleData>
            <SimpleData name="Sexo">Mujer</SimpleData>
            <SimpleData name="Cambio_de_">NO</SimpleData>
            <SimpleData name="Titular_se">NO</SimpleData>
            <SimpleData name="ci_UNIF">6372139.00000000000</SimpleData>
            <SimpleData name="Situación">NO</SimpleData>
            <SimpleData name="Comunidad">Campesina</SimpleData>
            <SimpleData name="Modelo_imp">Modelo 5</SimpleData>
            <SimpleData name="Departamen">CANINDEYU</SimpleData>
            <SimpleData name="Distrito">YBY PYTA</SimpleData>
            <SimpleData name="Localidad">GUYRA KEHA - SAN JOSE</SimpleData>
            <SimpleData name="Teléfono">984959528</SimpleData>
            <SimpleData name="Vivienda_L">-24.20832850000</SimpleData>
            <SimpleData name="Vivienda_1">-55.29711950000</SimpleData>
            <SimpleData name="Superficie">0.70000000000</SimpleData>
            <SimpleData name="Situaci_1">Par?metro</SimpleData>
            <SimpleData name="Plantado">SI</SimpleData>
            <SimpleData name="Fecha_Plan">2025/11/29</SimpleData>
            <SimpleData name="Jornales">0.00000000000</SimpleData>
            <SimpleData name="Monto">0.00000000000</SimpleData>
            <SimpleData name="Grupo_de_p">G-P1-XX-XX-XX</SimpleData>
            <SimpleData name="Estado_del">Activo</SimpleData>
            <SimpleData name="Empresa">Red Forestal Paraguay SA</SimpleData>
            <SimpleData name="Lote">G</SimpleData>
            <SimpleData name="Parametro">0.00000000000</SimpleData>
            <SimpleData name="Sup_SIG">0.70569817821</SimpleData>
            <SimpleData name="X">-55.29612503000</SimpleData>
            <SimpleData name="Y">-24.20690822000</SimpleData>
            <SimpleData name="cedula">6372139</SimpleData>
            <SimpleData name="Cédula_1">6372139.00000000000</SimpleData>
            <SimpleData name="Estado_d_1">Activo</SimpleData>
            <SimpleData name="OBJECTID_1">6293</SimpleData>
            <SimpleData name="Shape_Leng">509.87102678900</SimpleData>
            <SimpleData name="Shape_Area">7056.98178205000</SimpleData>
          </SchemaData>
        </ExtendedData>
        <MultiGeometry>
          <Polygon>
            <outerBoundaryIs>
              <LinearRing>
                <coordinates>
                  -55.2969795999098,-24.2078980996242,0
                  -55.2969854000182,-24.2074955996556,0
                  -55.2962835000386,-24.2073859000471,0
                  -55.2962815003571,-24.2077717001438,0
                  -55.2969795999098,-24.2078980996242,0
                </coordinates>
              </LinearRing>
            </outerBoundaryIs>
          </Polygon>
          <Polygon>
            <outerBoundaryIs>
              <LinearRing>
                <coordinates>
                  -55.2962525003619,-24.2073955000315,0
                  -55.2963817000012,-24.2064867002398,0
                  -55.2959591000091,-24.2064634002082,0
                  -55.2958950002316,-24.207332099799,0
                  -55.2962525003619,-24.2073955000315,0
                </coordinates>
              </LinearRing>
            </outerBoundaryIs>
          </Polygon>
        </MultiGeometry>
      </Placemark>
      <Placemark id="Lote_G.105">
        <ExtendedData>
          <SchemaData schemaUrl="#Lote_G.schema">
            <SimpleData name="Cédula">6171929.00000000000</SimpleData>
            <SimpleData name="Nombres_y_">SOTELO RAMIREZ RECALDE</SimpleData>
            <SimpleData name="Sexo">Hombre</SimpleData>
            <SimpleData name="Cambio_de_">NO</SimpleData>
            <SimpleData name="Titular_se">NO</SimpleData>
            <SimpleData name="ci_UNIF">6171929.00000000000</SimpleData>
            <SimpleData name="Situación">NO</SimpleData>
            <SimpleData name="Comunidad">Ind?gena</SimpleData>
            <SimpleData name="Modelo_imp">Modelo 3</SimpleData>
            <SimpleData name="Departamen">CANINDEYU</SimpleData>
            <SimpleData name="Distrito">YBY PYTA</SimpleData>
            <SimpleData name="Localidad">COM INDIG TACUARY</SimpleData>
            <SimpleData name="Teléfono">0987161772</SimpleData>
            <SimpleData name="Vivienda_L">-24.23549720000</SimpleData>
            <SimpleData name="Vivienda_1">-55.19642570000</SimpleData>
            <SimpleData name="Superficie">1.00000000000</SimpleData>
            <SimpleData name="Situaci_1">Par?metro</SimpleData>
            <SimpleData name="Plantado">SI</SimpleData>
            <SimpleData name="Fecha_Plan">2025/12/09</SimpleData>
            <SimpleData name="Jornales">0.00000000000</SimpleData>
            <SimpleData name="Monto">0.00000000000</SimpleData>
            <SimpleData name="Grupo_de_p">G-P1-XX-XX-XX</SimpleData>
            <SimpleData name="Estado_del">Activo</SimpleData>
            <SimpleData name="Empresa">Red Forestal Paraguay SA</SimpleData>
            <SimpleData name="Lote">G</SimpleData>
            <SimpleData name="Parametro">0.00000000000</SimpleData>
            <SimpleData name="Sup_SIG">1.02663809599</SimpleData>
            <SimpleData name="X">-55.18605947000</SimpleData>
            <SimpleData name="Y">-24.23891580000</SimpleData>
            <SimpleData name="cedula">6171929</SimpleData>
            <SimpleData name="Cédula_1">6171929.00000000000</SimpleData>
            <SimpleData name="Estado_d_1">Activo</SimpleData>
            <SimpleData name="OBJECTID_1">5309</SimpleData>
            <SimpleData name="Shape_Leng">408.10447982800</SimpleData>
            <SimpleData name="Shape_Area">10266.38095990000</SimpleData>
          </SchemaData>
        </ExtendedData>
        <Polygon>
          <outerBoundaryIs>
            <LinearRing>
              <coordinates>
                -55.1866054769703,-24.2392544615948,0
                -55.1866033000942,-24.2392549999611,0
                -55.1865891787892,-24.2391838033282,0
                -55.1863814004391,-24.2382830004158,0
                -55.1854732998644,-24.2386066999381,0
                -55.1857766999223,-24.2395395998875,0
                -55.1866082998636,-24.2392666997205,0
                -55.1866054769703,-24.2392544615948,0
              </coordinates>
            </LinearRing>
          </outerBoundaryIs>
        </Polygon>
      </Placemark>
      <Placemark id="Lote_G.106">
        <ExtendedData>
          <SchemaData schemaUrl="#Lote_G.schema">
            <SimpleData name="Cédula">5957436.00000000000</SimpleData>
            <SimpleData name="Nombres_y_">ADRIANA ANDREA GARCETE LOPEZ</SimpleData>
            <SimpleData name="Sexo">Mujer</SimpleData>
            <SimpleData name="Cambio_de_">NO</SimpleData>
            <SimpleData name="Titular_se">NO</SimpleData>
            <SimpleData name="ci_UNIF">5957436.00000000000</SimpleData>
            <SimpleData name="Situación">NO</SimpleData>
            <SimpleData name="Comunidad">Ind?gena</SimpleData>
            <SimpleData name="Modelo_imp">Modelo 5</SimpleData>
            <SimpleData name="Departamen">CANINDEYU</SimpleData>
            <SimpleData name="Distrito">YBY PYTA</SimpleData>
            <SimpleData name="Localidad">COM INDIG TEKOHA POTY PYAHU</SimpleData>
            <SimpleData name="Teléfono">0984842494</SimpleData>
            <SimpleData name="Vivienda_L">-24.25150350000</SimpleData>
            <SimpleData name="Vivienda_1">-55.20957890000</SimpleData>
            <SimpleData name="Superficie">0.70000000000</SimpleData>
            <SimpleData name="Situaci_1">Pol?gono</SimpleData>
            <SimpleData name="Plantado">SI</SimpleData>
            <SimpleData name="Fecha_Plan">2025/11/28</SimpleData>
            <SimpleData name="Jornales">0.00000000000</SimpleData>
            <SimpleData name="Monto">0.00000000000</SimpleData>
            <SimpleData name="Grupo_de_p">G-P1-XX-XX-XX</SimpleData>
            <SimpleData name="Estado_del">Activo</SimpleData>
            <SimpleData name="Empresa">Red Forestal Paraguay SA</SimpleData>
            <SimpleData name="Lote">G</SimpleData>
            <SimpleData name="Parametro">0.00000000000</SimpleData>
            <SimpleData name="Sup_SIG">0.80320137497</SimpleData>
            <SimpleData name="X">-55.21034146000</SimpleData>
            <SimpleData name="Y">-24.25087723000</SimpleData>
            <SimpleData name="cedula">5957436</SimpleData>
            <SimpleData name="Cédula_1">5957436.00000000000</SimpleData>
            <SimpleData name="Estado_d_1">Activo</SimpleData>
            <SimpleData name="OBJECTID_1">5305</SimpleData>
            <SimpleData name="Shape_Leng">366.99937866700</SimpleData>
            <SimpleData name="Shape_Area">8032.01374970000</SimpleData>
          </SchemaData>
        </ExtendedData>
        <Polygon>
          <outerBoundaryIs>
            <LinearRing>
              <coordinates>
                -55.2096267001963,-24.2508766992043,0
                -55.2101183005837,-24.2513567000439,0
                -55.2110017002239,-24.250971700521,0
                -55.2106049998927,-24.2503516993526,0
                -55.2096267001963,-24.2508766992043,0
              </coordinates>
            </LinearRing>
          </outerBoundaryIs>
        </Polygon>
      </Placemark>
      <Placemark id="Lote_G.107">
        <ExtendedData>
          <SchemaData schemaUrl="#Lote_G.schema">
            <SimpleData name="Cédula">6358403.00000000000</SimpleData>
            <SimpleData name="Nombres_y_">RUTH NARDILIN ALTAMIRANO RUIZ</SimpleData>
            <SimpleData name="Sexo">Mujer</SimpleData>
            <SimpleData name="Cambio_de_">NO</SimpleData>
            <SimpleData name="Titular_se">NO</SimpleData>
            <SimpleData name="ci_UNIF">6358403.00000000000</SimpleData>
            <SimpleData name="Situación">NO</SimpleData>
            <SimpleData name="Comunidad">Campesina</SimpleData>
            <SimpleData name="Modelo_imp">Modelo 5</SimpleData>
            <SimpleData name="Departamen">CANINDEYU</SimpleData>
            <SimpleData name="Distrito">YBY PYTA</SimpleData>
            <SimpleData name="Localidad">GUYRA KEHA</SimpleData>
            <SimpleData name="Teléfono">0985376447</SimpleData>
            <SimpleData name="Vivienda_L">-24.24793470000</SimpleData>
            <SimpleData name="Vivienda_1">-55.28940130000</SimpleData>
            <SimpleData name="Superficie">0.70000000000</SimpleData>
            <SimpleData name="Situaci_1">Pol?gono</SimpleData>
            <SimpleData name="Plantado">SI</SimpleData>
            <SimpleData name="Fecha_Plan">2025/10/23</SimpleData>
            <SimpleData name="Jornales">0.00000000000</SimpleData>
            <SimpleData name="Monto">0.00000000000</SimpleData>
            <SimpleData name="Grupo_de_p">G-P1-XX-XX-XX</SimpleData>
            <SimpleData name="Estado_del">Activo</SimpleData>
            <SimpleData name="Empresa">Red Forestal Paraguay SA</SimpleData>
            <SimpleData name="Lote">G</SimpleData>
            <SimpleData name="Parametro">0.00000000000</SimpleData>
            <SimpleData name="Sup_SIG">0.71090494349</SimpleData>
            <SimpleData name="X">-55.28722714000</SimpleData>
            <SimpleData name="Y">-24.24814473000</SimpleData>
            <SimpleData name="cedula">6358403</SimpleData>
            <SimpleData name="Cédula_1">6358403.00000000000</SimpleData>
            <SimpleData name="Estado_d_1">Activo</SimpleData>
            <SimpleData name="OBJECTID_1">7088</SimpleData>
            <SimpleData name="Shape_Leng">352.92208396700</SimpleData>
            <SimpleData name="Shape_Area">7109.04943485000</SimpleData>
          </SchemaData>
        </ExtendedData>
        <Polygon>
          <outerBoundaryIs>
            <LinearRing>
              <coordinates>
                -55.2868845999523,-24.2486390000269,0
                -55.2875447995054,-24.2486535996569,0
                -55.287523300107,-24.2476199999059,0
                -55.286955600331,-24.2476144998855,0
                -55.2868845999523,-24.2486390000269,0
              </coordinates>
            </LinearRing>
          </outerBoundaryIs>
        </Polygon>
      </Placemark>
      <Placemark id="Lote_G.108">
        <ExtendedData>
          <SchemaData schemaUrl="#Lote_G.schema">
            <SimpleData name="Cédula">5906651.00000000000</SimpleData>
            <SimpleData name="Nombres_y_">FLORENCIO ENCISO</SimpleData>
            <SimpleData name="Sexo">Hombre</SimpleData>
            <SimpleData name="Cambio_de_">SI</SimpleData>
            <SimpleData name="Titular_se">NARCISO DUARTE VERA</SimpleData>
            <SimpleData name="Cédula_Ti">2806542</SimpleData>
            <SimpleData name="ci_UNIF">2806542.00000000000</SimpleData>
            <SimpleData name="Situación">NO</SimpleData>
            <SimpleData name="Comunidad">Ind?gena</SimpleData>
            <SimpleData name="Modelo_imp">Modelo 5</SimpleData>
            <SimpleData name="Departamen">CANINDEYU</SimpleData>
            <SimpleData name="Distrito">YASY CA?Y</SimpleData>
            <SimpleData name="Localidad">COM INDIG KANINDE</SimpleData>
            <SimpleData name="Teléfono">971386628</SimpleData>
            <SimpleData name="Vivienda_L">-24.41058080000</SimpleData>
            <SimpleData name="Vivienda_1">-55.99678490000</SimpleData>
            <SimpleData name="Superficie">0.70000000000</SimpleData>
            <SimpleData name="Situaci_1">Pol?gono</SimpleData>
            <SimpleData name="Plantado">SI</SimpleData>
            <SimpleData name="Fecha_Plan">2025/11/05</SimpleData>
            <SimpleData name="Jornales">0.00000000000</SimpleData>
            <SimpleData name="Monto">0.00000000000</SimpleData>
            <SimpleData name="Grupo_de_p">G-P1-XX-XX-XX</SimpleData>
            <SimpleData name="Estado_del">Activo</SimpleData>
            <SimpleData name="Empresa">Red Forestal Paraguay SA</SimpleData>
            <SimpleData name="Lote">G</SimpleData>
            <SimpleData name="Parametro">0.00000000000</SimpleData>
            <SimpleData name="Sup_SIG">0.72560859851</SimpleData>
            <SimpleData name="X">-55.99841609000</SimpleData>
            <SimpleData name="Y">-24.40800991000</SimpleData>
            <SimpleData name="cedula">5906651</SimpleData>
            <SimpleData name="Cédula_1">5906651.00000000000</SimpleData>
            <SimpleData name="Estado_d_1">Activo</SimpleData>
            <SimpleData name="OBJECTID_1">7838</SimpleData>
            <SimpleData name="Shape_Leng">344.79194922900</SimpleData>
            <SimpleData name="Shape_Area">7256.08598513000</SimpleData>
          </SchemaData>
        </ExtendedData>
        <Polygon>
          <outerBoundaryIs>
            <LinearRing>
              <coordinates>
                -55.9979943001629,-24.4076325002142,0
                -55.9980967003307,-24.4084600000281,0
                -55.9987816998108,-24.4084629999708,0
                -55.998765400507,-24.4075238999416,0
                -55.9979943001629,-24.4076325002142,0
              </coordinates>
            </LinearRing>
          </outerBoundaryIs>
        </Polygon>
      </Placemark>
      <Placemark id="Lote_G.109">
        <ExtendedData>
          <SchemaData schemaUrl="#Lote_G.schema">
            <SimpleData name="Cédula">7302569.00000000000</SimpleData>
            <SimpleData name="Nombres_y_">JUAN CARLOS IBA?EZ</SimpleData>
            <SimpleData name="Sexo">Hombre</SimpleData>
            <SimpleData name="Cambio_de_">NO</SimpleData>
            <SimpleData name="Titular_se">NO</SimpleData>
            <SimpleData name="ci_UNIF">7302569.00000000000</SimpleData>
            <SimpleData name="Situación">NO</SimpleData>
            <SimpleData name="Comunidad">Ind?gena</SimpleData>
            <SimpleData name="Modelo_imp">Modelo 5</SimpleData>
            <SimpleData name="Departamen">CANINDEYU</SimpleData>
            <SimpleData name="Distrito">YASY CA?Y</SimpleData>
            <SimpleData name="Localidad">COM INDIG JOYVY</SimpleData>
            <SimpleData name="Teléfono">0984035185</SimpleData>
            <SimpleData name="Vivienda_L">-24.48422820000</SimpleData>
            <SimpleData name="Vivienda_1">-55.95151290000</SimpleData>
            <SimpleData name="Superficie">0.70000000000</SimpleData>
            <SimpleData name="Situaci_1">Par?metro</SimpleData>
            <SimpleData name="Plantado">SI</SimpleData>
            <SimpleData name="Fecha_Plan">2026/01/14</SimpleData>
            <SimpleData name="Jornales">0.00000000000</SimpleData>
            <SimpleData name="Monto">0.00000000000</SimpleData>
            <SimpleData name="Grupo_de_p">G-P2-XX-XX-XX</SimpleData>
            <SimpleData name="Estado_del">Activo</SimpleData>
            <SimpleData name="Empresa">Red Forestal Paraguay SA</SimpleData>
            <SimpleData name="Lote">G</SimpleData>
            <SimpleData name="Parametro">0.00000000000</SimpleData>
            <SimpleData name="Sup_SIG">0.71150611887</SimpleData>
            <SimpleData name="X">-55.95264303000</SimpleData>
            <SimpleData name="Y">-24.48720935000</SimpleData>
            <SimpleData name="cedula">7302569</SimpleData>
            <SimpleData name="Cédula_1">7302569.00000000000</SimpleData>
            <SimpleData name="Estado_d_1">Activo</SimpleData>
            <SimpleData name="OBJECTID_1">7018</SimpleData>
            <SimpleData name="Shape_Leng">394.90184962500</SimpleData>
            <SimpleData name="Shape_Area">7115.06118873000</SimpleData>
          </SchemaData>
        </ExtendedData>
        <Polygon>
          <outerBoundaryIs>
            <LinearRing>
              <coordinates>
                -55.9520098000967,-24.4873965006003,0
                -55.9533531003952,-24.4875317994018,0
                -55.9534305001878,-24.4872354998007,0
                -55.9529885995927,-24.4871928003604,0
                -55.9529965996647,-24.4870116003682,0
                -55.9521427996706,-24.4867852007365,0
                -55.9520098000967,-24.4873965006003,0
              </coordinates>
            </LinearRing>
          </outerBoundaryIs>
        </Polygon>
      </Placemark>
      <Placemark id="Lote_G.110">
        <ExtendedData>
          <SchemaData schemaUrl="#Lote_G.schema">
            <SimpleData name="Cédula">5948020.00000000000</SimpleData>
            <SimpleData name="Nombres_y_">ESTER BALBUENA BASILI</SimpleData>
            <SimpleData name="Sexo">Mujer</SimpleData>
            <SimpleData name="Cambio_de_">NO</SimpleData>
            <SimpleData name="Titular_se">NO</SimpleData>
            <SimpleData name="ci_UNIF">5948020.00000000000</SimpleData>
            <SimpleData name="Situación">NO</SimpleData>
            <SimpleData name="Comunidad">Campesina</SimpleData>
            <SimpleData name="Modelo_imp">Modelo 2</SimpleData>
            <SimpleData name="Departamen">CANINDEYU</SimpleData>
            <SimpleData name="Distrito">YBY PYTA</SimpleData>
            <SimpleData name="Localidad">GUYRA KEHA SAN ANTONIO</SimpleData>
            <SimpleData name="Teléfono">0984317086</SimpleData>
            <SimpleData name="Vivienda_L">-24.24661420000</SimpleData>
            <SimpleData name="Vivienda_1">-55.27228680000</SimpleData>
            <SimpleData name="Superficie">0.80000000000</SimpleData>
            <SimpleData name="Situaci_1">Pol?gono</SimpleData>
            <SimpleData name="Plantado">SI</SimpleData>
            <SimpleData name="Fecha_Plan">2025/10/22</SimpleData>
            <SimpleData name="Jornales">0.00000000000</SimpleData>
            <SimpleData name="Monto">0.00000000000</SimpleData>
            <SimpleData name="Grupo_de_p">G-P1-XX-XX-XX</SimpleData>
            <SimpleData name="Estado_del">Activo</SimpleData>
            <SimpleData name="Empresa">Red Forestal Paraguay SA</SimpleData>
            <SimpleData name="Lote">G</SimpleData>
            <SimpleData name="Parametro">0.00000000000</SimpleData>
            <SimpleData name="Sup_SIG">0.84372529204</SimpleData>
            <SimpleData name="X">-55.28833504000</SimpleData>
            <SimpleData name="Y">-24.24560195000</SimpleData>
            <SimpleData name="cedula">5948020</SimpleData>
            <SimpleData name="Cédula_1">5948020.00000000000</SimpleData>
            <SimpleData name="Estado_d_1">Activo</SimpleData>
            <SimpleData name="OBJECTID_1">7086</SimpleData>
            <SimpleData name="Shape_Leng">425.46090610100</SimpleData>
            <SimpleData name="Shape_Area">8437.25292038000</SimpleData>
          </SchemaData>
        </ExtendedData>
        <Polygon>
          <outerBoundaryIs>
            <LinearRing>
              <coordinates>
                -55.2880861201243,-24.2458352347861,0
                -55.2880863001263,-24.2458339997966,0
                -55.2881120947176,-24.2458348327349,0
                -55.2881128002541,-24.2458309002847,0
                -55.2883013700785,-24.2458404415854,0
                -55.289109999706,-24.2458599995567,0
                -55.2891286996893,-24.2453809006323,0
                -55.2875543000876,-24.2453460998848,0
                -55.2875431002261,-24.2458220999544,0
                -55.2880861201243,-24.2458352347861,0
              </coordinates>
            </LinearRing>
          </outerBoundaryIs>
        </Polygon>
      </Placemark>
      <Placemark id="Lote_G.111">
        <ExtendedData>
          <SchemaData schemaUrl="#Lote_G.schema">
            <SimpleData name="Cédula">4008696.00000000000</SimpleData>
            <SimpleData name="Nombres_y_">ODULIA LOPEZ COLMAN</SimpleData>
            <SimpleData name="Sexo">Mujer</SimpleData>
            <SimpleData name="Cambio_de_">NO</SimpleData>
            <SimpleData name="Titular_se">NO</SimpleData>
            <SimpleData name="ci_UNIF">4008696.00000000000</SimpleData>
            <SimpleData name="Situación">NO</SimpleData>
            <SimpleData name="Comunidad">Ind?gena</SimpleData>
            <SimpleData name="Modelo_imp">Modelo 3</SimpleData>
            <SimpleData name="Departamen">CANINDEYU</SimpleData>
            <SimpleData name="Distrito">YBY PYTA</SimpleData>
            <SimpleData name="Localidad">COM INDIG SAN JUAN</SimpleData>
            <SimpleData name="Teléfono">0983144043</SimpleData>
            <SimpleData name="Vivienda_L">-24.24041620000</SimpleData>
            <SimpleData name="Vivienda_1">-55.19993260000</SimpleData>
            <SimpleData name="Superficie">1.00000000000</SimpleData>
            <SimpleData name="Situaci_1">Pol?gono</SimpleData>
            <SimpleData name="Plantado">SI</SimpleData>
            <SimpleData name="Fecha_Plan">2025/10/23</SimpleData>
            <SimpleData name="Jornales">0.00000000000</SimpleData>
            <SimpleData name="Monto">0.00000000000</SimpleData>
            <SimpleData name="Grupo_de_p">G-P1-XX-XX-XX</SimpleData>
            <SimpleData name="Estado_del">Activo</SimpleData>
            <SimpleData name="Empresa">Red Forestal Paraguay SA</SimpleData>
            <SimpleData name="Lote">G</SimpleData>
            <SimpleData name="Parametro">0.00000000000</SimpleData>
            <SimpleData name="Sup_SIG">1.10190220156</SimpleData>
            <SimpleData name="X">-55.20154052000</SimpleData>
            <SimpleData name="Y">-24.24356205000</SimpleData>
            <SimpleData name="cedula">4008696</SimpleData>
            <SimpleData name="Cédula_1">4008696.00000000000</SimpleData>
            <SimpleData name="Estado_d_1">Activo</SimpleData>
            <SimpleData name="OBJECTID_1">5312</SimpleData>
            <SimpleData name="Shape_Leng">423.95511475300</SimpleData>
            <SimpleData name="Shape_Area">11019.02201560000</SimpleData>
          </SchemaData>
        </ExtendedData>
        <Polygon>
          <outerBoundaryIs>
            <LinearRing>
              <coordinates>
                -55.2009083004907,-24.2433449994533,0
                -55.2012767001311,-24.2441732998495,0
                -55.2022049999383,-24.2439100000246,0
                -55.2016916991815,-24.2428432999749,0
                -55.2009083004907,-24.2433449994533,0
              </coordinates>
            </LinearRing>
          </outerBoundaryIs>
        </Polygon>
      </Placemark>
      <Placemark id="Lote_G.112">
        <ExtendedData>
          <SchemaData schemaUrl="#Lote_G.schema">
            <SimpleData name="Cédula">7162347.00000000000</SimpleData>
            <SimpleData name="Nombres_y_">ELIODORA BENITEZ VILLALBA</SimpleData>
            <SimpleData name="Sexo">Mujer</SimpleData>
            <SimpleData name="Cambio_de_">NO</SimpleData>
            <SimpleData name="Titular_se">NO</SimpleData>
            <SimpleData name="ci_UNIF">7162347.00000000000</SimpleData>
            <SimpleData name="Situación">NO</SimpleData>
            <SimpleData name="Comunidad">Ind?gena</SimpleData>
            <SimpleData name="Modelo_imp">Modelo 5</SimpleData>
            <SimpleData name="Departamen">CANINDEYU</SimpleData>
            <SimpleData name="Distrito">YASY CA?Y</SimpleData>
            <SimpleData name="Localidad">COM INDIG  TAKUA MIRI</SimpleData>
            <SimpleData name="Teléfono">ND</SimpleData>
            <SimpleData name="Vivienda_L">-24.40695640000</SimpleData>
            <SimpleData name="Vivienda_1">-56.01366490000</SimpleData>
            <SimpleData name="Superficie">0.70000000000</SimpleData>
            <SimpleData name="Situaci_1">Pol?gono</SimpleData>
            <SimpleData name="Plantado">SI</SimpleData>
            <SimpleData name="Fecha_Plan">2025/10/16</SimpleData>
            <SimpleData name="Jornales">0.00000000000</SimpleData>
            <SimpleData name="Monto">0.00000000000</SimpleData>
            <SimpleData name="Grupo_de_p">G-P1-XX-XX-XX</SimpleData>
            <SimpleData name="Estado_del">Activo</SimpleData>
            <SimpleData name="Empresa">Red Forestal Paraguay SA</SimpleData>
            <SimpleData name="Lote">G</SimpleData>
            <SimpleData name="Parametro">0.00000000000</SimpleData>
            <SimpleData name="Sup_SIG">0.70292893664</SimpleData>
            <SimpleData name="X">-56.01806195000</SimpleData>
            <SimpleData name="Y">-24.41922521000</SimpleData>
            <SimpleData name="cedula">7162347</SimpleData>
            <SimpleData name="Cédula_1">7162347.00000000000</SimpleData>
            <SimpleData name="Estado_d_1">Activo</SimpleData>
            <SimpleData name="OBJECTID_1">7615</SimpleData>
            <SimpleData name="Shape_Leng">342.08315334400</SimpleData>
            <SimpleData name="Shape_Area">7029.28936641000</SimpleData>
          </SchemaData>
        </ExtendedData>
        <Polygon>
          <outerBoundaryIs>
            <LinearRing>
              <coordinates>
                -56.0176601997449,-24.41883000038,0
                -56.0173966997622,-24.4192567000722,0
                -56.0182988996847,-24.4196751003972,0
                -56.0186647001535,-24.4192587002397,0
                -56.018608100283,-24.4190534994815,0
                -56.0183377004823,-24.4189351008091,0
                -56.0181581007949,-24.4189836997493,0
                -56.0176601997449,-24.41883000038,0
              </coordinates>
            </LinearRing>
          </outerBoundaryIs>
        </Polygon>
      </Placemark>
      <Placemark id="Lote_G.113">
        <ExtendedData>
          <SchemaData schemaUrl="#Lote_G.schema">
            <SimpleData name="Cédula">7090940.00000000000</SimpleData>
            <SimpleData name="Nombres_y_">MIRNA LORENA GONZALEZ CUENCA</SimpleData>
            <SimpleData name="Sexo">Mujer</SimpleData>
            <SimpleData name="Cambio_de_">NO</SimpleData>
            <SimpleData name="Titular_se">NO</SimpleData>
            <SimpleData name="ci_UNIF">7090940.00000000000</SimpleData>
            <SimpleData name="Situación">NO</SimpleData>
            <SimpleData name="Comunidad">Campesina</SimpleData>
            <SimpleData name="Modelo_imp">Modelo 1</SimpleData>
            <SimpleData name="Departamen">CANINDEYU</SimpleData>
            <SimpleData name="Distrito">YBY PYTA</SimpleData>
            <SimpleData name="Localidad">GUYRA KEHA</SimpleData>
            <SimpleData name="Teléfono">0981781017</SimpleData>
            <SimpleData name="Vivienda_L">-24.24510420000</SimpleData>
            <SimpleData name="Vivienda_1">-55.28336790000</SimpleData>
            <SimpleData name="Superficie">0.80000000000</SimpleData>
            <SimpleData name="Situaci_1">Pol?gono</SimpleData>
            <SimpleData name="Plantado">SI</SimpleData>
            <SimpleData name="Fecha_Plan">2025/10/17</SimpleData>
            <SimpleData name="Jornales">0.00000000000</SimpleData>
            <SimpleData name="Monto">0.00000000000</SimpleData>
            <SimpleData name="Grupo_de_p">G-P1-XX-XX-XX</SimpleData>
            <SimpleData name="Estado_del">Activo</SimpleData>
            <SimpleData name="Empresa">Red Forestal Paraguay SA</SimpleData>
            <SimpleData name="Lote">G</SimpleData>
            <SimpleData name="Parametro">0.00000000000</SimpleData>
            <SimpleData name="Sup_SIG">0.90793328880</SimpleData>
            <SimpleData name="X">-55.28457319000</SimpleData>
            <SimpleData name="Y">-24.23957662000</SimpleData>
            <SimpleData name="cedula">7090940</SimpleData>
            <SimpleData name="Cédula_1">7090940.00000000000</SimpleData>
            <SimpleData name="Estado_d_1">Activo</SimpleData>
            <SimpleData name="OBJECTID_1">5321</SimpleData>
            <SimpleData name="Shape_Leng">396.05588693000</SimpleData>
            <SimpleData name="Shape_Area">9079.33288800000</SimpleData>
          </SchemaData>
        </ExtendedData>
        <Polygon>
          <outerBoundaryIs>
            <LinearRing>
              <coordinates>
                -55.2849985532529,-24.2392215577668,0
                -55.2840249997321,-24.2392467002564,0
                -55.2840256585576,-24.2392364919344,0
                -55.2840121002343,-24.2392366992935,0
                -55.2839569999683,-24.2399380997165,0
                -55.2839844469752,-24.2399380273384,0
                -55.283985000043,-24.2399255000034,0
                -55.2851282715955,-24.2399168271119,0
                -55.2851847996158,-24.2392186998401,0
                -55.2849985532529,-24.2392215577668,0
              </coordinates>
            </LinearRing>
          </outerBoundaryIs>
        </Polygon>
      </Placemark>
      <Placemark id="Lote_G.114">
        <ExtendedData>
          <SchemaData schemaUrl="#Lote_G.schema">
            <SimpleData name="Cédula">5465002.00000000000</SimpleData>
            <SimpleData name="Nombres_y_">MERENCIANO RAMIREZ RECALDE</SimpleData>
            <SimpleData name="Sexo">Hombre</SimpleData>
            <SimpleData name="Cambio_de_">NO</SimpleData>
            <SimpleData name="Titular_se">NO</SimpleData>
            <SimpleData name="ci_UNIF">5465002.00000000000</SimpleData>
            <SimpleData name="Situación">NO</SimpleData>
            <SimpleData name="Comunidad">Ind?gena</SimpleData>
            <SimpleData name="Modelo_imp">Modelo 3</SimpleData>
            <SimpleData name="Departamen">CANINDEYU</SimpleData>
            <SimpleData name="Distrito">YBY PYTA</SimpleData>
            <SimpleData name="Localidad">COM INDIG SAN JUAN</SimpleData>
            <SimpleData name="Teléfono">0971653855</SimpleData>
            <SimpleData name="Vivienda_L">-24.23581750000</SimpleData>
            <SimpleData name="Vivienda_1">-55.19626570000</SimpleData>
            <SimpleData name="Superficie">1.00000000000</SimpleData>
            <SimpleData name="Situaci_1">Pol?gono</SimpleData>
            <SimpleData name="Plantado">SI</SimpleData>
            <SimpleData name="Fecha_Plan">2025/10/22</SimpleData>
            <SimpleData name="Jornales">0.00000000000</SimpleData>
            <SimpleData name="Monto">0.00000000000</SimpleData>
            <SimpleData name="Grupo_de_p">G-P1-XX-XX-XX</SimpleData>
            <SimpleData name="Estado_del">Activo</SimpleData>
            <SimpleData name="Empresa">Red Forestal Paraguay SA</SimpleData>
            <SimpleData name="Lote">G</SimpleData>
            <SimpleData name="Parametro">0.00000000000</SimpleData>
            <SimpleData name="Sup_SIG">1.03042291184</SimpleData>
            <SimpleData name="X">-55.18682726000</SimpleData>
            <SimpleData name="Y">-24.23781686000</SimpleData>
            <SimpleData name="cedula">5465002</SimpleData>
            <SimpleData name="Cédula_1">5465002.00000000000</SimpleData>
            <SimpleData name="Estado_d_1">Activo</SimpleData>
            <SimpleData name="OBJECTID_1">5313</SimpleData>
            <SimpleData name="Shape_Leng">406.49591734700</SimpleData>
            <SimpleData name="Shape_Area">10304.22911840000</SimpleData>
          </SchemaData>
        </ExtendedData>
        <Polygon>
          <outerBoundaryIs>
            <LinearRing>
              <coordinates>
                -55.1863922723594,-24.2382234619479,0
                -55.186424999633,-24.2383783000811,0
                -55.1874467005533,-24.2381149993963,0
                -55.1871987007035,-24.2372593001028,0
                -55.1862663681031,-24.2374881113177,0
                -55.1862383000848,-24.2374949999285,0
                -55.1863827945154,-24.2381786202785,0
                -55.1863922723594,-24.2382234619479,0
              </coordinates>
            </LinearRing>
          </outerBoundaryIs>
        </Polygon>
      </Placemark>
      <Placemark id="Lote_G.115">
        <ExtendedData>
          <SchemaData schemaUrl="#Lote_G.schema">
            <SimpleData name="Cédula">4911116.00000000000</SimpleData>
            <SimpleData name="Nombres_y_">FERMIN LOPEZ HAEDO</SimpleData>
            <SimpleData name="Sexo">Hombre</SimpleData>
            <SimpleData name="Cambio_de_">NO</SimpleData>
            <SimpleData name="Titular_se">NO</SimpleData>
            <SimpleData name="ci_UNIF">4911116.00000000000</SimpleData>
            <SimpleData name="Situación">NO</SimpleData>
            <SimpleData name="Comunidad">Ind?gena</SimpleData>
            <SimpleData name="Modelo_imp">Modelo 3</SimpleData>
            <SimpleData name="Departamen">CANINDEYU</SimpleData>
            <SimpleData name="Distrito">YBY PYTA</SimpleData>
            <SimpleData name="Localidad">COM INDIG SAN JUAN</SimpleData>
            <SimpleData name="Teléfono">0986120210</SimpleData>
            <SimpleData name="Vivienda_L">-24.23433310000</SimpleData>
            <SimpleData name="Vivienda_1">-55.19643060000</SimpleData>
            <SimpleData name="Superficie">1.00000000000</SimpleData>
            <SimpleData name="Situaci_1">Par?metro</SimpleData>
            <SimpleData name="Plantado">SI</SimpleData>
            <SimpleData name="Fecha_Plan">2025/12/09</SimpleData>
            <SimpleData name="Jornales">0.00000000000</SimpleData>
            <SimpleData name="Monto">0.00000000000</SimpleData>
            <SimpleData name="Grupo_de_p">G-P1-XX-XX-XX</SimpleData>
            <SimpleData name="Estado_del">Activo</SimpleData>
            <SimpleData name="Empresa">Red Forestal Paraguay SA</SimpleData>
            <SimpleData name="Lote">G</SimpleData>
            <SimpleData name="Parametro">0.00000000000</SimpleData>
            <SimpleData name="Sup_SIG">1.23173475576</SimpleData>
            <SimpleData name="X">-55.18481717000</SimpleData>
            <SimpleData name="Y">-24.23817821000</SimpleData>
            <SimpleData name="cedula">4911116</SimpleData>
            <SimpleData name="Cédula_1">4911116.00000000000</SimpleData>
            <SimpleData name="Estado_d_1">Activo</SimpleData>
            <SimpleData name="OBJECTID_1">7826</SimpleData>
            <SimpleData name="Shape_Leng">444.70237159200</SimpleData>
            <SimpleData name="Shape_Area">12317.34755760000</SimpleData>
          </SchemaData>
        </ExtendedData>
        <Polygon>
          <outerBoundaryIs>
            <LinearRing>
              <coordinates>
                -55.1854208556659,-24.2385445392613,0
                -55.1853518780831,-24.2382230197747,0
                -55.1851917486145,-24.2375877935707,0
                -55.1842037003468,-24.2377064996628,0
                -55.1844198000623,-24.2387654004507,0
                -55.1854416995932,-24.2386417004371,0
                -55.1854208556659,-24.2385445392613,0
              </coordinates>
            </LinearRing>
          </outerBoundaryIs>
        </Polygon>
      </Placemark>
      <Placemark id="Lote_G.116">
        <ExtendedData>
          <SchemaData schemaUrl="#Lote_G.schema">
            <SimpleData name="Cédula">6699049.00000000000</SimpleData>
            <SimpleData name="Nombres_y_">AGUSTINA GONZALEZ VERA</SimpleData>
            <SimpleData name="Sexo">Mujer</SimpleData>
            <SimpleData name="Cambio_de_">NO</SimpleData>
            <SimpleData name="Titular_se">NO</SimpleData>
            <SimpleData name="ci_UNIF">6699049.00000000000</SimpleData>
            <SimpleData name="Situación">NO</SimpleData>
            <SimpleData name="Comunidad">Ind?gena</SimpleData>
            <SimpleData name="Modelo_imp">Modelo 1</SimpleData>
            <SimpleData name="Departamen">CANINDEYU</SimpleData>
            <SimpleData name="Distrito">YASY CA?Y</SimpleData>
            <SimpleData name="Localidad"><![CDATA[COM INDIG KA'AGUY POTY KAMBA]]></SimpleData>
            <SimpleData name="Teléfono">ND</SimpleData>
            <SimpleData name="Vivienda_L">-24.56351910000</SimpleData>
            <SimpleData name="Vivienda_1">-55.92698210000</SimpleData>
            <SimpleData name="Superficie">0.80000000000</SimpleData>
            <SimpleData name="Situaci_1">Pol?gono</SimpleData>
            <SimpleData name="Plantado">SI</SimpleData>
            <SimpleData name="Fecha_Plan">2025/09/29</SimpleData>
            <SimpleData name="Jornales">0.00000000000</SimpleData>
            <SimpleData name="Monto">0.00000000000</SimpleData>
            <SimpleData name="Grupo_de_p">G-P1-XX-XX-XX</SimpleData>
            <SimpleData name="Estado_del">Activo</SimpleData>
            <SimpleData name="Empresa">Red Forestal Paraguay SA</SimpleData>
            <SimpleData name="Lote">G</SimpleData>
            <SimpleData name="Parametro">0.00000000000</SimpleData>
            <SimpleData name="Sup_SIG">0.97864078065</SimpleData>
            <SimpleData name="X">-55.92774255000</SimpleData>
            <SimpleData name="Y">-24.56348324000</SimpleData>
            <SimpleData name="cedula">6699049</SimpleData>
            <SimpleData name="Cédula_1">6699049.00000000000</SimpleData>
            <SimpleData name="Estado_d_1">Activo</SimpleData>
            <SimpleData name="OBJECTID_1">6990</SimpleData>
            <SimpleData name="Shape_Leng">595.39522918600</SimpleData>
            <SimpleData name="Shape_Area">9786.40780645000</SimpleData>
          </SchemaData>
        </ExtendedData>
        <MultiGeometry>
          <Polygon>
            <outerBoundaryIs>
              <LinearRing>
                <coordinates>
                  -55.927995099602,-24.5639575000122,0
                  -55.9282369999234,-24.5634659001912,0
                  -55.9279159006078,-24.5633769007962,0
                  -55.9280084000677,-24.5631489001364,0
                  -55.9275682996553,-24.5629667997389,0
                  -55.9272627002588,-24.5636505996985,0
                  -55.927995099602,-24.5639575000122,0
                </coordinates>
              </LinearRing>
            </outerBoundaryIs>
          </Polygon>
          <Polygon>
            <outerBoundaryIs>
              <LinearRing>
                <coordinates>
                  -55.9273750003241,-24.5627266997265,0
                  -55.9275592008899,-24.5623697000439,0
                  -55.9267217001061,-24.5621099998515,0
                  -55.9265830002281,-24.5624961996624,0
                  -55.9273750003241,-24.5627266997265,0
                </coordinates>
              </LinearRing>
            </outerBoundaryIs>
          </Polygon>
        </MultiGeometry>
      </Placemark>
      <Placemark id="Lote_G.117">
        <ExtendedData>
          <SchemaData schemaUrl="#Lote_G.schema">
            <SimpleData name="Cédula">6752190.00000000000</SimpleData>
            <SimpleData name="Nombres_y_">BLASDIMIR VERA ESQUIVEL</SimpleData>
            <SimpleData name="Sexo">Hombre</SimpleData>
            <SimpleData name="Cambio_de_">NO</SimpleData>
            <SimpleData name="Titular_se">NO</SimpleData>
            <SimpleData name="ci_UNIF">6752190.00000000000</SimpleData>
            <SimpleData name="Situación">NO</SimpleData>
            <SimpleData name="Comunidad">Ind?gena</SimpleData>
            <SimpleData name="Modelo_imp">Modelo 4</SimpleData>
            <SimpleData name="Departamen">CANINDEYU</SimpleData>
            <SimpleData name="Distrito">YASY CA?Y</SimpleData>
            <SimpleData name="Localidad">COM INDIG  TAKUA MIRI</SimpleData>
            <SimpleData name="Teléfono">0982091133</SimpleData>
            <SimpleData name="Vivienda_L">-24.40975030000</SimpleData>
            <SimpleData name="Vivienda_1">-56.00551500000</SimpleData>
            <SimpleData name="Superficie">0.70000000000</SimpleData>
            <SimpleData name="Situaci_1">Pol?gono</SimpleData>
            <SimpleData name="Plantado">SI</SimpleData>
            <SimpleData name="Fecha_Plan">2025/11/14</SimpleData>
            <SimpleData name="Jornales">0.00000000000</SimpleData>
            <SimpleData name="Monto">0.00000000000</SimpleData>
            <SimpleData name="Grupo_de_p">G-P1-XX-XX-XX</SimpleData>
            <SimpleData name="Estado_del">Activo</SimpleData>
            <SimpleData name="Empresa">Red Forestal Paraguay SA</SimpleData>
            <SimpleData name="Lote">G</SimpleData>
            <SimpleData name="Parametro">0.00000000000</SimpleData>
            <SimpleData name="Sup_SIG">0.74247239460</SimpleData>
            <SimpleData name="X">-56.00613583000</SimpleData>
            <SimpleData name="Y">-24.40974365000</SimpleData>
            <SimpleData name="cedula">6752190</SimpleData>
            <SimpleData name="Cédula_1">6752190.00000000000</SimpleData>
            <SimpleData name="Estado_d_1">Activo</SimpleData>
            <SimpleData name="OBJECTID_1">7012</SimpleData>
            <SimpleData name="Shape_Leng">379.15054505400</SimpleData>
            <SimpleData name="Shape_Area">7424.72394599000</SimpleData>
          </SchemaData>
        </ExtendedData>
        <Polygon>
          <outerBoundaryIs>
            <LinearRing>
              <coordinates>
                -56.0061358002548,-24.4103079998641,0
                -56.0062657003081,-24.4103271997778,0
                -56.0064313001464,-24.4101633002591,0
                -56.0065300007435,-24.4100900002637,0
                -56.0066850000913,-24.4099038997523,0
                -56.0064917002626,-24.4096534001083,0
                -56.0060222995854,-24.4092402004039,0
                -56.0061230005012,-24.4091406004459,0
                -56.0059673000088,-24.4090097002999,0
                -56.0056494002339,-24.4096451997407,0
                -56.0061358002548,-24.4103079998641,0
              </coordinates>
            </LinearRing>
          </outerBoundaryIs>
        </Polygon>
      </Placemark>
      <Placemark id="Lote_G.118">
        <ExtendedData>
          <SchemaData schemaUrl="#Lote_G.schema">
            <SimpleData name="Cédula">4138691.00000000000</SimpleData>
            <SimpleData name="Nombres_y_">FERMINA ALEGRE</SimpleData>
            <SimpleData name="Sexo">Mujer</SimpleData>
            <SimpleData name="Cambio_de_">NO</SimpleData>
            <SimpleData name="Titular_se">NO</SimpleData>
            <SimpleData name="ci_UNIF">4138691.00000000000</SimpleData>
            <SimpleData name="Situación">NO</SimpleData>
            <SimpleData name="Comunidad">Ind?gena</SimpleData>
            <SimpleData name="Modelo_imp">Modelo 5</SimpleData>
            <SimpleData name="Departamen">CANINDEYU</SimpleData>
            <SimpleData name="Distrito">YASY CA?Y</SimpleData>
            <SimpleData name="Localidad">COM INDIG KANINDE</SimpleData>
            <SimpleData name="Teléfono">ND</SimpleData>
            <SimpleData name="Vivienda_L">-24.40820830000</SimpleData>
            <SimpleData name="Vivienda_1">-55.99667330000</SimpleData>
            <SimpleData name="Superficie">0.70000000000</SimpleData>
            <SimpleData name="Situaci_1">Par?metro</SimpleData>
            <SimpleData name="Plantado">SI</SimpleData>
            <SimpleData name="Fecha_Plan">2026/01/14</SimpleData>
            <SimpleData name="Jornales">0.00000000000</SimpleData>
            <SimpleData name="Monto">0.00000000000</SimpleData>
            <SimpleData name="Grupo_de_p">G-P2-XX-XX-XX</SimpleData>
            <SimpleData name="Estado_del">Activo</SimpleData>
            <SimpleData name="Empresa">Red Forestal Paraguay SA</SimpleData>
            <SimpleData name="Lote">G</SimpleData>
            <SimpleData name="Parametro">0.00000000000</SimpleData>
            <SimpleData name="Sup_SIG">0.76715113181</SimpleData>
            <SimpleData name="X">-55.99753458000</SimpleData>
            <SimpleData name="Y">-24.40802802000</SimpleData>
            <SimpleData name="cedula">4138691</SimpleData>
            <SimpleData name="Cédula_1">4138691.00000000000</SimpleData>
            <SimpleData name="Estado_d_1">Activo</SimpleData>
            <SimpleData name="OBJECTID_1">7011</SimpleData>
            <SimpleData name="Shape_Leng">352.14504485800</SimpleData>
            <SimpleData name="Shape_Area">7671.51131813000</SimpleData>
          </SchemaData>
        </ExtendedData>
        <Polygon>
          <outerBoundaryIs>
            <LinearRing>
              <coordinates>
                -55.9970757002767,-24.4083829994674,0
                -55.9980342000983,-24.4084005000126,0
                -55.997931700094,-24.4075967001668,0
                -55.9970332992579,-24.4077235992856,0
                -55.9970757002767,-24.4083829994674,0
              </coordinates>
            </LinearRing>
          </outerBoundaryIs>
        </Polygon>
      </Placemark>
      <Placemark id="Lote_G.119">
        <ExtendedData>
          <SchemaData schemaUrl="#Lote_G.schema">
            <SimpleData name="Cédula">3281235.00000000000</SimpleData>
            <SimpleData name="Nombres_y_">ADOLFO CALDERON ESTIGARRIBIA</SimpleData>
            <SimpleData name="Sexo">Hombre</SimpleData>
            <SimpleData name="Cambio_de_">NO</SimpleData>
            <SimpleData name="Titular_se">NO</SimpleData>
            <SimpleData name="ci_UNIF">3281235.00000000000</SimpleData>
            <SimpleData name="Situación">NO</SimpleData>
            <SimpleData name="Comunidad">Campesina</SimpleData>
            <SimpleData name="Modelo_imp">Modelo 4</SimpleData>
            <SimpleData name="Departamen">CANINDEYU</SimpleData>
            <SimpleData name="Distrito">YASY CA?Y</SimpleData>
            <SimpleData name="Localidad">LAGUNITA</SimpleData>
            <SimpleData name="Teléfono">0985608909</SimpleData>
            <SimpleData name="Vivienda_L">-24.49557400000</SimpleData>
            <SimpleData name="Vivienda_1">-55.81856960000</SimpleData>
            <SimpleData name="Superficie">0.70000000000</SimpleData>
            <SimpleData name="Situaci_1">Pol?gono</SimpleData>
            <SimpleData name="Plantado">SI</SimpleData>
            <SimpleData name="Fecha_Plan">2025/10/01</SimpleData>
            <SimpleData name="Jornales">0.00000000000</SimpleData>
            <SimpleData name="Monto">0.00000000000</SimpleData>
            <SimpleData name="Grupo_de_p">G-P1-XX-XX-XX</SimpleData>
            <SimpleData name="Estado_del">Activo</SimpleData>
            <SimpleData name="Empresa">Red Forestal Paraguay SA</SimpleData>
            <SimpleData name="Lote">G</SimpleData>
            <SimpleData name="Parametro">0.00000000000</SimpleData>
            <SimpleData name="Sup_SIG">0.77062210105</SimpleData>
            <SimpleData name="X">-55.81908875000</SimpleData>
            <SimpleData name="Y">-24.49575656000</SimpleData>
            <SimpleData name="cedula">3281235</SimpleData>
            <SimpleData name="Cédula_1">3281235.00000000000</SimpleData>
            <SimpleData name="Estado_d_1">Activo</SimpleData>
            <SimpleData name="OBJECTID_1">6954</SimpleData>
            <SimpleData name="Shape_Leng">353.98069142400</SimpleData>
            <SimpleData name="Shape_Area">7706.22101053000</SimpleData>
          </SchemaData>
        </ExtendedData>
        <Polygon>
          <outerBoundaryIs>
            <LinearRing>
              <coordinates>
                -55.8186900003177,-24.4953200007804,0
                -55.8187167003229,-24.4962117001937,0
                -55.8194300005112,-24.4962150007589,0
                -55.8195167006923,-24.4953233002532,0
                -55.8186900003177,-24.4953200007804,0
              </coordinates>
            </LinearRing>
          </outerBoundaryIs>
        </Polygon>
      </Placemark>
      <Placemark id="Lote_G.120">
        <ExtendedData>
          <SchemaData schemaUrl="#Lote_G.schema">
            <SimpleData name="Cédula">3929698.00000000000</SimpleData>
            <SimpleData name="Nombres_y_">LUIS ARMOA ALVARENGA</SimpleData>
            <SimpleData name="Sexo">Hombre</SimpleData>
            <SimpleData name="Cambio_de_">NO</SimpleData>
            <SimpleData name="Titular_se">NO</SimpleData>
            <SimpleData name="ci_UNIF">3929698.00000000000</SimpleData>
            <SimpleData name="Situación">NO</SimpleData>
            <SimpleData name="Comunidad">Campesina</SimpleData>
            <SimpleData name="Modelo_imp">Modelo 4</SimpleData>
            <SimpleData name="Departamen">CANINDEYU</SimpleData>
            <SimpleData name="Distrito">YASY CA?Y</SimpleData>
            <SimpleData name="Localidad">CALLE TACUAPI</SimpleData>
            <SimpleData name="Teléfono">0985181182</SimpleData>
            <SimpleData name="Vivienda_L">-24.56710640000</SimpleData>
            <SimpleData name="Vivienda_1">-55.80611630000</SimpleData>
            <SimpleData name="Superficie">0.70000000000</SimpleData>
            <SimpleData name="Situaci_1">Pol?gono</SimpleData>
            <SimpleData name="Plantado">SI</SimpleData>
            <SimpleData name="Fecha_Plan">2025/11/15</SimpleData>
            <SimpleData name="Jornales">0.00000000000</SimpleData>
            <SimpleData name="Monto">0.00000000000</SimpleData>
            <SimpleData name="Grupo_de_p">G-P1-XX-XX-XX</SimpleData>
            <SimpleData name="Estado_del">Activo</SimpleData>
            <SimpleData name="Empresa">Red Forestal Paraguay SA</SimpleData>
            <SimpleData name="Lote">G</SimpleData>
            <SimpleData name="Parametro">0.00000000000</SimpleData>
            <SimpleData name="Sup_SIG">0.72191586591</SimpleData>
            <SimpleData name="X">-55.80506268000</SimpleData>
            <SimpleData name="Y">-24.56670194000</SimpleData>
            <SimpleData name="cedula">3929698</SimpleData>
            <SimpleData name="Cédula_1">3929698.00000000000</SimpleData>
            <SimpleData name="Estado_d_1">Activo</SimpleData>
            <SimpleData name="OBJECTID_1">6952</SimpleData>
            <SimpleData name="Shape_Leng">461.16265059000</SimpleData>
            <SimpleData name="Shape_Area">7219.15865911000</SimpleData>
          </SchemaData>
        </ExtendedData>
        <Polygon>
          <outerBoundaryIs>
            <LinearRing>
              <coordinates>
                -55.8045799999219,-24.5667751003547,0
                -55.8044432002586,-24.5668334994149,0
                -55.8044170998323,-24.5667153996767,0
                -55.8042382994473,-24.5667833001774,0
                -55.8043882998751,-24.5672566995061,0
                -55.8058641004632,-24.566522099874,0
                -55.8057937001126,-24.5661714994861,0
                -55.8049533004905,-24.566486700247,0
                -55.804981699581,-24.5665782997012,0
                -55.8045799999219,-24.5667751003547,0
              </coordinates>
            </LinearRing>
          </outerBoundaryIs>
        </Polygon>
      </Placemark>
      <Placemark id="Lote_G.121">
        <ExtendedData>
          <SchemaData schemaUrl="#Lote_G.schema">
            <SimpleData name="Cédula">5086623.00000000000</SimpleData>
            <SimpleData name="Nombres_y_">MARIA FATIMA ALEGRE GUERRERO</SimpleData>
            <SimpleData name="Sexo">Mujer</SimpleData>
            <SimpleData name="Cambio_de_">NO</SimpleData>
            <SimpleData name="Titular_se">NO</SimpleData>
            <SimpleData name="ci_UNIF">5086623.00000000000</SimpleData>
            <SimpleData name="Situación">NO</SimpleData>
            <SimpleData name="Comunidad">Campesina</SimpleData>
            <SimpleData name="Modelo_imp">Modelo 5</SimpleData>
            <SimpleData name="Departamen">CANINDEYU</SimpleData>
            <SimpleData name="Distrito">YBY PYTA</SimpleData>
            <SimpleData name="Localidad"><![CDATA[CAAGUAZU'I]]></SimpleData>
            <SimpleData name="Teléfono">0985846671</SimpleData>
            <SimpleData name="Vivienda_L">-24.26470470000</SimpleData>
            <SimpleData name="Vivienda_1">-55.28344900000</SimpleData>
            <SimpleData name="Superficie">0.70000000000</SimpleData>
            <SimpleData name="Situaci_1">Pol?gono</SimpleData>
            <SimpleData name="Plantado">SI</SimpleData>
            <SimpleData name="Fecha_Plan">2025/10/15</SimpleData>
            <SimpleData name="Jornales">0.00000000000</SimpleData>
            <SimpleData name="Monto">0.00000000000</SimpleData>
            <SimpleData name="Grupo_de_p">G-P1-XX-XX-XX</SimpleData>
            <SimpleData name="Estado_del">Activo</SimpleData>
            <SimpleData name="Empresa">Red Forestal Paraguay SA</SimpleData>
            <SimpleData name="Lote">G</SimpleData>
            <SimpleData name="Parametro">0.00000000000</SimpleData>
            <SimpleData name="Sup_SIG">0.72008841337</SimpleData>
            <SimpleData name="X">-55.28452568000</SimpleData>
            <SimpleData name="Y">-24.24021339000</SimpleData>
            <SimpleData name="cedula">5086623</SimpleData>
            <SimpleData name="Cédula_1">5086623.00000000000</SimpleData>
            <SimpleData name="Estado_d_1">Activo</SimpleData>
            <SimpleData name="OBJECTID_1">5327</SimpleData>
            <SimpleData name="Shape_Leng">358.05260434600</SimpleData>
            <SimpleData name="Shape_Area">7200.88413368000</SimpleData>
          </SchemaData>
        </ExtendedData>
        <Polygon>
          <outerBoundaryIs>
            <LinearRing>
              <coordinates>
                -55.283958300011,-24.2399407996933,0
                -55.2839379997033,-24.240499300238,0
                -55.2850866997615,-24.2404817004444,0
                -55.285128000053,-24.2399351002668,0
                -55.283958300011,-24.2399407996933,0
              </coordinates>
            </LinearRing>
          </outerBoundaryIs>
        </Polygon>
      </Placemark>
      <Placemark id="Lote_G.122">
        <ExtendedData>
          <SchemaData schemaUrl="#Lote_G.schema">
            <SimpleData name="Cédula">8104074.00000000000</SimpleData>
            <SimpleData name="Nombres_y_">MILAGROS CACERES</SimpleData>
            <SimpleData name="Sexo">Mujer</SimpleData>
            <SimpleData name="Cambio_de_">NO</SimpleData>
            <SimpleData name="Titular_se">NO</SimpleData>
            <SimpleData name="ci_UNIF">8104074.00000000000</SimpleData>
            <SimpleData name="Situación">NO</SimpleData>
            <SimpleData name="Comunidad">Campesina</SimpleData>
            <SimpleData name="Modelo_imp">Modelo 5</SimpleData>
            <SimpleData name="Departamen">CANINDEYU</SimpleData>
            <SimpleData name="Distrito">YBY PYTA</SimpleData>
            <SimpleData name="Localidad">GUYRA KEHA</SimpleData>
            <SimpleData name="Teléfono">0986429813</SimpleData>
            <SimpleData name="Vivienda_L">-24.24786360000</SimpleData>
            <SimpleData name="Vivienda_1">-55.28904890000</SimpleData>
            <SimpleData name="Superficie">0.70000000000</SimpleData>
            <SimpleData name="Situaci_1">Pol?gono</SimpleData>
            <SimpleData name="Plantado">SI</SimpleData>
            <SimpleData name="Fecha_Plan">2025/10/24</SimpleData>
            <SimpleData name="Jornales">0.00000000000</SimpleData>
            <SimpleData name="Monto">0.00000000000</SimpleData>
            <SimpleData name="Grupo_de_p">G-P1-XX-XX-XX</SimpleData>
            <SimpleData name="Estado_del">Activo</SimpleData>
            <SimpleData name="Empresa">Red Forestal Paraguay SA</SimpleData>
            <SimpleData name="Lote">G</SimpleData>
            <SimpleData name="Parametro">0.00000000000</SimpleData>
            <SimpleData name="Sup_SIG">0.70559503080</SimpleData>
            <SimpleData name="X">-55.28766661000</SimpleData>
            <SimpleData name="Y">-24.24716107000</SimpleData>
            <SimpleData name="cedula">8104074</SimpleData>
            <SimpleData name="Cédula_1">8104074.00000000000</SimpleData>
            <SimpleData name="Estado_d_1">Activo</SimpleData>
            <SimpleData name="OBJECTID_1">7087</SimpleData>
            <SimpleData name="Shape_Leng">340.47350786100</SimpleData>
            <SimpleData name="Shape_Area">7055.95030798000</SimpleData>
          </SchemaData>
        </ExtendedData>
        <Polygon>
          <outerBoundaryIs>
            <LinearRing>
              <coordinates>
                -55.2872535008318,-24.2475629995912,0
                -55.2880244002949,-24.247616100007,0
                -55.2880162005006,-24.2467234003421,0
                -55.2873730999692,-24.2466881000922,0
                -55.2872535008318,-24.2475629995912,0
              </coordinates>
            </LinearRing>
          </outerBoundaryIs>
        </Polygon>
      </Placemark>
      <Placemark id="Lote_G.123">
        <ExtendedData>
          <SchemaData schemaUrl="#Lote_G.schema">
            <SimpleData name="Cédula">7458095.00000000000</SimpleData>
            <SimpleData name="Nombres_y_">MARINA VARGAS BENITEZ</SimpleData>
            <SimpleData name="Sexo">Mujer</SimpleData>
            <SimpleData name="Cambio_de_">NO</SimpleData>
            <SimpleData name="Titular_se">LUCIA VERA PERALTA</SimpleData>
            <SimpleData name="Cédula_Ti">1460940</SimpleData>
            <SimpleData name="ci_UNIF">1460940.00000000000</SimpleData>
            <SimpleData name="Situación">Migraci?n</SimpleData>
            <SimpleData name="Comunidad">Ind?gena</SimpleData>
            <SimpleData name="Modelo_imp">Modelo 3</SimpleData>
            <SimpleData name="Departamen">CANINDEYU</SimpleData>
            <SimpleData name="Distrito">YASY CA?Y</SimpleData>
            <SimpleData name="Localidad">COM INDIG JASY POTY</SimpleData>
            <SimpleData name="Teléfono">0986205511</SimpleData>
            <SimpleData name="Vivienda_L">-24.53864510000</SimpleData>
            <SimpleData name="Vivienda_1">-55.96710640000</SimpleData>
            <SimpleData name="Superficie">1.00000000000</SimpleData>
            <SimpleData name="Situaci_1">Pol?gono</SimpleData>
            <SimpleData name="Plantado">SI</SimpleData>
            <SimpleData name="Fecha_Plan">2025/11/14</SimpleData>
            <SimpleData name="Jornales">0.00000000000</SimpleData>
            <SimpleData name="Monto">0.00000000000</SimpleData>
            <SimpleData name="Grupo_de_p">G-P1-XX-XX-XX</SimpleData>
            <SimpleData name="Estado_del">Activo</SimpleData>
            <SimpleData name="Empresa">Red Forestal Paraguay SA</SimpleData>
            <SimpleData name="Lote">G</SimpleData>
            <SimpleData name="Parametro">0.00000000000</SimpleData>
            <SimpleData name="Sup_SIG">0.99972364209</SimpleData>
            <SimpleData name="X">-55.96714781000</SimpleData>
            <SimpleData name="Y">-24.53780007000</SimpleData>
            <SimpleData name="cedula">7458095</SimpleData>
            <SimpleData name="Cédula_1">7458095.00000000000</SimpleData>
            <SimpleData name="Estado_d_1">Activo</SimpleData>
            <SimpleData name="OBJECTID_1">7839</SimpleData>
            <SimpleData name="Shape_Leng">403.37565511400</SimpleData>
            <SimpleData name="Shape_Area">9997.23642085000</SimpleData>
          </SchemaData>
        </ExtendedData>
        <Polygon>
          <outerBoundaryIs>
            <LinearRing>
              <coordinates>
                -55.9669885191046,-24.5373754330024,0
                -55.9668395942899,-24.537363807169,0
                -55.96670500062,-24.5373532998513,0
                -55.9664814992657,-24.5380470006464,0
                -55.9675478997264,-24.5383349004257,0
                -55.9677733006054,-24.537436699379,0
                -55.9669885191046,-24.5373754330024,0
              </coordinates>
            </LinearRing>
          </outerBoundaryIs>
        </Polygon>
      </Placemark>
      <Placemark id="Lote_G.124">
        <ExtendedData>
          <SchemaData schemaUrl="#Lote_G.schema">
            <SimpleData name="Cédula">2975918.00000000000</SimpleData>
            <SimpleData name="Nombres_y_">EVARISTA CABRERA SANTOS</SimpleData>
            <SimpleData name="Sexo">Mujer</SimpleData>
            <SimpleData name="Cambio_de_">NO</SimpleData>
            <SimpleData name="Titular_se">NO</SimpleData>
            <SimpleData name="ci_UNIF">2975918.00000000000</SimpleData>
            <SimpleData name="Situación">NO</SimpleData>
            <SimpleData name="Comunidad">Campesina</SimpleData>
            <SimpleData name="Modelo_imp">Modelo 5</SimpleData>
            <SimpleData name="Departamen">CANINDEYU</SimpleData>
            <SimpleData name="Distrito">YBY PYTA</SimpleData>
            <SimpleData name="Localidad">GUYRA KEHA</SimpleData>
            <SimpleData name="Teléfono">0983561356</SimpleData>
            <SimpleData name="Vivienda_L">-24.24371750000</SimpleData>
            <SimpleData name="Vivienda_1">-55.28954800000</SimpleData>
            <SimpleData name="Superficie">0.70000000000</SimpleData>
            <SimpleData name="Situaci_1">Pol?gono</SimpleData>
            <SimpleData name="Plantado">SI</SimpleData>
            <SimpleData name="Fecha_Plan">2025/10/23</SimpleData>
            <SimpleData name="Jornales">0.00000000000</SimpleData>
            <SimpleData name="Monto">0.00000000000</SimpleData>
            <SimpleData name="Grupo_de_p">G-P1-XX-XX-XX</SimpleData>
            <SimpleData name="Estado_del">Activo</SimpleData>
            <SimpleData name="Empresa">Red Forestal Paraguay SA</SimpleData>
            <SimpleData name="Lote">G</SimpleData>
            <SimpleData name="Parametro">0.00000000000</SimpleData>
            <SimpleData name="Sup_SIG">0.79582050287</SimpleData>
            <SimpleData name="X">-55.29552861000</SimpleData>
            <SimpleData name="Y">-24.24913432000</SimpleData>
            <SimpleData name="cedula">2975918</SimpleData>
            <SimpleData name="Cédula_1">2975918.00000000000</SimpleData>
            <SimpleData name="Estado_d_1">Activo</SimpleData>
            <SimpleData name="OBJECTID_1">5331</SimpleData>
            <SimpleData name="Shape_Leng">459.92666827000</SimpleData>
            <SimpleData name="Shape_Area">7958.20502874000</SimpleData>
          </SchemaData>
        </ExtendedData>
        <Polygon>
          <outerBoundaryIs>
            <LinearRing>
              <coordinates>
                -55.295212699755,-24.2499734998254,0
                -55.2956067005074,-24.2500033003408,0
                -55.2958650004473,-24.2483082997311,0
                -55.2954180996895,-24.2483153997924,0
                -55.295212699755,-24.2499734998254,0
              </coordinates>
            </LinearRing>
          </outerBoundaryIs>
        </Polygon>
      </Placemark>
      <Placemark id="Lote_G.125">
        <ExtendedData>
          <SchemaData schemaUrl="#Lote_G.schema">
            <SimpleData name="Cédula">7399093.00000000000</SimpleData>
            <SimpleData name="Nombres_y_">MARIELA ORTIZ GALEANO</SimpleData>
            <SimpleData name="Sexo">Mujer</SimpleData>
            <SimpleData name="Cambio_de_">NO</SimpleData>
            <SimpleData name="Titular_se">NO</SimpleData>
            <SimpleData name="ci_UNIF">7399093.00000000000</SimpleData>
            <SimpleData name="Situación">NO</SimpleData>
            <SimpleData name="Comunidad">Ind?gena</SimpleData>
            <SimpleData name="Modelo_imp">Modelo 5</SimpleData>
            <SimpleData name="Departamen">CANINDEYU</SimpleData>
            <SimpleData name="Distrito">YBY PYTA</SimpleData>
            <SimpleData name="Localidad">COM INDIG YRYAPU</SimpleData>
            <SimpleData name="Teléfono">0974727468</SimpleData>
            <SimpleData name="Vivienda_L">-24.33055480000</SimpleData>
            <SimpleData name="Vivienda_1">-55.33193310000</SimpleData>
            <SimpleData name="Superficie">0.70000000000</SimpleData>
            <SimpleData name="Situaci_1">Par?metro</SimpleData>
            <SimpleData name="Plantado">SI</SimpleData>
            <SimpleData name="Fecha_Plan">2026/01/22</SimpleData>
            <SimpleData name="Jornales">0.00000000000</SimpleData>
            <SimpleData name="Monto">0.00000000000</SimpleData>
            <SimpleData name="Grupo_de_p">G-P3-XX-XX-XX</SimpleData>
            <SimpleData name="Estado_del">Activo</SimpleData>
            <SimpleData name="Empresa">Red Forestal Paraguay SA</SimpleData>
            <SimpleData name="Lote">G</SimpleData>
            <SimpleData name="Parametro">0.00000000000</SimpleData>
            <SimpleData name="Sup_SIG">0.70088130948</SimpleData>
            <SimpleData name="X">-55.33286463000</SimpleData>
            <SimpleData name="Y">-24.32995170000</SimpleData>
            <SimpleData name="cedula">7399093</SimpleData>
            <SimpleData name="Cédula_1">7399093.00000000000</SimpleData>
            <SimpleData name="Estado_d_1">Activo</SimpleData>
            <SimpleData name="OBJECTID_1">8443</SimpleData>
            <SimpleData name="Shape_Leng">337.39577787100</SimpleData>
            <SimpleData name="Shape_Area">7008.81309475000</SimpleData>
          </SchemaData>
        </ExtendedData>
        <Polygon>
          <outerBoundaryIs>
            <LinearRing>
              <coordinates>
                -55.3323200002241,-24.3297715003455,0
                -55.3327599998489,-24.3304983002774,0
                -55.3333499999676,-24.3301783005121,0
                -55.3330617000246,-24.3294067001141,0
                -55.3323200002241,-24.3297715003455,0
              </coordinates>
            </LinearRing>
          </outerBoundaryIs>
        </Polygon>
      </Placemark>
      <Placemark id="Lote_G.126">
        <ExtendedData>
          <SchemaData schemaUrl="#Lote_G.schema">
            <SimpleData name="Cédula">6608223.00000000000</SimpleData>
            <SimpleData name="Nombres_y_">MARIA ANTONIA GONZALEZ DUARTE</SimpleData>
            <SimpleData name="Sexo">Mujer</SimpleData>
            <SimpleData name="Cambio_de_">NO</SimpleData>
            <SimpleData name="Titular_se">NO</SimpleData>
            <SimpleData name="ci_UNIF">6608223.00000000000</SimpleData>
            <SimpleData name="Situación">NO</SimpleData>
            <SimpleData name="Comunidad">Ind?gena</SimpleData>
            <SimpleData name="Modelo_imp">Modelo 5</SimpleData>
            <SimpleData name="Departamen">CANINDEYU</SimpleData>
            <SimpleData name="Distrito">YASY CA?Y</SimpleData>
            <SimpleData name="Localidad"><![CDATA[COM INDIG VY'ARENDA]]></SimpleData>
            <SimpleData name="Teléfono">0982501830</SimpleData>
            <SimpleData name="Vivienda_L">-24.54618330000</SimpleData>
            <SimpleData name="Vivienda_1">-55.76720670000</SimpleData>
            <SimpleData name="Superficie">0.70000000000</SimpleData>
            <SimpleData name="Situaci_1">Pol?gono</SimpleData>
            <SimpleData name="Plantado">SI</SimpleData>
            <SimpleData name="Fecha_Plan">2025/10/25</SimpleData>
            <SimpleData name="Jornales">0.00000000000</SimpleData>
            <SimpleData name="Monto">0.00000000000</SimpleData>
            <SimpleData name="Grupo_de_p">G-P1-XX-XX-XX</SimpleData>
            <SimpleData name="Estado_del">Activo</SimpleData>
            <SimpleData name="Empresa">Red Forestal Paraguay SA</SimpleData>
            <SimpleData name="Lote">G</SimpleData>
            <SimpleData name="Parametro">0.00000000000</SimpleData>
            <SimpleData name="Sup_SIG">0.70195918803</SimpleData>
            <SimpleData name="X">-55.75181251000</SimpleData>
            <SimpleData name="Y">-24.55022731000</SimpleData>
            <SimpleData name="cedula">6608223</SimpleData>
            <SimpleData name="Cédula_1">6608223.00000000000</SimpleData>
            <SimpleData name="Estado_d_1">Activo</SimpleData>
            <SimpleData name="OBJECTID_1">5270</SimpleData>
            <SimpleData name="Shape_Leng">340.69246575800</SimpleData>
            <SimpleData name="Shape_Area">7019.59188030000</SimpleData>
          </SchemaData>
        </ExtendedData>
        <Polygon>
          <outerBoundaryIs>
            <LinearRing>
              <coordinates>
                -55.7514167997254,-24.5505964999078,0
                -55.7522702001125,-24.5506433995393,0
                -55.7520650001448,-24.5496866997562,0
                -55.7513851995435,-24.5499548008074,0
                -55.7514167997254,-24.5505964999078,0
              </coordinates>
            </LinearRing>
          </outerBoundaryIs>
        </Polygon>
      </Placemark>
      <Placemark id="Lote_G.127">
        <ExtendedData>
          <SchemaData schemaUrl="#Lote_G.schema">
            <SimpleData name="Cédula">4086927.00000000000</SimpleData>
            <SimpleData name="Nombres_y_">CIRILA BOGADO PAREDES</SimpleData>
            <SimpleData name="Sexo">Mujer</SimpleData>
            <SimpleData name="Cambio_de_">NO</SimpleData>
            <SimpleData name="Titular_se">NO</SimpleData>
            <SimpleData name="ci_UNIF">4086927.00000000000</SimpleData>
            <SimpleData name="Situación">NO</SimpleData>
            <SimpleData name="Comunidad">Campesina</SimpleData>
            <SimpleData name="Modelo_imp">Modelo 3</SimpleData>
            <SimpleData name="Departamen">CANINDEYU</SimpleData>
            <SimpleData name="Distrito">YBY PYTA</SimpleData>
            <SimpleData name="Localidad">BRITEZ KUE SAN MIGUEL</SimpleData>
            <SimpleData name="Teléfono">0986513675</SimpleData>
            <SimpleData name="Vivienda_L">-24.32161130000</SimpleData>
            <SimpleData name="Vivienda_1">-55.30714130000</SimpleData>
            <SimpleData name="Superficie">1.00000000000</SimpleData>
            <SimpleData name="Situaci_1">Pol?gono</SimpleData>
            <SimpleData name="Plantado">SI</SimpleData>
            <SimpleData name="Fecha_Plan">2025/10/15</SimpleData>
            <SimpleData name="Jornales">0.00000000000</SimpleData>
            <SimpleData name="Monto">0.00000000000</SimpleData>
            <SimpleData name="Grupo_de_p">G-P1-XX-XX-XX</SimpleData>
            <SimpleData name="Estado_del">Activo</SimpleData>
            <SimpleData name="Empresa">Red Forestal Paraguay SA</SimpleData>
            <SimpleData name="Lote">G</SimpleData>
            <SimpleData name="Parametro">0.00000000000</SimpleData>
            <SimpleData name="Sup_SIG">1.00371443596</SimpleData>
            <SimpleData name="X">-55.30553902000</SimpleData>
            <SimpleData name="Y">-24.32495286000</SimpleData>
            <SimpleData name="cedula">4086927</SimpleData>
            <SimpleData name="Cédula_1">4086927.00000000000</SimpleData>
            <SimpleData name="Estado_d_1">Activo</SimpleData>
            <SimpleData name="OBJECTID_1">7082</SimpleData>
            <SimpleData name="Shape_Leng">402.77766977700</SimpleData>
            <SimpleData name="Shape_Area">10037.14435960000</SimpleData>
          </SchemaData>
        </ExtendedData>
        <Polygon>
          <outerBoundaryIs>
            <LinearRing>
              <coordinates>
                -55.3050582996159,-24.3254000006741,0
                -55.3060273004057,-24.3254560995816,0
                -55.3059868001129,-24.3245205005428,0
                -55.3051047997371,-24.3244066000101,0
                -55.3050582996159,-24.3254000006741,0
              </coordinates>
            </LinearRing>
          </outerBoundaryIs>
        </Polygon>
      </Placemark>
      <Placemark id="Lote_G.128">
        <ExtendedData>
          <SchemaData schemaUrl="#Lote_G.schema">
            <SimpleData name="Cédula">7382091.00000000000</SimpleData>
            <SimpleData name="Nombres_y_">MARLENE  VILLALBA VERDUN</SimpleData>
            <SimpleData name="Sexo">Mujer</SimpleData>
            <SimpleData name="Cambio_de_">NO</SimpleData>
            <SimpleData name="Titular_se">NO</SimpleData>
            <SimpleData name="ci_UNIF">7382091.00000000000</SimpleData>
            <SimpleData name="Situación">NO</SimpleData>
            <SimpleData name="Comunidad">Campesina</SimpleData>
            <SimpleData name="Modelo_imp">Modelo 5</SimpleData>
            <SimpleData name="Departamen">CANINDEYU</SimpleData>
            <SimpleData name="Distrito">YBY PYTA</SimpleData>
            <SimpleData name="Localidad">GUYRA KEHA - SAN JOSE</SimpleData>
            <SimpleData name="Teléfono">974280875</SimpleData>
            <SimpleData name="Vivienda_L">-24.24364620000</SimpleData>
            <SimpleData name="Vivienda_1">-55.28487700000</SimpleData>
            <SimpleData name="Superficie">0.70000000000</SimpleData>
            <SimpleData name="Situaci_1">Pol?gono</SimpleData>
            <SimpleData name="Plantado">SI</SimpleData>
            <SimpleData name="Fecha_Plan">2025/10/15</SimpleData>
            <SimpleData name="Jornales">0.00000000000</SimpleData>
            <SimpleData name="Monto">0.00000000000</SimpleData>
            <SimpleData name="Grupo_de_p">G-P1-XX-XX-XX</SimpleData>
            <SimpleData name="Estado_del">Activo</SimpleData>
            <SimpleData name="Empresa">Red Forestal Paraguay SA</SimpleData>
            <SimpleData name="Lote">G</SimpleData>
            <SimpleData name="Parametro">0.00000000000</SimpleData>
            <SimpleData name="Sup_SIG">0.75542684892</SimpleData>
            <SimpleData name="X">-55.28445134000</SimpleData>
            <SimpleData name="Y">-24.24194542000</SimpleData>
            <SimpleData name="cedula">7382091</SimpleData>
            <SimpleData name="Cédula_1">7382091.00000000000</SimpleData>
            <SimpleData name="Estado_d_1">Activo</SimpleData>
            <SimpleData name="OBJECTID_1">6314</SimpleData>
            <SimpleData name="Shape_Leng">365.12460889400</SimpleData>
            <SimpleData name="Shape_Area">7554.26848916000</SimpleData>
          </SchemaData>
        </ExtendedData>
        <Polygon>
          <outerBoundaryIs>
            <LinearRing>
              <coordinates>
                -55.2850171665489,-24.241661602803,0
                -55.2850167003787,-24.241666700007,0
                -55.2848217667315,-24.241660184733,0
                -55.2838733006593,-24.2416533005015,0
                -55.2838565997622,-24.2422185999231,0
                -55.2850182005306,-24.24224829968,0
                -55.2850442991426,-24.2416618002937,0
                -55.2850171665489,-24.241661602803,0
              </coordinates>
            </LinearRing>
          </outerBoundaryIs>
        </Polygon>
      </Placemark>
      <Placemark id="Lote_G.129">
        <ExtendedData>
          <SchemaData schemaUrl="#Lote_G.schema">
            <SimpleData name="Cédula">5316229.00000000000</SimpleData>
            <SimpleData name="Nombres_y_">BIRGILIO BENITEZ VILLALBA</SimpleData>
            <SimpleData name="Sexo">Hombre</SimpleData>
            <SimpleData name="Cambio_de_">NO</SimpleData>
            <SimpleData name="Titular_se">NO</SimpleData>
            <SimpleData name="ci_UNIF">5316229.00000000000</SimpleData>
            <SimpleData name="Situación">NO</SimpleData>
            <SimpleData name="Comunidad">Ind?gena</SimpleData>
            <SimpleData name="Modelo_imp">Modelo 5</SimpleData>
            <SimpleData name="Departamen">CANINDEYU</SimpleData>
            <SimpleData name="Distrito">YASY CA?Y</SimpleData>
            <SimpleData name="Localidad">COM INDIG  TAKUA MIRI</SimpleData>
            <SimpleData name="Teléfono">ND</SimpleData>
            <SimpleData name="Vivienda_L">-24.40654080000</SimpleData>
            <SimpleData name="Vivienda_1">-56.01428000000</SimpleData>
            <SimpleData name="Superficie">0.70000000000</SimpleData>
            <SimpleData name="Situaci_1">Pol?gono</SimpleData>
            <SimpleData name="Plantado">SI</SimpleData>
            <SimpleData name="Fecha_Plan">2025/10/22</SimpleData>
            <SimpleData name="Jornales">0.00000000000</SimpleData>
            <SimpleData name="Monto">0.00000000000</SimpleData>
            <SimpleData name="Grupo_de_p">G-P1-XX-XX-XX</SimpleData>
            <SimpleData name="Estado_del">Activo</SimpleData>
            <SimpleData name="Empresa">Red Forestal Paraguay SA</SimpleData>
            <SimpleData name="Lote">G</SimpleData>
            <SimpleData name="Parametro">0.00000000000</SimpleData>
            <SimpleData name="Sup_SIG">0.85672113042</SimpleData>
            <SimpleData name="X">-56.01624396000</SimpleData>
            <SimpleData name="Y">-24.40709092000</SimpleData>
            <SimpleData name="cedula">5316229</SimpleData>
            <SimpleData name="Cédula_1">5316229.00000000000</SimpleData>
            <SimpleData name="Estado_d_1">Activo</SimpleData>
            <SimpleData name="OBJECTID_1">7616</SimpleData>
            <SimpleData name="Shape_Leng">383.20070414900</SimpleData>
            <SimpleData name="Shape_Area">8567.21130421000</SimpleData>
          </SchemaData>
        </ExtendedData>
        <Polygon>
          <outerBoundaryIs>
            <LinearRing>
              <coordinates>
                -56.0155882996846,-24.4072599999621,0
                -56.0167212998772,-24.4075462002891,0
                -56.0168986999,-24.4068880993701,0
                -56.0157248001858,-24.4066645006657,0
                -56.0155882996846,-24.4072599999621,0
              </coordinates>
            </LinearRing>
          </outerBoundaryIs>
        </Polygon>
      </Placemark>
      <Placemark id="Lote_G.130">
        <ExtendedData>
          <SchemaData schemaUrl="#Lote_G.schema">
            <SimpleData name="Cédula">2856210.00000000000</SimpleData>
            <SimpleData name="Nombres_y_">VIDALINA CONCEPCION GONZALEZ MARTINEZ</SimpleData>
            <SimpleData name="Sexo">Mujer</SimpleData>
            <SimpleData name="Cambio_de_">NO</SimpleData>
            <SimpleData name="Titular_se">NO</SimpleData>
            <SimpleData name="ci_UNIF">2856210.00000000000</SimpleData>
            <SimpleData name="Situación">NO</SimpleData>
            <SimpleData name="Comunidad">Campesina</SimpleData>
            <SimpleData name="Modelo_imp">Modelo 3</SimpleData>
            <SimpleData name="Departamen">CANINDEYU</SimpleData>
            <SimpleData name="Distrito">YASY CA?Y</SimpleData>
            <SimpleData name="Localidad">ACEPAR 7MA LINEA</SimpleData>
            <SimpleData name="Teléfono">0986773240</SimpleData>
            <SimpleData name="Vivienda_L">-24.69774430000</SimpleData>
            <SimpleData name="Vivienda_1">-55.76271860000</SimpleData>
            <SimpleData name="Superficie">1.00000000000</SimpleData>
            <SimpleData name="Situaci_1">Par?metro</SimpleData>
            <SimpleData name="Plantado">SI</SimpleData>
            <SimpleData name="Fecha_Plan">2025/12/05</SimpleData>
            <SimpleData name="Jornales">0.00000000000</SimpleData>
            <SimpleData name="Monto">0.00000000000</SimpleData>
            <SimpleData name="Grupo_de_p">G-P2-XX-XX-XX</SimpleData>
            <SimpleData name="Estado_del">Activo</SimpleData>
            <SimpleData name="Empresa">Red Forestal Paraguay SA</SimpleData>
            <SimpleData name="Lote">G</SimpleData>
            <SimpleData name="Parametro">0.00000000000</SimpleData>
            <SimpleData name="Sup_SIG">1.24229251735</SimpleData>
            <SimpleData name="X">-55.76139446000</SimpleData>
            <SimpleData name="Y">-24.68825577000</SimpleData>
            <SimpleData name="cedula">2856210</SimpleData>
            <SimpleData name="Cédula_1">2856210.00000000000</SimpleData>
            <SimpleData name="Estado_d_1">Activo</SimpleData>
            <SimpleData name="OBJECTID_1">6959</SimpleData>
            <SimpleData name="Shape_Leng">507.22279112000</SimpleData>
            <SimpleData name="Shape_Area">12422.92517350000</SimpleData>
          </SchemaData>
        </ExtendedData>
        <Polygon>
          <outerBoundaryIs>
            <LinearRing>
              <coordinates>
                -55.7609377003944,-24.6874426998143,0
                -55.7611798998472,-24.6890740998539,0
                -55.7619082996196,-24.6890432999124,0
                -55.7615217000181,-24.6873532998571,0
                -55.7609377003944,-24.6874426998143,0
              </coordinates>
            </LinearRing>
          </outerBoundaryIs>
        </Polygon>
      </Placemark>
      <Placemark id="Lote_G.131">
        <ExtendedData>
          <SchemaData schemaUrl="#Lote_G.schema">
            <SimpleData name="Cédula">2541828.00000000000</SimpleData>
            <SimpleData name="Nombres_y_">VICTOR GODOY GOMEZ</SimpleData>
            <SimpleData name="Sexo">Hombre</SimpleData>
            <SimpleData name="Cambio_de_">NO</SimpleData>
            <SimpleData name="Titular_se">NO</SimpleData>
            <SimpleData name="ci_UNIF">2541828.00000000000</SimpleData>
            <SimpleData name="Situación">NO</SimpleData>
            <SimpleData name="Comunidad">Campesina</SimpleData>
            <SimpleData name="Modelo_imp">Modelo 4</SimpleData>
            <SimpleData name="Departamen">CANINDEYU</SimpleData>
            <SimpleData name="Distrito">YASY CA?Y</SimpleData>
            <SimpleData name="Localidad">ALEMAN KUE</SimpleData>
            <SimpleData name="Teléfono">0982000464</SimpleData>
            <SimpleData name="Vivienda_L">-24.68499670000</SimpleData>
            <SimpleData name="Vivienda_1">-55.82303620000</SimpleData>
            <SimpleData name="Superficie">0.70000000000</SimpleData>
            <SimpleData name="Situaci_1">Pol?gono</SimpleData>
            <SimpleData name="Plantado">SI</SimpleData>
            <SimpleData name="Fecha_Plan">2025/11/15</SimpleData>
            <SimpleData name="Jornales">0.00000000000</SimpleData>
            <SimpleData name="Monto">0.00000000000</SimpleData>
            <SimpleData name="Grupo_de_p">G-P1-XX-XX-XX</SimpleData>
            <SimpleData name="Estado_del">Activo</SimpleData>
            <SimpleData name="Empresa">Red Forestal Paraguay SA</SimpleData>
            <SimpleData name="Lote">G</SimpleData>
            <SimpleData name="Parametro">0.00000000000</SimpleData>
            <SimpleData name="Sup_SIG">0.71107987071</SimpleData>
            <SimpleData name="X">-55.82387927000</SimpleData>
            <SimpleData name="Y">-24.68466469000</SimpleData>
            <SimpleData name="cedula">2541828</SimpleData>
            <SimpleData name="Cédula_1">2541828.00000000000</SimpleData>
            <SimpleData name="Estado_d_1">Activo</SimpleData>
            <SimpleData name="OBJECTID_1">6961</SimpleData>
            <SimpleData name="Shape_Leng">527.18784497500</SimpleData>
            <SimpleData name="Shape_Area">7110.79870705000</SimpleData>
          </SchemaData>
        </ExtendedData>
        <Polygon>
          <outerBoundaryIs>
            <LinearRing>
              <coordinates>
                -55.8233618003767,-24.6844474994267,0
                -55.8233817006406,-24.6849483000663,0
                -55.8237899994601,-24.6848069002032,0
                -55.8239463003011,-24.685328000129,0
                -55.8242281995353,-24.6853345001704,0
                -55.8240976004465,-24.683672300366,0
                -55.8239999992738,-24.6836933005711,0
                -55.824046300027,-24.6842561000641,0
                -55.8236702006384,-24.6843165992496,0
                -55.8236480000085,-24.6844445000903,0
                -55.8233618003767,-24.6844474994267,0
              </coordinates>
            </LinearRing>
          </outerBoundaryIs>
        </Polygon>
      </Placemark>
      <Placemark id="Lote_G.132">
        <ExtendedData>
          <SchemaData schemaUrl="#Lote_G.schema">
            <SimpleData name="Cédula">7187662.00000000000</SimpleData>
            <SimpleData name="Nombres_y_">FREDY BENITEZ BENITEZ</SimpleData>
            <SimpleData name="Sexo">Hombre</SimpleData>
            <SimpleData name="Cambio_de_">NO</SimpleData>
            <SimpleData name="Titular_se">NO</SimpleData>
            <SimpleData name="ci_UNIF">7187662.00000000000</SimpleData>
            <SimpleData name="Situación">NO</SimpleData>
            <SimpleData name="Comunidad">Ind?gena</SimpleData>
            <SimpleData name="Modelo_imp">Modelo 4</SimpleData>
            <SimpleData name="Departamen">CANINDEYU</SimpleData>
            <SimpleData name="Distrito">YASY CA?Y</SimpleData>
            <SimpleData name="Localidad">COM INDIG JASY POTY</SimpleData>
            <SimpleData name="Teléfono">0985697910</SimpleData>
            <SimpleData name="Vivienda_L">-24.53729290000</SimpleData>
            <SimpleData name="Vivienda_1">-55.95958650000</SimpleData>
            <SimpleData name="Superficie">0.70000000000</SimpleData>
            <SimpleData name="Situaci_1">Pol?gono</SimpleData>
            <SimpleData name="Plantado">SI</SimpleData>
            <SimpleData name="Fecha_Plan">2025/10/30</SimpleData>
            <SimpleData name="Jornales">0.00000000000</SimpleData>
            <SimpleData name="Monto">0.00000000000</SimpleData>
            <SimpleData name="Grupo_de_p">G-P1-XX-XX-XX</SimpleData>
            <SimpleData name="Estado_del">Activo</SimpleData>
            <SimpleData name="Empresa">Red Forestal Paraguay SA</SimpleData>
            <SimpleData name="Lote">G</SimpleData>
            <SimpleData name="Parametro">0.00000000000</SimpleData>
            <SimpleData name="Sup_SIG">0.70150652323</SimpleData>
            <SimpleData name="X">-55.96749445000</SimpleData>
            <SimpleData name="Y">-24.53942275000</SimpleData>
            <SimpleData name="cedula">7187662</SimpleData>
            <SimpleData name="Cédula_1">7187662.00000000000</SimpleData>
            <SimpleData name="Estado_d_1">Activo</SimpleData>
            <SimpleData name="OBJECTID_1">7006</SimpleData>
            <SimpleData name="Shape_Leng">340.10926928900</SimpleData>
            <SimpleData name="Shape_Area">7015.06523225000</SimpleData>
          </SchemaData>
        </ExtendedData>
        <Polygon>
          <outerBoundaryIs>
            <LinearRing>
              <coordinates>
                -55.9670259997137,-24.5397676000159,0
                -55.9676950001601,-24.5399433000633,0
                -55.9679617005549,-24.5390832997087,0
                -55.9672983001702,-24.5388966995194,0
                -55.9670259997137,-24.5397676000159,0
              </coordinates>
            </LinearRing>
          </outerBoundaryIs>
        </Polygon>
      </Placemark>
      <Placemark id="Lote_G.133">
        <ExtendedData>
          <SchemaData schemaUrl="#Lote_G.schema">
            <SimpleData name="Cédula">7124499.00000000000</SimpleData>
            <SimpleData name="Nombres_y_">DELSY DIANA CORONEL BARUA</SimpleData>
            <SimpleData name="Sexo">Mujer</SimpleData>
            <SimpleData name="Cambio_de_">NO</SimpleData>
            <SimpleData name="Titular_se">NO</SimpleData>
            <SimpleData name="ci_UNIF">7124499.00000000000</SimpleData>
            <SimpleData name="Situación">NO</SimpleData>
            <SimpleData name="Comunidad">Campesina</SimpleData>
            <SimpleData name="Modelo_imp">Modelo 5</SimpleData>
            <SimpleData name="Departamen">CANINDEYU</SimpleData>
            <SimpleData name="Distrito">YBY PYTA</SimpleData>
            <SimpleData name="Localidad">GUYRA KEHA SAN ANTONIO - 5TA. LINEA</SimpleData>
            <SimpleData name="Teléfono">984173680</SimpleData>
            <SimpleData name="Vivienda_L">-24.21764270000</SimpleData>
            <SimpleData name="Vivienda_1">-55.28164680000</SimpleData>
            <SimpleData name="Superficie">0.70000000000</SimpleData>
            <SimpleData name="Situaci_1">Pol?gono</SimpleData>
            <SimpleData name="Plantado">SI</SimpleData>
            <SimpleData name="Fecha_Plan">2025/10/15</SimpleData>
            <SimpleData name="Jornales">0.00000000000</SimpleData>
            <SimpleData name="Monto">0.00000000000</SimpleData>
            <SimpleData name="Grupo_de_p">G-P1-XX-XX-XX</SimpleData>
            <SimpleData name="Estado_del">Activo</SimpleData>
            <SimpleData name="Empresa">Red Forestal Paraguay SA</SimpleData>
            <SimpleData name="Lote">G</SimpleData>
            <SimpleData name="Parametro">0.00000000000</SimpleData>
            <SimpleData name="Sup_SIG">0.70761702775</SimpleData>
            <SimpleData name="X">-55.28049520000</SimpleData>
            <SimpleData name="Y">-24.21874854000</SimpleData>
            <SimpleData name="cedula">7124499</SimpleData>
            <SimpleData name="Cédula_1">7124499.00000000000</SimpleData>
            <SimpleData name="Estado_d_1">Activo</SimpleData>
            <SimpleData name="OBJECTID_1">6287</SimpleData>
            <SimpleData name="Shape_Leng">357.15940414500</SimpleData>
            <SimpleData name="Shape_Area">7076.17027746000</SimpleData>
          </SchemaData>
        </ExtendedData>
        <Polygon>
          <outerBoundaryIs>
            <LinearRing>
              <coordinates>
                -55.2797424004827,-24.2188215998341,0
                -55.280936800094,-24.2191614000917,0
                -55.2811067000162,-24.2185783000504,0
                -55.2801869006816,-24.2183730999978,0
                -55.2797424004827,-24.2188215998341,0
              </coordinates>
            </LinearRing>
          </outerBoundaryIs>
        </Polygon>
      </Placemark>
      <Placemark id="Lote_G.134">
        <ExtendedData>
          <SchemaData schemaUrl="#Lote_G.schema">
            <SimpleData name="Cédula">4149208.00000000000</SimpleData>
            <SimpleData name="Nombres_y_">DANIEL GOMEZ</SimpleData>
            <SimpleData name="Sexo">Hombre</SimpleData>
            <SimpleData name="Cambio_de_">NO</SimpleData>
            <SimpleData name="Titular_se">NO</SimpleData>
            <SimpleData name="ci_UNIF">4149208.00000000000</SimpleData>
            <SimpleData name="Situación">NO</SimpleData>
            <SimpleData name="Comunidad">Ind?gena</SimpleData>
            <SimpleData name="Modelo_imp">Modelo 4</SimpleData>
            <SimpleData name="Departamen">CANINDEYU</SimpleData>
            <SimpleData name="Distrito">YASY CA?Y</SimpleData>
            <SimpleData name="Localidad">COM INDIG GUAVIRA POTY</SimpleData>
            <SimpleData name="Teléfono">0984124062</SimpleData>
            <SimpleData name="Vivienda_L">-24.52661450000</SimpleData>
            <SimpleData name="Vivienda_1">-55.95975980000</SimpleData>
            <SimpleData name="Superficie">0.70000000000</SimpleData>
            <SimpleData name="Situaci_1">Pol?gono</SimpleData>
            <SimpleData name="Plantado">SI</SimpleData>
            <SimpleData name="Fecha_Plan">2025/11/14</SimpleData>
            <SimpleData name="Jornales">0.00000000000</SimpleData>
            <SimpleData name="Monto">0.00000000000</SimpleData>
            <SimpleData name="Grupo_de_p">G-P1-XX-XX-XX</SimpleData>
            <SimpleData name="Estado_del">Activo</SimpleData>
            <SimpleData name="Empresa">Red Forestal Paraguay SA</SimpleData>
            <SimpleData name="Lote">G</SimpleData>
            <SimpleData name="Parametro">0.00000000000</SimpleData>
            <SimpleData name="Sup_SIG">0.85646298935</SimpleData>
            <SimpleData name="X">-55.96045826000</SimpleData>
            <SimpleData name="Y">-24.52455872000</SimpleData>
            <SimpleData name="cedula">4149208</SimpleData>
            <SimpleData name="Cédula_1">4149208.00000000000</SimpleData>
            <SimpleData name="Estado_d_1">Activo</SimpleData>
            <SimpleData name="OBJECTID_1">7010</SimpleData>
            <SimpleData name="Shape_Leng">384.00566668200</SimpleData>
            <SimpleData name="Shape_Area">8564.62989348000</SimpleData>
          </SchemaData>
        </ExtendedData>
        <Polygon>
          <outerBoundaryIs>
            <LinearRing>
              <coordinates>
                -55.9598451006517,-24.5243078005409,0
                -55.9602932994401,-24.5251600000763,0
                -55.960795000233,-24.5249683001689,0
                -55.9609582997897,-24.524014999821,0
                -55.9598451006517,-24.5243078005409,0
              </coordinates>
            </LinearRing>
          </outerBoundaryIs>
        </Polygon>
      </Placemark>
      <Placemark id="Lote_G.135">
        <ExtendedData>
          <SchemaData schemaUrl="#Lote_G.schema">
            <SimpleData name="Cédula">4914600.00000000000</SimpleData>
            <SimpleData name="Nombres_y_">SILVIO SANCHEZ PERALTA</SimpleData>
            <SimpleData name="Sexo">Hombre</SimpleData>
            <SimpleData name="Cambio_de_">NO</SimpleData>
            <SimpleData name="Titular_se">NO</SimpleData>
            <SimpleData name="ci_UNIF">4914600.00000000000</SimpleData>
            <SimpleData name="Situación">NO</SimpleData>
            <SimpleData name="Comunidad">Ind?gena</SimpleData>
            <SimpleData name="Modelo_imp">Modelo 4</SimpleData>
            <SimpleData name="Departamen">CANINDEYU</SimpleData>
            <SimpleData name="Distrito">YASY CA?Y</SimpleData>
            <SimpleData name="Localidad">COM INDIG JASY POTY</SimpleData>
            <SimpleData name="Teléfono">0975278778</SimpleData>
            <SimpleData name="Vivienda_L">-24.53812870000</SimpleData>
            <SimpleData name="Vivienda_1">-55.96305750000</SimpleData>
            <SimpleData name="Superficie">0.70000000000</SimpleData>
            <SimpleData name="Situaci_1">Pol?gono</SimpleData>
            <SimpleData name="Plantado">SI</SimpleData>
            <SimpleData name="Fecha_Plan">2025/10/30</SimpleData>
            <SimpleData name="Jornales">0.00000000000</SimpleData>
            <SimpleData name="Monto">0.00000000000</SimpleData>
            <SimpleData name="Grupo_de_p">G-P1-XX-XX-XX</SimpleData>
            <SimpleData name="Estado_del">Activo</SimpleData>
            <SimpleData name="Empresa">Red Forestal Paraguay SA</SimpleData>
            <SimpleData name="Lote">G</SimpleData>
            <SimpleData name="Parametro">0.00000000000</SimpleData>
            <SimpleData name="Sup_SIG">0.70011515635</SimpleData>
            <SimpleData name="X">-55.96824409000</SimpleData>
            <SimpleData name="Y">-24.53958773000</SimpleData>
            <SimpleData name="cedula">4914600</SimpleData>
            <SimpleData name="Cédula_1">4914600.00000000000</SimpleData>
            <SimpleData name="Estado_d_1">Activo</SimpleData>
            <SimpleData name="OBJECTID_1">7000</SimpleData>
            <SimpleData name="Shape_Leng">340.73123898500</SimpleData>
            <SimpleData name="Shape_Area">7001.15156350000</SimpleData>
          </SchemaData>
        </ExtendedData>
        <Polygon>
          <outerBoundaryIs>
            <LinearRing>
              <coordinates>
                -55.9678200006862,-24.5399116994741,0
                -55.9684366993502,-24.5401449998825,0
                -55.9687047006329,-24.5392845997297,0
                -55.9680001004797,-24.5390434996938,0
                -55.9678200006862,-24.5399116994741,0
              </coordinates>
            </LinearRing>
          </outerBoundaryIs>
        </Polygon>
      </Placemark>
      <Placemark id="Lote_G.136">
        <ExtendedData>
          <SchemaData schemaUrl="#Lote_G.schema">
            <SimpleData name="Cédula">5470975.00000000000</SimpleData>
            <SimpleData name="Nombres_y_">IDALIA OLIVEIRA ZARATE</SimpleData>
            <SimpleData name="Sexo">Mujer</SimpleData>
            <SimpleData name="Cambio_de_">NO</SimpleData>
            <SimpleData name="Titular_se">NO</SimpleData>
            <SimpleData name="ci_UNIF">5470975.00000000000</SimpleData>
            <SimpleData name="Situación">NO</SimpleData>
            <SimpleData name="Comunidad">Ind?gena</SimpleData>
            <SimpleData name="Modelo_imp">Modelo 2</SimpleData>
            <SimpleData name="Departamen">CANINDEYU</SimpleData>
            <SimpleData name="Distrito">YBY PYTA</SimpleData>
            <SimpleData name="Localidad">COM INDIG YRYAPU</SimpleData>
            <SimpleData name="Teléfono">0985793855</SimpleData>
            <SimpleData name="Vivienda_L">-24.32655590000</SimpleData>
            <SimpleData name="Vivienda_1">-55.32802720000</SimpleData>
            <SimpleData name="Superficie">0.80000000000</SimpleData>
            <SimpleData name="Situaci_1">Pol?gono</SimpleData>
            <SimpleData name="Plantado">SI</SimpleData>
            <SimpleData name="Fecha_Plan">2025/11/29</SimpleData>
            <SimpleData name="Jornales">0.00000000000</SimpleData>
            <SimpleData name="Monto">0.00000000000</SimpleData>
            <SimpleData name="Grupo_de_p">G-P1-XX-XX-XX</SimpleData>
            <SimpleData name="Estado_del">Activo</SimpleData>
            <SimpleData name="Empresa">Red Forestal Paraguay SA</SimpleData>
            <SimpleData name="Lote">G</SimpleData>
            <SimpleData name="Parametro">0.00000000000</SimpleData>
            <SimpleData name="Sup_SIG">0.81122513303</SimpleData>
            <SimpleData name="X">-55.32690269000</SimpleData>
            <SimpleData name="Y">-24.32756150000</SimpleData>
            <SimpleData name="cedula">5470975</SimpleData>
            <SimpleData name="Cédula_1">5470975.00000000000</SimpleData>
            <SimpleData name="Estado_d_1">Activo</SimpleData>
            <SimpleData name="OBJECTID_1">7073</SimpleData>
            <SimpleData name="Shape_Leng">382.96433333700</SimpleData>
            <SimpleData name="Shape_Area">8112.25133034000</SimpleData>
          </SchemaData>
        </ExtendedData>
        <Polygon>
          <outerBoundaryIs>
            <LinearRing>
              <coordinates>
                -55.3269090000183,-24.3280880999147,0
                -55.3270750000665,-24.3282632997652,0
                -55.3274481002106,-24.3278085994107,0
                -55.3268277000362,-24.326898299562,0
                -55.3263157004268,-24.3272576002275,0
                -55.3269090000183,-24.3280880999147,0
              </coordinates>
            </LinearRing>
          </outerBoundaryIs>
        </Polygon>
      </Placemark>
      <Placemark id="Lote_G.137">
        <ExtendedData>
          <SchemaData schemaUrl="#Lote_G.schema">
            <SimpleData name="Cédula">7164274.00000000000</SimpleData>
            <SimpleData name="Nombres_y_">VIDALIA AURORA GONZALEZ RUIZ</SimpleData>
            <SimpleData name="Sexo">Mujer</SimpleData>
            <SimpleData name="Cambio_de_">NO</SimpleData>
            <SimpleData name="Titular_se">NO</SimpleData>
            <SimpleData name="ci_UNIF">7164274.00000000000</SimpleData>
            <SimpleData name="Situación">NO</SimpleData>
            <SimpleData name="Comunidad">Campesina</SimpleData>
            <SimpleData name="Modelo_imp">Modelo 5</SimpleData>
            <SimpleData name="Departamen">CANINDEYU</SimpleData>
            <SimpleData name="Distrito">YBY PYTA</SimpleData>
            <SimpleData name="Localidad">GUYRA KEHA - SAN JOSE</SimpleData>
            <SimpleData name="Teléfono">984618754</SimpleData>
            <SimpleData name="Vivienda_L">-24.22357660000</SimpleData>
            <SimpleData name="Vivienda_1">-55.27961310000</SimpleData>
            <SimpleData name="Superficie">0.70000000000</SimpleData>
            <SimpleData name="Situaci_1">Pol?gono</SimpleData>
            <SimpleData name="Plantado">SI</SimpleData>
            <SimpleData name="Fecha_Plan">2025/10/15</SimpleData>
            <SimpleData name="Jornales">0.00000000000</SimpleData>
            <SimpleData name="Monto">0.00000000000</SimpleData>
            <SimpleData name="Grupo_de_p">G-P1-XX-XX-XX</SimpleData>
            <SimpleData name="Estado_del">Activo</SimpleData>
            <SimpleData name="Empresa">Red Forestal Paraguay SA</SimpleData>
            <SimpleData name="Lote">G</SimpleData>
            <SimpleData name="Parametro">0.00000000000</SimpleData>
            <SimpleData name="Sup_SIG">0.70375694249</SimpleData>
            <SimpleData name="X">-55.27965423000</SimpleData>
            <SimpleData name="Y">-24.22252767000</SimpleData>
            <SimpleData name="cedula">7164274</SimpleData>
            <SimpleData name="Cédula_1">7164274.00000000000</SimpleData>
            <SimpleData name="Estado_d_1">Activo</SimpleData>
            <SimpleData name="OBJECTID_1">7363</SimpleData>
            <SimpleData name="Shape_Leng">355.04129918300</SimpleData>
            <SimpleData name="Shape_Area">7037.56942489000</SimpleData>
          </SchemaData>
        </ExtendedData>
        <Polygon>
          <outerBoundaryIs>
            <LinearRing>
              <coordinates>
                -55.2793632998352,-24.2228317006757,0
                -55.2799367002656,-24.2228933000548,0
                -55.2801750004992,-24.2228182997705,0
                -55.280201700702,-24.2222999995087,0
                -55.2789368002508,-24.2221801004513,0
                -55.2793632998352,-24.2228317006757,0
              </coordinates>
            </LinearRing>
          </outerBoundaryIs>
        </Polygon>
      </Placemark>
      <Placemark id="Lote_G.138">
        <ExtendedData>
          <SchemaData schemaUrl="#Lote_G.schema">
            <SimpleData name="Cédula">7804653.00000000000</SimpleData>
            <SimpleData name="Nombres_y_">JULIA VEGA BADO</SimpleData>
            <SimpleData name="Sexo">Mujer</SimpleData>
            <SimpleData name="Cambio_de_">NO</SimpleData>
            <SimpleData name="Titular_se">NO</SimpleData>
            <SimpleData name="ci_UNIF">7804653.00000000000</SimpleData>
            <SimpleData name="Situación">NO</SimpleData>
            <SimpleData name="Comunidad">Campesina</SimpleData>
            <SimpleData name="Modelo_imp">Modelo 5</SimpleData>
            <SimpleData name="Departamen">CANINDEYU</SimpleData>
            <SimpleData name="Distrito">YASY CA?Y</SimpleData>
            <SimpleData name="Localidad">TAPIA</SimpleData>
            <SimpleData name="Teléfono">0982482117</SimpleData>
            <SimpleData name="Vivienda_L">-24.63639610000</SimpleData>
            <SimpleData name="Vivienda_1">-55.89538010000</SimpleData>
            <SimpleData name="Superficie">0.70000000000</SimpleData>
            <SimpleData name="Situaci_1">Pol?gono</SimpleData>
            <SimpleData name="Plantado">SI</SimpleData>
            <SimpleData name="Fecha_Plan">2025/10/24</SimpleData>
            <SimpleData name="Jornales">0.00000000000</SimpleData>
            <SimpleData name="Monto">0.00000000000</SimpleData>
            <SimpleData name="Grupo_de_p">G-P1-XX-XX-XX</SimpleData>
            <SimpleData name="Estado_del">Activo</SimpleData>
            <SimpleData name="Empresa">Red Forestal Paraguay SA</SimpleData>
            <SimpleData name="Lote">G</SimpleData>
            <SimpleData name="Parametro">0.00000000000</SimpleData>
            <SimpleData name="Sup_SIG">0.74422837163</SimpleData>
            <SimpleData name="X">-55.89373197000</SimpleData>
            <SimpleData name="Y">-24.63643819000</SimpleData>
            <SimpleData name="cedula">7804653</SimpleData>
            <SimpleData name="Cédula_1">7804653.00000000000</SimpleData>
            <SimpleData name="Estado_d_1">Activo</SimpleData>
            <SimpleData name="OBJECTID_1">5231</SimpleData>
            <SimpleData name="Shape_Leng">403.07726992900</SimpleData>
            <SimpleData name="Shape_Area">7442.28371629000</SimpleData>
          </SchemaData>
        </ExtendedData>
        <Polygon>
          <outerBoundaryIs>
            <LinearRing>
              <coordinates>
                -55.8929667000644,-24.6362499999706,0
                -55.8930182997388,-24.6367116999793,0
                -55.8945237998056,-24.6366008000488,0
                -55.8944733001337,-24.6361866997395,0
                -55.8929667000644,-24.6362499999706,0
              </coordinates>
            </LinearRing>
          </outerBoundaryIs>
        </Polygon>
      </Placemark>
      <Placemark id="Lote_G.139">
        <ExtendedData>
          <SchemaData schemaUrl="#Lote_G.schema">
            <SimpleData name="Cédula">7265998.00000000000</SimpleData>
            <SimpleData name="Nombres_y_">NOELIA BARRIOS ROMERO</SimpleData>
            <SimpleData name="Sexo">Mujer</SimpleData>
            <SimpleData name="Cambio_de_">NO</SimpleData>
            <SimpleData name="Titular_se">NO</SimpleData>
            <SimpleData name="ci_UNIF">7265998.00000000000</SimpleData>
            <SimpleData name="Situación">NO</SimpleData>
            <SimpleData name="Comunidad">Ind?gena</SimpleData>
            <SimpleData name="Modelo_imp">Modelo 1</SimpleData>
            <SimpleData name="Departamen">CANINDEYU</SimpleData>
            <SimpleData name="Distrito">YBY PYTA</SimpleData>
            <SimpleData name="Localidad">COM INDIG TEKOHA POTY PYAHU</SimpleData>
            <SimpleData name="Teléfono">0975294258</SimpleData>
            <SimpleData name="Vivienda_L">-24.26406480000</SimpleData>
            <SimpleData name="Vivienda_1">-55.22944350000</SimpleData>
            <SimpleData name="Superficie">0.80000000000</SimpleData>
            <SimpleData name="Situaci_1">Par?metro</SimpleData>
            <SimpleData name="Plantado">SI</SimpleData>
            <SimpleData name="Fecha_Plan">2026/01/22</SimpleData>
            <SimpleData name="Jornales">0.00000000000</SimpleData>
            <SimpleData name="Monto">0.00000000000</SimpleData>
            <SimpleData name="Grupo_de_p">G-P2-XX-XX-XX</SimpleData>
            <SimpleData name="Estado_del">Activo</SimpleData>
            <SimpleData name="Empresa">Red Forestal Paraguay SA</SimpleData>
            <SimpleData name="Lote">G</SimpleData>
            <SimpleData name="Parametro">0.00000000000</SimpleData>
            <SimpleData name="Sup_SIG">0.80124297924</SimpleData>
            <SimpleData name="X">-55.20581029000</SimpleData>
            <SimpleData name="Y">-24.25246037000</SimpleData>
            <SimpleData name="cedula">7265998</SimpleData>
            <SimpleData name="Cédula_1">7265998.00000000000</SimpleData>
            <SimpleData name="Estado_d_1">Activo</SimpleData>
            <SimpleData name="OBJECTID_1">5293</SimpleData>
            <SimpleData name="Shape_Leng">442.18810244500</SimpleData>
            <SimpleData name="Shape_Area">8012.42979244000</SimpleData>
          </SchemaData>
        </ExtendedData>
        <Polygon>
          <outerBoundaryIs>
            <LinearRing>
              <coordinates>
                -55.2050083004585,-24.252486700484,0
                -55.20543270017,-24.2530249996918,0
                -55.2063621997997,-24.2524101007808,0
                -55.2063243993902,-24.252283500364,0
                -55.2066682997079,-24.2521983001556,0
                -55.2064649993953,-24.2518982994109,0
                -55.2058470995985,-24.2522232999174,0
                -55.2050083004585,-24.252486700484,0
              </coordinates>
            </LinearRing>
          </outerBoundaryIs>
        </Polygon>
      </Placemark>
      <Placemark id="Lote_G.140">
        <ExtendedData>
          <SchemaData schemaUrl="#Lote_G.schema">
            <SimpleData name="Cédula">5957471.00000000000</SimpleData>
            <SimpleData name="Nombres_y_">URSULINO GARCETE LOPEZ</SimpleData>
            <SimpleData name="Sexo">Hombre</SimpleData>
            <SimpleData name="Cambio_de_">NO</SimpleData>
            <SimpleData name="Titular_se">NO</SimpleData>
            <SimpleData name="ci_UNIF">5957471.00000000000</SimpleData>
            <SimpleData name="Situación">NO</SimpleData>
            <SimpleData name="Comunidad">Ind?gena</SimpleData>
            <SimpleData name="Modelo_imp">Modelo 1</SimpleData>
            <SimpleData name="Departamen">CANINDEYU</SimpleData>
            <SimpleData name="Distrito">YBY PYTA</SimpleData>
            <SimpleData name="Localidad">COM INDIG TEKOHA POTY PYAHU</SimpleData>
            <SimpleData name="Teléfono">0985445333</SimpleData>
            <SimpleData name="Vivienda_L">-24.25286580000</SimpleData>
            <SimpleData name="Vivienda_1">-55.21039850000</SimpleData>
            <SimpleData name="Superficie">0.80000000000</SimpleData>
            <SimpleData name="Situaci_1">Pol?gono</SimpleData>
            <SimpleData name="Plantado">SI</SimpleData>
            <SimpleData name="Fecha_Plan">2025/10/23</SimpleData>
            <SimpleData name="Jornales">0.00000000000</SimpleData>
            <SimpleData name="Monto">0.00000000000</SimpleData>
            <SimpleData name="Grupo_de_p">G-P1-XX-XX-XX</SimpleData>
            <SimpleData name="Estado_del">Activo</SimpleData>
            <SimpleData name="Empresa">Red Forestal Paraguay SA</SimpleData>
            <SimpleData name="Lote">G</SimpleData>
            <SimpleData name="Parametro">0.00000000000</SimpleData>
            <SimpleData name="Sup_SIG">0.86716715033</SimpleData>
            <SimpleData name="X">-55.20730344000</SimpleData>
            <SimpleData name="Y">-24.25131720000</SimpleData>
            <SimpleData name="cedula">5957471</SimpleData>
            <SimpleData name="Cédula_1">5957471.00000000000</SimpleData>
            <SimpleData name="Estado_d_1">Activo</SimpleData>
            <SimpleData name="OBJECTID_1">7063</SimpleData>
            <SimpleData name="Shape_Leng">430.63419332700</SimpleData>
            <SimpleData name="Shape_Area">8671.67150327000</SimpleData>
          </SchemaData>
        </ExtendedData>
        <Polygon>
          <outerBoundaryIs>
            <LinearRing>
              <coordinates>
                -55.206505019176,-24.2512911088978,0
                -55.2065281353133,-24.2514805552046,0
                -55.2065299999669,-24.2514866997841,0
                -55.2065289557802,-24.2514872842905,0
                -55.206560000008,-24.2517416995306,0
                -55.2080567002116,-24.2513999996045,0
                -55.2080485095192,-24.2508912410474,0
                -55.208048199154,-24.250872000108,0
                -55.2065026998033,-24.2512720997984,0
                -55.206505019176,-24.2512911088978,0
              </coordinates>
            </LinearRing>
          </outerBoundaryIs>
        </Polygon>
      </Placemark>
      <Placemark id="Lote_G.141">
        <ExtendedData>
          <SchemaData schemaUrl="#Lote_G.schema">
            <SimpleData name="Cédula">5957450.00000000000</SimpleData>
            <SimpleData name="Nombres_y_">SUSANA LOPEZ RAMIREZ</SimpleData>
            <SimpleData name="Sexo">Mujer</SimpleData>
            <SimpleData name="Cambio_de_">NO</SimpleData>
            <SimpleData name="Titular_se">NO</SimpleData>
            <SimpleData name="ci_UNIF">5957450.00000000000</SimpleData>
            <SimpleData name="Situación">NO</SimpleData>
            <SimpleData name="Comunidad">Ind?gena</SimpleData>
            <SimpleData name="Modelo_imp">Modelo 1</SimpleData>
            <SimpleData name="Departamen">CANINDEYU</SimpleData>
            <SimpleData name="Distrito">YBY PYTA</SimpleData>
            <SimpleData name="Localidad">COM INDIG TEKOHA POTY PYAHU</SimpleData>
            <SimpleData name="Teléfono">0986314137</SimpleData>
            <SimpleData name="Vivienda_L">-24.25412610000</SimpleData>
            <SimpleData name="Vivienda_1">-55.21159990000</SimpleData>
            <SimpleData name="Superficie">0.80000000000</SimpleData>
            <SimpleData name="Situaci_1">Pol?gono</SimpleData>
            <SimpleData name="Plantado">SI</SimpleData>
            <SimpleData name="Fecha_Plan">2025/10/23</SimpleData>
            <SimpleData name="Jornales">0.00000000000</SimpleData>
            <SimpleData name="Monto">0.00000000000</SimpleData>
            <SimpleData name="Grupo_de_p">G-P1-XX-XX-XX</SimpleData>
            <SimpleData name="Estado_del">Activo</SimpleData>
            <SimpleData name="Empresa">Red Forestal Paraguay SA</SimpleData>
            <SimpleData name="Lote">G</SimpleData>
            <SimpleData name="Parametro">0.00000000000</SimpleData>
            <SimpleData name="Sup_SIG">0.93895315634</SimpleData>
            <SimpleData name="X">-55.20712997000</SimpleData>
            <SimpleData name="Y">-24.25030923000</SimpleData>
            <SimpleData name="cedula">5957450</SimpleData>
            <SimpleData name="Cédula_1">5957450.00000000000</SimpleData>
            <SimpleData name="Estado_d_1">Activo</SimpleData>
            <SimpleData name="OBJECTID_1">7061</SimpleData>
            <SimpleData name="Shape_Leng">414.72735041700</SimpleData>
            <SimpleData name="Shape_Area">9389.53156338000</SimpleData>
          </SchemaData>
        </ExtendedData>
        <Polygon>
          <outerBoundaryIs>
            <LinearRing>
              <coordinates>
                -55.2064000002835,-24.2501800001685,0
                -55.2065249995242,-24.250759999974,0
                -55.2079513007121,-24.2504229997653,0
                -55.2075966998999,-24.2498516998684,0
                -55.2064000002835,-24.2501800001685,0
              </coordinates>
            </LinearRing>
          </outerBoundaryIs>
        </Polygon>
      </Placemark>
      <Placemark id="Lote_G.142">
        <ExtendedData>
          <SchemaData schemaUrl="#Lote_G.schema">
            <SimpleData name="Cédula">5973571.00000000000</SimpleData>
            <SimpleData name="Nombres_y_">ELIZABETH VERA MARTINEZ</SimpleData>
            <SimpleData name="Sexo">Mujer</SimpleData>
            <SimpleData name="Cambio_de_">NO</SimpleData>
            <SimpleData name="Titular_se">NO</SimpleData>
            <SimpleData name="ci_UNIF">5973571.00000000000</SimpleData>
            <SimpleData name="Situación">NO</SimpleData>
            <SimpleData name="Comunidad">Ind?gena</SimpleData>
            <SimpleData name="Modelo_imp">Modelo 1</SimpleData>
            <SimpleData name="Departamen">CANINDEYU</SimpleData>
            <SimpleData name="Distrito">YBY PYTA</SimpleData>
            <SimpleData name="Localidad">COM INDIG TEKOHA POTY PYAHU</SimpleData>
            <SimpleData name="Teléfono">0975985507</SimpleData>
            <SimpleData name="Vivienda_L">-24.26299570000</SimpleData>
            <SimpleData name="Vivienda_1">-55.22921800000</SimpleData>
            <SimpleData name="Superficie">0.80000000000</SimpleData>
            <SimpleData name="Situaci_1">Pol?gono</SimpleData>
            <SimpleData name="Plantado">SI</SimpleData>
            <SimpleData name="Fecha_Plan">2025/10/29</SimpleData>
            <SimpleData name="Jornales">0.00000000000</SimpleData>
            <SimpleData name="Monto">0.00000000000</SimpleData>
            <SimpleData name="Grupo_de_p">G-P1-XX-XX-XX</SimpleData>
            <SimpleData name="Estado_del">Activo</SimpleData>
            <SimpleData name="Empresa">Red Forestal Paraguay SA</SimpleData>
            <SimpleData name="Lote">G</SimpleData>
            <SimpleData name="Parametro">0.00000000000</SimpleData>
            <SimpleData name="Sup_SIG">0.83239791993</SimpleData>
            <SimpleData name="X">-55.20723011000</SimpleData>
            <SimpleData name="Y">-24.25085482000</SimpleData>
            <SimpleData name="cedula">5973571</SimpleData>
            <SimpleData name="Cédula_1">5973571.00000000000</SimpleData>
            <SimpleData name="Estado_d_1">Activo</SimpleData>
            <SimpleData name="OBJECTID_1">7824</SimpleData>
            <SimpleData name="Shape_Leng">449.62208597200</SimpleData>
            <SimpleData name="Shape_Area">8323.97919931000</SimpleData>
          </SchemaData>
        </ExtendedData>
        <Polygon>
          <outerBoundaryIs>
            <LinearRing>
              <coordinates>
                -55.206505019176,-24.2512911088978,0
                -55.2065026998033,-24.2512720997984,0
                -55.208048199154,-24.250872000108,0
                -55.2080485095192,-24.2508912410474,0
                -55.208053299132,-24.2508900000038,0
                -55.2080609993775,-24.250432199863,0
                -55.2065433000225,-24.2507950001445,0
                -55.2065350004262,-24.2508037001746,0
                -55.2063579006143,-24.2508619004596,0
                -55.2064899999106,-24.2512950002735,0
                -55.206505019176,-24.2512911088978,0
              </coordinates>
            </LinearRing>
          </outerBoundaryIs>
        </Polygon>
      </Placemark>
      <Placemark id="Lote_G.143">
        <ExtendedData>
          <SchemaData schemaUrl="#Lote_G.schema">
            <SimpleData name="Cédula">7850695.00000000000</SimpleData>
            <SimpleData name="Nombres_y_">FLORENCIA BARRIOS RAMIREZ</SimpleData>
            <SimpleData name="Sexo">Mujer</SimpleData>
            <SimpleData name="Cambio_de_">NO</SimpleData>
            <SimpleData name="Titular_se">NO</SimpleData>
            <SimpleData name="ci_UNIF">7850695.00000000000</SimpleData>
            <SimpleData name="Situación">NO</SimpleData>
            <SimpleData name="Comunidad">Ind?gena</SimpleData>
            <SimpleData name="Modelo_imp">Modelo 5</SimpleData>
            <SimpleData name="Departamen">CANINDEYU</SimpleData>
            <SimpleData name="Distrito">YBY PYTA</SimpleData>
            <SimpleData name="Localidad">COM INDIG TEKOHA POTY PYAHU</SimpleData>
            <SimpleData name="Teléfono">0976598856</SimpleData>
            <SimpleData name="Vivienda_L">-24.24212100000</SimpleData>
            <SimpleData name="Vivienda_1">-55.20837480000</SimpleData>
            <SimpleData name="Superficie">0.70000000000</SimpleData>
            <SimpleData name="Situaci_1">Pol?gono</SimpleData>
            <SimpleData name="Plantado">SI</SimpleData>
            <SimpleData name="Fecha_Plan">2025/10/29</SimpleData>
            <SimpleData name="Jornales">0.00000000000</SimpleData>
            <SimpleData name="Monto">0.00000000000</SimpleData>
            <SimpleData name="Grupo_de_p">G-P1-XX-XX-XX</SimpleData>
            <SimpleData name="Estado_del">Activo</SimpleData>
            <SimpleData name="Empresa">Red Forestal Paraguay SA</SimpleData>
            <SimpleData name="Lote">G</SimpleData>
            <SimpleData name="Parametro">0.00000000000</SimpleData>
            <SimpleData name="Sup_SIG">0.70776242116</SimpleData>
            <SimpleData name="X">-55.20599963000</SimpleData>
            <SimpleData name="Y">-24.25141380000</SimpleData>
            <SimpleData name="cedula">7850695</SimpleData>
            <SimpleData name="Cédula_1">7850695.00000000000</SimpleData>
            <SimpleData name="Estado_d_1">Activo</SimpleData>
            <SimpleData name="OBJECTID_1">5303</SimpleData>
            <SimpleData name="Shape_Leng">346.03522735100</SimpleData>
            <SimpleData name="Shape_Area">7077.62421164000</SimpleData>
          </SchemaData>
        </ExtendedData>
        <Polygon>
          <outerBoundaryIs>
            <LinearRing>
              <coordinates>
                -55.205746105018,-24.2511842668005,0
                -55.2056422170761,-24.2512367495138,0
                -55.2054512997097,-24.2513331997073,0
                -55.2055440096877,-24.251571332848,0
                -55.2056106197406,-24.2517424289234,0
                -55.2056245590599,-24.2517782318883,0
                -55.2056554460524,-24.2518575687543,0
                -55.2056932994201,-24.2519547993813,0
                -55.2065289557802,-24.2514872842905,0
                -55.2065299999669,-24.2514866997841,0
                -55.2065281353133,-24.2514805552046,0
                -55.2063462000145,-24.2508810999682,0
                -55.205746105018,-24.2511842668005,0
              </coordinates>
            </LinearRing>
          </outerBoundaryIs>
        </Polygon>
      </Placemark>
      <Placemark id="Lote_G.144">
        <ExtendedData>
          <SchemaData schemaUrl="#Lote_G.schema">
            <SimpleData name="Cédula">7248458.00000000000</SimpleData>
            <SimpleData name="Nombres_y_">ROLANDO IBA?EZ GONZALEZ</SimpleData>
            <SimpleData name="Sexo">Hombre</SimpleData>
            <SimpleData name="Cambio_de_">NO</SimpleData>
            <SimpleData name="Titular_se">NO</SimpleData>
            <SimpleData name="ci_UNIF">7248458.00000000000</SimpleData>
            <SimpleData name="Situación">NO</SimpleData>
            <SimpleData name="Comunidad">Ind?gena</SimpleData>
            <SimpleData name="Modelo_imp">Modelo 5</SimpleData>
            <SimpleData name="Departamen">CANINDEYU</SimpleData>
            <SimpleData name="Distrito">YASY CA?Y</SimpleData>
            <SimpleData name="Localidad"><![CDATA[COM INDIG VY'ARENDA]]></SimpleData>
            <SimpleData name="Teléfono">0981500963</SimpleData>
            <SimpleData name="Vivienda_L">-24.54624980000</SimpleData>
            <SimpleData name="Vivienda_1">-55.76722730000</SimpleData>
            <SimpleData name="Superficie">0.70000000000</SimpleData>
            <SimpleData name="Situaci_1">Pol?gono</SimpleData>
            <SimpleData name="Plantado">SI</SimpleData>
            <SimpleData name="Fecha_Plan">2025/10/25</SimpleData>
            <SimpleData name="Jornales">0.00000000000</SimpleData>
            <SimpleData name="Monto">0.00000000000</SimpleData>
            <SimpleData name="Grupo_de_p">G-P1-XX-XX-XX</SimpleData>
            <SimpleData name="Estado_del">Activo</SimpleData>
            <SimpleData name="Empresa">Red Forestal Paraguay SA</SimpleData>
            <SimpleData name="Lote">G</SimpleData>
            <SimpleData name="Parametro">0.00000000000</SimpleData>
            <SimpleData name="Sup_SIG">0.71476256850</SimpleData>
            <SimpleData name="X">-55.75051392000</SimpleData>
            <SimpleData name="Y">-24.55040346000</SimpleData>
            <SimpleData name="cedula">7248458</SimpleData>
            <SimpleData name="Cédula_1">7248458.00000000000</SimpleData>
            <SimpleData name="Estado_d_1">Activo</SimpleData>
            <SimpleData name="OBJECTID_1">5271</SimpleData>
            <SimpleData name="Shape_Leng">487.75364608300</SimpleData>
            <SimpleData name="Shape_Area">7147.62568496000</SimpleData>
          </SchemaData>
        </ExtendedData>
        <MultiGeometry>
          <Polygon>
            <outerBoundaryIs>
              <LinearRing>
                <coordinates>
                  -55.7518466995819,-24.5511367000674,0
                  -55.752193299446,-24.5507000001353,0
                  -55.7518982995642,-24.5506450001394,0
                  -55.751658298229,-24.5510983002201,0
                  -55.7518466995819,-24.5511367000674,0
                </coordinates>
              </LinearRing>
            </outerBoundaryIs>
          </Polygon>
          <Polygon>
            <outerBoundaryIs>
              <LinearRing>
                <coordinates>
                  -55.7496783002379,-24.5505733005409,0
                  -55.7506366997561,-24.550525000578,0
                  -55.7507649992275,-24.5500184003279,0
                  -55.7496609995561,-24.5500737002618,0
                  -55.7496783002379,-24.5505733005409,0
                </coordinates>
              </LinearRing>
            </outerBoundaryIs>
          </Polygon>
        </MultiGeometry>
      </Placemark>
      <Placemark id="Lote_G.145">
        <ExtendedData>
          <SchemaData schemaUrl="#Lote_G.schema">
            <SimpleData name="Cédula">7253994.00000000000</SimpleData>
            <SimpleData name="Nombres_y_">ADELAIDA IBA?EZ RIVAROLA</SimpleData>
            <SimpleData name="Sexo">Mujer</SimpleData>
            <SimpleData name="Cambio_de_">NO</SimpleData>
            <SimpleData name="Titular_se">NO</SimpleData>
            <SimpleData name="ci_UNIF">7253994.00000000000</SimpleData>
            <SimpleData name="Situación">NO</SimpleData>
            <SimpleData name="Comunidad">Ind?gena</SimpleData>
            <SimpleData name="Modelo_imp">Modelo 1</SimpleData>
            <SimpleData name="Departamen">CANINDEYU</SimpleData>
            <SimpleData name="Distrito">YASY CA?Y</SimpleData>
            <SimpleData name="Localidad"><![CDATA[COM INDIG VY'ARENDA]]></SimpleData>
            <SimpleData name="Teléfono">0986580405</SimpleData>
            <SimpleData name="Vivienda_L">-24.54873760000</SimpleData>
            <SimpleData name="Vivienda_1">-55.76758170000</SimpleData>
            <SimpleData name="Superficie">0.80000000000</SimpleData>
            <SimpleData name="Situaci_1">Pol?gono</SimpleData>
            <SimpleData name="Plantado">SI</SimpleData>
            <SimpleData name="Fecha_Plan">2025/10/25</SimpleData>
            <SimpleData name="Jornales">0.00000000000</SimpleData>
            <SimpleData name="Monto">0.00000000000</SimpleData>
            <SimpleData name="Grupo_de_p">G-P1-XX-XX-XX</SimpleData>
            <SimpleData name="Estado_del">Activo</SimpleData>
            <SimpleData name="Empresa">Red Forestal Paraguay SA</SimpleData>
            <SimpleData name="Lote">G</SimpleData>
            <SimpleData name="Parametro">0.00000000000</SimpleData>
            <SimpleData name="Sup_SIG">0.79830601242</SimpleData>
            <SimpleData name="X">-55.75252391000</SimpleData>
            <SimpleData name="Y">-24.55071540000</SimpleData>
            <SimpleData name="cedula">7253994</SimpleData>
            <SimpleData name="Cédula_1">7253994.00000000000</SimpleData>
            <SimpleData name="Estado_d_1">Activo</SimpleData>
            <SimpleData name="OBJECTID_1">7024</SimpleData>
            <SimpleData name="Shape_Leng">447.96074173600</SimpleData>
            <SimpleData name="Shape_Area">7983.06012423000</SimpleData>
          </SchemaData>
        </ExtendedData>
        <Polygon>
          <outerBoundaryIs>
            <LinearRing>
              <coordinates>
                -55.7522549001278,-24.5503788002535,0
                -55.7523046998076,-24.5506643995332,0
                -55.7522269000736,-24.5506601001103,0
                -55.7518813002762,-24.551148199397,0
                -55.7523167005117,-24.5513916999332,0
                -55.7533250005477,-24.550071599966,0
                -55.7522549001278,-24.5503788002535,0
              </coordinates>
            </LinearRing>
          </outerBoundaryIs>
        </Polygon>
      </Placemark>
      <Placemark id="Lote_G.146">
        <ExtendedData>
          <SchemaData schemaUrl="#Lote_G.schema">
            <SimpleData name="Cédula">3959645.00000000000</SimpleData>
            <SimpleData name="Nombres_y_">FAUSTINA BENITEZ VILLALBA</SimpleData>
            <SimpleData name="Sexo">Mujer</SimpleData>
            <SimpleData name="Cambio_de_">NO</SimpleData>
            <SimpleData name="Titular_se">NO</SimpleData>
            <SimpleData name="ci_UNIF">3959645.00000000000</SimpleData>
            <SimpleData name="Situación">NO</SimpleData>
            <SimpleData name="Comunidad">Ind?gena</SimpleData>
            <SimpleData name="Modelo_imp">Modelo 5</SimpleData>
            <SimpleData name="Departamen">CANINDEYU</SimpleData>
            <SimpleData name="Distrito">YASY CA?Y</SimpleData>
            <SimpleData name="Localidad">COM INDIG  TAKUA MIRI</SimpleData>
            <SimpleData name="Teléfono">ND</SimpleData>
            <SimpleData name="Vivienda_L">-24.40702760000</SimpleData>
            <SimpleData name="Vivienda_1">-56.01431700000</SimpleData>
            <SimpleData name="Superficie">0.70000000000</SimpleData>
            <SimpleData name="Situaci_1">Pol?gono</SimpleData>
            <SimpleData name="Plantado">SI</SimpleData>
            <SimpleData name="Fecha_Plan">2025/10/14</SimpleData>
            <SimpleData name="Jornales">0.00000000000</SimpleData>
            <SimpleData name="Monto">0.00000000000</SimpleData>
            <SimpleData name="Grupo_de_p">G-P1-XX-XX-XX</SimpleData>
            <SimpleData name="Estado_del">Activo</SimpleData>
            <SimpleData name="Empresa">Red Forestal Paraguay SA</SimpleData>
            <SimpleData name="Lote">G</SimpleData>
            <SimpleData name="Parametro">0.00000000000</SimpleData>
            <SimpleData name="Sup_SIG">0.70640691573</SimpleData>
            <SimpleData name="X">-56.02060039000</SimpleData>
            <SimpleData name="Y">-24.41073646000</SimpleData>
            <SimpleData name="cedula">3959645</SimpleData>
            <SimpleData name="Cédula_1">3959645.00000000000</SimpleData>
            <SimpleData name="Estado_d_1">Activo</SimpleData>
            <SimpleData name="OBJECTID_1">5261</SimpleData>
            <SimpleData name="Shape_Leng">349.88146162700</SimpleData>
            <SimpleData name="Shape_Area">7064.06915727000</SimpleData>
          </SchemaData>
        </ExtendedData>
        <Polygon>
          <outerBoundaryIs>
            <LinearRing>
              <coordinates>
                -56.020043102675,-24.410780059813,0
                -56.0209482998709,-24.4112682999605,0
                -56.0211716996731,-24.4107182999128,0
                -56.0203582499159,-24.4102539393073,0
                -56.0202787988745,-24.4102085848023,0
                -56.0202482981261,-24.4101936995142,0
                -56.0201056306715,-24.4106013822009,0
                -56.020043102675,-24.410780059813,0
              </coordinates>
            </LinearRing>
          </outerBoundaryIs>
        </Polygon>
      </Placemark>
      <Placemark id="Lote_G.147">
        <ExtendedData>
          <SchemaData schemaUrl="#Lote_G.schema">
            <SimpleData name="Cédula">5105888.00000000000</SimpleData>
            <SimpleData name="Nombres_y_">ANDREA ELIZABETH PACUA LUGO</SimpleData>
            <SimpleData name="Sexo">Mujer</SimpleData>
            <SimpleData name="Cambio_de_">NO</SimpleData>
            <SimpleData name="Titular_se">NO</SimpleData>
            <SimpleData name="ci_UNIF">5105888.00000000000</SimpleData>
            <SimpleData name="Situación">NO</SimpleData>
            <SimpleData name="Comunidad">Campesina</SimpleData>
            <SimpleData name="Modelo_imp">Modelo 5</SimpleData>
            <SimpleData name="Departamen">CANINDEYU</SimpleData>
            <SimpleData name="Distrito">YASY CA?Y</SimpleData>
            <SimpleData name="Localidad">MANDUARA 6TA LINEA</SimpleData>
            <SimpleData name="Teléfono">0983176087</SimpleData>
            <SimpleData name="Vivienda_L">-24.42993360000</SimpleData>
            <SimpleData name="Vivienda_1">-55.91207930000</SimpleData>
            <SimpleData name="Superficie">0.70000000000</SimpleData>
            <SimpleData name="Situaci_1">Pol?gono</SimpleData>
            <SimpleData name="Plantado">SI</SimpleData>
            <SimpleData name="Fecha_Plan">2025/10/17</SimpleData>
            <SimpleData name="Jornales">0.00000000000</SimpleData>
            <SimpleData name="Monto">0.00000000000</SimpleData>
            <SimpleData name="Grupo_de_p">G-P1-XX-XX-XX</SimpleData>
            <SimpleData name="Estado_del">Activo</SimpleData>
            <SimpleData name="Empresa">Red Forestal Paraguay SA</SimpleData>
            <SimpleData name="Lote">G</SimpleData>
            <SimpleData name="Parametro">0.00000000000</SimpleData>
            <SimpleData name="Sup_SIG">0.73433883808</SimpleData>
            <SimpleData name="X">-55.91085791000</SimpleData>
            <SimpleData name="Y">-24.42930535000</SimpleData>
            <SimpleData name="cedula">5105888</SimpleData>
            <SimpleData name="Cédula_1">5105888.00000000000</SimpleData>
            <SimpleData name="Estado_d_1">Activo</SimpleData>
            <SimpleData name="OBJECTID_1">6942</SimpleData>
            <SimpleData name="Shape_Leng">503.99670296100</SimpleData>
            <SimpleData name="Shape_Area">7343.38838076000</SimpleData>
          </SchemaData>
        </ExtendedData>
        <MultiGeometry>
          <Polygon>
            <outerBoundaryIs>
              <LinearRing>
                <coordinates>
                  -55.9111937004168,-24.4297712001887,0
                  -55.9113949995866,-24.4294099993192,0
                  -55.9105732997456,-24.4288416999636,0
                  -55.9103033007229,-24.4292117002419,0
                  -55.9111937004168,-24.4297712001887,0
                </coordinates>
              </LinearRing>
            </outerBoundaryIs>
          </Polygon>
          <Polygon>
            <outerBoundaryIs>
              <LinearRing>
                <coordinates>
                  -55.9080899990945,-24.4278017003336,0
                  -55.9084332995373,-24.4274199998898,0
                  -55.9081199999397,-24.4271549000589,0
                  -55.9077820992769,-24.4275788997161,0
                  -55.9080899990945,-24.4278017003336,0
                </coordinates>
              </LinearRing>
            </outerBoundaryIs>
          </Polygon>
        </MultiGeometry>
      </Placemark>
      <Placemark id="Lote_G.148">
        <ExtendedData>
          <SchemaData schemaUrl="#Lote_G.schema">
            <SimpleData name="Cédula">6150799.00000000000</SimpleData>
            <SimpleData name="Nombres_y_">JUANA VERA BENITEZ</SimpleData>
            <SimpleData name="Sexo">Mujer</SimpleData>
            <SimpleData name="Cambio_de_">NO</SimpleData>
            <SimpleData name="Titular_se">NO</SimpleData>
            <SimpleData name="ci_UNIF">6150799.00000000000</SimpleData>
            <SimpleData name="Situación">NO</SimpleData>
            <SimpleData name="Comunidad">Ind?gena</SimpleData>
            <SimpleData name="Modelo_imp">Modelo 5</SimpleData>
            <SimpleData name="Departamen">CANINDEYU</SimpleData>
            <SimpleData name="Distrito">YASY CA?Y</SimpleData>
            <SimpleData name="Localidad"><![CDATA[COM INDIG KA'AGUY POTY KAMBA]]></SimpleData>
            <SimpleData name="Teléfono">ND</SimpleData>
            <SimpleData name="Vivienda_L">-24.56223360000</SimpleData>
            <SimpleData name="Vivienda_1">-55.92391040000</SimpleData>
            <SimpleData name="Superficie">0.70000000000</SimpleData>
            <SimpleData name="Situaci_1">Pol?gono</SimpleData>
            <SimpleData name="Plantado">SI</SimpleData>
            <SimpleData name="Fecha_Plan">2025/09/29</SimpleData>
            <SimpleData name="Jornales">0.00000000000</SimpleData>
            <SimpleData name="Monto">0.00000000000</SimpleData>
            <SimpleData name="Grupo_de_p">G-P1-XX-XX-XX</SimpleData>
            <SimpleData name="Estado_del">Activo</SimpleData>
            <SimpleData name="Empresa">Red Forestal Paraguay SA</SimpleData>
            <SimpleData name="Lote">G</SimpleData>
            <SimpleData name="Parametro">0.00000000000</SimpleData>
            <SimpleData name="Sup_SIG">0.70357508248</SimpleData>
            <SimpleData name="X">-55.92377838000</SimpleData>
            <SimpleData name="Y">-24.56170292000</SimpleData>
            <SimpleData name="cedula">6150799</SimpleData>
            <SimpleData name="Cédula_1">6150799.00000000000</SimpleData>
            <SimpleData name="Estado_d_1">Activo</SimpleData>
            <SimpleData name="OBJECTID_1">7613</SimpleData>
            <SimpleData name="Shape_Leng">361.55904472100</SimpleData>
            <SimpleData name="Shape_Area">7035.75082484000</SimpleData>
          </SchemaData>
        </ExtendedData>
        <Polygon>
          <outerBoundaryIs>
            <LinearRing>
              <coordinates>
                -55.9230622997831,-24.5616897997112,0
                -55.9242608996455,-24.5621734997887,0
                -55.9244060005991,-24.5616591996382,0
                -55.9233905004615,-24.5612595994886,0
                -55.9230622997831,-24.5616897997112,0
              </coordinates>
            </LinearRing>
          </outerBoundaryIs>
        </Polygon>
      </Placemark>
      <Placemark id="Lote_G.149">
        <ExtendedData>
          <SchemaData schemaUrl="#Lote_G.schema">
            <SimpleData name="Cédula">5973641.00000000000</SimpleData>
            <SimpleData name="Nombres_y_">FILOMENA OLIVEIRA CABRAL</SimpleData>
            <SimpleData name="Sexo">Mujer</SimpleData>
            <SimpleData name="Cambio_de_">NO</SimpleData>
            <SimpleData name="Titular_se">NO</SimpleData>
            <SimpleData name="ci_UNIF">5973641.00000000000</SimpleData>
            <SimpleData name="Situación">NO</SimpleData>
            <SimpleData name="Comunidad">Ind?gena</SimpleData>
            <SimpleData name="Modelo_imp">Modelo 3</SimpleData>
            <SimpleData name="Departamen">CANINDEYU</SimpleData>
            <SimpleData name="Distrito">YBY PYTA</SimpleData>
            <SimpleData name="Localidad">COM INDIG TEKOHA POTY PYAHU</SimpleData>
            <SimpleData name="Teléfono">0975272786</SimpleData>
            <SimpleData name="Vivienda_L">-24.26083790000</SimpleData>
            <SimpleData name="Vivienda_1">-55.21822190000</SimpleData>
            <SimpleData name="Superficie">1.00000000000</SimpleData>
            <SimpleData name="Situaci_1">Par?metro</SimpleData>
            <SimpleData name="Plantado">SI</SimpleData>
            <SimpleData name="Fecha_Plan">2025/12/09</SimpleData>
            <SimpleData name="Jornales">0.00000000000</SimpleData>
            <SimpleData name="Monto">0.00000000000</SimpleData>
            <SimpleData name="Grupo_de_p">G-P1-XX-XX-XX</SimpleData>
            <SimpleData name="Estado_del">Activo</SimpleData>
            <SimpleData name="Empresa">Red Forestal Paraguay SA</SimpleData>
            <SimpleData name="Lote">G</SimpleData>
            <SimpleData name="Parametro">0.00000000000</SimpleData>
            <SimpleData name="Sup_SIG">1.03369668631</SimpleData>
            <SimpleData name="X">-55.21741298000</SimpleData>
            <SimpleData name="Y">-24.26143732000</SimpleData>
            <SimpleData name="cedula">5973641</SimpleData>
            <SimpleData name="Cédula_1">5973641.00000000000</SimpleData>
            <SimpleData name="Estado_d_1">Activo</SimpleData>
            <SimpleData name="OBJECTID_1">7068</SimpleData>
            <SimpleData name="Shape_Leng">409.18312615200</SimpleData>
            <SimpleData name="Shape_Area">10336.96686310000</SimpleData>
          </SchemaData>
        </ExtendedData>
        <Polygon>
          <outerBoundaryIs>
            <LinearRing>
              <coordinates>
                -55.2167520003365,-24.2616252003803,0
                -55.2175047000121,-24.2621130995963,0
                -55.218083699671,-24.2611812997038,0
                -55.2172863996397,-24.2608056002862,0
                -55.2167520003365,-24.2616252003803,0
              </coordinates>
            </LinearRing>
          </outerBoundaryIs>
        </Polygon>
      </Placemark>
      <Placemark id="Lote_G.150">
        <ExtendedData>
          <SchemaData schemaUrl="#Lote_G.schema">
            <SimpleData name="Cédula">4008813.00000000000</SimpleData>
            <SimpleData name="Nombres_y_">MARIA BENITEZ SANABRIA</SimpleData>
            <SimpleData name="Sexo">Mujer</SimpleData>
            <SimpleData name="Cambio_de_">NO</SimpleData>
            <SimpleData name="Titular_se">NO</SimpleData>
            <SimpleData name="ci_UNIF">4008813.00000000000</SimpleData>
            <SimpleData name="Situación">NO</SimpleData>
            <SimpleData name="Comunidad">Ind?gena</SimpleData>
            <SimpleData name="Modelo_imp">Modelo 3</SimpleData>
            <SimpleData name="Departamen">CANINDEYU</SimpleData>
            <SimpleData name="Distrito">YBY PYTA</SimpleData>
            <SimpleData name="Localidad">COM INDIG SAN JUAN</SimpleData>
            <SimpleData name="Teléfono">0982749523</SimpleData>
            <SimpleData name="Vivienda_L">-24.23551980000</SimpleData>
            <SimpleData name="Vivienda_1">-55.19680590000</SimpleData>
            <SimpleData name="Superficie">1.00000000000</SimpleData>
            <SimpleData name="Situaci_1">Pol?gono</SimpleData>
            <SimpleData name="Plantado">SI</SimpleData>
            <SimpleData name="Fecha_Plan">2025/10/22</SimpleData>
            <SimpleData name="Jornales">0.00000000000</SimpleData>
            <SimpleData name="Monto">0.00000000000</SimpleData>
            <SimpleData name="Grupo_de_p">G-P1-XX-XX-XX</SimpleData>
            <SimpleData name="Estado_del">Activo</SimpleData>
            <SimpleData name="Empresa">Red Forestal Paraguay SA</SimpleData>
            <SimpleData name="Lote">G</SimpleData>
            <SimpleData name="Parametro">0.00000000000</SimpleData>
            <SimpleData name="Sup_SIG">1.02049596462</SimpleData>
            <SimpleData name="X">-55.18702242000</SimpleData>
            <SimpleData name="Y">-24.23869541000</SimpleData>
            <SimpleData name="cedula">4008813</SimpleData>
            <SimpleData name="Cédula_1">4008813.00000000000</SimpleData>
            <SimpleData name="Estado_d_1">Activo</SimpleData>
            <SimpleData name="OBJECTID_1">5311</SimpleData>
            <SimpleData name="Shape_Leng">406.18163416000</SimpleData>
            <SimpleData name="Shape_Area">10204.95964620000</SimpleData>
          </SchemaData>
        </ExtendedData>
        <Polygon>
          <outerBoundaryIs>
            <LinearRing>
              <coordinates>
                -55.1865891787892,-24.2391838033282,0
                -55.1866033000942,-24.2392549999611,0
                -55.1866054769703,-24.2392544615948,0
                -55.1875867002494,-24.2390117000665,0
                -55.1874467005533,-24.2381149993963,0
                -55.1864367001206,-24.2384149997167,0
                -55.1865891787892,-24.2391838033282,0
              </coordinates>
            </LinearRing>
          </outerBoundaryIs>
        </Polygon>
      </Placemark>
      <Placemark id="Lote_G.151">
        <ExtendedData>
          <SchemaData schemaUrl="#Lote_G.schema">
            <SimpleData name="Cédula">6963244.00000000000</SimpleData>
            <SimpleData name="Nombres_y_">BRIGILDA SOSA CHAPARRO</SimpleData>
            <SimpleData name="Sexo">Mujer</SimpleData>
            <SimpleData name="Cambio_de_">NO</SimpleData>
            <SimpleData name="Titular_se">NO</SimpleData>
            <SimpleData name="ci_UNIF">6963244.00000000000</SimpleData>
            <SimpleData name="Situación">NO</SimpleData>
            <SimpleData name="Comunidad">Campesina</SimpleData>
            <SimpleData name="Modelo_imp">Modelo 5</SimpleData>
            <SimpleData name="Departamen">CANINDEYU</SimpleData>
            <SimpleData name="Distrito">YBY PYTA</SimpleData>
            <SimpleData name="Localidad">GUYRA KEHA</SimpleData>
            <SimpleData name="Teléfono">0986931361</SimpleData>
            <SimpleData name="Vivienda_L">-24.24068670000</SimpleData>
            <SimpleData name="Vivienda_1">-55.29923860000</SimpleData>
            <SimpleData name="Superficie">0.70000000000</SimpleData>
            <SimpleData name="Situaci_1">Pol?gono</SimpleData>
            <SimpleData name="Plantado">SI</SimpleData>
            <SimpleData name="Fecha_Plan">2025/10/29</SimpleData>
            <SimpleData name="Jornales">0.00000000000</SimpleData>
            <SimpleData name="Monto">0.00000000000</SimpleData>
            <SimpleData name="Grupo_de_p">G-P1-XX-XX-XX</SimpleData>
            <SimpleData name="Estado_del">Activo</SimpleData>
            <SimpleData name="Empresa">Red Forestal Paraguay SA</SimpleData>
            <SimpleData name="Lote">G</SimpleData>
            <SimpleData name="Parametro">0.00000000000</SimpleData>
            <SimpleData name="Sup_SIG">0.77305054798</SimpleData>
            <SimpleData name="X">-55.29829576000</SimpleData>
            <SimpleData name="Y">-24.24071141000</SimpleData>
            <SimpleData name="cedula">6963244</SimpleData>
            <SimpleData name="Cédula_1">6963244.00000000000</SimpleData>
            <SimpleData name="Estado_d_1">Activo</SimpleData>
            <SimpleData name="OBJECTID_1">7089</SimpleData>
            <SimpleData name="Shape_Leng">369.20931039400</SimpleData>
            <SimpleData name="Shape_Area">7730.50547978000</SimpleData>
          </SchemaData>
        </ExtendedData>
        <Polygon>
          <outerBoundaryIs>
            <LinearRing>
              <coordinates>
                -55.2978587001482,-24.2412286001405,0
                -55.29847170014,-24.2412567002573,0
                -55.2987669998048,-24.2402207996472,0
                -55.2980767004722,-24.2401816999547,0
                -55.2978587001482,-24.2412286001405,0
              </coordinates>
            </LinearRing>
          </outerBoundaryIs>
        </Polygon>
      </Placemark>
      <Placemark id="Lote_G.152">
        <ExtendedData>
          <SchemaData schemaUrl="#Lote_G.schema">
            <SimpleData name="Cédula">7202847.00000000000</SimpleData>
            <SimpleData name="Nombres_y_">CATORINA GOMEZ</SimpleData>
            <SimpleData name="Sexo">Mujer</SimpleData>
            <SimpleData name="Cambio_de_">NO</SimpleData>
            <SimpleData name="Titular_se">NO</SimpleData>
            <SimpleData name="ci_UNIF">7202847.00000000000</SimpleData>
            <SimpleData name="Situación">NO</SimpleData>
            <SimpleData name="Comunidad">Ind?gena</SimpleData>
            <SimpleData name="Modelo_imp">Modelo 4</SimpleData>
            <SimpleData name="Departamen">CANINDEYU</SimpleData>
            <SimpleData name="Distrito">YASY CA?Y</SimpleData>
            <SimpleData name="Localidad">COM INDIG JASY POTY</SimpleData>
            <SimpleData name="Teléfono">0982930541</SimpleData>
            <SimpleData name="Vivienda_L">-24.53769720000</SimpleData>
            <SimpleData name="Vivienda_1">-55.96030970000</SimpleData>
            <SimpleData name="Superficie">0.70000000000</SimpleData>
            <SimpleData name="Situaci_1">Pol?gono</SimpleData>
            <SimpleData name="Plantado">SI</SimpleData>
            <SimpleData name="Fecha_Plan">2025/10/30</SimpleData>
            <SimpleData name="Jornales">0.00000000000</SimpleData>
            <SimpleData name="Monto">0.00000000000</SimpleData>
            <SimpleData name="Grupo_de_p">G-P1-XX-XX-XX</SimpleData>
            <SimpleData name="Estado_del">Activo</SimpleData>
            <SimpleData name="Empresa">Red Forestal Paraguay SA</SimpleData>
            <SimpleData name="Lote">G</SimpleData>
            <SimpleData name="Parametro">0.00000000000</SimpleData>
            <SimpleData name="Sup_SIG">0.70066203380</SimpleData>
            <SimpleData name="X">-55.96966622000</SimpleData>
            <SimpleData name="Y">-24.54003385000</SimpleData>
            <SimpleData name="cedula">7202847</SimpleData>
            <SimpleData name="Cédula_1">7202847.00000000000</SimpleData>
            <SimpleData name="Estado_d_1">Activo</SimpleData>
            <SimpleData name="OBJECTID_1">6999</SimpleData>
            <SimpleData name="Shape_Leng">338.16207591400</SimpleData>
            <SimpleData name="Shape_Area">7006.62033796000</SimpleData>
          </SchemaData>
        </ExtendedData>
        <Polygon>
          <outerBoundaryIs>
            <LinearRing>
              <coordinates>
                -55.9698999664752,-24.5405439219112,0
                -55.9699149999617,-24.5405482997342,0
                -55.9699790541921,-24.5402726719911,0
                -55.9701133007558,-24.5396950001929,0
                -55.9694680000135,-24.5395190998168,0
                -55.9691767008774,-24.540333300129,0
                -55.9698999664752,-24.5405439219112,0
              </coordinates>
            </LinearRing>
          </outerBoundaryIs>
        </Polygon>
      </Placemark>
      <Placemark id="Lote_G.153">
        <ExtendedData>
          <SchemaData schemaUrl="#Lote_G.schema">
            <SimpleData name="Cédula">7207389.00000000000</SimpleData>
            <SimpleData name="Nombres_y_">FACUNDO BENITEZ VILLALBA</SimpleData>
            <SimpleData name="Sexo">Hombre</SimpleData>
            <SimpleData name="Cambio_de_">NO</SimpleData>
            <SimpleData name="Titular_se">NO</SimpleData>
            <SimpleData name="ci_UNIF">7207389.00000000000</SimpleData>
            <SimpleData name="Situación">NO</SimpleData>
            <SimpleData name="Comunidad">Ind?gena</SimpleData>
            <SimpleData name="Modelo_imp">Modelo 5</SimpleData>
            <SimpleData name="Departamen">CANINDEYU</SimpleData>
            <SimpleData name="Distrito">YASY CA?Y</SimpleData>
            <SimpleData name="Localidad">COM INDIG  TAKUA MIRI</SimpleData>
            <SimpleData name="Teléfono">ND</SimpleData>
            <SimpleData name="Vivienda_L">-24.40681930000</SimpleData>
            <SimpleData name="Vivienda_1">-56.01338510000</SimpleData>
            <SimpleData name="Superficie">0.70000000000</SimpleData>
            <SimpleData name="Situaci_1">Pol?gono</SimpleData>
            <SimpleData name="Plantado">SI</SimpleData>
            <SimpleData name="Fecha_Plan">2025/10/15</SimpleData>
            <SimpleData name="Jornales">0.00000000000</SimpleData>
            <SimpleData name="Monto">0.00000000000</SimpleData>
            <SimpleData name="Grupo_de_p">G-P1-XX-XX-XX</SimpleData>
            <SimpleData name="Estado_del">Activo</SimpleData>
            <SimpleData name="Empresa">Red Forestal Paraguay SA</SimpleData>
            <SimpleData name="Lote">G</SimpleData>
            <SimpleData name="Parametro">0.00000000000</SimpleData>
            <SimpleData name="Sup_SIG">0.71401626282</SimpleData>
            <SimpleData name="X">-56.02082241000</SimpleData>
            <SimpleData name="Y">-24.41015322000</SimpleData>
            <SimpleData name="cedula">7207389</SimpleData>
            <SimpleData name="Cédula_1">7207389.00000000000</SimpleData>
            <SimpleData name="Estado_d_1">Activo</SimpleData>
            <SimpleData name="OBJECTID_1">7019</SimpleData>
            <SimpleData name="Shape_Leng">351.98804456000</SimpleData>
            <SimpleData name="Shape_Area">7140.16262821000</SimpleData>
          </SchemaData>
        </ExtendedData>
        <Polygon>
          <outerBoundaryIs>
            <LinearRing>
              <coordinates>
                -56.0202787988745,-24.4102085848023,0
                -56.0203582499159,-24.4102539393073,0
                -56.0211836998713,-24.4107075999931,0
                -56.0212937739945,-24.4103245956464,0
                -56.0213546997818,-24.4101126001322,0
                -56.0213490850243,-24.4101091636915,0
                -56.0204975999711,-24.4095880000121,0
                -56.0202787988745,-24.4102085848023,0
              </coordinates>
            </LinearRing>
          </outerBoundaryIs>
        </Polygon>
      </Placemark>
      <Placemark id="Lote_G.154">
        <ExtendedData>
          <SchemaData schemaUrl="#Lote_G.schema">
            <SimpleData name="Cédula">7253992.00000000000</SimpleData>
            <SimpleData name="Nombres_y_">ANTONIO GONZALEZ CENTURION</SimpleData>
            <SimpleData name="Sexo">Hombre</SimpleData>
            <SimpleData name="Cambio_de_">NO</SimpleData>
            <SimpleData name="Titular_se">NO</SimpleData>
            <SimpleData name="ci_UNIF">7253992.00000000000</SimpleData>
            <SimpleData name="Situación">NO</SimpleData>
            <SimpleData name="Comunidad">Ind?gena</SimpleData>
            <SimpleData name="Modelo_imp">Modelo 1</SimpleData>
            <SimpleData name="Departamen">CANINDEYU</SimpleData>
            <SimpleData name="Distrito">YASY CA?Y</SimpleData>
            <SimpleData name="Localidad"><![CDATA[COM INDIG VY'ARENDA]]></SimpleData>
            <SimpleData name="Teléfono">0985175239</SimpleData>
            <SimpleData name="Vivienda_L">-24.54739710000</SimpleData>
            <SimpleData name="Vivienda_1">-55.76700260000</SimpleData>
            <SimpleData name="Superficie">0.80000000000</SimpleData>
            <SimpleData name="Situaci_1">Pol?gono</SimpleData>
            <SimpleData name="Plantado">SI</SimpleData>
            <SimpleData name="Fecha_Plan">2025/10/25</SimpleData>
            <SimpleData name="Jornales">0.00000000000</SimpleData>
            <SimpleData name="Monto">0.00000000000</SimpleData>
            <SimpleData name="Grupo_de_p">G-P1-XX-XX-XX</SimpleData>
            <SimpleData name="Estado_del">Activo</SimpleData>
            <SimpleData name="Empresa">Red Forestal Paraguay SA</SimpleData>
            <SimpleData name="Lote">G</SimpleData>
            <SimpleData name="Parametro">0.00000000000</SimpleData>
            <SimpleData name="Sup_SIG">0.82923520980</SimpleData>
            <SimpleData name="X">-55.75290527000</SimpleData>
            <SimpleData name="Y">-24.54992351000</SimpleData>
            <SimpleData name="cedula">7253992</SimpleData>
            <SimpleData name="Cédula_1">7253992.00000000000</SimpleData>
            <SimpleData name="Estado_d_1">Activo</SimpleData>
            <SimpleData name="OBJECTID_1">7029</SimpleData>
            <SimpleData name="Shape_Leng">433.54508476800</SimpleData>
            <SimpleData name="Shape_Area">8292.35209796000</SimpleData>
          </SchemaData>
        </ExtendedData>
        <Polygon>
          <outerBoundaryIs>
            <LinearRing>
              <coordinates>
                -55.7521500006247,-24.5498583003891,0
                -55.7522457997096,-24.55036909961,0
                -55.7538476998356,-24.5499009008193,0
                -55.7535390999884,-24.5497050004788,0
                -55.7535181002836,-24.5494942997496,0
                -55.7521500006247,-24.5498583003891,0
              </coordinates>
            </LinearRing>
          </outerBoundaryIs>
        </Polygon>
      </Placemark>
      <Placemark id="Lote_G.155">
        <ExtendedData>
          <SchemaData schemaUrl="#Lote_G.schema">
            <SimpleData name="Cédula">5696641.00000000000</SimpleData>
            <SimpleData name="Nombres_y_">ANDREA NATALIA VERA ALVAREZ</SimpleData>
            <SimpleData name="Sexo">Mujer</SimpleData>
            <SimpleData name="Cambio_de_">NO</SimpleData>
            <SimpleData name="Titular_se">NO</SimpleData>
            <SimpleData name="ci_UNIF">5696641.00000000000</SimpleData>
            <SimpleData name="Situación">NO</SimpleData>
            <SimpleData name="Comunidad">Campesina</SimpleData>
            <SimpleData name="Modelo_imp">Modelo 5</SimpleData>
            <SimpleData name="Departamen">CANINDEYU</SimpleData>
            <SimpleData name="Distrito">YASY CA?Y</SimpleData>
            <SimpleData name="Localidad">YASY KA?Y</SimpleData>
            <SimpleData name="Teléfono">0991572567</SimpleData>
            <SimpleData name="Vivienda_L">-24.52263550000</SimpleData>
            <SimpleData name="Vivienda_1">-55.86964890000</SimpleData>
            <SimpleData name="Superficie">0.70000000000</SimpleData>
            <SimpleData name="Situaci_1">Pol?gono</SimpleData>
            <SimpleData name="Plantado">SI</SimpleData>
            <SimpleData name="Fecha_Plan">2025/10/02</SimpleData>
            <SimpleData name="Jornales">0.00000000000</SimpleData>
            <SimpleData name="Monto">0.00000000000</SimpleData>
            <SimpleData name="Grupo_de_p">G-P1-XX-XX-XX</SimpleData>
            <SimpleData name="Estado_del">Activo</SimpleData>
            <SimpleData name="Empresa">Red Forestal Paraguay SA</SimpleData>
            <SimpleData name="Lote">G</SimpleData>
            <SimpleData name="Parametro">0.00000000000</SimpleData>
            <SimpleData name="Sup_SIG">0.78473658816</SimpleData>
            <SimpleData name="X">-55.86920187000</SimpleData>
            <SimpleData name="Y">-24.52723709000</SimpleData>
            <SimpleData name="cedula">5696641</SimpleData>
            <SimpleData name="Cédula_1">5696641.00000000000</SimpleData>
            <SimpleData name="Estado_d_1">Activo</SimpleData>
            <SimpleData name="OBJECTID_1">6904</SimpleData>
            <SimpleData name="Shape_Leng">431.41548955000</SimpleData>
            <SimpleData name="Shape_Area">7847.36588157000</SimpleData>
          </SchemaData>
        </ExtendedData>
        <Polygon>
          <outerBoundaryIs>
            <LinearRing>
              <coordinates>
                -55.8689220998414,-24.527956699464,0
                -55.869406699569,-24.5280117005417,0
                -55.8694532998107,-24.5264649992943,0
                -55.8690250006995,-24.526449999519,0
                -55.8689220998414,-24.527956699464,0
              </coordinates>
            </LinearRing>
          </outerBoundaryIs>
        </Polygon>
      </Placemark>
      <Placemark id="Lote_G.156">
        <ExtendedData>
          <SchemaData schemaUrl="#Lote_G.schema">
            <SimpleData name="Cédula">1484681.00000000000</SimpleData>
            <SimpleData name="Nombres_y_">CLARA GUIMARAE DE VERA</SimpleData>
            <SimpleData name="Sexo">Mujer</SimpleData>
            <SimpleData name="Cambio_de_">NO</SimpleData>
            <SimpleData name="Titular_se">NO</SimpleData>
            <SimpleData name="ci_UNIF">1484681.00000000000</SimpleData>
            <SimpleData name="Situación">NO</SimpleData>
            <SimpleData name="Comunidad">Ind?gena</SimpleData>
            <SimpleData name="Modelo_imp">Modelo 4</SimpleData>
            <SimpleData name="Departamen">CANINDEYU</SimpleData>
            <SimpleData name="Distrito">YASY CA?Y</SimpleData>
            <SimpleData name="Localidad">COM INDIG JASY POTY</SimpleData>
            <SimpleData name="Teléfono">0984468725</SimpleData>
            <SimpleData name="Vivienda_L">-24.53776910000</SimpleData>
            <SimpleData name="Vivienda_1">-55.96097240000</SimpleData>
            <SimpleData name="Superficie">0.70000000000</SimpleData>
            <SimpleData name="Situaci_1">Pol?gono</SimpleData>
            <SimpleData name="Plantado">SI</SimpleData>
            <SimpleData name="Fecha_Plan">2025/10/30</SimpleData>
            <SimpleData name="Jornales">0.00000000000</SimpleData>
            <SimpleData name="Monto">0.00000000000</SimpleData>
            <SimpleData name="Grupo_de_p">G-P1-XX-XX-XX</SimpleData>
            <SimpleData name="Estado_del">Activo</SimpleData>
            <SimpleData name="Empresa">Red Forestal Paraguay SA</SimpleData>
            <SimpleData name="Lote">G</SimpleData>
            <SimpleData name="Parametro">0.00000000000</SimpleData>
            <SimpleData name="Sup_SIG">0.69699828361</SimpleData>
            <SimpleData name="X">-55.96893933000</SimpleData>
            <SimpleData name="Y">-24.53978712000</SimpleData>
            <SimpleData name="cedula">1484681</SimpleData>
            <SimpleData name="Cédula_1">1484681.00000000000</SimpleData>
            <SimpleData name="Estado_d_1">Activo</SimpleData>
            <SimpleData name="OBJECTID_1">7008</SimpleData>
            <SimpleData name="Shape_Leng">339.52347663000</SimpleData>
            <SimpleData name="Shape_Area">6969.98283609000</SimpleData>
          </SchemaData>
        </ExtendedData>
        <Polygon>
          <outerBoundaryIs>
            <LinearRing>
              <coordinates>
                -55.9684749995021,-24.5401417001851,0
                -55.9691032998814,-24.5403066996666,0
                -55.9694350997231,-24.5394421999526,0
                -55.9687267006629,-24.5392866999099,0
                -55.9684749995021,-24.5401417001851,0
              </coordinates>
            </LinearRing>
          </outerBoundaryIs>
        </Polygon>
      </Placemark>
      <Placemark id="Lote_G.157">
        <ExtendedData>
          <SchemaData schemaUrl="#Lote_G.schema">
            <SimpleData name="Cédula">5470964.00000000000</SimpleData>
            <SimpleData name="Nombres_y_">URSULINA BENITEZ NOCEDA</SimpleData>
            <SimpleData name="Sexo">Mujer</SimpleData>
            <SimpleData name="Cambio_de_">NO</SimpleData>
            <SimpleData name="Titular_se">NO</SimpleData>
            <SimpleData name="ci_UNIF">5470964.00000000000</SimpleData>
            <SimpleData name="Situación">NO</SimpleData>
            <SimpleData name="Comunidad">Ind?gena</SimpleData>
            <SimpleData name="Modelo_imp">Modelo 2</SimpleData>
            <SimpleData name="Departamen">CANINDEYU</SimpleData>
            <SimpleData name="Distrito">YBY PYTA</SimpleData>
            <SimpleData name="Localidad">COM INDIG TEKOHA POTY PYAHU</SimpleData>
            <SimpleData name="Teléfono">0981837784</SimpleData>
            <SimpleData name="Vivienda_L">-24.27533570000</SimpleData>
            <SimpleData name="Vivienda_1">-55.22890130000</SimpleData>
            <SimpleData name="Superficie">0.80000000000</SimpleData>
            <SimpleData name="Situaci_1">Pol?gono</SimpleData>
            <SimpleData name="Plantado">SI</SimpleData>
            <SimpleData name="Fecha_Plan">2025/11/03</SimpleData>
            <SimpleData name="Jornales">0.00000000000</SimpleData>
            <SimpleData name="Monto">0.00000000000</SimpleData>
            <SimpleData name="Grupo_de_p">G-P1-XX-XX-XX</SimpleData>
            <SimpleData name="Estado_del">Activo</SimpleData>
            <SimpleData name="Empresa">Red Forestal Paraguay SA</SimpleData>
            <SimpleData name="Lote">G</SimpleData>
            <SimpleData name="Parametro">0.00000000000</SimpleData>
            <SimpleData name="Sup_SIG">0.81830254355</SimpleData>
            <SimpleData name="X">-55.20481497000</SimpleData>
            <SimpleData name="Y">-24.25175129000</SimpleData>
            <SimpleData name="cedula">5470964</SimpleData>
            <SimpleData name="Cédula_1">5470964.00000000000</SimpleData>
            <SimpleData name="Estado_d_1">Activo</SimpleData>
            <SimpleData name="OBJECTID_1">5306</SimpleData>
            <SimpleData name="Shape_Leng">415.32903084800</SimpleData>
            <SimpleData name="Shape_Area">8183.02543548000</SimpleData>
          </SchemaData>
        </ExtendedData>
        <Polygon>
          <outerBoundaryIs>
            <LinearRing>
              <coordinates>
                -55.2050002979646,-24.2514370350583,0
                -55.2043322137519,-24.2516220766622,0
                -55.2041349997879,-24.2516766996404,0
                -55.2040583561322,-24.2522013130923,0
                -55.204058299479,-24.2522017006717,0
                -55.2046959531719,-24.2520292985304,0
                -55.2056245590599,-24.2517782318883,0
                -55.2056106197406,-24.2517424289234,0
                -55.2055440096877,-24.251571332848,0
                -55.2054166994618,-24.251321700186,0
                -55.2050002979646,-24.2514370350583,0
              </coordinates>
            </LinearRing>
          </outerBoundaryIs>
        </Polygon>
      </Placemark>
      <Placemark id="Lote_G.158">
        <ExtendedData>
          <SchemaData schemaUrl="#Lote_G.schema">
            <SimpleData name="Cédula">4559065.00000000000</SimpleData>
            <SimpleData name="Nombres_y_">LORENA CONCEPCION AGUILAR</SimpleData>
            <SimpleData name="Sexo">Mujer</SimpleData>
            <SimpleData name="Cambio_de_">NO</SimpleData>
            <SimpleData name="Titular_se">NO</SimpleData>
            <SimpleData name="ci_UNIF">4559065.00000000000</SimpleData>
            <SimpleData name="Situación">NO</SimpleData>
            <SimpleData name="Comunidad">Campesina</SimpleData>
            <SimpleData name="Modelo_imp">Modelo 5</SimpleData>
            <SimpleData name="Departamen">CANINDEYU</SimpleData>
            <SimpleData name="Distrito">YASY CA?Y</SimpleData>
            <SimpleData name="Localidad">MANDUARA 3RA LINEA</SimpleData>
            <SimpleData name="Teléfono">0984162622</SimpleData>
            <SimpleData name="Vivienda_L">-24.46240530000</SimpleData>
            <SimpleData name="Vivienda_1">-55.95599190000</SimpleData>
            <SimpleData name="Superficie">0.70000000000</SimpleData>
            <SimpleData name="Situaci_1">Par?metro</SimpleData>
            <SimpleData name="Plantado">SI</SimpleData>
            <SimpleData name="Fecha_Plan">2025/12/16</SimpleData>
            <SimpleData name="Jornales">0.00000000000</SimpleData>
            <SimpleData name="Monto">0.00000000000</SimpleData>
            <SimpleData name="Grupo_de_p">G-P3-XX-XX-XX</SimpleData>
            <SimpleData name="Estado_del">Activo</SimpleData>
            <SimpleData name="Empresa">Red Forestal Paraguay SA</SimpleData>
            <SimpleData name="Lote">G</SimpleData>
            <SimpleData name="Parametro">0.00000000000</SimpleData>
            <SimpleData name="Sup_SIG">0.74589087819</SimpleData>
            <SimpleData name="X">-55.95698487000</SimpleData>
            <SimpleData name="Y">-24.46271584000</SimpleData>
            <SimpleData name="cedula">4559065</SimpleData>
            <SimpleData name="Cédula_1">4559065.00000000000</SimpleData>
            <SimpleData name="Estado_d_1">Activo</SimpleData>
            <SimpleData name="OBJECTID_1">8579</SimpleData>
            <SimpleData name="Shape_Leng">346.05145915300</SimpleData>
            <SimpleData name="Shape_Area">7458.90878185000</SimpleData>
          </SchemaData>
        </ExtendedData>
        <Polygon>
          <outerBoundaryIs>
            <LinearRing>
              <coordinates>
                -55.9563666997463,-24.4627949999239,0
                -55.9570452991974,-24.4632395997752,0
                -55.9576110992721,-24.462648299767,0
                -55.9569106994634,-24.4621874005146,0
                -55.9563666997463,-24.4627949999239,0
              </coordinates>
            </LinearRing>
          </outerBoundaryIs>
        </Polygon>
      </Placemark>
      <Placemark id="Lote_G.159">
        <ExtendedData>
          <SchemaData schemaUrl="#Lote_G.schema">
            <SimpleData name="Cédula">6762250.00000000000</SimpleData>
            <SimpleData name="Nombres_y_">JAVIER BENITEZ MONTANIA</SimpleData>
            <SimpleData name="Sexo">Hombre</SimpleData>
            <SimpleData name="Cambio_de_">NO</SimpleData>
            <SimpleData name="Titular_se">NO</SimpleData>
            <SimpleData name="ci_UNIF">6762250.00000000000</SimpleData>
            <SimpleData name="Situación">NO</SimpleData>
            <SimpleData name="Comunidad">Ind?gena</SimpleData>
            <SimpleData name="Modelo_imp">Modelo 1</SimpleData>
            <SimpleData name="Departamen">CANINDEYU</SimpleData>
            <SimpleData name="Distrito">YASY CA?Y</SimpleData>
            <SimpleData name="Localidad"><![CDATA[COM INDIG KO'E RORY]]></SimpleData>
            <SimpleData name="Teléfono">0982977703</SimpleData>
            <SimpleData name="Vivienda_L">-24.48922830000</SimpleData>
            <SimpleData name="Vivienda_1">-55.95011330000</SimpleData>
            <SimpleData name="Superficie">0.80000000000</SimpleData>
            <SimpleData name="Situaci_1">Par?metro</SimpleData>
            <SimpleData name="Plantado">SI</SimpleData>
            <SimpleData name="Fecha_Plan">2026/01/14</SimpleData>
            <SimpleData name="Jornales">0.00000000000</SimpleData>
            <SimpleData name="Monto">0.00000000000</SimpleData>
            <SimpleData name="Grupo_de_p">G-P3-XX-XX-XX</SimpleData>
            <SimpleData name="Estado_del">Activo</SimpleData>
            <SimpleData name="Empresa">Red Forestal Paraguay SA</SimpleData>
            <SimpleData name="Lote">G</SimpleData>
            <SimpleData name="Parametro">0.00000000000</SimpleData>
            <SimpleData name="Sup_SIG">0.82516478643</SimpleData>
            <SimpleData name="X">-55.95032783000</SimpleData>
            <SimpleData name="Y">-24.49033369000</SimpleData>
            <SimpleData name="cedula">6762250</SimpleData>
            <SimpleData name="Cédula_1">6762250.00000000000</SimpleData>
            <SimpleData name="Estado_d_1">Activo</SimpleData>
            <SimpleData name="OBJECTID_1">8493</SimpleData>
            <SimpleData name="Shape_Leng">395.51829478000</SimpleData>
            <SimpleData name="Shape_Area">8251.64786428000</SimpleData>
          </SchemaData>
        </ExtendedData>
        <Polygon>
          <outerBoundaryIs>
            <LinearRing>
              <coordinates>
                -55.9501182997704,-24.4908801001988,0
                -55.9505722991803,-24.4909562997001,0
                -55.950829999394,-24.4900466997246,0
                -55.9499121998295,-24.4897731004713,0
                -55.9497638999323,-24.4901764000481,0
                -55.9500366991786,-24.4902416996885,0
                -55.9501182997704,-24.4908801001988,0
              </coordinates>
            </LinearRing>
          </outerBoundaryIs>
        </Polygon>
      </Placemark>
      <Placemark id="Lote_G.160">
        <ExtendedData>
          <SchemaData schemaUrl="#Lote_G.schema">
            <SimpleData name="Cédula">5482717.00000000000</SimpleData>
            <SimpleData name="Nombres_y_">ZUNILDA GONZALEZ MONTIEL</SimpleData>
            <SimpleData name="Sexo">Mujer</SimpleData>
            <SimpleData name="Cambio_de_">NO</SimpleData>
            <SimpleData name="Titular_se">NO</SimpleData>
            <SimpleData name="ci_UNIF">5482717.00000000000</SimpleData>
            <SimpleData name="Situación">NO</SimpleData>
            <SimpleData name="Comunidad">Ind?gena</SimpleData>
            <SimpleData name="Modelo_imp">Modelo 1</SimpleData>
            <SimpleData name="Departamen">CANINDEYU</SimpleData>
            <SimpleData name="Distrito">YASY CA?Y</SimpleData>
            <SimpleData name="Localidad">COM INDIG YVA VIJU</SimpleData>
            <SimpleData name="Teléfono">0975760437</SimpleData>
            <SimpleData name="Vivienda_L">-24.40225760000</SimpleData>
            <SimpleData name="Vivienda_1">-56.00327260000</SimpleData>
            <SimpleData name="Superficie">0.80000000000</SimpleData>
            <SimpleData name="Situaci_1">Par?metro</SimpleData>
            <SimpleData name="Plantado">SI</SimpleData>
            <SimpleData name="Fecha_Plan">2025/12/16</SimpleData>
            <SimpleData name="Jornales">0.00000000000</SimpleData>
            <SimpleData name="Monto">0.00000000000</SimpleData>
            <SimpleData name="Grupo_de_p">G-P3-XX-XX-XX</SimpleData>
            <SimpleData name="Estado_del">Activo</SimpleData>
            <SimpleData name="Empresa">Red Forestal Paraguay SA</SimpleData>
            <SimpleData name="Lote">G</SimpleData>
            <SimpleData name="Parametro">0.00000000000</SimpleData>
            <SimpleData name="Sup_SIG">0.97278565193</SimpleData>
            <SimpleData name="X">-56.00348600000</SimpleData>
            <SimpleData name="Y">-24.40106827000</SimpleData>
            <SimpleData name="cedula">5482717</SimpleData>
            <SimpleData name="Cédula_1">5482717.00000000000</SimpleData>
            <SimpleData name="Estado_d_1">Activo</SimpleData>
            <SimpleData name="OBJECTID_1">8671</SimpleData>
            <SimpleData name="Shape_Leng">472.27057467300</SimpleData>
            <SimpleData name="Shape_Area">9727.85651925000</SimpleData>
          </SchemaData>
        </ExtendedData>
        <Polygon>
          <outerBoundaryIs>
            <LinearRing>
              <coordinates>
                -56.0028970990481,-24.4004553999424,0
                -56.0036080995665,-24.4019599996403,0
                -56.0040729996455,-24.4014797996745,0
                -56.0037635999803,-24.4009085996851,0
                -56.003661999532,-24.4009181000475,0
                -56.0033103992133,-24.4001938998384,0
                -56.0028970990481,-24.4004553999424,0
              </coordinates>
            </LinearRing>
          </outerBoundaryIs>
        </Polygon>
      </Placemark>
      <Placemark id="Lote_G.161">
        <ExtendedData>
          <SchemaData schemaUrl="#Lote_G.schema">
            <SimpleData name="Cédula">5124702.00000000000</SimpleData>
            <SimpleData name="Nombres_y_">PEDRO VERA BENITEZ</SimpleData>
            <SimpleData name="Sexo">Hombre</SimpleData>
            <SimpleData name="Cambio_de_">NO</SimpleData>
            <SimpleData name="Titular_se">NO</SimpleData>
            <SimpleData name="ci_UNIF">5124702.00000000000</SimpleData>
            <SimpleData name="Situación">NO</SimpleData>
            <SimpleData name="Comunidad">Ind?gena</SimpleData>
            <SimpleData name="Modelo_imp">Modelo 2</SimpleData>
            <SimpleData name="Departamen">CANINDEYU</SimpleData>
            <SimpleData name="Distrito">YASY CA?Y</SimpleData>
            <SimpleData name="Localidad">COM INDIG KANINDE</SimpleData>
            <SimpleData name="Teléfono">ND</SimpleData>
            <SimpleData name="Vivienda_L">-24.40987070000</SimpleData>
            <SimpleData name="Vivienda_1">-55.99608200000</SimpleData>
            <SimpleData name="Superficie">0.80000000000</SimpleData>
            <SimpleData name="Situaci_1">Par?metro</SimpleData>
            <SimpleData name="Plantado">SI</SimpleData>
            <SimpleData name="Fecha_Plan">2025/12/16</SimpleData>
            <SimpleData name="Jornales">0.00000000000</SimpleData>
            <SimpleData name="Monto">0.00000000000</SimpleData>
            <SimpleData name="Grupo_de_p">G-P3-XX-XX-XX</SimpleData>
            <SimpleData name="Estado_del">Activo</SimpleData>
            <SimpleData name="Empresa">Red Forestal Paraguay SA</SimpleData>
            <SimpleData name="Lote">G</SimpleData>
            <SimpleData name="Parametro">0.00000000000</SimpleData>
            <SimpleData name="Sup_SIG">0.82059254140</SimpleData>
            <SimpleData name="X">-55.99778075000</SimpleData>
            <SimpleData name="Y">-24.40537874000</SimpleData>
            <SimpleData name="cedula">5124702</SimpleData>
            <SimpleData name="Cédula_1">5124702.00000000000</SimpleData>
            <SimpleData name="Estado_d_1">Activo</SimpleData>
            <SimpleData name="OBJECTID_1">8674</SimpleData>
            <SimpleData name="Shape_Leng">373.47417089000</SimpleData>
            <SimpleData name="Shape_Area">8205.92541404000</SimpleData>
          </SchemaData>
        </ExtendedData>
        <Polygon>
          <outerBoundaryIs>
            <LinearRing>
              <coordinates>
                -55.9971916992106,-24.4053067002187,0
                -55.9977026991464,-24.40595739995,0
                -55.9982330997583,-24.4057427996874,0
                -55.9980433993752,-24.4047668998743,0
                -55.9974516996685,-24.4049983002871,0
                -55.997471599322,-24.4051635004843,0
                -55.9971916992106,-24.4053067002187,0
              </coordinates>
            </LinearRing>
          </outerBoundaryIs>
        </Polygon>
      </Placemark>
      <Placemark id="Lote_G.162">
        <ExtendedData>
          <SchemaData schemaUrl="#Lote_G.schema">
            <SimpleData name="Cédula">8472393.00000000000</SimpleData>
            <SimpleData name="Nombres_y_">CARLOS GARCETE ESPINOLA</SimpleData>
            <SimpleData name="Sexo">Hombre</SimpleData>
            <SimpleData name="Cambio_de_">NO</SimpleData>
            <SimpleData name="Titular_se">NO</SimpleData>
            <SimpleData name="ci_UNIF">8472393.00000000000</SimpleData>
            <SimpleData name="Situación">NO</SimpleData>
            <SimpleData name="Comunidad">Ind?gena</SimpleData>
            <SimpleData name="Modelo_imp">Modelo 2</SimpleData>
            <SimpleData name="Departamen">CANINDEYU</SimpleData>
            <SimpleData name="Distrito">YASY CA?Y</SimpleData>
            <SimpleData name="Localidad">COM INDIG KANINDE</SimpleData>
            <SimpleData name="Teléfono">ND</SimpleData>
            <SimpleData name="Vivienda_L">-24.40891620000</SimpleData>
            <SimpleData name="Vivienda_1">-55.99501650000</SimpleData>
            <SimpleData name="Superficie">0.80000000000</SimpleData>
            <SimpleData name="Situaci_1">Par?metro</SimpleData>
            <SimpleData name="Plantado">SI</SimpleData>
            <SimpleData name="Fecha_Plan">2025/12/16</SimpleData>
            <SimpleData name="Jornales">0.00000000000</SimpleData>
            <SimpleData name="Monto">0.00000000000</SimpleData>
            <SimpleData name="Grupo_de_p">G-P3-XX-XX-XX</SimpleData>
            <SimpleData name="Estado_del">Activo</SimpleData>
            <SimpleData name="Empresa">Red Forestal Paraguay SA</SimpleData>
            <SimpleData name="Lote">G</SimpleData>
            <SimpleData name="Parametro">0.00000000000</SimpleData>
            <SimpleData name="Sup_SIG">0.90823164059</SimpleData>
            <SimpleData name="X">-55.99254703000</SimpleData>
            <SimpleData name="Y">-24.40792520000</SimpleData>
            <SimpleData name="cedula">8472393</SimpleData>
            <SimpleData name="Cédula_1">8472393.00000000000</SimpleData>
            <SimpleData name="Estado_d_1">Activo</SimpleData>
            <SimpleData name="OBJECTID_1">8598</SimpleData>
            <SimpleData name="Shape_Leng">542.70550341000</SimpleData>
            <SimpleData name="Shape_Area">9082.31640588000</SimpleData>
          </SchemaData>
        </ExtendedData>
        <Polygon>
          <outerBoundaryIs>
            <LinearRing>
              <coordinates>
                -55.9914359991799,-24.4077180999208,0
                -55.9935258995192,-24.4084679998949,0
                -55.993742699529,-24.408200800302,0
                -55.9916072998148,-24.4073651998438,0
                -55.9914359991799,-24.4077180999208,0
              </coordinates>
            </LinearRing>
          </outerBoundaryIs>
        </Polygon>
      </Placemark>
      <Placemark id="Lote_G.163">
        <ExtendedData>
          <SchemaData schemaUrl="#Lote_G.schema">
            <SimpleData name="Cédula">6739461.00000000000</SimpleData>
            <SimpleData name="Nombres_y_">NIDIA LOPEZ JARA</SimpleData>
            <SimpleData name="Sexo">Mujer</SimpleData>
            <SimpleData name="Cambio_de_">NO</SimpleData>
            <SimpleData name="Titular_se">NO</SimpleData>
            <SimpleData name="ci_UNIF">6739461.00000000000</SimpleData>
            <SimpleData name="Situación">NO</SimpleData>
            <SimpleData name="Comunidad">Campesina</SimpleData>
            <SimpleData name="Modelo_imp">Modelo 5</SimpleData>
            <SimpleData name="Departamen">CANINDEYU</SimpleData>
            <SimpleData name="Distrito">YBY PYTA</SimpleData>
            <SimpleData name="Localidad">GUYRA KEHA</SimpleData>
            <SimpleData name="Teléfono">0982546340</SimpleData>
            <SimpleData name="Vivienda_L">-24.25124890000</SimpleData>
            <SimpleData name="Vivienda_1">-55.28860230000</SimpleData>
            <SimpleData name="Superficie">0.70000000000</SimpleData>
            <SimpleData name="Situaci_1">Par?metro</SimpleData>
            <SimpleData name="Plantado">SI</SimpleData>
            <SimpleData name="Fecha_Plan">2025/11/29</SimpleData>
            <SimpleData name="Jornales">0.00000000000</SimpleData>
            <SimpleData name="Monto">0.00000000000</SimpleData>
            <SimpleData name="Grupo_de_p">G-P3-XX-XX-XX</SimpleData>
            <SimpleData name="Estado_del">Activo</SimpleData>
            <SimpleData name="Empresa">Red Forestal Paraguay SA</SimpleData>
            <SimpleData name="Lote">G</SimpleData>
            <SimpleData name="Parametro">0.00000000000</SimpleData>
            <SimpleData name="Sup_SIG">0.73455312643</SimpleData>
            <SimpleData name="X">-55.28619566000</SimpleData>
            <SimpleData name="Y">-24.25135978000</SimpleData>
            <SimpleData name="cedula">6739461</SimpleData>
            <SimpleData name="Cédula_1">6739461.00000000000</SimpleData>
            <SimpleData name="Estado_d_1">Activo</SimpleData>
            <SimpleData name="OBJECTID_1">8686</SimpleData>
            <SimpleData name="Shape_Leng">402.20683798000</SimpleData>
            <SimpleData name="Shape_Area">7345.53126431000</SimpleData>
          </SchemaData>
        </ExtendedData>
        <Polygon>
          <outerBoundaryIs>
            <LinearRing>
              <coordinates>
                -55.2854499995107,-24.2515400000134,0
                -55.2869416996225,-24.2516150003661,0
                -55.2869682992665,-24.2511949996789,0
                -55.2854516998511,-24.251093300312,0
                -55.2854499995107,-24.2515400000134,0
              </coordinates>
            </LinearRing>
          </outerBoundaryIs>
        </Polygon>
      </Placemark>
      <Placemark id="Lote_G.164">
        <ExtendedData>
          <SchemaData schemaUrl="#Lote_G.schema">
            <SimpleData name="Cédula">6217576.00000000000</SimpleData>
            <SimpleData name="Nombres_y_">CIPRIANA BENITEZ MONTANIA</SimpleData>
            <SimpleData name="Sexo">Mujer</SimpleData>
            <SimpleData name="Cambio_de_">NO</SimpleData>
            <SimpleData name="Titular_se">NO</SimpleData>
            <SimpleData name="ci_UNIF">6217576.00000000000</SimpleData>
            <SimpleData name="Situación">NO</SimpleData>
            <SimpleData name="Comunidad">Ind?gena</SimpleData>
            <SimpleData name="Modelo_imp">Modelo 1</SimpleData>
            <SimpleData name="Departamen">CANINDEYU</SimpleData>
            <SimpleData name="Distrito">YASY CA?Y</SimpleData>
            <SimpleData name="Localidad">COM INDIG JOYVY</SimpleData>
            <SimpleData name="Teléfono">0982330875</SimpleData>
            <SimpleData name="Vivienda_L">-24.48953000000</SimpleData>
            <SimpleData name="Vivienda_1">-55.95002520000</SimpleData>
            <SimpleData name="Superficie">0.80000000000</SimpleData>
            <SimpleData name="Situaci_1">Par?metro</SimpleData>
            <SimpleData name="Plantado">SI</SimpleData>
            <SimpleData name="Fecha_Plan">2026/01/14</SimpleData>
            <SimpleData name="Jornales">0.00000000000</SimpleData>
            <SimpleData name="Monto">0.00000000000</SimpleData>
            <SimpleData name="Grupo_de_p">G-P3-XX-XX-XX</SimpleData>
            <SimpleData name="Estado_del">Activo</SimpleData>
            <SimpleData name="Empresa">Red Forestal Paraguay SA</SimpleData>
            <SimpleData name="Lote">G</SimpleData>
            <SimpleData name="Parametro">0.00000000000</SimpleData>
            <SimpleData name="Sup_SIG">0.89334485600</SimpleData>
            <SimpleData name="X">-55.95172488000</SimpleData>
            <SimpleData name="Y">-24.48998694000</SimpleData>
            <SimpleData name="cedula">6217576</SimpleData>
            <SimpleData name="Cédula_1">6217576.00000000000</SimpleData>
            <SimpleData name="Estado_d_1">Activo</SimpleData>
            <SimpleData name="OBJECTID_1">8491</SimpleData>
            <SimpleData name="Shape_Leng">440.19023599800</SimpleData>
            <SimpleData name="Shape_Area">8933.44856001000</SimpleData>
          </SchemaData>
        </ExtendedData>
        <Polygon>
          <outerBoundaryIs>
            <LinearRing>
              <coordinates>
                -55.9508535679744,-24.4899519064866,0
                -55.9523783994813,-24.4904681997427,0
                -55.9525822996779,-24.4899776002599,0
                -55.9509999991346,-24.489526700508,0
                -55.9508535679744,-24.4899519064866,0
              </coordinates>
            </LinearRing>
          </outerBoundaryIs>
        </Polygon>
      </Placemark>
      <Placemark id="Lote_G.165">
        <ExtendedData>
          <SchemaData schemaUrl="#Lote_G.schema">
            <SimpleData name="Cédula">3906115.00000000000</SimpleData>
            <SimpleData name="Nombres_y_">ANA CONCEPCION PRIETO VARGAS</SimpleData>
            <SimpleData name="Sexo">Mujer</SimpleData>
            <SimpleData name="Cambio_de_">NO</SimpleData>
            <SimpleData name="Titular_se">NO</SimpleData>
            <SimpleData name="ci_UNIF">3906115.00000000000</SimpleData>
            <SimpleData name="Situación">NO</SimpleData>
            <SimpleData name="Comunidad">Campesina</SimpleData>
            <SimpleData name="Modelo_imp">Modelo 5</SimpleData>
            <SimpleData name="Departamen">CANINDEYU</SimpleData>
            <SimpleData name="Distrito">YBY PYTA</SimpleData>
            <SimpleData name="Localidad">BRITEZ KUE 4 DE OCTUBRE</SimpleData>
            <SimpleData name="Teléfono">986104861</SimpleData>
            <SimpleData name="Vivienda_L">-24.29149110000</SimpleData>
            <SimpleData name="Vivienda_1">-55.27599230000</SimpleData>
            <SimpleData name="Superficie">0.70000000000</SimpleData>
            <SimpleData name="Situaci_1">Parametro</SimpleData>
            <SimpleData name="Plantado">SI</SimpleData>
            <SimpleData name="Fecha_Plan">2025/12/05</SimpleData>
            <SimpleData name="Jornales">0.00000000000</SimpleData>
            <SimpleData name="Monto">0.00000000000</SimpleData>
            <SimpleData name="Grupo_de_p">G-P3-XX-XX-XX</SimpleData>
            <SimpleData name="Estado_del">Activo</SimpleData>
            <SimpleData name="Empresa">Red Forestal Paraguay SA</SimpleData>
            <SimpleData name="Lote">G</SimpleData>
            <SimpleData name="Parametro">0.00000000000</SimpleData>
            <SimpleData name="Sup_SIG">0.69884261727</SimpleData>
            <SimpleData name="X">-55.26647893000</SimpleData>
            <SimpleData name="Y">-24.29915181000</SimpleData>
            <SimpleData name="cedula">3906115</SimpleData>
            <SimpleData name="Cédula_1">3906115.00000000000</SimpleData>
            <SimpleData name="Estado_d_1">Activo</SimpleData>
            <SimpleData name="OBJECTID_1">8787</SimpleData>
            <SimpleData name="Shape_Leng">379.60485126300</SimpleData>
            <SimpleData name="Shape_Area">6988.42617271000</SimpleData>
          </SchemaData>
        </ExtendedData>
        <Polygon>
          <outerBoundaryIs>
            <LinearRing>
              <coordinates>
                -55.2660235997146,-24.2994618002521,0
                -55.2670488991323,-24.2995141000768,0
                -55.2671171999729,-24.2992021003782,0
                -55.2666759996874,-24.2991446999425,0
                -55.2667200990339,-24.2987399997084,0
                -55.2660700996368,-24.2987069002561,0
                -55.2660235997146,-24.2994618002521,0
              </coordinates>
            </LinearRing>
          </outerBoundaryIs>
        </Polygon>
      </Placemark>
      <Placemark id="Lote_G.166">
        <ExtendedData>
          <SchemaData schemaUrl="#Lote_G.schema">
            <SimpleData name="Cédula">5957408.00000000000</SimpleData>
            <SimpleData name="Nombres_y_">SILVANO ALEGRE ALEGRE</SimpleData>
            <SimpleData name="Sexo">Hombre</SimpleData>
            <SimpleData name="Cambio_de_">NO</SimpleData>
            <SimpleData name="Titular_se">NO</SimpleData>
            <SimpleData name="ci_UNIF">5957408.00000000000</SimpleData>
            <SimpleData name="Situación">NO</SimpleData>
            <SimpleData name="Comunidad">Ind?gena</SimpleData>
            <SimpleData name="Modelo_imp">Modelo 1</SimpleData>
            <SimpleData name="Departamen">CANINDEYU</SimpleData>
            <SimpleData name="Distrito">YASY CA?Y</SimpleData>
            <SimpleData name="Localidad">COM INDIG KANINDE</SimpleData>
            <SimpleData name="Teléfono">0983007869</SimpleData>
            <SimpleData name="Vivienda_L">-24.40904050000</SimpleData>
            <SimpleData name="Vivienda_1">-55.99654420000</SimpleData>
            <SimpleData name="Superficie">0.80000000000</SimpleData>
            <SimpleData name="Situaci_1">Par?metro</SimpleData>
            <SimpleData name="Plantado">SI</SimpleData>
            <SimpleData name="Fecha_Plan">2025/12/16</SimpleData>
            <SimpleData name="Jornales">0.00000000000</SimpleData>
            <SimpleData name="Monto">0.00000000000</SimpleData>
            <SimpleData name="Grupo_de_p">G-P3-XX-XX-XX</SimpleData>
            <SimpleData name="Estado_del">Activo</SimpleData>
            <SimpleData name="Empresa">Red Forestal Paraguay SA</SimpleData>
            <SimpleData name="Lote">G</SimpleData>
            <SimpleData name="Parametro">0.00000000000</SimpleData>
            <SimpleData name="Sup_SIG">0.90811608037</SimpleData>
            <SimpleData name="X">-56.00030510000</SimpleData>
            <SimpleData name="Y">-24.40258987000</SimpleData>
            <SimpleData name="cedula">5957408</SimpleData>
            <SimpleData name="Cédula_1">5957408.00000000000</SimpleData>
            <SimpleData name="Estado_d_1">Activo</SimpleData>
            <SimpleData name="OBJECTID_1">8675</SimpleData>
            <SimpleData name="Shape_Leng">383.63775361400</SimpleData>
            <SimpleData name="Shape_Area">9081.16080365000</SimpleData>
          </SchemaData>
        </ExtendedData>
        <Polygon>
          <outerBoundaryIs>
            <LinearRing>
              <coordinates>
                -55.999668300136,-24.4024466995899,0
                -56.0002532996089,-24.403204999824,0
                -56.0009167001316,-24.4027982999732,0
                -56.0003953999381,-24.4019494002742,0
                -55.999668300136,-24.4024466995899,0
              </coordinates>
            </LinearRing>
          </outerBoundaryIs>
        </Polygon>
      </Placemark>
      <Placemark id="Lote_G.167">
        <ExtendedData>
          <SchemaData schemaUrl="#Lote_G.schema">
            <SimpleData name="Cédula">5465030.00000000000</SimpleData>
            <SimpleData name="Nombres_y_">DEL PILAR BARRIOS ROMERO</SimpleData>
            <SimpleData name="Sexo">Mujer</SimpleData>
            <SimpleData name="Cambio_de_">NO</SimpleData>
            <SimpleData name="Titular_se">NO</SimpleData>
            <SimpleData name="ci_UNIF">5465030.00000000000</SimpleData>
            <SimpleData name="Situación">NO</SimpleData>
            <SimpleData name="Comunidad">Ind?gena</SimpleData>
            <SimpleData name="Modelo_imp">Modelo 1</SimpleData>
            <SimpleData name="Departamen">CANINDEYU</SimpleData>
            <SimpleData name="Distrito">YBY PYTA</SimpleData>
            <SimpleData name="Localidad">COM INDIG TEKOHA POTY PYAHU</SimpleData>
            <SimpleData name="Teléfono">0982024292</SimpleData>
            <SimpleData name="Vivienda_L">-24.26327110000</SimpleData>
            <SimpleData name="Vivienda_1">-55.22913300000</SimpleData>
            <SimpleData name="Superficie">0.80000000000</SimpleData>
            <SimpleData name="Situaci_1">Pol?gono</SimpleData>
            <SimpleData name="Plantado">SI</SimpleData>
            <SimpleData name="Fecha_Plan">2025/11/29</SimpleData>
            <SimpleData name="Jornales">0.00000000000</SimpleData>
            <SimpleData name="Monto">0.00000000000</SimpleData>
            <SimpleData name="Grupo_de_p">G-P3-XX-XX-XX</SimpleData>
            <SimpleData name="Estado_del">Activo</SimpleData>
            <SimpleData name="Empresa">Red Forestal Paraguay SA</SimpleData>
            <SimpleData name="Lote">G</SimpleData>
            <SimpleData name="Parametro">0.00000000000</SimpleData>
            <SimpleData name="Sup_SIG">0.91107295447</SimpleData>
            <SimpleData name="X">-55.20505339000</SimpleData>
            <SimpleData name="Y">-24.25309936000</SimpleData>
            <SimpleData name="cedula">5465030</SimpleData>
            <SimpleData name="Cédula_1">5465030.00000000000</SimpleData>
            <SimpleData name="Estado_d_1">Activo</SimpleData>
            <SimpleData name="OBJECTID_1">8679</SimpleData>
            <SimpleData name="Shape_Leng">591.62064352400</SimpleData>
            <SimpleData name="Shape_Area">9110.72954465000</SimpleData>
          </SchemaData>
        </ExtendedData>
        <MultiGeometry>
          <Polygon>
            <outerBoundaryIs>
              <LinearRing>
                <coordinates>
                  -55.2044390996009,-24.2539047001879,0
                  -55.2055270004927,-24.2533165998855,0
                  -55.205316699794,-24.253008299569,0
                  -55.2040382999047,-24.2533817004164,0
                  -55.2044390996009,-24.2539047001879,0
                </coordinates>
              </LinearRing>
            </outerBoundaryIs>
          </Polygon>
          <Polygon>
            <outerBoundaryIs>
              <LinearRing>
                <coordinates>
                  -55.2058064998414,-24.2521851996819,0
                  -55.2064282997859,-24.2518164996381,0
                  -55.206455000136,-24.2515766998658,0
                  -55.2057016999862,-24.2519699995508,0
                  -55.2058064998414,-24.2521851996819,0
                </coordinates>
              </LinearRing>
            </outerBoundaryIs>
          </Polygon>
        </MultiGeometry>
      </Placemark>
      <Placemark id="Lote_G.168">
        <ExtendedData>
          <SchemaData schemaUrl="#Lote_G.schema">
            <SimpleData name="Cédula">4138642.00000000000</SimpleData>
            <SimpleData name="Nombres_y_">MARIANA ALEGRE FERNANDEZ</SimpleData>
            <SimpleData name="Sexo">Mujer</SimpleData>
            <SimpleData name="Cambio_de_">NO</SimpleData>
            <SimpleData name="Titular_se">NO</SimpleData>
            <SimpleData name="ci_UNIF">4138642.00000000000</SimpleData>
            <SimpleData name="Situación">NO</SimpleData>
            <SimpleData name="Comunidad">Ind?gena</SimpleData>
            <SimpleData name="Modelo_imp">Modelo 5</SimpleData>
            <SimpleData name="Departamen">CANINDEYU</SimpleData>
            <SimpleData name="Distrito">YASY CA?Y</SimpleData>
            <SimpleData name="Localidad">COM INDIG YVA VIJU</SimpleData>
            <SimpleData name="Teléfono">0982968403</SimpleData>
            <SimpleData name="Vivienda_L">-24.40276060000</SimpleData>
            <SimpleData name="Vivienda_1">-56.00101480000</SimpleData>
            <SimpleData name="Superficie">0.70000000000</SimpleData>
            <SimpleData name="Situaci_1">Pol?gono</SimpleData>
            <SimpleData name="Plantado">SI</SimpleData>
            <SimpleData name="Fecha_Plan">2025/11/06</SimpleData>
            <SimpleData name="Jornales">0.00000000000</SimpleData>
            <SimpleData name="Monto">0.00000000000</SimpleData>
            <SimpleData name="Grupo_de_p">G-P3-XX-XX-XX</SimpleData>
            <SimpleData name="Estado_del">Activo</SimpleData>
            <SimpleData name="Empresa">Red Forestal Paraguay SA</SimpleData>
            <SimpleData name="Lote">G</SimpleData>
            <SimpleData name="Parametro">0.00000000000</SimpleData>
            <SimpleData name="Sup_SIG">0.70449632828</SimpleData>
            <SimpleData name="X">-56.00003379000</SimpleData>
            <SimpleData name="Y">-24.40043727000</SimpleData>
            <SimpleData name="cedula">4138642</SimpleData>
            <SimpleData name="Cédula_1">4138642.00000000000</SimpleData>
            <SimpleData name="Estado_d_1">Activo</SimpleData>
            <SimpleData name="OBJECTID_1">8670</SimpleData>
            <SimpleData name="Shape_Leng">336.93788517400</SimpleData>
            <SimpleData name="Shape_Area">7044.96328283000</SimpleData>
          </SchemaData>
        </ExtendedData>
        <Polygon>
          <outerBoundaryIs>
            <LinearRing>
              <coordinates>
                -55.9995470136626,-24.4002051939844,0
                -55.9994699995415,-24.4002417001253,0
                -55.999471666042,-24.4002443409341,0
                -55.9999233000459,-24.4009599995518,0
                -56.000601700449,-24.4006150004375,0
                -56.0001416999179,-24.3999232998687,0
                -55.9995470136626,-24.4002051939844,0
              </coordinates>
            </LinearRing>
          </outerBoundaryIs>
        </Polygon>
      </Placemark>
      <Placemark id="Lote_G.169">
        <ExtendedData>
          <SchemaData schemaUrl="#Lote_G.schema">
            <SimpleData name="Cédula">8072725.00000000000</SimpleData>
            <SimpleData name="Nombres_y_">LIZ MARIBEL OLIVEIRA BENITEZ</SimpleData>
            <SimpleData name="Sexo">Mujer</SimpleData>
            <SimpleData name="Cambio_de_">NO</SimpleData>
            <SimpleData name="Titular_se">NO</SimpleData>
            <SimpleData name="ci_UNIF">8072725.00000000000</SimpleData>
            <SimpleData name="Situación">NO</SimpleData>
            <SimpleData name="Comunidad">Ind?gena</SimpleData>
            <SimpleData name="Modelo_imp">Modelo 3</SimpleData>
            <SimpleData name="Departamen">CANINDEYU</SimpleData>
            <SimpleData name="Distrito">YBY PYTA</SimpleData>
            <SimpleData name="Localidad">COM INDIG TEKOHA POTY PYAHU</SimpleData>
            <SimpleData name="Teléfono">0975278299</SimpleData>
            <SimpleData name="Vivienda_L">-24.26067960000</SimpleData>
            <SimpleData name="Vivienda_1">-55.22937530000</SimpleData>
            <SimpleData name="Superficie">1.00000000000</SimpleData>
            <SimpleData name="Situaci_1">Par?metro</SimpleData>
            <SimpleData name="Plantado">SI</SimpleData>
            <SimpleData name="Fecha_Plan">2025/12/09</SimpleData>
            <SimpleData name="Jornales">0.00000000000</SimpleData>
            <SimpleData name="Monto">0.00000000000</SimpleData>
            <SimpleData name="Grupo_de_p">G-P3-XX-XX-XX</SimpleData>
            <SimpleData name="Estado_del">Activo</SimpleData>
            <SimpleData name="Empresa">Red Forestal Paraguay SA</SimpleData>
            <SimpleData name="Lote">G</SimpleData>
            <SimpleData name="Parametro">0.00000000000</SimpleData>
            <SimpleData name="Sup_SIG">1.01251589347</SimpleData>
            <SimpleData name="X">-55.22476936000</SimpleData>
            <SimpleData name="Y">-24.25515692000</SimpleData>
            <SimpleData name="cedula">8072725</SimpleData>
            <SimpleData name="Cédula_1">8072725.00000000000</SimpleData>
            <SimpleData name="Estado_d_1">Activo</SimpleData>
            <SimpleData name="OBJECTID_1">8681</SimpleData>
            <SimpleData name="Shape_Leng">403.13799302800</SimpleData>
            <SimpleData name="Shape_Area">10125.15893470000</SimpleData>
          </SchemaData>
        </ExtendedData>
        <Polygon>
          <outerBoundaryIs>
            <LinearRing>
              <coordinates>
                -55.2242646994854,-24.2555766000426,0
                -55.2252132995682,-24.2556632995956,0
                -55.2253090994078,-24.2547824996949,0
                -55.2243116991579,-24.2546249993341,0
                -55.2242646994854,-24.2555766000426,0
              </coordinates>
            </LinearRing>
          </outerBoundaryIs>
        </Polygon>
      </Placemark>
      <Placemark id="Lote_G.170">
        <ExtendedData>
          <SchemaData schemaUrl="#Lote_G.schema">
            <SimpleData name="Cédula">5657728.00000000000</SimpleData>
            <SimpleData name="Nombres_y_">MARIA LEONORA BOGADO PAREDES</SimpleData>
            <SimpleData name="Sexo">Mujer</SimpleData>
            <SimpleData name="Cambio_de_">NO</SimpleData>
            <SimpleData name="Titular_se">NO</SimpleData>
            <SimpleData name="ci_UNIF">5657728.00000000000</SimpleData>
            <SimpleData name="Situación">NO</SimpleData>
            <SimpleData name="Comunidad">Campesina</SimpleData>
            <SimpleData name="Modelo_imp">Modelo 4</SimpleData>
            <SimpleData name="Departamen">CANINDEYU</SimpleData>
            <SimpleData name="Distrito">YBY PYTA</SimpleData>
            <SimpleData name="Localidad">BRITEZ KUE SAN MIGUEL</SimpleData>
            <SimpleData name="Teléfono">0984319181</SimpleData>
            <SimpleData name="Vivienda_L">-24.32055670000</SimpleData>
            <SimpleData name="Vivienda_1">-55.30781830000</SimpleData>
            <SimpleData name="Superficie">0.70000000000</SimpleData>
            <SimpleData name="Situaci_1">Par?metro</SimpleData>
            <SimpleData name="Plantado">SI</SimpleData>
            <SimpleData name="Fecha_Plan">2025/10/15</SimpleData>
            <SimpleData name="Jornales">0.00000000000</SimpleData>
            <SimpleData name="Monto">0.00000000000</SimpleData>
            <SimpleData name="Grupo_de_p">G-P3-XX-XX-XX</SimpleData>
            <SimpleData name="Estado_del">Activo</SimpleData>
            <SimpleData name="Empresa">Red Forestal Paraguay SA</SimpleData>
            <SimpleData name="Lote">G</SimpleData>
            <SimpleData name="Parametro">0.00000000000</SimpleData>
            <SimpleData name="Sup_SIG">0.75212967287</SimpleData>
            <SimpleData name="X">-55.30570635000</SimpleData>
            <SimpleData name="Y">-24.32300404000</SimpleData>
            <SimpleData name="cedula">5657728</SimpleData>
            <SimpleData name="Cédula_1">5657728.00000000000</SimpleData>
            <SimpleData name="Estado_d_1">Activo</SimpleData>
            <SimpleData name="OBJECTID_1">8685</SimpleData>
            <SimpleData name="Shape_Leng">347.47090134200</SimpleData>
            <SimpleData name="Shape_Area">7521.29672874000</SimpleData>
          </SchemaData>
        </ExtendedData>
        <Polygon>
          <outerBoundaryIs>
            <LinearRing>
              <coordinates>
                -55.3052533999258,-24.3233868000877,0
                -55.3060849998655,-24.3234167000561,0
                -55.3061623997945,-24.3225982000961,0
                -55.3053052997853,-24.3226209998416,0
                -55.3052533999258,-24.3233868000877,0
              </coordinates>
            </LinearRing>
          </outerBoundaryIs>
        </Polygon>
      </Placemark>
      <Placemark id="Lote_G.171">
        <ExtendedData>
          <SchemaData schemaUrl="#Lote_G.schema">
            <SimpleData name="Cédula">1376286.00000000000</SimpleData>
            <SimpleData name="Nombres_y_">JULIAN SEGOVIA RIVAS</SimpleData>
            <SimpleData name="Sexo">Hombre</SimpleData>
            <SimpleData name="Cambio_de_">NO</SimpleData>
            <SimpleData name="Titular_se">NO</SimpleData>
            <SimpleData name="ci_UNIF">1376286.00000000000</SimpleData>
            <SimpleData name="Situación">NO</SimpleData>
            <SimpleData name="Comunidad">Campesina</SimpleData>
            <SimpleData name="Modelo_imp">Modelo 5</SimpleData>
            <SimpleData name="Departamen">CANINDEYU</SimpleData>
            <SimpleData name="Distrito">YASY CA?Y</SimpleData>
            <SimpleData name="Localidad">MANDUARA</SimpleData>
            <SimpleData name="Teléfono">0983370614</SimpleData>
            <SimpleData name="Vivienda_L">-24.47998530000</SimpleData>
            <SimpleData name="Vivienda_1">-55.91650420000</SimpleData>
            <SimpleData name="Superficie">0.70000000000</SimpleData>
            <SimpleData name="Situaci_1">Par?metro</SimpleData>
            <SimpleData name="Plantado">SI</SimpleData>
            <SimpleData name="Fecha_Plan">2026/05/19</SimpleData>
            <SimpleData name="Jornales">0.00000000000</SimpleData>
            <SimpleData name="Monto">0.00000000000</SimpleData>
            <SimpleData name="Grupo_de_p">G-P4-XX-XX-XX</SimpleData>
            <SimpleData name="Estado_del">Activo</SimpleData>
            <SimpleData name="Empresa">Red Forestal Paraguay SA</SimpleData>
            <SimpleData name="Lote">G</SimpleData>
            <SimpleData name="Parametro">0.00000000000</SimpleData>
            <SimpleData name="Sup_SIG">0.75246607676</SimpleData>
            <SimpleData name="X">-55.91325369000</SimpleData>
            <SimpleData name="Y">-24.47703453000</SimpleData>
            <SimpleData name="cedula">1376286</SimpleData>
            <SimpleData name="Cédula_1">1376286.00000000000</SimpleData>
            <SimpleData name="Estado_d_1">Activo</SimpleData>
            <SimpleData name="OBJECTID_1">6693</SimpleData>
            <SimpleData name="Shape_Leng">353.22279780300</SimpleData>
            <SimpleData name="Shape_Area">7524.66076763000</SimpleData>
          </SchemaData>
        </ExtendedData>
        <Polygon>
          <outerBoundaryIs>
            <LinearRing>
              <coordinates>
                -55.9126387005747,-24.4769057997498,0
                -55.9133871995058,-24.4776346004459,0
                -55.913824999699,-24.4771067004703,0
                -55.9131950006968,-24.4764716996243,0
                -55.9126387005747,-24.4769057997498,0
              </coordinates>
            </LinearRing>
          </outerBoundaryIs>
        </Polygon>
      </Placemark>
      <Placemark id="Lote_G.172">
        <ExtendedData>
          <SchemaData schemaUrl="#Lote_G.schema">
            <SimpleData name="Cédula">1461015.00000000000</SimpleData>
            <SimpleData name="Nombres_y_">EUSTACIO GONZALEZ VERA</SimpleData>
            <SimpleData name="Sexo">Hombre</SimpleData>
            <SimpleData name="Cambio_de_">NO</SimpleData>
            <SimpleData name="Titular_se">NO</SimpleData>
            <SimpleData name="ci_UNIF">1461015.00000000000</SimpleData>
            <SimpleData name="Situación">NO</SimpleData>
            <SimpleData name="Comunidad">Ind?gena</SimpleData>
            <SimpleData name="Modelo_imp">Modelo 5</SimpleData>
            <SimpleData name="Departamen">CANINDEYU</SimpleData>
            <SimpleData name="Distrito">YASY CA?Y</SimpleData>
            <SimpleData name="Localidad">COM INDIG  TAKUA MIRI</SimpleData>
            <SimpleData name="Teléfono">ND</SimpleData>
            <SimpleData name="Vivienda_L">-24.40679950000</SimpleData>
            <SimpleData name="Vivienda_1">-56.01012920000</SimpleData>
            <SimpleData name="Superficie">0.70000000000</SimpleData>
            <SimpleData name="Situaci_1">Par?metro</SimpleData>
            <SimpleData name="Plantado">SI</SimpleData>
            <SimpleData name="Fecha_Plan">2026/05/19</SimpleData>
            <SimpleData name="Jornales">0.00000000000</SimpleData>
            <SimpleData name="Monto">0.00000000000</SimpleData>
            <SimpleData name="Grupo_de_p">G-P4-XX-XX-XX</SimpleData>
            <SimpleData name="Estado_del">Activo</SimpleData>
            <SimpleData name="Empresa">Red Forestal Paraguay SA</SimpleData>
            <SimpleData name="Lote">G</SimpleData>
            <SimpleData name="Parametro">0.00000000000</SimpleData>
            <SimpleData name="Sup_SIG">0.70986692124</SimpleData>
            <SimpleData name="X">-56.00895595000</SimpleData>
            <SimpleData name="Y">-24.40927979000</SimpleData>
            <SimpleData name="cedula">1461015</SimpleData>
            <SimpleData name="Cédula_1">1461015.00000000000</SimpleData>
            <SimpleData name="Estado_d_1">Activo</SimpleData>
            <SimpleData name="OBJECTID_1">7033</SimpleData>
            <SimpleData name="Shape_Leng">353.44578946800</SimpleData>
            <SimpleData name="Shape_Area">7098.66921237000</SimpleData>
          </SchemaData>
        </ExtendedData>
        <Polygon>
          <outerBoundaryIs>
            <LinearRing>
              <coordinates>
                -56.0083633000359,-24.4094218996531,0
                -56.0087566003978,-24.4098617003103,0
                -56.0096009996522,-24.4090668994987,0
                -56.0090766999478,-24.4087482999552,0
                -56.0083633000359,-24.4094218996531,0
              </coordinates>
            </LinearRing>
          </outerBoundaryIs>
        </Polygon>
      </Placemark>
      <Placemark id="Lote_G.173">
        <ExtendedData>
          <SchemaData schemaUrl="#Lote_G.schema">
            <SimpleData name="Cédula">1484679.00000000000</SimpleData>
            <SimpleData name="Nombres_y_"><![CDATA[CARMEN GUYRA'A DE VERA]]></SimpleData>
            <SimpleData name="Sexo">Mujer</SimpleData>
            <SimpleData name="Cambio_de_">NO</SimpleData>
            <SimpleData name="Titular_se">NO</SimpleData>
            <SimpleData name="ci_UNIF">1484679.00000000000</SimpleData>
            <SimpleData name="Situación">NO</SimpleData>
            <SimpleData name="Comunidad">Ind?gena</SimpleData>
            <SimpleData name="Modelo_imp">Modelo 5</SimpleData>
            <SimpleData name="Departamen">CANINDEYU</SimpleData>
            <SimpleData name="Distrito">YASY CA?Y</SimpleData>
            <SimpleData name="Localidad">COM INDIG TUNA POTY</SimpleData>
            <SimpleData name="Teléfono">0985181678</SimpleData>
            <SimpleData name="Vivienda_L">-24.52392460000</SimpleData>
            <SimpleData name="Vivienda_1">-55.98082160000</SimpleData>
            <SimpleData name="Superficie">0.70000000000</SimpleData>
            <SimpleData name="Situaci_1">Par?metro</SimpleData>
            <SimpleData name="Plantado">SI</SimpleData>
            <SimpleData name="Fecha_Plan">2026/05/23</SimpleData>
            <SimpleData name="Jornales">0.00000000000</SimpleData>
            <SimpleData name="Monto">0.00000000000</SimpleData>
            <SimpleData name="Grupo_de_p">G-P4-XX-XX-XX</SimpleData>
            <SimpleData name="Estado_del">Activo</SimpleData>
            <SimpleData name="Empresa">Red Forestal Paraguay SA</SimpleData>
            <SimpleData name="Lote">G</SimpleData>
            <SimpleData name="Parametro">0.00000000000</SimpleData>
            <SimpleData name="Sup_SIG">0.70137379103</SimpleData>
            <SimpleData name="X">-55.98994542000</SimpleData>
            <SimpleData name="Y">-24.52213159000</SimpleData>
            <SimpleData name="cedula">1484679</SimpleData>
            <SimpleData name="Cédula_1">1484679.00000000000</SimpleData>
            <SimpleData name="Estado_d_1">Activo</SimpleData>
            <SimpleData name="OBJECTID_1">7035</SimpleData>
            <SimpleData name="Shape_Leng">340.60994644700</SimpleData>
            <SimpleData name="Shape_Area">7013.73791032000</SimpleData>
          </SchemaData>
        </ExtendedData>
        <Polygon>
          <outerBoundaryIs>
            <LinearRing>
              <coordinates>
                -55.9902268460248,-24.5225658590166,0
                -55.9902465998796,-24.5225671001996,0
                -55.9902484632659,-24.5225531836541,0
                -55.9902495960159,-24.5225447213023,0
                -55.9903036713597,-24.5221409141301,0
                -55.9903682996378,-24.5216583003054,0
                -55.9899960000851,-24.5216670003254,0
                -55.9897855001394,-24.5217990004025,0
                -55.9896184003869,-24.5218105994705,0
                -55.9894700000957,-24.5225182993334,0
                -55.9902268460248,-24.5225658590166,0
              </coordinates>
            </LinearRing>
          </outerBoundaryIs>
        </Polygon>
      </Placemark>
      <Placemark id="Lote_G.174">
        <ExtendedData>
          <SchemaData schemaUrl="#Lote_G.schema">
            <SimpleData name="Cédula">2661677.00000000000</SimpleData>
            <SimpleData name="Nombres_y_">CLOTILDE JARA MAYLIN</SimpleData>
            <SimpleData name="Sexo">Mujer</SimpleData>
            <SimpleData name="Cambio_de_">NO</SimpleData>
            <SimpleData name="Titular_se">NO</SimpleData>
            <SimpleData name="ci_UNIF">2661677.00000000000</SimpleData>
            <SimpleData name="Situación">NO</SimpleData>
            <SimpleData name="Comunidad">Campesina</SimpleData>
            <SimpleData name="Modelo_imp">Modelo 5</SimpleData>
            <SimpleData name="Departamen">CANINDEYU</SimpleData>
            <SimpleData name="Distrito">YASY CA?Y</SimpleData>
            <SimpleData name="Localidad">YASY KA?Y</SimpleData>
            <SimpleData name="Teléfono">0981764665</SimpleData>
            <SimpleData name="Vivienda_L">-24.52188340000</SimpleData>
            <SimpleData name="Vivienda_1">-55.87139290000</SimpleData>
            <SimpleData name="Superficie">0.70000000000</SimpleData>
            <SimpleData name="Situaci_1">Par?metro</SimpleData>
            <SimpleData name="Plantado">SI</SimpleData>
            <SimpleData name="Fecha_Plan">2026/05/20</SimpleData>
            <SimpleData name="Jornales">0.00000000000</SimpleData>
            <SimpleData name="Monto">0.00000000000</SimpleData>
            <SimpleData name="Grupo_de_p">G-P4-XX-XX-XX</SimpleData>
            <SimpleData name="Estado_del">Activo</SimpleData>
            <SimpleData name="Empresa">Red Forestal Paraguay SA</SimpleData>
            <SimpleData name="Lote">G</SimpleData>
            <SimpleData name="Parametro">0.00000000000</SimpleData>
            <SimpleData name="Sup_SIG">0.76422998147</SimpleData>
            <SimpleData name="X">-55.86407751000</SimpleData>
            <SimpleData name="Y">-24.53474378000</SimpleData>
            <SimpleData name="cedula">2661677</SimpleData>
            <SimpleData name="Cédula_1">2661677.00000000000</SimpleData>
            <SimpleData name="Estado_d_1">Activo</SimpleData>
            <SimpleData name="OBJECTID_1">6558</SimpleData>
            <SimpleData name="Shape_Leng">390.56821429300</SimpleData>
            <SimpleData name="Shape_Area">7642.29981472000</SimpleData>
          </SchemaData>
        </ExtendedData>
        <Polygon>
          <outerBoundaryIs>
            <LinearRing>
              <coordinates>
                -55.8633633008581,-24.5349683003153,0
                -55.8646916995886,-24.5350066998808,0
                -55.8647466998359,-24.5349366996169,0
                -55.8648191005138,-24.5345117002056,0
                -55.863372299866,-24.534497200091,0
                -55.8633633008581,-24.5349683003153,0
              </coordinates>
            </LinearRing>
          </outerBoundaryIs>
        </Polygon>
      </Placemark>
      <Placemark id="Lote_G.175">
        <ExtendedData>
          <SchemaData schemaUrl="#Lote_G.schema">
            <SimpleData name="Cédula">2884065.00000000000</SimpleData>
            <SimpleData name="Nombres_y_">GREGORIO MEZA NAVARRO</SimpleData>
            <SimpleData name="Sexo">Hombre</SimpleData>
            <SimpleData name="Cambio_de_">NO</SimpleData>
            <SimpleData name="Titular_se">NO</SimpleData>
            <SimpleData name="ci_UNIF">2884065.00000000000</SimpleData>
            <SimpleData name="Situación">NO</SimpleData>
            <SimpleData name="Comunidad">Campesina</SimpleData>
            <SimpleData name="Modelo_imp">Modelo 4</SimpleData>
            <SimpleData name="Departamen">CANINDEYU</SimpleData>
            <SimpleData name="Distrito">YASY CA?Y</SimpleData>
            <SimpleData name="Localidad">LAGUNITA</SimpleData>
            <SimpleData name="Teléfono">0986479052</SimpleData>
            <SimpleData name="Vivienda_L">-24.50536040000</SimpleData>
            <SimpleData name="Vivienda_1">-55.80980960000</SimpleData>
            <SimpleData name="Superficie">0.70000000000</SimpleData>
            <SimpleData name="Situaci_1">Par?metro</SimpleData>
            <SimpleData name="Plantado">SI</SimpleData>
            <SimpleData name="Fecha_Plan">2025/11/21</SimpleData>
            <SimpleData name="Jornales">0.00000000000</SimpleData>
            <SimpleData name="Monto">0.00000000000</SimpleData>
            <SimpleData name="Grupo_de_p">G-P4-XX-XX-XX</SimpleData>
            <SimpleData name="Estado_del">Activo</SimpleData>
            <SimpleData name="Empresa">Red Forestal Paraguay SA</SimpleData>
            <SimpleData name="Lote">G</SimpleData>
            <SimpleData name="Parametro">0.00000000000</SimpleData>
            <SimpleData name="Sup_SIG">0.75122220139</SimpleData>
            <SimpleData name="X">-55.81681513000</SimpleData>
            <SimpleData name="Y">-24.49313809000</SimpleData>
            <SimpleData name="cedula">2884065</SimpleData>
            <SimpleData name="Cédula_1">2884065.00000000000</SimpleData>
            <SimpleData name="Estado_d_1">Activo</SimpleData>
            <SimpleData name="OBJECTID_1">8649</SimpleData>
            <SimpleData name="Shape_Leng">413.13026500100</SimpleData>
            <SimpleData name="Shape_Area">7512.22201389000</SimpleData>
          </SchemaData>
        </ExtendedData>
        <Polygon>
          <outerBoundaryIs>
            <LinearRing>
              <coordinates>
                -55.8159100993222,-24.4932912995882,0
                -55.8175806000314,-24.493393299724,0
                -55.8175699999672,-24.4929516999321,0
                -55.8164932997665,-24.4928700002123,0
                -55.8158955997007,-24.493128699583,0
                -55.8159100993222,-24.4932912995882,0
              </coordinates>
            </LinearRing>
          </outerBoundaryIs>
        </Polygon>
      </Placemark>
      <Placemark id="Lote_G.176">
        <ExtendedData>
          <SchemaData schemaUrl="#Lote_G.schema">
            <SimpleData name="Cédula">2954144.00000000000</SimpleData>
            <SimpleData name="Nombres_y_">LUCIA ALMIRON VDA DE MENCIA</SimpleData>
            <SimpleData name="Sexo">Mujer</SimpleData>
            <SimpleData name="Cambio_de_">NO</SimpleData>
            <SimpleData name="Titular_se">NO</SimpleData>
            <SimpleData name="ci_UNIF">2954144.00000000000</SimpleData>
            <SimpleData name="Situación">NO</SimpleData>
            <SimpleData name="Comunidad">Campesina</SimpleData>
            <SimpleData name="Modelo_imp">Modelo 5</SimpleData>
            <SimpleData name="Departamen">CANINDEYU</SimpleData>
            <SimpleData name="Distrito">YASY CA?Y</SimpleData>
            <SimpleData name="Localidad">MANDUARA 6TA LINEA</SimpleData>
            <SimpleData name="Teléfono">0983137518</SimpleData>
            <SimpleData name="Vivienda_L">-24.41227720000</SimpleData>
            <SimpleData name="Vivienda_1">-55.92762750000</SimpleData>
            <SimpleData name="Superficie">0.70000000000</SimpleData>
            <SimpleData name="Situaci_1">Par?metro</SimpleData>
            <SimpleData name="Plantado">SI</SimpleData>
            <SimpleData name="Fecha_Plan">2026/05/22</SimpleData>
            <SimpleData name="Jornales">0.00000000000</SimpleData>
            <SimpleData name="Monto">0.00000000000</SimpleData>
            <SimpleData name="Grupo_de_p">G-P4-XX-XX-XX</SimpleData>
            <SimpleData name="Estado_del">Activo</SimpleData>
            <SimpleData name="Empresa">Red Forestal Paraguay SA</SimpleData>
            <SimpleData name="Lote">G</SimpleData>
            <SimpleData name="Parametro">0.00000000000</SimpleData>
            <SimpleData name="Sup_SIG">0.72825422648</SimpleData>
            <SimpleData name="X">-55.92932887000</SimpleData>
            <SimpleData name="Y">-24.41358843000</SimpleData>
            <SimpleData name="cedula">2954144</SimpleData>
            <SimpleData name="Cédula_1">2954144.00000000000</SimpleData>
            <SimpleData name="Estado_d_1">Activo</SimpleData>
            <SimpleData name="OBJECTID_1">5221</SimpleData>
            <SimpleData name="Shape_Leng">341.81211215600</SimpleData>
            <SimpleData name="Shape_Area">7282.54226480000</SimpleData>
          </SchemaData>
        </ExtendedData>
        <Polygon>
          <outerBoundaryIs>
            <LinearRing>
              <coordinates>
                -55.9287133002575,-24.4136650000105,0
                -55.9293950002474,-24.4141150002845,0
                -55.9299199998276,-24.4135282999975,0
                -55.9293132007696,-24.4130493004278,0
                -55.9287133002575,-24.4136650000105,0
              </coordinates>
            </LinearRing>
          </outerBoundaryIs>
        </Polygon>
      </Placemark>
      <Placemark id="Lote_G.177">
        <ExtendedData>
          <SchemaData schemaUrl="#Lote_G.schema">
            <SimpleData name="Cédula">3769472.00000000000</SimpleData>
            <SimpleData name="Nombres_y_">REINALDO VERA BENITEZ</SimpleData>
            <SimpleData name="Sexo">Hombre</SimpleData>
            <SimpleData name="Cambio_de_">NO</SimpleData>
            <SimpleData name="Titular_se">NO</SimpleData>
            <SimpleData name="ci_UNIF">3769472.00000000000</SimpleData>
            <SimpleData name="Situación">NO</SimpleData>
            <SimpleData name="Comunidad">Ind?gena</SimpleData>
            <SimpleData name="Modelo_imp">Modelo 5</SimpleData>
            <SimpleData name="Departamen">CANINDEYU</SimpleData>
            <SimpleData name="Distrito">YASY CA?Y</SimpleData>
            <SimpleData name="Localidad">COM INDIG JASY POTY</SimpleData>
            <SimpleData name="Teléfono">0984468725</SimpleData>
            <SimpleData name="Vivienda_L">-24.53756300000</SimpleData>
            <SimpleData name="Vivienda_1">-55.96097340000</SimpleData>
            <SimpleData name="Superficie">0.70000000000</SimpleData>
            <SimpleData name="Situaci_1">Par?metro</SimpleData>
            <SimpleData name="Plantado">SI</SimpleData>
            <SimpleData name="Fecha_Plan">2026/05/20</SimpleData>
            <SimpleData name="Jornales">0.00000000000</SimpleData>
            <SimpleData name="Monto">0.00000000000</SimpleData>
            <SimpleData name="Grupo_de_p">G-P4-XX-XX-XX</SimpleData>
            <SimpleData name="Estado_del">Activo</SimpleData>
            <SimpleData name="Empresa">Red Forestal Paraguay SA</SimpleData>
            <SimpleData name="Lote">G</SimpleData>
            <SimpleData name="Parametro">0.00000000000</SimpleData>
            <SimpleData name="Sup_SIG">0.88704869825</SimpleData>
            <SimpleData name="X">-55.96161860000</SimpleData>
            <SimpleData name="Y">-24.54036760000</SimpleData>
            <SimpleData name="cedula">3769472</SimpleData>
            <SimpleData name="Cédula_1">3769472.00000000000</SimpleData>
            <SimpleData name="Estado_d_1">Activo</SimpleData>
            <SimpleData name="OBJECTID_1">7009</SimpleData>
            <SimpleData name="Shape_Leng">515.77659522200</SimpleData>
            <SimpleData name="Shape_Area">8870.48698254000</SimpleData>
          </SchemaData>
        </ExtendedData>
        <Polygon>
          <outerBoundaryIs>
            <LinearRing>
              <coordinates>
                -55.9611500006771,-24.5405967001395,0
                -55.9627032998881,-24.5409499998046,0
                -55.9625821000299,-24.5407076001144,0
                -55.9618604001767,-24.5405621999735,0
                -55.9618533002828,-24.5399416998966,0
                -55.9610766998348,-24.5398433002606,0
                -55.9609249996798,-24.540296700773,0
                -55.961183299919,-24.540433300177,0
                -55.9611500006771,-24.5405967001395,0
              </coordinates>
            </LinearRing>
          </outerBoundaryIs>
        </Polygon>
      </Placemark>
      <Placemark id="Lote_G.178">
        <ExtendedData>
          <SchemaData schemaUrl="#Lote_G.schema">
            <SimpleData name="Cédula">4022675.00000000000</SimpleData>
            <SimpleData name="Nombres_y_">NILSA MENDEZ GAUTO</SimpleData>
            <SimpleData name="Sexo">Mujer</SimpleData>
            <SimpleData name="Cambio_de_">NO</SimpleData>
            <SimpleData name="Titular_se">NO</SimpleData>
            <SimpleData name="ci_UNIF">4022675.00000000000</SimpleData>
            <SimpleData name="Situación">NO</SimpleData>
            <SimpleData name="Comunidad">Campesina</SimpleData>
            <SimpleData name="Modelo_imp">Modelo 5</SimpleData>
            <SimpleData name="Departamen">CANINDEYU</SimpleData>
            <SimpleData name="Distrito">YASY CA?Y</SimpleData>
            <SimpleData name="Localidad">YASY KA?Y</SimpleData>
            <SimpleData name="Teléfono">0982440114</SimpleData>
            <SimpleData name="Vivienda_L">-24.52241170000</SimpleData>
            <SimpleData name="Vivienda_1">-55.87953170000</SimpleData>
            <SimpleData name="Superficie">0.70000000000</SimpleData>
            <SimpleData name="Situaci_1">Par?metro</SimpleData>
            <SimpleData name="Plantado">SI</SimpleData>
            <SimpleData name="Fecha_Plan">2026/05/20</SimpleData>
            <SimpleData name="Jornales">0.00000000000</SimpleData>
            <SimpleData name="Monto">0.00000000000</SimpleData>
            <SimpleData name="Grupo_de_p">G-P4-XX-XX-XX</SimpleData>
            <SimpleData name="Estado_del">Activo</SimpleData>
            <SimpleData name="Empresa">Red Forestal Paraguay SA</SimpleData>
            <SimpleData name="Lote">G</SimpleData>
            <SimpleData name="Parametro">0.00000000000</SimpleData>
            <SimpleData name="Sup_SIG">0.72022558791</SimpleData>
            <SimpleData name="X">-55.87994621000</SimpleData>
            <SimpleData name="Y">-24.52109083000</SimpleData>
            <SimpleData name="cedula">4022675</SimpleData>
            <SimpleData name="Cédula_1">4022675.00000000000</SimpleData>
            <SimpleData name="Estado_d_1">Activo</SimpleData>
            <SimpleData name="OBJECTID_1">6721</SimpleData>
            <SimpleData name="Shape_Leng">346.87394515300</SimpleData>
            <SimpleData name="Shape_Area">7202.25587907000</SimpleData>
          </SchemaData>
        </ExtendedData>
        <Polygon>
          <outerBoundaryIs>
            <LinearRing>
              <coordinates>
                -55.8794828000096,-24.5213246993884,0
                -55.8801267000266,-24.5216600002194,0
                -55.8804576998293,-24.5208577000182,0
                -55.8802169998022,-24.5208046998391,0
                -55.8802044996268,-24.5207348994905,0
                -55.87969199987,-24.5205516998326,0
                -55.8794828000096,-24.5213246993884,0
              </coordinates>
            </LinearRing>
          </outerBoundaryIs>
        </Polygon>
      </Placemark>
      <Placemark id="Lote_G.179">
        <ExtendedData>
          <SchemaData schemaUrl="#Lote_G.schema">
            <SimpleData name="Cédula">4289010.00000000000</SimpleData>
            <SimpleData name="Nombres_y_">EVANGELISTA VERA</SimpleData>
            <SimpleData name="Sexo">Mujer</SimpleData>
            <SimpleData name="Cambio_de_">NO</SimpleData>
            <SimpleData name="Titular_se">NO</SimpleData>
            <SimpleData name="ci_UNIF">4289010.00000000000</SimpleData>
            <SimpleData name="Situación">NO</SimpleData>
            <SimpleData name="Comunidad">Ind?gena</SimpleData>
            <SimpleData name="Modelo_imp">Modelo 1</SimpleData>
            <SimpleData name="Departamen">CANINDEYU</SimpleData>
            <SimpleData name="Distrito">YASY CA?Y</SimpleData>
            <SimpleData name="Localidad">COM INDIG TUNA POTY</SimpleData>
            <SimpleData name="Teléfono">0984245919</SimpleData>
            <SimpleData name="Vivienda_L">-24.52296760000</SimpleData>
            <SimpleData name="Vivienda_1">-55.98515330000</SimpleData>
            <SimpleData name="Superficie">0.80000000000</SimpleData>
            <SimpleData name="Situaci_1">Par?metro</SimpleData>
            <SimpleData name="Plantado">SI</SimpleData>
            <SimpleData name="Fecha_Plan">2026/05/23</SimpleData>
            <SimpleData name="Jornales">0.00000000000</SimpleData>
            <SimpleData name="Monto">0.00000000000</SimpleData>
            <SimpleData name="Grupo_de_p">G-P4-XX-XX-XX</SimpleData>
            <SimpleData name="Estado_del">Activo</SimpleData>
            <SimpleData name="Empresa">Red Forestal Paraguay SA</SimpleData>
            <SimpleData name="Lote">G</SimpleData>
            <SimpleData name="Parametro">0.00000000000</SimpleData>
            <SimpleData name="Sup_SIG">0.81443455475</SimpleData>
            <SimpleData name="X">-55.99146295000</SimpleData>
            <SimpleData name="Y">-24.52098032000</SimpleData>
            <SimpleData name="cedula">4289010</SimpleData>
            <SimpleData name="Cédula_1">4289010.00000000000</SimpleData>
            <SimpleData name="Estado_d_1">Activo</SimpleData>
            <SimpleData name="OBJECTID_1">7493</SimpleData>
            <SimpleData name="Shape_Leng">381.44675357300</SimpleData>
            <SimpleData name="Shape_Area">8144.34554745000</SimpleData>
          </SchemaData>
        </ExtendedData>
        <Polygon>
          <outerBoundaryIs>
            <LinearRing>
              <coordinates>
                -55.9910781995176,-24.5214332997068,0
                -55.99188500016,-24.5215033003561,0
                -55.9918349998925,-24.5207567005827,0
                -55.9914083004852,-24.5203867002463,0
                -55.9911749995248,-24.5202650000181,0
                -55.9910781995176,-24.5214332997068,0
              </coordinates>
            </LinearRing>
          </outerBoundaryIs>
        </Polygon>
      </Placemark>
      <Placemark id="Lote_G.180">
        <ExtendedData>
          <SchemaData schemaUrl="#Lote_G.schema">
            <SimpleData name="Cédula">4600609.00000000000</SimpleData>
            <SimpleData name="Nombres_y_">ADA MARIZA CHAPARRO CAÃ‘ETE</SimpleData>
            <SimpleData name="Sexo">Mujer</SimpleData>
            <SimpleData name="Cambio_de_">NO</SimpleData>
            <SimpleData name="Titular_se">NO</SimpleData>
            <SimpleData name="ci_UNIF">4600609.00000000000</SimpleData>
            <SimpleData name="Situación">NO</SimpleData>
            <SimpleData name="Comunidad">Campesina</SimpleData>
            <SimpleData name="Modelo_imp">Modelo 5</SimpleData>
            <SimpleData name="Departamen">CANINDEYU</SimpleData>
            <SimpleData name="Distrito">YASY CA?Y</SimpleData>
            <SimpleData name="Localidad">SAN BLAS</SimpleData>
            <SimpleData name="Teléfono">0986688304</SimpleData>
            <SimpleData name="Vivienda_L">-24.49530530000</SimpleData>
            <SimpleData name="Vivienda_1">-55.86990190000</SimpleData>
            <SimpleData name="Superficie">0.70000000000</SimpleData>
            <SimpleData name="Situaci_1">Par?metro</SimpleData>
            <SimpleData name="Plantado">SI</SimpleData>
            <SimpleData name="Fecha_Plan">2026/05/19</SimpleData>
            <SimpleData name="Jornales">0.00000000000</SimpleData>
            <SimpleData name="Monto">0.00000000000</SimpleData>
            <SimpleData name="Grupo_de_p">G-P4-XX-XX-XX</SimpleData>
            <SimpleData name="Estado_del">Activo</SimpleData>
            <SimpleData name="Empresa">Red Forestal Paraguay SA</SimpleData>
            <SimpleData name="Lote">G</SimpleData>
            <SimpleData name="Parametro">0.00000000000</SimpleData>
            <SimpleData name="Sup_SIG">0.77852652176</SimpleData>
            <SimpleData name="X">-55.87335910000</SimpleData>
            <SimpleData name="Y">-24.49552514000</SimpleData>
            <SimpleData name="cedula">4600609</SimpleData>
            <SimpleData name="Cédula_1">4600609.00000000000</SimpleData>
            <SimpleData name="Estado_d_1">Activo</SimpleData>
            <SimpleData name="OBJECTID_1">6937</SimpleData>
            <SimpleData name="Shape_Leng">409.04446221900</SimpleData>
            <SimpleData name="Shape_Area">7785.26521761000</SimpleData>
          </SchemaData>
        </ExtendedData>
        <Polygon>
          <outerBoundaryIs>
            <LinearRing>
              <coordinates>
                -55.872559999876,-24.4957282997004,0
                -55.8741206999803,-24.495774300082,0
                -55.8741182000941,-24.4953215999388,0
                -55.8726507003443,-24.4952674998154,0
                -55.872559999876,-24.4957282997004,0
              </coordinates>
            </LinearRing>
          </outerBoundaryIs>
        </Polygon>
      </Placemark>
      <Placemark id="Lote_G.181">
        <ExtendedData>
          <SchemaData schemaUrl="#Lote_G.schema">
            <SimpleData name="Cédula">5045432.00000000000</SimpleData>
            <SimpleData name="Nombres_y_">SEBASTIAN VERA BENITEZ</SimpleData>
            <SimpleData name="Sexo">Hombre</SimpleData>
            <SimpleData name="Cambio_de_">NO</SimpleData>
            <SimpleData name="Titular_se">NO</SimpleData>
            <SimpleData name="ci_UNIF">5045432.00000000000</SimpleData>
            <SimpleData name="Situación">NO</SimpleData>
            <SimpleData name="Comunidad">Ind?gena</SimpleData>
            <SimpleData name="Modelo_imp">Modelo 2</SimpleData>
            <SimpleData name="Departamen">CANINDEYU</SimpleData>
            <SimpleData name="Distrito">YASY CA?Y</SimpleData>
            <SimpleData name="Localidad"><![CDATA[COM INDIG YVA'Y MIRI]]></SimpleData>
            <SimpleData name="Teléfono">ND</SimpleData>
            <SimpleData name="Vivienda_L">-24.55788340000</SimpleData>
            <SimpleData name="Vivienda_1">-55.91501970000</SimpleData>
            <SimpleData name="Superficie">0.80000000000</SimpleData>
            <SimpleData name="Situaci_1">Par?metro</SimpleData>
            <SimpleData name="Plantado">SI</SimpleData>
            <SimpleData name="Fecha_Plan">2026/05/27</SimpleData>
            <SimpleData name="Jornales">0.00000000000</SimpleData>
            <SimpleData name="Monto">0.00000000000</SimpleData>
            <SimpleData name="Grupo_de_p">G-P4-XX-XX-XX</SimpleData>
            <SimpleData name="Estado_del">Activo</SimpleData>
            <SimpleData name="Empresa">Red Forestal Paraguay SA</SimpleData>
            <SimpleData name="Lote">G</SimpleData>
            <SimpleData name="Parametro">0.00000000000</SimpleData>
            <SimpleData name="Sup_SIG">0.85866006805</SimpleData>
            <SimpleData name="X">-55.91668134000</SimpleData>
            <SimpleData name="Y">-24.55745574000</SimpleData>
            <SimpleData name="cedula">5045432</SimpleData>
            <SimpleData name="Cédula_1">5045432.00000000000</SimpleData>
            <SimpleData name="Estado_d_1">Activo</SimpleData>
            <SimpleData name="OBJECTID_1">6993</SimpleData>
            <SimpleData name="Shape_Leng">430.78404571700</SimpleData>
            <SimpleData name="Shape_Area">8586.60068054000</SimpleData>
          </SchemaData>
        </ExtendedData>
        <Polygon>
          <outerBoundaryIs>
            <LinearRing>
              <coordinates>
                -55.9169195703467,-24.5569744271921,0
                -55.9167317807874,-24.5570575259692,0
                -55.9158850005054,-24.5577200004145,0
                -55.9161433001556,-24.5580599994308,0
                -55.9175349996313,-24.5572199998652,0
                -55.9174614001559,-24.5570130993723,0
                -55.9171878006596,-24.5570670999559,0
                -55.9169516992602,-24.5569682996567,0
                -55.9169195703467,-24.5569744271921,0
              </coordinates>
            </LinearRing>
          </outerBoundaryIs>
        </Polygon>
      </Placemark>
      <Placemark id="Lote_G.182">
        <ExtendedData>
          <SchemaData schemaUrl="#Lote_G.schema">
            <SimpleData name="Cédula">5102940.00000000000</SimpleData>
            <SimpleData name="Nombres_y_">MERCENIO FERNANDEZ CANO</SimpleData>
            <SimpleData name="Sexo">Hombre</SimpleData>
            <SimpleData name="Cambio_de_">NO</SimpleData>
            <SimpleData name="Titular_se">NO</SimpleData>
            <SimpleData name="ci_UNIF">5102940.00000000000</SimpleData>
            <SimpleData name="Situación">NO</SimpleData>
            <SimpleData name="Comunidad">Campesina</SimpleData>
            <SimpleData name="Modelo_imp">Modelo 5</SimpleData>
            <SimpleData name="Departamen">CANINDEYU</SimpleData>
            <SimpleData name="Distrito">YASY CA?Y</SimpleData>
            <SimpleData name="Localidad">MANDUARA 4TA LINEA</SimpleData>
            <SimpleData name="Teléfono">0984499105</SimpleData>
            <SimpleData name="Vivienda_L">-24.47591810000</SimpleData>
            <SimpleData name="Vivienda_1">-55.92058420000</SimpleData>
            <SimpleData name="Superficie">0.70000000000</SimpleData>
            <SimpleData name="Situaci_1">Par?metro</SimpleData>
            <SimpleData name="Plantado">SI</SimpleData>
            <SimpleData name="Fecha_Plan">2026/05/20</SimpleData>
            <SimpleData name="Jornales">0.00000000000</SimpleData>
            <SimpleData name="Monto">0.00000000000</SimpleData>
            <SimpleData name="Grupo_de_p">G-P4-XX-XX-XX</SimpleData>
            <SimpleData name="Estado_del">Activo</SimpleData>
            <SimpleData name="Empresa">Red Forestal Paraguay SA</SimpleData>
            <SimpleData name="Lote">G</SimpleData>
            <SimpleData name="Parametro">0.00000000000</SimpleData>
            <SimpleData name="Sup_SIG">0.72570452620</SimpleData>
            <SimpleData name="X">-55.91731897000</SimpleData>
            <SimpleData name="Y">-24.47361596000</SimpleData>
            <SimpleData name="cedula">5102940</SimpleData>
            <SimpleData name="Cédula_1">5102940.00000000000</SimpleData>
            <SimpleData name="Estado_d_1">Activo</SimpleData>
            <SimpleData name="OBJECTID_1">6766</SimpleData>
            <SimpleData name="Shape_Leng">396.17975571200</SimpleData>
            <SimpleData name="Shape_Area">7257.04526200000</SimpleData>
          </SchemaData>
        </ExtendedData>
        <Polygon>
          <outerBoundaryIs>
            <LinearRing>
              <coordinates>
                -55.916591600578,-24.4733850000679,0
                -55.9177744000931,-24.4742074000036,0
                -55.9180433003379,-24.4738683000576,0
                -55.916902500022,-24.4730262997215,0
                -55.916591600578,-24.4733850000679,0
              </coordinates>
            </LinearRing>
          </outerBoundaryIs>
        </Polygon>
      </Placemark>
      <Placemark id="Lote_G.183">
        <ExtendedData>
          <SchemaData schemaUrl="#Lote_G.schema">
            <SimpleData name="Cédula">5138578.00000000000</SimpleData>
            <SimpleData name="Nombres_y_">SONIA ELIZABETH MOREL GAUTO</SimpleData>
            <SimpleData name="Sexo">Mujer</SimpleData>
            <SimpleData name="Cambio_de_">NO</SimpleData>
            <SimpleData name="Titular_se">NO</SimpleData>
            <SimpleData name="ci_UNIF">5138578.00000000000</SimpleData>
            <SimpleData name="Situación">NO</SimpleData>
            <SimpleData name="Comunidad">Campesina</SimpleData>
            <SimpleData name="Modelo_imp">Modelo 5</SimpleData>
            <SimpleData name="Departamen">CANINDEYU</SimpleData>
            <SimpleData name="Distrito">YASY CA?Y</SimpleData>
            <SimpleData name="Localidad">MANDUARA 4TA LINEA</SimpleData>
            <SimpleData name="Teléfono">0984959409</SimpleData>
            <SimpleData name="Vivienda_L">-24.48054030000</SimpleData>
            <SimpleData name="Vivienda_1">-55.91645120000</SimpleData>
            <SimpleData name="Superficie">0.70000000000</SimpleData>
            <SimpleData name="Situaci_1">Par?metro</SimpleData>
            <SimpleData name="Plantado">SI</SimpleData>
            <SimpleData name="Fecha_Plan">2026/05/20</SimpleData>
            <SimpleData name="Jornales">0.00000000000</SimpleData>
            <SimpleData name="Monto">0.00000000000</SimpleData>
            <SimpleData name="Grupo_de_p">G-P4-XX-XX-XX</SimpleData>
            <SimpleData name="Estado_del">Activo</SimpleData>
            <SimpleData name="Empresa">Red Forestal Paraguay SA</SimpleData>
            <SimpleData name="Lote">G</SimpleData>
            <SimpleData name="Parametro">0.00000000000</SimpleData>
            <SimpleData name="Sup_SIG">0.73408434362</SimpleData>
            <SimpleData name="X">-55.89517817000</SimpleData>
            <SimpleData name="Y">-24.47264442000</SimpleData>
            <SimpleData name="cedula">5138578</SimpleData>
            <SimpleData name="Cédula_1">5138578.00000000000</SimpleData>
            <SimpleData name="Estado_d_1">Activo</SimpleData>
            <SimpleData name="OBJECTID_1">6947</SimpleData>
            <SimpleData name="Shape_Leng">373.53634166200</SimpleData>
            <SimpleData name="Shape_Area">7340.84343617000</SimpleData>
          </SchemaData>
        </ExtendedData>
        <Polygon>
          <outerBoundaryIs>
            <LinearRing>
              <coordinates>
                -55.8945982999782,-24.4725950003394,0
                -55.8953551003995,-24.473274899941,0
                -55.8956025000218,-24.4730386993051,0
                -55.89539470034,-24.4727733995992,0
                -55.8956788005216,-24.4724626005528,0
                -55.8951367001229,-24.4720767002879,0
                -55.8945982999782,-24.4725950003394,0
              </coordinates>
            </LinearRing>
          </outerBoundaryIs>
        </Polygon>
      </Placemark>
      <Placemark id="Lote_G.184">
        <ExtendedData>
          <SchemaData schemaUrl="#Lote_G.schema">
            <SimpleData name="Cédula">5256698.00000000000</SimpleData>
            <SimpleData name="Nombres_y_">FRANCISCO BENITEZ SOSA</SimpleData>
            <SimpleData name="Sexo">Hombre</SimpleData>
            <SimpleData name="Cambio_de_">NO</SimpleData>
            <SimpleData name="Titular_se">NO</SimpleData>
            <SimpleData name="ci_UNIF">5256698.00000000000</SimpleData>
            <SimpleData name="Situación">NO</SimpleData>
            <SimpleData name="Comunidad">Ind?gena</SimpleData>
            <SimpleData name="Modelo_imp">Modelo 4</SimpleData>
            <SimpleData name="Departamen">CANINDEYU</SimpleData>
            <SimpleData name="Distrito">YBY PYTA</SimpleData>
            <SimpleData name="Localidad">COM INDIG TEKOHA POTY PYAHU</SimpleData>
            <SimpleData name="Teléfono">0984842494</SimpleData>
            <SimpleData name="Vivienda_L">-24.25142360000</SimpleData>
            <SimpleData name="Vivienda_1">-55.20944420000</SimpleData>
            <SimpleData name="Superficie">0.70000000000</SimpleData>
            <SimpleData name="Situaci_1">Par?metro</SimpleData>
            <SimpleData name="Plantado">SI</SimpleData>
            <SimpleData name="Fecha_Plan">2025/12/09</SimpleData>
            <SimpleData name="Jornales">0.00000000000</SimpleData>
            <SimpleData name="Monto">0.00000000000</SimpleData>
            <SimpleData name="Grupo_de_p">G-P4-XX-XX-XX</SimpleData>
            <SimpleData name="Estado_del">Activo</SimpleData>
            <SimpleData name="Empresa">Red Forestal Paraguay SA</SimpleData>
            <SimpleData name="Lote">G</SimpleData>
            <SimpleData name="Parametro">0.00000000000</SimpleData>
            <SimpleData name="Sup_SIG">0.70949212659</SimpleData>
            <SimpleData name="X">-55.20634578000</SimpleData>
            <SimpleData name="Y">-24.25489420000</SimpleData>
            <SimpleData name="cedula">5256698</SimpleData>
            <SimpleData name="Cédula_1">5256698.00000000000</SimpleData>
            <SimpleData name="Estado_d_1">Activo</SimpleData>
            <SimpleData name="OBJECTID_1">8682</SimpleData>
            <SimpleData name="Shape_Leng">361.58843543500</SimpleData>
            <SimpleData name="Shape_Area">7094.92126586000</SimpleData>
          </SchemaData>
        </ExtendedData>
        <Polygon>
          <outerBoundaryIs>
            <LinearRing>
              <coordinates>
                -55.2057658997689,-24.2550884003576,0
                -55.206061699603,-24.2555016997898,0
                -55.2069517000426,-24.2547317000098,0
                -55.2065504997246,-24.254290800816,0
                -55.2057658997689,-24.2550884003576,0
              </coordinates>
            </LinearRing>
          </outerBoundaryIs>
        </Polygon>
      </Placemark>
      <Placemark id="Lote_G.185">
        <ExtendedData>
          <SchemaData schemaUrl="#Lote_G.schema">
            <SimpleData name="Cédula">5944775.00000000000</SimpleData>
            <SimpleData name="Nombres_y_">ERMELINDA QUI?ONEZ AGUILERA</SimpleData>
            <SimpleData name="Sexo">Mujer</SimpleData>
            <SimpleData name="Cambio_de_">NO</SimpleData>
            <SimpleData name="Titular_se">NO</SimpleData>
            <SimpleData name="ci_UNIF">5944775.00000000000</SimpleData>
            <SimpleData name="Situación">NO</SimpleData>
            <SimpleData name="Comunidad">Campesina</SimpleData>
            <SimpleData name="Modelo_imp">Modelo 5</SimpleData>
            <SimpleData name="Departamen">CANINDEYU</SimpleData>
            <SimpleData name="Distrito">YASY CA?Y</SimpleData>
            <SimpleData name="Localidad">ASENT. 8 DE DICIEMBRE</SimpleData>
            <SimpleData name="Teléfono">0981201215</SimpleData>
            <SimpleData name="Vivienda_L">-24.53040000000</SimpleData>
            <SimpleData name="Vivienda_1">-55.93456010000</SimpleData>
            <SimpleData name="Superficie">0.70000000000</SimpleData>
            <SimpleData name="Situaci_1">Par?metro</SimpleData>
            <SimpleData name="Plantado">SI</SimpleData>
            <SimpleData name="Fecha_Plan">2026/05/19</SimpleData>
            <SimpleData name="Jornales">0.00000000000</SimpleData>
            <SimpleData name="Monto">0.00000000000</SimpleData>
            <SimpleData name="Grupo_de_p">G-P4-XX-XX-XX</SimpleData>
            <SimpleData name="Estado_del">Activo</SimpleData>
            <SimpleData name="Empresa">Red Forestal Paraguay SA</SimpleData>
            <SimpleData name="Lote">G</SimpleData>
            <SimpleData name="Parametro">0.00000000000</SimpleData>
            <SimpleData name="Sup_SIG">0.72789577196</SimpleData>
            <SimpleData name="X">-55.93456268000</SimpleData>
            <SimpleData name="Y">-24.52941775000</SimpleData>
            <SimpleData name="cedula">5944775</SimpleData>
            <SimpleData name="Cédula_1">5944775.00000000000</SimpleData>
            <SimpleData name="Estado_d_1">Activo</SimpleData>
            <SimpleData name="OBJECTID_1">6957</SimpleData>
            <SimpleData name="Shape_Leng">408.30395421900</SimpleData>
            <SimpleData name="Shape_Area">7278.95771958000</SimpleData>
          </SchemaData>
        </ExtendedData>
        <Polygon>
          <outerBoundaryIs>
            <LinearRing>
              <coordinates>
                -55.9343866994746,-24.5291999994797,0
                -55.9343844000409,-24.5295766001964,0
                -55.9341317003303,-24.5295717001148,0
                -55.9341583000318,-24.5299650003411,0
                -55.9342380998924,-24.5300082998359,0
                -55.9345382998005,-24.53008330051,0
                -55.9346224999874,-24.5298387001292,0
                -55.9348117000882,-24.5297700001911,0
                -55.9348283004745,-24.529538299353,0
                -55.9348815997587,-24.5295033993721,0
                -55.9349187000739,-24.5288066005398,0
                -55.9343999995914,-24.5287917003801,0
                -55.9343866994746,-24.5291999994797,0
              </coordinates>
            </LinearRing>
          </outerBoundaryIs>
        </Polygon>
      </Placemark>
      <Placemark id="Lote_G.186">
        <ExtendedData>
          <SchemaData schemaUrl="#Lote_G.schema">
            <SimpleData name="Cédula">5957405.00000000000</SimpleData>
            <SimpleData name="Nombres_y_">SACHI GONZALEZ VERA</SimpleData>
            <SimpleData name="Sexo">Hombre</SimpleData>
            <SimpleData name="Cambio_de_">NO</SimpleData>
            <SimpleData name="Titular_se">NO</SimpleData>
            <SimpleData name="ci_UNIF">5957405.00000000000</SimpleData>
            <SimpleData name="Situación">NO</SimpleData>
            <SimpleData name="Comunidad">Ind?gena</SimpleData>
            <SimpleData name="Modelo_imp">Modelo 1</SimpleData>
            <SimpleData name="Departamen">CANINDEYU</SimpleData>
            <SimpleData name="Distrito">YASY CA?Y</SimpleData>
            <SimpleData name="Localidad">COM INDIG SAN ANTONIO</SimpleData>
            <SimpleData name="Teléfono">0986457582</SimpleData>
            <SimpleData name="Vivienda_L">-24.53102730000</SimpleData>
            <SimpleData name="Vivienda_1">-55.96013780000</SimpleData>
            <SimpleData name="Superficie">0.80000000000</SimpleData>
            <SimpleData name="Situaci_1">Par?metro</SimpleData>
            <SimpleData name="Plantado">SI</SimpleData>
            <SimpleData name="Fecha_Plan">2026/05/26</SimpleData>
            <SimpleData name="Jornales">0.00000000000</SimpleData>
            <SimpleData name="Monto">0.00000000000</SimpleData>
            <SimpleData name="Grupo_de_p">G-P4-XX-XX-XX</SimpleData>
            <SimpleData name="Estado_del">Activo</SimpleData>
            <SimpleData name="Empresa">Red Forestal Paraguay SA</SimpleData>
            <SimpleData name="Lote">G</SimpleData>
            <SimpleData name="Parametro">0.00000000000</SimpleData>
            <SimpleData name="Sup_SIG">0.79611433433</SimpleData>
            <SimpleData name="X">-55.96101005000</SimpleData>
            <SimpleData name="Y">-24.53132564000</SimpleData>
            <SimpleData name="cedula">5957405</SimpleData>
            <SimpleData name="Cédula_1">5957405.00000000000</SimpleData>
            <SimpleData name="Estado_d_1">Activo</SimpleData>
            <SimpleData name="OBJECTID_1">6982</SimpleData>
            <SimpleData name="Shape_Leng">495.49721509700</SimpleData>
            <SimpleData name="Shape_Area">7961.14334328000</SimpleData>
          </SchemaData>
        </ExtendedData>
        <Polygon>
          <outerBoundaryIs>
            <LinearRing>
              <coordinates>
                -55.9605008007449,-24.530941099749,0
                -55.9604900005775,-24.5315367004902,0
                -55.9613524995896,-24.5318478999056,0
                -55.9615420003023,-24.5316310000611,0
                -55.9616832997739,-24.5311267000274,0
                -55.9613372998693,-24.5310313000289,0
                -55.9613241001011,-24.531453399662,0
                -55.9610199992549,-24.531454500283,0
                -55.9610003000624,-24.530773200431,0
                -55.9605866995881,-24.5308282998157,0
                -55.9605008007449,-24.530941099749,0
              </coordinates>
            </LinearRing>
          </outerBoundaryIs>
        </Polygon>
      </Placemark>
      <Placemark id="Lote_G.187">
        <ExtendedData>
          <SchemaData schemaUrl="#Lote_G.schema">
            <SimpleData name="Cédula">5957448.00000000000</SimpleData>
            <SimpleData name="Nombres_y_">DANIEL OLIVEIRA ZARATE</SimpleData>
            <SimpleData name="Sexo">Hombre</SimpleData>
            <SimpleData name="Cambio_de_">NO</SimpleData>
            <SimpleData name="Titular_se">NO</SimpleData>
            <SimpleData name="ci_UNIF">5957448.00000000000</SimpleData>
            <SimpleData name="Situación">NO</SimpleData>
            <SimpleData name="Comunidad">Ind?gena</SimpleData>
            <SimpleData name="Modelo_imp">Modelo 5</SimpleData>
            <SimpleData name="Departamen">CANINDEYU</SimpleData>
            <SimpleData name="Distrito">YBY PYTA</SimpleData>
            <SimpleData name="Localidad">COM INDIG TEKOHA POTY PYAHU</SimpleData>
            <SimpleData name="Teléfono">0975272786</SimpleData>
            <SimpleData name="Vivienda_L">-24.25838500000</SimpleData>
            <SimpleData name="Vivienda_1">-55.22938470000</SimpleData>
            <SimpleData name="Superficie">0.70000000000</SimpleData>
            <SimpleData name="Situaci_1">Par?metro</SimpleData>
            <SimpleData name="Plantado">SI</SimpleData>
            <SimpleData name="Fecha_Plan">2026/05/24</SimpleData>
            <SimpleData name="Jornales">0.00000000000</SimpleData>
            <SimpleData name="Monto">0.00000000000</SimpleData>
            <SimpleData name="Grupo_de_p">G-P4-XX-XX-XX</SimpleData>
            <SimpleData name="Estado_del">Activo</SimpleData>
            <SimpleData name="Empresa">Red Forestal Paraguay SA</SimpleData>
            <SimpleData name="Lote">G</SimpleData>
            <SimpleData name="Parametro">0.00000000000</SimpleData>
            <SimpleData name="Sup_SIG">0.69698508885</SimpleData>
            <SimpleData name="X">-55.22901059000</SimpleData>
            <SimpleData name="Y">-24.25809065000</SimpleData>
            <SimpleData name="cedula">5957448</SimpleData>
            <SimpleData name="Cédula_1">5957448.00000000000</SimpleData>
            <SimpleData name="Estado_d_1">Activo</SimpleData>
            <SimpleData name="OBJECTID_1">7060</SimpleData>
            <SimpleData name="Shape_Leng">366.92343657100</SimpleData>
            <SimpleData name="Shape_Area">6969.85088847000</SimpleData>
          </SchemaData>
        </ExtendedData>
        <Polygon>
          <outerBoundaryIs>
            <LinearRing>
              <coordinates>
                -55.2284866996678,-24.2578367003732,0
                -55.2285469003104,-24.2584484002513,0
                -55.2291992004426,-24.258480900194,0
                -55.2292116997582,-24.2582017005649,0
                -55.2295442995413,-24.2582236000002,0
                -55.2296099994474,-24.257746699857,0
                -55.2284866996678,-24.2578367003732,0
              </coordinates>
            </LinearRing>
          </outerBoundaryIs>
        </Polygon>
      </Placemark>
      <Placemark id="Lote_G.188">
        <ExtendedData>
          <SchemaData schemaUrl="#Lote_G.schema">
            <SimpleData name="Cédula">6184870.00000000000</SimpleData>
            <SimpleData name="Nombres_y_">AIDA LINA AHRENS ESTIGARRIBIA</SimpleData>
            <SimpleData name="Sexo">Mujer</SimpleData>
            <SimpleData name="Cambio_de_">NO</SimpleData>
            <SimpleData name="Titular_se">NO</SimpleData>
            <SimpleData name="ci_UNIF">6184870.00000000000</SimpleData>
            <SimpleData name="Situación">NO</SimpleData>
            <SimpleData name="Comunidad">Campesina</SimpleData>
            <SimpleData name="Modelo_imp">Modelo 5</SimpleData>
            <SimpleData name="Departamen">CANINDEYU</SimpleData>
            <SimpleData name="Distrito">YASY CA?Y</SimpleData>
            <SimpleData name="Localidad">MANDUARA 6TA LINEA</SimpleData>
            <SimpleData name="Teléfono">0975245254</SimpleData>
            <SimpleData name="Vivienda_L">-24.41162610000</SimpleData>
            <SimpleData name="Vivienda_1">-55.92746920000</SimpleData>
            <SimpleData name="Superficie">0.70000000000</SimpleData>
            <SimpleData name="Situaci_1">Par?metro</SimpleData>
            <SimpleData name="Plantado">SI</SimpleData>
            <SimpleData name="Fecha_Plan">2026/05/22</SimpleData>
            <SimpleData name="Jornales">0.00000000000</SimpleData>
            <SimpleData name="Monto">0.00000000000</SimpleData>
            <SimpleData name="Grupo_de_p">G-P4-XX-XX-XX</SimpleData>
            <SimpleData name="Estado_del">Activo</SimpleData>
            <SimpleData name="Empresa">Red Forestal Paraguay SA</SimpleData>
            <SimpleData name="Lote">G</SimpleData>
            <SimpleData name="Parametro">0.00000000000</SimpleData>
            <SimpleData name="Sup_SIG">0.79770926090</SimpleData>
            <SimpleData name="X">-55.91814233000</SimpleData>
            <SimpleData name="Y">-24.41382625000</SimpleData>
            <SimpleData name="cedula">6184870</SimpleData>
            <SimpleData name="Cédula_1">6184870.00000000000</SimpleData>
            <SimpleData name="Estado_d_1">Activo</SimpleData>
            <SimpleData name="OBJECTID_1">5220</SimpleData>
            <SimpleData name="Shape_Leng">359.62529467200</SimpleData>
            <SimpleData name="Shape_Area">7977.09260895000</SimpleData>
          </SchemaData>
        </ExtendedData>
        <Polygon>
          <outerBoundaryIs>
            <LinearRing>
              <coordinates>
                -55.9175209005555,-24.4139457002493,0
                -55.9181215992746,-24.4143974999836,0
                -55.9187592000874,-24.4137318003507,0
                -55.9181706001042,-24.4132416006258,0
                -55.9175209005555,-24.4139457002493,0
              </coordinates>
            </LinearRing>
          </outerBoundaryIs>
        </Polygon>
      </Placemark>
      <Placemark id="Lote_G.189">
        <ExtendedData>
          <SchemaData schemaUrl="#Lote_G.schema">
            <SimpleData name="Cédula">6229413.00000000000</SimpleData>
            <SimpleData name="Nombres_y_">MARIBEL BENITEZ SOSA</SimpleData>
            <SimpleData name="Sexo">Mujer</SimpleData>
            <SimpleData name="Cambio_de_">NO</SimpleData>
            <SimpleData name="Titular_se">NO</SimpleData>
            <SimpleData name="ci_UNIF">6229413.00000000000</SimpleData>
            <SimpleData name="Situación">NO</SimpleData>
            <SimpleData name="Comunidad">Ind?gena</SimpleData>
            <SimpleData name="Modelo_imp">Modelo 1</SimpleData>
            <SimpleData name="Departamen">CANINDEYU</SimpleData>
            <SimpleData name="Distrito">YASY CA?Y</SimpleData>
            <SimpleData name="Localidad">COM INDIG TEKOHA MIRI</SimpleData>
            <SimpleData name="Teléfono">ND</SimpleData>
            <SimpleData name="Vivienda_L">-24.52280460000</SimpleData>
            <SimpleData name="Vivienda_1">-55.98137070000</SimpleData>
            <SimpleData name="Superficie">0.80000000000</SimpleData>
            <SimpleData name="Situaci_1">Par?metro</SimpleData>
            <SimpleData name="Plantado">SI</SimpleData>
            <SimpleData name="Fecha_Plan">2026/05/23</SimpleData>
            <SimpleData name="Jornales">0.00000000000</SimpleData>
            <SimpleData name="Monto">0.00000000000</SimpleData>
            <SimpleData name="Grupo_de_p">G-P4-XX-XX-XX</SimpleData>
            <SimpleData name="Estado_del">Activo</SimpleData>
            <SimpleData name="Empresa">Red Forestal Paraguay SA</SimpleData>
            <SimpleData name="Lote">G</SimpleData>
            <SimpleData name="Parametro">0.00000000000</SimpleData>
            <SimpleData name="Sup_SIG">0.80899868622</SimpleData>
            <SimpleData name="X">-55.99085418000</SimpleData>
            <SimpleData name="Y">-24.52285880000</SimpleData>
            <SimpleData name="cedula">6229413</SimpleData>
            <SimpleData name="Cédula_1">6229413.00000000000</SimpleData>
            <SimpleData name="Estado_d_1">Activo</SimpleData>
            <SimpleData name="OBJECTID_1">7032</SimpleData>
            <SimpleData name="Shape_Leng">391.78120633600</SimpleData>
            <SimpleData name="Shape_Area">8089.98686220000</SimpleData>
          </SchemaData>
        </ExtendedData>
        <Polygon>
          <outerBoundaryIs>
            <LinearRing>
              <coordinates>
                -55.9902268460248,-24.5225658590166,0
                -55.9901516997967,-24.5231032992713,0
                -55.9914750004345,-24.5231499996463,0
                -55.9915900726893,-24.5226547976458,0
                -55.991593000351,-24.5226422003606,0
                -55.9914295240509,-24.5226303393718,0
                -55.9908766785235,-24.5225902252838,0
                -55.9902484632659,-24.5225531836541,0
                -55.9902465998796,-24.5225671001996,0
                -55.9902268460248,-24.5225658590166,0
              </coordinates>
            </LinearRing>
          </outerBoundaryIs>
        </Polygon>
      </Placemark>
      <Placemark id="Lote_G.190">
        <ExtendedData>
          <SchemaData schemaUrl="#Lote_G.schema">
            <SimpleData name="Cédula">6346145.00000000000</SimpleData>
            <SimpleData name="Nombres_y_">ESTELVINA MENDEZ DE FRANCO</SimpleData>
            <SimpleData name="Sexo">Mujer</SimpleData>
            <SimpleData name="Cambio_de_">NO</SimpleData>
            <SimpleData name="Titular_se">NO</SimpleData>
            <SimpleData name="ci_UNIF">6346145.00000000000</SimpleData>
            <SimpleData name="Situación">NO</SimpleData>
            <SimpleData name="Comunidad">Campesina</SimpleData>
            <SimpleData name="Modelo_imp">Modelo 5</SimpleData>
            <SimpleData name="Departamen">CANINDEYU</SimpleData>
            <SimpleData name="Distrito">YASY CA?Y</SimpleData>
            <SimpleData name="Localidad">SAN BLAS</SimpleData>
            <SimpleData name="Teléfono">0985571078</SimpleData>
            <SimpleData name="Vivienda_L">-24.50882310000</SimpleData>
            <SimpleData name="Vivienda_1">-55.86833260000</SimpleData>
            <SimpleData name="Superficie">0.70000000000</SimpleData>
            <SimpleData name="Situaci_1">Par?metro</SimpleData>
            <SimpleData name="Plantado">SI</SimpleData>
            <SimpleData name="Fecha_Plan">2026/05/20</SimpleData>
            <SimpleData name="Jornales">0.00000000000</SimpleData>
            <SimpleData name="Monto">0.00000000000</SimpleData>
            <SimpleData name="Grupo_de_p">G-P4-XX-XX-XX</SimpleData>
            <SimpleData name="Estado_del">Activo</SimpleData>
            <SimpleData name="Empresa">Red Forestal Paraguay SA</SimpleData>
            <SimpleData name="Lote">G</SimpleData>
            <SimpleData name="Parametro">0.00000000000</SimpleData>
            <SimpleData name="Sup_SIG">0.69767332142</SimpleData>
            <SimpleData name="X">-55.86691351000</SimpleData>
            <SimpleData name="Y">-24.50905947000</SimpleData>
            <SimpleData name="cedula">6346145</SimpleData>
            <SimpleData name="Cédula_1">6346145.00000000000</SimpleData>
            <SimpleData name="Estado_d_1">Activo</SimpleData>
            <SimpleData name="OBJECTID_1">6938</SimpleData>
            <SimpleData name="Shape_Leng">494.92277460900</SimpleData>
            <SimpleData name="Shape_Area">6976.73321421000</SimpleData>
          </SchemaData>
        </ExtendedData>
        <MultiGeometry>
          <Polygon>
            <outerBoundaryIs>
              <LinearRing>
                <coordinates>
                  -55.8678011999975,-24.5092866002069,0
                  -55.8678520000902,-24.5089943003306,0
                  -55.8677594999318,-24.5089506004099,0
                  -55.8677273996281,-24.5088896997952,0
                  -55.8667851997629,-24.5088484002283,0
                  -55.8667980004663,-24.5092554006153,0
                  -55.8678011999975,-24.5092866002069,0
                </coordinates>
              </LinearRing>
            </outerBoundaryIs>
          </Polygon>
          <Polygon>
            <outerBoundaryIs>
              <LinearRing>
                <coordinates>
                  -55.8664661004036,-24.5092281005775,0
                  -55.8664850001295,-24.5088550004233,0
                  -55.8658776001719,-24.5088670004419,0
                  -55.8658450005578,-24.5091882996278,0
                  -55.8664661004036,-24.5092281005775,0
                </coordinates>
              </LinearRing>
            </outerBoundaryIs>
          </Polygon>
        </MultiGeometry>
      </Placemark>
      <Placemark id="Lote_G.191">
        <ExtendedData>
          <SchemaData schemaUrl="#Lote_G.schema">
            <SimpleData name="Cédula">6557475.00000000000</SimpleData>
            <SimpleData name="Nombres_y_">BACILIO ADAN VERA BENITEZ</SimpleData>
            <SimpleData name="Sexo">Hombre</SimpleData>
            <SimpleData name="Cambio_de_">NO</SimpleData>
            <SimpleData name="Titular_se">NO</SimpleData>
            <SimpleData name="ci_UNIF">6557475.00000000000</SimpleData>
            <SimpleData name="Situación">NO</SimpleData>
            <SimpleData name="Comunidad">Ind?gena</SimpleData>
            <SimpleData name="Modelo_imp">Modelo 1</SimpleData>
            <SimpleData name="Departamen">CANINDEYU</SimpleData>
            <SimpleData name="Distrito">YASY CA?Y</SimpleData>
            <SimpleData name="Localidad">COM INDIG TUNA POTY</SimpleData>
            <SimpleData name="Teléfono">0984094118</SimpleData>
            <SimpleData name="Vivienda_L">-24.52360070000</SimpleData>
            <SimpleData name="Vivienda_1">-55.98273220000</SimpleData>
            <SimpleData name="Superficie">0.80000000000</SimpleData>
            <SimpleData name="Situaci_1">Par?metro</SimpleData>
            <SimpleData name="Plantado">SI</SimpleData>
            <SimpleData name="Fecha_Plan">2026/05/23</SimpleData>
            <SimpleData name="Jornales">0.00000000000</SimpleData>
            <SimpleData name="Monto">0.00000000000</SimpleData>
            <SimpleData name="Grupo_de_p">G-P4-XX-XX-XX</SimpleData>
            <SimpleData name="Estado_del">Activo</SimpleData>
            <SimpleData name="Empresa">Red Forestal Paraguay SA</SimpleData>
            <SimpleData name="Lote">G</SimpleData>
            <SimpleData name="Parametro">0.00000000000</SimpleData>
            <SimpleData name="Sup_SIG">0.80041646022</SimpleData>
            <SimpleData name="X">-55.99077210000</SimpleData>
            <SimpleData name="Y">-24.52107506000</SimpleData>
            <SimpleData name="cedula">6557475</SimpleData>
            <SimpleData name="Cédula_1">6557475.00000000000</SimpleData>
            <SimpleData name="Estado_d_1">Activo</SimpleData>
            <SimpleData name="OBJECTID_1">7026</SimpleData>
            <SimpleData name="Shape_Leng">443.29847898600</SimpleData>
            <SimpleData name="Shape_Area">8004.16460223000</SimpleData>
          </SchemaData>
        </ExtendedData>
        <Polygon>
          <outerBoundaryIs>
            <LinearRing>
              <coordinates>
                -55.9908865000564,-24.5205972002757,0
                -55.9908225002672,-24.5207604996402,0
                -55.9904149998115,-24.520755000175,0
                -55.9903517003456,-24.521625000342,0
                -55.9910250002038,-24.5216316998096,0
                -55.9911482998019,-24.5202267000095,0
                -55.9909399997187,-24.5202316999848,0
                -55.9908865000564,-24.5205972002757,0
              </coordinates>
            </LinearRing>
          </outerBoundaryIs>
        </Polygon>
      </Placemark>
      <Placemark id="Lote_G.192">
        <ExtendedData>
          <SchemaData schemaUrl="#Lote_G.schema">
            <SimpleData name="Cédula">6586056.00000000000</SimpleData>
            <SimpleData name="Nombres_y_">SARA CONCEPCION ROLON RUIZ DIAZ</SimpleData>
            <SimpleData name="Sexo">Mujer</SimpleData>
            <SimpleData name="Cambio_de_">NO</SimpleData>
            <SimpleData name="Titular_se">NO</SimpleData>
            <SimpleData name="ci_UNIF">6586056.00000000000</SimpleData>
            <SimpleData name="Situación">NO</SimpleData>
            <SimpleData name="Comunidad">Campesina</SimpleData>
            <SimpleData name="Modelo_imp">Modelo 5</SimpleData>
            <SimpleData name="Departamen">CANINDEYU</SimpleData>
            <SimpleData name="Distrito">YASY CA?Y</SimpleData>
            <SimpleData name="Localidad">ASENT. 8 DE DICIEMBRE</SimpleData>
            <SimpleData name="Teléfono">0972885669</SimpleData>
            <SimpleData name="Vivienda_L">-24.52985310000</SimpleData>
            <SimpleData name="Vivienda_1">-55.93743200000</SimpleData>
            <SimpleData name="Superficie">0.70000000000</SimpleData>
            <SimpleData name="Situaci_1">Par?metro</SimpleData>
            <SimpleData name="Plantado">SI</SimpleData>
            <SimpleData name="Fecha_Plan">2026/05/25</SimpleData>
            <SimpleData name="Jornales">0.00000000000</SimpleData>
            <SimpleData name="Monto">0.00000000000</SimpleData>
            <SimpleData name="Grupo_de_p">G-P4-XX-XX-XX</SimpleData>
            <SimpleData name="Estado_del">Activo</SimpleData>
            <SimpleData name="Empresa">Red Forestal Paraguay SA</SimpleData>
            <SimpleData name="Lote">G</SimpleData>
            <SimpleData name="Parametro">0.00000000000</SimpleData>
            <SimpleData name="Sup_SIG">0.71576486714</SimpleData>
            <SimpleData name="X">-55.94247024000</SimpleData>
            <SimpleData name="Y">-24.53169890000</SimpleData>
            <SimpleData name="cedula">6586056</SimpleData>
            <SimpleData name="Cédula_1">6586056.00000000000</SimpleData>
            <SimpleData name="Estado_d_1">Activo</SimpleData>
            <SimpleData name="OBJECTID_1">6958</SimpleData>
            <SimpleData name="Shape_Leng">593.67898141300</SimpleData>
            <SimpleData name="Shape_Area">7157.64867141000</SimpleData>
          </SchemaData>
        </ExtendedData>
        <Polygon>
          <outerBoundaryIs>
            <LinearRing>
              <coordinates>
                -55.9419772991215,-24.5305291997969,0
                -55.9427015007173,-24.5328987998506,0
                -55.942958300035,-24.5328083003408,0
                -55.9422217007039,-24.5304832998628,0
                -55.9419772991215,-24.5305291997969,0
              </coordinates>
            </LinearRing>
          </outerBoundaryIs>
        </Polygon>
      </Placemark>
      <Placemark id="Lote_G.193">
        <ExtendedData>
          <SchemaData schemaUrl="#Lote_G.schema">
            <SimpleData name="Cédula">6691756.00000000000</SimpleData>
            <SimpleData name="Nombres_y_">ANGELICA GONZALEZ VERA</SimpleData>
            <SimpleData name="Sexo">Mujer</SimpleData>
            <SimpleData name="Cambio_de_">NO</SimpleData>
            <SimpleData name="Titular_se">NO</SimpleData>
            <SimpleData name="ci_UNIF">6691756.00000000000</SimpleData>
            <SimpleData name="Situación">NO</SimpleData>
            <SimpleData name="Comunidad">Ind?gena</SimpleData>
            <SimpleData name="Modelo_imp">Modelo 1</SimpleData>
            <SimpleData name="Departamen">CANINDEYU</SimpleData>
            <SimpleData name="Distrito">YASY CA?Y</SimpleData>
            <SimpleData name="Localidad"><![CDATA[COM INDIG KA'AGUY POTY KAMBA]]></SimpleData>
            <SimpleData name="Teléfono">0985336660</SimpleData>
            <SimpleData name="Vivienda_L">-24.56283820000</SimpleData>
            <SimpleData name="Vivienda_1">-55.92502610000</SimpleData>
            <SimpleData name="Superficie">0.80000000000</SimpleData>
            <SimpleData name="Situaci_1">Par?metro</SimpleData>
            <SimpleData name="Plantado">SI</SimpleData>
            <SimpleData name="Fecha_Plan">2026/05/28</SimpleData>
            <SimpleData name="Jornales">0.00000000000</SimpleData>
            <SimpleData name="Monto">0.00000000000</SimpleData>
            <SimpleData name="Grupo_de_p">G-P4-XX-XX-XX</SimpleData>
            <SimpleData name="Estado_del">Activo</SimpleData>
            <SimpleData name="Empresa">Red Forestal Paraguay SA</SimpleData>
            <SimpleData name="Lote">G</SimpleData>
            <SimpleData name="Parametro">0.00000000000</SimpleData>
            <SimpleData name="Sup_SIG">0.86547705652</SimpleData>
            <SimpleData name="X">-55.92458169000</SimpleData>
            <SimpleData name="Y">-24.55981878000</SimpleData>
            <SimpleData name="cedula">6691756</SimpleData>
            <SimpleData name="Cédula_1">6691756.00000000000</SimpleData>
            <SimpleData name="Estado_d_1">Activo</SimpleData>
            <SimpleData name="OBJECTID_1">6985</SimpleData>
            <SimpleData name="Shape_Leng">416.86906138400</SimpleData>
            <SimpleData name="Shape_Area">8654.77056521000</SimpleData>
          </SchemaData>
        </ExtendedData>
        <Polygon>
          <outerBoundaryIs>
            <LinearRing>
              <coordinates>
                -55.9240550002264,-24.560076699547,0
                -55.9253716999582,-24.5601217002537,0
                -55.9253916997991,-24.5599682995964,0
                -55.9252916998755,-24.5599149996437,0
                -55.9253167005585,-24.559693299383,0
                -55.9240017001737,-24.5594067001523,0
                -55.9238466998159,-24.5599917001919,0
                -55.9240063995513,-24.5599964997051,0
                -55.9240550002264,-24.560076699547,0
              </coordinates>
            </LinearRing>
          </outerBoundaryIs>
        </Polygon>
      </Placemark>
      <Placemark id="Lote_G.194">
        <ExtendedData>
          <SchemaData schemaUrl="#Lote_G.schema">
            <SimpleData name="Cédula">6746307.00000000000</SimpleData>
            <SimpleData name="Nombres_y_">MIRIAN VERA GUIMARAE</SimpleData>
            <SimpleData name="Sexo">Mujer</SimpleData>
            <SimpleData name="Cambio_de_">NO</SimpleData>
            <SimpleData name="Titular_se">NO</SimpleData>
            <SimpleData name="ci_UNIF">6746307.00000000000</SimpleData>
            <SimpleData name="Situación">NO</SimpleData>
            <SimpleData name="Comunidad">Ind?gena</SimpleData>
            <SimpleData name="Modelo_imp">Modelo 5</SimpleData>
            <SimpleData name="Departamen">CANINDEYU</SimpleData>
            <SimpleData name="Distrito">YASY CA?Y</SimpleData>
            <SimpleData name="Localidad">COM INDIG JASY POTY</SimpleData>
            <SimpleData name="Teléfono">0986559914</SimpleData>
            <SimpleData name="Vivienda_L">-24.53674030000</SimpleData>
            <SimpleData name="Vivienda_1">-55.95777400000</SimpleData>
            <SimpleData name="Superficie">0.70000000000</SimpleData>
            <SimpleData name="Situaci_1">Par?metro</SimpleData>
            <SimpleData name="Plantado">SI</SimpleData>
            <SimpleData name="Fecha_Plan">2026/05/20</SimpleData>
            <SimpleData name="Jornales">0.00000000000</SimpleData>
            <SimpleData name="Monto">0.00000000000</SimpleData>
            <SimpleData name="Grupo_de_p">G-P4-XX-XX-XX</SimpleData>
            <SimpleData name="Estado_del">Activo</SimpleData>
            <SimpleData name="Empresa">Red Forestal Paraguay SA</SimpleData>
            <SimpleData name="Lote">G</SimpleData>
            <SimpleData name="Parametro">0.00000000000</SimpleData>
            <SimpleData name="Sup_SIG">0.81163545966</SimpleData>
            <SimpleData name="X">-55.95720717000</SimpleData>
            <SimpleData name="Y">-24.53680328000</SimpleData>
            <SimpleData name="cedula">6746307</SimpleData>
            <SimpleData name="Cédula_1">6746307.00000000000</SimpleData>
            <SimpleData name="Estado_d_1">Activo</SimpleData>
            <SimpleData name="OBJECTID_1">6996</SimpleData>
            <SimpleData name="Shape_Leng">431.96829287000</SimpleData>
            <SimpleData name="Shape_Area">8116.35459663000</SimpleData>
          </SchemaData>
        </ExtendedData>
        <Polygon>
          <outerBoundaryIs>
            <LinearRing>
              <coordinates>
                -55.9566299996056,-24.5369783001188,0
                -55.9579817004909,-24.5373000003487,0
                -55.9579932995731,-24.5370783000032,0
                -55.9575427997145,-24.5369531001243,0
                -55.9576082997786,-24.5365267004445,0
                -55.9567033001818,-24.5363000002744,0
                -55.9566299996056,-24.5369783001188,0
              </coordinates>
            </LinearRing>
          </outerBoundaryIs>
        </Polygon>
      </Placemark>
      <Placemark id="Lote_G.195">
        <ExtendedData>
          <SchemaData schemaUrl="#Lote_G.schema">
            <SimpleData name="Cédula">6760090.00000000000</SimpleData>
            <SimpleData name="Nombres_y_">YESICA GONZALEZ ALONZO</SimpleData>
            <SimpleData name="Sexo">Mujer</SimpleData>
            <SimpleData name="Cambio_de_">NO</SimpleData>
            <SimpleData name="Titular_se">NO</SimpleData>
            <SimpleData name="ci_UNIF">6760090.00000000000</SimpleData>
            <SimpleData name="Situación">NO</SimpleData>
            <SimpleData name="Comunidad">Ind?gena</SimpleData>
            <SimpleData name="Modelo_imp">Modelo 5</SimpleData>
            <SimpleData name="Departamen">CANINDEYU</SimpleData>
            <SimpleData name="Distrito">YASY CA?Y</SimpleData>
            <SimpleData name="Localidad">COM INDIG  TAKUA MIRI</SimpleData>
            <SimpleData name="Teléfono">ND</SimpleData>
            <SimpleData name="Vivienda_L">-24.40684470000</SimpleData>
            <SimpleData name="Vivienda_1">-56.01017860000</SimpleData>
            <SimpleData name="Superficie">0.70000000000</SimpleData>
            <SimpleData name="Situaci_1">Par?metro</SimpleData>
            <SimpleData name="Plantado">SI</SimpleData>
            <SimpleData name="Fecha_Plan">2026/05/19</SimpleData>
            <SimpleData name="Jornales">0.00000000000</SimpleData>
            <SimpleData name="Monto">0.00000000000</SimpleData>
            <SimpleData name="Grupo_de_p">G-P4-XX-XX-XX</SimpleData>
            <SimpleData name="Estado_del">Activo</SimpleData>
            <SimpleData name="Empresa">Red Forestal Paraguay SA</SimpleData>
            <SimpleData name="Lote">G</SimpleData>
            <SimpleData name="Parametro">0.00000000000</SimpleData>
            <SimpleData name="Sup_SIG">0.77650902348</SimpleData>
            <SimpleData name="X">-56.00953085000</SimpleData>
            <SimpleData name="Y">-24.40962490000</SimpleData>
            <SimpleData name="cedula">6760090</SimpleData>
            <SimpleData name="Cédula_1">6760090.00000000000</SimpleData>
            <SimpleData name="Estado_d_1">Activo</SimpleData>
            <SimpleData name="OBJECTID_1">7025</SimpleData>
            <SimpleData name="Shape_Leng">380.96105489700</SimpleData>
            <SimpleData name="Shape_Area">7765.09023483000</SimpleData>
          </SchemaData>
        </ExtendedData>
        <Polygon>
          <outerBoundaryIs>
            <LinearRing>
              <coordinates>
                -56.0088167003727,-24.4098450001075,0
                -56.0093077006676,-24.4101529998645,0
                -56.0096122995716,-24.4098502999581,0
                -56.0097896005137,-24.409887499387,0
                -56.0102367001219,-24.4094500001016,0
                -56.0096279996984,-24.4090943007037,0
                -56.0092279995165,-24.4094901000701,0
                -56.0088167003727,-24.4098450001075,0
              </coordinates>
            </LinearRing>
          </outerBoundaryIs>
        </Polygon>
      </Placemark>
      <Placemark id="Lote_G.196">
        <ExtendedData>
          <SchemaData schemaUrl="#Lote_G.schema">
            <SimpleData name="Cédula">6835403.00000000000</SimpleData>
            <SimpleData name="Nombres_y_">ESTEBAN BENITEZ VERA</SimpleData>
            <SimpleData name="Sexo">Hombre</SimpleData>
            <SimpleData name="Cambio_de_">NO</SimpleData>
            <SimpleData name="Titular_se">NO</SimpleData>
            <SimpleData name="ci_UNIF">6835403.00000000000</SimpleData>
            <SimpleData name="Situación">NO</SimpleData>
            <SimpleData name="Comunidad">Ind?gena</SimpleData>
            <SimpleData name="Modelo_imp">Modelo 1</SimpleData>
            <SimpleData name="Departamen">CANINDEYU</SimpleData>
            <SimpleData name="Distrito">YASY CA?Y</SimpleData>
            <SimpleData name="Localidad">COM INDIG JASY POTY</SimpleData>
            <SimpleData name="Teléfono">0984909406</SimpleData>
            <SimpleData name="Vivienda_L">-24.53674700000</SimpleData>
            <SimpleData name="Vivienda_1">-55.95785710000</SimpleData>
            <SimpleData name="Superficie">0.80000000000</SimpleData>
            <SimpleData name="Situaci_1">Par?metro</SimpleData>
            <SimpleData name="Plantado">SI</SimpleData>
            <SimpleData name="Fecha_Plan">2026/05/20</SimpleData>
            <SimpleData name="Jornales">0.00000000000</SimpleData>
            <SimpleData name="Monto">0.00000000000</SimpleData>
            <SimpleData name="Grupo_de_p">G-P4-XX-XX-XX</SimpleData>
            <SimpleData name="Estado_del">Activo</SimpleData>
            <SimpleData name="Empresa">Red Forestal Paraguay SA</SimpleData>
            <SimpleData name="Lote">G</SimpleData>
            <SimpleData name="Parametro">0.00000000000</SimpleData>
            <SimpleData name="Sup_SIG">0.91695611911</SimpleData>
            <SimpleData name="X">-55.96157511000</SimpleData>
            <SimpleData name="Y">-24.54093660000</SimpleData>
            <SimpleData name="cedula">6835403</SimpleData>
            <SimpleData name="Cédula_1">6835403.00000000000</SimpleData>
            <SimpleData name="Estado_d_1">Activo</SimpleData>
            <SimpleData name="OBJECTID_1">6995</SimpleData>
            <SimpleData name="Shape_Leng">513.34087182300</SimpleData>
            <SimpleData name="Shape_Area">9169.56119112000</SimpleData>
          </SchemaData>
        </ExtendedData>
        <Polygon>
          <outerBoundaryIs>
            <LinearRing>
              <coordinates>
                -55.9607032999782,-24.5409461999756,0
                -55.9623493005778,-24.5413295994026,0
                -55.9627869001555,-24.5410287001038,0
                -55.9606261999777,-24.5405081002785,0
                -55.9605405000476,-24.5408695001687,0
                -55.9607032999782,-24.5409461999756,0
              </coordinates>
            </LinearRing>
          </outerBoundaryIs>
        </Polygon>
      </Placemark>
      <Placemark id="Lote_G.197">
        <ExtendedData>
          <SchemaData schemaUrl="#Lote_G.schema">
            <SimpleData name="Cédula">7235202.00000000000</SimpleData>
            <SimpleData name="Nombres_y_">LIBRADA SILGUERO RUIZ DIAZ</SimpleData>
            <SimpleData name="Sexo">Mujer</SimpleData>
            <SimpleData name="Cambio_de_">NO</SimpleData>
            <SimpleData name="Titular_se">NO</SimpleData>
            <SimpleData name="ci_UNIF">7235202.00000000000</SimpleData>
            <SimpleData name="Situación">NO</SimpleData>
            <SimpleData name="Comunidad">Campesina</SimpleData>
            <SimpleData name="Modelo_imp">Modelo 1</SimpleData>
            <SimpleData name="Departamen">CANINDEYU</SimpleData>
            <SimpleData name="Distrito">YASY CA?Y</SimpleData>
            <SimpleData name="Localidad">ASENT. 8 DE DICIEMBRE</SimpleData>
            <SimpleData name="Teléfono">0986527654</SimpleData>
            <SimpleData name="Vivienda_L">-24.53008950000</SimpleData>
            <SimpleData name="Vivienda_1">-55.93631100000</SimpleData>
            <SimpleData name="Superficie">0.80000000000</SimpleData>
            <SimpleData name="Situaci_1">Par?metro</SimpleData>
            <SimpleData name="Plantado">SI</SimpleData>
            <SimpleData name="Fecha_Plan">2026/05/19</SimpleData>
            <SimpleData name="Jornales">0.00000000000</SimpleData>
            <SimpleData name="Monto">0.00000000000</SimpleData>
            <SimpleData name="Grupo_de_p">G-P4-XX-XX-XX</SimpleData>
            <SimpleData name="Estado_del">Activo</SimpleData>
            <SimpleData name="Empresa">Red Forestal Paraguay SA</SimpleData>
            <SimpleData name="Lote">G</SimpleData>
            <SimpleData name="Parametro">0.00000000000</SimpleData>
            <SimpleData name="Sup_SIG">0.96604949989</SimpleData>
            <SimpleData name="X">-55.93648106000</SimpleData>
            <SimpleData name="Y">-24.52650963000</SimpleData>
            <SimpleData name="cedula">7235202</SimpleData>
            <SimpleData name="Cédula_1">7235202.00000000000</SimpleData>
            <SimpleData name="Estado_d_1">Activo</SimpleData>
            <SimpleData name="OBJECTID_1">6955</SimpleData>
            <SimpleData name="Shape_Leng">434.71485156300</SimpleData>
            <SimpleData name="Shape_Area">9660.49499885000</SimpleData>
          </SchemaData>
        </ExtendedData>
        <Polygon>
          <outerBoundaryIs>
            <LinearRing>
              <coordinates>
                -55.9357745997598,-24.5267376999107,0
                -55.9372033000199,-24.5268967000678,0
                -55.9372679995186,-24.5264161994703,0
                -55.9369921005558,-24.5263561994189,0
                -55.9366619995437,-24.5263129000791,0
                -55.936673299443,-24.5261768997692,0
                -55.9358668998692,-24.5260651993548,0
                -55.9357745997598,-24.5267376999107,0
              </coordinates>
            </LinearRing>
          </outerBoundaryIs>
        </Polygon>
      </Placemark>
      <Placemark id="Lote_G.198">
        <ExtendedData>
          <SchemaData schemaUrl="#Lote_G.schema">
            <SimpleData name="Cédula">7315569.00000000000</SimpleData>
            <SimpleData name="Nombres_y_">MARIZA GARCIA PAREDES</SimpleData>
            <SimpleData name="Sexo">Mujer</SimpleData>
            <SimpleData name="Cambio_de_">NO</SimpleData>
            <SimpleData name="Titular_se">NO</SimpleData>
            <SimpleData name="ci_UNIF">7315569.00000000000</SimpleData>
            <SimpleData name="Situación">NO</SimpleData>
            <SimpleData name="Comunidad">Ind?gena</SimpleData>
            <SimpleData name="Modelo_imp">Modelo 6</SimpleData>
            <SimpleData name="Departamen">CANINDEYU</SimpleData>
            <SimpleData name="Distrito">YASY CA?Y</SimpleData>
            <SimpleData name="Localidad">COM INDIG TUNA POTY</SimpleData>
            <SimpleData name="Teléfono">0986491457</SimpleData>
            <SimpleData name="Vivienda_L">-24.52361720000</SimpleData>
            <SimpleData name="Vivienda_1">-55.98628580000</SimpleData>
            <SimpleData name="Superficie">0.90000000000</SimpleData>
            <SimpleData name="Situaci_1">Par?metro</SimpleData>
            <SimpleData name="Plantado">SI</SimpleData>
            <SimpleData name="Fecha_Plan">2026/05/23</SimpleData>
            <SimpleData name="Jornales">0.00000000000</SimpleData>
            <SimpleData name="Monto">0.00000000000</SimpleData>
            <SimpleData name="Grupo_de_p">G-P4-XX-XX-XX</SimpleData>
            <SimpleData name="Estado_del">Activo</SimpleData>
            <SimpleData name="Empresa">Red Forestal Paraguay SA</SimpleData>
            <SimpleData name="Lote">G</SimpleData>
            <SimpleData name="Parametro">0.00000000000</SimpleData>
            <SimpleData name="Sup_SIG">0.97073494426</SimpleData>
            <SimpleData name="X">-55.99142157000</SimpleData>
            <SimpleData name="Y">-24.52205871000</SimpleData>
            <SimpleData name="cedula">7315569</SimpleData>
            <SimpleData name="Cédula_1">7315569.00000000000</SimpleData>
            <SimpleData name="Estado_d_1">Activo</SimpleData>
            <SimpleData name="OBJECTID_1">7034</SimpleData>
            <SimpleData name="Shape_Leng">407.36369524200</SimpleData>
            <SimpleData name="Shape_Area">9707.34944264000</SimpleData>
          </SchemaData>
        </ExtendedData>
        <Polygon>
          <outerBoundaryIs>
            <LinearRing>
              <coordinates>
                -55.9914295240509,-24.5226303393718,0
                -55.991593000351,-24.5226422003606,0
                -55.9915900726893,-24.5226547976458,0
                -55.9916983999762,-24.5226713001629,0
                -55.9919024999695,-24.5215172000072,0
                -55.991131699916,-24.5214882997807,0
                -55.9909349997085,-24.5225549999098,0
                -55.9914295240509,-24.5226303393718,0
              </coordinates>
            </LinearRing>
          </outerBoundaryIs>
        </Polygon>
      </Placemark>
      <Placemark id="Lote_G.199">
        <ExtendedData>
          <SchemaData schemaUrl="#Lote_G.schema">
            <SimpleData name="Cédula">7395232.00000000000</SimpleData>
            <SimpleData name="Nombres_y_"><![CDATA[MARIA NILDA VERA GYRA'A]]></SimpleData>
            <SimpleData name="Sexo">Mujer</SimpleData>
            <SimpleData name="Cambio_de_">NO</SimpleData>
            <SimpleData name="Titular_se">NO</SimpleData>
            <SimpleData name="ci_UNIF">7395232.00000000000</SimpleData>
            <SimpleData name="Situación">NO</SimpleData>
            <SimpleData name="Comunidad">Ind?gena</SimpleData>
            <SimpleData name="Modelo_imp">Modelo 5</SimpleData>
            <SimpleData name="Departamen">CANINDEYU</SimpleData>
            <SimpleData name="Distrito">YASY CA?Y</SimpleData>
            <SimpleData name="Localidad">COM INDIG TUNA POTY</SimpleData>
            <SimpleData name="Teléfono">0984964141</SimpleData>
            <SimpleData name="Vivienda_L">-24.52392210000</SimpleData>
            <SimpleData name="Vivienda_1">-55.98331330000</SimpleData>
            <SimpleData name="Superficie">0.70000000000</SimpleData>
            <SimpleData name="Situaci_1">Par?metro</SimpleData>
            <SimpleData name="Plantado">SI</SimpleData>
            <SimpleData name="Fecha_Plan">2026/05/23</SimpleData>
            <SimpleData name="Jornales">0.00000000000</SimpleData>
            <SimpleData name="Monto">0.00000000000</SimpleData>
            <SimpleData name="Grupo_de_p">G-P4-XX-XX-XX</SimpleData>
            <SimpleData name="Estado_del">Activo</SimpleData>
            <SimpleData name="Empresa">Red Forestal Paraguay SA</SimpleData>
            <SimpleData name="Lote">G</SimpleData>
            <SimpleData name="Parametro">0.00000000000</SimpleData>
            <SimpleData name="Sup_SIG">0.70868387392</SimpleData>
            <SimpleData name="X">-55.99065683000</SimpleData>
            <SimpleData name="Y">-24.52210368000</SimpleData>
            <SimpleData name="cedula">7395232</SimpleData>
            <SimpleData name="Cédula_1">7395232.00000000000</SimpleData>
            <SimpleData name="Estado_d_1">Activo</SimpleData>
            <SimpleData name="OBJECTID_1">7027</SimpleData>
            <SimpleData name="Shape_Leng">344.40251325000</SimpleData>
            <SimpleData name="Shape_Area">7086.83873916000</SimpleData>
          </SchemaData>
        </ExtendedData>
        <Polygon>
          <outerBoundaryIs>
            <LinearRing>
              <coordinates>
                -55.9903036713597,-24.5221409141301,0
                -55.9902495960159,-24.5225447213023,0
                -55.9902484632659,-24.5225531836541,0
                -55.9908766785235,-24.5225902252838,0
                -55.990901699681,-24.522591700288,0
                -55.9910804996577,-24.5216468994263,0
                -55.990403299531,-24.5216317005594,0
                -55.9903036713597,-24.5221409141301,0
              </coordinates>
            </LinearRing>
          </outerBoundaryIs>
        </Polygon>
      </Placemark>
      <Placemark id="Lote_G.200">
        <ExtendedData>
          <SchemaData schemaUrl="#Lote_G.schema">
            <SimpleData name="Cédula">7411064.00000000000</SimpleData>
            <SimpleData name="Nombres_y_">MARIA MERCEDES LOPEZ</SimpleData>
            <SimpleData name="Sexo">Mujer</SimpleData>
            <SimpleData name="Cambio_de_">NO</SimpleData>
            <SimpleData name="Titular_se">NO</SimpleData>
            <SimpleData name="ci_UNIF">7411064.00000000000</SimpleData>
            <SimpleData name="Situación">NO</SimpleData>
            <SimpleData name="Comunidad">Campesina</SimpleData>
            <SimpleData name="Modelo_imp">Modelo 5</SimpleData>
            <SimpleData name="Departamen">CANINDEYU</SimpleData>
            <SimpleData name="Distrito">YASY CA?Y</SimpleData>
            <SimpleData name="Localidad">MANDUARA 6TA LINEA</SimpleData>
            <SimpleData name="Teléfono">0985668066</SimpleData>
            <SimpleData name="Vivienda_L">-24.41337750000</SimpleData>
            <SimpleData name="Vivienda_1">-55.92650430000</SimpleData>
            <SimpleData name="Superficie">0.70000000000</SimpleData>
            <SimpleData name="Situaci_1">Par?metro</SimpleData>
            <SimpleData name="Plantado">SI</SimpleData>
            <SimpleData name="Fecha_Plan">2026/05/22</SimpleData>
            <SimpleData name="Jornales">0.00000000000</SimpleData>
            <SimpleData name="Monto">0.00000000000</SimpleData>
            <SimpleData name="Grupo_de_p">G-P4-XX-XX-XX</SimpleData>
            <SimpleData name="Estado_del">Activo</SimpleData>
            <SimpleData name="Empresa">Red Forestal Paraguay SA</SimpleData>
            <SimpleData name="Lote">G</SimpleData>
            <SimpleData name="Parametro">0.00000000000</SimpleData>
            <SimpleData name="Sup_SIG">0.80335628533</SimpleData>
            <SimpleData name="X">-55.93009225000</SimpleData>
            <SimpleData name="Y">-24.41408962000</SimpleData>
            <SimpleData name="cedula">7411064</SimpleData>
            <SimpleData name="Cédula_1">7411064.00000000000</SimpleData>
            <SimpleData name="Estado_d_1">Activo</SimpleData>
            <SimpleData name="OBJECTID_1">5219</SimpleData>
            <SimpleData name="Shape_Leng">359.96695452000</SimpleData>
            <SimpleData name="Shape_Area">8033.56285330000</SimpleData>
          </SchemaData>
        </ExtendedData>
        <Polygon>
          <outerBoundaryIs>
            <LinearRing>
              <coordinates>
                -55.9294483001872,-24.4141849998404,0
                -55.9301266999707,-24.4146282998685,0
                -55.9307583999713,-24.4140016004154,0
                -55.9300149994197,-24.413551700143,0
                -55.9294483001872,-24.4141849998404,0
              </coordinates>
            </LinearRing>
          </outerBoundaryIs>
        </Polygon>
      </Placemark>
      <Placemark id="Lote_G.201">
        <ExtendedData>
          <SchemaData schemaUrl="#Lote_G.schema">
            <SimpleData name="Cédula">7442424.00000000000</SimpleData>
            <SimpleData name="Nombres_y_">LUCIANA BENITEZ VERA</SimpleData>
            <SimpleData name="Sexo">Mujer</SimpleData>
            <SimpleData name="Cambio_de_">NO</SimpleData>
            <SimpleData name="Titular_se">NO</SimpleData>
            <SimpleData name="ci_UNIF">7442424.00000000000</SimpleData>
            <SimpleData name="Situación">NO</SimpleData>
            <SimpleData name="Comunidad">Ind?gena</SimpleData>
            <SimpleData name="Modelo_imp">Modelo 4</SimpleData>
            <SimpleData name="Departamen">CANINDEYU</SimpleData>
            <SimpleData name="Distrito">YASY CA?Y</SimpleData>
            <SimpleData name="Localidad"><![CDATA[COM INDIG YVA'Y MIRI]]></SimpleData>
            <SimpleData name="Teléfono">0984181699</SimpleData>
            <SimpleData name="Vivienda_L">-24.55964170000</SimpleData>
            <SimpleData name="Vivienda_1">-55.91576500000</SimpleData>
            <SimpleData name="Superficie">0.70000000000</SimpleData>
            <SimpleData name="Situaci_1">Par?metro</SimpleData>
            <SimpleData name="Plantado">SI</SimpleData>
            <SimpleData name="Fecha_Plan">2026/05/22</SimpleData>
            <SimpleData name="Jornales">0.00000000000</SimpleData>
            <SimpleData name="Monto">0.00000000000</SimpleData>
            <SimpleData name="Grupo_de_p">G-P4-XX-XX-XX</SimpleData>
            <SimpleData name="Estado_del">Activo</SimpleData>
            <SimpleData name="Empresa">Red Forestal Paraguay SA</SimpleData>
            <SimpleData name="Lote">G</SimpleData>
            <SimpleData name="Parametro">0.00000000000</SimpleData>
            <SimpleData name="Sup_SIG">0.69711773918</SimpleData>
            <SimpleData name="X">-55.91671933000</SimpleData>
            <SimpleData name="Y">-24.55665242000</SimpleData>
            <SimpleData name="cedula">7442424</SimpleData>
            <SimpleData name="Cédula_1">7442424.00000000000</SimpleData>
            <SimpleData name="Estado_d_1">Activo</SimpleData>
            <SimpleData name="OBJECTID_1">7003</SimpleData>
            <SimpleData name="Shape_Leng">415.46162283200</SimpleData>
            <SimpleData name="Shape_Area">6971.17739176000</SimpleData>
          </SchemaData>
        </ExtendedData>
        <Polygon>
          <outerBoundaryIs>
            <LinearRing>
              <coordinates>
                -55.9167317807874,-24.5570575259692,0
                -55.9169195703467,-24.5569744271921,0
                -55.9175917002064,-24.5566770001063,0
                -55.91749499992,-24.5565300005174,0
                -55.9170893998253,-24.5567620999988,0
                -55.9166749993633,-24.5561183005118,0
                -55.9165050003796,-24.5561599998742,0
                -55.9161649992568,-24.556588299543,0
                -55.9165567002167,-24.5571350004236,0
                -55.9167317807874,-24.5570575259692,0
              </coordinates>
            </LinearRing>
          </outerBoundaryIs>
        </Polygon>
      </Placemark>
      <Placemark id="Lote_G.202">
        <ExtendedData>
          <SchemaData schemaUrl="#Lote_G.schema">
            <SimpleData name="Cédula">7514880.00000000000</SimpleData>
            <SimpleData name="Nombres_y_">SONIA GONZALEZ ESQUIVEL</SimpleData>
            <SimpleData name="Sexo">Mujer</SimpleData>
            <SimpleData name="Cambio_de_">NO</SimpleData>
            <SimpleData name="Titular_se">NO</SimpleData>
            <SimpleData name="ci_UNIF">7514880.00000000000</SimpleData>
            <SimpleData name="Situación">NO</SimpleData>
            <SimpleData name="Comunidad">Ind?gena</SimpleData>
            <SimpleData name="Modelo_imp">Modelo 5</SimpleData>
            <SimpleData name="Departamen">CANINDEYU</SimpleData>
            <SimpleData name="Distrito">YASY CA?Y</SimpleData>
            <SimpleData name="Localidad">COM INDIG JASY POTY</SimpleData>
            <SimpleData name="Teléfono">0981009262</SimpleData>
            <SimpleData name="Vivienda_L">-24.53723690000</SimpleData>
            <SimpleData name="Vivienda_1">-55.95863130000</SimpleData>
            <SimpleData name="Superficie">0.70000000000</SimpleData>
            <SimpleData name="Situaci_1">Par?metro</SimpleData>
            <SimpleData name="Plantado">SI</SimpleData>
            <SimpleData name="Fecha_Plan">2026/05/19</SimpleData>
            <SimpleData name="Jornales">0.00000000000</SimpleData>
            <SimpleData name="Monto">0.00000000000</SimpleData>
            <SimpleData name="Grupo_de_p">G-P4-XX-XX-XX</SimpleData>
            <SimpleData name="Estado_del">Activo</SimpleData>
            <SimpleData name="Empresa">Red Forestal Paraguay SA</SimpleData>
            <SimpleData name="Lote">G</SimpleData>
            <SimpleData name="Parametro">0.00000000000</SimpleData>
            <SimpleData name="Sup_SIG">0.70386232149</SimpleData>
            <SimpleData name="X">-55.95846420000</SimpleData>
            <SimpleData name="Y">-24.53783182000</SimpleData>
            <SimpleData name="cedula">7514880</SimpleData>
            <SimpleData name="Cédula_1">7514880.00000000000</SimpleData>
            <SimpleData name="Estado_d_1">Activo</SimpleData>
            <SimpleData name="OBJECTID_1">6998</SimpleData>
            <SimpleData name="Shape_Leng">342.54015610700</SimpleData>
            <SimpleData name="Shape_Area">7038.62321494000</SimpleData>
          </SchemaData>
        </ExtendedData>
        <Polygon>
          <outerBoundaryIs>
            <LinearRing>
              <coordinates>
                -55.957888300818,-24.5381083001899,0
                -55.958574999988,-24.5382833000638,0
                -55.9591050000438,-24.53760000011,0
                -55.9582567998193,-24.537384799743,0
                -55.957888300818,-24.5381083001899,0
              </coordinates>
            </LinearRing>
          </outerBoundaryIs>
        </Polygon>
      </Placemark>
      <Placemark id="Lote_G.203">
        <ExtendedData>
          <SchemaData schemaUrl="#Lote_G.schema">
            <SimpleData name="Cédula">7531188.00000000000</SimpleData>
            <SimpleData name="Nombres_y_">CELESTINA VERA BENITEZ</SimpleData>
            <SimpleData name="Sexo">Mujer</SimpleData>
            <SimpleData name="Cambio_de_">NO</SimpleData>
            <SimpleData name="Titular_se">NO</SimpleData>
            <SimpleData name="ci_UNIF">7531188.00000000000</SimpleData>
            <SimpleData name="Situación">NO</SimpleData>
            <SimpleData name="Comunidad">Ind?gena</SimpleData>
            <SimpleData name="Modelo_imp">Modelo 2</SimpleData>
            <SimpleData name="Departamen">CANINDEYU</SimpleData>
            <SimpleData name="Distrito">YASY CA?Y</SimpleData>
            <SimpleData name="Localidad"><![CDATA[COM INDIG YVA'Y MIRI]]></SimpleData>
            <SimpleData name="Teléfono">ND</SimpleData>
            <SimpleData name="Vivienda_L">-24.55888610000</SimpleData>
            <SimpleData name="Vivienda_1">-55.91553280000</SimpleData>
            <SimpleData name="Superficie">0.80000000000</SimpleData>
            <SimpleData name="Situaci_1">Par?metro</SimpleData>
            <SimpleData name="Plantado">SI</SimpleData>
            <SimpleData name="Fecha_Plan">2026/05/27</SimpleData>
            <SimpleData name="Jornales">0.00000000000</SimpleData>
            <SimpleData name="Monto">0.00000000000</SimpleData>
            <SimpleData name="Grupo_de_p">G-P4-XX-XX-XX</SimpleData>
            <SimpleData name="Estado_del">Activo</SimpleData>
            <SimpleData name="Empresa">Red Forestal Paraguay SA</SimpleData>
            <SimpleData name="Lote">G</SimpleData>
            <SimpleData name="Parametro">0.00000000000</SimpleData>
            <SimpleData name="Sup_SIG">0.84540872275</SimpleData>
            <SimpleData name="X">-55.91740638000</SimpleData>
            <SimpleData name="Y">-24.55764059000</SimpleData>
            <SimpleData name="cedula">7531188</SimpleData>
            <SimpleData name="Cédula_1">7531188.00000000000</SimpleData>
            <SimpleData name="Estado_d_1">Activo</SimpleData>
            <SimpleData name="OBJECTID_1">6992</SimpleData>
            <SimpleData name="Shape_Leng">409.27700105800</SimpleData>
            <SimpleData name="Shape_Area">8454.08722749000</SimpleData>
          </SchemaData>
        </ExtendedData>
        <Polygon>
          <outerBoundaryIs>
            <LinearRing>
              <coordinates>
                -55.9166194998064,-24.5578133002808,0
                -55.9167983002596,-24.5581767001575,0
                -55.9181667000816,-24.5576016998281,0
                -55.9179170998494,-24.5571465998054,0
                -55.917778000611,-24.5571020999179,0
                -55.9166194998064,-24.5578133002808,0
              </coordinates>
            </LinearRing>
          </outerBoundaryIs>
        </Polygon>
      </Placemark>
      <Placemark id="Lote_G.204">
        <ExtendedData>
          <SchemaData schemaUrl="#Lote_G.schema">
            <SimpleData name="Cédula">7803297.00000000000</SimpleData>
            <SimpleData name="Nombres_y_">NILDA GONZALEZ VERA</SimpleData>
            <SimpleData name="Sexo">Mujer</SimpleData>
            <SimpleData name="Cambio_de_">NO</SimpleData>
            <SimpleData name="Titular_se">NO</SimpleData>
            <SimpleData name="ci_UNIF">7803297.00000000000</SimpleData>
            <SimpleData name="Situación">NO</SimpleData>
            <SimpleData name="Comunidad">Ind?gena</SimpleData>
            <SimpleData name="Modelo_imp">Modelo 1</SimpleData>
            <SimpleData name="Departamen">CANINDEYU</SimpleData>
            <SimpleData name="Distrito">YASY CA?Y</SimpleData>
            <SimpleData name="Localidad"><![CDATA[COM INDIG KA'AGUY POTY KAMBA]]></SimpleData>
            <SimpleData name="Teléfono">ND</SimpleData>
            <SimpleData name="Vivienda_L">-24.56233240000</SimpleData>
            <SimpleData name="Vivienda_1">-55.92389270000</SimpleData>
            <SimpleData name="Superficie">0.80000000000</SimpleData>
            <SimpleData name="Situaci_1">Par?metro</SimpleData>
            <SimpleData name="Plantado">SI</SimpleData>
            <SimpleData name="Fecha_Plan">2026/05/28</SimpleData>
            <SimpleData name="Jornales">0.00000000000</SimpleData>
            <SimpleData name="Monto">0.00000000000</SimpleData>
            <SimpleData name="Grupo_de_p">G-P4-XX-XX-XX</SimpleData>
            <SimpleData name="Estado_del">Activo</SimpleData>
            <SimpleData name="Empresa">Red Forestal Paraguay SA</SimpleData>
            <SimpleData name="Lote">G</SimpleData>
            <SimpleData name="Parametro">0.00000000000</SimpleData>
            <SimpleData name="Sup_SIG">0.79904760964</SimpleData>
            <SimpleData name="X">-55.92467939000</SimpleData>
            <SimpleData name="Y">-24.56036921000</SimpleData>
            <SimpleData name="cedula">7803297</SimpleData>
            <SimpleData name="Cédula_1">7803297.00000000000</SimpleData>
            <SimpleData name="Estado_d_1">Activo</SimpleData>
            <SimpleData name="OBJECTID_1">6986</SimpleData>
            <SimpleData name="Shape_Leng">408.14110925200</SimpleData>
            <SimpleData name="Shape_Area">7990.47609641000</SimpleData>
          </SchemaData>
        </ExtendedData>
        <Polygon>
          <outerBoundaryIs>
            <LinearRing>
              <coordinates>
                -55.9238150001548,-24.5605399998395,0
                -55.9253816994893,-24.5606650004165,0
                -55.9254015999726,-24.5601414998799,0
                -55.9240564006466,-24.5600997998185,0
                -55.9238150001548,-24.5605399998395,0
              </coordinates>
            </LinearRing>
          </outerBoundaryIs>
        </Polygon>
      </Placemark>
      <Placemark id="Lote_G.205">
        <ExtendedData>
          <SchemaData schemaUrl="#Lote_G.schema">
            <SimpleData name="Cédula">7880979.00000000000</SimpleData>
            <SimpleData name="Nombres_y_">LIDIA MARTINEZ CAMPUZANO</SimpleData>
            <SimpleData name="Sexo">Mujer</SimpleData>
            <SimpleData name="Cambio_de_">NO</SimpleData>
            <SimpleData name="Titular_se">NO</SimpleData>
            <SimpleData name="ci_UNIF">7880979.00000000000</SimpleData>
            <SimpleData name="Situación">NO</SimpleData>
            <SimpleData name="Comunidad">Campesina</SimpleData>
            <SimpleData name="Modelo_imp">Modelo 5</SimpleData>
            <SimpleData name="Departamen">CANINDEYU</SimpleData>
            <SimpleData name="Distrito">YASY CA?Y</SimpleData>
            <SimpleData name="Localidad">VYSOKOLAN</SimpleData>
            <SimpleData name="Teléfono">0983525777</SimpleData>
            <SimpleData name="Vivienda_L">-24.46067090000</SimpleData>
            <SimpleData name="Vivienda_1">-55.88233790000</SimpleData>
            <SimpleData name="Superficie">0.70000000000</SimpleData>
            <SimpleData name="Situaci_1">Par?metro</SimpleData>
            <SimpleData name="Plantado">SI</SimpleData>
            <SimpleData name="Fecha_Plan">2026/05/20</SimpleData>
            <SimpleData name="Jornales">0.00000000000</SimpleData>
            <SimpleData name="Monto">0.00000000000</SimpleData>
            <SimpleData name="Grupo_de_p">G-P4-XX-XX-XX</SimpleData>
            <SimpleData name="Estado_del">Activo</SimpleData>
            <SimpleData name="Empresa">Red Forestal Paraguay SA</SimpleData>
            <SimpleData name="Lote">G</SimpleData>
            <SimpleData name="Parametro">0.00000000000</SimpleData>
            <SimpleData name="Sup_SIG">0.69914051241</SimpleData>
            <SimpleData name="X">-55.88676599000</SimpleData>
            <SimpleData name="Y">-24.48414542000</SimpleData>
            <SimpleData name="cedula">7880979</SimpleData>
            <SimpleData name="Cédula_1">7880979.00000000000</SimpleData>
            <SimpleData name="Estado_d_1">Activo</SimpleData>
            <SimpleData name="OBJECTID_1">6949</SimpleData>
            <SimpleData name="Shape_Leng">402.56742764400</SimpleData>
            <SimpleData name="Shape_Area">6991.40512407000</SimpleData>
          </SchemaData>
        </ExtendedData>
        <Polygon>
          <outerBoundaryIs>
            <LinearRing>
              <coordinates>
                -55.8860521006878,-24.4844689002882,0
                -55.8863276007796,-24.48477489954,0
                -55.887503299891,-24.483808500339,0
                -55.8871616002543,-24.4835367994899,0
                -55.8860521006878,-24.4844689002882,0
              </coordinates>
            </LinearRing>
          </outerBoundaryIs>
        </Polygon>
      </Placemark>
      <Placemark id="Lote_G.206">
        <ExtendedData>
          <SchemaData schemaUrl="#Lote_G.schema">
            <SimpleData name="Cédula">8196565.00000000000</SimpleData>
            <SimpleData name="Nombres_y_">CARLOS BEGA BARRIOS</SimpleData>
            <SimpleData name="Sexo">Hombre</SimpleData>
            <SimpleData name="Cambio_de_">NO</SimpleData>
            <SimpleData name="Titular_se">NO</SimpleData>
            <SimpleData name="ci_UNIF">8196565.00000000000</SimpleData>
            <SimpleData name="Situación">NO</SimpleData>
            <SimpleData name="Comunidad">Ind?gena</SimpleData>
            <SimpleData name="Modelo_imp">Modelo 5</SimpleData>
            <SimpleData name="Departamen">CANINDEYU</SimpleData>
            <SimpleData name="Distrito">YASY CA?Y</SimpleData>
            <SimpleData name="Localidad"><![CDATA[COM INDIG YVA'Y MIRI]]></SimpleData>
            <SimpleData name="Teléfono">0975590455</SimpleData>
            <SimpleData name="Vivienda_L">-24.55893140000</SimpleData>
            <SimpleData name="Vivienda_1">-55.91548560000</SimpleData>
            <SimpleData name="Superficie">0.70000000000</SimpleData>
            <SimpleData name="Situaci_1">Par?metro</SimpleData>
            <SimpleData name="Plantado">SI</SimpleData>
            <SimpleData name="Fecha_Plan">2026/05/27</SimpleData>
            <SimpleData name="Jornales">0.00000000000</SimpleData>
            <SimpleData name="Monto">0.00000000000</SimpleData>
            <SimpleData name="Grupo_de_p">G-P4-XX-XX-XX</SimpleData>
            <SimpleData name="Estado_del">Activo</SimpleData>
            <SimpleData name="Empresa">Red Forestal Paraguay SA</SimpleData>
            <SimpleData name="Lote">G</SimpleData>
            <SimpleData name="Parametro">0.00000000000</SimpleData>
            <SimpleData name="Sup_SIG">0.74508918097</SimpleData>
            <SimpleData name="X">-55.91625598000</SimpleData>
            <SimpleData name="Y">-24.55834551000</SimpleData>
            <SimpleData name="cedula">8196565</SimpleData>
            <SimpleData name="Cédula_1">8196565.00000000000</SimpleData>
            <SimpleData name="Estado_d_1">Activo</SimpleData>
            <SimpleData name="OBJECTID_1">6991</SimpleData>
            <SimpleData name="Shape_Leng">360.58065114300</SimpleData>
            <SimpleData name="Shape_Area">7450.89180971000</SimpleData>
          </SchemaData>
        </ExtendedData>
        <Polygon>
          <outerBoundaryIs>
            <LinearRing>
              <coordinates>
                -55.9156249995916,-24.5583667001718,0
                -55.9159282994326,-24.5588843004236,0
                -55.9168733000037,-24.5583332999327,0
                -55.9166028007477,-24.5578018992621,0
                -55.9156249995916,-24.5583667001718,0
              </coordinates>
            </LinearRing>
          </outerBoundaryIs>
        </Polygon>
      </Placemark>
      <Placemark id="Lote_G.207">
        <ExtendedData>
          <SchemaData schemaUrl="#Lote_G.schema">
            <SimpleData name="Cédula">8232048.00000000000</SimpleData>
            <SimpleData name="Nombres_y_">BLANCA ROSA COHENE ROLON</SimpleData>
            <SimpleData name="Sexo">Mujer</SimpleData>
            <SimpleData name="Cambio_de_">NO</SimpleData>
            <SimpleData name="Titular_se">NO</SimpleData>
            <SimpleData name="ci_UNIF">8232048.00000000000</SimpleData>
            <SimpleData name="Situación">NO</SimpleData>
            <SimpleData name="Comunidad">Campesina</SimpleData>
            <SimpleData name="Modelo_imp">Modelo 5</SimpleData>
            <SimpleData name="Departamen">CANINDEYU</SimpleData>
            <SimpleData name="Distrito">YASY CA?Y</SimpleData>
            <SimpleData name="Localidad">SAN BLAS</SimpleData>
            <SimpleData name="Teléfono">0984863251</SimpleData>
            <SimpleData name="Vivienda_L">-24.50657750000</SimpleData>
            <SimpleData name="Vivienda_1">-55.86916490000</SimpleData>
            <SimpleData name="Superficie">0.70000000000</SimpleData>
            <SimpleData name="Situaci_1">Par?metro</SimpleData>
            <SimpleData name="Plantado">SI</SimpleData>
            <SimpleData name="Fecha_Plan">2026/05/25</SimpleData>
            <SimpleData name="Jornales">0.00000000000</SimpleData>
            <SimpleData name="Monto">0.00000000000</SimpleData>
            <SimpleData name="Grupo_de_p">G-P4-XX-XX-XX</SimpleData>
            <SimpleData name="Estado_del">Activo</SimpleData>
            <SimpleData name="Empresa">Red Forestal Paraguay SA</SimpleData>
            <SimpleData name="Lote">G</SimpleData>
            <SimpleData name="Parametro">0.00000000000</SimpleData>
            <SimpleData name="Sup_SIG">0.70726556126</SimpleData>
            <SimpleData name="X">-55.87213442000</SimpleData>
            <SimpleData name="Y">-24.50648844000</SimpleData>
            <SimpleData name="cedula">8232048</SimpleData>
            <SimpleData name="Cédula_1">8232048.00000000000</SimpleData>
            <SimpleData name="Estado_d_1">Activo</SimpleData>
            <SimpleData name="OBJECTID_1">6943</SimpleData>
            <SimpleData name="Shape_Leng">561.34845161600</SimpleData>
            <SimpleData name="Shape_Area">7072.65561261000</SimpleData>
          </SchemaData>
        </ExtendedData>
        <MultiGeometry>
          <Polygon>
            <outerBoundaryIs>
              <LinearRing>
                <coordinates>
                  -55.8729756994547,-24.5068027997369,0
                  -55.872978300377,-24.5068082997872,0
                  -55.8729781715971,-24.5068030412496,0
                  -55.8729756994547,-24.5068027997369,0
                </coordinates>
              </LinearRing>
            </outerBoundaryIs>
          </Polygon>
          <Polygon>
            <outerBoundaryIs>
              <LinearRing>
                <coordinates>
                  -55.8732032996186,-24.5068250000835,0
                  -55.8732217001679,-24.5063866996284,0
                  -55.8709657007125,-24.5063003999289,0
                  -55.8708925999567,-24.5065587999337,0
                  -55.872973999428,-24.5066321000401,0
                  -55.8729781715971,-24.5068030412496,0
                  -55.8732032996186,-24.5068250000835,0
                </coordinates>
              </LinearRing>
            </outerBoundaryIs>
          </Polygon>
        </MultiGeometry>
      </Placemark>
      <Placemark id="Lote_G.208">
        <ExtendedData>
          <SchemaData schemaUrl="#Lote_G.schema">
            <SimpleData name="Cédula">8363686.00000000000</SimpleData>
            <SimpleData name="Nombres_y_">LILIANA RAMOA CAZAL</SimpleData>
            <SimpleData name="Sexo">Mujer</SimpleData>
            <SimpleData name="Cambio_de_">NO</SimpleData>
            <SimpleData name="Titular_se">NO</SimpleData>
            <SimpleData name="ci_UNIF">8363686.00000000000</SimpleData>
            <SimpleData name="Situación">NO</SimpleData>
            <SimpleData name="Comunidad">Campesina</SimpleData>
            <SimpleData name="Modelo_imp">Modelo 5</SimpleData>
            <SimpleData name="Departamen">CANINDEYU</SimpleData>
            <SimpleData name="Distrito">YASY CA?Y</SimpleData>
            <SimpleData name="Localidad">MANDUARA</SimpleData>
            <SimpleData name="Teléfono">0981616487</SimpleData>
            <SimpleData name="Vivienda_L">-24.48580610000</SimpleData>
            <SimpleData name="Vivienda_1">-55.88114030000</SimpleData>
            <SimpleData name="Superficie">0.70000000000</SimpleData>
            <SimpleData name="Situaci_1">Par?metro</SimpleData>
            <SimpleData name="Plantado">SI</SimpleData>
            <SimpleData name="Fecha_Plan">2026/05/20</SimpleData>
            <SimpleData name="Jornales">0.00000000000</SimpleData>
            <SimpleData name="Monto">0.00000000000</SimpleData>
            <SimpleData name="Grupo_de_p">G-P4-XX-XX-XX</SimpleData>
            <SimpleData name="Estado_del">Activo</SimpleData>
            <SimpleData name="Empresa">Red Forestal Paraguay SA</SimpleData>
            <SimpleData name="Lote">G</SimpleData>
            <SimpleData name="Parametro">0.00000000000</SimpleData>
            <SimpleData name="Sup_SIG">0.71058027437</SimpleData>
            <SimpleData name="X">-55.88162317000</SimpleData>
            <SimpleData name="Y">-24.48638105000</SimpleData>
            <SimpleData name="cedula">8363686</SimpleData>
            <SimpleData name="Cédula_1">8363686.00000000000</SimpleData>
            <SimpleData name="Estado_d_1">Activo</SimpleData>
            <SimpleData name="OBJECTID_1">5224</SimpleData>
            <SimpleData name="Shape_Leng">455.72514102800</SimpleData>
            <SimpleData name="Shape_Area">7105.80274372000</SimpleData>
          </SchemaData>
        </ExtendedData>
        <Polygon>
          <outerBoundaryIs>
            <LinearRing>
              <coordinates>
                -55.8809541001174,-24.4868069004179,0
                -55.881140400063,-24.4871369004585,0
                -55.8822866998914,-24.4860666993792,0
                -55.8817316996042,-24.4856200000377,0
                -55.8816251003938,-24.4857699003431,0
                -55.881771899777,-24.4860100997189,0
                -55.8812290998024,-24.4865359001513,0
                -55.8812367999191,-24.4865880997162,0
                -55.8809541001174,-24.4868069004179,0
              </coordinates>
            </LinearRing>
          </outerBoundaryIs>
        </Polygon>
      </Placemark>
      <Placemark id="Lote_G.209">
        <ExtendedData>
          <SchemaData schemaUrl="#Lote_G.schema">
            <SimpleData name="Cédula">8372331.00000000000</SimpleData>
            <SimpleData name="Nombres_y_">MARIELA FERNANDEZ BOLA?O</SimpleData>
            <SimpleData name="Sexo">Mujer</SimpleData>
            <SimpleData name="Cambio_de_">NO</SimpleData>
            <SimpleData name="Titular_se">NO</SimpleData>
            <SimpleData name="ci_UNIF">8372331.00000000000</SimpleData>
            <SimpleData name="Situación">NO</SimpleData>
            <SimpleData name="Comunidad">Campesina</SimpleData>
            <SimpleData name="Modelo_imp">Modelo 5</SimpleData>
            <SimpleData name="Departamen">CANINDEYU</SimpleData>
            <SimpleData name="Distrito">YASY CA?Y</SimpleData>
            <SimpleData name="Localidad">ASENT. 8 DE DICIEMBRE</SimpleData>
            <SimpleData name="Teléfono">0982007934</SimpleData>
            <SimpleData name="Vivienda_L">-24.53042130000</SimpleData>
            <SimpleData name="Vivienda_1">-55.93416390000</SimpleData>
            <SimpleData name="Superficie">0.70000000000</SimpleData>
            <SimpleData name="Situaci_1">Par?metro</SimpleData>
            <SimpleData name="Plantado">SI</SimpleData>
            <SimpleData name="Fecha_Plan">2026/05/19</SimpleData>
            <SimpleData name="Jornales">0.00000000000</SimpleData>
            <SimpleData name="Monto">0.00000000000</SimpleData>
            <SimpleData name="Grupo_de_p">G-P4-XX-XX-XX</SimpleData>
            <SimpleData name="Estado_del">Activo</SimpleData>
            <SimpleData name="Empresa">Red Forestal Paraguay SA</SimpleData>
            <SimpleData name="Lote">G</SimpleData>
            <SimpleData name="Parametro">0.00000000000</SimpleData>
            <SimpleData name="Sup_SIG">0.77164810114</SimpleData>
            <SimpleData name="X">-55.93395765000</SimpleData>
            <SimpleData name="Y">-24.52877738000</SimpleData>
            <SimpleData name="cedula">8372331</SimpleData>
            <SimpleData name="Cédula_1">8372331.00000000000</SimpleData>
            <SimpleData name="Estado_d_1">Activo</SimpleData>
            <SimpleData name="OBJECTID_1">6956</SimpleData>
            <SimpleData name="Shape_Leng">512.98406995800</SimpleData>
            <SimpleData name="Shape_Area">7716.48101137000</SimpleData>
          </SchemaData>
        </ExtendedData>
        <MultiGeometry>
          <Polygon>
            <outerBoundaryIs>
              <LinearRing>
                <coordinates>
                  -55.9340349002803,-24.5297248997806,0
                  -55.934156700123,-24.5293950010731,0
                  -55.9336583000134,-24.5293599995894,0
                  -55.9336682998348,-24.5296399998632,0
                  -55.9340349002803,-24.5297248997806,0
                </coordinates>
              </LinearRing>
            </outerBoundaryIs>
          </Polygon>
          <Polygon>
            <outerBoundaryIs>
              <LinearRing>
                <coordinates>
                  -55.9337117001866,-24.5291982998905,0
                  -55.9341833001721,-24.5291583002849,0
                  -55.9342450998314,-24.5280225997493,0
                  -55.9337650005183,-24.528008299828,0
                  -55.9337117001866,-24.5291982998905,0
                </coordinates>
              </LinearRing>
            </outerBoundaryIs>
          </Polygon>
        </MultiGeometry>
      </Placemark>
      <Placemark id="Lote_G.210">
        <ExtendedData>
          <SchemaData schemaUrl="#Lote_G.schema">
            <SimpleData name="Cédula">4465086.00000000000</SimpleData>
            <SimpleData name="Nombres_y_">FELIX EDIBERTO MACIEL</SimpleData>
            <SimpleData name="Sexo">Hombre</SimpleData>
            <SimpleData name="Cambio_de_">NO</SimpleData>
            <SimpleData name="Titular_se">NO</SimpleData>
            <SimpleData name="ci_UNIF">4465086.00000000000</SimpleData>
            <SimpleData name="Situación">NO</SimpleData>
            <SimpleData name="Comunidad">Campesina</SimpleData>
            <SimpleData name="Modelo_imp">Modelo 5</SimpleData>
            <SimpleData name="Departamen">CANINDEYU</SimpleData>
            <SimpleData name="Distrito">YBY PYTA</SimpleData>
            <SimpleData name="Localidad">BRITEZ KUE - MODULO 5</SimpleData>
            <SimpleData name="Teléfono">984038584</SimpleData>
            <SimpleData name="Vivienda_L">-24.34055080000</SimpleData>
            <SimpleData name="Vivienda_1">-55.25807570000</SimpleData>
            <SimpleData name="Superficie">0.70000000000</SimpleData>
            <SimpleData name="Situaci_1">Parametro</SimpleData>
            <SimpleData name="Plantado">SI</SimpleData>
            <SimpleData name="Fecha_Plan">2026/05/28</SimpleData>
            <SimpleData name="Jornales">0.00000000000</SimpleData>
            <SimpleData name="Monto">0.00000000000</SimpleData>
            <SimpleData name="Grupo_de_p">G-GN-XX-XX-XX</SimpleData>
            <SimpleData name="Estado_del">Activo</SimpleData>
            <SimpleData name="Empresa">Red Forestal Paraguay SA</SimpleData>
            <SimpleData name="Lote">G</SimpleData>
            <SimpleData name="Parametro">0.00000000000</SimpleData>
            <SimpleData name="Sup_SIG">0.74549628705</SimpleData>
            <SimpleData name="X">-55.25767609000</SimpleData>
            <SimpleData name="Y">-24.34118861000</SimpleData>
            <SimpleData name="cedula">4465086</SimpleData>
            <SimpleData name="Cédula_1">4465086.00000000000</SimpleData>
            <SimpleData name="Estado_d_1">Activo</SimpleData>
            <SimpleData name="OBJECTID_1">7377</SimpleData>
            <SimpleData name="Shape_Leng">347.25596117100</SimpleData>
            <SimpleData name="Shape_Area">7454.96287047000</SimpleData>
          </SchemaData>
        </ExtendedData>
        <Polygon>
          <outerBoundaryIs>
            <LinearRing>
              <coordinates>
                -55.2572516991744,-24.3407967001562,0
                -55.2573200007005,-24.3416483003829,0
                -55.2580398995411,-24.3415980000043,0
                -55.2580984999037,-24.3407568006294,0
                -55.2572516991744,-24.3407967001562,0
              </coordinates>
            </LinearRing>
          </outerBoundaryIs>
        </Polygon>
      </Placemark>
      <Placemark id="Lote_G.211">
        <ExtendedData>
          <SchemaData schemaUrl="#Lote_G.schema">
            <SimpleData name="Cédula">4591027.00000000000</SimpleData>
            <SimpleData name="Nombres_y_">NINFA RAMIREZ BARRIOS</SimpleData>
            <SimpleData name="Sexo">Mujer</SimpleData>
            <SimpleData name="Cambio_de_">NO</SimpleData>
            <SimpleData name="Titular_se">NO</SimpleData>
            <SimpleData name="ci_UNIF">4591027.00000000000</SimpleData>
            <SimpleData name="Situación">NO</SimpleData>
            <SimpleData name="Comunidad">Campesina</SimpleData>
            <SimpleData name="Modelo_imp">Modelo 1</SimpleData>
            <SimpleData name="Departamen">CANINDEYU</SimpleData>
            <SimpleData name="Distrito">YBY PYTA</SimpleData>
            <SimpleData name="Localidad">BRITEZ KUE PASTOREO</SimpleData>
            <SimpleData name="Teléfono">0983728568</SimpleData>
            <SimpleData name="Vivienda_L">-24.27347290000</SimpleData>
            <SimpleData name="Vivienda_1">-55.26752650000</SimpleData>
            <SimpleData name="Superficie">0.80000000000</SimpleData>
            <SimpleData name="Situaci_1">Par?metro</SimpleData>
            <SimpleData name="Plantado">SI</SimpleData>
            <SimpleData name="Fecha_Plan">2026/05/25</SimpleData>
            <SimpleData name="Jornales">0.00000000000</SimpleData>
            <SimpleData name="Monto">0.00000000000</SimpleData>
            <SimpleData name="Grupo_de_p">G-GN-XX-XX-XX</SimpleData>
            <SimpleData name="Estado_del">Activo</SimpleData>
            <SimpleData name="Empresa">Red Forestal Paraguay SA</SimpleData>
            <SimpleData name="Lote">G</SimpleData>
            <SimpleData name="Parametro">0.00000000000</SimpleData>
            <SimpleData name="Sup_SIG">0.88962118985</SimpleData>
            <SimpleData name="X">-55.26870772000</SimpleData>
            <SimpleData name="Y">-24.26585449000</SimpleData>
            <SimpleData name="cedula">4591027</SimpleData>
            <SimpleData name="Cédula_1">4591027.00000000000</SimpleData>
            <SimpleData name="Estado_d_1">Activo</SimpleData>
            <SimpleData name="OBJECTID_1">5326</SimpleData>
            <SimpleData name="Shape_Leng">377.55738119300</SimpleData>
            <SimpleData name="Shape_Area">8896.21189852000</SimpleData>
          </SchemaData>
        </ExtendedData>
        <Polygon>
          <outerBoundaryIs>
            <LinearRing>
              <coordinates>
                -55.2682082996911,-24.2662532999348,0
                -55.2691683002521,-24.266276700205,0
                -55.2692117001163,-24.265459999671,0
                -55.2682449992427,-24.2654300000119,0
                -55.2682082996911,-24.2662532999348,0
              </coordinates>
            </LinearRing>
          </outerBoundaryIs>
        </Polygon>
      </Placemark>
      <Placemark id="Lote_G.212">
        <ExtendedData>
          <SchemaData schemaUrl="#Lote_G.schema">
            <SimpleData name="Cédula">5090936.00000000000</SimpleData>
            <SimpleData name="Nombres_y_">MARIA VIVIANA SILVERO</SimpleData>
            <SimpleData name="Sexo">Mujer</SimpleData>
            <SimpleData name="Cambio_de_">NO</SimpleData>
            <SimpleData name="Titular_se">NO</SimpleData>
            <SimpleData name="ci_UNIF">5090936.00000000000</SimpleData>
            <SimpleData name="Situación">NO</SimpleData>
            <SimpleData name="Comunidad">Campesina</SimpleData>
            <SimpleData name="Modelo_imp">Modelo 5</SimpleData>
            <SimpleData name="Departamen">CANINDEYU</SimpleData>
            <SimpleData name="Distrito">YBY PYTA</SimpleData>
            <SimpleData name="Localidad">BRITEZ KUE</SimpleData>
            <SimpleData name="Teléfono">0982458337</SimpleData>
            <SimpleData name="Vivienda_L">-24.34347130000</SimpleData>
            <SimpleData name="Vivienda_1">-55.25958020000</SimpleData>
            <SimpleData name="Superficie">0.70000000000</SimpleData>
            <SimpleData name="Situaci_1">Par?metro</SimpleData>
            <SimpleData name="Plantado">SI</SimpleData>
            <SimpleData name="Fecha_Plan">2026/05/28</SimpleData>
            <SimpleData name="Jornales">0.00000000000</SimpleData>
            <SimpleData name="Monto">0.00000000000</SimpleData>
            <SimpleData name="Grupo_de_p">G-GN-XX-XX-XX</SimpleData>
            <SimpleData name="Estado_del">Activo</SimpleData>
            <SimpleData name="Empresa">Red Forestal Paraguay SA</SimpleData>
            <SimpleData name="Lote">G</SimpleData>
            <SimpleData name="Parametro">0.00000000000</SimpleData>
            <SimpleData name="Sup_SIG">0.69965541291</SimpleData>
            <SimpleData name="X">-55.25495612000</SimpleData>
            <SimpleData name="Y">-24.34564156000</SimpleData>
            <SimpleData name="cedula">5090936</SimpleData>
            <SimpleData name="Cédula_1">5090936.00000000000</SimpleData>
            <SimpleData name="Estado_d_1">Activo</SimpleData>
            <SimpleData name="OBJECTID_1">7085</SimpleData>
            <SimpleData name="Shape_Leng">345.56600892800</SimpleData>
            <SimpleData name="Shape_Area">6996.55412910000</SimpleData>
          </SchemaData>
        </ExtendedData>
        <Polygon>
          <outerBoundaryIs>
            <LinearRing>
              <coordinates>
                -55.2544880006593,-24.3452951000005,0
                -55.2544613998392,-24.3459639002078,0
                -55.2549359997415,-24.3459247999099,0
                -55.2549414990693,-24.3459905001917,0
                -55.2553050004522,-24.3460189996633,0
                -55.2554204002793,-24.3458022998421,0
                -55.2554887003169,-24.3453523999723,0
                -55.2544880006593,-24.3452951000005,0
              </coordinates>
            </LinearRing>
          </outerBoundaryIs>
        </Polygon>
      </Placemark>
      <Placemark id="Lote_G.213">
        <ExtendedData>
          <SchemaData schemaUrl="#Lote_G.schema">
            <SimpleData name="Cédula">5470959.00000000000</SimpleData>
            <SimpleData name="Nombres_y_">ALICIA OLIVEIRA ZARATE</SimpleData>
            <SimpleData name="Sexo">Mujer</SimpleData>
            <SimpleData name="Cambio_de_">NO</SimpleData>
            <SimpleData name="Titular_se">NO</SimpleData>
            <SimpleData name="ci_UNIF">5470959.00000000000</SimpleData>
            <SimpleData name="Situación">NO</SimpleData>
            <SimpleData name="Comunidad">Ind?gena</SimpleData>
            <SimpleData name="Modelo_imp">Modelo 5</SimpleData>
            <SimpleData name="Departamen">CANINDEYU</SimpleData>
            <SimpleData name="Distrito">YBY PYTA</SimpleData>
            <SimpleData name="Localidad">COM INDIG TEKOHA POTY PYAHU</SimpleData>
            <SimpleData name="Teléfono">0985541235</SimpleData>
            <SimpleData name="Vivienda_L">-24.25614380000</SimpleData>
            <SimpleData name="Vivienda_1">-55.22945830000</SimpleData>
            <SimpleData name="Superficie">0.70000000000</SimpleData>
            <SimpleData name="Situaci_1">Par?metro</SimpleData>
            <SimpleData name="Plantado">SI</SimpleData>
            <SimpleData name="Fecha_Plan">2026/05/30</SimpleData>
            <SimpleData name="Jornales">0.00000000000</SimpleData>
            <SimpleData name="Monto">0.00000000000</SimpleData>
            <SimpleData name="Grupo_de_p">G-GN-XX-XX-XX</SimpleData>
            <SimpleData name="Estado_del">Activo</SimpleData>
            <SimpleData name="Empresa">Red Forestal Paraguay SA</SimpleData>
            <SimpleData name="Lote">G</SimpleData>
            <SimpleData name="Parametro">0.00000000000</SimpleData>
            <SimpleData name="Sup_SIG">0.75777744172</SimpleData>
            <SimpleData name="X">-55.22872345000</SimpleData>
            <SimpleData name="Y">-24.25749892000</SimpleData>
            <SimpleData name="cedula">5470959</SimpleData>
            <SimpleData name="Cédula_1">5470959.00000000000</SimpleData>
            <SimpleData name="Estado_d_1">Activo</SimpleData>
            <SimpleData name="OBJECTID_1">7059</SimpleData>
            <SimpleData name="Shape_Leng">365.82041901800</SimpleData>
            <SimpleData name="Shape_Area">7577.77441718000</SimpleData>
          </SchemaData>
        </ExtendedData>
        <Polygon>
          <outerBoundaryIs>
            <LinearRing>
              <coordinates>
                -55.2281074991569,-24.2572394006652,0
                -55.2281647994552,-24.2578098995535,0
                -55.2293399000367,-24.2577590995216,0
                -55.2292803997939,-24.2571869996368,0
                -55.2281074991569,-24.2572394006652,0
              </coordinates>
            </LinearRing>
          </outerBoundaryIs>
        </Polygon>
      </Placemark>
      <Placemark id="Lote_G.214">
        <ExtendedData>
          <SchemaData schemaUrl="#Lote_G.schema">
            <SimpleData name="Cédula">5470970.00000000000</SimpleData>
            <SimpleData name="Nombres_y_">FABIAN VERA OLIVEIRA</SimpleData>
            <SimpleData name="Sexo">Hombre</SimpleData>
            <SimpleData name="Cambio_de_">NO</SimpleData>
            <SimpleData name="Titular_se">NO</SimpleData>
            <SimpleData name="ci_UNIF">5470970.00000000000</SimpleData>
            <SimpleData name="Situación">NO</SimpleData>
            <SimpleData name="Comunidad">Ind?gena</SimpleData>
            <SimpleData name="Modelo_imp">Modelo 1</SimpleData>
            <SimpleData name="Departamen">CANINDEYU</SimpleData>
            <SimpleData name="Distrito">YBY PYTA</SimpleData>
            <SimpleData name="Localidad">COM INDIG TEKOHA POTY PYAHU</SimpleData>
            <SimpleData name="Teléfono">0974243620</SimpleData>
            <SimpleData name="Vivienda_L">-24.26617340000</SimpleData>
            <SimpleData name="Vivienda_1">-55.22486570000</SimpleData>
            <SimpleData name="Superficie">0.80000000000</SimpleData>
            <SimpleData name="Situaci_1">Par?metro</SimpleData>
            <SimpleData name="Plantado">SI</SimpleData>
            <SimpleData name="Fecha_Plan">2026/05/28</SimpleData>
            <SimpleData name="Jornales">0.00000000000</SimpleData>
            <SimpleData name="Monto">0.00000000000</SimpleData>
            <SimpleData name="Grupo_de_p">G-GN-XX-XX-XX</SimpleData>
            <SimpleData name="Estado_del">Activo</SimpleData>
            <SimpleData name="Empresa">Red Forestal Paraguay SA</SimpleData>
            <SimpleData name="Lote">G</SimpleData>
            <SimpleData name="Parametro">0.00000000000</SimpleData>
            <SimpleData name="Sup_SIG">0.81172705180</SimpleData>
            <SimpleData name="X">-55.22423079000</SimpleData>
            <SimpleData name="Y">-24.26558154000</SimpleData>
            <SimpleData name="cedula">5470970</SimpleData>
            <SimpleData name="Cédula_1">5470970.00000000000</SimpleData>
            <SimpleData name="Estado_d_1">Activo</SimpleData>
            <SimpleData name="OBJECTID_1">5291</SimpleData>
            <SimpleData name="Shape_Leng">363.48354156100</SimpleData>
            <SimpleData name="Shape_Area">8117.27051796000</SimpleData>
          </SchemaData>
        </ExtendedData>
        <Polygon>
          <outerBoundaryIs>
            <LinearRing>
              <coordinates>
                -55.2240518002469,-24.2661471000856,0
                -55.2241985994591,-24.2661568002422,0
                -55.2247552004519,-24.2659264003292,0
                -55.224314999991,-24.2649484000961,0
                -55.2238314004803,-24.2651310000854,0
                -55.2238167995281,-24.2654607999711,0
                -55.2240518002469,-24.2661471000856,0
              </coordinates>
            </LinearRing>
          </outerBoundaryIs>
        </Polygon>
      </Placemark>
      <Placemark id="Lote_G.215">
        <ExtendedData>
          <SchemaData schemaUrl="#Lote_G.schema">
            <SimpleData name="Cédula">5507497.00000000000</SimpleData>
            <SimpleData name="Nombres_y_">ISABEL LOPEZ ESCOBAR</SimpleData>
            <SimpleData name="Sexo">Mujer</SimpleData>
            <SimpleData name="Cambio_de_">NO</SimpleData>
            <SimpleData name="Titular_se">NO</SimpleData>
            <SimpleData name="ci_UNIF">5507497.00000000000</SimpleData>
            <SimpleData name="Situación">NO</SimpleData>
            <SimpleData name="Comunidad">Ind?gena</SimpleData>
            <SimpleData name="Modelo_imp">Modelo 5</SimpleData>
            <SimpleData name="Departamen">CANINDEYU</SimpleData>
            <SimpleData name="Distrito">YASY CA?Y</SimpleData>
            <SimpleData name="Localidad"><![CDATA[COM INDIG KA'AGUY POTY KAMBA]]></SimpleData>
            <SimpleData name="Teléfono">0984727435</SimpleData>
            <SimpleData name="Vivienda_L">-24.56271000000</SimpleData>
            <SimpleData name="Vivienda_1">-55.92393830000</SimpleData>
            <SimpleData name="Superficie">0.70000000000</SimpleData>
            <SimpleData name="Situaci_1">Par?metro</SimpleData>
            <SimpleData name="Plantado">SI</SimpleData>
            <SimpleData name="Fecha_Plan">2026/06/02</SimpleData>
            <SimpleData name="Jornales">0.00000000000</SimpleData>
            <SimpleData name="Monto">0.00000000000</SimpleData>
            <SimpleData name="Grupo_de_p">G-GN-XX-XX-XX</SimpleData>
            <SimpleData name="Estado_del">Activo</SimpleData>
            <SimpleData name="Empresa">Red Forestal Paraguay SA</SimpleData>
            <SimpleData name="Lote">G</SimpleData>
            <SimpleData name="Parametro">0.00000000000</SimpleData>
            <SimpleData name="Sup_SIG">0.70055480598</SimpleData>
            <SimpleData name="X">-55.92457124000</SimpleData>
            <SimpleData name="Y">-24.56203937000</SimpleData>
            <SimpleData name="cedula">5507497</SimpleData>
            <SimpleData name="Cédula_1">5507497.00000000000</SimpleData>
            <SimpleData name="Estado_d_1">Activo</SimpleData>
            <SimpleData name="OBJECTID_1">6988</SimpleData>
            <SimpleData name="Shape_Leng">516.56886085400</SimpleData>
            <SimpleData name="Shape_Area">7005.54805983000</SimpleData>
          </SchemaData>
        </ExtendedData>
        <MultiGeometry>
          <Polygon>
            <outerBoundaryIs>
              <LinearRing>
                <coordinates>
                  -55.9243365998699,-24.5631817001725,0
                  -55.9244246003629,-24.5628663007979,0
                  -55.9241896992625,-24.5627914998098,0
                  -55.9240248993892,-24.5631517003888,0
                  -55.9243365998699,-24.5631817001725,0
                </coordinates>
              </LinearRing>
            </outerBoundaryIs>
          </Polygon>
          <Polygon>
            <outerBoundaryIs>
              <LinearRing>
                <coordinates>
                  -55.9249349999778,-24.5614449999367,0
                  -55.9245000004017,-24.5613617009023,0
                  -55.9242300000614,-24.5623482998009,0
                  -55.9246969458077,-24.5624015571813,0
                  -55.9246981995785,-24.5624016997805,0
                  -55.9248046877599,-24.5620985510638,0
                  -55.9251165998248,-24.5612106000968,0
                  -55.9250235999949,-24.5612155004561,0
                  -55.9249349999778,-24.5614449999367,0
                </coordinates>
              </LinearRing>
            </outerBoundaryIs>
          </Polygon>
        </MultiGeometry>
      </Placemark>
      <Placemark id="Lote_G.216">
        <ExtendedData>
          <SchemaData schemaUrl="#Lote_G.schema">
            <SimpleData name="Cédula">5948144.00000000000</SimpleData>
            <SimpleData name="Nombres_y_">CRISPULO SANABRIA AYALA</SimpleData>
            <SimpleData name="Sexo">Hombre</SimpleData>
            <SimpleData name="Cambio_de_">NO</SimpleData>
            <SimpleData name="Titular_se">NO</SimpleData>
            <SimpleData name="ci_UNIF">5948144.00000000000</SimpleData>
            <SimpleData name="Situación">NO</SimpleData>
            <SimpleData name="Comunidad">Ind?gena</SimpleData>
            <SimpleData name="Modelo_imp">Modelo 5</SimpleData>
            <SimpleData name="Departamen">CANINDEYU</SimpleData>
            <SimpleData name="Distrito">YBY PYTA</SimpleData>
            <SimpleData name="Localidad">COM INDIG TEKOHA POTY PYAHU</SimpleData>
            <SimpleData name="Teléfono">0983669553</SimpleData>
            <SimpleData name="Vivienda_L">-24.27675550000</SimpleData>
            <SimpleData name="Vivienda_1">-55.22860800000</SimpleData>
            <SimpleData name="Superficie">0.70000000000</SimpleData>
            <SimpleData name="Situaci_1">Par?metro</SimpleData>
            <SimpleData name="Plantado">SI</SimpleData>
            <SimpleData name="Fecha_Plan">2026/05/28</SimpleData>
            <SimpleData name="Jornales">0.00000000000</SimpleData>
            <SimpleData name="Monto">0.00000000000</SimpleData>
            <SimpleData name="Grupo_de_p">G-GN-XX-XX-XX</SimpleData>
            <SimpleData name="Estado_del">Activo</SimpleData>
            <SimpleData name="Empresa">Red Forestal Paraguay SA</SimpleData>
            <SimpleData name="Lote">G</SimpleData>
            <SimpleData name="Parametro">0.00000000000</SimpleData>
            <SimpleData name="Sup_SIG">0.73708741467</SimpleData>
            <SimpleData name="X">-55.22776061000</SimpleData>
            <SimpleData name="Y">-24.27675396000</SimpleData>
            <SimpleData name="cedula">5948144</SimpleData>
            <SimpleData name="Cédula_1">5948144.00000000000</SimpleData>
            <SimpleData name="Estado_d_1">Activo</SimpleData>
            <SimpleData name="OBJECTID_1">7064</SimpleData>
            <SimpleData name="Shape_Leng">428.99114882000</SimpleData>
            <SimpleData name="Shape_Area">7370.87414665000</SimpleData>
          </SchemaData>
        </ExtendedData>
        <Polygon>
          <outerBoundaryIs>
            <LinearRing>
              <coordinates>
                -55.2268017000512,-24.2770998998851,0
                -55.2269209999329,-24.2771808000662,0
                -55.2277900006608,-24.2770582999743,0
                -55.2284036009203,-24.2766865007755,0
                -55.2283573000995,-24.2761465996874,0
                -55.2268017000512,-24.2770998998851,0
              </coordinates>
            </LinearRing>
          </outerBoundaryIs>
        </Polygon>
      </Placemark>
      <Placemark id="Lote_G.217">
        <ExtendedData>
          <SchemaData schemaUrl="#Lote_G.schema">
            <SimpleData name="Cédula">5957472.00000000000</SimpleData>
            <SimpleData name="Nombres_y_">MIRIAN FLORENCIA RECALDE MOREIRA</SimpleData>
            <SimpleData name="Sexo">Mujer</SimpleData>
            <SimpleData name="Cambio_de_">NO</SimpleData>
            <SimpleData name="Titular_se">NO</SimpleData>
            <SimpleData name="ci_UNIF">5957472.00000000000</SimpleData>
            <SimpleData name="Situación">NO</SimpleData>
            <SimpleData name="Comunidad">Ind?gena</SimpleData>
            <SimpleData name="Modelo_imp">Modelo 1</SimpleData>
            <SimpleData name="Departamen">CANINDEYU</SimpleData>
            <SimpleData name="Distrito">YBY PYTA</SimpleData>
            <SimpleData name="Localidad">COM INDIG TEKOHA POTY PYAHU</SimpleData>
            <SimpleData name="Teléfono">0975272786</SimpleData>
            <SimpleData name="Vivienda_L">-24.26729400000</SimpleData>
            <SimpleData name="Vivienda_1">-55.22669630000</SimpleData>
            <SimpleData name="Superficie">0.80000000000</SimpleData>
            <SimpleData name="Situaci_1">Par?metro</SimpleData>
            <SimpleData name="Plantado">SI</SimpleData>
            <SimpleData name="Fecha_Plan">2026/05/26</SimpleData>
            <SimpleData name="Jornales">0.00000000000</SimpleData>
            <SimpleData name="Monto">0.00000000000</SimpleData>
            <SimpleData name="Grupo_de_p">G-GN-XX-XX-XX</SimpleData>
            <SimpleData name="Estado_del">Activo</SimpleData>
            <SimpleData name="Empresa">Red Forestal Paraguay SA</SimpleData>
            <SimpleData name="Lote">G</SimpleData>
            <SimpleData name="Parametro">0.00000000000</SimpleData>
            <SimpleData name="Sup_SIG">0.84479083803</SimpleData>
            <SimpleData name="X">-55.22618988000</SimpleData>
            <SimpleData name="Y">-24.26663402000</SimpleData>
            <SimpleData name="cedula">5957472</SimpleData>
            <SimpleData name="Cédula_1">5957472.00000000000</SimpleData>
            <SimpleData name="Estado_d_1">Activo</SimpleData>
            <SimpleData name="OBJECTID_1">5294</SimpleData>
            <SimpleData name="Shape_Leng">380.35831054300</SimpleData>
            <SimpleData name="Shape_Area">8447.90838030000</SimpleData>
          </SchemaData>
        </ExtendedData>
        <Polygon>
          <outerBoundaryIs>
            <LinearRing>
              <coordinates>
                -55.2254894998056,-24.2665330995222,0
                -55.2264753000887,-24.2672374999661,0
                -55.2268289001677,-24.2666938001871,0
                -55.2260059993208,-24.2660595999895,0
                -55.2254894998056,-24.2665330995222,0
              </coordinates>
            </LinearRing>
          </outerBoundaryIs>
        </Polygon>
      </Placemark>
      <Placemark id="Lote_G.218">
        <ExtendedData>
          <SchemaData schemaUrl="#Lote_G.schema">
            <SimpleData name="Cédula">5957497.00000000000</SimpleData>
            <SimpleData name="Nombres_y_">ALFREDO BENITEZ SOSA</SimpleData>
            <SimpleData name="Sexo">Hombre</SimpleData>
            <SimpleData name="Cambio_de_">NO</SimpleData>
            <SimpleData name="Titular_se">NO</SimpleData>
            <SimpleData name="ci_UNIF">5957497.00000000000</SimpleData>
            <SimpleData name="Situación">NO</SimpleData>
            <SimpleData name="Comunidad">Ind?gena</SimpleData>
            <SimpleData name="Modelo_imp">Modelo 5</SimpleData>
            <SimpleData name="Departamen">CANINDEYU</SimpleData>
            <SimpleData name="Distrito">YBY PYTA</SimpleData>
            <SimpleData name="Localidad">COM INDIG TEKOHA POTY PYAHU</SimpleData>
            <SimpleData name="Teléfono">0987351160</SimpleData>
            <SimpleData name="Vivienda_L">-24.27769850000</SimpleData>
            <SimpleData name="Vivienda_1">-55.22587480000</SimpleData>
            <SimpleData name="Superficie">0.70000000000</SimpleData>
            <SimpleData name="Situaci_1">Par?metro</SimpleData>
            <SimpleData name="Plantado">SI</SimpleData>
            <SimpleData name="Fecha_Plan">2026/05/28</SimpleData>
            <SimpleData name="Jornales">0.00000000000</SimpleData>
            <SimpleData name="Monto">0.00000000000</SimpleData>
            <SimpleData name="Grupo_de_p">G-GN-XX-XX-XX</SimpleData>
            <SimpleData name="Estado_del">Activo</SimpleData>
            <SimpleData name="Empresa">Red Forestal Paraguay SA</SimpleData>
            <SimpleData name="Lote">G</SimpleData>
            <SimpleData name="Parametro">0.00000000000</SimpleData>
            <SimpleData name="Sup_SIG">0.71130073334</SimpleData>
            <SimpleData name="X">-55.22767428000</SimpleData>
            <SimpleData name="Y">-24.27630767000</SimpleData>
            <SimpleData name="cedula">5957497</SimpleData>
            <SimpleData name="Cédula_1">5957497.00000000000</SimpleData>
            <SimpleData name="Estado_d_1">Activo</SimpleData>
            <SimpleData name="OBJECTID_1">7067</SimpleData>
            <SimpleData name="Shape_Leng">441.59288351300</SimpleData>
            <SimpleData name="Shape_Area">7113.00733337000</SimpleData>
          </SchemaData>
        </ExtendedData>
        <Polygon>
          <outerBoundaryIs>
            <LinearRing>
              <coordinates>
                -55.2272517002676,-24.2763283003555,0
                -55.2268113002693,-24.2770445995438,0
                -55.2283611001677,-24.2761367995753,0
                -55.2283270997073,-24.2758292996919,0
                -55.2279583995785,-24.2758078992005,0
                -55.2272517002676,-24.2763283003555,0
              </coordinates>
            </LinearRing>
          </outerBoundaryIs>
        </Polygon>
      </Placemark>
      <Placemark id="Lote_G.219">
        <ExtendedData>
          <SchemaData schemaUrl="#Lote_G.schema">
            <SimpleData name="Cédula">6818627.00000000000</SimpleData>
            <SimpleData name="Nombres_y_">DAMIAN MOUDELLE MASCARE?O</SimpleData>
            <SimpleData name="Sexo">Hombre</SimpleData>
            <SimpleData name="Cambio_de_">NO</SimpleData>
            <SimpleData name="Titular_se">NO</SimpleData>
            <SimpleData name="ci_UNIF">6818627.00000000000</SimpleData>
            <SimpleData name="Situación">NO</SimpleData>
            <SimpleData name="Comunidad">Campesina</SimpleData>
            <SimpleData name="Modelo_imp">Modelo 1</SimpleData>
            <SimpleData name="Departamen">CANINDEYU</SimpleData>
            <SimpleData name="Distrito">YBY PYTA</SimpleData>
            <SimpleData name="Localidad">BRITEZ KUE 4 DE OCTUBRE</SimpleData>
            <SimpleData name="Teléfono">0983630686</SimpleData>
            <SimpleData name="Vivienda_L">-24.29117500000</SimpleData>
            <SimpleData name="Vivienda_1">-55.27727330000</SimpleData>
            <SimpleData name="Superficie">0.80000000000</SimpleData>
            <SimpleData name="Situaci_1">Par?metro</SimpleData>
            <SimpleData name="Plantado">SI</SimpleData>
            <SimpleData name="Fecha_Plan">2026/05/25</SimpleData>
            <SimpleData name="Jornales">0.00000000000</SimpleData>
            <SimpleData name="Monto">0.00000000000</SimpleData>
            <SimpleData name="Grupo_de_p">G-GN-XX-XX-XX</SimpleData>
            <SimpleData name="Estado_del">Activo</SimpleData>
            <SimpleData name="Empresa">Red Forestal Paraguay SA</SimpleData>
            <SimpleData name="Lote">G</SimpleData>
            <SimpleData name="Parametro">0.00000000000</SimpleData>
            <SimpleData name="Sup_SIG">0.82276561939</SimpleData>
            <SimpleData name="X">-55.27640956000</SimpleData>
            <SimpleData name="Y">-24.30484262000</SimpleData>
            <SimpleData name="cedula">6818627</SimpleData>
            <SimpleData name="Cédula_1">6818627.00000000000</SimpleData>
            <SimpleData name="Estado_d_1">Activo</SimpleData>
            <SimpleData name="OBJECTID_1">7080</SimpleData>
            <SimpleData name="Shape_Leng">414.02508828500</SimpleData>
            <SimpleData name="Shape_Area">8227.65619392000</SimpleData>
          </SchemaData>
        </ExtendedData>
        <Polygon>
          <outerBoundaryIs>
            <LinearRing>
              <coordinates>
                -55.2756349995966,-24.3050467000781,0
                -55.2771932999173,-24.3051200000032,0
                -55.2771282997197,-24.3046300003625,0
                -55.2756816994453,-24.304561700262,0
                -55.2756349995966,-24.3050467000781,0
              </coordinates>
            </LinearRing>
          </outerBoundaryIs>
        </Polygon>
      </Placemark>
      <Placemark id="Lote_G.220">
        <ExtendedData>
          <SchemaData schemaUrl="#Lote_G.schema">
            <SimpleData name="Cédula">7751275.00000000000</SimpleData>
            <SimpleData name="Nombres_y_">CRISTINA  BARRIOS VILLALBA</SimpleData>
            <SimpleData name="Sexo">Mujer</SimpleData>
            <SimpleData name="Cambio_de_">NO</SimpleData>
            <SimpleData name="Titular_se">NO</SimpleData>
            <SimpleData name="ci_UNIF">7751275.00000000000</SimpleData>
            <SimpleData name="Situación">NO</SimpleData>
            <SimpleData name="Comunidad">Campesina</SimpleData>
            <SimpleData name="Modelo_imp">Modelo 6</SimpleData>
            <SimpleData name="Departamen">CANINDEYU</SimpleData>
            <SimpleData name="Distrito">YBY PYTA</SimpleData>
            <SimpleData name="Localidad">BRITEZ KUE 4 DE OCTUBRE</SimpleData>
            <SimpleData name="Teléfono">975885554</SimpleData>
            <SimpleData name="Vivienda_L">-24.28906220000</SimpleData>
            <SimpleData name="Vivienda_1">-55.27144590000</SimpleData>
            <SimpleData name="Superficie">0.90000000000</SimpleData>
            <SimpleData name="Situaci_1">Par?metro</SimpleData>
            <SimpleData name="Plantado">SI</SimpleData>
            <SimpleData name="Fecha_Plan">2026/05/30</SimpleData>
            <SimpleData name="Jornales">0.00000000000</SimpleData>
            <SimpleData name="Monto">0.00000000000</SimpleData>
            <SimpleData name="Grupo_de_p">G-GN-XX-XX-XX</SimpleData>
            <SimpleData name="Estado_del">Activo</SimpleData>
            <SimpleData name="Empresa">Red Forestal Paraguay SA</SimpleData>
            <SimpleData name="Lote">G</SimpleData>
            <SimpleData name="Parametro">0.00000000000</SimpleData>
            <SimpleData name="Sup_SIG">0.90226440906</SimpleData>
            <SimpleData name="X">-55.26839713000</SimpleData>
            <SimpleData name="Y">-24.28880442000</SimpleData>
            <SimpleData name="cedula">7751275</SimpleData>
            <SimpleData name="Cédula_1">7751275.00000000000</SimpleData>
            <SimpleData name="Estado_d_1">Activo</SimpleData>
            <SimpleData name="OBJECTID_1">6298</SimpleData>
            <SimpleData name="Shape_Leng">378.81329133400</SimpleData>
            <SimpleData name="Shape_Area">9022.64409059000</SimpleData>
          </SchemaData>
        </ExtendedData>
        <Polygon>
          <outerBoundaryIs>
            <LinearRing>
              <coordinates>
                -55.2678435001174,-24.2891851996982,0
                -55.2679281002317,-24.2892631995737,0
                -55.2689200002301,-24.2891016999375,0
                -55.2689617005077,-24.2884349000017,0
                -55.2679660997247,-24.2883880001951,0
                -55.2678435001174,-24.2891851996982,0
              </coordinates>
            </LinearRing>
          </outerBoundaryIs>
        </Polygon>
      </Placemark>
      <Placemark id="Lote_G.221">
        <ExtendedData>
          <SchemaData schemaUrl="#Lote_G.schema">
            <SimpleData name="Cédula">2994760.00000000000</SimpleData>
            <SimpleData name="Nombres_y_">CLAUDELINA  PARRA RODAS</SimpleData>
            <SimpleData name="Sexo">Mujer</SimpleData>
            <SimpleData name="Cambio_de_">NO</SimpleData>
            <SimpleData name="Titular_se">NO</SimpleData>
            <SimpleData name="ci_UNIF">2994760.00000000000</SimpleData>
            <SimpleData name="Situación">NO</SimpleData>
            <SimpleData name="Comunidad">Campesina</SimpleData>
            <SimpleData name="Modelo_imp">Modelo 5</SimpleData>
            <SimpleData name="Departamen">CANINDEYU</SimpleData>
            <SimpleData name="Distrito">YASY CA?Y</SimpleData>
            <SimpleData name="Localidad">6 DE ENERO</SimpleData>
            <SimpleData name="Teléfono">983773180</SimpleData>
            <SimpleData name="Vivienda_L">-24.48757730000</SimpleData>
            <SimpleData name="Vivienda_1">-55.88602940000</SimpleData>
            <SimpleData name="Superficie">0.70000000000</SimpleData>
            <SimpleData name="Situaci_1">Par?metro</SimpleData>
            <SimpleData name="Plantado">SI</SimpleData>
            <SimpleData name="Fecha_Plan">2026/06/10</SimpleData>
            <SimpleData name="Jornales">0.00000000000</SimpleData>
            <SimpleData name="Monto">0.00000000000</SimpleData>
            <SimpleData name="Grupo_de_p">G-GN-XX-XX-XX</SimpleData>
            <SimpleData name="Estado_del">Activo</SimpleData>
            <SimpleData name="Empresa">Red Forestal Paraguay SA</SimpleData>
            <SimpleData name="Lote">G</SimpleData>
            <SimpleData name="Parametro">0.00000000000</SimpleData>
            <SimpleData name="Sup_SIG">0.75750693935</SimpleData>
            <SimpleData name="X">-55.89258540000</SimpleData>
            <SimpleData name="Y">-24.48215081000</SimpleData>
            <SimpleData name="cedula">2994760</SimpleData>
            <SimpleData name="Cédula_1">2994760.00000000000</SimpleData>
            <SimpleData name="Estado_d_1">Activo</SimpleData>
            <SimpleData name="OBJECTID_1">7358</SimpleData>
            <SimpleData name="Shape_Leng">401.33267266900</SimpleData>
            <SimpleData name="Shape_Area">7575.06939347000</SimpleData>
          </SchemaData>
        </ExtendedData>
        <Polygon>
          <outerBoundaryIs>
            <LinearRing>
              <coordinates>
                -55.8918907008484,-24.4824287995505,0
                -55.8922233006474,-24.4827949997672,0
                -55.8932973000963,-24.4818273993741,0
                -55.8929567003671,-24.4815216993448,0
                -55.8918907008484,-24.4824287995505,0
              </coordinates>
            </LinearRing>
          </outerBoundaryIs>
        </Polygon>
      </Placemark>
      <Placemark id="Lote_G.222">
        <ExtendedData>
          <SchemaData schemaUrl="#Lote_G.schema">
            <SimpleData name="Cédula">3849710.00000000000</SimpleData>
            <SimpleData name="Nombres_y_">SEBASTIANA CABALLERO GONZALEZ</SimpleData>
            <SimpleData name="Sexo">Mujer</SimpleData>
            <SimpleData name="Cambio_de_">NO</SimpleData>
            <SimpleData name="Titular_se">NO</SimpleData>
            <SimpleData name="ci_UNIF">3849710.00000000000</SimpleData>
            <SimpleData name="Situación">NO</SimpleData>
            <SimpleData name="Comunidad">Ind?gena</SimpleData>
            <SimpleData name="Modelo_imp">Modelo 5</SimpleData>
            <SimpleData name="Departamen">CANINDEYU</SimpleData>
            <SimpleData name="Distrito">YBY PYTA</SimpleData>
            <SimpleData name="Localidad">COM INDIG YRYAPU</SimpleData>
            <SimpleData name="Teléfono">0983448024</SimpleData>
            <SimpleData name="Vivienda_L">-24.32178290000</SimpleData>
            <SimpleData name="Vivienda_1">-55.32007840000</SimpleData>
            <SimpleData name="Superficie">0.70000000000</SimpleData>
            <SimpleData name="Situaci_1">Par?metro</SimpleData>
            <SimpleData name="Plantado">SI</SimpleData>
            <SimpleData name="Fecha_Plan">2026/06/12</SimpleData>
            <SimpleData name="Jornales">0.00000000000</SimpleData>
            <SimpleData name="Monto">0.00000000000</SimpleData>
            <SimpleData name="Grupo_de_p">G-GN-XX-XX-XX</SimpleData>
            <SimpleData name="Estado_del">Activo</SimpleData>
            <SimpleData name="Empresa">Red Forestal Paraguay SA</SimpleData>
            <SimpleData name="Lote">G</SimpleData>
            <SimpleData name="Parametro">0.00000000000</SimpleData>
            <SimpleData name="Sup_SIG">0.69707771809</SimpleData>
            <SimpleData name="X">-55.32235366000</SimpleData>
            <SimpleData name="Y">-24.32133006000</SimpleData>
            <SimpleData name="cedula">3849710</SimpleData>
            <SimpleData name="Cédula_1">3849710.00000000000</SimpleData>
            <SimpleData name="Estado_d_1">Activo</SimpleData>
            <SimpleData name="OBJECTID_1">7071</SimpleData>
            <SimpleData name="Shape_Leng">437.83128422100</SimpleData>
            <SimpleData name="Shape_Area">6970.77718085000</SimpleData>
          </SchemaData>
        </ExtendedData>
        <Polygon>
          <outerBoundaryIs>
            <LinearRing>
              <coordinates>
                -55.3222464692588,-24.3216864881082,0
                -55.3223659480236,-24.3216520012217,0
                -55.3224976008107,-24.3216140000429,0
                -55.3224572003192,-24.3213662003568,0
                -55.3232273003259,-24.3211558004393,0
                -55.3232419000704,-24.3208912992793,0
                -55.321656500558,-24.3212717003745,0
                -55.3218300008188,-24.3218066997154,0
                -55.3222464692588,-24.3216864881082,0
              </coordinates>
            </LinearRing>
          </outerBoundaryIs>
        </Polygon>
      </Placemark>
      <Placemark id="Lote_G.223">
        <ExtendedData>
          <SchemaData schemaUrl="#Lote_G.schema">
            <SimpleData name="Cédula">4144533.00000000000</SimpleData>
            <SimpleData name="Nombres_y_">BRIGIDAS VASQUEZ DOMINGUEZ</SimpleData>
            <SimpleData name="Sexo">Mujer</SimpleData>
            <SimpleData name="Cambio_de_">NO</SimpleData>
            <SimpleData name="Titular_se">NO</SimpleData>
            <SimpleData name="ci_UNIF">4144533.00000000000</SimpleData>
            <SimpleData name="Situación">NO</SimpleData>
            <SimpleData name="Comunidad">Ind?gena</SimpleData>
            <SimpleData name="Modelo_imp">Modelo 5</SimpleData>
            <SimpleData name="Departamen">CANINDEYU</SimpleData>
            <SimpleData name="Distrito">YBY PYTA</SimpleData>
            <SimpleData name="Localidad">COM INDIG 12 DE JUNIO</SimpleData>
            <SimpleData name="Teléfono">0975523380</SimpleData>
            <SimpleData name="Vivienda_L">-24.33589080000</SimpleData>
            <SimpleData name="Vivienda_1">-55.33579410000</SimpleData>
            <SimpleData name="Superficie">0.70000000000</SimpleData>
            <SimpleData name="Situaci_1">Par?metro</SimpleData>
            <SimpleData name="Plantado">SI</SimpleData>
            <SimpleData name="Fecha_Plan">2026/06/16</SimpleData>
            <SimpleData name="Jornales">0.00000000000</SimpleData>
            <SimpleData name="Monto">0.00000000000</SimpleData>
            <SimpleData name="Grupo_de_p">G-GN-XX-XX-XX</SimpleData>
            <SimpleData name="Estado_del">Activo</SimpleData>
            <SimpleData name="Empresa">Red Forestal Paraguay SA</SimpleData>
            <SimpleData name="Lote">G</SimpleData>
            <SimpleData name="Parametro">0.00000000000</SimpleData>
            <SimpleData name="Sup_SIG">0.70556346683</SimpleData>
            <SimpleData name="X">-55.33376866000</SimpleData>
            <SimpleData name="Y">-24.33688582000</SimpleData>
            <SimpleData name="cedula">4144533</SimpleData>
            <SimpleData name="Cédula_1">4144533.00000000000</SimpleData>
            <SimpleData name="Estado_d_1">Activo</SimpleData>
            <SimpleData name="OBJECTID_1">7062</SimpleData>
            <SimpleData name="Shape_Leng">368.81156240200</SimpleData>
            <SimpleData name="Shape_Area">7055.63466827000</SimpleData>
          </SchemaData>
        </ExtendedData>
        <Polygon>
          <outerBoundaryIs>
            <LinearRing>
              <coordinates>
                -55.3333450996804,-24.3364545001023,0
                -55.3332373991247,-24.3368064004854,0
                -55.3334470995982,-24.3368681003144,0
                -55.3337093994903,-24.3374399995372,0
                -55.3342716998928,-24.3372200005351,0
                -55.3340501995818,-24.3365278007224,0
                -55.3338228993579,-24.3366291997289,0
                -55.3336898994591,-24.3363567997012,0
                -55.3333450996804,-24.3364545001023,0
              </coordinates>
            </LinearRing>
          </outerBoundaryIs>
        </Polygon>
      </Placemark>
      <Placemark id="Lote_G.224">
        <ExtendedData>
          <SchemaData schemaUrl="#Lote_G.schema">
            <SimpleData name="Cédula">4149210.00000000000</SimpleData>
            <SimpleData name="Nombres_y_">SIMON OVIEDO</SimpleData>
            <SimpleData name="Sexo">Hombre</SimpleData>
            <SimpleData name="Cambio_de_">NO</SimpleData>
            <SimpleData name="Titular_se">NO</SimpleData>
            <SimpleData name="ci_UNIF">4149210.00000000000</SimpleData>
            <SimpleData name="Situación">NO</SimpleData>
            <SimpleData name="Comunidad">Ind?gena</SimpleData>
            <SimpleData name="Modelo_imp">Modelo 1</SimpleData>
            <SimpleData name="Departamen">CANINDEYU</SimpleData>
            <SimpleData name="Distrito">YASY CA?Y</SimpleData>
            <SimpleData name="Localidad"><![CDATA[COM INDIG KA'AGUY POTY KAMBA]]></SimpleData>
            <SimpleData name="Teléfono">ND</SimpleData>
            <SimpleData name="Vivienda_L">-24.56399830000</SimpleData>
            <SimpleData name="Vivienda_1">-55.92913830000</SimpleData>
            <SimpleData name="Superficie">0.80000000000</SimpleData>
            <SimpleData name="Situaci_1">Par?metro</SimpleData>
            <SimpleData name="Plantado">SI</SimpleData>
            <SimpleData name="Fecha_Plan">2026/06/10</SimpleData>
            <SimpleData name="Jornales">0.00000000000</SimpleData>
            <SimpleData name="Monto">0.00000000000</SimpleData>
            <SimpleData name="Grupo_de_p">G-GN-XX-XX-XX</SimpleData>
            <SimpleData name="Estado_del">Activo</SimpleData>
            <SimpleData name="Empresa">Red Forestal Paraguay SA</SimpleData>
            <SimpleData name="Lote">G</SimpleData>
            <SimpleData name="Parametro">0.00000000000</SimpleData>
            <SimpleData name="Sup_SIG">0.80178490976</SimpleData>
            <SimpleData name="X">-55.92580584000</SimpleData>
            <SimpleData name="Y">-24.55988002000</SimpleData>
            <SimpleData name="cedula">4149210</SimpleData>
            <SimpleData name="Cédula_1">4149210.00000000000</SimpleData>
            <SimpleData name="Estado_d_1">Activo</SimpleData>
            <SimpleData name="OBJECTID_1">7823</SimpleData>
            <SimpleData name="Shape_Leng">595.21069698300</SimpleData>
            <SimpleData name="Shape_Area">8017.84909756000</SimpleData>
          </SchemaData>
        </ExtendedData>
        <MultiGeometry>
          <Polygon>
            <outerBoundaryIs>
              <LinearRing>
                <coordinates>
                  -55.9262596994727,-24.5618161995221,0
                  -55.9262845002421,-24.5617202999381,0
                  -55.9253617002999,-24.5613183002677,0
                  -55.925116699924,-24.5612599998573,0
                  -55.9250100002684,-24.5615849995401,0
                  -55.9262596994727,-24.5618161995221,0
                </coordinates>
              </LinearRing>
            </outerBoundaryIs>
          </Polygon>
          <Polygon>
            <outerBoundaryIs>
              <LinearRing>
                <coordinates>
                  -55.9261536005622,-24.5602398996026,0
                  -55.9262898996299,-24.5598929993662,0
                  -55.9260250004,-24.5598299991728,0
                  -55.9259883006077,-24.5596616993506,0
                  -55.92578000065,-24.5595249998864,0
                  -55.9254149996681,-24.5595099996283,0
                  -55.925456700493,-24.5599282997797,0
                  -55.925535000124,-24.5599832997892,0
                  -55.9255168002778,-24.5601233995252,0
                  -55.9261536005622,-24.5602398996026,0
                </coordinates>
              </LinearRing>
            </outerBoundaryIs>
          </Polygon>
        </MultiGeometry>
      </Placemark>
      <Placemark id="Lote_G.225">
        <ExtendedData>
          <SchemaData schemaUrl="#Lote_G.schema">
            <SimpleData name="Cédula">5470984.00000000000</SimpleData>
            <SimpleData name="Nombres_y_">ISMAEL GARCETE RAMIREZ</SimpleData>
            <SimpleData name="Sexo">Hombre</SimpleData>
            <SimpleData name="Cambio_de_">NO</SimpleData>
            <SimpleData name="Titular_se">NO</SimpleData>
            <SimpleData name="ci_UNIF">5470984.00000000000</SimpleData>
            <SimpleData name="Situación">NO</SimpleData>
            <SimpleData name="Comunidad">Ind?gena</SimpleData>
            <SimpleData name="Modelo_imp">Modelo 4</SimpleData>
            <SimpleData name="Departamen">CANINDEYU</SimpleData>
            <SimpleData name="Distrito">YBY PYTA</SimpleData>
            <SimpleData name="Localidad">COM INDIG TEKOHA POTY PYAHU</SimpleData>
            <SimpleData name="Teléfono">0981857258</SimpleData>
            <SimpleData name="Vivienda_L">-24.25170880000</SimpleData>
            <SimpleData name="Vivienda_1">-55.20870460000</SimpleData>
            <SimpleData name="Superficie">0.70000000000</SimpleData>
            <SimpleData name="Situaci_1">Par?metro</SimpleData>
            <SimpleData name="Plantado">SI</SimpleData>
            <SimpleData name="Fecha_Plan">2025/12/09</SimpleData>
            <SimpleData name="Jornales">0.00000000000</SimpleData>
            <SimpleData name="Monto">0.00000000000</SimpleData>
            <SimpleData name="Grupo_de_p">G-GN-XX-XX-XX</SimpleData>
            <SimpleData name="Estado_del">Activo</SimpleData>
            <SimpleData name="Empresa">Red Forestal Paraguay SA</SimpleData>
            <SimpleData name="Lote">G</SimpleData>
            <SimpleData name="Parametro">0.00000000000</SimpleData>
            <SimpleData name="Sup_SIG">0.80905324192</SimpleData>
            <SimpleData name="X">-55.20684869000</SimpleData>
            <SimpleData name="Y">-24.25537717000</SimpleData>
            <SimpleData name="cedula">5470984</SimpleData>
            <SimpleData name="Cédula_1">5470984.00000000000</SimpleData>
            <SimpleData name="Estado_d_1">Activo</SimpleData>
            <SimpleData name="OBJECTID_1">8680</SimpleData>
            <SimpleData name="Shape_Leng">364.45492275600</SimpleData>
            <SimpleData name="Shape_Area">8090.53241924000</SimpleData>
          </SchemaData>
        </ExtendedData>
        <Polygon>
          <outerBoundaryIs>
            <LinearRing>
              <coordinates>
                -55.2062689000591,-24.2554050999102,0
                -55.2066473004274,-24.2559623003866,0
                -55.2074535998204,-24.2554244999719,0
                -55.2069700000242,-24.2547533001444,0
                -55.2062689000591,-24.2554050999102,0
              </coordinates>
            </LinearRing>
          </outerBoundaryIs>
        </Polygon>
      </Placemark>
      <Placemark id="Lote_G.226">
        <ExtendedData>
          <SchemaData schemaUrl="#Lote_G.schema">
            <SimpleData name="Cédula">5507494.00000000000</SimpleData>
            <SimpleData name="Nombres_y_">MARCOS FRANCISCO LOPEZ ESCOBAR</SimpleData>
            <SimpleData name="Sexo">Hombre</SimpleData>
            <SimpleData name="Cambio_de_">NO</SimpleData>
            <SimpleData name="Titular_se">NO</SimpleData>
            <SimpleData name="ci_UNIF">5507494.00000000000</SimpleData>
            <SimpleData name="Situación">NO</SimpleData>
            <SimpleData name="Comunidad">Ind?gena</SimpleData>
            <SimpleData name="Modelo_imp">Modelo 5</SimpleData>
            <SimpleData name="Departamen">CANINDEYU</SimpleData>
            <SimpleData name="Distrito">YASY CA?Y</SimpleData>
            <SimpleData name="Localidad"><![CDATA[COM INDIG KA'AGUY POTY KAMBA]]></SimpleData>
            <SimpleData name="Teléfono">0985663360</SimpleData>
            <SimpleData name="Vivienda_L">-24.56294540000</SimpleData>
            <SimpleData name="Vivienda_1">-55.92507520000</SimpleData>
            <SimpleData name="Superficie">0.70000000000</SimpleData>
            <SimpleData name="Situaci_1">Par?metro</SimpleData>
            <SimpleData name="Plantado">SI</SimpleData>
            <SimpleData name="Fecha_Plan">2026/06/10</SimpleData>
            <SimpleData name="Jornales">0.00000000000</SimpleData>
            <SimpleData name="Monto">0.00000000000</SimpleData>
            <SimpleData name="Grupo_de_p">G-GN-XX-XX-XX</SimpleData>
            <SimpleData name="Estado_del">Activo</SimpleData>
            <SimpleData name="Empresa">Red Forestal Paraguay SA</SimpleData>
            <SimpleData name="Lote">G</SimpleData>
            <SimpleData name="Parametro">0.00000000000</SimpleData>
            <SimpleData name="Sup_SIG">0.69983206352</SimpleData>
            <SimpleData name="X">-55.92553237000</SimpleData>
            <SimpleData name="Y">-24.56195842000</SimpleData>
            <SimpleData name="cedula">5507494</SimpleData>
            <SimpleData name="Cédula_1">5507494.00000000000</SimpleData>
            <SimpleData name="Estado_d_1">Activo</SimpleData>
            <SimpleData name="OBJECTID_1">6987</SimpleData>
            <SimpleData name="Shape_Leng">366.57425301900</SimpleData>
            <SimpleData name="Shape_Area">6998.32063518000</SimpleData>
          </SchemaData>
        </ExtendedData>
        <Polygon>
          <outerBoundaryIs>
            <LinearRing>
              <coordinates>
                -55.9248317000989,-24.5620850001674,0
                -55.9260354003109,-24.5623055998304,0
                -55.9262551001149,-24.5618249002198,0
                -55.9249799992618,-24.5616216997976,0
                -55.9248317000989,-24.5620850001674,0
              </coordinates>
            </LinearRing>
          </outerBoundaryIs>
        </Polygon>
      </Placemark>
      <Placemark id="Lote_G.227">
        <ExtendedData>
          <SchemaData schemaUrl="#Lote_G.schema">
            <SimpleData name="Cédula">6676709.00000000000</SimpleData>
            <SimpleData name="Nombres_y_">WILMA BENITEZ COLMAN</SimpleData>
            <SimpleData name="Sexo">Mujer</SimpleData>
            <SimpleData name="Cambio_de_">NO</SimpleData>
            <SimpleData name="Titular_se">NO</SimpleData>
            <SimpleData name="ci_UNIF">6676709.00000000000</SimpleData>
            <SimpleData name="Situación">NO</SimpleData>
            <SimpleData name="Comunidad">Ind?gena</SimpleData>
            <SimpleData name="Modelo_imp">Modelo 5</SimpleData>
            <SimpleData name="Departamen">CANINDEYU</SimpleData>
            <SimpleData name="Distrito">YBY PYTA</SimpleData>
            <SimpleData name="Localidad">COM INDIG 12 DE JUNIO</SimpleData>
            <SimpleData name="Teléfono">0985565454</SimpleData>
            <SimpleData name="Vivienda_L">-24.33839350000</SimpleData>
            <SimpleData name="Vivienda_1">-55.34173180000</SimpleData>
            <SimpleData name="Superficie">0.70000000000</SimpleData>
            <SimpleData name="Situaci_1">Par?metro</SimpleData>
            <SimpleData name="Plantado">SI</SimpleData>
            <SimpleData name="Fecha_Plan">2026/06/16</SimpleData>
            <SimpleData name="Jornales">0.00000000000</SimpleData>
            <SimpleData name="Monto">0.00000000000</SimpleData>
            <SimpleData name="Grupo_de_p">G-GN-XX-XX-XX</SimpleData>
            <SimpleData name="Estado_del">Activo</SimpleData>
            <SimpleData name="Empresa">Red Forestal Paraguay SA</SimpleData>
            <SimpleData name="Lote">G</SimpleData>
            <SimpleData name="Parametro">0.00000000000</SimpleData>
            <SimpleData name="Sup_SIG">0.80736736250</SimpleData>
            <SimpleData name="X">-55.34189374000</SimpleData>
            <SimpleData name="Y">-24.33589191000</SimpleData>
            <SimpleData name="cedula">6676709</SimpleData>
            <SimpleData name="Cédula_1">6676709.00000000000</SimpleData>
            <SimpleData name="Estado_d_1">Activo</SimpleData>
            <SimpleData name="OBJECTID_1">5297</SimpleData>
            <SimpleData name="Shape_Leng">408.98239057500</SimpleData>
            <SimpleData name="Shape_Area">8073.67362502000</SimpleData>
          </SchemaData>
        </ExtendedData>
        <Polygon>
          <outerBoundaryIs>
            <LinearRing>
              <coordinates>
                -55.3411967005458,-24.3362700001325,0
                -55.3411495995967,-24.3364001997244,0
                -55.3420121998451,-24.3363382000772,0
                -55.3423593999003,-24.3359413003159,0
                -55.342359500168,-24.3354892998025,0
                -55.3422881002575,-24.3354102006157,0
                -55.3416848996347,-24.335388299843,0
                -55.341467599982,-24.3362638992522,0
                -55.3411967005458,-24.3362700001325,0
              </coordinates>
            </LinearRing>
          </outerBoundaryIs>
        </Polygon>
      </Placemark>
      <Placemark id="Lote_G.228">
        <ExtendedData>
          <SchemaData schemaUrl="#Lote_G.schema">
            <SimpleData name="Cédula">6767510.00000000000</SimpleData>
            <SimpleData name="Nombres_y_">BASILICIA GONZALEZ</SimpleData>
            <SimpleData name="Sexo">Mujer</SimpleData>
            <SimpleData name="Cambio_de_">NO</SimpleData>
            <SimpleData name="Titular_se">NO</SimpleData>
            <SimpleData name="ci_UNIF">6767510.00000000000</SimpleData>
            <SimpleData name="Situación">NO</SimpleData>
            <SimpleData name="Comunidad">Ind?gena</SimpleData>
            <SimpleData name="Modelo_imp">Modelo 1</SimpleData>
            <SimpleData name="Departamen">CANINDEYU</SimpleData>
            <SimpleData name="Distrito">YBY PYTA</SimpleData>
            <SimpleData name="Localidad">COM INDIG 12 DE JUNIO</SimpleData>
            <SimpleData name="Teléfono">0983565587</SimpleData>
            <SimpleData name="Vivienda_L">-24.33292270000</SimpleData>
            <SimpleData name="Vivienda_1">-55.33392180000</SimpleData>
            <SimpleData name="Superficie">0.80000000000</SimpleData>
            <SimpleData name="Situaci_1">Par?metro</SimpleData>
            <SimpleData name="Plantado">SI</SimpleData>
            <SimpleData name="Fecha_Plan">2026/06/16</SimpleData>
            <SimpleData name="Jornales">0.00000000000</SimpleData>
            <SimpleData name="Monto">0.00000000000</SimpleData>
            <SimpleData name="Grupo_de_p">G-GN-XX-XX-XX</SimpleData>
            <SimpleData name="Estado_del">Activo</SimpleData>
            <SimpleData name="Empresa">Red Forestal Paraguay SA</SimpleData>
            <SimpleData name="Lote">G</SimpleData>
            <SimpleData name="Parametro">0.00000000000</SimpleData>
            <SimpleData name="Sup_SIG">0.95476618016</SimpleData>
            <SimpleData name="X">-55.34109880000</SimpleData>
            <SimpleData name="Y">-24.34427064000</SimpleData>
            <SimpleData name="cedula">6767510</SimpleData>
            <SimpleData name="Cédula_1">6767510.00000000000</SimpleData>
            <SimpleData name="Estado_d_1">Activo</SimpleData>
            <SimpleData name="OBJECTID_1">5296</SimpleData>
            <SimpleData name="Shape_Leng">406.74498211700</SimpleData>
            <SimpleData name="Shape_Area">9547.66180160000</SimpleData>
          </SchemaData>
        </ExtendedData>
        <Polygon>
          <outerBoundaryIs>
            <LinearRing>
              <coordinates>
                -55.3407240006189,-24.3447999999313,0
                -55.3414152006518,-24.3449194008175,0
                -55.3415045000173,-24.3437413002387,0
                -55.3407401001067,-24.343658300207,0
                -55.3407240006189,-24.3447999999313,0
              </coordinates>
            </LinearRing>
          </outerBoundaryIs>
        </Polygon>
      </Placemark>
      <Placemark id="Lote_G.229">
        <ExtendedData>
          <SchemaData schemaUrl="#Lote_G.schema">
            <SimpleData name="Cédula">6844646.00000000000</SimpleData>
            <SimpleData name="Nombres_y_">VIVIANA BENITEZ BENITEZ</SimpleData>
            <SimpleData name="Sexo">Mujer</SimpleData>
            <SimpleData name="Cambio_de_">NO</SimpleData>
            <SimpleData name="Titular_se">NO</SimpleData>
            <SimpleData name="ci_UNIF">6844646.00000000000</SimpleData>
            <SimpleData name="Situación">NO</SimpleData>
            <SimpleData name="Comunidad">Ind?gena</SimpleData>
            <SimpleData name="Modelo_imp">Modelo 5</SimpleData>
            <SimpleData name="Departamen">CANINDEYU</SimpleData>
            <SimpleData name="Distrito">YBY PYTA</SimpleData>
            <SimpleData name="Localidad">COM INDIG 12 DE JUNIO</SimpleData>
            <SimpleData name="Teléfono">0976501633</SimpleData>
            <SimpleData name="Vivienda_L">-24.33815790000</SimpleData>
            <SimpleData name="Vivienda_1">-55.33996460000</SimpleData>
            <SimpleData name="Superficie">0.70000000000</SimpleData>
            <SimpleData name="Situaci_1">Par?metro</SimpleData>
            <SimpleData name="Plantado">SI</SimpleData>
            <SimpleData name="Fecha_Plan">2026/06/12</SimpleData>
            <SimpleData name="Jornales">0.00000000000</SimpleData>
            <SimpleData name="Monto">0.00000000000</SimpleData>
            <SimpleData name="Grupo_de_p">G-GN-XX-XX-XX</SimpleData>
            <SimpleData name="Estado_del">Activo</SimpleData>
            <SimpleData name="Empresa">Red Forestal Paraguay SA</SimpleData>
            <SimpleData name="Lote">G</SimpleData>
            <SimpleData name="Parametro">0.00000000000</SimpleData>
            <SimpleData name="Sup_SIG">0.81870937543</SimpleData>
            <SimpleData name="X">-55.33977602000</SimpleData>
            <SimpleData name="Y">-24.33722209000</SimpleData>
            <SimpleData name="cedula">6844646</SimpleData>
            <SimpleData name="Cédula_1">6844646.00000000000</SimpleData>
            <SimpleData name="Estado_d_1">Activo</SimpleData>
            <SimpleData name="OBJECTID_1">5301</SimpleData>
            <SimpleData name="Shape_Leng">491.41296557400</SimpleData>
            <SimpleData name="Shape_Area">8187.09375429000</SimpleData>
          </SchemaData>
        </ExtendedData>
        <Polygon>
          <outerBoundaryIs>
            <LinearRing>
              <coordinates>
                -55.3392296005115,-24.3370535997297,0
                -55.3395699997763,-24.3371200005886,0
                -55.3395114000958,-24.3375559995034,0
                -55.3396198998166,-24.3376549995308,0
                -55.3396281001993,-24.3378534003712,0
                -55.3400450003403,-24.3379410005998,0
                -55.3401334998124,-24.3373860993877,0
                -55.3398917001132,-24.3373567003399,0
                -55.3399937002361,-24.3370718997731,0
                -55.340276899817,-24.3370990996657,0
                -55.3403322997032,-24.3368615994836,0
                -55.3399200003155,-24.3367949995622,0
                -55.3398706005337,-24.3367405996865,0
                -55.339336799476,-24.3366561005331,0
                -55.3392296005115,-24.3370535997297,0
              </coordinates>
            </LinearRing>
          </outerBoundaryIs>
        </Polygon>
      </Placemark>
      <Placemark id="Lote_G.230">
        <ExtendedData>
          <SchemaData schemaUrl="#Lote_G.schema">
            <SimpleData name="Cédula">7253779.00000000000</SimpleData>
            <SimpleData name="Nombres_y_">LIZ CARINA NU?EZ FRANCO</SimpleData>
            <SimpleData name="Sexo">Mujer</SimpleData>
            <SimpleData name="Cambio_de_">NO</SimpleData>
            <SimpleData name="Titular_se">NO</SimpleData>
            <SimpleData name="ci_UNIF">7253779.00000000000</SimpleData>
            <SimpleData name="Situación">NO</SimpleData>
            <SimpleData name="Comunidad">Campesina</SimpleData>
            <SimpleData name="Modelo_imp">Modelo 5</SimpleData>
            <SimpleData name="Departamen">CANINDEYU</SimpleData>
            <SimpleData name="Distrito">YASY CA?Y</SimpleData>
            <SimpleData name="Localidad">MANDUARA 4TA LINEA</SimpleData>
            <SimpleData name="Teléfono">0982462159</SimpleData>
            <SimpleData name="Vivienda_L">-24.47634990000</SimpleData>
            <SimpleData name="Vivienda_1">-55.92061200000</SimpleData>
            <SimpleData name="Superficie">0.70000000000</SimpleData>
            <SimpleData name="Situaci_1">Par?metro</SimpleData>
            <SimpleData name="Plantado">SI</SimpleData>
            <SimpleData name="Fecha_Plan">2026/06/02</SimpleData>
            <SimpleData name="Jornales">0.00000000000</SimpleData>
            <SimpleData name="Monto">0.00000000000</SimpleData>
            <SimpleData name="Grupo_de_p">G-GN-XX-XX-XX</SimpleData>
            <SimpleData name="Estado_del">Activo</SimpleData>
            <SimpleData name="Empresa">Red Forestal Paraguay SA</SimpleData>
            <SimpleData name="Lote">G</SimpleData>
            <SimpleData name="Parametro">0.00000000000</SimpleData>
            <SimpleData name="Sup_SIG">0.70778582229</SimpleData>
            <SimpleData name="X">-55.92237015000</SimpleData>
            <SimpleData name="Y">-24.47710566000</SimpleData>
            <SimpleData name="cedula">7253779</SimpleData>
            <SimpleData name="Cédula_1">7253779.00000000000</SimpleData>
            <SimpleData name="Estado_d_1">Activo</SimpleData>
            <SimpleData name="OBJECTID_1">6934</SimpleData>
            <SimpleData name="Shape_Leng">399.99922957400</SimpleData>
            <SimpleData name="Shape_Area">7077.85822289000</SimpleData>
          </SchemaData>
        </ExtendedData>
        <Polygon>
          <outerBoundaryIs>
            <LinearRing>
              <coordinates>
                -55.9216093003961,-24.4768282994654,0
                -55.9228247001006,-24.4776895000635,0
                -55.9231127000149,-24.4773488999243,0
                -55.9219065997319,-24.4765325998385,0
                -55.9216093003961,-24.4768282994654,0
              </coordinates>
            </LinearRing>
          </outerBoundaryIs>
        </Polygon>
      </Placemark>
      <Placemark id="Lote_G.231">
        <ExtendedData>
          <SchemaData schemaUrl="#Lote_G.schema">
            <SimpleData name="Cédula">7288809.00000000000</SimpleData>
            <SimpleData name="Nombres_y_">LORENA GONZALEZ RAMIREZ</SimpleData>
            <SimpleData name="Sexo">Mujer</SimpleData>
            <SimpleData name="Cambio_de_">NO</SimpleData>
            <SimpleData name="Titular_se">NO</SimpleData>
            <SimpleData name="ci_UNIF">7288809.00000000000</SimpleData>
            <SimpleData name="Situación">NO</SimpleData>
            <SimpleData name="Comunidad">Campesina</SimpleData>
            <SimpleData name="Modelo_imp">Modelo 5</SimpleData>
            <SimpleData name="Departamen">CANINDEYU</SimpleData>
            <SimpleData name="Distrito">YASY CA?Y</SimpleData>
            <SimpleData name="Localidad">SAN MIGUEL</SimpleData>
            <SimpleData name="Teléfono">0976120648</SimpleData>
            <SimpleData name="Vivienda_L">-24.53778450000</SimpleData>
            <SimpleData name="Vivienda_1">-55.88325070000</SimpleData>
            <SimpleData name="Superficie">0.70000000000</SimpleData>
            <SimpleData name="Situaci_1">Par?metro</SimpleData>
            <SimpleData name="Plantado">SI</SimpleData>
            <SimpleData name="Fecha_Plan">2026/06/18</SimpleData>
            <SimpleData name="Jornales">0.00000000000</SimpleData>
            <SimpleData name="Monto">0.00000000000</SimpleData>
            <SimpleData name="Grupo_de_p">G-GN-XX-XX-XX</SimpleData>
            <SimpleData name="Estado_del">Activo</SimpleData>
            <SimpleData name="Empresa">Red Forestal Paraguay SA</SimpleData>
            <SimpleData name="Lote">G</SimpleData>
            <SimpleData name="Parametro">0.00000000000</SimpleData>
            <SimpleData name="Sup_SIG">0.80899784429</SimpleData>
            <SimpleData name="X">-55.88334869000</SimpleData>
            <SimpleData name="Y">-24.53909688000</SimpleData>
            <SimpleData name="cedula">7288809</SimpleData>
            <SimpleData name="Cédula_1">7288809.00000000000</SimpleData>
            <SimpleData name="Estado_d_1">Activo</SimpleData>
            <SimpleData name="OBJECTID_1">6933</SimpleData>
            <SimpleData name="Shape_Leng">494.18592832200</SimpleData>
            <SimpleData name="Shape_Area">8089.97844294000</SimpleData>
          </SchemaData>
        </ExtendedData>
        <Polygon>
          <outerBoundaryIs>
            <LinearRing>
              <coordinates>
                -55.8830983000431,-24.5382982997856,0
                -55.8829851996269,-24.5383482000154,0
                -55.8829752000795,-24.5383161001203,0
                -55.8827732002673,-24.5383683000461,0
                -55.8835947004256,-24.5400742001177,0
                -55.8837860003623,-24.5400500003566,0
                -55.8836300004448,-24.5397340994981,0
                -55.8838290004222,-24.5396283993646,0
                -55.883661700261,-24.5391766997627,0
                -55.8832287005108,-24.5383483003559,0
                -55.8830983000431,-24.5382982997856,0
              </coordinates>
            </LinearRing>
          </outerBoundaryIs>
        </Polygon>
      </Placemark>
      <Placemark id="Lote_G.232">
        <ExtendedData>
          <SchemaData schemaUrl="#Lote_G.schema">
            <SimpleData name="Cédula">7822322.00000000000</SimpleData>
            <SimpleData name="Nombres_y_">VENANCIA  FABIO GOMEZ</SimpleData>
            <SimpleData name="Sexo">Mujer</SimpleData>
            <SimpleData name="Cambio_de_">NO</SimpleData>
            <SimpleData name="Titular_se">NO</SimpleData>
            <SimpleData name="ci_UNIF">7822322.00000000000</SimpleData>
            <SimpleData name="Situación">NO</SimpleData>
            <SimpleData name="Comunidad">Campesina</SimpleData>
            <SimpleData name="Modelo_imp">Modelo 1</SimpleData>
            <SimpleData name="Departamen">CANINDEYU</SimpleData>
            <SimpleData name="Distrito">YBY PYTA</SimpleData>
            <SimpleData name="Localidad">GUYRA KEHA - SAN JOSE</SimpleData>
            <SimpleData name="Teléfono">982196109</SimpleData>
            <SimpleData name="Vivienda_L">-24.23218130000</SimpleData>
            <SimpleData name="Vivienda_1">-55.29020470000</SimpleData>
            <SimpleData name="Superficie">0.80000000000</SimpleData>
            <SimpleData name="Situaci_1">Parametro</SimpleData>
            <SimpleData name="Plantado">SI</SimpleData>
            <SimpleData name="Fecha_Plan">2026/05/28</SimpleData>
            <SimpleData name="Jornales">0.00000000000</SimpleData>
            <SimpleData name="Monto">0.00000000000</SimpleData>
            <SimpleData name="Grupo_de_p">G-GN-XX-XX-XX</SimpleData>
            <SimpleData name="Estado_del">Activo</SimpleData>
            <SimpleData name="Empresa">Red Forestal Paraguay SA</SimpleData>
            <SimpleData name="Lote">G</SimpleData>
            <SimpleData name="Parametro">0.00000000000</SimpleData>
            <SimpleData name="Sup_SIG">0.91149670078</SimpleData>
            <SimpleData name="X">-55.25790760000</SimpleData>
            <SimpleData name="Y">-24.35409811000</SimpleData>
            <SimpleData name="cedula">7822322</SimpleData>
            <SimpleData name="Cédula_1">7822322.00000000000</SimpleData>
            <SimpleData name="Estado_d_1">Activo</SimpleData>
            <SimpleData name="OBJECTID_1">7368</SimpleData>
            <SimpleData name="Shape_Leng">382.82385306500</SimpleData>
            <SimpleData name="Shape_Area">9114.96700776000</SimpleData>
          </SchemaData>
        </ExtendedData>
        <Polygon>
          <outerBoundaryIs>
            <LinearRing>
              <coordinates>
                -55.2573782999633,-24.3544950002334,0
                -55.2583631002655,-24.3545281998902,0
                -55.2584500005212,-24.3537750003655,0
                -55.2574968000254,-24.3535966996727,0
                -55.2573782999633,-24.3544950002334,0
              </coordinates>
            </LinearRing>
          </outerBoundaryIs>
        </Polygon>
      </Placemark>
      <Placemark id="Lote_G.233">
        <ExtendedData>
          <SchemaData schemaUrl="#Lote_G.schema">
            <SimpleData name="Cédula">7877891.00000000000</SimpleData>
            <SimpleData name="Nombres_y_">MARY  CABRERA VILLAR</SimpleData>
            <SimpleData name="Sexo">Mujer</SimpleData>
            <SimpleData name="Cambio_de_">NO</SimpleData>
            <SimpleData name="Titular_se">NO</SimpleData>
            <SimpleData name="ci_UNIF">7877891.00000000000</SimpleData>
            <SimpleData name="Comunidad">Ind?gena</SimpleData>
            <SimpleData name="Modelo_imp">Modelo 1</SimpleData>
            <SimpleData name="Departamen">CANINDEYU</SimpleData>
            <SimpleData name="Distrito">YBY PYTA</SimpleData>
            <SimpleData name="Localidad">COMUNIDAD INDIGENA YRYAPU</SimpleData>
            <SimpleData name="Teléfono">0984053439</SimpleData>
            <SimpleData name="Vivienda_L">-24.32267670000</SimpleData>
            <SimpleData name="Vivienda_1">-55.32075830000</SimpleData>
            <SimpleData name="Superficie">1.00000000000</SimpleData>
            <SimpleData name="Situaci_1">Parametro</SimpleData>
            <SimpleData name="Plantado">SI</SimpleData>
            <SimpleData name="Fecha_Plan">2026/06/18</SimpleData>
            <SimpleData name="Jornales">0.00000000000</SimpleData>
            <SimpleData name="Monto">0.00000000000</SimpleData>
            <SimpleData name="Grupo_de_p">G-GN-XX-XX-XX</SimpleData>
            <SimpleData name="Estado_del">Activo</SimpleData>
            <SimpleData name="Empresa">Red Forestal Paraguay SA</SimpleData>
            <SimpleData name="Lote">G</SimpleData>
            <SimpleData name="Parametro">0.00000000000</SimpleData>
            <SimpleData name="Sup_SIG">1.00353838731</SimpleData>
            <SimpleData name="X">-55.32032029000</SimpleData>
            <SimpleData name="Y">-24.32741718000</SimpleData>
            <SimpleData name="cedula">7877891</SimpleData>
            <SimpleData name="Cédula_1">7877891.00000000000</SimpleData>
            <SimpleData name="Estado_d_1">Activo</SimpleData>
            <SimpleData name="OBJECTID_1">7472</SimpleData>
            <SimpleData name="Shape_Leng">468.74404184700</SimpleData>
            <SimpleData name="Shape_Area">10035.38387310000</SimpleData>
          </SchemaData>
        </ExtendedData>
        <Polygon>
          <outerBoundaryIs>
            <LinearRing>
              <coordinates>
                -55.3198085999455,-24.3269610000244,0
                -55.3200040993049,-24.3280355008217,0
                -55.3206364005761,-24.3279486998226,0
                -55.3206761000823,-24.3274746998812,0
                -55.3210534001234,-24.3273161006449,0
                -55.3209859996331,-24.3270536995982,0
                -55.320406899229,-24.3271880995762,0
                -55.3202800992562,-24.3267986998506,0
                -55.3200197997112,-24.3268220999514,0
                -55.3198085999455,-24.3269610000244,0
              </coordinates>
            </LinearRing>
          </outerBoundaryIs>
        </Polygon>
      </Placemark>
      <Placemark id="Lote_G.234">
        <ExtendedData>
          <SchemaData schemaUrl="#Lote_G.schema">
            <SimpleData name="Cédula">7878288.00000000000</SimpleData>
            <SimpleData name="Nombres_y_">ISAIAS SAMUEL VERA GALEANO</SimpleData>
            <SimpleData name="Sexo">Hombre</SimpleData>
            <SimpleData name="Cambio_de_">NO</SimpleData>
            <SimpleData name="Titular_se">NO</SimpleData>
            <SimpleData name="ci_UNIF">7878288.00000000000</SimpleData>
            <SimpleData name="Situación">NO</SimpleData>
            <SimpleData name="Comunidad">Ind?gena</SimpleData>
            <SimpleData name="Modelo_imp">Modelo 1</SimpleData>
            <SimpleData name="Departamen">CANINDEYU</SimpleData>
            <SimpleData name="Distrito">YBY PYTA</SimpleData>
            <SimpleData name="Localidad">COM INDIG 12 DE JUNIO</SimpleData>
            <SimpleData name="Teléfono">0976863463</SimpleData>
            <SimpleData name="Vivienda_L">-24.33351330000</SimpleData>
            <SimpleData name="Vivienda_1">-55.33420000000</SimpleData>
            <SimpleData name="Superficie">0.80000000000</SimpleData>
            <SimpleData name="Situaci_1">Par?metro</SimpleData>
            <SimpleData name="Plantado">SI</SimpleData>
            <SimpleData name="Fecha_Plan">2026/06/12</SimpleData>
            <SimpleData name="Jornales">0.00000000000</SimpleData>
            <SimpleData name="Monto">0.00000000000</SimpleData>
            <SimpleData name="Grupo_de_p">G-GN-XX-XX-XX</SimpleData>
            <SimpleData name="Estado_del">Activo</SimpleData>
            <SimpleData name="Empresa">Red Forestal Paraguay SA</SimpleData>
            <SimpleData name="Lote">G</SimpleData>
            <SimpleData name="Parametro">0.00000000000</SimpleData>
            <SimpleData name="Sup_SIG">0.85824121405</SimpleData>
            <SimpleData name="X">-55.33478769000</SimpleData>
            <SimpleData name="Y">-24.33292675000</SimpleData>
            <SimpleData name="cedula">7878288</SimpleData>
            <SimpleData name="Cédula_1">7878288.00000000000</SimpleData>
            <SimpleData name="Estado_d_1">Activo</SimpleData>
            <SimpleData name="OBJECTID_1">5298</SimpleData>
            <SimpleData name="Shape_Leng">384.23566936600</SimpleData>
            <SimpleData name="Shape_Area">8582.41214047000</SimpleData>
          </SchemaData>
        </ExtendedData>
        <Polygon>
          <outerBoundaryIs>
            <LinearRing>
              <coordinates>
                -55.3340823003548,-24.3331061998838,0
                -55.3342356005089,-24.3332982002389,0
                -55.3344290002809,-24.3332176995021,0
                -55.3346432994818,-24.3334750003464,0
                -55.3351633004148,-24.3331533001435,0
                -55.3353184000351,-24.3329877999493,0
                -55.3353400000995,-24.3327949991781,0
                -55.3350861000973,-24.3323832997139,0
                -55.3349601004776,-24.3323226997645,0
                -55.3340823003548,-24.3331061998838,0
              </coordinates>
            </LinearRing>
          </outerBoundaryIs>
        </Polygon>
      </Placemark>
      <Placemark id="Lote_G.235">
        <ExtendedData>
          <SchemaData schemaUrl="#Lote_G.schema">
            <SimpleData name="Cédula">8017170.00000000000</SimpleData>
            <SimpleData name="Nombres_y_">RUFINA GONZALEZ VARGA</SimpleData>
            <SimpleData name="Sexo">Mujer</SimpleData>
            <SimpleData name="Cambio_de_">NO</SimpleData>
            <SimpleData name="Titular_se">NO</SimpleData>
            <SimpleData name="ci_UNIF">8017170.00000000000</SimpleData>
            <SimpleData name="Situación">NO</SimpleData>
            <SimpleData name="Comunidad">Ind?gena</SimpleData>
            <SimpleData name="Modelo_imp">Modelo 1</SimpleData>
            <SimpleData name="Departamen">CANINDEYU</SimpleData>
            <SimpleData name="Distrito">YBY PYTA</SimpleData>
            <SimpleData name="Localidad">COM INDIG 12 DE JUNIO</SimpleData>
            <SimpleData name="Teléfono">0974808076</SimpleData>
            <SimpleData name="Vivienda_L">-24.33912320000</SimpleData>
            <SimpleData name="Vivienda_1">-55.34199010000</SimpleData>
            <SimpleData name="Superficie">0.80000000000</SimpleData>
            <SimpleData name="Situaci_1">Par?metro</SimpleData>
            <SimpleData name="Plantado">SI</SimpleData>
            <SimpleData name="Fecha_Plan">2026/06/16</SimpleData>
            <SimpleData name="Jornales">0.00000000000</SimpleData>
            <SimpleData name="Monto">0.00000000000</SimpleData>
            <SimpleData name="Grupo_de_p">G-GN-XX-XX-XX</SimpleData>
            <SimpleData name="Estado_del">Activo</SimpleData>
            <SimpleData name="Empresa">Red Forestal Paraguay SA</SimpleData>
            <SimpleData name="Lote">G</SimpleData>
            <SimpleData name="Parametro">0.00000000000</SimpleData>
            <SimpleData name="Sup_SIG">1.00896377557</SimpleData>
            <SimpleData name="X">-55.34119882000</SimpleData>
            <SimpleData name="Y">-24.34287958000</SimpleData>
            <SimpleData name="cedula">8017170</SimpleData>
            <SimpleData name="Cédula_1">8017170.00000000000</SimpleData>
            <SimpleData name="Estado_d_1">Activo</SimpleData>
            <SimpleData name="OBJECTID_1">5299</SimpleData>
            <SimpleData name="Shape_Leng">478.70409453500</SimpleData>
            <SimpleData name="Shape_Area">10089.63775570000</SimpleData>
          </SchemaData>
        </ExtendedData>
        <Polygon>
          <outerBoundaryIs>
            <LinearRing>
              <coordinates>
                -55.3411782997453,-24.3436900000681,0
                -55.3415116997618,-24.3436982998611,0
                -55.3415846005876,-24.342754199937,0
                -55.3413064001347,-24.3421598995134,0
                -55.3406558997986,-24.3422389001896,0
                -55.3408878995586,-24.3425200996781,0
                -55.3408009998153,-24.3432692003796,0
                -55.3411417006387,-24.3432877000157,0
                -55.3411782997453,-24.3436900000681,0
              </coordinates>
            </LinearRing>
          </outerBoundaryIs>
        </Polygon>
      </Placemark>
      <Placemark id="Lote_G.236">
        <ExtendedData>
          <SchemaData schemaUrl="#Lote_G.schema">
            <SimpleData name="Cédula">8060124.00000000000</SimpleData>
            <SimpleData name="Nombres_y_">JUANA ENCISO OVIEDO</SimpleData>
            <SimpleData name="Sexo">Mujer</SimpleData>
            <SimpleData name="Cambio_de_">NO</SimpleData>
            <SimpleData name="Titular_se">NO</SimpleData>
            <SimpleData name="ci_UNIF">8060124.00000000000</SimpleData>
            <SimpleData name="Situación">NO</SimpleData>
            <SimpleData name="Comunidad">Ind?gena</SimpleData>
            <SimpleData name="Modelo_imp">Modelo 5</SimpleData>
            <SimpleData name="Departamen">CANINDEYU</SimpleData>
            <SimpleData name="Distrito">YASY CA?Y</SimpleData>
            <SimpleData name="Localidad"><![CDATA[COM INDIG KA'AGUY POTY KAMBA]]></SimpleData>
            <SimpleData name="Teléfono">0985659447</SimpleData>
            <SimpleData name="Vivienda_L">-24.56375030000</SimpleData>
            <SimpleData name="Vivienda_1">-55.92843850000</SimpleData>
            <SimpleData name="Superficie">0.70000000000</SimpleData>
            <SimpleData name="Situaci_1">Par?metro</SimpleData>
            <SimpleData name="Plantado">SI</SimpleData>
            <SimpleData name="Fecha_Plan">2026/06/10</SimpleData>
            <SimpleData name="Jornales">0.00000000000</SimpleData>
            <SimpleData name="Monto">0.00000000000</SimpleData>
            <SimpleData name="Grupo_de_p">G-GN-XX-XX-XX</SimpleData>
            <SimpleData name="Estado_del">Activo</SimpleData>
            <SimpleData name="Empresa">Red Forestal Paraguay SA</SimpleData>
            <SimpleData name="Lote">G</SimpleData>
            <SimpleData name="Parametro">0.00000000000</SimpleData>
            <SimpleData name="Sup_SIG">0.74053928713</SimpleData>
            <SimpleData name="X">-55.92533296000</SimpleData>
            <SimpleData name="Y">-24.56245992000</SimpleData>
            <SimpleData name="cedula">8060124</SimpleData>
            <SimpleData name="Cédula_1">8060124.00000000000</SimpleData>
            <SimpleData name="Estado_d_1">Activo</SimpleData>
            <SimpleData name="OBJECTID_1">7822</SimpleData>
            <SimpleData name="Shape_Leng">372.94833220000</SimpleData>
            <SimpleData name="Shape_Area">7405.39287129000</SimpleData>
          </SchemaData>
        </ExtendedData>
        <Polygon>
          <outerBoundaryIs>
            <LinearRing>
              <coordinates>
                -55.9246981995785,-24.5624016997805,0
                -55.9246250002406,-24.562606700594,0
                -55.9258570214758,-24.5628148231694,0
                -55.9260547777411,-24.5623246425358,0
                -55.9248046877599,-24.5620985510638,0
                -55.9246981995785,-24.5624016997805,0
              </coordinates>
            </LinearRing>
          </outerBoundaryIs>
        </Polygon>
      </Placemark>
      <Placemark id="Lote_G.237">
        <ExtendedData>
          <SchemaData schemaUrl="#Lote_G.schema">
            <SimpleData name="Cédula">8380851.00000000000</SimpleData>
            <SimpleData name="Nombres_y_">NORMA DIONICIA ENCISO OVIEDO</SimpleData>
            <SimpleData name="Sexo">Mujer</SimpleData>
            <SimpleData name="Cambio_de_">NO</SimpleData>
            <SimpleData name="Titular_se">NO</SimpleData>
            <SimpleData name="ci_UNIF">8380851.00000000000</SimpleData>
            <SimpleData name="Situación">NO</SimpleData>
            <SimpleData name="Comunidad">Ind?gena</SimpleData>
            <SimpleData name="Modelo_imp">Modelo 1</SimpleData>
            <SimpleData name="Departamen">CANINDEYU</SimpleData>
            <SimpleData name="Distrito">YASY CA?Y</SimpleData>
            <SimpleData name="Localidad"><![CDATA[COM INDIG KA'AGUY POTY KAMBA]]></SimpleData>
            <SimpleData name="Teléfono">0984531523</SimpleData>
            <SimpleData name="Vivienda_L">-24.56383770000</SimpleData>
            <SimpleData name="Vivienda_1">-55.92822000000</SimpleData>
            <SimpleData name="Superficie">0.80000000000</SimpleData>
            <SimpleData name="Situaci_1">Par?metro</SimpleData>
            <SimpleData name="Plantado">SI</SimpleData>
            <SimpleData name="Fecha_Plan">2026/06/10</SimpleData>
            <SimpleData name="Jornales">0.00000000000</SimpleData>
            <SimpleData name="Monto">0.00000000000</SimpleData>
            <SimpleData name="Grupo_de_p">G-GN-XX-XX-XX</SimpleData>
            <SimpleData name="Estado_del">Activo</SimpleData>
            <SimpleData name="Empresa">Red Forestal Paraguay SA</SimpleData>
            <SimpleData name="Lote">G</SimpleData>
            <SimpleData name="Parametro">0.00000000000</SimpleData>
            <SimpleData name="Sup_SIG">0.89646061255</SimpleData>
            <SimpleData name="X">-55.92821737000</SimpleData>
            <SimpleData name="Y">-24.56264919000</SimpleData>
            <SimpleData name="cedula">8380851</SimpleData>
            <SimpleData name="Cédula_1">8380851.00000000000</SimpleData>
            <SimpleData name="Estado_d_1">Activo</SimpleData>
            <SimpleData name="OBJECTID_1">6994</SimpleData>
            <SimpleData name="Shape_Leng">421.08015690700</SimpleData>
            <SimpleData name="Shape_Area">8964.60612550000</SimpleData>
          </SchemaData>
        </ExtendedData>
        <Polygon>
          <outerBoundaryIs>
            <LinearRing>
              <coordinates>
                -55.9277850001123,-24.5622282995177,0
                -55.927772499491,-24.5623227995556,0
                -55.9276167999634,-24.5622590997726,0
                -55.927477700679,-24.5627023997724,0
                -55.9286659000106,-24.5631687999159,0
                -55.9288861001258,-24.5625016003105,0
                -55.9283093993672,-24.5622430995474,0
                -55.9282408001588,-24.5624026001122,0
                -55.9277850001123,-24.5622282995177,0
              </coordinates>
            </LinearRing>
          </outerBoundaryIs>
        </Polygon>
      </Placemark>
      <Placemark id="Lote_G.238">
        <ExtendedData>
          <SchemaData schemaUrl="#Lote_G.schema">
            <SimpleData name="Cédula">1341816.00000000000</SimpleData>
            <SimpleData name="Nombres_y_">BEATRIZ RIVAROLA</SimpleData>
            <SimpleData name="Sexo">Mujer</SimpleData>
            <SimpleData name="Cambio_de_">NO</SimpleData>
            <SimpleData name="Titular_se">NO</SimpleData>
            <SimpleData name="ci_UNIF">1341816.00000000000</SimpleData>
            <SimpleData name="Situación">NO</SimpleData>
            <SimpleData name="Comunidad">Ind?gena</SimpleData>
            <SimpleData name="Modelo_imp">Modelo 2</SimpleData>
            <SimpleData name="Departamen">CANINDEYU</SimpleData>
            <SimpleData name="Distrito">YASY CA?Y</SimpleData>
            <SimpleData name="Localidad">COM INDIG TEKOJOJA</SimpleData>
            <SimpleData name="Teléfono">0985764629</SimpleData>
            <SimpleData name="Vivienda_L">-24.55152810000</SimpleData>
            <SimpleData name="Vivienda_1">-55.76675980000</SimpleData>
            <SimpleData name="Superficie">0.80000000000</SimpleData>
            <SimpleData name="Situaci_1">Par?metro</SimpleData>
            <SimpleData name="Plantado">SI</SimpleData>
            <SimpleData name="Fecha_Plan">2026/07/02</SimpleData>
            <SimpleData name="Jornales">0.00000000000</SimpleData>
            <SimpleData name="Monto">0.00000000000</SimpleData>
            <SimpleData name="Grupo_de_p">G-GN-XX-XX-XX</SimpleData>
            <SimpleData name="Estado_del">Activo</SimpleData>
            <SimpleData name="Empresa">Red Forestal Paraguay SA</SimpleData>
            <SimpleData name="Lote">G</SimpleData>
            <SimpleData name="Parametro">0.00000000000</SimpleData>
            <SimpleData name="Sup_SIG">0.87387485047</SimpleData>
            <SimpleData name="X">-55.76728688000</SimpleData>
            <SimpleData name="Y">-24.55206748000</SimpleData>
            <SimpleData name="cedula">1341816</SimpleData>
            <SimpleData name="Cédula_1">1341816.00000000000</SimpleData>
            <SimpleData name="Estado_d_1">Activo</SimpleData>
            <SimpleData name="OBJECTID_1">5250</SimpleData>
            <SimpleData name="Shape_Leng">376.06167493500</SimpleData>
            <SimpleData name="Shape_Area">8738.74850474000</SimpleData>
          </SchemaData>
        </ExtendedData>
        <Polygon>
          <outerBoundaryIs>
            <LinearRing>
              <coordinates>
                -55.7666786995951,-24.5520267995768,0
                -55.7670698992321,-24.5526491999266,0
                -55.7679256994276,-24.5521784006051,0
                -55.7674149999499,-24.5514417000365,0
                -55.7666786995951,-24.5520267995768,0
              </coordinates>
            </LinearRing>
          </outerBoundaryIs>
        </Polygon>
      </Placemark>
      <Placemark id="Lote_G.239">
        <ExtendedData>
          <SchemaData schemaUrl="#Lote_G.schema">
            <SimpleData name="Cédula">1460975.00000000000</SimpleData>
            <SimpleData name="Nombres_y_">VICENTE VERA BENITEZ</SimpleData>
            <SimpleData name="Sexo">Hombre</SimpleData>
            <SimpleData name="Cambio_de_">NO</SimpleData>
            <SimpleData name="Titular_se">NO</SimpleData>
            <SimpleData name="ci_UNIF">1460975.00000000000</SimpleData>
            <SimpleData name="Situación">NO</SimpleData>
            <SimpleData name="Comunidad">Ind?gena</SimpleData>
            <SimpleData name="Modelo_imp">Modelo 6</SimpleData>
            <SimpleData name="Departamen">CANINDEYU</SimpleData>
            <SimpleData name="Distrito">YASY CA?Y</SimpleData>
            <SimpleData name="Localidad">COM INDIG YVA VIJU</SimpleData>
            <SimpleData name="Teléfono">ND</SimpleData>
            <SimpleData name="Vivienda_L">-24.39803230000</SimpleData>
            <SimpleData name="Vivienda_1">-55.99940000000</SimpleData>
            <SimpleData name="Superficie">0.90000000000</SimpleData>
            <SimpleData name="Situaci_1">Par?metro</SimpleData>
            <SimpleData name="Plantado">SI</SimpleData>
            <SimpleData name="Fecha_Plan">2026/06/15</SimpleData>
            <SimpleData name="Jornales">0.00000000000</SimpleData>
            <SimpleData name="Monto">0.00000000000</SimpleData>
            <SimpleData name="Grupo_de_p">G-GN-XX-XX-XX</SimpleData>
            <SimpleData name="Estado_del">Activo</SimpleData>
            <SimpleData name="Empresa">Red Forestal Paraguay SA</SimpleData>
            <SimpleData name="Lote">G</SimpleData>
            <SimpleData name="Parametro">0.00000000000</SimpleData>
            <SimpleData name="Sup_SIG">0.95456701794</SimpleData>
            <SimpleData name="X">-55.99858697000</SimpleData>
            <SimpleData name="Y">-24.39759650000</SimpleData>
            <SimpleData name="cedula">1460975</SimpleData>
            <SimpleData name="Cédula_1">1460975.00000000000</SimpleData>
            <SimpleData name="Estado_d_1">Activo</SimpleData>
            <SimpleData name="OBJECTID_1">5208</SimpleData>
            <SimpleData name="Shape_Leng">396.85449189000</SimpleData>
            <SimpleData name="Shape_Area">9545.67017936000</SimpleData>
          </SchemaData>
        </ExtendedData>
        <Polygon>
          <outerBoundaryIs>
            <LinearRing>
              <coordinates>
                -55.997852199231,-24.3975872999928,0
                -55.9987983998303,-24.3981820009172,0
                -55.9993148992679,-24.397589700134,0
                -55.9983806001207,-24.3970189994999,0
                -55.997852199231,-24.3975872999928,0
              </coordinates>
            </LinearRing>
          </outerBoundaryIs>
        </Polygon>
      </Placemark>
      <Placemark id="Lote_G.240">
        <ExtendedData>
          <SchemaData schemaUrl="#Lote_G.schema">
            <SimpleData name="Cédula">1902718.00000000000</SimpleData>
            <SimpleData name="Nombres_y_">SERGIO PANIAGUA</SimpleData>
            <SimpleData name="Sexo">Hombre</SimpleData>
            <SimpleData name="Cambio_de_">NO</SimpleData>
            <SimpleData name="Titular_se">NO</SimpleData>
            <SimpleData name="ci_UNIF">1902718.00000000000</SimpleData>
            <SimpleData name="Situación">NO</SimpleData>
            <SimpleData name="Comunidad">Campesina</SimpleData>
            <SimpleData name="Modelo_imp">Modelo 5</SimpleData>
            <SimpleData name="Departamen">CANINDEYU</SimpleData>
            <SimpleData name="Distrito">YASY CA?Y</SimpleData>
            <SimpleData name="Localidad">MANDUARA 5TA LINEA</SimpleData>
            <SimpleData name="Teléfono">0982713237</SimpleData>
            <SimpleData name="Vivienda_L">-24.43747680000</SimpleData>
            <SimpleData name="Vivienda_1">-55.92780740000</SimpleData>
            <SimpleData name="Superficie">0.70000000000</SimpleData>
            <SimpleData name="Situaci_1">Par?metro</SimpleData>
            <SimpleData name="Plantado">SI</SimpleData>
            <SimpleData name="Fecha_Plan">2026/06/26</SimpleData>
            <SimpleData name="Jornales">0.00000000000</SimpleData>
            <SimpleData name="Monto">0.00000000000</SimpleData>
            <SimpleData name="Grupo_de_p">G-GN-XX-XX-XX</SimpleData>
            <SimpleData name="Estado_del">Activo</SimpleData>
            <SimpleData name="Empresa">Red Forestal Paraguay SA</SimpleData>
            <SimpleData name="Lote">G</SimpleData>
            <SimpleData name="Parametro">0.00000000000</SimpleData>
            <SimpleData name="Sup_SIG">0.70043500739</SimpleData>
            <SimpleData name="X">-55.92986860000</SimpleData>
            <SimpleData name="Y">-24.43860474000</SimpleData>
            <SimpleData name="cedula">1902718</SimpleData>
            <SimpleData name="Cédula_1">1902718.00000000000</SimpleData>
            <SimpleData name="Estado_d_1">Activo</SimpleData>
            <SimpleData name="OBJECTID_1">5033</SimpleData>
            <SimpleData name="Shape_Leng">339.70683164300</SimpleData>
            <SimpleData name="Shape_Area">7004.35007394000</SimpleData>
          </SchemaData>
        </ExtendedData>
        <Polygon>
          <outerBoundaryIs>
            <LinearRing>
              <coordinates>
                -55.9293103997418,-24.4387868002171,0
                -55.9298540997748,-24.4391589000956,0
                -55.9304382991768,-24.4384332999674,0
                -55.9298599991856,-24.4380507003084,0
                -55.9293103997418,-24.4387868002171,0
              </coordinates>
            </LinearRing>
          </outerBoundaryIs>
        </Polygon>
      </Placemark>
      <Placemark id="Lote_G.241">
        <ExtendedData>
          <SchemaData schemaUrl="#Lote_G.schema">
            <SimpleData name="Cédula">3201162.00000000000</SimpleData>
            <SimpleData name="Nombres_y_">MARIA VERONICA BAEZ PEREZ</SimpleData>
            <SimpleData name="Sexo">Mujer</SimpleData>
            <SimpleData name="Cambio_de_">NO</SimpleData>
            <SimpleData name="Titular_se">NO</SimpleData>
            <SimpleData name="ci_UNIF">3201162.00000000000</SimpleData>
            <SimpleData name="Situación">NO</SimpleData>
            <SimpleData name="Comunidad">Campesina</SimpleData>
            <SimpleData name="Modelo_imp">Modelo 5</SimpleData>
            <SimpleData name="Departamen">CANINDEYU</SimpleData>
            <SimpleData name="Distrito">YBY PYTA</SimpleData>
            <SimpleData name="Localidad">BRITEZ KUE</SimpleData>
            <SimpleData name="Teléfono">0981232590</SimpleData>
            <SimpleData name="Vivienda_L">-24.32084450000</SimpleData>
            <SimpleData name="Vivienda_1">-55.25934210000</SimpleData>
            <SimpleData name="Superficie">0.70000000000</SimpleData>
            <SimpleData name="Situaci_1">Par?metro</SimpleData>
            <SimpleData name="Plantado">SI</SimpleData>
            <SimpleData name="Fecha_Plan">2026/06/24</SimpleData>
            <SimpleData name="Jornales">0.00000000000</SimpleData>
            <SimpleData name="Monto">0.00000000000</SimpleData>
            <SimpleData name="Grupo_de_p">G-GN-XX-XX-XX</SimpleData>
            <SimpleData name="Estado_del">Activo</SimpleData>
            <SimpleData name="Empresa">Red Forestal Paraguay SA</SimpleData>
            <SimpleData name="Lote">G</SimpleData>
            <SimpleData name="Parametro">0.00000000000</SimpleData>
            <SimpleData name="Sup_SIG">0.71817266599</SimpleData>
            <SimpleData name="X">-55.25828113000</SimpleData>
            <SimpleData name="Y">-24.32023454000</SimpleData>
            <SimpleData name="cedula">3201162</SimpleData>
            <SimpleData name="Cédula_1">3201162.00000000000</SimpleData>
            <SimpleData name="Estado_d_1">Activo</SimpleData>
            <SimpleData name="OBJECTID_1">7081</SimpleData>
            <SimpleData name="Shape_Leng">363.07795984600</SimpleData>
            <SimpleData name="Shape_Area">7181.72665992000</SimpleData>
          </SchemaData>
        </ExtendedData>
        <Polygon>
          <outerBoundaryIs>
            <LinearRing>
              <coordinates>
                -55.2576993996922,-24.3204600004678,0
                -55.2588681998033,-24.3205450008793,0
                -55.2588950998873,-24.320011600027,0
                -55.2576544996165,-24.3199315995946,0
                -55.2576993996922,-24.3204600004678,0
              </coordinates>
            </LinearRing>
          </outerBoundaryIs>
        </Polygon>
      </Placemark>
      <Placemark id="Lote_G.242">
        <ExtendedData>
          <SchemaData schemaUrl="#Lote_G.schema">
            <SimpleData name="Cédula">3484445.00000000000</SimpleData>
            <SimpleData name="Nombres_y_">BENITO BARRETO ROA</SimpleData>
            <SimpleData name="Sexo">Hombre</SimpleData>
            <SimpleData name="Cambio_de_">NO</SimpleData>
            <SimpleData name="Titular_se">NO</SimpleData>
            <SimpleData name="ci_UNIF">3484445.00000000000</SimpleData>
            <SimpleData name="Situación">NO</SimpleData>
            <SimpleData name="Comunidad">Ind?gena</SimpleData>
            <SimpleData name="Modelo_imp">Modelo 5</SimpleData>
            <SimpleData name="Departamen">CANINDEYU</SimpleData>
            <SimpleData name="Distrito">YASY CA?Y</SimpleData>
            <SimpleData name="Localidad">COM INDIG TEKOJOJA</SimpleData>
            <SimpleData name="Teléfono">0981240270</SimpleData>
            <SimpleData name="Vivienda_L">-24.54989220000</SimpleData>
            <SimpleData name="Vivienda_1">-55.76848920000</SimpleData>
            <SimpleData name="Superficie">0.70000000000</SimpleData>
            <SimpleData name="Situaci_1">Par?metro</SimpleData>
            <SimpleData name="Plantado">SI</SimpleData>
            <SimpleData name="Fecha_Plan">2026/07/02</SimpleData>
            <SimpleData name="Jornales">0.00000000000</SimpleData>
            <SimpleData name="Monto">0.00000000000</SimpleData>
            <SimpleData name="Grupo_de_p">G-GN-XX-XX-XX</SimpleData>
            <SimpleData name="Estado_del">Activo</SimpleData>
            <SimpleData name="Empresa">Red Forestal Paraguay SA</SimpleData>
            <SimpleData name="Lote">G</SimpleData>
            <SimpleData name="Parametro">0.00000000000</SimpleData>
            <SimpleData name="Sup_SIG">0.70491189444</SimpleData>
            <SimpleData name="X">-55.76712771000</SimpleData>
            <SimpleData name="Y">-24.55029404000</SimpleData>
            <SimpleData name="cedula">3484445</SimpleData>
            <SimpleData name="Cédula_1">3484445.00000000000</SimpleData>
            <SimpleData name="Estado_d_1">Activo</SimpleData>
            <SimpleData name="OBJECTID_1">5249</SimpleData>
            <SimpleData name="Shape_Leng">342.53700496000</SimpleData>
            <SimpleData name="Shape_Area">7049.11894443000</SimpleData>
          </SchemaData>
        </ExtendedData>
        <Polygon>
          <outerBoundaryIs>
            <LinearRing>
              <coordinates>
                -55.7665873995618,-24.5500874005473,0
                -55.7671068996449,-24.550877600504,0
                -55.7676245992582,-24.5505352002942,0
                -55.7672273990462,-24.5497179000904,0
                -55.7665873995618,-24.5500874005473,0
              </coordinates>
            </LinearRing>
          </outerBoundaryIs>
        </Polygon>
      </Placemark>
      <Placemark id="Lote_G.243">
        <ExtendedData>
          <SchemaData schemaUrl="#Lote_G.schema">
            <SimpleData name="Cédula">4163419.00000000000</SimpleData>
            <SimpleData name="Nombres_y_">MARCELINO DUARTE VERA</SimpleData>
            <SimpleData name="Sexo">Hombre</SimpleData>
            <SimpleData name="Cambio_de_">NO</SimpleData>
            <SimpleData name="Titular_se">NO</SimpleData>
            <SimpleData name="ci_UNIF">4163419.00000000000</SimpleData>
            <SimpleData name="Situación">NO</SimpleData>
            <SimpleData name="Comunidad">Ind?gena</SimpleData>
            <SimpleData name="Modelo_imp">Modelo 4</SimpleData>
            <SimpleData name="Departamen">CANINDEYU</SimpleData>
            <SimpleData name="Distrito">YASY CA?Y</SimpleData>
            <SimpleData name="Localidad">COM INDIG KANINDE</SimpleData>
            <SimpleData name="Teléfono">0985549251</SimpleData>
            <SimpleData name="Vivienda_L">-24.41103650000</SimpleData>
            <SimpleData name="Vivienda_1">-55.99746610000</SimpleData>
            <SimpleData name="Superficie">0.70000000000</SimpleData>
            <SimpleData name="Situaci_1">Par?metro</SimpleData>
            <SimpleData name="Plantado">SI</SimpleData>
            <SimpleData name="Fecha_Plan">2025/11/14</SimpleData>
            <SimpleData name="Jornales">0.00000000000</SimpleData>
            <SimpleData name="Monto">0.00000000000</SimpleData>
            <SimpleData name="Grupo_de_p">G-GN-XX-XX-XX</SimpleData>
            <SimpleData name="Estado_del">Activo</SimpleData>
            <SimpleData name="Empresa">Red Forestal Paraguay SA</SimpleData>
            <SimpleData name="Lote">G</SimpleData>
            <SimpleData name="Parametro">0.00000000000</SimpleData>
            <SimpleData name="Sup_SIG">0.70856709482</SimpleData>
            <SimpleData name="X">-56.00286907000</SimpleData>
            <SimpleData name="Y">-24.41128593000</SimpleData>
            <SimpleData name="cedula">4163419</SimpleData>
            <SimpleData name="Cédula_1">4163419.00000000000</SimpleData>
            <SimpleData name="Estado_d_1">Activo</SimpleData>
            <SimpleData name="OBJECTID_1">8673</SimpleData>
            <SimpleData name="Shape_Leng">493.14730838400</SimpleData>
            <SimpleData name="Shape_Area">7085.67094824000</SimpleData>
          </SchemaData>
        </ExtendedData>
        <Polygon>
          <outerBoundaryIs>
            <LinearRing>
              <coordinates>
                -56.0026394991864,-24.4121867003347,0
                -56.00293499961,-24.4122916993592,0
                -56.003117199543,-24.4107343006374,0
                -56.0029499996741,-24.4103399997841,0
                -56.002780499462,-24.4102158003852,0
                -56.0026394991864,-24.4121867003347,0
              </coordinates>
            </LinearRing>
          </outerBoundaryIs>
        </Polygon>
      </Placemark>
      <Placemark id="Lote_G.244">
        <ExtendedData>
          <SchemaData schemaUrl="#Lote_G.schema">
            <SimpleData name="Cédula">4259981.00000000000</SimpleData>
            <SimpleData name="Nombres_y_">CELSO  URAN MARTINEZ</SimpleData>
            <SimpleData name="Sexo">Hombre</SimpleData>
            <SimpleData name="Cambio_de_">NO</SimpleData>
            <SimpleData name="Titular_se">NO</SimpleData>
            <SimpleData name="ci_UNIF">4259981.00000000000</SimpleData>
            <SimpleData name="Situación">NO</SimpleData>
            <SimpleData name="Comunidad">Campesina</SimpleData>
            <SimpleData name="Modelo_imp">Modelo 1</SimpleData>
            <SimpleData name="Departamen">CANINDEYU</SimpleData>
            <SimpleData name="Distrito">YASY CA?Y</SimpleData>
            <SimpleData name="Localidad">BARRERO VILLAR</SimpleData>
            <SimpleData name="Teléfono">981433059</SimpleData>
            <SimpleData name="Vivienda_L">-24.54407650000</SimpleData>
            <SimpleData name="Vivienda_1">-55.78690220000</SimpleData>
            <SimpleData name="Superficie">0.80000000000</SimpleData>
            <SimpleData name="Situaci_1">Par?metro</SimpleData>
            <SimpleData name="Plantado">SI</SimpleData>
            <SimpleData name="Fecha_Plan">2026/07/03</SimpleData>
            <SimpleData name="Jornales">0.00000000000</SimpleData>
            <SimpleData name="Monto">0.00000000000</SimpleData>
            <SimpleData name="Grupo_de_p">G-GN-XX-XX-XX</SimpleData>
            <SimpleData name="Estado_del">Activo</SimpleData>
            <SimpleData name="Empresa">Red Forestal Paraguay SA</SimpleData>
            <SimpleData name="Lote">G</SimpleData>
            <SimpleData name="Parametro">0.00000000000</SimpleData>
            <SimpleData name="Sup_SIG">0.96404040513</SimpleData>
            <SimpleData name="X">-55.78902843000</SimpleData>
            <SimpleData name="Y">-24.54193609000</SimpleData>
            <SimpleData name="cedula">4259981</SimpleData>
            <SimpleData name="Cédula_1">4259981.00000000000</SimpleData>
            <SimpleData name="Estado_d_1">Activo</SimpleData>
            <SimpleData name="OBJECTID_1">6281</SimpleData>
            <SimpleData name="Shape_Leng">395.64937251000</SimpleData>
            <SimpleData name="Shape_Area">9640.40405129000</SimpleData>
          </SchemaData>
        </ExtendedData>
        <Polygon>
          <outerBoundaryIs>
            <LinearRing>
              <coordinates>
                -55.7884172995831,-24.5417756002961,0
                -55.7887314002143,-24.5425670996778,0
                -55.7896902990278,-24.5420381997134,0
                -55.7892647996374,-24.541327000144,0
                -55.7884172995831,-24.5417756002961,0
              </coordinates>
            </LinearRing>
          </outerBoundaryIs>
        </Polygon>
      </Placemark>
      <Placemark id="Lote_G.245">
        <ExtendedData>
          <SchemaData schemaUrl="#Lote_G.schema">
            <SimpleData name="Cédula">4714803.00000000000</SimpleData>
            <SimpleData name="Nombres_y_">GRACIELA RUIZ LOPEZ</SimpleData>
            <SimpleData name="Sexo">Mujer</SimpleData>
            <SimpleData name="Cambio_de_">NO</SimpleData>
            <SimpleData name="Titular_se">NO</SimpleData>
            <SimpleData name="ci_UNIF">4714803.00000000000</SimpleData>
            <SimpleData name="Situación">NO</SimpleData>
            <SimpleData name="Comunidad">Campesina</SimpleData>
            <SimpleData name="Modelo_imp">Modelo 5</SimpleData>
            <SimpleData name="Departamen">CANINDEYU</SimpleData>
            <SimpleData name="Distrito">YASY CA?Y</SimpleData>
            <SimpleData name="Localidad">MANDUARA 4TA LINEA</SimpleData>
            <SimpleData name="Teléfono">0974608475</SimpleData>
            <SimpleData name="Vivienda_L">-24.44492350000</SimpleData>
            <SimpleData name="Vivienda_1">-55.94619870000</SimpleData>
            <SimpleData name="Superficie">0.70000000000</SimpleData>
            <SimpleData name="Situaci_1">Par?metro</SimpleData>
            <SimpleData name="Plantado">SI</SimpleData>
            <SimpleData name="Fecha_Plan">2026/06/26</SimpleData>
            <SimpleData name="Jornales">0.00000000000</SimpleData>
            <SimpleData name="Monto">0.00000000000</SimpleData>
            <SimpleData name="Grupo_de_p">G-GN-XX-XX-XX</SimpleData>
            <SimpleData name="Estado_del">Activo</SimpleData>
            <SimpleData name="Empresa">Red Forestal Paraguay SA</SimpleData>
            <SimpleData name="Lote">G</SimpleData>
            <SimpleData name="Parametro">0.00000000000</SimpleData>
            <SimpleData name="Sup_SIG">0.71223004591</SimpleData>
            <SimpleData name="X">-55.95317189000</SimpleData>
            <SimpleData name="Y">-24.44955974000</SimpleData>
            <SimpleData name="cedula">4714803</SimpleData>
            <SimpleData name="Cédula_1">4714803.00000000000</SimpleData>
            <SimpleData name="Estado_d_1">Activo</SimpleData>
            <SimpleData name="OBJECTID_1">6941</SimpleData>
            <SimpleData name="Shape_Leng">494.90508074200</SimpleData>
            <SimpleData name="Shape_Area">7122.30045907000</SimpleData>
          </SchemaData>
        </ExtendedData>
        <MultiGeometry>
          <Polygon>
            <outerBoundaryIs>
              <LinearRing>
                <coordinates>
                  -55.9533289998071,-24.4499472001334,0
                  -55.9536117002758,-24.4495965002696,0
                  -55.953020000376,-24.4491634994222,0
                  -55.9527349998363,-24.4495414000471,0
                  -55.9533289998071,-24.4499472001334,0
                </coordinates>
              </LinearRing>
            </outerBoundaryIs>
          </Polygon>
          <Polygon>
            <outerBoundaryIs>
              <LinearRing>
                <coordinates>
                  -55.9467533002763,-24.4465117000179,0
                  -55.947019000299,-24.4461444997837,0
                  -55.9464680997975,-24.4458688002273,0
                  -55.9462866998114,-24.4458482999575,0
                  -55.9460987999928,-24.4460367997305,0
                  -55.9467533002763,-24.4465117000179,0
                </coordinates>
              </LinearRing>
            </outerBoundaryIs>
          </Polygon>
        </MultiGeometry>
      </Placemark>
      <Placemark id="Lote_G.246">
        <ExtendedData>
          <SchemaData schemaUrl="#Lote_G.schema">
            <SimpleData name="Cédula">5838802.00000000000</SimpleData>
            <SimpleData name="Nombres_y_">ANGELINO BARRETO RIVAROLA</SimpleData>
            <SimpleData name="Sexo">Hombre</SimpleData>
            <SimpleData name="Cambio_de_">NO</SimpleData>
            <SimpleData name="Titular_se">NO</SimpleData>
            <SimpleData name="ci_UNIF">5838802.00000000000</SimpleData>
            <SimpleData name="Situación">NO</SimpleData>
            <SimpleData name="Comunidad">Ind?gena</SimpleData>
            <SimpleData name="Modelo_imp">Modelo 5</SimpleData>
            <SimpleData name="Departamen">CANINDEYU</SimpleData>
            <SimpleData name="Distrito">YASY CA?Y</SimpleData>
            <SimpleData name="Localidad">COM INDIG TEKOJOJA</SimpleData>
            <SimpleData name="Teléfono">ND</SimpleData>
            <SimpleData name="Vivienda_L">-24.55022720000</SimpleData>
            <SimpleData name="Vivienda_1">-55.76836110000</SimpleData>
            <SimpleData name="Superficie">0.70000000000</SimpleData>
            <SimpleData name="Situaci_1">Par?metro</SimpleData>
            <SimpleData name="Plantado">SI</SimpleData>
            <SimpleData name="Fecha_Plan">2026/07/01</SimpleData>
            <SimpleData name="Jornales">0.00000000000</SimpleData>
            <SimpleData name="Monto">0.00000000000</SimpleData>
            <SimpleData name="Grupo_de_p">G-GN-XX-XX-XX</SimpleData>
            <SimpleData name="Estado_del">Activo</SimpleData>
            <SimpleData name="Empresa">Red Forestal Paraguay SA</SimpleData>
            <SimpleData name="Lote">G</SimpleData>
            <SimpleData name="Parametro">0.00000000000</SimpleData>
            <SimpleData name="Sup_SIG">0.74546230598</SimpleData>
            <SimpleData name="X">-55.76787993000</SimpleData>
            <SimpleData name="Y">-24.55112290000</SimpleData>
            <SimpleData name="cedula">5838802</SimpleData>
            <SimpleData name="Cédula_1">5838802.00000000000</SimpleData>
            <SimpleData name="Estado_d_1">Activo</SimpleData>
            <SimpleData name="OBJECTID_1">5248</SimpleData>
            <SimpleData name="Shape_Leng">506.33363785700</SimpleData>
            <SimpleData name="Shape_Area">7454.62305980000</SimpleData>
          </SchemaData>
        </ExtendedData>
        <Polygon>
          <outerBoundaryIs>
            <LinearRing>
              <coordinates>
                -55.7673964991272,-24.5508785005653,0
                -55.7680432987247,-24.5520899993015,0
                -55.7682207988288,-24.5520251001255,0
                -55.7680845992662,-24.5517801005874,0
                -55.7682179991848,-24.5516885999456,0
                -55.7678357990781,-24.550926599581,0
                -55.7682986997604,-24.5507369004304,0
                -55.7680689991502,-24.5503061998659,0
                -55.7673964991272,-24.5508785005653,0
              </coordinates>
            </LinearRing>
          </outerBoundaryIs>
        </Polygon>
      </Placemark>
      <Placemark id="Lote_G.247">
        <ExtendedData>
          <SchemaData schemaUrl="#Lote_G.schema">
            <SimpleData name="Cédula">5947591.00000000000</SimpleData>
            <SimpleData name="Nombres_y_">ARSENIA NU?EZ MOREL</SimpleData>
            <SimpleData name="Sexo">Mujer</SimpleData>
            <SimpleData name="Cambio_de_">NO</SimpleData>
            <SimpleData name="Titular_se">NO</SimpleData>
            <SimpleData name="ci_UNIF">5947591.00000000000</SimpleData>
            <SimpleData name="Situación">NO</SimpleData>
            <SimpleData name="Comunidad">Campesina</SimpleData>
            <SimpleData name="Modelo_imp">Modelo 5</SimpleData>
            <SimpleData name="Departamen">CANINDEYU</SimpleData>
            <SimpleData name="Distrito">YBY PYTA</SimpleData>
            <SimpleData name="Localidad">BRITEZ KUE SAN MIGUEL</SimpleData>
            <SimpleData name="Teléfono">0982776429</SimpleData>
            <SimpleData name="Vivienda_L">-24.31979630000</SimpleData>
            <SimpleData name="Vivienda_1">-55.28583160000</SimpleData>
            <SimpleData name="Superficie">0.70000000000</SimpleData>
            <SimpleData name="Situaci_1">Par?metro</SimpleData>
            <SimpleData name="Plantado">SI</SimpleData>
            <SimpleData name="Fecha_Plan">2026/06/24</SimpleData>
            <SimpleData name="Jornales">0.00000000000</SimpleData>
            <SimpleData name="Monto">0.00000000000</SimpleData>
            <SimpleData name="Grupo_de_p">G-GN-XX-XX-XX</SimpleData>
            <SimpleData name="Estado_del">Activo</SimpleData>
            <SimpleData name="Empresa">Red Forestal Paraguay SA</SimpleData>
            <SimpleData name="Lote">G</SimpleData>
            <SimpleData name="Parametro">0.00000000000</SimpleData>
            <SimpleData name="Sup_SIG">0.79545610583</SimpleData>
            <SimpleData name="X">-55.28575152000</SimpleData>
            <SimpleData name="Y">-24.32192105000</SimpleData>
            <SimpleData name="cedula">5947591</SimpleData>
            <SimpleData name="Cédula_1">5947591.00000000000</SimpleData>
            <SimpleData name="Estado_d_1">Activo</SimpleData>
            <SimpleData name="OBJECTID_1">7083</SimpleData>
            <SimpleData name="Shape_Leng">417.85148672100</SimpleData>
            <SimpleData name="Shape_Area">7954.56105831000</SimpleData>
          </SchemaData>
        </ExtendedData>
        <Polygon>
          <outerBoundaryIs>
            <LinearRing>
              <coordinates>
                -55.2854600997458,-24.3226220003122,0
                -55.2859584991211,-24.3226466004876,0
                -55.2860373998133,-24.3212114999736,0
                -55.2855500997388,-24.3211929994132,0
                -55.2854600997458,-24.3226220003122,0
              </coordinates>
            </LinearRing>
          </outerBoundaryIs>
        </Polygon>
      </Placemark>
      <Placemark id="Lote_G.248">
        <ExtendedData>
          <SchemaData schemaUrl="#Lote_G.schema">
            <SimpleData name="Cédula">6865351.00000000000</SimpleData>
            <SimpleData name="Nombres_y_">VICTOR  VERA GOMEZ</SimpleData>
            <SimpleData name="Sexo">Hombre</SimpleData>
            <SimpleData name="Cambio_de_">NO</SimpleData>
            <SimpleData name="Titular_se">NO</SimpleData>
            <SimpleData name="ci_UNIF">6865351.00000000000</SimpleData>
            <SimpleData name="Comunidad">Ind?gena</SimpleData>
            <SimpleData name="Modelo_imp">Modelo 5</SimpleData>
            <SimpleData name="Departamen">CANINDEYU</SimpleData>
            <SimpleData name="Distrito">YASY CA?Y</SimpleData>
            <SimpleData name="Localidad">COM INDIG TUNA POTY</SimpleData>
            <SimpleData name="Teléfono">983004400</SimpleData>
            <SimpleData name="Vivienda_L">-24.52426670000</SimpleData>
            <SimpleData name="Vivienda_1">-55.98199830000</SimpleData>
            <SimpleData name="Superficie">0.70000000000</SimpleData>
            <SimpleData name="Situaci_1">Parametro</SimpleData>
            <SimpleData name="Plantado">SI</SimpleData>
            <SimpleData name="Fecha_Plan">2026/06/24</SimpleData>
            <SimpleData name="Jornales">0.00000000000</SimpleData>
            <SimpleData name="Monto">0.00000000000</SimpleData>
            <SimpleData name="Grupo_de_p">G-GN---</SimpleData>
            <SimpleData name="Estado_del">Activo</SimpleData>
            <SimpleData name="Empresa">Red Forestal Paraguay SA</SimpleData>
            <SimpleData name="Lote">G</SimpleData>
            <SimpleData name="Parametro">0.00000000000</SimpleData>
            <SimpleData name="Sup_SIG">0.72231384950</SimpleData>
            <SimpleData name="X">-55.98011485000</SimpleData>
            <SimpleData name="Y">-24.53205740000</SimpleData>
            <SimpleData name="cedula">6865351</SimpleData>
            <SimpleData name="Cédula_1">6865351.00000000000</SimpleData>
            <SimpleData name="Estado_d_1">Activo</SimpleData>
            <SimpleData name="OBJECTID_1">7476</SimpleData>
            <SimpleData name="Shape_Leng">365.35924531500</SimpleData>
            <SimpleData name="Shape_Area">7223.13849495000</SimpleData>
          </SchemaData>
        </ExtendedData>
        <Polygon>
          <outerBoundaryIs>
            <LinearRing>
              <coordinates>
                -55.979550599037,-24.5320571001082,0
                -55.980219999949,-24.5326333004693,0
                -55.9806783995769,-24.5321775007237,0
                -55.9802874990601,-24.5318701008185,0
                -55.9803103000462,-24.5315730009148,0
                -55.980146499998,-24.5314084998751,0
                -55.979550599037,-24.5320571001082,0
              </coordinates>
            </LinearRing>
          </outerBoundaryIs>
        </Polygon>
      </Placemark>
      <Placemark id="Lote_G.249">
        <ExtendedData>
          <SchemaData schemaUrl="#Lote_G.schema">
            <SimpleData name="Cédula">6921764.00000000000</SimpleData>
            <SimpleData name="Nombres_y_">FATIMA PIRIS FERREIRA</SimpleData>
            <SimpleData name="Sexo">Mujer</SimpleData>
            <SimpleData name="Cambio_de_">NO</SimpleData>
            <SimpleData name="Titular_se">NO</SimpleData>
            <SimpleData name="ci_UNIF">6921764.00000000000</SimpleData>
            <SimpleData name="Situación">NO</SimpleData>
            <SimpleData name="Comunidad">Ind?gena</SimpleData>
            <SimpleData name="Modelo_imp">Modelo 5</SimpleData>
            <SimpleData name="Departamen">CANINDEYU</SimpleData>
            <SimpleData name="Distrito">YASY CA?Y</SimpleData>
            <SimpleData name="Localidad">COM INDIG TEKOJOJA</SimpleData>
            <SimpleData name="Teléfono">0986743538</SimpleData>
            <SimpleData name="Vivienda_L">-24.55078030000</SimpleData>
            <SimpleData name="Vivienda_1">-55.76628780000</SimpleData>
            <SimpleData name="Superficie">0.70000000000</SimpleData>
            <SimpleData name="Situaci_1">Par?metro</SimpleData>
            <SimpleData name="Plantado">SI</SimpleData>
            <SimpleData name="Fecha_Plan">2026/07/02</SimpleData>
            <SimpleData name="Jornales">0.00000000000</SimpleData>
            <SimpleData name="Monto">0.00000000000</SimpleData>
            <SimpleData name="Grupo_de_p">G-GN-XX-XX-XX</SimpleData>
            <SimpleData name="Estado_del">Activo</SimpleData>
            <SimpleData name="Empresa">Red Forestal Paraguay SA</SimpleData>
            <SimpleData name="Lote">G</SimpleData>
            <SimpleData name="Parametro">0.00000000000</SimpleData>
            <SimpleData name="Sup_SIG">0.70874810798</SimpleData>
            <SimpleData name="X">-55.76654491000</SimpleData>
            <SimpleData name="Y">-24.55076663000</SimpleData>
            <SimpleData name="cedula">6921764</SimpleData>
            <SimpleData name="Cédula_1">6921764.00000000000</SimpleData>
            <SimpleData name="Estado_d_1">Activo</SimpleData>
            <SimpleData name="OBJECTID_1">5246</SimpleData>
            <SimpleData name="Shape_Leng">418.77157735700</SimpleData>
            <SimpleData name="Shape_Area">7087.48107984000</SimpleData>
          </SchemaData>
        </ExtendedData>
        <Polygon>
          <outerBoundaryIs>
            <LinearRing>
              <coordinates>
                -55.7664059993724,-24.5507344004009,0
                -55.7661988995043,-24.550796000268,0
                -55.7661347994571,-24.5506926002337,0
                -55.7659965000079,-24.5507351998312,0
                -55.7663133990526,-24.5513275000215,0
                -55.7670938993446,-24.5509199995849,0
                -55.7665566996287,-24.5501000003029,0
                -55.7663202998475,-24.5502396005561,0
                -55.7664203996404,-24.5504293001699,0
                -55.7662749987008,-24.5504782001228,0
                -55.7664059993724,-24.5507344004009,0
              </coordinates>
            </LinearRing>
          </outerBoundaryIs>
        </Polygon>
      </Placemark>
      <Placemark id="Lote_G.250">
        <ExtendedData>
          <SchemaData schemaUrl="#Lote_G.schema">
            <SimpleData name="Cédula">4173677.00000000000</SimpleData>
            <SimpleData name="Nombres_y_">ROBERTO CHEVUGI</SimpleData>
            <SimpleData name="Sexo">Hombre</SimpleData>
            <SimpleData name="Cambio_de_">NO</SimpleData>
            <SimpleData name="Titular_se">NO</SimpleData>
            <SimpleData name="ci_UNIF">4173677.00000000000</SimpleData>
            <SimpleData name="Situación">NO</SimpleData>
            <SimpleData name="Comunidad">Ind?gena</SimpleData>
            <SimpleData name="Modelo_imp">Modelo 4</SimpleData>
            <SimpleData name="Departamen">CANINDEYU</SimpleData>
            <SimpleData name="Distrito">YBY PYTA</SimpleData>
            <SimpleData name="Localidad">COM INDIG KUETUVY</SimpleData>
            <SimpleData name="Teléfono">0985869767</SimpleData>
            <SimpleData name="Vivienda_L">-24.28786000000</SimpleData>
            <SimpleData name="Vivienda_1">-55.41744490000</SimpleData>
            <SimpleData name="Superficie">0.70000000000</SimpleData>
            <SimpleData name="Situaci_1">Par?metro</SimpleData>
            <SimpleData name="Plantado">SI</SimpleData>
            <SimpleData name="Fecha_Plan">2026/07/03</SimpleData>
            <SimpleData name="Jornales">0.00000000000</SimpleData>
            <SimpleData name="Monto">0.00000000000</SimpleData>
            <SimpleData name="Grupo_de_p">G-GN-XX-XX-XX</SimpleData>
            <SimpleData name="Estado_del">Activo</SimpleData>
            <SimpleData name="Empresa">Red Forestal Paraguay SA</SimpleData>
            <SimpleData name="Lote">G</SimpleData>
            <SimpleData name="Parametro">0.00000000000</SimpleData>
            <SimpleData name="Sup_SIG">0.74288639037</SimpleData>
            <SimpleData name="X">-55.41808033000</SimpleData>
            <SimpleData name="Y">-24.28941056000</SimpleData>
            <SimpleData name="cedula">4173677</SimpleData>
            <SimpleData name="Cédula_1">4173677.00000000000</SimpleData>
            <SimpleData name="Estado_d_1">Activo</SimpleData>
            <SimpleData name="OBJECTID_1">5318</SimpleData>
            <SimpleData name="Shape_Leng">350.13171664000</SimpleData>
            <SimpleData name="Shape_Area">7428.86390367000</SimpleData>
          </SchemaData>
        </ExtendedData>
        <Polygon>
          <outerBoundaryIs>
            <LinearRing>
              <coordinates>
                -55.4174070999907,-24.2893462000627,0
                -55.4179524995534,-24.2899221002519,0
                -55.4187046994966,-24.2894296000505,0
                -55.4183292995209,-24.2889279001318,0
                -55.4174070999907,-24.2893462000627,0
              </coordinates>
            </LinearRing>
          </outerBoundaryIs>
        </Polygon>
      </Placemark>
      <Placemark id="Lote_G.251">
        <ExtendedData>
          <SchemaData schemaUrl="#Lote_G.schema">
            <SimpleData name="Cédula">4436920.00000000000</SimpleData>
            <SimpleData name="Nombres_y_">JUVENAL BERNABE BOGADO PAREDES</SimpleData>
            <SimpleData name="Sexo">Hombre</SimpleData>
            <SimpleData name="Cambio_de_">NO</SimpleData>
            <SimpleData name="Titular_se">NO</SimpleData>
            <SimpleData name="ci_UNIF">4436920.00000000000</SimpleData>
            <SimpleData name="Situación">NO</SimpleData>
            <SimpleData name="Comunidad">Campesina</SimpleData>
            <SimpleData name="Modelo_imp">Modelo 1</SimpleData>
            <SimpleData name="Departamen">CANINDEYU</SimpleData>
            <SimpleData name="Distrito">YBY PYTA</SimpleData>
            <SimpleData name="Localidad">BRITEZ KUE SAN MIGUEL</SimpleData>
            <SimpleData name="Teléfono">985514311</SimpleData>
            <SimpleData name="Vivienda_L">-24.32077710000</SimpleData>
            <SimpleData name="Vivienda_1">-55.31104600000</SimpleData>
            <SimpleData name="Superficie">0.80000000000</SimpleData>
            <SimpleData name="Situaci_1">Parametro</SimpleData>
            <SimpleData name="Plantado">SI</SimpleData>
            <SimpleData name="Fecha_Plan">2026/07/01</SimpleData>
            <SimpleData name="Jornales">0.00000000000</SimpleData>
            <SimpleData name="Monto">0.00000000000</SimpleData>
            <SimpleData name="Grupo_de_p">G-GN-XX-XX-XX</SimpleData>
            <SimpleData name="Estado_del">Activo</SimpleData>
            <SimpleData name="Empresa">Red Forestal Paraguay SA</SimpleData>
            <SimpleData name="Lote">G</SimpleData>
            <SimpleData name="Parametro">0.00000000000</SimpleData>
            <SimpleData name="Sup_SIG">0.92224263954</SimpleData>
            <SimpleData name="X">-55.31190804000</SimpleData>
            <SimpleData name="Y">-24.31844010000</SimpleData>
            <SimpleData name="cedula">4436920</SimpleData>
            <SimpleData name="Cédula_1">4436920.00000000000</SimpleData>
            <SimpleData name="Estado_d_1">Activo</SimpleData>
            <SimpleData name="OBJECTID_1">6303</SimpleData>
            <SimpleData name="Shape_Leng">381.49045240000</SimpleData>
            <SimpleData name="Shape_Area">9222.42639538000</SimpleData>
          </SchemaData>
        </ExtendedData>
        <Polygon>
          <outerBoundaryIs>
            <LinearRing>
              <coordinates>
                -55.3113895991115,-24.3187992004971,0
                -55.3122981992518,-24.3188840000785,0
                -55.3123890997945,-24.3187661002707,0
                -55.3124617996312,-24.3180533000326,0
                -55.3113736995625,-24.3180492999432,0
                -55.3113895991115,-24.3187992004971,0
              </coordinates>
            </LinearRing>
          </outerBoundaryIs>
        </Polygon>
      </Placemark>
      <Placemark id="Lote_G.252">
        <ExtendedData>
          <SchemaData schemaUrl="#Lote_G.schema">
            <SimpleData name="Cédula">5752677.00000000000</SimpleData>
            <SimpleData name="Nombres_y_"><![CDATA[ISABEL FUA'AGI]]></SimpleData>
            <SimpleData name="Sexo">Mujer</SimpleData>
            <SimpleData name="Cambio_de_">NO</SimpleData>
            <SimpleData name="Titular_se">NO</SimpleData>
            <SimpleData name="ci_UNIF">5752677.00000000000</SimpleData>
            <SimpleData name="Situación">NO</SimpleData>
            <SimpleData name="Comunidad">Ind?gena</SimpleData>
            <SimpleData name="Modelo_imp">Modelo 4</SimpleData>
            <SimpleData name="Departamen">CANINDEYU</SimpleData>
            <SimpleData name="Distrito">YBY PYTA</SimpleData>
            <SimpleData name="Localidad">COM INDIG KUETUVY</SimpleData>
            <SimpleData name="Teléfono">0982252726</SimpleData>
            <SimpleData name="Vivienda_L">-24.28746580000</SimpleData>
            <SimpleData name="Vivienda_1">-55.41334530000</SimpleData>
            <SimpleData name="Superficie">0.70000000000</SimpleData>
            <SimpleData name="Situaci_1">Par?metro</SimpleData>
            <SimpleData name="Plantado">SI</SimpleData>
            <SimpleData name="Fecha_Plan">2026/07/03</SimpleData>
            <SimpleData name="Jornales">0.00000000000</SimpleData>
            <SimpleData name="Monto">0.00000000000</SimpleData>
            <SimpleData name="Grupo_de_p">G-GN-XX-XX-XX</SimpleData>
            <SimpleData name="Estado_del">Activo</SimpleData>
            <SimpleData name="Empresa">Red Forestal Paraguay SA</SimpleData>
            <SimpleData name="Lote">G</SimpleData>
            <SimpleData name="Parametro">0.00000000000</SimpleData>
            <SimpleData name="Sup_SIG">0.71126190903</SimpleData>
            <SimpleData name="X">-55.40796066000</SimpleData>
            <SimpleData name="Y">-24.29022452000</SimpleData>
            <SimpleData name="cedula">5752677</SimpleData>
            <SimpleData name="Cédula_1">5752677.00000000000</SimpleData>
            <SimpleData name="Estado_d_1">Activo</SimpleData>
            <SimpleData name="OBJECTID_1">5320</SimpleData>
            <SimpleData name="Shape_Leng">346.36291764100</SimpleData>
            <SimpleData name="Shape_Area">7112.61909030000</SimpleData>
          </SchemaData>
        </ExtendedData>
        <Polygon>
          <outerBoundaryIs>
            <LinearRing>
              <coordinates>
                -55.4082244827522,-24.2907317101131,0
                -55.4082699998005,-24.2907550003654,0
                -55.4082682519117,-24.2907565197967,0
                -55.4082847997338,-24.2907658997788,0
                -55.4085068992309,-24.2901581003827,0
                -55.4077033995145,-24.2897050001231,0
                -55.4073599995804,-24.2902417006113,0
                -55.4082244827522,-24.2907317101131,0
              </coordinates>
            </LinearRing>
          </outerBoundaryIs>
        </Polygon>
      </Placemark>
      <Placemark id="Lote_G.253">
        <ExtendedData>
          <SchemaData schemaUrl="#Lote_G.schema">
            <SimpleData name="Cédula">6623987.00000000000</SimpleData>
            <SimpleData name="Nombres_y_">EUSEBIA MBREKEGI</SimpleData>
            <SimpleData name="Sexo">Mujer</SimpleData>
            <SimpleData name="Cambio_de_">NO</SimpleData>
            <SimpleData name="Titular_se">NO</SimpleData>
            <SimpleData name="ci_UNIF">6623987.00000000000</SimpleData>
            <SimpleData name="Situación">NO</SimpleData>
            <SimpleData name="Comunidad">Ind?gena</SimpleData>
            <SimpleData name="Modelo_imp">Modelo 4</SimpleData>
            <SimpleData name="Departamen">CANINDEYU</SimpleData>
            <SimpleData name="Distrito">YBY PYTA</SimpleData>
            <SimpleData name="Localidad">COM INDIG KUETUVY</SimpleData>
            <SimpleData name="Teléfono">0985896017</SimpleData>
            <SimpleData name="Vivienda_L">-24.29064500000</SimpleData>
            <SimpleData name="Vivienda_1">-55.41887500000</SimpleData>
            <SimpleData name="Superficie">0.70000000000</SimpleData>
            <SimpleData name="Situaci_1">Par?metro</SimpleData>
            <SimpleData name="Plantado">SI</SimpleData>
            <SimpleData name="Fecha_Plan">2026/07/03</SimpleData>
            <SimpleData name="Jornales">0.00000000000</SimpleData>
            <SimpleData name="Monto">0.00000000000</SimpleData>
            <SimpleData name="Grupo_de_p">G-GN-XX-XX-XX</SimpleData>
            <SimpleData name="Estado_del">Activo</SimpleData>
            <SimpleData name="Empresa">Red Forestal Paraguay SA</SimpleData>
            <SimpleData name="Lote">G</SimpleData>
            <SimpleData name="Parametro">0.00000000000</SimpleData>
            <SimpleData name="Sup_SIG">0.72500755150</SimpleData>
            <SimpleData name="X">-55.41788549000</SimpleData>
            <SimpleData name="Y">-24.29072078000</SimpleData>
            <SimpleData name="cedula">6623987</SimpleData>
            <SimpleData name="Cédula_1">6623987.00000000000</SimpleData>
            <SimpleData name="Estado_d_1">Activo</SimpleData>
            <SimpleData name="OBJECTID_1">5316</SimpleData>
            <SimpleData name="Shape_Leng">343.16226779600</SimpleData>
            <SimpleData name="Shape_Area">7250.07551497000</SimpleData>
          </SchemaData>
        </ExtendedData>
        <Polygon>
          <outerBoundaryIs>
            <LinearRing>
              <coordinates>
                -55.4172849997207,-24.290800400186,0
                -55.4180151002106,-24.2912890999845,0
                -55.4184302994379,-24.2904978005726,0
                -55.4178277994931,-24.2902125000118,0
                -55.4172849997207,-24.290800400186,0
              </coordinates>
            </LinearRing>
          </outerBoundaryIs>
        </Polygon>
      </Placemark>
      <Placemark id="Lote_G.254">
        <ExtendedData>
          <SchemaData schemaUrl="#Lote_G.schema">
            <SimpleData name="Cédula">6761426.00000000000</SimpleData>
            <SimpleData name="Nombres_y_">CEVERIANA BENITEZ SOSA</SimpleData>
            <SimpleData name="Sexo">Mujer</SimpleData>
            <SimpleData name="Cambio_de_">NO</SimpleData>
            <SimpleData name="Titular_se">NO</SimpleData>
            <SimpleData name="ci_UNIF">6761426.00000000000</SimpleData>
            <SimpleData name="Situación">NO</SimpleData>
            <SimpleData name="Comunidad">Ind?gena</SimpleData>
            <SimpleData name="Modelo_imp">Modelo 5</SimpleData>
            <SimpleData name="Departamen">CANINDEYU</SimpleData>
            <SimpleData name="Distrito">YASY CA?Y</SimpleData>
            <SimpleData name="Localidad">COM INDIG JOYVY</SimpleData>
            <SimpleData name="Teléfono">0986972165</SimpleData>
            <SimpleData name="Vivienda_L">-24.48828330000</SimpleData>
            <SimpleData name="Vivienda_1">-55.95083670000</SimpleData>
            <SimpleData name="Superficie">0.70000000000</SimpleData>
            <SimpleData name="Situaci_1">Par?metro</SimpleData>
            <SimpleData name="Plantado">SI</SimpleData>
            <SimpleData name="Fecha_Plan">2026/07/03</SimpleData>
            <SimpleData name="Jornales">0.00000000000</SimpleData>
            <SimpleData name="Monto">0.00000000000</SimpleData>
            <SimpleData name="Grupo_de_p">G-GN-XX-XX-XX</SimpleData>
            <SimpleData name="Estado_del">Activo</SimpleData>
            <SimpleData name="Empresa">Red Forestal Paraguay SA</SimpleData>
            <SimpleData name="Lote">G</SimpleData>
            <SimpleData name="Parametro">0.00000000000</SimpleData>
            <SimpleData name="Sup_SIG">0.69871833644</SimpleData>
            <SimpleData name="X">-55.95435446000</SimpleData>
            <SimpleData name="Y">-24.48733545000</SimpleData>
            <SimpleData name="cedula">6761426</SimpleData>
            <SimpleData name="Cédula_1">6761426.00000000000</SimpleData>
            <SimpleData name="Estado_d_1">Activo</SimpleData>
            <SimpleData name="OBJECTID_1">5263</SimpleData>
            <SimpleData name="Shape_Leng">368.00229709100</SimpleData>
            <SimpleData name="Shape_Area">6987.18336438000</SimpleData>
          </SchemaData>
        </ExtendedData>
        <Polygon>
          <outerBoundaryIs>
            <LinearRing>
              <coordinates>
                -55.9549800620783,-24.4872714232234,0
                -55.9549731702088,-24.487269263253,0
                -55.9537684994453,-24.4868916996539,0
                -55.9537361989131,-24.4873800005517,0
                -55.9548826992471,-24.4877918002019,0
                -55.9549885996468,-24.4872740993974,0
                -55.9549800620783,-24.4872714232234,0
              </coordinates>
            </LinearRing>
          </outerBoundaryIs>
        </Polygon>
      </Placemark>
      <Placemark id="Lote_G.255">
        <ExtendedData>
          <SchemaData schemaUrl="#Lote_G.schema">
            <SimpleData name="Cédula">7140475.00000000000</SimpleData>
            <SimpleData name="Nombres_y_">DOLIA CONCEPCION PRIETO VELAZQUEZ</SimpleData>
            <SimpleData name="Sexo">Mujer</SimpleData>
            <SimpleData name="Cambio_de_">NO</SimpleData>
            <SimpleData name="Titular_se">NO</SimpleData>
            <SimpleData name="ci_UNIF">7140475.00000000000</SimpleData>
            <SimpleData name="Situación">NO</SimpleData>
            <SimpleData name="Comunidad">Ind?gena</SimpleData>
            <SimpleData name="Modelo_imp">Modelo 4</SimpleData>
            <SimpleData name="Departamen">CANINDEYU</SimpleData>
            <SimpleData name="Distrito">YBY PYTA</SimpleData>
            <SimpleData name="Localidad">COM INDIG KUETUVY</SimpleData>
            <SimpleData name="Teléfono">0973646250</SimpleData>
            <SimpleData name="Vivienda_L">-24.28889260000</SimpleData>
            <SimpleData name="Vivienda_1">-55.41893770000</SimpleData>
            <SimpleData name="Superficie">0.70000000000</SimpleData>
            <SimpleData name="Situaci_1">Par?metro</SimpleData>
            <SimpleData name="Plantado">SI</SimpleData>
            <SimpleData name="Fecha_Plan">2026/07/03</SimpleData>
            <SimpleData name="Jornales">0.00000000000</SimpleData>
            <SimpleData name="Monto">0.00000000000</SimpleData>
            <SimpleData name="Grupo_de_p">G-GN-XX-XX-XX</SimpleData>
            <SimpleData name="Estado_del">Activo</SimpleData>
            <SimpleData name="Empresa">Red Forestal Paraguay SA</SimpleData>
            <SimpleData name="Lote">G</SimpleData>
            <SimpleData name="Parametro">0.00000000000</SimpleData>
            <SimpleData name="Sup_SIG">0.84329156806</SimpleData>
            <SimpleData name="X">-55.42011348000</SimpleData>
            <SimpleData name="Y">-24.28886171000</SimpleData>
            <SimpleData name="cedula">7140475</SimpleData>
            <SimpleData name="Cédula_1">7140475.00000000000</SimpleData>
            <SimpleData name="Estado_d_1">Activo</SimpleData>
            <SimpleData name="OBJECTID_1">5315</SimpleData>
            <SimpleData name="Shape_Leng">369.72212446100</SimpleData>
            <SimpleData name="Shape_Area">8432.91568062000</SimpleData>
          </SchemaData>
        </ExtendedData>
        <Polygon>
          <outerBoundaryIs>
            <LinearRing>
              <coordinates>
                -55.4196316994735,-24.2884699995843,0
                -55.4196039991644,-24.2892515001132,0
                -55.4206166995591,-24.2892150002239,0
                -55.4206355995573,-24.2885088000236,0
                -55.4196316994735,-24.2884699995843,0
              </coordinates>
            </LinearRing>
          </outerBoundaryIs>
        </Polygon>
      </Placemark>
      <Placemark id="Lote_G.256">
        <ExtendedData>
          <SchemaData schemaUrl="#Lote_G.schema">
            <SimpleData name="Cédula">7199446.00000000000</SimpleData>
            <SimpleData name="Nombres_y_">PAOLA PIRAGI</SimpleData>
            <SimpleData name="Sexo">Mujer</SimpleData>
            <SimpleData name="Cambio_de_">NO</SimpleData>
            <SimpleData name="Titular_se">NO</SimpleData>
            <SimpleData name="ci_UNIF">7199446.00000000000</SimpleData>
            <SimpleData name="Situación">NO</SimpleData>
            <SimpleData name="Comunidad">Ind?gena</SimpleData>
            <SimpleData name="Modelo_imp">Modelo 4</SimpleData>
            <SimpleData name="Departamen">CANINDEYU</SimpleData>
            <SimpleData name="Distrito">YBY PYTA</SimpleData>
            <SimpleData name="Localidad">COM INDIG KUETUVY</SimpleData>
            <SimpleData name="Teléfono">0975398769</SimpleData>
            <SimpleData name="Vivienda_L">-24.28638650000</SimpleData>
            <SimpleData name="Vivienda_1">-55.41821220000</SimpleData>
            <SimpleData name="Superficie">0.70000000000</SimpleData>
            <SimpleData name="Situaci_1">Par?metro</SimpleData>
            <SimpleData name="Plantado">SI</SimpleData>
            <SimpleData name="Fecha_Plan">2026/07/03</SimpleData>
            <SimpleData name="Jornales">0.00000000000</SimpleData>
            <SimpleData name="Monto">0.00000000000</SimpleData>
            <SimpleData name="Grupo_de_p">G-GN-XX-XX-XX</SimpleData>
            <SimpleData name="Estado_del">Activo</SimpleData>
            <SimpleData name="Empresa">Red Forestal Paraguay SA</SimpleData>
            <SimpleData name="Lote">G</SimpleData>
            <SimpleData name="Parametro">0.00000000000</SimpleData>
            <SimpleData name="Sup_SIG">0.69910199960</SimpleData>
            <SimpleData name="X">-55.40758585000</SimpleData>
            <SimpleData name="Y">-24.29075599000</SimpleData>
            <SimpleData name="cedula">7199446</SimpleData>
            <SimpleData name="Cédula_1">7199446.00000000000</SimpleData>
            <SimpleData name="Estado_d_1">Activo</SimpleData>
            <SimpleData name="OBJECTID_1">5319</SimpleData>
            <SimpleData name="Shape_Leng">343.28269431200</SimpleData>
            <SimpleData name="Shape_Area">6991.01999600000</SimpleData>
          </SchemaData>
        </ExtendedData>
        <Polygon>
          <outerBoundaryIs>
            <LinearRing>
              <coordinates>
                -55.4082682519117,-24.2907565197967,0
                -55.4082699998005,-24.2907550003654,0
                -55.4082244827522,-24.2907317101131,0
                -55.4073450000799,-24.2902816998946,0
                -55.4069549998855,-24.2907799999028,0
                -55.4077350003756,-24.2912199997582,0
                -55.4082682519117,-24.2907565197967,0
              </coordinates>
            </LinearRing>
          </outerBoundaryIs>
        </Polygon>
      </Placemark>
      <Placemark id="Lote_G.257">
        <ExtendedData>
          <SchemaData schemaUrl="#Lote_G.schema">
            <SimpleData name="Cédula">7256485.00000000000</SimpleData>
            <SimpleData name="Nombres_y_">DELIA CONCEPCION PRIETO VELAZQUEZ</SimpleData>
            <SimpleData name="Sexo">Mujer</SimpleData>
            <SimpleData name="Cambio_de_">NO</SimpleData>
            <SimpleData name="Titular_se">NO</SimpleData>
            <SimpleData name="ci_UNIF">7256485.00000000000</SimpleData>
            <SimpleData name="Situación">NO</SimpleData>
            <SimpleData name="Comunidad">Ind?gena</SimpleData>
            <SimpleData name="Modelo_imp">Modelo 4</SimpleData>
            <SimpleData name="Departamen">CANINDEYU</SimpleData>
            <SimpleData name="Distrito">YBY PYTA</SimpleData>
            <SimpleData name="Localidad">COM INDIG KUETUVY</SimpleData>
            <SimpleData name="Teléfono">0971832711</SimpleData>
            <SimpleData name="Vivienda_L">-24.28744070000</SimpleData>
            <SimpleData name="Vivienda_1">-55.41845410000</SimpleData>
            <SimpleData name="Superficie">0.70000000000</SimpleData>
            <SimpleData name="Situaci_1">Par?metro</SimpleData>
            <SimpleData name="Plantado">SI</SimpleData>
            <SimpleData name="Fecha_Plan">2026/07/03</SimpleData>
            <SimpleData name="Jornales">0.00000000000</SimpleData>
            <SimpleData name="Monto">0.00000000000</SimpleData>
            <SimpleData name="Grupo_de_p">G-GN-XX-XX-XX</SimpleData>
            <SimpleData name="Estado_del">Activo</SimpleData>
            <SimpleData name="Empresa">Red Forestal Paraguay SA</SimpleData>
            <SimpleData name="Lote">G</SimpleData>
            <SimpleData name="Parametro">0.00000000000</SimpleData>
            <SimpleData name="Sup_SIG">0.91951735508</SimpleData>
            <SimpleData name="X">-55.42028271000</SimpleData>
            <SimpleData name="Y">-24.28785019000</SimpleData>
            <SimpleData name="cedula">7256485</SimpleData>
            <SimpleData name="Cédula_1">7256485.00000000000</SimpleData>
            <SimpleData name="Estado_d_1">Activo</SimpleData>
            <SimpleData name="OBJECTID_1">5317</SimpleData>
            <SimpleData name="Shape_Leng">403.25006408400</SimpleData>
            <SimpleData name="Shape_Area">9195.17355078000</SimpleData>
          </SchemaData>
        </ExtendedData>
        <Polygon>
          <outerBoundaryIs>
            <LinearRing>
              <coordinates>
                -55.4199872995879,-24.2884184004604,0
                -55.4206382999967,-24.2884766996583,0
                -55.4206399995485,-24.2873433006372,0
                -55.4198776990998,-24.287223499887,0
                -55.4199872995879,-24.2884184004604,0
              </coordinates>
            </LinearRing>
          </outerBoundaryIs>
        </Polygon>
      </Placemark>
      <Placemark id="Lote_G.258">
        <ExtendedData>
          <SchemaData schemaUrl="#Lote_G.schema">
            <SimpleData name="Cédula">7362400.00000000000</SimpleData>
            <SimpleData name="Nombres_y_">LAURA RIOS CUENCA</SimpleData>
            <SimpleData name="Sexo">Mujer</SimpleData>
            <SimpleData name="Cambio_de_">NO</SimpleData>
            <SimpleData name="Titular_se">NO</SimpleData>
            <SimpleData name="ci_UNIF">7362400.00000000000</SimpleData>
            <SimpleData name="Situación">NO</SimpleData>
            <SimpleData name="Comunidad">Campesina</SimpleData>
            <SimpleData name="Modelo_imp">Modelo 5</SimpleData>
            <SimpleData name="Departamen">CANINDEYU</SimpleData>
            <SimpleData name="Distrito">YASY CA?Y</SimpleData>
            <SimpleData name="Localidad">MANDUARA 3RA LINEA</SimpleData>
            <SimpleData name="Teléfono">0984547680</SimpleData>
            <SimpleData name="Vivienda_L">-24.43866750000</SimpleData>
            <SimpleData name="Vivienda_1">-55.97458890000</SimpleData>
            <SimpleData name="Superficie">0.70000000000</SimpleData>
            <SimpleData name="Situaci_1">Par?metro</SimpleData>
            <SimpleData name="Plantado">SI</SimpleData>
            <SimpleData name="Fecha_Plan">2026/06/29</SimpleData>
            <SimpleData name="Jornales">0.00000000000</SimpleData>
            <SimpleData name="Monto">0.00000000000</SimpleData>
            <SimpleData name="Grupo_de_p">G-GN-XX-XX-XX</SimpleData>
            <SimpleData name="Estado_del">Activo</SimpleData>
            <SimpleData name="Empresa">Red Forestal Paraguay SA</SimpleData>
            <SimpleData name="Lote">G</SimpleData>
            <SimpleData name="Parametro">0.00000000000</SimpleData>
            <SimpleData name="Sup_SIG">0.69789285364</SimpleData>
            <SimpleData name="X">-55.96982105000</SimpleData>
            <SimpleData name="Y">-24.43594899000</SimpleData>
            <SimpleData name="cedula">7362400</SimpleData>
            <SimpleData name="Cédula_1">7362400.00000000000</SimpleData>
            <SimpleData name="Estado_d_1">Activo</SimpleData>
            <SimpleData name="OBJECTID_1">5215</SimpleData>
            <SimpleData name="Shape_Leng">370.75953200500</SimpleData>
            <SimpleData name="Shape_Area">6978.92853637000</SimpleData>
          </SchemaData>
        </ExtendedData>
        <Polygon>
          <outerBoundaryIs>
            <LinearRing>
              <coordinates>
                -55.9692101999989,-24.4358401007421,0
                -55.9701574001774,-24.436489700846,0
                -55.9705083996085,-24.4361508999338,0
                -55.9694181992808,-24.4353549996411,0
                -55.9692101999989,-24.4358401007421,0
              </coordinates>
            </LinearRing>
          </outerBoundaryIs>
        </Polygon>
      </Placemark>
      <Placemark id="Lote_G.259">
        <ExtendedData>
          <SchemaData schemaUrl="#Lote_G.schema">
            <SimpleData name="Cédula">7934147.00000000000</SimpleData>
            <SimpleData name="Nombres_y_">SAMUEL GONZALEZ VERA</SimpleData>
            <SimpleData name="Sexo">Hombre</SimpleData>
            <SimpleData name="Cambio_de_">NO</SimpleData>
            <SimpleData name="Titular_se">NO</SimpleData>
            <SimpleData name="ci_UNIF">7934147.00000000000</SimpleData>
            <SimpleData name="Situación">NO</SimpleData>
            <SimpleData name="Comunidad">Ind?gena</SimpleData>
            <SimpleData name="Modelo_imp">Modelo 4</SimpleData>
            <SimpleData name="Departamen">CANINDEYU</SimpleData>
            <SimpleData name="Distrito">YASY CA?Y</SimpleData>
            <SimpleData name="Localidad"><![CDATA[COM INDIG KA'AGUY POTY KAMBA]]></SimpleData>
            <SimpleData name="Teléfono">0984531523</SimpleData>
            <SimpleData name="Vivienda_L">-24.56228620000</SimpleData>
            <SimpleData name="Vivienda_1">-55.92097590000</SimpleData>
            <SimpleData name="Superficie">0.70000000000</SimpleData>
            <SimpleData name="Situaci_1">Pol?gono</SimpleData>
            <SimpleData name="Plantado">SI</SimpleData>
            <SimpleData name="Fecha_Plan">2025/11/11</SimpleData>
            <SimpleData name="Jornales">0.00000000000</SimpleData>
            <SimpleData name="Monto">0.00000000000</SimpleData>
            <SimpleData name="Grupo_de_p">G-GN-XX-XX-XX</SimpleData>
            <SimpleData name="Estado_del">Activo</SimpleData>
            <SimpleData name="Empresa">Red Forestal Paraguay SA</SimpleData>
            <SimpleData name="Lote">G</SimpleData>
            <SimpleData name="Parametro">0.00000000000</SimpleData>
            <SimpleData name="Sup_SIG">0.67573618908</SimpleData>
            <SimpleData name="X">-55.92317430000</SimpleData>
            <SimpleData name="Y">-24.56037304000</SimpleData>
            <SimpleData name="cedula">7934147</SimpleData>
            <SimpleData name="Cédula_1">7934147.00000000000</SimpleData>
            <SimpleData name="Estado_d_1">Activo</SimpleData>
            <SimpleData name="OBJECTID_1">8672</SimpleData>
            <SimpleData name="Shape_Leng">341.76733582800</SimpleData>
            <SimpleData name="Shape_Area">6757.36189077000</SimpleData>
          </SchemaData>
        </ExtendedData>
        <Polygon>
          <outerBoundaryIs>
            <LinearRing>
              <coordinates>
                -55.9225749741232,-24.5604607325148,0
                -55.9235839069311,-24.5608193988139,0
                -55.9237557894229,-24.5602455686398,0
                -55.9227474632071,-24.5599513419409,0
                -55.9225749741232,-24.5604607325148,0
              </coordinates>
            </LinearRing>
          </outerBoundaryIs>
        </Polygon>
      </Placemark>
      <Placemark id="Lote_G.260">
        <ExtendedData>
          <SchemaData schemaUrl="#Lote_G.schema">
            <SimpleData name="Cédula">4589956.00000000000</SimpleData>
            <SimpleData name="Nombres_y_">JUANA DE LA CRUZ BENEGAS AVALOS</SimpleData>
            <SimpleData name="Sexo">Mujer</SimpleData>
            <SimpleData name="Cambio_de_">NO</SimpleData>
            <SimpleData name="Titular_se">NO</SimpleData>
            <SimpleData name="ci_UNIF">4589956.00000000000</SimpleData>
            <SimpleData name="Situación">NO</SimpleData>
            <SimpleData name="Comunidad">Campesina</SimpleData>
            <SimpleData name="Modelo_imp">Modelo 5</SimpleData>
            <SimpleData name="Departamen">CANINDEYU</SimpleData>
            <SimpleData name="Distrito">YASY CA?Y</SimpleData>
            <SimpleData name="Localidad">SAN LUIS</SimpleData>
            <SimpleData name="Teléfono">976393607</SimpleData>
            <SimpleData name="Vivienda_L">-24.51848490000</SimpleData>
            <SimpleData name="Vivienda_1">-55.90154960000</SimpleData>
            <SimpleData name="Superficie">0.70000000000</SimpleData>
            <SimpleData name="Situaci_1">Parametro</SimpleData>
            <SimpleData name="Plantado">SI</SimpleData>
            <SimpleData name="Fecha_Plan">2026/07/10</SimpleData>
            <SimpleData name="Jornales">0.00000000000</SimpleData>
            <SimpleData name="Monto">0.00000000000</SimpleData>
            <SimpleData name="Grupo_de_p">G-GN-XX-XX-XX</SimpleData>
            <SimpleData name="Estado_del">Activo</SimpleData>
            <SimpleData name="Empresa">Red Forestal Paraguay SA</SimpleData>
            <SimpleData name="Lote">G</SimpleData>
            <SimpleData name="Parametro">0.00000000000</SimpleData>
            <SimpleData name="Sup_SIG">0.71312455597</SimpleData>
            <SimpleData name="X">-55.90389770000</SimpleData>
            <SimpleData name="Y">-24.52089093000</SimpleData>
            <SimpleData name="cedula">4589956</SimpleData>
            <SimpleData name="Cédula_1">4589956.00000000000</SimpleData>
            <SimpleData name="Estado_d_1">Activo</SimpleData>
            <SimpleData name="OBJECTID_1">6317</SimpleData>
            <SimpleData name="Shape_Leng">423.15578426300</SimpleData>
            <SimpleData name="Shape_Area">7131.24555968000</SimpleData>
          </SchemaData>
        </ExtendedData>
        <Polygon>
          <outerBoundaryIs>
            <LinearRing>
              <coordinates>
                -55.9031481998791,-24.5204756996421,0
                -55.9043426003966,-24.5215637000474,0
                -55.9046399992563,-24.5213066998841,0
                -55.9034742006144,-24.5202278002653,0
                -55.9031481998791,-24.5204756996421,0
              </coordinates>
            </LinearRing>
          </outerBoundaryIs>
        </Polygon>
      </Placemark>
      <Placemark id="Lote_G.261">
        <ExtendedData>
          <SchemaData schemaUrl="#Lote_G.schema">
            <SimpleData name="Cédula">6970264.00000000000</SimpleData>
            <SimpleData name="Nombres_y_">LETICIA PIRIS RAMIREZ</SimpleData>
            <SimpleData name="Sexo">Mujer</SimpleData>
            <SimpleData name="Cambio_de_">NO</SimpleData>
            <SimpleData name="Titular_se">NO</SimpleData>
            <SimpleData name="ci_UNIF">6970264.00000000000</SimpleData>
            <SimpleData name="Situación">NO</SimpleData>
            <SimpleData name="Comunidad">Campesina</SimpleData>
            <SimpleData name="Modelo_imp">Modelo 2</SimpleData>
            <SimpleData name="Departamen">CANINDEYU</SimpleData>
            <SimpleData name="Distrito">YASY CA?Y</SimpleData>
            <SimpleData name="Localidad"><![CDATA[KA'AY 4TA LINEA]]></SimpleData>
            <SimpleData name="Teléfono">0971823308</SimpleData>
            <SimpleData name="Vivienda_L">-24.54583570000</SimpleData>
            <SimpleData name="Vivienda_1">-55.90404130000</SimpleData>
            <SimpleData name="Superficie">0.80000000000</SimpleData>
            <SimpleData name="Situaci_1">Par?metro</SimpleData>
            <SimpleData name="Plantado">SI</SimpleData>
            <SimpleData name="Fecha_Plan">2026/06/17</SimpleData>
            <SimpleData name="Jornales">0.00000000000</SimpleData>
            <SimpleData name="Monto">0.00000000000</SimpleData>
            <SimpleData name="Grupo_de_p">G-GN-XX-XX-XX</SimpleData>
            <SimpleData name="Estado_del">Activo</SimpleData>
            <SimpleData name="Empresa">Red Forestal Paraguay SA</SimpleData>
            <SimpleData name="Lote">G</SimpleData>
            <SimpleData name="Parametro">0.00000000000</SimpleData>
            <SimpleData name="Sup_SIG">0.92004966561</SimpleData>
            <SimpleData name="X">-55.88128537000</SimpleData>
            <SimpleData name="Y">-24.52806776000</SimpleData>
            <SimpleData name="cedula">6970264</SimpleData>
            <SimpleData name="Cédula_1">6970264.00000000000</SimpleData>
            <SimpleData name="Estado_d_1">Activo</SimpleData>
            <SimpleData name="OBJECTID_1">8487</SimpleData>
            <SimpleData name="Shape_Leng">480.90342843400</SimpleData>
            <SimpleData name="Shape_Area">9200.49665608000</SimpleData>
          </SchemaData>
        </ExtendedData>
        <Polygon>
          <outerBoundaryIs>
            <LinearRing>
              <coordinates>
                -55.8804312996958,-24.528515399427,0
                -55.8807949995231,-24.5288166998785,0
                -55.8821155999631,-24.527623399774,0
                -55.8818383996255,-24.5272903005985,0
                -55.8804312996958,-24.528515399427,0
              </coordinates>
            </LinearRing>
          </outerBoundaryIs>
        </Polygon>
      </Placemark>
      <Placemark id="Lote_G.262">
        <ExtendedData>
          <SchemaData schemaUrl="#Lote_G.schema">
            <SimpleData name="Cédula">7279420.00000000000</SimpleData>
            <SimpleData name="Nombres_y_">AUDELINA VEGA</SimpleData>
            <SimpleData name="Sexo">Mujer</SimpleData>
            <SimpleData name="Cambio_de_">NO</SimpleData>
            <SimpleData name="Titular_se">NO</SimpleData>
            <SimpleData name="ci_UNIF">7279420.00000000000</SimpleData>
            <SimpleData name="Situación">NO</SimpleData>
            <SimpleData name="Comunidad">Campesina</SimpleData>
            <SimpleData name="Modelo_imp">Modelo 3</SimpleData>
            <SimpleData name="Departamen">CANINDEYU</SimpleData>
            <SimpleData name="Distrito">YASY CA?Y</SimpleData>
            <SimpleData name="Localidad">MANDUARA 6TA LINEA</SimpleData>
            <SimpleData name="Teléfono">0982115216</SimpleData>
            <SimpleData name="Vivienda_L">-24.45374070000</SimpleData>
            <SimpleData name="Vivienda_1">-55.89172830000</SimpleData>
            <SimpleData name="Superficie">1.00000000000</SimpleData>
            <SimpleData name="Situaci_1">Par?metro</SimpleData>
            <SimpleData name="Plantado">SI</SimpleData>
            <SimpleData name="Fecha_Plan">2026/07/18</SimpleData>
            <SimpleData name="Jornales">0.00000000000</SimpleData>
            <SimpleData name="Monto">0.00000000000</SimpleData>
            <SimpleData name="Grupo_de_p">G-GN-XX-XX-XX</SimpleData>
            <SimpleData name="Estado_del">Activo</SimpleData>
            <SimpleData name="Empresa">Red Forestal Paraguay SA</SimpleData>
            <SimpleData name="Lote">G</SimpleData>
            <SimpleData name="Parametro">0.00000000000</SimpleData>
            <SimpleData name="Sup_SIG">1.00000063304</SimpleData>
            <SimpleData name="X">-55.89108380000</SimpleData>
            <SimpleData name="Y">-24.45290590000</SimpleData>
            <SimpleData name="cedula">7279420</SimpleData>
            <SimpleData name="Cédula_1">7279420.00000000000</SimpleData>
            <SimpleData name="Estado_d_1">Activo</SimpleData>
            <SimpleData name="OBJECTID_1">5211</SimpleData>
            <SimpleData name="Shape_Leng">430.56167216000</SimpleData>
            <SimpleData name="Shape_Area">10000.00633040000</SimpleData>
          </SchemaData>
        </ExtendedData>
        <Polygon>
          <outerBoundaryIs>
            <LinearRing>
              <coordinates>
                -55.8903667001177,-24.4526600004101,0
                -55.8913466999042,-24.4536110000485,0
                -55.8918116001982,-24.4531795997738,0
                -55.8908150004587,-24.4521867001925,0
                -55.8903667001177,-24.4526600004101,0
              </coordinates>
            </LinearRing>
          </outerBoundaryIs>
        </Polygon>
      </Placemark>
      <Placemark id="Lote_G.263">
        <ExtendedData>
          <SchemaData schemaUrl="#Lote_G.schema">
            <SimpleData name="Cédula">3766096.00000000000</SimpleData>
            <SimpleData name="Nombres_y_">ROQUE LOPEZ BENITEZ</SimpleData>
            <SimpleData name="Sexo">Hombre</SimpleData>
            <SimpleData name="Cambio_de_">NO</SimpleData>
            <SimpleData name="Titular_se">NO</SimpleData>
            <SimpleData name="ci_UNIF">3766096.00000000000</SimpleData>
            <SimpleData name="Situación">NO</SimpleData>
            <SimpleData name="Comunidad">Campesina</SimpleData>
            <SimpleData name="Modelo_imp">Modelo 3</SimpleData>
            <SimpleData name="Departamen">CANINDEYU</SimpleData>
            <SimpleData name="Distrito">YASY CA?Y</SimpleData>
            <SimpleData name="Localidad">SANTO DOMINGO (yasy ka?y)</SimpleData>
            <SimpleData name="Teléfono">0986680981</SimpleData>
            <SimpleData name="Vivienda_L">-24.46729870000</SimpleData>
            <SimpleData name="Vivienda_1">-55.85041850000</SimpleData>
            <SimpleData name="Superficie">0.70000000000</SimpleData>
            <SimpleData name="Situaci_1">Par?metro</SimpleData>
            <SimpleData name="Plantado">SI</SimpleData>
            <SimpleData name="Fecha_Plan">2026/07/18</SimpleData>
            <SimpleData name="Jornales">0.00000000000</SimpleData>
            <SimpleData name="Monto">0.00000000000</SimpleData>
            <SimpleData name="Grupo_de_p">G-GN-XX-XX-XX</SimpleData>
            <SimpleData name="Estado_del">Activo</SimpleData>
            <SimpleData name="Empresa">Red Forestal Paraguay SA</SimpleData>
            <SimpleData name="Lote">G</SimpleData>
            <SimpleData name="Parametro">0.00000000000</SimpleData>
            <SimpleData name="Sup_SIG">0.99823562273</SimpleData>
            <SimpleData name="X">-55.84560971000</SimpleData>
            <SimpleData name="Y">-24.47071146000</SimpleData>
            <SimpleData name="cedula">3766096</SimpleData>
            <SimpleData name="Cédula_1">3766096.00000000000</SimpleData>
            <SimpleData name="Estado_d_1">Activo</SimpleData>
            <SimpleData name="OBJECTID_1">5226</SimpleData>
            <SimpleData name="Shape_Leng">400.24379091600</SimpleData>
            <SimpleData name="Shape_Area">9982.35622726000</SimpleData>
          </SchemaData>
        </ExtendedData>
        <Polygon>
          <outerBoundaryIs>
            <LinearRing>
              <coordinates>
                -55.845053400358,-24.4711495003893,0
                -55.8460599995307,-24.4711717002018,0
                -55.8461482996123,-24.4703032999788,0
                -55.8452075999719,-24.4702058999545,0
                -55.845053400358,-24.4711495003893,0
              </coordinates>
            </LinearRing>
          </outerBoundaryIs>
        </Polygon>
      </Placemark>
      <Placemark id="Lote_G.264">
        <ExtendedData>
          <SchemaData schemaUrl="#Lote_G.schema">
            <SimpleData name="Cédula">6730178.00000000000</SimpleData>
            <SimpleData name="Nombres_y_">NANCY SINTHIA CABRAL GARCETE</SimpleData>
            <SimpleData name="Sexo">Mujer</SimpleData>
            <SimpleData name="Cambio_de_">NO</SimpleData>
            <SimpleData name="Titular_se">NO</SimpleData>
            <SimpleData name="ci_UNIF">6730178.00000000000</SimpleData>
            <SimpleData name="Situación">NO</SimpleData>
            <SimpleData name="Comunidad">Ind?gena</SimpleData>
            <SimpleData name="Modelo_imp">Modelo 5</SimpleData>
            <SimpleData name="Departamen">CANINDEYU</SimpleData>
            <SimpleData name="Distrito">YASY CA?Y</SimpleData>
            <SimpleData name="Localidad">COM INDIG TAJY POTY</SimpleData>
            <SimpleData name="Teléfono">ND</SimpleData>
            <SimpleData name="Vivienda_L">-24.38313380000</SimpleData>
            <SimpleData name="Vivienda_1">-55.95910880000</SimpleData>
            <SimpleData name="Superficie">0.70000000000</SimpleData>
            <SimpleData name="Situaci_1">Par?metro</SimpleData>
            <SimpleData name="Plantado">SI</SimpleData>
            <SimpleData name="Fecha_Plan">2026/07/18</SimpleData>
            <SimpleData name="Jornales">0.00000000000</SimpleData>
            <SimpleData name="Monto">0.00000000000</SimpleData>
            <SimpleData name="Grupo_de_p">G-GN-XX-XX-XX</SimpleData>
            <SimpleData name="Estado_del">Activo</SimpleData>
            <SimpleData name="Empresa">Red Forestal Paraguay SA</SimpleData>
            <SimpleData name="Lote">G</SimpleData>
            <SimpleData name="Parametro">0.00000000000</SimpleData>
            <SimpleData name="Sup_SIG">0.76538860327</SimpleData>
            <SimpleData name="X">-55.95979213000</SimpleData>
            <SimpleData name="Y">-24.38279067000</SimpleData>
            <SimpleData name="cedula">6730178</SimpleData>
            <SimpleData name="Cédula_1">6730178.00000000000</SimpleData>
            <SimpleData name="Estado_d_1">Activo</SimpleData>
            <SimpleData name="OBJECTID_1">5272</SimpleData>
            <SimpleData name="Shape_Leng">482.94830729000</SimpleData>
            <SimpleData name="Shape_Area">7653.88603270000</SimpleData>
          </SchemaData>
        </ExtendedData>
        <Polygon>
          <outerBoundaryIs>
            <LinearRing>
              <coordinates>
                -55.9592666004445,-24.3828352997644,0
                -55.9593414998137,-24.3833636996559,0
                -55.9601192002653,-24.3832761001408,0
                -55.960063299865,-24.3827334998939,0
                -55.9601867996063,-24.3827007997038,0
                -55.9600611999217,-24.3819687000063,0
                -55.959664000011,-24.3820517004473,0
                -55.9599217004602,-24.3827382995602,0
                -55.9592666004445,-24.3828352997644,0
              </coordinates>
            </LinearRing>
          </outerBoundaryIs>
        </Polygon>
      </Placemark>
      <Placemark id="Lote_G.265">
        <ExtendedData>
          <SchemaData schemaUrl="#Lote_G.schema">
            <SimpleData name="Cédula">6775775.00000000000</SimpleData>
            <SimpleData name="Nombres_y_">OTILIA SOSA PORTILLO</SimpleData>
            <SimpleData name="Sexo">Mujer</SimpleData>
            <SimpleData name="Cambio_de_">NO</SimpleData>
            <SimpleData name="Titular_se">NO</SimpleData>
            <SimpleData name="ci_UNIF">6775775.00000000000</SimpleData>
            <SimpleData name="Situación">NO</SimpleData>
            <SimpleData name="Comunidad">Ind?gena</SimpleData>
            <SimpleData name="Modelo_imp">Modelo 5</SimpleData>
            <SimpleData name="Departamen">CANINDEYU</SimpleData>
            <SimpleData name="Distrito">YASY CA?Y</SimpleData>
            <SimpleData name="Localidad">COM INDIG JOYVY</SimpleData>
            <SimpleData name="Teléfono">0986972165</SimpleData>
            <SimpleData name="Vivienda_L">-24.48804670000</SimpleData>
            <SimpleData name="Vivienda_1">-55.95048170000</SimpleData>
            <SimpleData name="Superficie">0.70000000000</SimpleData>
            <SimpleData name="Situaci_1">Par?metro</SimpleData>
            <SimpleData name="Plantado">SI</SimpleData>
            <SimpleData name="Fecha_Plan">2026/07/15</SimpleData>
            <SimpleData name="Jornales">0.00000000000</SimpleData>
            <SimpleData name="Monto">0.00000000000</SimpleData>
            <SimpleData name="Grupo_de_p">G-GN-XX-XX-XX</SimpleData>
            <SimpleData name="Estado_del">Activo</SimpleData>
            <SimpleData name="Empresa">Red Forestal Paraguay SA</SimpleData>
            <SimpleData name="Lote">G</SimpleData>
            <SimpleData name="Parametro">0.00000000000</SimpleData>
            <SimpleData name="Sup_SIG">0.72424144286</SimpleData>
            <SimpleData name="X">-55.95447733000</SimpleData>
            <SimpleData name="Y">-24.48681267000</SimpleData>
            <SimpleData name="cedula">6775775</SimpleData>
            <SimpleData name="Cédula_1">6775775.00000000000</SimpleData>
            <SimpleData name="Estado_d_1">Activo</SimpleData>
            <SimpleData name="OBJECTID_1">5264</SimpleData>
            <SimpleData name="Shape_Leng">366.52488942200</SimpleData>
            <SimpleData name="Shape_Area">7242.41442856000</SimpleData>
          </SchemaData>
        </ExtendedData>
        <Polygon>
          <outerBoundaryIs>
            <LinearRing>
              <coordinates>
                -55.9549731702088,-24.487269263253,0
                -55.9549800620783,-24.4872714232234,0
                -55.9551058998431,-24.4867103998951,0
                -55.9539432999517,-24.486388300193,0
                -55.953816100406,-24.4868563995965,0
                -55.9549731702088,-24.487269263253,0
              </coordinates>
            </LinearRing>
          </outerBoundaryIs>
        </Polygon>
      </Placemark>
      <Placemark id="Lote_G.266">
        <ExtendedData>
          <SchemaData schemaUrl="#Lote_G.schema">
            <SimpleData name="Cédula">5841917.00000000000</SimpleData>
            <SimpleData name="Nombres_y_">ISABEL OLIVEIRA VERA</SimpleData>
            <SimpleData name="Sexo">Mujer</SimpleData>
            <SimpleData name="Cambio_de_">NO</SimpleData>
            <SimpleData name="Titular_se">NO</SimpleData>
            <SimpleData name="ci_UNIF">5841917.00000000000</SimpleData>
            <SimpleData name="Situación">NO</SimpleData>
            <SimpleData name="Comunidad">Ind?gena</SimpleData>
            <SimpleData name="Modelo_imp">Modelo 4</SimpleData>
            <SimpleData name="Departamen">CANINDEYU</SimpleData>
            <SimpleData name="Distrito">YBY PYTA</SimpleData>
            <SimpleData name="Localidad">COM INDIG YRYAPU</SimpleData>
            <SimpleData name="Teléfono">0986941703</SimpleData>
            <SimpleData name="Vivienda_L">-24.32333610000</SimpleData>
            <SimpleData name="Vivienda_1">-55.32579530000</SimpleData>
            <SimpleData name="Superficie">0.70000000000</SimpleData>
            <SimpleData name="Situaci_1">Par?metro</SimpleData>
            <SimpleData name="Plantado">SI</SimpleData>
            <SimpleData name="Fecha_Plan">2026/07/13</SimpleData>
            <SimpleData name="Jornales">0.00000000000</SimpleData>
            <SimpleData name="Monto">0.00000000000</SimpleData>
            <SimpleData name="Grupo_de_p">G-GN-XX-XX-XX</SimpleData>
            <SimpleData name="Estado_del">Activo</SimpleData>
            <SimpleData name="Empresa">Red Forestal Paraguay SA</SimpleData>
            <SimpleData name="Lote">G</SimpleData>
            <SimpleData name="Parametro">0.00000000000</SimpleData>
            <SimpleData name="Sup_SIG">0.70818197870</SimpleData>
            <SimpleData name="X">-55.32423166000</SimpleData>
            <SimpleData name="Y">-24.32545035000</SimpleData>
            <SimpleData name="cedula">5841917</SimpleData>
            <SimpleData name="Cédula_1">5841917.00000000000</SimpleData>
            <SimpleData name="Estado_d_1">Activo</SimpleData>
            <SimpleData name="OBJECTID_1">5314</SimpleData>
            <SimpleData name="Shape_Leng">389.25365480400</SimpleData>
            <SimpleData name="Shape_Area">7081.81978704000</SimpleData>
          </SchemaData>
        </ExtendedData>
        <Polygon>
          <outerBoundaryIs>
            <LinearRing>
              <coordinates>
                -55.3234666997164,-24.3256100003388,0
                -55.3247616002376,-24.325740100046,0
                -55.3250149998905,-24.325218099557,0
                -55.3235079998084,-24.3252436002988,0
                -55.3234666997164,-24.3256100003388,0
              </coordinates>
            </LinearRing>
          </outerBoundaryIs>
        </Polygon>
      </Placemark>
      <Placemark id="Lote_G.267">
        <ExtendedData>
          <SchemaData schemaUrl="#Lote_G.schema">
            <SimpleData name="Cédula">1963733.00000000000</SimpleData>
            <SimpleData name="Nombres_y_">PETRONA PIRIS</SimpleData>
            <SimpleData name="Sexo">Mujer</SimpleData>
            <SimpleData name="Cambio_de_">NO</SimpleData>
            <SimpleData name="Titular_se">NO</SimpleData>
            <SimpleData name="ci_UNIF">1963733.00000000000</SimpleData>
            <SimpleData name="Situación">NO</SimpleData>
            <SimpleData name="Comunidad">Ind?gena</SimpleData>
            <SimpleData name="Modelo_imp">Modelo 1</SimpleData>
            <SimpleData name="Departamen">CANINDEYU</SimpleData>
            <SimpleData name="Distrito">YASY CA?Y</SimpleData>
            <SimpleData name="Localidad">COM INDIG TEKOJOJA</SimpleData>
            <SimpleData name="Teléfono">0986918874</SimpleData>
            <SimpleData name="Vivienda_L">-24.55283580000</SimpleData>
            <SimpleData name="Vivienda_1">-55.76962550000</SimpleData>
            <SimpleData name="Superficie">0.80000000000</SimpleData>
            <SimpleData name="Situaci_1">Par?metro</SimpleData>
            <SimpleData name="Plantado">NO</SimpleData>
            <SimpleData name="Jornales">0.00000000000</SimpleData>
            <SimpleData name="Monto">0.00000000000</SimpleData>
            <SimpleData name="Grupo_de_p">G-GN-XX-XX-XX</SimpleData>
            <SimpleData name="Estado_del">Activo</SimpleData>
            <SimpleData name="Empresa">Red Forestal Paraguay SA</SimpleData>
            <SimpleData name="Lote">G</SimpleData>
            <SimpleData name="Parametro">0.00000000000</SimpleData>
            <SimpleData name="Sup_SIG">0.79676648384</SimpleData>
            <SimpleData name="X">-55.76628133000</SimpleData>
            <SimpleData name="Y">-24.55771403000</SimpleData>
            <SimpleData name="cedula">1963733</SimpleData>
            <SimpleData name="Cédula_1">1963733.00000000000</SimpleData>
            <SimpleData name="Estado_d_1">Activo</SimpleData>
            <SimpleData name="OBJECTID_1">5242</SimpleData>
            <SimpleData name="Shape_Leng">410.57608534800</SimpleData>
            <SimpleData name="Shape_Area">7967.66483843000</SimpleData>
          </SchemaData>
        </ExtendedData>
        <Polygon>
          <outerBoundaryIs>
            <LinearRing>
              <coordinates>
                -55.7657132995563,-24.5572522999561,0
                -55.7662194988875,-24.5582646997445,0
                -55.7664367002979,-24.5581532998985,0
                -55.7665855000198,-24.5583399999522,0
                -55.7668799993729,-24.5582700009301,0
                -55.7662549991518,-24.5570699998912,0
                -55.7657132995563,-24.5572522999561,0
              </coordinates>
            </LinearRing>
          </outerBoundaryIs>
        </Polygon>
      </Placemark>
      <Placemark id="Lote_G.268">
        <ExtendedData>
          <SchemaData schemaUrl="#Lote_G.schema">
            <SimpleData name="Cédula">4461878.00000000000</SimpleData>
            <SimpleData name="Nombres_y_">GLORIA RAQUEL ESCURRA CAZAL</SimpleData>
            <SimpleData name="Sexo">Mujer</SimpleData>
            <SimpleData name="Cambio_de_">NO</SimpleData>
            <SimpleData name="Titular_se">NO</SimpleData>
            <SimpleData name="ci_UNIF">4461878.00000000000</SimpleData>
            <SimpleData name="Situación">NO</SimpleData>
            <SimpleData name="Comunidad">Campesina</SimpleData>
            <SimpleData name="Modelo_imp">Modelo 5</SimpleData>
            <SimpleData name="Departamen">CANINDEYU</SimpleData>
            <SimpleData name="Distrito">YASY CA?Y</SimpleData>
            <SimpleData name="Localidad">SAN LUIS</SimpleData>
            <SimpleData name="Teléfono">0985647010</SimpleData>
            <SimpleData name="Vivienda_L">-24.51469540000</SimpleData>
            <SimpleData name="Vivienda_1">-55.89448510000</SimpleData>
            <SimpleData name="Superficie">0.70000000000</SimpleData>
            <SimpleData name="Situaci_1">Par?metro</SimpleData>
            <SimpleData name="Plantado">SI</SimpleData>
            <SimpleData name="Fecha_Plan">2026/06/15</SimpleData>
            <SimpleData name="Jornales">0.00000000000</SimpleData>
            <SimpleData name="Monto">0.00000000000</SimpleData>
            <SimpleData name="Grupo_de_p">G-GN-XX-XX-XX</SimpleData>
            <SimpleData name="Estado_del">Activo</SimpleData>
            <SimpleData name="Empresa">Red Forestal Paraguay SA</SimpleData>
            <SimpleData name="Lote">G</SimpleData>
            <SimpleData name="Parametro">0.00000000000</SimpleData>
            <SimpleData name="Sup_SIG">0.81208401465</SimpleData>
            <SimpleData name="X">-55.89671325000</SimpleData>
            <SimpleData name="Y">-24.51670326000</SimpleData>
            <SimpleData name="cedula">4461878</SimpleData>
            <SimpleData name="Cédula_1">4461878.00000000000</SimpleData>
            <SimpleData name="Estado_d_1">Activo</SimpleData>
            <SimpleData name="OBJECTID_1">8430</SimpleData>
            <SimpleData name="Shape_Leng">611.76496316800</SimpleData>
            <SimpleData name="Shape_Area">8120.84014646000</SimpleData>
          </SchemaData>
        </ExtendedData>
        <MultiGeometry>
          <Polygon>
            <outerBoundaryIs>
              <LinearRing>
                <coordinates>
                  -55.8970439995395,-24.5172460995863,0
                  -55.8973182990609,-24.5169800002273,0
                  -55.8963132995928,-24.516148300041,0
                  -55.8961099996697,-24.5163833000777,0
                  -55.8970439995395,-24.5172460995863,0
                </coordinates>
              </LinearRing>
            </outerBoundaryIs>
          </Polygon>
          <Polygon>
            <outerBoundaryIs>
              <LinearRing>
                <coordinates>
                  -55.8956568997614,-24.5157500006158,0
                  -55.8958781991619,-24.5155467001222,0
                  -55.895452498947,-24.5150973003974,0
                  -55.8953164988171,-24.5152298001632,0
                  -55.8950991997033,-24.5150581004757,0
                  -55.8949259994606,-24.515203100337,0
                  -55.8956568997614,-24.5157500006158,0
                </coordinates>
              </LinearRing>
            </outerBoundaryIs>
          </Polygon>
        </MultiGeometry>
      </Placemark>
      <Placemark id="Lote_G.269">
        <ExtendedData>
          <SchemaData schemaUrl="#Lote_G.schema">
            <SimpleData name="Cédula">4902263.00000000000</SimpleData>
            <SimpleData name="Nombres_y_">DELSSI RAMONA GARCIA ORTIZ</SimpleData>
            <SimpleData name="Sexo">Mujer</SimpleData>
            <SimpleData name="Cambio_de_">NO</SimpleData>
            <SimpleData name="Titular_se">NO</SimpleData>
            <SimpleData name="ci_UNIF">4902263.00000000000</SimpleData>
            <SimpleData name="Situación">NO</SimpleData>
            <SimpleData name="Comunidad">Campesina</SimpleData>
            <SimpleData name="Modelo_imp">Modelo 5</SimpleData>
            <SimpleData name="Departamen">CANINDEYU</SimpleData>
            <SimpleData name="Distrito">YASY CA?Y</SimpleData>
            <SimpleData name="Localidad">MANDUARA 5TA LINEA</SimpleData>
            <SimpleData name="Teléfono">0983874221</SimpleData>
            <SimpleData name="Vivienda_L">-24.40036810000</SimpleData>
            <SimpleData name="Vivienda_1">-55.94067220000</SimpleData>
            <SimpleData name="Superficie">0.70000000000</SimpleData>
            <SimpleData name="Situaci_1">Par?metro</SimpleData>
            <SimpleData name="Plantado">NO</SimpleData>
            <SimpleData name="Jornales">0.00000000000</SimpleData>
            <SimpleData name="Monto">0.00000000000</SimpleData>
            <SimpleData name="Grupo_de_p">G-GN-XX-XX-XX</SimpleData>
            <SimpleData name="Estado_del">Activo</SimpleData>
            <SimpleData name="Empresa">Red Forestal Paraguay SA</SimpleData>
            <SimpleData name="Lote">G</SimpleData>
            <SimpleData name="Parametro">0.00000000000</SimpleData>
            <SimpleData name="Sup_SIG">0.73135567786</SimpleData>
            <SimpleData name="X">-55.94603739000</SimpleData>
            <SimpleData name="Y">-24.40018995000</SimpleData>
            <SimpleData name="cedula">4902263</SimpleData>
            <SimpleData name="Cédula_1">4902263.00000000000</SimpleData>
            <SimpleData name="Estado_d_1">Activo</SimpleData>
            <SimpleData name="OBJECTID_1">7698</SimpleData>
            <SimpleData name="Shape_Leng">358.82752752100</SimpleData>
            <SimpleData name="Shape_Area">7313.55677859000</SimpleData>
          </SchemaData>
        </ExtendedData>
        <Polygon>
          <outerBoundaryIs>
            <LinearRing>
              <coordinates>
                -55.9456135999182,-24.4005966996917,0
                -55.9461708997559,-24.4008078006665,0
                -55.9464826990568,-24.3998000999575,0
                -55.945871799456,-24.3995832005098,0
                -55.9456135999182,-24.4005966996917,0
              </coordinates>
            </LinearRing>
          </outerBoundaryIs>
        </Polygon>
      </Placemark>
      <Placemark id="Lote_G.270">
        <ExtendedData>
          <SchemaData schemaUrl="#Lote_G.schema">
            <SimpleData name="Cédula">5808700.00000000000</SimpleData>
            <SimpleData name="Nombres_y_">FREDY VERA PIRIS</SimpleData>
            <SimpleData name="Sexo">Hombre</SimpleData>
            <SimpleData name="Cambio_de_">NO</SimpleData>
            <SimpleData name="Titular_se">NO</SimpleData>
            <SimpleData name="ci_UNIF">5808700.00000000000</SimpleData>
            <SimpleData name="Situación">NO</SimpleData>
            <SimpleData name="Comunidad">Ind?gena</SimpleData>
            <SimpleData name="Modelo_imp">Modelo 1</SimpleData>
            <SimpleData name="Departamen">CANINDEYU</SimpleData>
            <SimpleData name="Distrito">YASY CA?Y</SimpleData>
            <SimpleData name="Localidad">COM INDIG TEKOJOJA</SimpleData>
            <SimpleData name="Vivienda_L">-24.55428740000</SimpleData>
            <SimpleData name="Vivienda_1">-55.77065420000</SimpleData>
            <SimpleData name="Superficie">1.00000000000</SimpleData>
            <SimpleData name="Situaci_1">Parametro</SimpleData>
            <SimpleData name="Plantado">NO</SimpleData>
            <SimpleData name="Jornales">0.00000000000</SimpleData>
            <SimpleData name="Monto">0.00000000000</SimpleData>
            <SimpleData name="Grupo_de_p">G-GN-XX-XX-XX</SimpleData>
            <SimpleData name="Estado_del">Activo</SimpleData>
            <SimpleData name="Empresa">Red Forestal Paraguay SA</SimpleData>
            <SimpleData name="Lote">G</SimpleData>
            <SimpleData name="Parametro">0.00000000000</SimpleData>
            <SimpleData name="Sup_SIG">0.87404684774</SimpleData>
            <SimpleData name="X">-55.76935784000</SimpleData>
            <SimpleData name="Y">-24.55600066000</SimpleData>
            <SimpleData name="cedula">5808700</SimpleData>
            <SimpleData name="Cédula_1">5808700.00000000000</SimpleData>
            <SimpleData name="Estado_d_1">Activo</SimpleData>
            <SimpleData name="OBJECTID_1">6488</SimpleData>
            <SimpleData name="Shape_Leng">436.61240922000</SimpleData>
            <SimpleData name="Shape_Area">8740.46847743000</SimpleData>
          </SchemaData>
        </ExtendedData>
        <Polygon>
          <outerBoundaryIs>
            <LinearRing>
              <coordinates>
                -55.7687732990657,-24.5558517005393,0
                -55.7693803000739,-24.5566516003832,0
                -55.769642099453,-24.556343899887,0
                -55.7698483990125,-24.5564317993534,0
                -55.7700516996132,-24.5562867006983,0
                -55.7692684999191,-24.5554133005874,0
                -55.7690050996433,-24.5553818995706,0
                -55.7688533001136,-24.5554867001247,0
                -55.7690394002472,-24.5557723002547,0
                -55.7687732990657,-24.5558517005393,0
              </coordinates>
            </LinearRing>
          </outerBoundaryIs>
        </Polygon>
      </Placemark>
      <Placemark id="Lote_G.271">
        <ExtendedData>
          <SchemaData schemaUrl="#Lote_G.schema">
            <SimpleData name="Cédula">5850506.00000000000</SimpleData>
            <SimpleData name="Nombres_y_">ARMINDA QUI?ONES VELAZQUEZ</SimpleData>
            <SimpleData name="Sexo">Mujer</SimpleData>
            <SimpleData name="Cambio_de_">NO</SimpleData>
            <SimpleData name="Titular_se">NO</SimpleData>
            <SimpleData name="ci_UNIF">5850506.00000000000</SimpleData>
            <SimpleData name="Situación">NO</SimpleData>
            <SimpleData name="Comunidad">Campesina</SimpleData>
            <SimpleData name="Modelo_imp">Modelo 5</SimpleData>
            <SimpleData name="Departamen">CANINDEYU</SimpleData>
            <SimpleData name="Distrito">YASY CA?Y</SimpleData>
            <SimpleData name="Localidad">MANDUARA 4TA LINEA</SimpleData>
            <SimpleData name="Teléfono">0981346842</SimpleData>
            <SimpleData name="Vivienda_L">-24.42948110000</SimpleData>
            <SimpleData name="Vivienda_1">-55.95804440000</SimpleData>
            <SimpleData name="Superficie">0.70000000000</SimpleData>
            <SimpleData name="Situaci_1">Par?metro</SimpleData>
            <SimpleData name="Plantado">NO</SimpleData>
            <SimpleData name="Jornales">0.00000000000</SimpleData>
            <SimpleData name="Monto">0.00000000000</SimpleData>
            <SimpleData name="Grupo_de_p">G-GN-XX-XX-XX</SimpleData>
            <SimpleData name="Estado_del">Activo</SimpleData>
            <SimpleData name="Empresa">Red Forestal Paraguay SA</SimpleData>
            <SimpleData name="Lote">G</SimpleData>
            <SimpleData name="Parametro">0.00000000000</SimpleData>
            <SimpleData name="Sup_SIG">0.70193520686</SimpleData>
            <SimpleData name="X">-55.95168690000</SimpleData>
            <SimpleData name="Y">-24.42507714000</SimpleData>
            <SimpleData name="cedula">5850506</SimpleData>
            <SimpleData name="Cédula_1">5850506.00000000000</SimpleData>
            <SimpleData name="Estado_d_1">Activo</SimpleData>
            <SimpleData name="OBJECTID_1">5227</SimpleData>
            <SimpleData name="Shape_Leng">515.26770214200</SimpleData>
            <SimpleData name="Shape_Area">7019.35206862000</SimpleData>
          </SchemaData>
        </ExtendedData>
        <MultiGeometry>
          <Polygon>
            <outerBoundaryIs>
              <LinearRing>
                <coordinates>
                  -55.9578583995255,-24.4291250998082,0
                  -55.9579841987689,-24.4288765999431,0
                  -55.9572426987634,-24.4284095006299,0
                  -55.9570859000137,-24.4286946002039,0
                  -55.9578583995255,-24.4291250998082,0
                </coordinates>
              </LinearRing>
            </outerBoundaryIs>
          </Polygon>
          <Polygon>
            <outerBoundaryIs>
              <LinearRing>
                <coordinates>
                  -55.9518904985872,-24.4254818994548,0
                  -55.9521664989489,-24.4251257999854,0
                  -55.9514513992354,-24.4246734000995,0
                  -55.9512192994497,-24.4250207004094,0
                  -55.9518904985872,-24.4254818994548,0
                </coordinates>
              </LinearRing>
            </outerBoundaryIs>
          </Polygon>
        </MultiGeometry>
      </Placemark>
      <Placemark id="Lote_G.272">
        <ExtendedData>
          <SchemaData schemaUrl="#Lote_G.schema">
            <SimpleData name="Cédula">5916734.00000000000</SimpleData>
            <SimpleData name="Nombres_y_">CLARA LILIANA CENTURION MIRANDA</SimpleData>
            <SimpleData name="Sexo">Mujer</SimpleData>
            <SimpleData name="Cambio_de_">NO</SimpleData>
            <SimpleData name="Titular_se">NO</SimpleData>
            <SimpleData name="ci_UNIF">5916734.00000000000</SimpleData>
            <SimpleData name="Situación">NO</SimpleData>
            <SimpleData name="Comunidad">Campesina</SimpleData>
            <SimpleData name="Modelo_imp">Modelo 1</SimpleData>
            <SimpleData name="Departamen">CANINDEYU</SimpleData>
            <SimpleData name="Distrito">YASY CA?Y</SimpleData>
            <SimpleData name="Localidad"><![CDATA[MANDU'ARA 6TA. LINEA]]></SimpleData>
            <SimpleData name="Teléfono">983197544</SimpleData>
            <SimpleData name="Vivienda_L">-24.46133270000</SimpleData>
            <SimpleData name="Vivienda_1">-55.88337540000</SimpleData>
            <SimpleData name="Superficie">0.80000000000</SimpleData>
            <SimpleData name="Situaci_1">Parametro</SimpleData>
            <SimpleData name="Plantado">SI</SimpleData>
            <SimpleData name="Fecha_Plan">2026/07/03</SimpleData>
            <SimpleData name="Jornales">0.00000000000</SimpleData>
            <SimpleData name="Monto">0.00000000000</SimpleData>
            <SimpleData name="Grupo_de_p">G-GN-XX-XX-XX</SimpleData>
            <SimpleData name="Estado_del">Activo</SimpleData>
            <SimpleData name="Empresa">Red Forestal Paraguay SA</SimpleData>
            <SimpleData name="Lote">G</SimpleData>
            <SimpleData name="Parametro">0.00000000000</SimpleData>
            <SimpleData name="Sup_SIG">0.86427875587</SimpleData>
            <SimpleData name="X">-55.88659586000</SimpleData>
            <SimpleData name="Y">-24.46499599000</SimpleData>
            <SimpleData name="cedula">5916734</SimpleData>
            <SimpleData name="Cédula_1">5916734.00000000000</SimpleData>
            <SimpleData name="Estado_d_1">Activo</SimpleData>
            <SimpleData name="OBJECTID_1">8565</SimpleData>
            <SimpleData name="Shape_Leng">373.94117791700</SimpleData>
            <SimpleData name="Shape_Area">8642.78755868000</SimpleData>
          </SchemaData>
        </ExtendedData>
        <Polygon>
          <outerBoundaryIs>
            <LinearRing>
              <coordinates>
                -55.8859864001433,-24.4650448001966,0
                -55.8865517997162,-24.4656302001471,0
                -55.8872236994621,-24.4649161001116,0
                -55.8866049998234,-24.4643800000075,0
                -55.8859864001433,-24.4650448001966,0
              </coordinates>
            </LinearRing>
          </outerBoundaryIs>
        </Polygon>
      </Placemark>
      <Placemark id="Lote_G.273">
        <ExtendedData>
          <SchemaData schemaUrl="#Lote_G.schema">
            <SimpleData name="Cédula">6184846.00000000000</SimpleData>
            <SimpleData name="Nombres_y_">LEANDRA CABRERA SANABRIA</SimpleData>
            <SimpleData name="Sexo">Mujer</SimpleData>
            <SimpleData name="Cambio_de_">NO</SimpleData>
            <SimpleData name="Titular_se">NO</SimpleData>
            <SimpleData name="ci_UNIF">6184846.00000000000</SimpleData>
            <SimpleData name="Situación">NO</SimpleData>
            <SimpleData name="Comunidad">Ind?gena</SimpleData>
            <SimpleData name="Modelo_imp">Modelo 5</SimpleData>
            <SimpleData name="Departamen">CANINDEYU</SimpleData>
            <SimpleData name="Distrito">YASY CA?Y</SimpleData>
            <SimpleData name="Localidad">COM INDIG TEKOJOJA</SimpleData>
            <SimpleData name="Teléfono">0985445982</SimpleData>
            <SimpleData name="Vivienda_L">-24.55793850000</SimpleData>
            <SimpleData name="Vivienda_1">-55.76705410000</SimpleData>
            <SimpleData name="Superficie">0.70000000000</SimpleData>
            <SimpleData name="Situaci_1">Par?metro</SimpleData>
            <SimpleData name="Plantado">NO</SimpleData>
            <SimpleData name="Jornales">0.00000000000</SimpleData>
            <SimpleData name="Monto">0.00000000000</SimpleData>
            <SimpleData name="Grupo_de_p">G-GN-XX-XX-XX</SimpleData>
            <SimpleData name="Estado_del">Activo</SimpleData>
            <SimpleData name="Empresa">Red Forestal Paraguay SA</SimpleData>
            <SimpleData name="Lote">G</SimpleData>
            <SimpleData name="Parametro">0.00000000000</SimpleData>
            <SimpleData name="Sup_SIG">0.76817794399</SimpleData>
            <SimpleData name="X">-55.76683955000</SimpleData>
            <SimpleData name="Y">-24.55740790000</SimpleData>
            <SimpleData name="cedula">6184846</SimpleData>
            <SimpleData name="Cédula_1">6184846.00000000000</SimpleData>
            <SimpleData name="Estado_d_1">Activo</SimpleData>
            <SimpleData name="OBJECTID_1">5244</SimpleData>
            <SimpleData name="Shape_Leng">420.80931915700</SimpleData>
            <SimpleData name="Shape_Area">7681.77943988000</SimpleData>
          </SchemaData>
        </ExtendedData>
        <Polygon>
          <outerBoundaryIs>
            <LinearRing>
              <coordinates>
                -55.7662951995523,-24.5570648999928,0
                -55.7669366995768,-24.5582233007889,0
                -55.7671366995371,-24.55810669952,0
                -55.7669266988233,-24.557729999518,0
                -55.7673399994869,-24.5575016996135,0
                -55.7669632997443,-24.5568216998296,0
                -55.7662951995523,-24.5570648999928,0
              </coordinates>
            </LinearRing>
          </outerBoundaryIs>
        </Polygon>
      </Placemark>
      <Placemark id="Lote_G.274">
        <ExtendedData>
          <SchemaData schemaUrl="#Lote_G.schema">
            <SimpleData name="Cédula">6775031.00000000000</SimpleData>
            <SimpleData name="Nombres_y_">MILCIADES  GONZALEZ VERA</SimpleData>
            <SimpleData name="Sexo">Hombre</SimpleData>
            <SimpleData name="Cambio_de_">NO</SimpleData>
            <SimpleData name="Titular_se">NO</SimpleData>
            <SimpleData name="ci_UNIF">6775031.00000000000</SimpleData>
            <SimpleData name="Situación">NO</SimpleData>
            <SimpleData name="Comunidad">Ind?gena</SimpleData>
            <SimpleData name="Modelo_imp">Modelo 5</SimpleData>
            <SimpleData name="Departamen">CANINDEYU</SimpleData>
            <SimpleData name="Distrito">YASY CA?Y</SimpleData>
            <SimpleData name="Localidad">COM INDIG  TAKUA MIRI</SimpleData>
            <SimpleData name="Teléfono">984462658</SimpleData>
            <SimpleData name="Vivienda_L">-24.42059720000</SimpleData>
            <SimpleData name="Vivienda_1">-56.01743080000</SimpleData>
            <SimpleData name="Superficie">0.70000000000</SimpleData>
            <SimpleData name="Situaci_1">Par?metro</SimpleData>
            <SimpleData name="Plantado">SI</SimpleData>
            <SimpleData name="Fecha_Plan">2026/06/15</SimpleData>
            <SimpleData name="Jornales">0.00000000000</SimpleData>
            <SimpleData name="Monto">0.00000000000</SimpleData>
            <SimpleData name="Grupo_de_p">G-GN-XX-XX-XX</SimpleData>
            <SimpleData name="Estado_del">Activo</SimpleData>
            <SimpleData name="Empresa">Red Forestal Paraguay SA</SimpleData>
            <SimpleData name="Lote">G</SimpleData>
            <SimpleData name="Parametro">0.00000000000</SimpleData>
            <SimpleData name="Sup_SIG">0.72623177109</SimpleData>
            <SimpleData name="X">-56.01692801000</SimpleData>
            <SimpleData name="Y">-24.42050087000</SimpleData>
            <SimpleData name="cedula">6775031</SimpleData>
            <SimpleData name="Cédula_1">6775031.00000000000</SimpleData>
            <SimpleData name="Estado_d_1">Activo</SimpleData>
            <SimpleData name="OBJECTID_1">8547</SimpleData>
            <SimpleData name="Shape_Leng">342.94116648400</SimpleData>
            <SimpleData name="Shape_Area">7262.31771090000</SimpleData>
          </SchemaData>
        </ExtendedData>
        <Polygon>
          <outerBoundaryIs>
            <LinearRing>
              <coordinates>
                -56.0163591992682,-24.4205998006427,0
                -56.0168445990587,-24.4210753994389,0
                -56.0169752993009,-24.4209996004303,0
                -56.0174963997662,-24.4202899000969,0
                -56.0169822996823,-24.4199471007021,0
                -56.0163591992682,-24.4205998006427,0
              </coordinates>
            </LinearRing>
          </outerBoundaryIs>
        </Polygon>
      </Placemark>
      <Placemark id="Lote_G.275">
        <ExtendedData>
          <SchemaData schemaUrl="#Lote_G.schema">
            <SimpleData name="Cédula">6780511.00000000000</SimpleData>
            <SimpleData name="Nombres_y_">AIDA ESTER PIRIS GALEANO</SimpleData>
            <SimpleData name="Sexo">Mujer</SimpleData>
            <SimpleData name="Cambio_de_">NO</SimpleData>
            <SimpleData name="Titular_se">NO</SimpleData>
            <SimpleData name="ci_UNIF">6780511.00000000000</SimpleData>
            <SimpleData name="Situación">NO</SimpleData>
            <SimpleData name="Comunidad">Ind?gena</SimpleData>
            <SimpleData name="Modelo_imp">Modelo 1</SimpleData>
            <SimpleData name="Departamen">CANINDEYU</SimpleData>
            <SimpleData name="Distrito">YASY CA?Y</SimpleData>
            <SimpleData name="Localidad">COM INDIG TEKOJOJA</SimpleData>
            <SimpleData name="Teléfono">0984466326</SimpleData>
            <SimpleData name="Vivienda_L">-24.55690420000</SimpleData>
            <SimpleData name="Vivienda_1">-55.76920750000</SimpleData>
            <SimpleData name="Superficie">0.80000000000</SimpleData>
            <SimpleData name="Situaci_1">Par?metro</SimpleData>
            <SimpleData name="Plantado">NO</SimpleData>
            <SimpleData name="Jornales">0.00000000000</SimpleData>
            <SimpleData name="Monto">0.00000000000</SimpleData>
            <SimpleData name="Grupo_de_p">G-GN-XX-XX-XX</SimpleData>
            <SimpleData name="Estado_del">Activo</SimpleData>
            <SimpleData name="Empresa">Red Forestal Paraguay SA</SimpleData>
            <SimpleData name="Lote">G</SimpleData>
            <SimpleData name="Parametro">0.00000000000</SimpleData>
            <SimpleData name="Sup_SIG">0.88991409361</SimpleData>
            <SimpleData name="X">-55.76873567000</SimpleData>
            <SimpleData name="Y">-24.55641182000</SimpleData>
            <SimpleData name="cedula">6780511</SimpleData>
            <SimpleData name="Cédula_1">6780511.00000000000</SimpleData>
            <SimpleData name="Estado_d_1">Activo</SimpleData>
            <SimpleData name="OBJECTID_1">5243</SimpleData>
            <SimpleData name="Shape_Leng">458.24638209900</SimpleData>
            <SimpleData name="Shape_Area">8899.14093608000</SimpleData>
          </SchemaData>
        </ExtendedData>
        <Polygon>
          <outerBoundaryIs>
            <LinearRing>
              <coordinates>
                -55.7687436569715,-24.5569544721528,0
                -55.7688366907835,-24.556905807807,0
                -55.7691590003267,-24.5567081999911,0
                -55.7693825987885,-24.556979400206,0
                -55.7695641997773,-24.5568802994727,0
                -55.7687366998395,-24.5559117001602,0
                -55.7686046990977,-24.5559980995876,0
                -55.7684046998184,-24.5558403007065,0
                -55.7680116993485,-24.5560830005264,0
                -55.7687436569715,-24.5569544721528,0
              </coordinates>
            </LinearRing>
          </outerBoundaryIs>
        </Polygon>
      </Placemark>
      <Placemark id="Lote_G.276">
        <ExtendedData>
          <SchemaData schemaUrl="#Lote_G.schema">
            <SimpleData name="Cédula">7289775.00000000000</SimpleData>
            <SimpleData name="Nombres_y_">DARLENE SAUCEDO CABRERA</SimpleData>
            <SimpleData name="Sexo">Mujer</SimpleData>
            <SimpleData name="Cambio_de_">NO</SimpleData>
            <SimpleData name="Titular_se">NO</SimpleData>
            <SimpleData name="ci_UNIF">7289775.00000000000</SimpleData>
            <SimpleData name="Situación">NO</SimpleData>
            <SimpleData name="Comunidad">Ind?gena</SimpleData>
            <SimpleData name="Modelo_imp">Modelo 1</SimpleData>
            <SimpleData name="Departamen">CANINDEYU</SimpleData>
            <SimpleData name="Distrito">YASY CA?Y</SimpleData>
            <SimpleData name="Localidad">COM INDIG TEKOJOJA</SimpleData>
            <SimpleData name="Teléfono">0983992348</SimpleData>
            <SimpleData name="Vivienda_L">-24.54936500000</SimpleData>
            <SimpleData name="Vivienda_1">-55.76846570000</SimpleData>
            <SimpleData name="Superficie">0.80000000000</SimpleData>
            <SimpleData name="Situaci_1">Par?metro</SimpleData>
            <SimpleData name="Plantado">NO</SimpleData>
            <SimpleData name="Jornales">0.00000000000</SimpleData>
            <SimpleData name="Monto">0.00000000000</SimpleData>
            <SimpleData name="Grupo_de_p">G-GN-XX-XX-XX</SimpleData>
            <SimpleData name="Estado_del">Activo</SimpleData>
            <SimpleData name="Empresa">Red Forestal Paraguay SA</SimpleData>
            <SimpleData name="Lote">G</SimpleData>
            <SimpleData name="Parametro">0.00000000000</SimpleData>
            <SimpleData name="Sup_SIG">0.90944563441</SimpleData>
            <SimpleData name="X">-55.76729563000</SimpleData>
            <SimpleData name="Y">-24.55699529000</SimpleData>
            <SimpleData name="cedula">7289775</SimpleData>
            <SimpleData name="Cédula_1">7289775.00000000000</SimpleData>
            <SimpleData name="Estado_d_1">Activo</SimpleData>
            <SimpleData name="OBJECTID_1">5245</SimpleData>
            <SimpleData name="Shape_Leng">530.51231466000</SimpleData>
            <SimpleData name="Shape_Area">9094.45634411000</SimpleData>
          </SchemaData>
        </ExtendedData>
        <Polygon>
          <outerBoundaryIs>
            <LinearRing>
              <coordinates>
                -55.7673326998409,-24.557518900325,0
                -55.7675440994297,-24.5578741996157,0
                -55.7680428998544,-24.5576232004725,0
                -55.766845999241,-24.5560741001814,0
                -55.7667656999171,-24.5560530997986,0
                -55.7664850993688,-24.5561464997357,0
                -55.7669767991518,-24.5567978999829,0
                -55.7673684988103,-24.5575031003228,0
                -55.7673326998409,-24.557518900325,0
              </coordinates>
            </LinearRing>
          </outerBoundaryIs>
        </Polygon>
      </Placemark>
      <Placemark id="Lote_G.277">
        <ExtendedData>
          <SchemaData schemaUrl="#Lote_G.schema">
            <SimpleData name="Cédula">7325831.00000000000</SimpleData>
            <SimpleData name="Nombres_y_">MARLY SAUCEDO CABRERA</SimpleData>
            <SimpleData name="Sexo">Mujer</SimpleData>
            <SimpleData name="Cambio_de_">NO</SimpleData>
            <SimpleData name="Titular_se">NO</SimpleData>
            <SimpleData name="ci_UNIF">7325831.00000000000</SimpleData>
            <SimpleData name="Situación">NO</SimpleData>
            <SimpleData name="Comunidad">Ind?gena</SimpleData>
            <SimpleData name="Modelo_imp">Modelo 5</SimpleData>
            <SimpleData name="Departamen">CANINDEYU</SimpleData>
            <SimpleData name="Distrito">YASY CA?Y</SimpleData>
            <SimpleData name="Localidad">COM INDIG TEKOJOJA</SimpleData>
            <SimpleData name="Vivienda_L">-24.55003270000</SimpleData>
            <SimpleData name="Vivienda_1">-55.76864960000</SimpleData>
            <SimpleData name="Superficie">1.00000000000</SimpleData>
            <SimpleData name="Situaci_1">Parametro</SimpleData>
            <SimpleData name="Plantado">NO</SimpleData>
            <SimpleData name="Jornales">0.00000000000</SimpleData>
            <SimpleData name="Monto">0.00000000000</SimpleData>
            <SimpleData name="Grupo_de_p">G-GN-XX-XX-XX</SimpleData>
            <SimpleData name="Estado_del">Activo</SimpleData>
            <SimpleData name="Empresa">Red Forestal Paraguay SA</SimpleData>
            <SimpleData name="Lote">G</SimpleData>
            <SimpleData name="Parametro">0.00000000000</SimpleData>
            <SimpleData name="Sup_SIG">0.71391140102</SimpleData>
            <SimpleData name="X">-55.76798662000</SimpleData>
            <SimpleData name="Y">-24.55650696000</SimpleData>
            <SimpleData name="cedula">7325831</SimpleData>
            <SimpleData name="Cédula_1">7325831.00000000000</SimpleData>
            <SimpleData name="Estado_d_1">Activo</SimpleData>
            <SimpleData name="OBJECTID_1">6487</SimpleData>
            <SimpleData name="Shape_Leng">373.10913801200</SimpleData>
            <SimpleData name="Shape_Area">7139.11401024000</SimpleData>
          </SchemaData>
        </ExtendedData>
        <Polygon>
          <outerBoundaryIs>
            <LinearRing>
              <coordinates>
                -55.7673899994168,-24.5561560000088,0
                -55.7681354997573,-24.5571236002663,0
                -55.7685896997503,-24.5568733001699,0
                -55.7678297995824,-24.5558798002652,0
                -55.7673899994168,-24.5561560000088,0
              </coordinates>
            </LinearRing>
          </outerBoundaryIs>
        </Polygon>
      </Placemark>
      <Placemark id="Lote_G.278">
        <ExtendedData>
          <SchemaData schemaUrl="#Lote_G.schema">
            <SimpleData name="Cédula">7542046.00000000000</SimpleData>
            <SimpleData name="Nombres_y_">DIEGO BARRETO RIVAROLA</SimpleData>
            <SimpleData name="Sexo">Hombre</SimpleData>
            <SimpleData name="Cambio_de_">NO</SimpleData>
            <SimpleData name="Titular_se">NO</SimpleData>
            <SimpleData name="ci_UNIF">7542046.00000000000</SimpleData>
            <SimpleData name="Situación">NO</SimpleData>
            <SimpleData name="Comunidad">Ind?gena</SimpleData>
            <SimpleData name="Modelo_imp">Modelo 1</SimpleData>
            <SimpleData name="Departamen">CANINDEYU</SimpleData>
            <SimpleData name="Distrito">YASY CA?Y</SimpleData>
            <SimpleData name="Localidad">COM INDIG TEKOJOJA</SimpleData>
            <SimpleData name="Teléfono">0981661546</SimpleData>
            <SimpleData name="Vivienda_L">-24.54940390000</SimpleData>
            <SimpleData name="Vivienda_1">-55.76833740000</SimpleData>
            <SimpleData name="Superficie">0.80000000000</SimpleData>
            <SimpleData name="Situaci_1">Par?metro</SimpleData>
            <SimpleData name="Plantado">NO</SimpleData>
            <SimpleData name="Jornales">0.00000000000</SimpleData>
            <SimpleData name="Monto">0.00000000000</SimpleData>
            <SimpleData name="Grupo_de_p">G-GN-XX-XX-XX</SimpleData>
            <SimpleData name="Estado_del">Activo</SimpleData>
            <SimpleData name="Empresa">Red Forestal Paraguay SA</SimpleData>
            <SimpleData name="Lote">G</SimpleData>
            <SimpleData name="Parametro">0.00000000000</SimpleData>
            <SimpleData name="Sup_SIG">0.79781107060</SimpleData>
            <SimpleData name="X">-55.76744711000</SimpleData>
            <SimpleData name="Y">-24.55656542000</SimpleData>
            <SimpleData name="cedula">7542046</SimpleData>
            <SimpleData name="Cédula_1">7542046.00000000000</SimpleData>
            <SimpleData name="Estado_d_1">Activo</SimpleData>
            <SimpleData name="OBJECTID_1">5241</SimpleData>
            <SimpleData name="Shape_Leng">738.67234622100</SimpleData>
            <SimpleData name="Shape_Area">7978.11070596000</SimpleData>
          </SchemaData>
        </ExtendedData>
        <MultiGeometry>
          <Polygon>
            <outerBoundaryIs>
              <LinearRing>
                <coordinates>
                  -55.7686421993115,-24.5573817999785,0
                  -55.7691256999176,-24.5571026006539,0
                  -55.7690036000943,-24.5568185004504,0
                  -55.7688366907835,-24.556905807807,0
                  -55.7687436569715,-24.5569544721528,0
                  -55.7684143994568,-24.5571267005281,0
                  -55.7686421993115,-24.5573817999785,0
                </coordinates>
              </LinearRing>
            </outerBoundaryIs>
          </Polygon>
          <Polygon>
            <outerBoundaryIs>
              <LinearRing>
                <coordinates>
                  -55.7680128994221,-24.5571007999846,0
                  -55.7671117994396,-24.5559275004856,0
                  -55.7668778990799,-24.5560385002608,0
                  -55.7678082993981,-24.5572217003199,0
                  -55.7680128994221,-24.5571007999846,0
                </coordinates>
              </LinearRing>
            </outerBoundaryIs>
          </Polygon>
          <Polygon>
            <outerBoundaryIs>
              <LinearRing>
                <coordinates>
                  -55.7678099998056,-24.5558582999066,0
                  -55.7676374987322,-24.5556334007196,0
                  -55.7671968993157,-24.5558782999583,0
                  -55.7673640999912,-24.5561341002365,0
                  -55.7678099998056,-24.5558582999066,0
                </coordinates>
              </LinearRing>
            </outerBoundaryIs>
          </Polygon>
        </MultiGeometry>
      </Placemark>
      <Placemark id="Lote_G.279">
        <ExtendedData>
          <SchemaData schemaUrl="#Lote_G.schema">
            <SimpleData name="Cédula">1938736.00000000000</SimpleData>
            <SimpleData name="Nombres_y_">UBALDA  MORINIGO DE LEDEZMA</SimpleData>
            <SimpleData name="Sexo">Mujer</SimpleData>
            <SimpleData name="Cambio_de_">NO</SimpleData>
            <SimpleData name="Titular_se">NO</SimpleData>
            <SimpleData name="ci_UNIF">1938736.00000000000</SimpleData>
            <SimpleData name="Situación">NO</SimpleData>
            <SimpleData name="Comunidad">Campesina</SimpleData>
            <SimpleData name="Modelo_imp">Modelo 1</SimpleData>
            <SimpleData name="Departamen">CANINDEYU</SimpleData>
            <SimpleData name="Distrito">YBY PYTA</SimpleData>
            <SimpleData name="Localidad">BRITEZ KUE 1RA LINEA CAAGUAZU</SimpleData>
            <SimpleData name="Teléfono">985241565</SimpleData>
            <SimpleData name="Vivienda_L">-24.26225330000</SimpleData>
            <SimpleData name="Vivienda_1">-55.24177830000</SimpleData>
            <SimpleData name="Superficie">0.80000000000</SimpleData>
            <SimpleData name="Situaci_1">Parametro</SimpleData>
            <SimpleData name="Plantado">NO</SimpleData>
            <SimpleData name="Jornales">0.00000000000</SimpleData>
            <SimpleData name="Monto">0.00000000000</SimpleData>
            <SimpleData name="Grupo_de_p">G-GN-XX-XX-XX</SimpleData>
            <SimpleData name="Estado_del">Activo</SimpleData>
            <SimpleData name="Empresa">Red Forestal Paraguay SA</SimpleData>
            <SimpleData name="Lote">G</SimpleData>
            <SimpleData name="Parametro">0.00000000000</SimpleData>
            <SimpleData name="Sup_SIG">0.87413820717</SimpleData>
            <SimpleData name="X">-55.25082110000</SimpleData>
            <SimpleData name="Y">-24.25663888000</SimpleData>
            <SimpleData name="cedula">1938736</SimpleData>
            <SimpleData name="Cédula_1">1938736.00000000000</SimpleData>
            <SimpleData name="Estado_d_1">Activo</SimpleData>
            <SimpleData name="OBJECTID_1">6315</SimpleData>
            <SimpleData name="Shape_Leng">374.38108143400</SimpleData>
            <SimpleData name="Shape_Area">8741.38207172000</SimpleData>
          </SchemaData>
        </ExtendedData>
        <Polygon>
          <outerBoundaryIs>
            <LinearRing>
              <coordinates>
                -55.2503294002999,-24.2570221002927,0
                -55.2512260998837,-24.257122499915,0
                -55.2513000001382,-24.2562567002511,0
                -55.2504350007591,-24.2561449001158,0
                -55.2503294002999,-24.2570221002927,0
              </coordinates>
            </LinearRing>
          </outerBoundaryIs>
        </Polygon>
      </Placemark>
      <Placemark id="Lote_G.280">
        <ExtendedData>
          <SchemaData schemaUrl="#Lote_G.schema">
            <SimpleData name="Cédula">2325644.00000000000</SimpleData>
            <SimpleData name="Nombres_y_">CESAR VALDEZ</SimpleData>
            <SimpleData name="Sexo">Hombre</SimpleData>
            <SimpleData name="Cambio_de_">NO</SimpleData>
            <SimpleData name="Titular_se">NO</SimpleData>
            <SimpleData name="ci_UNIF">2325644.00000000000</SimpleData>
            <SimpleData name="Situación">NO</SimpleData>
            <SimpleData name="Comunidad">Campesina</SimpleData>
            <SimpleData name="Modelo_imp">Modelo 4</SimpleData>
            <SimpleData name="Departamen">CANINDEYU</SimpleData>
            <SimpleData name="Distrito">YASY CA?Y</SimpleData>
            <SimpleData name="Localidad">SANTO DOMINGO (yasy ka?y)</SimpleData>
            <SimpleData name="Teléfono">0986603015</SimpleData>
            <SimpleData name="Vivienda_L">-24.47268060000</SimpleData>
            <SimpleData name="Vivienda_1">-55.85070600000</SimpleData>
            <SimpleData name="Superficie">0.90000000000</SimpleData>
            <SimpleData name="Situaci_1">Par?metro</SimpleData>
            <SimpleData name="Plantado">NO</SimpleData>
            <SimpleData name="Jornales">0.00000000000</SimpleData>
            <SimpleData name="Monto">0.00000000000</SimpleData>
            <SimpleData name="Grupo_de_p">G-GN-XX-XX-XX</SimpleData>
            <SimpleData name="Estado_del">Activo</SimpleData>
            <SimpleData name="Empresa">Red Forestal Paraguay SA</SimpleData>
            <SimpleData name="Lote">G</SimpleData>
            <SimpleData name="Parametro">0.00000000000</SimpleData>
            <SimpleData name="Sup_SIG">0.69762716631</SimpleData>
            <SimpleData name="X">-55.84325001000</SimpleData>
            <SimpleData name="Y">-24.46326846000</SimpleData>
            <SimpleData name="cedula">2325644</SimpleData>
            <SimpleData name="Cédula_1">2325644.00000000000</SimpleData>
            <SimpleData name="Estado_d_1">Activo</SimpleData>
            <SimpleData name="OBJECTID_1">5225</SimpleData>
            <SimpleData name="Shape_Leng">344.58671030300</SimpleData>
            <SimpleData name="Shape_Area">6976.27166313000</SimpleData>
          </SchemaData>
        </ExtendedData>
        <Polygon>
          <outerBoundaryIs>
            <LinearRing>
              <coordinates>
                -55.8425516999689,-24.4632900001017,0
                -55.8432182999929,-24.4636882996317,0
                -55.8439139997282,-24.4633815992828,0
                -55.8433261001392,-24.4627830997138,0
                -55.8425516999689,-24.4632900001017,0
              </coordinates>
            </LinearRing>
          </outerBoundaryIs>
        </Polygon>
      </Placemark>
      <Placemark id="Lote_G.281">
        <ExtendedData>
          <SchemaData schemaUrl="#Lote_G.schema">
            <SimpleData name="Cédula">3193108.00000000000</SimpleData>
            <SimpleData name="Nombres_y_">PORFIRIO  RUIZ RUIZ</SimpleData>
            <SimpleData name="Sexo">Hombre</SimpleData>
            <SimpleData name="Cambio_de_">NO</SimpleData>
            <SimpleData name="Titular_se">NO</SimpleData>
            <SimpleData name="ci_UNIF">3193108.00000000000</SimpleData>
            <SimpleData name="Situación">NO</SimpleData>
            <SimpleData name="Comunidad">Campesina</SimpleData>
            <SimpleData name="Modelo_imp">Modelo 1</SimpleData>
            <SimpleData name="Departamen">CANINDEYU</SimpleData>
            <SimpleData name="Distrito">YASY CA?Y</SimpleData>
            <SimpleData name="Localidad"><![CDATA[MANDU'ARA 4TA. LINEA]]></SimpleData>
            <SimpleData name="Teléfono">983169404</SimpleData>
            <SimpleData name="Vivienda_L">-24.41142500000</SimpleData>
            <SimpleData name="Vivienda_1">-55.96526000000</SimpleData>
            <SimpleData name="Superficie">0.90000000000</SimpleData>
            <SimpleData name="Situaci_1">Parametro</SimpleData>
            <SimpleData name="Jornales">0.00000000000</SimpleData>
            <SimpleData name="Monto">0.00000000000</SimpleData>
            <SimpleData name="Grupo_de_p">G-GN-XX-XX-XX</SimpleData>
            <SimpleData name="Estado_del">Activo</SimpleData>
            <SimpleData name="Empresa">Red Forestal Paraguay SA</SimpleData>
            <SimpleData name="Lote">G</SimpleData>
            <SimpleData name="Parametro">0.00000000000</SimpleData>
            <SimpleData name="Sup_SIG">0.88819252884</SimpleData>
            <SimpleData name="X">-55.96694101000</SimpleData>
            <SimpleData name="Y">-24.41177268000</SimpleData>
            <SimpleData name="cedula">3193108</SimpleData>
            <SimpleData name="Cédula_1">3193108.00000000000</SimpleData>
            <SimpleData name="Estado_d_1">Activo</SimpleData>
            <SimpleData name="OBJECTID_1">6477</SimpleData>
            <SimpleData name="Shape_Leng">415.63994349500</SimpleData>
            <SimpleData name="Shape_Area">8881.92528836000</SimpleData>
          </SchemaData>
        </ExtendedData>
        <Polygon>
          <outerBoundaryIs>
            <LinearRing>
              <coordinates>
                -55.9662047997797,-24.4116500995126,0
                -55.9661688994636,-24.4120702004295,0
                -55.9675366998761,-24.4120714998742,0
                -55.9675915001134,-24.4113999998742,0
                -55.9668899996503,-24.4113933004815,0
                -55.9668651003079,-24.411541000414,0
                -55.9662047997797,-24.4116500995126,0
              </coordinates>
            </LinearRing>
          </outerBoundaryIs>
        </Polygon>
      </Placemark>
      <Placemark id="Lote_G.282">
        <ExtendedData>
          <SchemaData schemaUrl="#Lote_G.schema">
            <SimpleData name="Cédula">3735059.00000000000</SimpleData>
            <SimpleData name="Nombres_y_">NORMA MENDOZA PAREDES</SimpleData>
            <SimpleData name="Sexo">Mujer</SimpleData>
            <SimpleData name="Cambio_de_">NO</SimpleData>
            <SimpleData name="Titular_se">NO</SimpleData>
            <SimpleData name="ci_UNIF">3735059.00000000000</SimpleData>
            <SimpleData name="Situación">NO</SimpleData>
            <SimpleData name="Comunidad">Campesina</SimpleData>
            <SimpleData name="Modelo_imp">Modelo 6</SimpleData>
            <SimpleData name="Departamen">CANINDEYU</SimpleData>
            <SimpleData name="Distrito">YASY CA?Y</SimpleData>
            <SimpleData name="Localidad">SAN MIGUEL (yasy ka?y)</SimpleData>
            <SimpleData name="Teléfono">0983892342</SimpleData>
            <SimpleData name="Vivienda_L">-24.53742510000</SimpleData>
            <SimpleData name="Vivienda_1">-55.88413680000</SimpleData>
            <SimpleData name="Superficie">0.90000000000</SimpleData>
            <SimpleData name="Situaci_1">Par?metro</SimpleData>
            <SimpleData name="Plantado">SI</SimpleData>
            <SimpleData name="Fecha_Plan">2026/06/24</SimpleData>
            <SimpleData name="Jornales">0.00000000000</SimpleData>
            <SimpleData name="Monto">0.00000000000</SimpleData>
            <SimpleData name="Grupo_de_p">G-GN-XX-XX-XX</SimpleData>
            <SimpleData name="Estado_del">Activo</SimpleData>
            <SimpleData name="Empresa">Red Forestal Paraguay SA</SimpleData>
            <SimpleData name="Lote">G</SimpleData>
            <SimpleData name="Parametro">0.00000000000</SimpleData>
            <SimpleData name="Sup_SIG">0.96795119860</SimpleData>
            <SimpleData name="X">-55.88490025000</SimpleData>
            <SimpleData name="Y">-24.53874552000</SimpleData>
            <SimpleData name="cedula">3735059</SimpleData>
            <SimpleData name="Cédula_1">3735059.00000000000</SimpleData>
            <SimpleData name="Estado_d_1">Activo</SimpleData>
            <SimpleData name="OBJECTID_1">8462</SimpleData>
            <SimpleData name="Shape_Leng">623.56828673800</SimpleData>
            <SimpleData name="Shape_Area">9679.51198599000</SimpleData>
          </SchemaData>
        </ExtendedData>
        <Polygon>
          <outerBoundaryIs>
            <LinearRing>
              <coordinates>
                -55.8841907000148,-24.5377496001507,0
                -55.8843756996847,-24.5381292004814,0
                -55.8845967006438,-24.5380716998391,0
                -55.8849422998673,-24.5394996998381,0
                -55.8851450000468,-24.539911699823,0
                -55.8853099998931,-24.5398883006329,0
                -55.8853282001858,-24.5396190999167,0
                -55.8854611000977,-24.5394957003918,0
                -55.884603299968,-24.5375716998243,0
                -55.8841907000148,-24.5377496001507,0
              </coordinates>
            </LinearRing>
          </outerBoundaryIs>
        </Polygon>
      </Placemark>
      <Placemark id="Lote_G.283">
        <ExtendedData>
          <SchemaData schemaUrl="#Lote_G.schema">
            <SimpleData name="Cédula">4285835.00000000000</SimpleData>
            <SimpleData name="Nombres_y_">IDALINA BENITES MARTINES</SimpleData>
            <SimpleData name="Sexo">Mujer</SimpleData>
            <SimpleData name="Cambio_de_">NO</SimpleData>
            <SimpleData name="Titular_se">NO</SimpleData>
            <SimpleData name="ci_UNIF">4285835.00000000000</SimpleData>
            <SimpleData name="Situación">NO</SimpleData>
            <SimpleData name="Comunidad">Ind?gena</SimpleData>
            <SimpleData name="Modelo_imp">Modelo 4</SimpleData>
            <SimpleData name="Departamen">CANINDEYU</SimpleData>
            <SimpleData name="Distrito">YBY PYTA</SimpleData>
            <SimpleData name="Localidad">COM INDIG TEKOHA POTY PYAHU</SimpleData>
            <SimpleData name="Teléfono">0983124713</SimpleData>
            <SimpleData name="Vivienda_L">-24.26113140000</SimpleData>
            <SimpleData name="Vivienda_1">-55.22929260000</SimpleData>
            <SimpleData name="Superficie">0.70000000000</SimpleData>
            <SimpleData name="Situaci_1">Par?metro</SimpleData>
            <SimpleData name="Plantado">SI</SimpleData>
            <SimpleData name="Fecha_Plan">2025/12/09</SimpleData>
            <SimpleData name="Jornales">0.00000000000</SimpleData>
            <SimpleData name="Monto">0.00000000000</SimpleData>
            <SimpleData name="Grupo_de_p">G-GN-XX-XX-XX</SimpleData>
            <SimpleData name="Estado_del">Activo</SimpleData>
            <SimpleData name="Empresa">Red Forestal Paraguay SA</SimpleData>
            <SimpleData name="Lote">G</SimpleData>
            <SimpleData name="Parametro">0.00000000000</SimpleData>
            <SimpleData name="Sup_SIG">0.70150855809</SimpleData>
            <SimpleData name="X">-55.22476245000</SimpleData>
            <SimpleData name="Y">-24.25429963000</SimpleData>
            <SimpleData name="cedula">4285835</SimpleData>
            <SimpleData name="Cédula_1">4285835.00000000000</SimpleData>
            <SimpleData name="Estado_d_1">Activo</SimpleData>
            <SimpleData name="OBJECTID_1">8678</SimpleData>
            <SimpleData name="Shape_Leng">340.10911988800</SimpleData>
            <SimpleData name="Shape_Area">7015.08558091000</SimpleData>
          </SchemaData>
        </ExtendedData>
        <Polygon>
          <outerBoundaryIs>
            <LinearRing>
              <coordinates>
                -55.2243355003828,-24.2545947002118,0
                -55.2252279000093,-24.2547285007443,0
                -55.225165099942,-24.2540173007052,0
                -55.2243418995755,-24.2538415994669,0
                -55.2243355003828,-24.2545947002118,0
              </coordinates>
            </LinearRing>
          </outerBoundaryIs>
        </Polygon>
      </Placemark>
      <Placemark id="Lote_G.284">
        <ExtendedData>
          <SchemaData schemaUrl="#Lote_G.schema">
            <SimpleData name="Cédula">5345169.00000000000</SimpleData>
            <SimpleData name="Nombres_y_">MARIA RAMONA ZARACHO FRUTOS</SimpleData>
            <SimpleData name="Sexo">Mujer</SimpleData>
            <SimpleData name="Cambio_de_">NO</SimpleData>
            <SimpleData name="Titular_se">NO</SimpleData>
            <SimpleData name="ci_UNIF">5345169.00000000000</SimpleData>
            <SimpleData name="Situación">NO</SimpleData>
            <SimpleData name="Comunidad">Campesina</SimpleData>
            <SimpleData name="Modelo_imp">Modelo 5</SimpleData>
            <SimpleData name="Departamen">CANINDEYU</SimpleData>
            <SimpleData name="Distrito">YBY PYTA</SimpleData>
            <SimpleData name="Localidad">BRITEZ KUE</SimpleData>
            <SimpleData name="Teléfono">0982226684</SimpleData>
            <SimpleData name="Vivienda_L">-24.26237310000</SimpleData>
            <SimpleData name="Vivienda_1">-55.24084270000</SimpleData>
            <SimpleData name="Superficie">0.70000000000</SimpleData>
            <SimpleData name="Situaci_1">Par?metro</SimpleData>
            <SimpleData name="Plantado">NO</SimpleData>
            <SimpleData name="Jornales">0.00000000000</SimpleData>
            <SimpleData name="Monto">0.00000000000</SimpleData>
            <SimpleData name="Grupo_de_p">G-GN-XX-XX-XX</SimpleData>
            <SimpleData name="Estado_del">Activo</SimpleData>
            <SimpleData name="Empresa">Red Forestal Paraguay SA</SimpleData>
            <SimpleData name="Lote">G</SimpleData>
            <SimpleData name="Parametro">0.00000000000</SimpleData>
            <SimpleData name="Sup_SIG">0.74993457800</SimpleData>
            <SimpleData name="X">-55.24326197000</SimpleData>
            <SimpleData name="Y">-24.27888690000</SimpleData>
            <SimpleData name="cedula">5345169</SimpleData>
            <SimpleData name="Cédula_1">5345169.00000000000</SimpleData>
            <SimpleData name="Estado_d_1">Activo</SimpleData>
            <SimpleData name="OBJECTID_1">5329</SimpleData>
            <SimpleData name="Shape_Leng">404.96639598900</SimpleData>
            <SimpleData name="Shape_Area">7499.34578002000</SimpleData>
          </SchemaData>
        </ExtendedData>
        <Polygon>
          <outerBoundaryIs>
            <LinearRing>
              <coordinates>
                -55.2424819997607,-24.2790438996086,0
                -55.243975400618,-24.2791684001429,0
                -55.2440427004116,-24.2787192001945,0
                -55.2425201003811,-24.2786165998048,0
                -55.2424819997607,-24.2790438996086,0
              </coordinates>
            </LinearRing>
          </outerBoundaryIs>
        </Polygon>
      </Placemark>
      <Placemark id="Lote_G.285">
        <ExtendedData>
          <SchemaData schemaUrl="#Lote_G.schema">
            <SimpleData name="Cédula">5583347.00000000000</SimpleData>
            <SimpleData name="Nombres_y_">MERCEDES  BOGARIN NU EZ</SimpleData>
            <SimpleData name="Sexo">Mujer</SimpleData>
            <SimpleData name="Cambio_de_">NO</SimpleData>
            <SimpleData name="Titular_se">NO</SimpleData>
            <SimpleData name="Cédula_Ti">NO</SimpleData>
            <SimpleData name="ci_UNIF">0.00000000000</SimpleData>
            <SimpleData name="Situación">NO</SimpleData>
            <SimpleData name="Comunidad">Campesina</SimpleData>
            <SimpleData name="Modelo_imp">Modelo 5</SimpleData>
            <SimpleData name="Departamen">CANINDEYU</SimpleData>
            <SimpleData name="Distrito">YBY PYTA</SimpleData>
            <SimpleData name="Localidad">BRITEZ KUE 4 DE OCTUBRE</SimpleData>
            <SimpleData name="Teléfono">986903529</SimpleData>
            <SimpleData name="Vivienda_L">-24.29332830000</SimpleData>
            <SimpleData name="Vivienda_1">-55.26836000000</SimpleData>
            <SimpleData name="Superficie">0.70000000000</SimpleData>
            <SimpleData name="Situaci_1">Parametro</SimpleData>
            <SimpleData name="Plantado">NO</SimpleData>
            <SimpleData name="Jornales">0.00000000000</SimpleData>
            <SimpleData name="Monto">0.00000000000</SimpleData>
            <SimpleData name="Estado_del">Activo</SimpleData>
            <SimpleData name="Empresa">Red Forestal Paraguay SA</SimpleData>
            <SimpleData name="Lote">G</SimpleData>
            <SimpleData name="Parametro">0.00000000000</SimpleData>
            <SimpleData name="Sup_SIG">0.78824865338</SimpleData>
            <SimpleData name="X">-55.26385895000</SimpleData>
            <SimpleData name="Y">-24.29423912000</SimpleData>
            <SimpleData name="cedula">5583347</SimpleData>
            <SimpleData name="Cédula_1">5583347.00000000000</SimpleData>
            <SimpleData name="Estado_d_1">Activo</SimpleData>
            <SimpleData name="OBJECTID_1">6484</SimpleData>
            <SimpleData name="Shape_Leng">383.72954172200</SimpleData>
            <SimpleData name="Shape_Area">7882.48653383000</SimpleData>
          </SchemaData>
        </ExtendedData>
        <Polygon>
          <outerBoundaryIs>
            <LinearRing>
              <coordinates>
                -55.263563600316,-24.2948030000207,0
                -55.264173200672,-24.2948513999373,0
                -55.2641250003222,-24.2936082994597,0
                -55.2635552998092,-24.2936689000024,0
                -55.263563600316,-24.2948030000207,0
              </coordinates>
            </LinearRing>
          </outerBoundaryIs>
        </Polygon>
      </Placemark>
      <Placemark id="Lote_G.286">
        <ExtendedData>
          <SchemaData schemaUrl="#Lote_G.schema">
            <SimpleData name="Cédula">5808596.00000000000</SimpleData>
            <SimpleData name="Nombres_y_">ELENA DUARTE</SimpleData>
            <SimpleData name="Sexo">Mujer</SimpleData>
            <SimpleData name="Cambio_de_">NO</SimpleData>
            <SimpleData name="Titular_se">NO</SimpleData>
            <SimpleData name="ci_UNIF">5808596.00000000000</SimpleData>
            <SimpleData name="Situación">NO</SimpleData>
            <SimpleData name="Comunidad">Ind?gena</SimpleData>
            <SimpleData name="Modelo_imp">Modelo 6</SimpleData>
            <SimpleData name="Departamen">CANINDEYU</SimpleData>
            <SimpleData name="Distrito">YBY PYTA</SimpleData>
            <SimpleData name="Localidad">COM INDIG 12 DE JUNIO</SimpleData>
            <SimpleData name="Teléfono">0981427309</SimpleData>
            <SimpleData name="Vivienda_L">-24.33792630000</SimpleData>
            <SimpleData name="Vivienda_1">-55.34118730000</SimpleData>
            <SimpleData name="Superficie">0.90000000000</SimpleData>
            <SimpleData name="Situaci_1">Par?metro</SimpleData>
            <SimpleData name="Plantado">NO</SimpleData>
            <SimpleData name="Jornales">0.00000000000</SimpleData>
            <SimpleData name="Monto">0.00000000000</SimpleData>
            <SimpleData name="Grupo_de_p">G-GN-XX-XX-XX</SimpleData>
            <SimpleData name="Estado_del">Activo</SimpleData>
            <SimpleData name="Empresa">Red Forestal Paraguay SA</SimpleData>
            <SimpleData name="Lote">G</SimpleData>
            <SimpleData name="Parametro">0.00000000000</SimpleData>
            <SimpleData name="Sup_SIG">0.89556630419</SimpleData>
            <SimpleData name="X">-55.33909652000</SimpleData>
            <SimpleData name="Y">-24.33743103000</SimpleData>
            <SimpleData name="cedula">5808596</SimpleData>
            <SimpleData name="Cédula_1">5808596.00000000000</SimpleData>
            <SimpleData name="Estado_d_1">Activo</SimpleData>
            <SimpleData name="OBJECTID_1">5300</SimpleData>
            <SimpleData name="Shape_Leng">385.28307969900</SimpleData>
            <SimpleData name="Shape_Area">8955.66304186000</SimpleData>
          </SchemaData>
        </ExtendedData>
        <Polygon>
          <outerBoundaryIs>
            <LinearRing>
              <coordinates>
                -55.3386101000029,-24.3377334001814,0
                -55.3390739001333,-24.3379157001831,0
                -55.3396117001615,-24.3378649996751,0
                -55.3395922443164,-24.3376684277877,0
                -55.3395107025682,-24.3375556063143,0
                -55.3395603576423,-24.3371181966263,0
                -55.3392294992671,-24.3370563002078,0
                -55.3392175999798,-24.3368779997664,0
                -55.338693299774,-24.3369650004712,0
                -55.3386101000029,-24.3377334001814,0
              </coordinates>
            </LinearRing>
          </outerBoundaryIs>
        </Polygon>
      </Placemark>
      <Placemark id="Lote_G.287">
        <ExtendedData>
          <SchemaData schemaUrl="#Lote_G.schema">
            <SimpleData name="Cédula">5841912.00000000000</SimpleData>
            <SimpleData name="Nombres_y_">SILVIA DOMINGUEZ</SimpleData>
            <SimpleData name="Sexo">Mujer</SimpleData>
            <SimpleData name="Cambio_de_">NO</SimpleData>
            <SimpleData name="Titular_se">NO</SimpleData>
            <SimpleData name="ci_UNIF">5841912.00000000000</SimpleData>
            <SimpleData name="Situación">NO</SimpleData>
            <SimpleData name="Comunidad">Ind?gena</SimpleData>
            <SimpleData name="Modelo_imp">Modelo 1</SimpleData>
            <SimpleData name="Departamen">CANINDEYU</SimpleData>
            <SimpleData name="Distrito">YBY PYTA</SimpleData>
            <SimpleData name="Localidad">COM INDIG 12 DE JUNIO</SimpleData>
            <SimpleData name="Teléfono">0971845582</SimpleData>
            <SimpleData name="Vivienda_L">-24.33559510000</SimpleData>
            <SimpleData name="Vivienda_1">-55.33562800000</SimpleData>
            <SimpleData name="Superficie">0.80000000000</SimpleData>
            <SimpleData name="Situaci_1">Par?metro</SimpleData>
            <SimpleData name="Plantado">NO</SimpleData>
            <SimpleData name="Jornales">0.00000000000</SimpleData>
            <SimpleData name="Monto">0.00000000000</SimpleData>
            <SimpleData name="Grupo_de_p">G-GN-XX-XX-XX</SimpleData>
            <SimpleData name="Estado_del">Activo</SimpleData>
            <SimpleData name="Empresa">Red Forestal Paraguay SA</SimpleData>
            <SimpleData name="Lote">G</SimpleData>
            <SimpleData name="Parametro">0.00000000000</SimpleData>
            <SimpleData name="Sup_SIG">0.81085091797</SimpleData>
            <SimpleData name="X">-55.33588814000</SimpleData>
            <SimpleData name="Y">-24.33877748000</SimpleData>
            <SimpleData name="cedula">5841912</SimpleData>
            <SimpleData name="Cédula_1">5841912.00000000000</SimpleData>
            <SimpleData name="Estado_d_1">Activo</SimpleData>
            <SimpleData name="OBJECTID_1">5302</SimpleData>
            <SimpleData name="Shape_Leng">356.97243050100</SimpleData>
            <SimpleData name="Shape_Area">8108.50917973000</SimpleData>
          </SchemaData>
        </ExtendedData>
        <Polygon>
          <outerBoundaryIs>
            <LinearRing>
              <coordinates>
                -55.3352881006697,-24.3386782000925,0
                -55.3356849996954,-24.3392800004911,0
                -55.3365450001261,-24.3389599995904,0
                -55.3360217995169,-24.3382477999778,0
                -55.3354032999939,-24.3385416998221,0
                -55.3352881006697,-24.3386782000925,0
              </coordinates>
            </LinearRing>
          </outerBoundaryIs>
        </Polygon>
      </Placemark>
      <Placemark id="Lote_G.288">
        <ExtendedData>
          <SchemaData schemaUrl="#Lote_G.schema">
            <SimpleData name="Cédula">5957429.00000000000</SimpleData>
            <SimpleData name="Nombres_y_">DALILA ISABEL GALEANO ROMERO</SimpleData>
            <SimpleData name="Sexo">Mujer</SimpleData>
            <SimpleData name="Cambio_de_">NO</SimpleData>
            <SimpleData name="Titular_se">NO</SimpleData>
            <SimpleData name="ci_UNIF">5957429.00000000000</SimpleData>
            <SimpleData name="Situación">NO</SimpleData>
            <SimpleData name="Comunidad">Ind?gena</SimpleData>
            <SimpleData name="Modelo_imp">Modelo 5</SimpleData>
            <SimpleData name="Departamen">CANINDEYU</SimpleData>
            <SimpleData name="Distrito">YASY CA?Y</SimpleData>
            <SimpleData name="Localidad">COM INDIG KANINDE</SimpleData>
            <SimpleData name="Teléfono">ND</SimpleData>
            <SimpleData name="Vivienda_L">-24.41054920000</SimpleData>
            <SimpleData name="Vivienda_1">-55.99720250000</SimpleData>
            <SimpleData name="Superficie">0.70000000000</SimpleData>
            <SimpleData name="Situaci_1">Par?metro</SimpleData>
            <SimpleData name="Plantado">SI</SimpleData>
            <SimpleData name="Fecha_Plan">2026/07/04</SimpleData>
            <SimpleData name="Jornales">0.00000000000</SimpleData>
            <SimpleData name="Monto">0.00000000000</SimpleData>
            <SimpleData name="Grupo_de_p">G-GN-XX-XX-XX</SimpleData>
            <SimpleData name="Estado_del">Activo</SimpleData>
            <SimpleData name="Empresa">Red Forestal Paraguay SA</SimpleData>
            <SimpleData name="Lote">G</SimpleData>
            <SimpleData name="Parametro">0.00000000000</SimpleData>
            <SimpleData name="Sup_SIG">0.75407664676</SimpleData>
            <SimpleData name="X">-55.99837813000</SimpleData>
            <SimpleData name="Y">-24.41062709000</SimpleData>
            <SimpleData name="cedula">5957429</SimpleData>
            <SimpleData name="Cédula_1">5957429.00000000000</SimpleData>
            <SimpleData name="Estado_d_1">Activo</SimpleData>
            <SimpleData name="OBJECTID_1">8490</SimpleData>
            <SimpleData name="Shape_Leng">551.73428826200</SimpleData>
            <SimpleData name="Shape_Area">7540.76646755000</SimpleData>
          </SchemaData>
        </ExtendedData>
        <MultiGeometry>
          <Polygon>
            <outerBoundaryIs>
              <LinearRing>
                <coordinates>
                  -55.9978949991772,-24.4111516989632,0
                  -55.998437399748,-24.4109137998549,0
                  -55.9982469001381,-24.4107963994937,0
                  -55.9981784005133,-24.4107133993891,0
                  -55.9977178003018,-24.410806699315,0
                  -55.9978949991772,-24.4111516989632,0
                </coordinates>
              </LinearRing>
            </outerBoundaryIs>
          </Polygon>
          <Polygon>
            <outerBoundaryIs>
              <LinearRing>
                <coordinates>
                  -55.9977751003307,-24.4107584997319,0
                  -55.9981964999735,-24.4106613992103,0
                  -55.9990249997607,-24.4108182995291,0
                  -55.9990799992352,-24.4102383003895,0
                  -55.9977515998033,-24.4104432999048,0
                  -55.9977751003307,-24.4107584997319,0
                </coordinates>
              </LinearRing>
            </outerBoundaryIs>
          </Polygon>
        </MultiGeometry>
      </Placemark>
      <Placemark id="Lote_G.289">
        <ExtendedData>
          <SchemaData schemaUrl="#Lote_G.schema">
            <SimpleData name="Cédula">5957441.00000000000</SimpleData>
            <SimpleData name="Nombres_y_">WILZON TEODORO VERA BENITEZ</SimpleData>
            <SimpleData name="Sexo">Hombre</SimpleData>
            <SimpleData name="Cambio_de_">NO</SimpleData>
            <SimpleData name="Titular_se">NO</SimpleData>
            <SimpleData name="ci_UNIF">5957441.00000000000</SimpleData>
            <SimpleData name="Situación">NO</SimpleData>
            <SimpleData name="Comunidad">Ind?gena</SimpleData>
            <SimpleData name="Modelo_imp">Modelo 6</SimpleData>
            <SimpleData name="Departamen">CANINDEYU</SimpleData>
            <SimpleData name="Distrito">YASY CA?Y</SimpleData>
            <SimpleData name="Localidad">COM INDIG YVA VIJU</SimpleData>
            <SimpleData name="Teléfono">0984354723</SimpleData>
            <SimpleData name="Vivienda_L">-24.39804190000</SimpleData>
            <SimpleData name="Vivienda_1">-55.99940870000</SimpleData>
            <SimpleData name="Superficie">0.90000000000</SimpleData>
            <SimpleData name="Situaci_1">Par?metro</SimpleData>
            <SimpleData name="Plantado">NO</SimpleData>
            <SimpleData name="Jornales">0.00000000000</SimpleData>
            <SimpleData name="Monto">0.00000000000</SimpleData>
            <SimpleData name="Grupo_de_p">G-GN-XX-XX-XX</SimpleData>
            <SimpleData name="Estado_del">Activo</SimpleData>
            <SimpleData name="Empresa">Red Forestal Paraguay SA</SimpleData>
            <SimpleData name="Lote">G</SimpleData>
            <SimpleData name="Parametro">0.00000000000</SimpleData>
            <SimpleData name="Sup_SIG">0.90355427985</SimpleData>
            <SimpleData name="X">-55.99902509000</SimpleData>
            <SimpleData name="Y">-24.39706774000</SimpleData>
            <SimpleData name="cedula">5957441</SimpleData>
            <SimpleData name="Cédula_1">5957441.00000000000</SimpleData>
            <SimpleData name="Estado_d_1">Activo</SimpleData>
            <SimpleData name="OBJECTID_1">5252</SimpleData>
            <SimpleData name="Shape_Leng">550.08580056700</SimpleData>
            <SimpleData name="Shape_Area">9035.54279847000</SimpleData>
          </SchemaData>
        </ExtendedData>
        <MultiGeometry>
          <Polygon>
            <outerBoundaryIs>
              <LinearRing>
                <coordinates>
                  -55.9993666999768,-24.3992482994179,0
                  -55.9996516997542,-24.3991132999909,0
                  -55.9993514998154,-24.3985749994333,0
                  -55.999063199537,-24.3987304992369,0
                  -55.9993666999768,-24.3992482994179,0
                </coordinates>
              </LinearRing>
            </outerBoundaryIs>
          </Polygon>
          <Polygon>
            <outerBoundaryIs>
              <LinearRing>
                <coordinates>
                  -55.9993299999181,-24.3975732995469,0
                  -55.9996779994536,-24.397197799663,0
                  -55.9987517004931,-24.3965417001418,0
                  -55.9983799994748,-24.3969899991064,0
                  -55.9993299999181,-24.3975732995469,0
                </coordinates>
              </LinearRing>
            </outerBoundaryIs>
          </Polygon>
        </MultiGeometry>
      </Placemark>
      <Placemark id="Lote_G.290">
        <ExtendedData>
          <SchemaData schemaUrl="#Lote_G.schema">
            <SimpleData name="Cédula">5920650.00000000000</SimpleData>
            <SimpleData name="Nombres_y_">FELICIA VILLALBA NU?EZ</SimpleData>
            <SimpleData name="Sexo">Mujer</SimpleData>
            <SimpleData name="Cambio_de_">NO</SimpleData>
            <SimpleData name="Titular_se">NO</SimpleData>
            <SimpleData name="ci_UNIF">5920650.00000000000</SimpleData>
            <SimpleData name="Situación">NO</SimpleData>
            <SimpleData name="Comunidad">Campesina</SimpleData>
            <SimpleData name="Modelo_imp">Modelo 4</SimpleData>
            <SimpleData name="Departamen">CANINDEYU</SimpleData>
            <SimpleData name="Distrito">YASY CA?Y</SimpleData>
            <SimpleData name="Localidad">ACEPAR 3RA LINEA</SimpleData>
            <SimpleData name="Teléfono">0975258449</SimpleData>
            <SimpleData name="Vivienda_L">-24.61584690000</SimpleData>
            <SimpleData name="Vivienda_1">-55.82070080000</SimpleData>
            <SimpleData name="Superficie">0.70000000000</SimpleData>
            <SimpleData name="Situaci_1">Par?metro</SimpleData>
            <SimpleData name="Plantado">NO</SimpleData>
            <SimpleData name="Jornales">0.00000000000</SimpleData>
            <SimpleData name="Monto">0.00000000000</SimpleData>
            <SimpleData name="Grupo_de_p">G-GN-XX-XX-XX</SimpleData>
            <SimpleData name="Estado_del">Activo</SimpleData>
            <SimpleData name="Empresa">Red Forestal Paraguay SA</SimpleData>
            <SimpleData name="Lote">G</SimpleData>
            <SimpleData name="Parametro">0.00000000000</SimpleData>
            <SimpleData name="Sup_SIG">0.70816956378</SimpleData>
            <SimpleData name="X">-55.82074136000</SimpleData>
            <SimpleData name="Y">-24.61496171000</SimpleData>
            <SimpleData name="cedula">5920650</SimpleData>
            <SimpleData name="Cédula_1">5920650.00000000000</SimpleData>
            <SimpleData name="Estado_d_1">Activo</SimpleData>
            <SimpleData name="OBJECTID_1">5233</SimpleData>
            <SimpleData name="Shape_Leng">352.05760637300</SimpleData>
            <SimpleData name="Shape_Area">7081.69563783000</SimpleData>
          </SchemaData>
        </ExtendedData>
        <Polygon>
          <outerBoundaryIs>
            <LinearRing>
              <coordinates>
                -55.8201783993552,-24.6151249992971,0
                -55.8212486996709,-24.6153782002621,0
                -55.8212480993208,-24.6146875997405,0
                -55.8201616997655,-24.6146416995322,0
                -55.8201783993552,-24.6151249992971,0
              </coordinates>
            </LinearRing>
          </outerBoundaryIs>
        </Polygon>
      </Placemark>
      <Placemark id="Lote_G.291">
        <ExtendedData>
          <SchemaData schemaUrl="#Lote_G.schema">
            <SimpleData name="Cédula">6700860.00000000000</SimpleData>
            <SimpleData name="Nombres_y_">CARMEN LETICIA  GONZALEZ SANTACRUZ</SimpleData>
            <SimpleData name="Sexo">Mujer</SimpleData>
            <SimpleData name="Cambio_de_">NO</SimpleData>
            <SimpleData name="Titular_se">NO</SimpleData>
            <SimpleData name="ci_UNIF">6700860.00000000000</SimpleData>
            <SimpleData name="Situación">NO</SimpleData>
            <SimpleData name="Comunidad">Campesina</SimpleData>
            <SimpleData name="Modelo_imp">Modelo 4</SimpleData>
            <SimpleData name="Departamen">CANINDEYU</SimpleData>
            <SimpleData name="Distrito">YASY CA?Y</SimpleData>
            <SimpleData name="Localidad">NUEVA ALIANZA</SimpleData>
            <SimpleData name="Teléfono">976974018</SimpleData>
            <SimpleData name="Vivienda_L">-24.61622240000</SimpleData>
            <SimpleData name="Vivienda_1">-55.91381350000</SimpleData>
            <SimpleData name="Superficie">0.70000000000</SimpleData>
            <SimpleData name="Situaci_1">Parametro</SimpleData>
            <SimpleData name="Plantado">NO</SimpleData>
            <SimpleData name="Jornales">0.00000000000</SimpleData>
            <SimpleData name="Monto">0.00000000000</SimpleData>
            <SimpleData name="Grupo_de_p">G-GN-XX-XX-XX</SimpleData>
            <SimpleData name="Estado_del">Activo</SimpleData>
            <SimpleData name="Empresa">Red Forestal Paraguay SA</SimpleData>
            <SimpleData name="Lote">G</SimpleData>
            <SimpleData name="Parametro">0.00000000000</SimpleData>
            <SimpleData name="Sup_SIG">0.70346536485</SimpleData>
            <SimpleData name="X">-55.91885555000</SimpleData>
            <SimpleData name="Y">-24.61757788000</SimpleData>
            <SimpleData name="cedula">6700860</SimpleData>
            <SimpleData name="Cédula_1">6700860.00000000000</SimpleData>
            <SimpleData name="Estado_d_1">Activo</SimpleData>
            <SimpleData name="OBJECTID_1">6330</SimpleData>
            <SimpleData name="Shape_Leng">344.03433933500</SimpleData>
            <SimpleData name="Shape_Area">7034.65364854000</SimpleData>
          </SchemaData>
        </ExtendedData>
        <Polygon>
          <outerBoundaryIs>
            <LinearRing>
              <coordinates>
                -55.9183976992318,-24.6179576988099,0
                -55.9190438997939,-24.6181108995589,0
                -55.9193088994928,-24.6171877996531,0
                -55.9186704999577,-24.6170490995932,0
                -55.9183976992318,-24.6179576988099,0
              </coordinates>
            </LinearRing>
          </outerBoundaryIs>
        </Polygon>
      </Placemark>
      <Placemark id="Lote_G.292">
        <ExtendedData>
          <SchemaData schemaUrl="#Lote_G.schema">
            <SimpleData name="Cédula">5947521.00000000000</SimpleData>
            <SimpleData name="Nombres_y_">YANINA ROSANGELA GONZALEZ MARTINEZ</SimpleData>
            <SimpleData name="Sexo">Mujer</SimpleData>
            <SimpleData name="Cambio_de_">NO</SimpleData>
            <SimpleData name="Titular_se">NO</SimpleData>
            <SimpleData name="ci_UNIF">5947521.00000000000</SimpleData>
            <SimpleData name="Situación">NO</SimpleData>
            <SimpleData name="Comunidad">Campesina</SimpleData>
            <SimpleData name="Modelo_imp">Modelo 5</SimpleData>
            <SimpleData name="Departamen">CANINDEYU</SimpleData>
            <SimpleData name="Distrito">YBY PYTA</SimpleData>
            <SimpleData name="Localidad">BRITEZ KUE 1RA LINEA CAAGUAZU</SimpleData>
            <SimpleData name="Teléfono">976560002</SimpleData>
            <SimpleData name="Vivienda_L">-24.26517150000</SimpleData>
            <SimpleData name="Vivienda_1">-55.28520940000</SimpleData>
            <SimpleData name="Superficie">0.70000000000</SimpleData>
            <SimpleData name="Situaci_1">Par?metro</SimpleData>
            <SimpleData name="Plantado">NO</SimpleData>
            <SimpleData name="Jornales">0.00000000000</SimpleData>
            <SimpleData name="Monto">0.00000000000</SimpleData>
            <SimpleData name="Grupo_de_p">G-GN-XX-XX-XX</SimpleData>
            <SimpleData name="Estado_del">Activo</SimpleData>
            <SimpleData name="Empresa">Red Forestal Paraguay SA</SimpleData>
            <SimpleData name="Lote">G</SimpleData>
            <SimpleData name="Parametro">0.00000000000</SimpleData>
            <SimpleData name="Sup_SIG">0.76490016000</SimpleData>
            <SimpleData name="X">-55.28530529000</SimpleData>
            <SimpleData name="Y">-24.26646327000</SimpleData>
            <SimpleData name="cedula">5947521</SimpleData>
            <SimpleData name="Cédula_1">5947521.00000000000</SimpleData>
            <SimpleData name="Estado_d_1">Activo</SimpleData>
            <SimpleData name="OBJECTID_1">6297</SimpleData>
            <SimpleData name="Shape_Leng">417.53361169100</SimpleData>
            <SimpleData name="Shape_Area">7649.00159997000</SimpleData>
          </SchemaData>
        </ExtendedData>
        <Polygon>
          <outerBoundaryIs>
            <LinearRing>
              <coordinates>
                -55.2851266999211,-24.2656883002525,0
                -55.2850223005314,-24.2671750993762,0
                -55.2855317002089,-24.2671624000796,0
                -55.2855516998395,-24.2657432999899,0
                -55.2851266999211,-24.2656883002525,0
              </coordinates>
            </LinearRing>
          </outerBoundaryIs>
        </Polygon>
      </Placemark>
      <Placemark id="Lote_G.293">
        <ExtendedData>
          <SchemaData schemaUrl="#Lote_G.schema">
            <SimpleData name="Cédula">6642841.00000000000</SimpleData>
            <SimpleData name="Nombres_y_">CLAUDINA  CABRAL LARREA</SimpleData>
            <SimpleData name="Sexo">Mujer</SimpleData>
            <SimpleData name="Cambio_de_">NO</SimpleData>
            <SimpleData name="Titular_se">NO</SimpleData>
            <SimpleData name="ci_UNIF">6642841.00000000000</SimpleData>
            <SimpleData name="Situación">NO</SimpleData>
            <SimpleData name="Comunidad">Campesina</SimpleData>
            <SimpleData name="Modelo_imp">Modelo 5</SimpleData>
            <SimpleData name="Departamen">CANINDEYU</SimpleData>
            <SimpleData name="Distrito">YBY PYTA</SimpleData>
            <SimpleData name="Localidad">BRITEZ KUE 1RA LINEA CAAGUAZU</SimpleData>
            <SimpleData name="Teléfono">973830576</SimpleData>
            <SimpleData name="Vivienda_L">-24.26601980000</SimpleData>
            <SimpleData name="Vivienda_1">-55.29470460000</SimpleData>
            <SimpleData name="Superficie">0.70000000000</SimpleData>
            <SimpleData name="Situaci_1">Par?metro</SimpleData>
            <SimpleData name="Plantado">NO</SimpleData>
            <SimpleData name="Jornales">0.00000000000</SimpleData>
            <SimpleData name="Monto">0.00000000000</SimpleData>
            <SimpleData name="Grupo_de_p">G-GN-XX-XX-XX</SimpleData>
            <SimpleData name="Estado_del">Activo</SimpleData>
            <SimpleData name="Empresa">Red Forestal Paraguay SA</SimpleData>
            <SimpleData name="Lote">G</SimpleData>
            <SimpleData name="Parametro">0.00000000000</SimpleData>
            <SimpleData name="Sup_SIG">0.73121250701</SimpleData>
            <SimpleData name="X">-55.29354306000</SimpleData>
            <SimpleData name="Y">-24.21568675000</SimpleData>
            <SimpleData name="cedula">6642841</SimpleData>
            <SimpleData name="Cédula_1">6642841.00000000000</SimpleData>
            <SimpleData name="Estado_d_1">Activo</SimpleData>
            <SimpleData name="OBJECTID_1">6292</SimpleData>
            <SimpleData name="Shape_Leng">504.10273790400</SimpleData>
            <SimpleData name="Shape_Area">7312.12507010000</SimpleData>
          </SchemaData>
        </ExtendedData>
        <Polygon>
          <outerBoundaryIs>
            <LinearRing>
              <coordinates>
                -55.2933052004569,-24.2155555992681,0
                -55.2933550995866,-24.2165934004401,0
                -55.2937032997755,-24.2165699999516,0
                -55.2937499001231,-24.2147367002109,0
                -55.2933150006288,-24.2147983004606,0
                -55.2935282002371,-24.2155196001692,0
                -55.2933052004569,-24.2155555992681,0
              </coordinates>
            </LinearRing>
          </outerBoundaryIs>
        </Polygon>
      </Placemark>
      <Placemark id="Lote_G.294">
        <ExtendedData>
          <SchemaData schemaUrl="#Lote_G.schema">
            <SimpleData name="Cédula">6983849.00000000000</SimpleData>
            <SimpleData name="Nombres_y_">PEDRO BARRIOS LEDESMA</SimpleData>
            <SimpleData name="Sexo">Hombre</SimpleData>
            <SimpleData name="Cambio_de_">NO</SimpleData>
            <SimpleData name="Titular_se">NO</SimpleData>
            <SimpleData name="ci_UNIF">6983849.00000000000</SimpleData>
            <SimpleData name="Situación">NO</SimpleData>
            <SimpleData name="Comunidad">Campesina</SimpleData>
            <SimpleData name="Modelo_imp">Modelo 5</SimpleData>
            <SimpleData name="Departamen">CANINDEYU</SimpleData>
            <SimpleData name="Distrito">YBY PYTA</SimpleData>
            <SimpleData name="Localidad">BRITEZ KUE 4 DE OCTUBRE</SimpleData>
            <SimpleData name="Teléfono">0985664344</SimpleData>
            <SimpleData name="Vivienda_L">-24.29770170000</SimpleData>
            <SimpleData name="Vivienda_1">-55.26834680000</SimpleData>
            <SimpleData name="Superficie">0.70000000000</SimpleData>
            <SimpleData name="Situaci_1">Par?metro</SimpleData>
            <SimpleData name="Plantado">NO</SimpleData>
            <SimpleData name="Jornales">0.00000000000</SimpleData>
            <SimpleData name="Monto">0.00000000000</SimpleData>
            <SimpleData name="Grupo_de_p">G-GN-XX-XX-XX</SimpleData>
            <SimpleData name="Estado_del">Activo</SimpleData>
            <SimpleData name="Empresa">Red Forestal Paraguay SA</SimpleData>
            <SimpleData name="Lote">G</SimpleData>
            <SimpleData name="Parametro">0.00000000000</SimpleData>
            <SimpleData name="Sup_SIG">0.82530765114</SimpleData>
            <SimpleData name="X">-55.26388044000</SimpleData>
            <SimpleData name="Y">-24.30540387000</SimpleData>
            <SimpleData name="cedula">6983849</SimpleData>
            <SimpleData name="Cédula_1">6983849.00000000000</SimpleData>
            <SimpleData name="Estado_d_1">Activo</SimpleData>
            <SimpleData name="OBJECTID_1">5325</SimpleData>
            <SimpleData name="Shape_Leng">452.11067390500</SimpleData>
            <SimpleData name="Shape_Area">8253.07651135000</SimpleData>
          </SchemaData>
        </ExtendedData>
        <Polygon>
          <outerBoundaryIs>
            <LinearRing>
              <coordinates>
                -55.2630567995595,-24.3055282996067,0
                -55.2631566999206,-24.3056200003458,0
                -55.2637661001064,-24.3056564002944,0
                -55.2637523996285,-24.3055747003346,0
                -55.2647639002604,-24.3056468992858,0
                -55.2647856005098,-24.3052514005784,0
                -55.2630583005141,-24.305131699906,0
                -55.2630567995595,-24.3055282996067,0
              </coordinates>
            </LinearRing>
          </outerBoundaryIs>
        </Polygon>
      </Placemark>
      <Placemark id="Lote_G.295">
        <ExtendedData>
          <SchemaData schemaUrl="#Lote_G.schema">
            <SimpleData name="Cédula">7262308.00000000000</SimpleData>
            <SimpleData name="Nombres_y_">YANI AIDE LESME ORTEGA</SimpleData>
            <SimpleData name="Sexo">Mujer</SimpleData>
            <SimpleData name="Cambio_de_">NO</SimpleData>
            <SimpleData name="Titular_se">NO</SimpleData>
            <SimpleData name="ci_UNIF">7262308.00000000000</SimpleData>
            <SimpleData name="Situación">NO</SimpleData>
            <SimpleData name="Comunidad">Campesina</SimpleData>
            <SimpleData name="Modelo_imp">Modelo 5</SimpleData>
            <SimpleData name="Departamen">CANINDEYU</SimpleData>
            <SimpleData name="Distrito">YBY PYTA</SimpleData>
            <SimpleData name="Localidad">BRITEZ KUE 1RA LINEA CAAGUAZU</SimpleData>
            <SimpleData name="Teléfono">986963044</SimpleData>
            <SimpleData name="Vivienda_L">-24.26474630000</SimpleData>
            <SimpleData name="Vivienda_1">-55.28091730000</SimpleData>
            <SimpleData name="Superficie">0.70000000000</SimpleData>
            <SimpleData name="Situaci_1">Par?metro</SimpleData>
            <SimpleData name="Plantado">NO</SimpleData>
            <SimpleData name="Jornales">0.00000000000</SimpleData>
            <SimpleData name="Monto">0.00000000000</SimpleData>
            <SimpleData name="Grupo_de_p">G-GN-XX-XX-XX</SimpleData>
            <SimpleData name="Estado_del">Activo</SimpleData>
            <SimpleData name="Empresa">Red Forestal Paraguay SA</SimpleData>
            <SimpleData name="Lote">G</SimpleData>
            <SimpleData name="Parametro">0.00000000000</SimpleData>
            <SimpleData name="Sup_SIG">0.75927634973</SimpleData>
            <SimpleData name="X">-55.28053762000</SimpleData>
            <SimpleData name="Y">-24.26063346000</SimpleData>
            <SimpleData name="cedula">7262308</SimpleData>
            <SimpleData name="Cédula_1">7262308.00000000000</SimpleData>
            <SimpleData name="Estado_d_1">Activo</SimpleData>
            <SimpleData name="OBJECTID_1">6296</SimpleData>
            <SimpleData name="Shape_Leng">383.04184813900</SimpleData>
            <SimpleData name="Shape_Area">7592.76349725000</SimpleData>
          </SchemaData>
        </ExtendedData>
        <Polygon>
          <outerBoundaryIs>
            <LinearRing>
              <coordinates>
                -55.2801048995492,-24.2602428000247,0
                -55.2800793992661,-24.2610855001422,0
                -55.2804885002083,-24.2610907004808,0
                -55.2805056005232,-24.2608582999378,0
                -55.2810317000769,-24.2609332998016,0
                -55.2810829999513,-24.2603155996137,0
                -55.2801048995492,-24.2602428000247,0
              </coordinates>
            </LinearRing>
          </outerBoundaryIs>
        </Polygon>
      </Placemark>
      <Placemark id="Lote_G.296">
        <ExtendedData>
          <SchemaData schemaUrl="#Lote_G.schema">
            <SimpleData name="Cédula">8215465.00000000000</SimpleData>
            <SimpleData name="Nombres_y_">ILDA  LARREA RAMIREZ</SimpleData>
            <SimpleData name="Sexo">Mujer</SimpleData>
            <SimpleData name="Cambio_de_">NO</SimpleData>
            <SimpleData name="Titular_se">NO</SimpleData>
            <SimpleData name="ci_UNIF">8215465.00000000000</SimpleData>
            <SimpleData name="Situación">NO</SimpleData>
            <SimpleData name="Comunidad">Ind?gena</SimpleData>
            <SimpleData name="Modelo_imp">Modelo 1</SimpleData>
            <SimpleData name="Departamen">CANINDEYU</SimpleData>
            <SimpleData name="Distrito">YASY CA?Y</SimpleData>
            <SimpleData name="Localidad">COM INDIG JOYVY</SimpleData>
            <SimpleData name="Teléfono">984035185</SimpleData>
            <SimpleData name="Vivienda_L">-24.48321330000</SimpleData>
            <SimpleData name="Vivienda_1">-55.95189830000</SimpleData>
            <SimpleData name="Superficie">0.80000000000</SimpleData>
            <SimpleData name="Situaci_1">Par?metro</SimpleData>
            <SimpleData name="Plantado">NO</SimpleData>
            <SimpleData name="Jornales">0.00000000000</SimpleData>
            <SimpleData name="Monto">0.00000000000</SimpleData>
            <SimpleData name="Grupo_de_p">G-GN-XX-XX-XX</SimpleData>
            <SimpleData name="Estado_del">Activo</SimpleData>
            <SimpleData name="Empresa">Red Forestal Paraguay SA</SimpleData>
            <SimpleData name="Lote">G</SimpleData>
            <SimpleData name="Parametro">0.00000000000</SimpleData>
            <SimpleData name="Sup_SIG">0.82997613469</SimpleData>
            <SimpleData name="X">-55.95975771000</SimpleData>
            <SimpleData name="Y">-24.49132714000</SimpleData>
            <SimpleData name="cedula">8215465</SimpleData>
            <SimpleData name="Cédula_1">8215465.00000000000</SimpleData>
            <SimpleData name="Estado_d_1">Activo</SimpleData>
            <SimpleData name="OBJECTID_1">6270</SimpleData>
            <SimpleData name="Shape_Leng">374.15609371500</SimpleData>
            <SimpleData name="Shape_Area">8299.76134687000</SimpleData>
          </SchemaData>
        </ExtendedData>
        <Polygon>
          <outerBoundaryIs>
            <LinearRing>
              <coordinates>
                -55.9591025996978,-24.4913960996388,0
                -55.9601149999514,-24.4918531998743,0
                -55.9604150001417,-24.4912625005149,0
                -55.9594003997831,-24.4907988001853,0
                -55.9591025996978,-24.4913960996388,0
              </coordinates>
            </LinearRing>
          </outerBoundaryIs>
        </Polygon>
      </Placemark>
      <Placemark id="Lote_G.297">
        <ExtendedData>
          <SchemaData schemaUrl="#Lote_G.schema">
            <SimpleData name="Cédula">8517290.00000000000</SimpleData>
            <SimpleData name="Nombres_y_">MARGARITA FERREIRA FRANCO</SimpleData>
            <SimpleData name="Sexo">Mujer</SimpleData>
            <SimpleData name="Cambio_de_">NO</SimpleData>
            <SimpleData name="Titular_se">NO</SimpleData>
            <SimpleData name="ci_UNIF">8517290.00000000000</SimpleData>
            <SimpleData name="Situación">NO</SimpleData>
            <SimpleData name="Comunidad">Ind?gena</SimpleData>
            <SimpleData name="Modelo_imp">Modelo 2</SimpleData>
            <SimpleData name="Departamen">CANINDEYU</SimpleData>
            <SimpleData name="Distrito">YASY CA?Y</SimpleData>
            <SimpleData name="Localidad">COM INDIG JOYVY</SimpleData>
            <SimpleData name="Teléfono">0984723424</SimpleData>
            <SimpleData name="Vivienda_L">-24.48228880000</SimpleData>
            <SimpleData name="Vivienda_1">-55.95215350000</SimpleData>
            <SimpleData name="Superficie">0.80000000000</SimpleData>
            <SimpleData name="Situaci_1">Par?metro</SimpleData>
            <SimpleData name="Plantado">NO</SimpleData>
            <SimpleData name="Jornales">0.00000000000</SimpleData>
            <SimpleData name="Monto">0.00000000000</SimpleData>
            <SimpleData name="Grupo_de_p">G-GN-XX-XX-XX</SimpleData>
            <SimpleData name="Estado_del">Activo</SimpleData>
            <SimpleData name="Empresa">Red Forestal Paraguay SA</SimpleData>
            <SimpleData name="Lote">G</SimpleData>
            <SimpleData name="Parametro">0.00000000000</SimpleData>
            <SimpleData name="Sup_SIG">0.79828957264</SimpleData>
            <SimpleData name="X">-55.96127965000</SimpleData>
            <SimpleData name="Y">-24.49218068000</SimpleData>
            <SimpleData name="cedula">8517290</SimpleData>
            <SimpleData name="Cédula_1">8517290.00000000000</SimpleData>
            <SimpleData name="Estado_d_1">Activo</SimpleData>
            <SimpleData name="OBJECTID_1">5265</SimpleData>
            <SimpleData name="Shape_Leng">356.86625267900</SimpleData>
            <SimpleData name="Shape_Area">7982.89572643000</SimpleData>
          </SchemaData>
        </ExtendedData>
        <Polygon>
          <outerBoundaryIs>
            <LinearRing>
              <coordinates>
                -55.9606847999741,-24.492411000152,0
                -55.9611698994442,-24.4927194003491,0
                -55.9615936992746,-24.4924174000261,0
                -55.9619222004572,-24.4919800997916,0
                -55.9611832999172,-24.4916345008148,0
                -55.9606847999741,-24.492411000152,0
              </coordinates>
            </LinearRing>
          </outerBoundaryIs>
        </Polygon>
      </Placemark>
      <Placemark id="Lote_G.298">
        <ExtendedData>
          <SchemaData schemaUrl="#Lote_G.schema">
            <SimpleData name="Cédula">5078693.00000000000</SimpleData>
            <SimpleData name="Nombres_y_">SUSANA ZORAIDA VILLASANTI MESA</SimpleData>
            <SimpleData name="Sexo">Mujer</SimpleData>
            <SimpleData name="Cambio_de_">NO</SimpleData>
            <SimpleData name="Titular_se">NO</SimpleData>
            <SimpleData name="ci_UNIF">5078693.00000000000</SimpleData>
            <SimpleData name="Situación">NO</SimpleData>
            <SimpleData name="Comunidad">Campesina</SimpleData>
            <SimpleData name="Modelo_imp">Modelo 4</SimpleData>
            <SimpleData name="Departamen">CANINDEYU</SimpleData>
            <SimpleData name="Distrito">YASY CA?Y</SimpleData>
            <SimpleData name="Localidad">ACEPAR 6TA LINEA</SimpleData>
            <SimpleData name="Teléfono">0982950979</SimpleData>
            <SimpleData name="Vivienda_L">-24.67217660000</SimpleData>
            <SimpleData name="Vivienda_1">-55.77354700000</SimpleData>
            <SimpleData name="Superficie">0.70000000000</SimpleData>
            <SimpleData name="Situaci_1">Par?metro</SimpleData>
            <SimpleData name="Plantado">SI</SimpleData>
            <SimpleData name="Fecha_Plan">2026/08/19</SimpleData>
            <SimpleData name="Jornales">0.00000000000</SimpleData>
            <SimpleData name="Monto">0.00000000000</SimpleData>
            <SimpleData name="Grupo_de_p">G-GN-XX-XX-XX</SimpleData>
            <SimpleData name="Estado_del">Activo</SimpleData>
            <SimpleData name="Empresa">Red Forestal Paraguay SA</SimpleData>
            <SimpleData name="Lote">G</SimpleData>
            <SimpleData name="Parametro">0.00000000000</SimpleData>
            <SimpleData name="Sup_SIG">0.84906089846</SimpleData>
            <SimpleData name="X">-55.77388115000</SimpleData>
            <SimpleData name="Y">-24.66435298000</SimpleData>
            <SimpleData name="cedula">5078693</SimpleData>
            <SimpleData name="Cédula_1">5078693.00000000000</SimpleData>
            <SimpleData name="Estado_d_1">Activo</SimpleData>
            <SimpleData name="OBJECTID_1">5232</SimpleData>
            <SimpleData name="Shape_Leng">398.44300103300</SimpleData>
            <SimpleData name="Shape_Area">8490.60898460000</SimpleData>
          </SchemaData>
        </ExtendedData>
        <Polygon>
          <outerBoundaryIs>
            <LinearRing>
              <coordinates>
                -55.7732397003054,-24.6640958997461,0
                -55.7731865993363,-24.6646766007078,0
                -55.7745662004081,-24.6645871993191,0
                -55.774558799562,-24.6640425997018,0
                -55.7732397003054,-24.6640958997461,0
              </coordinates>
            </LinearRing>
          </outerBoundaryIs>
        </Polygon>
      </Placemark>
      <Placemark id="Lote_G.299">
        <ExtendedData>
          <SchemaData schemaUrl="#Lote_G.schema">
            <SimpleData name="Cédula">8208298.00000000000</SimpleData>
            <SimpleData name="Nombres_y_">GLORIA  BENITEZ SOSA</SimpleData>
            <SimpleData name="Sexo">Mujer</SimpleData>
            <SimpleData name="Cambio_de_">NO</SimpleData>
            <SimpleData name="Titular_se">NO</SimpleData>
            <SimpleData name="ci_UNIF">8208298.00000000000</SimpleData>
            <SimpleData name="Situación">NO</SimpleData>
            <SimpleData name="Comunidad">Ind?gena</SimpleData>
            <SimpleData name="Modelo_imp">Modelo 5</SimpleData>
            <SimpleData name="Departamen">CANINDEYU</SimpleData>
            <SimpleData name="Distrito">YASY CA?Y</SimpleData>
            <SimpleData name="Localidad">COM INDIG JOYVY</SimpleData>
            <SimpleData name="Teléfono">984035185</SimpleData>
            <SimpleData name="Vivienda_L">-24.48738830000</SimpleData>
            <SimpleData name="Vivienda_1">-55.95105180000</SimpleData>
            <SimpleData name="Superficie">0.70000000000</SimpleData>
            <SimpleData name="Situaci_1">Par?metro</SimpleData>
            <SimpleData name="Plantado">SI</SimpleData>
            <SimpleData name="Fecha_Plan">2026/08/18</SimpleData>
            <SimpleData name="Jornales">0.00000000000</SimpleData>
            <SimpleData name="Monto">0.00000000000</SimpleData>
            <SimpleData name="Grupo_de_p">G-GN-XX-XX-XX</SimpleData>
            <SimpleData name="Estado_del">Activo</SimpleData>
            <SimpleData name="Empresa">Red Forestal Paraguay SA</SimpleData>
            <SimpleData name="Lote">G</SimpleData>
            <SimpleData name="Parametro">0.00000000000</SimpleData>
            <SimpleData name="Sup_SIG">0.72590232614</SimpleData>
            <SimpleData name="X">-55.95208259000</SimpleData>
            <SimpleData name="Y">-24.48820003000</SimpleData>
            <SimpleData name="cedula">8208298</SimpleData>
            <SimpleData name="Cédula_1">8208298.00000000000</SimpleData>
            <SimpleData name="Estado_d_1">Activo</SimpleData>
            <SimpleData name="OBJECTID_1">6271</SimpleData>
            <SimpleData name="Shape_Leng">424.17416216700</SimpleData>
            <SimpleData name="Shape_Area">7259.02326139000</SimpleData>
          </SchemaData>
        </ExtendedData>
        <Polygon>
          <outerBoundaryIs>
            <LinearRing>
              <coordinates>
                -55.9513092000882,-24.4883283001193,0
                -55.9528833000858,-24.4884915998111,0
                -55.9529382994438,-24.4881249991788,0
                -55.9518844006322,-24.4880027994226,0
                -55.9518878993639,-24.4879332005381,0
                -55.9513899996626,-24.4878316998226,0
                -55.9513092000882,-24.4883283001193,0
              </coordinates>
            </LinearRing>
          </outerBoundaryIs>
        </Polygon>
      </Placemark>
    </Document>
  </Document>
</kml>
