<?xml version="1.0" encoding="UTF-8"?>
<kml xmlns="http://www.opengis.net/kml/2.2">
  <Document id="root_doc">
    <Schema id="Lote_I.schema">
      <SimpleField name="Cédula" type="double"/>
      <SimpleField name="Nombres_y_" type="string"/>
      <SimpleField name="Sexo" type="string"/>
      <SimpleField name="Cambio_de_" type="string"/>
      <SimpleField name="Titular_se" type="string"/>
      <SimpleField name="Cédula_Ti" type="string"/>
      <SimpleField name="ci_UNIF" type="double"/>
      <SimpleField name="Situación" type="string"/>
      <SimpleField name="Comunidad" type="string"/>
      <SimpleField name="Modelo_imp" type="string"/>
      <SimpleField name="Departamen" type="string"/>
      <SimpleField name="Distrito" type="string"/>
      <SimpleField name="Localidad" type="string"/>
      <SimpleField name="Teléfono" type="string"/>
      <SimpleField name="Vivienda_L" type="double"/>
      <SimpleField name="Vivienda_1" type="double"/>
      <SimpleField name="Superficie" type="double"/>
      <SimpleField name="Situaci_1" type="string"/>
      <SimpleField name="Plantado" type="string"/>
      <SimpleField name="Fecha_Plan" type="string"/>
      <SimpleField name="Jornales" type="double"/>
      <SimpleField name="Monto" type="double"/>
      <SimpleField name="Grupo_de_p" type="string"/>
      <SimpleField name="Estado_del" type="string"/>
      <SimpleField name="Empresa" type="string"/>
      <SimpleField name="Lote" type="string"/>
      <SimpleField name="Parametro" type="double"/>
      <SimpleField name="Sup_SIG" type="double"/>
      <SimpleField name="Situacion" type="string"/>
      <SimpleField name="X" type="double"/>
      <SimpleField name="Y" type="double"/>
      <SimpleField name="cedula" type="string"/>
      <SimpleField name="Cédula_1" type="double"/>
      <SimpleField name="Estado_d_1" type="string"/>
      <SimpleField name="OBJECTID_1" type="string"/>
      <SimpleField name="Shape_Leng" type="double"/>
      <SimpleField name="Shape_Area" type="double"/>
    </Schema>
    <Document id="Lote_I">
      <name>Lote_I</name>
      <Placemark id="Lote_I.1">
        <ExtendedData>
          <SchemaData schemaUrl="#Lote_I.schema">
            <SimpleData name="Cédula">6058143.00000000000</SimpleData>
            <SimpleData name="Nombres_y_">ADRIANA ALVARENGA GODOY</SimpleData>
            <SimpleData name="Sexo">Mujer</SimpleData>
            <SimpleData name="Cambio_de_">NO</SimpleData>
            <SimpleData name="Titular_se">NO</SimpleData>
            <SimpleData name="ci_UNIF">6058143.00000000000</SimpleData>
            <SimpleData name="Situación">NO</SimpleData>
            <SimpleData name="Comunidad">Campesina</SimpleData>
            <SimpleData name="Modelo_imp">Modelo 5</SimpleData>
            <SimpleData name="Departamen">SAN PEDRO</SimpleData>
            <SimpleData name="Distrito">GUAYAIBI</SimpleData>
            <SimpleData name="Localidad">CALLE ASUNCION</SimpleData>
            <SimpleData name="Teléfono">0971888684</SimpleData>
            <SimpleData name="Vivienda_L">-24.43137300000</SimpleData>
            <SimpleData name="Vivienda_1">-56.45339160000</SimpleData>
            <SimpleData name="Superficie">0.70000000000</SimpleData>
            <SimpleData name="Situaci_1">Pol?gono</SimpleData>
            <SimpleData name="Plantado">SI</SimpleData>
            <SimpleData name="Fecha_Plan">2025/11/24</SimpleData>
            <SimpleData name="Jornales">0.00000000000</SimpleData>
            <SimpleData name="Monto">0.00000000000</SimpleData>
            <SimpleData name="Grupo_de_p">I-P1-XX-XX-XX</SimpleData>
            <SimpleData name="Estado_del">Activo</SimpleData>
            <SimpleData name="Empresa">Emilio Sol?s Grance</SimpleData>
            <SimpleData name="Lote">I</SimpleData>
            <SimpleData name="Parametro">0.00000000000</SimpleData>
            <SimpleData name="Sup_SIG">0.70379274882</SimpleData>
            <SimpleData name="X">-56.45285494000</SimpleData>
            <SimpleData name="Y">-24.43315841000</SimpleData>
            <SimpleData name="cedula">6058143</SimpleData>
            <SimpleData name="Cédula_1">6058143.00000000000</SimpleData>
            <SimpleData name="Estado_d_1">Activo</SimpleData>
            <SimpleData name="OBJECTID_1">6044</SimpleData>
            <SimpleData name="Shape_Leng">338.25281444100</SimpleData>
            <SimpleData name="Shape_Area">7037.92748818000</SimpleData>
          </SchemaData>
        </ExtendedData>
        <Polygon>
          <outerBoundaryIs>
            <LinearRing>
              <coordinates>
                -56.4523602000875,-24.4334450000883,0
                -56.4532873007734,-24.4335399000157,0
                -56.4533437001974,-24.4328454999993,0
                -56.4524033995975,-24.4328035992309,0
                -56.4523602000875,-24.4334450000883,0
              </coordinates>
            </LinearRing>
          </outerBoundaryIs>
        </Polygon>
      </Placemark>
      <Placemark id="Lote_I.2">
        <ExtendedData>
          <SchemaData schemaUrl="#Lote_I.schema">
            <SimpleData name="Cédula">6055779.00000000000</SimpleData>
            <SimpleData name="Nombres_y_">NANCY MABEL ALEGRE VALDEZ</SimpleData>
            <SimpleData name="Sexo">Mujer</SimpleData>
            <SimpleData name="Cambio_de_">NO</SimpleData>
            <SimpleData name="Titular_se">NO</SimpleData>
            <SimpleData name="ci_UNIF">6055779.00000000000</SimpleData>
            <SimpleData name="Situación">NO</SimpleData>
            <SimpleData name="Comunidad">Campesina</SimpleData>
            <SimpleData name="Modelo_imp">Modelo 5</SimpleData>
            <SimpleData name="Departamen">SAN PEDRO</SimpleData>
            <SimpleData name="Distrito">CHORE</SimpleData>
            <SimpleData name="Localidad">SAN MIGUEL</SimpleData>
            <SimpleData name="Teléfono">0983635928</SimpleData>
            <SimpleData name="Vivienda_L">-24.12959900000</SimpleData>
            <SimpleData name="Vivienda_1">-56.65873120000</SimpleData>
            <SimpleData name="Superficie">0.70000000000</SimpleData>
            <SimpleData name="Situaci_1">Par?metro</SimpleData>
            <SimpleData name="Plantado">SI</SimpleData>
            <SimpleData name="Fecha_Plan">2026/03/12</SimpleData>
            <SimpleData name="Jornales">0.00000000000</SimpleData>
            <SimpleData name="Monto">0.00000000000</SimpleData>
            <SimpleData name="Grupo_de_p">I-P1-XX-XX-XX</SimpleData>
            <SimpleData name="Estado_del">Activo</SimpleData>
            <SimpleData name="Empresa">Emilio Sol?s Grance</SimpleData>
            <SimpleData name="Lote">I</SimpleData>
            <SimpleData name="Parametro">0.00000000000</SimpleData>
            <SimpleData name="Sup_SIG">0.72981790318</SimpleData>
            <SimpleData name="X">-56.65641864000</SimpleData>
            <SimpleData name="Y">-24.13272167000</SimpleData>
            <SimpleData name="cedula">6055779</SimpleData>
            <SimpleData name="Cédula_1">6055779.00000000000</SimpleData>
            <SimpleData name="Estado_d_1">Activo</SimpleData>
            <SimpleData name="OBJECTID_1">5995</SimpleData>
            <SimpleData name="Shape_Leng">366.52905452900</SimpleData>
            <SimpleData name="Shape_Area">7298.17903178000</SimpleData>
          </SchemaData>
        </ExtendedData>
        <Polygon>
          <outerBoundaryIs>
            <LinearRing>
              <coordinates>
                -56.6557641991773,-24.1328952000407,0
                -56.6562117997386,-24.1332983005059,0
                -56.6570818997064,-24.132473099818,0
                -56.656656799135,-24.1321711000233,0
                -56.6557641991773,-24.1328952000407,0
              </coordinates>
            </LinearRing>
          </outerBoundaryIs>
        </Polygon>
      </Placemark>
      <Placemark id="Lote_I.3">
        <ExtendedData>
          <SchemaData schemaUrl="#Lote_I.schema">
            <SimpleData name="Cédula">1793084.00000000000</SimpleData>
            <SimpleData name="Nombres_y_">FIDELINA ALFONZO OPORTO</SimpleData>
            <SimpleData name="Sexo">Mujer</SimpleData>
            <SimpleData name="Cambio_de_">NO</SimpleData>
            <SimpleData name="Titular_se">NO</SimpleData>
            <SimpleData name="ci_UNIF">1793084.00000000000</SimpleData>
            <SimpleData name="Situación">NO</SimpleData>
            <SimpleData name="Comunidad">Campesina</SimpleData>
            <SimpleData name="Modelo_imp">Modelo 5</SimpleData>
            <SimpleData name="Departamen">SAN PEDRO</SimpleData>
            <SimpleData name="Distrito">CHORE</SimpleData>
            <SimpleData name="Localidad">PUERTO LA NI?A</SimpleData>
            <SimpleData name="Teléfono">0983519175</SimpleData>
            <SimpleData name="Vivienda_L">-24.09329970000</SimpleData>
            <SimpleData name="Vivienda_1">-56.71857330000</SimpleData>
            <SimpleData name="Superficie">0.70000000000</SimpleData>
            <SimpleData name="Situaci_1">Par?metro</SimpleData>
            <SimpleData name="Plantado">SI</SimpleData>
            <SimpleData name="Fecha_Plan">2026/02/26</SimpleData>
            <SimpleData name="Jornales">0.00000000000</SimpleData>
            <SimpleData name="Monto">0.00000000000</SimpleData>
            <SimpleData name="Grupo_de_p">I-P1-XX-XX-XX</SimpleData>
            <SimpleData name="Estado_del">Activo</SimpleData>
            <SimpleData name="Empresa">Emilio Sol?s Grance</SimpleData>
            <SimpleData name="Lote">I</SimpleData>
            <SimpleData name="Parametro">0.00000000000</SimpleData>
            <SimpleData name="Sup_SIG">0.83919098117</SimpleData>
            <SimpleData name="X">-56.71621520000</SimpleData>
            <SimpleData name="Y">-24.10409688000</SimpleData>
            <SimpleData name="cedula">1793084</SimpleData>
            <SimpleData name="Cédula_1">1793084.00000000000</SimpleData>
            <SimpleData name="Estado_d_1">Activo</SimpleData>
            <SimpleData name="OBJECTID_1">5969</SimpleData>
            <SimpleData name="Shape_Leng">615.60727536400</SimpleData>
            <SimpleData name="Shape_Area">8391.90981174000</SimpleData>
          </SchemaData>
        </ExtendedData>
        <MultiGeometry>
          <Polygon>
            <outerBoundaryIs>
              <LinearRing>
                <coordinates>
                  -56.7168427998764,-24.1066247999749,0
                  -56.7170459992966,-24.1066018003838,0
                  -56.7169495998117,-24.1058094001837,0
                  -56.7168282990804,-24.1057727996403,0
                  -56.7168427998764,-24.1066247999749,0
                </coordinates>
              </LinearRing>
            </outerBoundaryIs>
          </Polygon>
          <Polygon>
            <outerBoundaryIs>
              <LinearRing>
                <coordinates>
                  -56.7157938992226,-24.104328799825,0
                  -56.7162557990318,-24.104306199908,0
                  -56.7163106996113,-24.1028959000542,0
                  -56.7158882998428,-24.1029537003193,0
                  -56.7157938992226,-24.104328799825,0
                </coordinates>
              </LinearRing>
            </outerBoundaryIs>
          </Polygon>
        </MultiGeometry>
      </Placemark>
      <Placemark id="Lote_I.4">
        <ExtendedData>
          <SchemaData schemaUrl="#Lote_I.schema">
            <SimpleData name="Cédula">4859794.00000000000</SimpleData>
            <SimpleData name="Nombres_y_">NAIDA RAMONA BOGADO MARTINEZ</SimpleData>
            <SimpleData name="Sexo">Mujer</SimpleData>
            <SimpleData name="Cambio_de_">NO</SimpleData>
            <SimpleData name="Titular_se">NO</SimpleData>
            <SimpleData name="ci_UNIF">4859794.00000000000</SimpleData>
            <SimpleData name="Situación">NO</SimpleData>
            <SimpleData name="Comunidad">Campesina</SimpleData>
            <SimpleData name="Modelo_imp">Modelo 5</SimpleData>
            <SimpleData name="Departamen">SAN PEDRO</SimpleData>
            <SimpleData name="Distrito">CHORE</SimpleData>
            <SimpleData name="Localidad">LIBERACION NORTE</SimpleData>
            <SimpleData name="Teléfono">0983607517</SimpleData>
            <SimpleData name="Vivienda_L">-24.14855550000</SimpleData>
            <SimpleData name="Vivienda_1">-56.65605200000</SimpleData>
            <SimpleData name="Superficie">0.70000000000</SimpleData>
            <SimpleData name="Situaci_1">Par?metro</SimpleData>
            <SimpleData name="Plantado">SI</SimpleData>
            <SimpleData name="Fecha_Plan">2026/02/26</SimpleData>
            <SimpleData name="Jornales">0.00000000000</SimpleData>
            <SimpleData name="Monto">0.00000000000</SimpleData>
            <SimpleData name="Grupo_de_p">I-P1-XX-XX-XX</SimpleData>
            <SimpleData name="Estado_del">Activo</SimpleData>
            <SimpleData name="Empresa">Emilio Sol?s Grance</SimpleData>
            <SimpleData name="Lote">I</SimpleData>
            <SimpleData name="Parametro">0.00000000000</SimpleData>
            <SimpleData name="Sup_SIG">0.71446966744</SimpleData>
            <SimpleData name="X">-56.66018250000</SimpleData>
            <SimpleData name="Y">-24.15137704000</SimpleData>
            <SimpleData name="cedula">4859794</SimpleData>
            <SimpleData name="Cédula_1">4859794.00000000000</SimpleData>
            <SimpleData name="Estado_d_1">Activo</SimpleData>
            <SimpleData name="OBJECTID_1">5962</SimpleData>
            <SimpleData name="Shape_Leng">341.71626164500</SimpleData>
            <SimpleData name="Shape_Area">7144.69667443000</SimpleData>
          </SchemaData>
        </ExtendedData>
        <Polygon>
          <outerBoundaryIs>
            <LinearRing>
              <coordinates>
                -56.6595644997217,-24.1514337999093,0
                -56.6601047993596,-24.1519097000867,0
                -56.6607827996933,-24.1513088002156,0
                -56.6602992991244,-24.1508470004463,0
                -56.6595644997217,-24.1514337999093,0
              </coordinates>
            </LinearRing>
          </outerBoundaryIs>
        </Polygon>
      </Placemark>
      <Placemark id="Lote_I.5">
        <ExtendedData>
          <SchemaData schemaUrl="#Lote_I.schema">
            <SimpleData name="Cédula">6233778.00000000000</SimpleData>
            <SimpleData name="Nombres_y_">BASILIA IBARRA GODOY</SimpleData>
            <SimpleData name="Sexo">Mujer</SimpleData>
            <SimpleData name="Cambio_de_">NO</SimpleData>
            <SimpleData name="Titular_se">NO</SimpleData>
            <SimpleData name="ci_UNIF">6233778.00000000000</SimpleData>
            <SimpleData name="Situación">NO</SimpleData>
            <SimpleData name="Comunidad">Campesina</SimpleData>
            <SimpleData name="Modelo_imp">Modelo 3</SimpleData>
            <SimpleData name="Departamen">SAN PEDRO</SimpleData>
            <SimpleData name="Distrito">GUAYAIBI</SimpleData>
            <SimpleData name="Localidad">SAN ROQUE</SimpleData>
            <SimpleData name="Teléfono">0975871836</SimpleData>
            <SimpleData name="Vivienda_L">-24.37971330000</SimpleData>
            <SimpleData name="Vivienda_1">-56.32441170000</SimpleData>
            <SimpleData name="Superficie">1.00000000000</SimpleData>
            <SimpleData name="Situaci_1">Par?metro</SimpleData>
            <SimpleData name="Plantado">SI</SimpleData>
            <SimpleData name="Fecha_Plan">2026/02/06</SimpleData>
            <SimpleData name="Jornales">0.00000000000</SimpleData>
            <SimpleData name="Monto">0.00000000000</SimpleData>
            <SimpleData name="Grupo_de_p">I-P1-XX-XX-XX</SimpleData>
            <SimpleData name="Estado_del">Activo</SimpleData>
            <SimpleData name="Empresa">Emilio Sol?s Grance</SimpleData>
            <SimpleData name="Lote">I</SimpleData>
            <SimpleData name="Parametro">0.00000000000</SimpleData>
            <SimpleData name="Sup_SIG">0.99630691446</SimpleData>
            <SimpleData name="X">-56.32685169000</SimpleData>
            <SimpleData name="Y">-24.38471666000</SimpleData>
            <SimpleData name="cedula">6233778</SimpleData>
            <SimpleData name="Cédula_1">6233778.00000000000</SimpleData>
            <SimpleData name="Estado_d_1">Activo</SimpleData>
            <SimpleData name="OBJECTID_1">6024</SimpleData>
            <SimpleData name="Shape_Leng">400.19783140600</SimpleData>
            <SimpleData name="Shape_Area">9963.06914455000</SimpleData>
          </SchemaData>
        </ExtendedData>
        <Polygon>
          <outerBoundaryIs>
            <LinearRing>
              <coordinates>
                -56.3262068004441,-24.3844434999443,0
                -56.3266700998813,-24.3853469998354,0
                -56.327486700546,-24.3849500001329,0
                -56.3270684999784,-24.3841182001536,0
                -56.3262068004441,-24.3844434999443,0
              </coordinates>
            </LinearRing>
          </outerBoundaryIs>
        </Polygon>
      </Placemark>
      <Placemark id="Lote_I.6">
        <ExtendedData>
          <SchemaData schemaUrl="#Lote_I.schema">
            <SimpleData name="Cédula">4465542.00000000000</SimpleData>
            <SimpleData name="Nombres_y_">ELIDA MABEL ALMEIDA DUARTE</SimpleData>
            <SimpleData name="Sexo">Mujer</SimpleData>
            <SimpleData name="Cambio_de_">NO</SimpleData>
            <SimpleData name="Titular_se">NO</SimpleData>
            <SimpleData name="ci_UNIF">4465542.00000000000</SimpleData>
            <SimpleData name="Situación">NO</SimpleData>
            <SimpleData name="Comunidad">Campesina</SimpleData>
            <SimpleData name="Modelo_imp">Modelo 5</SimpleData>
            <SimpleData name="Departamen">SAN PEDRO</SimpleData>
            <SimpleData name="Distrito">CRUCE LIBERACION</SimpleData>
            <SimpleData name="Localidad">BARRIO OVETENSE</SimpleData>
            <SimpleData name="Teléfono">0984171782</SimpleData>
            <SimpleData name="Vivienda_L">-24.14162540000</SimpleData>
            <SimpleData name="Vivienda_1">-56.49585890000</SimpleData>
            <SimpleData name="Superficie">0.70000000000</SimpleData>
            <SimpleData name="Situaci_1">Par?metro</SimpleData>
            <SimpleData name="Plantado">SI</SimpleData>
            <SimpleData name="Fecha_Plan">2026/02/27</SimpleData>
            <SimpleData name="Jornales">0.00000000000</SimpleData>
            <SimpleData name="Monto">0.00000000000</SimpleData>
            <SimpleData name="Grupo_de_p">I-P1-XX-XX-XX</SimpleData>
            <SimpleData name="Estado_del">Activo</SimpleData>
            <SimpleData name="Empresa">Emilio Sol?s Grance</SimpleData>
            <SimpleData name="Lote">I</SimpleData>
            <SimpleData name="Parametro">0.00000000000</SimpleData>
            <SimpleData name="Sup_SIG">0.71272635888</SimpleData>
            <SimpleData name="X">-56.49538292000</SimpleData>
            <SimpleData name="Y">-24.14410463000</SimpleData>
            <SimpleData name="cedula">4465542</SimpleData>
            <SimpleData name="Cédula_1">4465542.00000000000</SimpleData>
            <SimpleData name="Estado_d_1">Activo</SimpleData>
            <SimpleData name="OBJECTID_1">7246</SimpleData>
            <SimpleData name="Shape_Leng">524.63800873700</SimpleData>
            <SimpleData name="Shape_Area">7127.26358881000</SimpleData>
          </SchemaData>
        </ExtendedData>
        <MultiGeometry>
          <Polygon>
            <outerBoundaryIs>
              <LinearRing>
                <coordinates>
                  -56.4957986997859,-24.1445058998256,0
                  -56.4958441999848,-24.1439513000738,0
                  -56.4949489990971,-24.1439266001323,0
                  -56.494894899864,-24.1444686005393,0
                  -56.4957986997859,-24.1445058998256,0
                </coordinates>
              </LinearRing>
            </outerBoundaryIs>
          </Polygon>
          <Polygon>
            <outerBoundaryIs>
              <LinearRing>
                <coordinates>
                  -56.4958672999028,-24.1438179004731,0
                  -56.4958868995787,-24.1436704998207,0
                  -56.4949865991987,-24.1436115000597,0
                  -56.4949417992382,-24.1437643004625,0
                  -56.4958672999028,-24.1438179004731,0
                </coordinates>
              </LinearRing>
            </outerBoundaryIs>
          </Polygon>
        </MultiGeometry>
      </Placemark>
      <Placemark id="Lote_I.7">
        <ExtendedData>
          <SchemaData schemaUrl="#Lote_I.schema">
            <SimpleData name="Cédula">3613590.00000000000</SimpleData>
            <SimpleData name="Nombres_y_">LEADE BERUTTI GONZALEZ</SimpleData>
            <SimpleData name="Sexo">Hombre</SimpleData>
            <SimpleData name="Cambio_de_">NO</SimpleData>
            <SimpleData name="Titular_se">NO</SimpleData>
            <SimpleData name="ci_UNIF">3613590.00000000000</SimpleData>
            <SimpleData name="Situación">NO</SimpleData>
            <SimpleData name="Comunidad">Campesina</SimpleData>
            <SimpleData name="Modelo_imp">Modelo 2</SimpleData>
            <SimpleData name="Departamen">SAN PEDRO</SimpleData>
            <SimpleData name="Distrito">GUAYAIBI</SimpleData>
            <SimpleData name="Localidad">4000 TACUAPI</SimpleData>
            <SimpleData name="Teléfono">0986299935</SimpleData>
            <SimpleData name="Vivienda_L">-24.56744140000</SimpleData>
            <SimpleData name="Vivienda_1">-56.48551160000</SimpleData>
            <SimpleData name="Superficie">0.80000000000</SimpleData>
            <SimpleData name="Situaci_1">Pol?gono</SimpleData>
            <SimpleData name="Plantado">SI</SimpleData>
            <SimpleData name="Fecha_Plan">2025/11/19</SimpleData>
            <SimpleData name="Jornales">0.00000000000</SimpleData>
            <SimpleData name="Monto">0.00000000000</SimpleData>
            <SimpleData name="Grupo_de_p">I-P1-XX-XX-XX</SimpleData>
            <SimpleData name="Estado_del">Activo</SimpleData>
            <SimpleData name="Empresa">Emilio Sol?s Grance</SimpleData>
            <SimpleData name="Lote">I</SimpleData>
            <SimpleData name="Parametro">0.00000000000</SimpleData>
            <SimpleData name="Sup_SIG">0.79628933308</SimpleData>
            <SimpleData name="X">-56.48627181000</SimpleData>
            <SimpleData name="Y">-24.56471091000</SimpleData>
            <SimpleData name="cedula">3613590</SimpleData>
            <SimpleData name="Cédula_1">3613590.00000000000</SimpleData>
            <SimpleData name="Estado_d_1">Activo</SimpleData>
            <SimpleData name="OBJECTID_1">6077</SimpleData>
            <SimpleData name="Shape_Leng">357.17734715500</SimpleData>
            <SimpleData name="Shape_Area">7962.89333076000</SimpleData>
          </SchemaData>
        </ExtendedData>
        <Polygon>
          <outerBoundaryIs>
            <LinearRing>
              <coordinates>
                -56.4858222994929,-24.5643398994515,0
                -56.4858162000317,-24.5651142000605,0
                -56.4867364007135,-24.5650911000557,0
                -56.4867000003309,-24.5642866992988,0
                -56.4858222994929,-24.5643398994515,0
              </coordinates>
            </LinearRing>
          </outerBoundaryIs>
        </Polygon>
      </Placemark>
      <Placemark id="Lote_I.8">
        <ExtendedData>
          <SchemaData schemaUrl="#Lote_I.schema">
            <SimpleData name="Cédula">9104331.00000000000</SimpleData>
            <SimpleData name="Nombres_y_">MARIA CELESTE NU?EZ PEREIRA</SimpleData>
            <SimpleData name="Sexo">Mujer</SimpleData>
            <SimpleData name="Cambio_de_">NO</SimpleData>
            <SimpleData name="Titular_se">NO</SimpleData>
            <SimpleData name="ci_UNIF">9104331.00000000000</SimpleData>
            <SimpleData name="Situación">NO</SimpleData>
            <SimpleData name="Comunidad">Campesina</SimpleData>
            <SimpleData name="Modelo_imp">Modelo 3</SimpleData>
            <SimpleData name="Departamen">SAN PEDRO</SimpleData>
            <SimpleData name="Distrito">GUAYAIBI</SimpleData>
            <SimpleData name="Localidad">8 DE DICIEMBRE</SimpleData>
            <SimpleData name="Teléfono">0984016737</SimpleData>
            <SimpleData name="Vivienda_L">-24.38897330000</SimpleData>
            <SimpleData name="Vivienda_1">-56.34077330000</SimpleData>
            <SimpleData name="Superficie">1.00000000000</SimpleData>
            <SimpleData name="Situaci_1">Par?metro</SimpleData>
            <SimpleData name="Plantado">SI</SimpleData>
            <SimpleData name="Fecha_Plan">2026/02/11</SimpleData>
            <SimpleData name="Jornales">0.00000000000</SimpleData>
            <SimpleData name="Monto">0.00000000000</SimpleData>
            <SimpleData name="Grupo_de_p">I-P1-XX-XX-XX</SimpleData>
            <SimpleData name="Estado_del">Activo</SimpleData>
            <SimpleData name="Empresa">Emilio Sol?s Grance</SimpleData>
            <SimpleData name="Lote">I</SimpleData>
            <SimpleData name="Parametro">0.00000000000</SimpleData>
            <SimpleData name="Sup_SIG">0.99935324743</SimpleData>
            <SimpleData name="X">-56.34345381000</SimpleData>
            <SimpleData name="Y">-24.39403538000</SimpleData>
            <SimpleData name="cedula">9104331</SimpleData>
            <SimpleData name="Cédula_1">9104331.00000000000</SimpleData>
            <SimpleData name="Estado_d_1">Activo</SimpleData>
            <SimpleData name="OBJECTID_1">6073</SimpleData>
            <SimpleData name="Shape_Leng">434.50343740100</SimpleData>
            <SimpleData name="Shape_Area">9993.53247434000</SimpleData>
          </SchemaData>
        </ExtendedData>
        <Polygon>
          <outerBoundaryIs>
            <LinearRing>
              <coordinates>
                -56.3428582995876,-24.393580000459,0
                -56.343455200046,-24.3947630000328,0
                -56.3440852996754,-24.3945133999246,0
                -56.3433801004623,-24.3932550997853,0
                -56.3428582995876,-24.393580000459,0
              </coordinates>
            </LinearRing>
          </outerBoundaryIs>
        </Polygon>
      </Placemark>
      <Placemark id="Lote_I.9">
        <ExtendedData>
          <SchemaData schemaUrl="#Lote_I.schema">
            <SimpleData name="Cédula">7634504.00000000000</SimpleData>
            <SimpleData name="Nombres_y_">DEISY SEBASTIANA TORRES</SimpleData>
            <SimpleData name="Sexo">Mujer</SimpleData>
            <SimpleData name="Cambio_de_">NO</SimpleData>
            <SimpleData name="Titular_se">NO</SimpleData>
            <SimpleData name="ci_UNIF">7634504.00000000000</SimpleData>
            <SimpleData name="Situación">NO</SimpleData>
            <SimpleData name="Comunidad">Campesina</SimpleData>
            <SimpleData name="Modelo_imp">Modelo 5</SimpleData>
            <SimpleData name="Departamen">SAN PEDRO</SimpleData>
            <SimpleData name="Distrito">GUAYAIBI</SimpleData>
            <SimpleData name="Localidad">ASENT. TORO PIRU 1</SimpleData>
            <SimpleData name="Teléfono">0972833010</SimpleData>
            <SimpleData name="Vivienda_L">-24.30352980000</SimpleData>
            <SimpleData name="Vivienda_1">-56.44649080000</SimpleData>
            <SimpleData name="Superficie">0.70000000000</SimpleData>
            <SimpleData name="Situaci_1">Par?metro</SimpleData>
            <SimpleData name="Plantado">SI</SimpleData>
            <SimpleData name="Fecha_Plan">2026/02/25</SimpleData>
            <SimpleData name="Jornales">0.00000000000</SimpleData>
            <SimpleData name="Monto">0.00000000000</SimpleData>
            <SimpleData name="Grupo_de_p">I-P1-XX-XX-XX</SimpleData>
            <SimpleData name="Estado_del">Activo</SimpleData>
            <SimpleData name="Empresa">Emilio Sol?s Grance</SimpleData>
            <SimpleData name="Lote">I</SimpleData>
            <SimpleData name="Parametro">0.00000000000</SimpleData>
            <SimpleData name="Sup_SIG">0.73158280911</SimpleData>
            <SimpleData name="X">-56.44671466000</SimpleData>
            <SimpleData name="Y">-24.30399602000</SimpleData>
            <SimpleData name="cedula">7634504</SimpleData>
            <SimpleData name="Cédula_1">7634504.00000000000</SimpleData>
            <SimpleData name="Estado_d_1">Activo</SimpleData>
            <SimpleData name="OBJECTID_1">6032</SimpleData>
            <SimpleData name="Shape_Leng">679.22931719900</SimpleData>
            <SimpleData name="Shape_Area">7315.82809111000</SimpleData>
          </SchemaData>
        </ExtendedData>
        <MultiGeometry>
          <Polygon>
            <outerBoundaryIs>
              <LinearRing>
                <coordinates>
                  -56.4471151992666,-24.3044628001836,0
                  -56.4470899994718,-24.304265000258,0
                  -56.4462187990595,-24.3042356996873,0
                  -56.4462199994127,-24.3044549996834,0
                  -56.4471151992666,-24.3044628001836,0
                </coordinates>
              </LinearRing>
            </outerBoundaryIs>
          </Polygon>
          <Polygon>
            <outerBoundaryIs>
              <LinearRing>
                <coordinates>
                  -56.4467409995477,-24.3041641004248,0
                  -56.4467415996846,-24.3038955004926,0
                  -56.4466879000003,-24.3038475997198,0
                  -56.4461760995749,-24.3038419998965,0
                  -56.4461911990647,-24.3041974999566,0
                  -56.4467409995477,-24.3041641004248,0
                </coordinates>
              </LinearRing>
            </outerBoundaryIs>
          </Polygon>
          <Polygon>
            <outerBoundaryIs>
              <LinearRing>
                <coordinates>
                  -56.4470564996088,-24.3032874001265,0
                  -56.446754999592,-24.303275000075,0
                  -56.4467977000068,-24.3042109003123,0
                  -56.4470966991394,-24.3042283001578,0
                  -56.4470564996088,-24.3032874001265,0
                </coordinates>
              </LinearRing>
            </outerBoundaryIs>
          </Polygon>
        </MultiGeometry>
      </Placemark>
      <Placemark id="Lote_I.10">
        <ExtendedData>
          <SchemaData schemaUrl="#Lote_I.schema">
            <SimpleData name="Cédula">6992778.00000000000</SimpleData>
            <SimpleData name="Nombres_y_">DINA NOEMI ZARATE ARBE</SimpleData>
            <SimpleData name="Sexo">Mujer</SimpleData>
            <SimpleData name="Cambio_de_">NO</SimpleData>
            <SimpleData name="Titular_se">NO</SimpleData>
            <SimpleData name="ci_UNIF">6992778.00000000000</SimpleData>
            <SimpleData name="Situación">NO</SimpleData>
            <SimpleData name="Comunidad">Campesina</SimpleData>
            <SimpleData name="Modelo_imp">Modelo 5</SimpleData>
            <SimpleData name="Departamen">SAN PEDRO</SimpleData>
            <SimpleData name="Distrito">CRUCE LIBERACION</SimpleData>
            <SimpleData name="Localidad">BARRIO SAN JOSE</SimpleData>
            <SimpleData name="Teléfono">0971314971</SimpleData>
            <SimpleData name="Vivienda_L">-24.30323540000</SimpleData>
            <SimpleData name="Vivienda_1">-56.44949870000</SimpleData>
            <SimpleData name="Superficie">0.70000000000</SimpleData>
            <SimpleData name="Situaci_1">Par?metro</SimpleData>
            <SimpleData name="Plantado">SI</SimpleData>
            <SimpleData name="Fecha_Plan">2026/02/19</SimpleData>
            <SimpleData name="Jornales">0.00000000000</SimpleData>
            <SimpleData name="Monto">0.00000000000</SimpleData>
            <SimpleData name="Grupo_de_p">I-P1-XX-XX-XX</SimpleData>
            <SimpleData name="Estado_del">Activo</SimpleData>
            <SimpleData name="Empresa">Emilio Sol?s Grance</SimpleData>
            <SimpleData name="Lote">I</SimpleData>
            <SimpleData name="Parametro">0.00000000000</SimpleData>
            <SimpleData name="Sup_SIG">0.69694032137</SimpleData>
            <SimpleData name="X">-56.44944890000</SimpleData>
            <SimpleData name="Y">-24.30569754000</SimpleData>
            <SimpleData name="cedula">6992778</SimpleData>
            <SimpleData name="Cédula_1">6992778.00000000000</SimpleData>
            <SimpleData name="Estado_d_1">Activo</SimpleData>
            <SimpleData name="OBJECTID_1">7244</SimpleData>
            <SimpleData name="Shape_Leng">334.13773249900</SimpleData>
            <SimpleData name="Shape_Area">6969.40321370000</SimpleData>
          </SchemaData>
        </ExtendedData>
        <Polygon>
          <outerBoundaryIs>
            <LinearRing>
              <coordinates>
                -56.4490382993249,-24.3053350002993,0
                -56.4490568989337,-24.3061066008538,0
                -56.4498650997089,-24.3060581999226,0
                -56.4498350000695,-24.3052867004377,0
                -56.4490382993249,-24.3053350002993,0
              </coordinates>
            </LinearRing>
          </outerBoundaryIs>
        </Polygon>
      </Placemark>
      <Placemark id="Lote_I.11">
        <ExtendedData>
          <SchemaData schemaUrl="#Lote_I.schema">
            <SimpleData name="Cédula">5411327.00000000000</SimpleData>
            <SimpleData name="Nombres_y_">EDISON CARLOS LANGNER MEDINA</SimpleData>
            <SimpleData name="Sexo">Hombre</SimpleData>
            <SimpleData name="Cambio_de_">NO</SimpleData>
            <SimpleData name="Titular_se">NO</SimpleData>
            <SimpleData name="ci_UNIF">5411327.00000000000</SimpleData>
            <SimpleData name="Situación">NO</SimpleData>
            <SimpleData name="Comunidad">Campesina</SimpleData>
            <SimpleData name="Modelo_imp">Modelo 1</SimpleData>
            <SimpleData name="Departamen">SAN PEDRO</SimpleData>
            <SimpleData name="Distrito">CRUCE LIBERACION</SimpleData>
            <SimpleData name="Localidad">SAN PABLO</SimpleData>
            <SimpleData name="Teléfono">0984357758</SimpleData>
            <SimpleData name="Vivienda_L">-24.16531230000</SimpleData>
            <SimpleData name="Vivienda_1">-56.45994250000</SimpleData>
            <SimpleData name="Superficie">0.80000000000</SimpleData>
            <SimpleData name="Situaci_1">Par?metro</SimpleData>
            <SimpleData name="Plantado">SI</SimpleData>
            <SimpleData name="Fecha_Plan">2026/02/12</SimpleData>
            <SimpleData name="Jornales">0.00000000000</SimpleData>
            <SimpleData name="Monto">0.00000000000</SimpleData>
            <SimpleData name="Grupo_de_p">I-P1-XX-XX-XX</SimpleData>
            <SimpleData name="Estado_del">Activo</SimpleData>
            <SimpleData name="Empresa">Emilio Sol?s Grance</SimpleData>
            <SimpleData name="Lote">I</SimpleData>
            <SimpleData name="Parametro">0.00000000000</SimpleData>
            <SimpleData name="Sup_SIG">0.94560682531</SimpleData>
            <SimpleData name="X">-56.45790331000</SimpleData>
            <SimpleData name="Y">-24.16481881000</SimpleData>
            <SimpleData name="cedula">5411327</SimpleData>
            <SimpleData name="Cédula_1">5411327.00000000000</SimpleData>
            <SimpleData name="Estado_d_1">Activo</SimpleData>
            <SimpleData name="OBJECTID_1">7243</SimpleData>
            <SimpleData name="Shape_Leng">647.94003055600</SimpleData>
            <SimpleData name="Shape_Area">9456.06825314000</SimpleData>
          </SchemaData>
        </ExtendedData>
        <Polygon>
          <outerBoundaryIs>
            <LinearRing>
              <coordinates>
                -56.4564174998385,-24.1647532004244,0
                -56.4592938995375,-24.1651663002423,0
                -56.4593333991161,-24.1648718998163,0
                -56.4565510994349,-24.1644779999428,0
                -56.4564174998385,-24.1647532004244,0
              </coordinates>
            </LinearRing>
          </outerBoundaryIs>
        </Polygon>
      </Placemark>
      <Placemark id="Lote_I.12">
        <ExtendedData>
          <SchemaData schemaUrl="#Lote_I.schema">
            <SimpleData name="Cédula">6021216.00000000000</SimpleData>
            <SimpleData name="Nombres_y_">SILVIA RAMONA VILLALBA ENCIZO</SimpleData>
            <SimpleData name="Sexo">Mujer</SimpleData>
            <SimpleData name="Cambio_de_">NO</SimpleData>
            <SimpleData name="Titular_se">NO</SimpleData>
            <SimpleData name="ci_UNIF">6021216.00000000000</SimpleData>
            <SimpleData name="Situación">NO</SimpleData>
            <SimpleData name="Comunidad">Campesina</SimpleData>
            <SimpleData name="Modelo_imp">Modelo 5</SimpleData>
            <SimpleData name="Departamen">SAN PEDRO</SimpleData>
            <SimpleData name="Distrito">GUAYAIBI</SimpleData>
            <SimpleData name="Localidad">ASENT. TORO PIRU 2</SimpleData>
            <SimpleData name="Teléfono">0985909700</SimpleData>
            <SimpleData name="Vivienda_L">-24.32654110000</SimpleData>
            <SimpleData name="Vivienda_1">-56.43950670000</SimpleData>
            <SimpleData name="Superficie">0.70000000000</SimpleData>
            <SimpleData name="Situaci_1">Par?metro</SimpleData>
            <SimpleData name="Plantado">SI</SimpleData>
            <SimpleData name="Fecha_Plan">2026/02/25</SimpleData>
            <SimpleData name="Jornales">0.00000000000</SimpleData>
            <SimpleData name="Monto">0.00000000000</SimpleData>
            <SimpleData name="Grupo_de_p">I-P1-XX-XX-XX</SimpleData>
            <SimpleData name="Estado_del">Activo</SimpleData>
            <SimpleData name="Empresa">Emilio Sol?s Grance</SimpleData>
            <SimpleData name="Lote">I</SimpleData>
            <SimpleData name="Parametro">0.00000000000</SimpleData>
            <SimpleData name="Sup_SIG">0.71613700218</SimpleData>
            <SimpleData name="X">-56.43593965000</SimpleData>
            <SimpleData name="Y">-24.32652603000</SimpleData>
            <SimpleData name="cedula">6021216</SimpleData>
            <SimpleData name="Cédula_1">6021216.00000000000</SimpleData>
            <SimpleData name="Estado_d_1">Activo</SimpleData>
            <SimpleData name="OBJECTID_1">6051</SimpleData>
            <SimpleData name="Shape_Leng">375.66645514700</SimpleData>
            <SimpleData name="Shape_Area">7161.37002178000</SimpleData>
          </SchemaData>
        </ExtendedData>
        <Polygon>
          <outerBoundaryIs>
            <LinearRing>
              <coordinates>
                -56.4352348991289,-24.3263617999968,0
                -56.4352816991237,-24.3267950000728,0
                -56.4366016995489,-24.3267400005143,0
                -56.4365567991124,-24.326214999691,0
                -56.4352348991289,-24.3263617999968,0
              </coordinates>
            </LinearRing>
          </outerBoundaryIs>
        </Polygon>
      </Placemark>
      <Placemark id="Lote_I.13">
        <ExtendedData>
          <SchemaData schemaUrl="#Lote_I.schema">
            <SimpleData name="Cédula">4055428.00000000000</SimpleData>
            <SimpleData name="Nombres_y_">JORGE ANTONIO CHAVEZ</SimpleData>
            <SimpleData name="Sexo">Hombre</SimpleData>
            <SimpleData name="Cambio_de_">NO</SimpleData>
            <SimpleData name="Titular_se">NO</SimpleData>
            <SimpleData name="ci_UNIF">4055428.00000000000</SimpleData>
            <SimpleData name="Situación">NO</SimpleData>
            <SimpleData name="Comunidad">Campesina</SimpleData>
            <SimpleData name="Modelo_imp">Modelo 3</SimpleData>
            <SimpleData name="Departamen">SAN PEDRO</SimpleData>
            <SimpleData name="Distrito">GUAYAIBI</SimpleData>
            <SimpleData name="Localidad">AMISTAD</SimpleData>
            <SimpleData name="Teléfono">0985552598</SimpleData>
            <SimpleData name="Vivienda_L">-24.31334680000</SimpleData>
            <SimpleData name="Vivienda_1">-56.25841440000</SimpleData>
            <SimpleData name="Superficie">1.00000000000</SimpleData>
            <SimpleData name="Situaci_1">Par?metro</SimpleData>
            <SimpleData name="Plantado">SI</SimpleData>
            <SimpleData name="Fecha_Plan">2026/02/11</SimpleData>
            <SimpleData name="Jornales">0.00000000000</SimpleData>
            <SimpleData name="Monto">0.00000000000</SimpleData>
            <SimpleData name="Grupo_de_p">I-P1-XX-XX-XX</SimpleData>
            <SimpleData name="Estado_del">Activo</SimpleData>
            <SimpleData name="Empresa">Emilio Sol?s Grance</SimpleData>
            <SimpleData name="Lote">I</SimpleData>
            <SimpleData name="Parametro">0.00000000000</SimpleData>
            <SimpleData name="Sup_SIG">1.00258381327</SimpleData>
            <SimpleData name="X">-56.25841905000</SimpleData>
            <SimpleData name="Y">-24.31386086000</SimpleData>
            <SimpleData name="cedula">4055428</SimpleData>
            <SimpleData name="Cédula_1">4055428.00000000000</SimpleData>
            <SimpleData name="Estado_d_1">Activo</SimpleData>
            <SimpleData name="OBJECTID_1">6025</SimpleData>
            <SimpleData name="Shape_Leng">501.17819073500</SimpleData>
            <SimpleData name="Shape_Area">10025.83813270000</SimpleData>
          </SchemaData>
        </ExtendedData>
        <Polygon>
          <outerBoundaryIs>
            <LinearRing>
              <coordinates>
                -56.2578882000823,-24.3131751004914,0
                -56.257988300057,-24.314343299872,0
                -56.2589300003701,-24.3143166998278,0
                -56.2589367998187,-24.313408199861,0
                -56.2585175002623,-24.3134682998959,0
                -56.2584786995998,-24.3135527997936,0
                -56.2582949997009,-24.3135850000153,0
                -56.2582751004126,-24.3137059002698,0
                -56.2582080995961,-24.3137178999447,0
                -56.2582795004755,-24.3134046997399,0
                -56.2578882000823,-24.3131751004914,0
              </coordinates>
            </LinearRing>
          </outerBoundaryIs>
        </Polygon>
      </Placemark>
      <Placemark id="Lote_I.14">
        <ExtendedData>
          <SchemaData schemaUrl="#Lote_I.schema">
            <SimpleData name="Cédula">3232920.00000000000</SimpleData>
            <SimpleData name="Nombres_y_">MARTIN VILLALBA MENDOZA</SimpleData>
            <SimpleData name="Sexo">Hombre</SimpleData>
            <SimpleData name="Cambio_de_">NO</SimpleData>
            <SimpleData name="Titular_se">NO</SimpleData>
            <SimpleData name="ci_UNIF">3232920.00000000000</SimpleData>
            <SimpleData name="Situación">NO</SimpleData>
            <SimpleData name="Comunidad">Campesina</SimpleData>
            <SimpleData name="Modelo_imp">Modelo 5</SimpleData>
            <SimpleData name="Departamen">SAN PEDRO</SimpleData>
            <SimpleData name="Distrito">GUAYAIBI</SimpleData>
            <SimpleData name="Localidad">ASENT. TORO PIRU 2</SimpleData>
            <SimpleData name="Teléfono">0982988009</SimpleData>
            <SimpleData name="Vivienda_L">-24.31614610000</SimpleData>
            <SimpleData name="Vivienda_1">-56.53236330000</SimpleData>
            <SimpleData name="Superficie">0.70000000000</SimpleData>
            <SimpleData name="Situaci_1">Par?metro</SimpleData>
            <SimpleData name="Plantado">SI</SimpleData>
            <SimpleData name="Fecha_Plan">2026/02/25</SimpleData>
            <SimpleData name="Jornales">0.00000000000</SimpleData>
            <SimpleData name="Monto">0.00000000000</SimpleData>
            <SimpleData name="Grupo_de_p">I-P1-XX-XX-XX</SimpleData>
            <SimpleData name="Estado_del">Activo</SimpleData>
            <SimpleData name="Empresa">Emilio Sol?s Grance</SimpleData>
            <SimpleData name="Lote">I</SimpleData>
            <SimpleData name="Parametro">0.00000000000</SimpleData>
            <SimpleData name="Sup_SIG">0.75704325688</SimpleData>
            <SimpleData name="X">-56.53268155000</SimpleData>
            <SimpleData name="Y">-24.31749869000</SimpleData>
            <SimpleData name="cedula">3232920</SimpleData>
            <SimpleData name="Cédula_1">3232920.00000000000</SimpleData>
            <SimpleData name="Estado_d_1">Activo</SimpleData>
            <SimpleData name="OBJECTID_1">6040</SimpleData>
            <SimpleData name="Shape_Leng">438.13219422900</SimpleData>
            <SimpleData name="Shape_Area">7570.43256880000</SimpleData>
          </SchemaData>
        </ExtendedData>
        <Polygon>
          <outerBoundaryIs>
            <LinearRing>
              <coordinates>
                -56.5324098997551,-24.3182853000679,0
                -56.532830299473,-24.3183019002555,0
                -56.5329560997541,-24.3167106998983,0
                -56.5325282990516,-24.3167050002868,0
                -56.5324098997551,-24.3182853000679,0
              </coordinates>
            </LinearRing>
          </outerBoundaryIs>
        </Polygon>
      </Placemark>
      <Placemark id="Lote_I.15">
        <ExtendedData>
          <SchemaData schemaUrl="#Lote_I.schema">
            <SimpleData name="Cédula">6956531.00000000000</SimpleData>
            <SimpleData name="Nombres_y_">GISSEL VERUTTI RAMIREZ</SimpleData>
            <SimpleData name="Sexo">Mujer</SimpleData>
            <SimpleData name="Cambio_de_">NO</SimpleData>
            <SimpleData name="Titular_se">NO</SimpleData>
            <SimpleData name="ci_UNIF">6956531.00000000000</SimpleData>
            <SimpleData name="Situación">NO</SimpleData>
            <SimpleData name="Comunidad">Campesina</SimpleData>
            <SimpleData name="Modelo_imp">Modelo 2</SimpleData>
            <SimpleData name="Departamen">SAN PEDRO</SimpleData>
            <SimpleData name="Distrito">GUAYAIBI</SimpleData>
            <SimpleData name="Localidad">4000 TACUAPI</SimpleData>
            <SimpleData name="Teléfono">0971186413</SimpleData>
            <SimpleData name="Vivienda_L">-24.56756510000</SimpleData>
            <SimpleData name="Vivienda_1">-56.48537630000</SimpleData>
            <SimpleData name="Superficie">0.80000000000</SimpleData>
            <SimpleData name="Situaci_1">Pol?gono</SimpleData>
            <SimpleData name="Plantado">SI</SimpleData>
            <SimpleData name="Fecha_Plan">2025/11/19</SimpleData>
            <SimpleData name="Jornales">0.00000000000</SimpleData>
            <SimpleData name="Monto">0.00000000000</SimpleData>
            <SimpleData name="Grupo_de_p">I-P1-XX-XX-XX</SimpleData>
            <SimpleData name="Estado_del">Activo</SimpleData>
            <SimpleData name="Empresa">Emilio Sol?s Grance</SimpleData>
            <SimpleData name="Lote">I</SimpleData>
            <SimpleData name="Parametro">0.00000000000</SimpleData>
            <SimpleData name="Sup_SIG">0.83980293961</SimpleData>
            <SimpleData name="X">-56.47752476000</SimpleData>
            <SimpleData name="Y">-24.56550719000</SimpleData>
            <SimpleData name="cedula">6956531</SimpleData>
            <SimpleData name="Cédula_1">6956531.00000000000</SimpleData>
            <SimpleData name="Estado_d_1">Activo</SimpleData>
            <SimpleData name="OBJECTID_1">6076</SimpleData>
            <SimpleData name="Shape_Leng">449.15810377500</SimpleData>
            <SimpleData name="Shape_Area">8398.02939610000</SimpleData>
          </SchemaData>
        </ExtendedData>
        <Polygon>
          <outerBoundaryIs>
            <LinearRing>
              <coordinates>
                -56.4772874001246,-24.5647263000674,0
                -56.4772916997841,-24.5663050000396,0
                -56.4777714999668,-24.566294999616,0
                -56.4777442000862,-24.5646770002386,0
                -56.4772874001246,-24.5647263000674,0
              </coordinates>
            </LinearRing>
          </outerBoundaryIs>
        </Polygon>
      </Placemark>
      <Placemark id="Lote_I.16">
        <ExtendedData>
          <SchemaData schemaUrl="#Lote_I.schema">
            <SimpleData name="Cédula">6194185.00000000000</SimpleData>
            <SimpleData name="Nombres_y_">CINTHIA CAROLINA ODRIOZOLA FERNANDEZ</SimpleData>
            <SimpleData name="Sexo">Mujer</SimpleData>
            <SimpleData name="Cambio_de_">NO</SimpleData>
            <SimpleData name="Titular_se">NO</SimpleData>
            <SimpleData name="ci_UNIF">6194185.00000000000</SimpleData>
            <SimpleData name="Situación">NO</SimpleData>
            <SimpleData name="Comunidad">Campesina</SimpleData>
            <SimpleData name="Modelo_imp">Modelo 4</SimpleData>
            <SimpleData name="Departamen">SAN PEDRO</SimpleData>
            <SimpleData name="Distrito">GUAYAIBI</SimpleData>
            <SimpleData name="Localidad">PLANCHADA EVA</SimpleData>
            <SimpleData name="Teléfono">0982376175</SimpleData>
            <SimpleData name="Vivienda_L">-24.35398760000</SimpleData>
            <SimpleData name="Vivienda_1">-56.37531280000</SimpleData>
            <SimpleData name="Superficie">0.70000000000</SimpleData>
            <SimpleData name="Situaci_1">Par?metro</SimpleData>
            <SimpleData name="Plantado">SI</SimpleData>
            <SimpleData name="Fecha_Plan">2026/02/16</SimpleData>
            <SimpleData name="Jornales">0.00000000000</SimpleData>
            <SimpleData name="Monto">0.00000000000</SimpleData>
            <SimpleData name="Grupo_de_p">I-P1-XX-XX-XX</SimpleData>
            <SimpleData name="Estado_del">Activo</SimpleData>
            <SimpleData name="Empresa">Emilio Sol?s Grance</SimpleData>
            <SimpleData name="Lote">I</SimpleData>
            <SimpleData name="Parametro">0.00000000000</SimpleData>
            <SimpleData name="Sup_SIG">0.74931397073</SimpleData>
            <SimpleData name="X">-56.37519055000</SimpleData>
            <SimpleData name="Y">-24.35332047000</SimpleData>
            <SimpleData name="cedula">6194185</SimpleData>
            <SimpleData name="Cédula_1">6194185.00000000000</SimpleData>
            <SimpleData name="Estado_d_1">Activo</SimpleData>
            <SimpleData name="OBJECTID_1">6016</SimpleData>
            <SimpleData name="Shape_Leng">409.70249234400</SimpleData>
            <SimpleData name="Shape_Area">7493.13970731000</SimpleData>
          </SchemaData>
        </ExtendedData>
        <Polygon>
          <outerBoundaryIs>
            <LinearRing>
              <coordinates>
                -56.3744432994396,-24.3530300006491,0
                -56.3748633001913,-24.3535917006551,0
                -56.3752001998489,-24.353520000545,0
                -56.3754524996259,-24.3536313000624,0
                -56.3755945004574,-24.3538339007436,0
                -56.375942699261,-24.3538008001367,0
                -56.3753140993846,-24.352892999935,0
                -56.3744432994396,-24.3530300006491,0
              </coordinates>
            </LinearRing>
          </outerBoundaryIs>
        </Polygon>
      </Placemark>
      <Placemark id="Lote_I.17">
        <ExtendedData>
          <SchemaData schemaUrl="#Lote_I.schema">
            <SimpleData name="Cédula">3881432.00000000000</SimpleData>
            <SimpleData name="Nombres_y_">JOSE RAMON LOPEZ CARDOZO</SimpleData>
            <SimpleData name="Sexo">Hombre</SimpleData>
            <SimpleData name="Cambio_de_">NO</SimpleData>
            <SimpleData name="Titular_se">NO</SimpleData>
            <SimpleData name="ci_UNIF">3881432.00000000000</SimpleData>
            <SimpleData name="Situación">NO</SimpleData>
            <SimpleData name="Comunidad">Campesina</SimpleData>
            <SimpleData name="Modelo_imp">Modelo 1</SimpleData>
            <SimpleData name="Departamen">SAN PEDRO</SimpleData>
            <SimpleData name="Distrito">CRUCE LIBERACION</SimpleData>
            <SimpleData name="Localidad">BARRIO SAN JOSE</SimpleData>
            <SimpleData name="Teléfono">0985234999</SimpleData>
            <SimpleData name="Vivienda_L">-24.30196200000</SimpleData>
            <SimpleData name="Vivienda_1">-56.47814040000</SimpleData>
            <SimpleData name="Superficie">0.80000000000</SimpleData>
            <SimpleData name="Situaci_1">Par?metro</SimpleData>
            <SimpleData name="Plantado">SI</SimpleData>
            <SimpleData name="Fecha_Plan">2026/02/18</SimpleData>
            <SimpleData name="Jornales">0.00000000000</SimpleData>
            <SimpleData name="Monto">0.00000000000</SimpleData>
            <SimpleData name="Grupo_de_p">I-P1-XX-XX-XX</SimpleData>
            <SimpleData name="Estado_del">Activo</SimpleData>
            <SimpleData name="Empresa">Emilio Sol?s Grance</SimpleData>
            <SimpleData name="Lote">I</SimpleData>
            <SimpleData name="Parametro">0.00000000000</SimpleData>
            <SimpleData name="Sup_SIG">0.79894043852</SimpleData>
            <SimpleData name="X">-56.47710912000</SimpleData>
            <SimpleData name="Y">-24.30337042000</SimpleData>
            <SimpleData name="cedula">3881432</SimpleData>
            <SimpleData name="Cédula_1">3881432.00000000000</SimpleData>
            <SimpleData name="Estado_d_1">Activo</SimpleData>
            <SimpleData name="OBJECTID_1">7242</SimpleData>
            <SimpleData name="Shape_Leng">528.93886740900</SimpleData>
            <SimpleData name="Shape_Area">7989.40438518000</SimpleData>
          </SchemaData>
        </ExtendedData>
        <Polygon>
          <outerBoundaryIs>
            <LinearRing>
              <coordinates>
                -56.4768805993781,-24.3024550003648,0
                -56.4769678998078,-24.3043483001921,0
                -56.4773555007099,-24.3043403010526,0
                -56.4773343994802,-24.3040470999128,0
                -56.4772096990098,-24.303997299999,0
                -56.4772252997854,-24.3039096001013,0
                -56.4771788991853,-24.3038765009623,0
                -56.4773328999134,-24.3038375011087,0
                -56.477238300052,-24.3023617008255,0
                -56.4768805993781,-24.3024550003648,0
              </coordinates>
            </LinearRing>
          </outerBoundaryIs>
        </Polygon>
      </Placemark>
      <Placemark id="Lote_I.18">
        <ExtendedData>
          <SchemaData schemaUrl="#Lote_I.schema">
            <SimpleData name="Cédula">3365573.00000000000</SimpleData>
            <SimpleData name="Nombres_y_">ELBA ROSA SALINAS GONZALEZ</SimpleData>
            <SimpleData name="Sexo">Mujer</SimpleData>
            <SimpleData name="Cambio_de_">NO</SimpleData>
            <SimpleData name="Titular_se">NO</SimpleData>
            <SimpleData name="ci_UNIF">3365573.00000000000</SimpleData>
            <SimpleData name="Situación">NO</SimpleData>
            <SimpleData name="Comunidad">Campesina</SimpleData>
            <SimpleData name="Modelo_imp">Modelo 5</SimpleData>
            <SimpleData name="Departamen">SAN PEDRO</SimpleData>
            <SimpleData name="Distrito">CHORE</SimpleData>
            <SimpleData name="Localidad">SAN MIGUEL</SimpleData>
            <SimpleData name="Teléfono">0983363408</SimpleData>
            <SimpleData name="Vivienda_L">-24.12200200000</SimpleData>
            <SimpleData name="Vivienda_1">-56.64999720000</SimpleData>
            <SimpleData name="Superficie">0.70000000000</SimpleData>
            <SimpleData name="Situaci_1">Par?metro</SimpleData>
            <SimpleData name="Plantado">SI</SimpleData>
            <SimpleData name="Fecha_Plan">2026/03/12</SimpleData>
            <SimpleData name="Jornales">0.00000000000</SimpleData>
            <SimpleData name="Monto">0.00000000000</SimpleData>
            <SimpleData name="Grupo_de_p">I-P1-XX-XX-XX</SimpleData>
            <SimpleData name="Estado_del">Activo</SimpleData>
            <SimpleData name="Empresa">Emilio Sol?s Grance</SimpleData>
            <SimpleData name="Lote">I</SimpleData>
            <SimpleData name="Parametro">0.00000000000</SimpleData>
            <SimpleData name="Sup_SIG">0.74839601675</SimpleData>
            <SimpleData name="X">-56.64893936000</SimpleData>
            <SimpleData name="Y">-24.12180252000</SimpleData>
            <SimpleData name="cedula">3365573</SimpleData>
            <SimpleData name="Cédula_1">3365573.00000000000</SimpleData>
            <SimpleData name="Estado_d_1">Activo</SimpleData>
            <SimpleData name="OBJECTID_1">5986</SimpleData>
            <SimpleData name="Shape_Leng">359.03834666300</SimpleData>
            <SimpleData name="Shape_Area">7483.96016752000</SimpleData>
          </SchemaData>
        </ExtendedData>
        <Polygon>
          <outerBoundaryIs>
            <LinearRing>
              <coordinates>
                -56.6482532998292,-24.1218466999004,0
                -56.6490913995355,-24.1223805996701,0
                -56.6494579997918,-24.1215439002806,0
                -56.6491385996447,-24.1212643996517,0
                -56.6482532998292,-24.1218466999004,0
              </coordinates>
            </LinearRing>
          </outerBoundaryIs>
        </Polygon>
      </Placemark>
      <Placemark id="Lote_I.19">
        <ExtendedData>
          <SchemaData schemaUrl="#Lote_I.schema">
            <SimpleData name="Cédula">6784100.00000000000</SimpleData>
            <SimpleData name="Nombres_y_">NANCY ESTELA SANCHEZ GIMENEZ</SimpleData>
            <SimpleData name="Sexo">Mujer</SimpleData>
            <SimpleData name="Cambio_de_">NO</SimpleData>
            <SimpleData name="Titular_se">NO</SimpleData>
            <SimpleData name="ci_UNIF">6784100.00000000000</SimpleData>
            <SimpleData name="Situación">NO</SimpleData>
            <SimpleData name="Comunidad">Campesina</SimpleData>
            <SimpleData name="Modelo_imp">Modelo 3</SimpleData>
            <SimpleData name="Departamen">SAN PEDRO</SimpleData>
            <SimpleData name="Distrito">CRUCE LIBERACION</SimpleData>
            <SimpleData name="Localidad">1 DE MARZO (YOAYU)</SimpleData>
            <SimpleData name="Teléfono">0982791209</SimpleData>
            <SimpleData name="Vivienda_L">-24.27021670000</SimpleData>
            <SimpleData name="Vivienda_1">-56.40511030000</SimpleData>
            <SimpleData name="Superficie">1.00000000000</SimpleData>
            <SimpleData name="Situaci_1">Par?metro</SimpleData>
            <SimpleData name="Plantado">SI</SimpleData>
            <SimpleData name="Fecha_Plan">2026/02/13</SimpleData>
            <SimpleData name="Jornales">0.00000000000</SimpleData>
            <SimpleData name="Monto">0.00000000000</SimpleData>
            <SimpleData name="Grupo_de_p">I-P1-XX-XX-XX</SimpleData>
            <SimpleData name="Estado_del">Activo</SimpleData>
            <SimpleData name="Empresa">Emilio Sol?s Grance</SimpleData>
            <SimpleData name="Lote">I</SimpleData>
            <SimpleData name="Parametro">0.00000000000</SimpleData>
            <SimpleData name="Sup_SIG">1.00757290275</SimpleData>
            <SimpleData name="X">-56.39902223000</SimpleData>
            <SimpleData name="Y">-24.27031053000</SimpleData>
            <SimpleData name="cedula">6784100</SimpleData>
            <SimpleData name="Cédula_1">6784100.00000000000</SimpleData>
            <SimpleData name="Estado_d_1">Activo</SimpleData>
            <SimpleData name="OBJECTID_1">7238</SimpleData>
            <SimpleData name="Shape_Leng">404.78817401200</SimpleData>
            <SimpleData name="Shape_Area">10075.72902750000</SimpleData>
          </SchemaData>
        </ExtendedData>
        <Polygon>
          <outerBoundaryIs>
            <LinearRing>
              <coordinates>
                -56.3985578003179,-24.2707174005417,0
                -56.3995632996818,-24.2707667007867,0
                -56.3995482996284,-24.269930000296,0
                -56.3984286998032,-24.2698584002328,0
                -56.3985578003179,-24.2707174005417,0
              </coordinates>
            </LinearRing>
          </outerBoundaryIs>
        </Polygon>
      </Placemark>
      <Placemark id="Lote_I.20">
        <ExtendedData>
          <SchemaData schemaUrl="#Lote_I.schema">
            <SimpleData name="Cédula">5646588.00000000000</SimpleData>
            <SimpleData name="Nombres_y_">ANGELINA CABRERA TORRES</SimpleData>
            <SimpleData name="Sexo">Mujer</SimpleData>
            <SimpleData name="Cambio_de_">NO</SimpleData>
            <SimpleData name="Titular_se">NO</SimpleData>
            <SimpleData name="ci_UNIF">5646588.00000000000</SimpleData>
            <SimpleData name="Situación">NO</SimpleData>
            <SimpleData name="Comunidad">Campesina</SimpleData>
            <SimpleData name="Modelo_imp">Modelo 5</SimpleData>
            <SimpleData name="Departamen">SAN PEDRO</SimpleData>
            <SimpleData name="Distrito">GUAYAIBI</SimpleData>
            <SimpleData name="Localidad">ASENT. TORO PIRU 2</SimpleData>
            <SimpleData name="Teléfono">0986917639</SimpleData>
            <SimpleData name="Vivienda_L">-24.31835060000</SimpleData>
            <SimpleData name="Vivienda_1">-56.45805970000</SimpleData>
            <SimpleData name="Superficie">0.70000000000</SimpleData>
            <SimpleData name="Situaci_1">Par?metro</SimpleData>
            <SimpleData name="Plantado">SI</SimpleData>
            <SimpleData name="Fecha_Plan">2026/02/25</SimpleData>
            <SimpleData name="Jornales">0.00000000000</SimpleData>
            <SimpleData name="Monto">0.00000000000</SimpleData>
            <SimpleData name="Grupo_de_p">I-P1-XX-XX-XX</SimpleData>
            <SimpleData name="Estado_del">Activo</SimpleData>
            <SimpleData name="Empresa">Emilio Sol?s Grance</SimpleData>
            <SimpleData name="Lote">I</SimpleData>
            <SimpleData name="Parametro">0.00000000000</SimpleData>
            <SimpleData name="Sup_SIG">0.83414017782</SimpleData>
            <SimpleData name="X">-56.45864146000</SimpleData>
            <SimpleData name="Y">-24.32039851000</SimpleData>
            <SimpleData name="cedula">5646588</SimpleData>
            <SimpleData name="Cédula_1">5646588.00000000000</SimpleData>
            <SimpleData name="Estado_d_1">Activo</SimpleData>
            <SimpleData name="OBJECTID_1">6049</SimpleData>
            <SimpleData name="Shape_Leng">390.52781475900</SimpleData>
            <SimpleData name="Shape_Area">8341.40177816000</SimpleData>
          </SchemaData>
        </ExtendedData>
        <Polygon>
          <outerBoundaryIs>
            <LinearRing>
              <coordinates>
                -56.4580002993318,-24.320136400335,0
                -56.4579732990242,-24.3206950002912,0
                -56.4593154990589,-24.3206673005286,0
                -56.4592550995423,-24.3200832999753,0
                -56.4580002993318,-24.320136400335,0
              </coordinates>
            </LinearRing>
          </outerBoundaryIs>
        </Polygon>
      </Placemark>
      <Placemark id="Lote_I.21">
        <ExtendedData>
          <SchemaData schemaUrl="#Lote_I.schema">
            <SimpleData name="Cédula">3382312.00000000000</SimpleData>
            <SimpleData name="Nombres_y_">CARLINA ENCISO DE VILLALBA</SimpleData>
            <SimpleData name="Sexo">Mujer</SimpleData>
            <SimpleData name="Cambio_de_">NO</SimpleData>
            <SimpleData name="Titular_se">NO</SimpleData>
            <SimpleData name="ci_UNIF">3382312.00000000000</SimpleData>
            <SimpleData name="Situación">NO</SimpleData>
            <SimpleData name="Comunidad">Campesina</SimpleData>
            <SimpleData name="Modelo_imp">Modelo 5</SimpleData>
            <SimpleData name="Departamen">SAN PEDRO</SimpleData>
            <SimpleData name="Distrito">GUAYAIBI</SimpleData>
            <SimpleData name="Localidad">ASENT. TORO PIRU 2</SimpleData>
            <SimpleData name="Teléfono">0986209806</SimpleData>
            <SimpleData name="Vivienda_L">-24.32360450000</SimpleData>
            <SimpleData name="Vivienda_1">-56.43960400000</SimpleData>
            <SimpleData name="Superficie">0.70000000000</SimpleData>
            <SimpleData name="Situaci_1">Par?metro</SimpleData>
            <SimpleData name="Plantado">SI</SimpleData>
            <SimpleData name="Fecha_Plan">2026/02/25</SimpleData>
            <SimpleData name="Jornales">0.00000000000</SimpleData>
            <SimpleData name="Monto">0.00000000000</SimpleData>
            <SimpleData name="Grupo_de_p">I-P1-XX-XX-XX</SimpleData>
            <SimpleData name="Estado_del">Activo</SimpleData>
            <SimpleData name="Empresa">Emilio Sol?s Grance</SimpleData>
            <SimpleData name="Lote">I</SimpleData>
            <SimpleData name="Parametro">0.00000000000</SimpleData>
            <SimpleData name="Sup_SIG">0.70213511581</SimpleData>
            <SimpleData name="X">-56.43766004000</SimpleData>
            <SimpleData name="Y">-24.32373638000</SimpleData>
            <SimpleData name="cedula">3382312</SimpleData>
            <SimpleData name="Cédula_1">3382312.00000000000</SimpleData>
            <SimpleData name="Estado_d_1">Activo</SimpleData>
            <SimpleData name="OBJECTID_1">6047</SimpleData>
            <SimpleData name="Shape_Leng">570.55380505300</SimpleData>
            <SimpleData name="Shape_Area">7021.35115809000</SimpleData>
          </SchemaData>
        </ExtendedData>
        <MultiGeometry>
          <Polygon>
            <outerBoundaryIs>
              <LinearRing>
                <coordinates>
                  -56.4365930998475,-24.3239403998848,0
                  -56.4384082998559,-24.3238367002361,0
                  -56.4383349996691,-24.32356830022,0
                  -56.4365397993138,-24.3236302000127,0
                  -56.4365930998475,-24.3239403998848,0
                </coordinates>
              </LinearRing>
            </outerBoundaryIs>
          </Polygon>
          <Polygon>
            <outerBoundaryIs>
              <LinearRing>
                <coordinates>
                  -56.4385709991,-24.3238041000354,0
                  -56.4390284990605,-24.3237932997713,0
                  -56.4390320998058,-24.3235889998359,0
                  -56.438620699897,-24.3235604997378,0
                  -56.4385709991,-24.3238041000354,0
                </coordinates>
              </LinearRing>
            </outerBoundaryIs>
          </Polygon>
        </MultiGeometry>
      </Placemark>
      <Placemark id="Lote_I.22">
        <ExtendedData>
          <SchemaData schemaUrl="#Lote_I.schema">
            <SimpleData name="Cédula">2204084.00000000000</SimpleData>
            <SimpleData name="Nombres_y_">ROCIO ELIZABETH AMARILLA LOPEZ</SimpleData>
            <SimpleData name="Sexo">Mujer</SimpleData>
            <SimpleData name="Cambio_de_">NO</SimpleData>
            <SimpleData name="Titular_se">NO</SimpleData>
            <SimpleData name="ci_UNIF">2204084.00000000000</SimpleData>
            <SimpleData name="Situación">NO</SimpleData>
            <SimpleData name="Comunidad">Campesina</SimpleData>
            <SimpleData name="Modelo_imp">Modelo 3</SimpleData>
            <SimpleData name="Departamen">SAN PEDRO</SimpleData>
            <SimpleData name="Distrito">CRUCE LIBERACION</SimpleData>
            <SimpleData name="Localidad">COLONIA FELICIDAD</SimpleData>
            <SimpleData name="Teléfono">0976763313</SimpleData>
            <SimpleData name="Vivienda_L">-24.22343160000</SimpleData>
            <SimpleData name="Vivienda_1">-56.38512190000</SimpleData>
            <SimpleData name="Superficie">1.00000000000</SimpleData>
            <SimpleData name="Situaci_1">Par?metro</SimpleData>
            <SimpleData name="Plantado">SI</SimpleData>
            <SimpleData name="Fecha_Plan">2026/01/27</SimpleData>
            <SimpleData name="Jornales">0.00000000000</SimpleData>
            <SimpleData name="Monto">0.00000000000</SimpleData>
            <SimpleData name="Grupo_de_p">I-P1-XX-XX-XX</SimpleData>
            <SimpleData name="Estado_del">Activo</SimpleData>
            <SimpleData name="Empresa">Emilio Sol?s Grance</SimpleData>
            <SimpleData name="Lote">I</SimpleData>
            <SimpleData name="Parametro">0.00000000000</SimpleData>
            <SimpleData name="Sup_SIG">1.00171997473</SimpleData>
            <SimpleData name="X">-56.38385881000</SimpleData>
            <SimpleData name="Y">-24.22310933000</SimpleData>
            <SimpleData name="cedula">2204084</SimpleData>
            <SimpleData name="Cédula_1">2204084.00000000000</SimpleData>
            <SimpleData name="Estado_d_1">Activo</SimpleData>
            <SimpleData name="OBJECTID_1">6003</SimpleData>
            <SimpleData name="Shape_Leng">416.30041058600</SimpleData>
            <SimpleData name="Shape_Area">10017.19974730000</SimpleData>
          </SchemaData>
        </ExtendedData>
        <Polygon>
          <outerBoundaryIs>
            <LinearRing>
              <coordinates>
                -56.3832317006378,-24.2234149996131,0
                -56.3845964997137,-24.223513099965,0
                -56.384339200115,-24.2227676998002,0
                -56.3832632995205,-24.2226832999985,0
                -56.3832317006378,-24.2234149996131,0
              </coordinates>
            </LinearRing>
          </outerBoundaryIs>
        </Polygon>
      </Placemark>
      <Placemark id="Lote_I.23">
        <ExtendedData>
          <SchemaData schemaUrl="#Lote_I.schema">
            <SimpleData name="Cédula">7534610.00000000000</SimpleData>
            <SimpleData name="Nombres_y_">GLADYS ZUNILDA VILLALBA ENCISO</SimpleData>
            <SimpleData name="Sexo">Mujer</SimpleData>
            <SimpleData name="Cambio_de_">NO</SimpleData>
            <SimpleData name="Titular_se">NO</SimpleData>
            <SimpleData name="ci_UNIF">7534610.00000000000</SimpleData>
            <SimpleData name="Situación">NO</SimpleData>
            <SimpleData name="Comunidad">Campesina</SimpleData>
            <SimpleData name="Modelo_imp">Modelo 5</SimpleData>
            <SimpleData name="Departamen">SAN PEDRO</SimpleData>
            <SimpleData name="Distrito">GUAYAIBI</SimpleData>
            <SimpleData name="Localidad">ASENT. TORO PIRU 2</SimpleData>
            <SimpleData name="Teléfono">0</SimpleData>
            <SimpleData name="Vivienda_L">-24.32907110000</SimpleData>
            <SimpleData name="Vivienda_1">-56.43976450000</SimpleData>
            <SimpleData name="Superficie">0.70000000000</SimpleData>
            <SimpleData name="Situaci_1">Par?metro</SimpleData>
            <SimpleData name="Plantado">SI</SimpleData>
            <SimpleData name="Fecha_Plan">2026/02/25</SimpleData>
            <SimpleData name="Jornales">0.00000000000</SimpleData>
            <SimpleData name="Monto">0.00000000000</SimpleData>
            <SimpleData name="Grupo_de_p">I-P1-XX-XX-XX</SimpleData>
            <SimpleData name="Estado_del">Activo</SimpleData>
            <SimpleData name="Empresa">Emilio Sol?s Grance</SimpleData>
            <SimpleData name="Lote">I</SimpleData>
            <SimpleData name="Parametro">0.00000000000</SimpleData>
            <SimpleData name="Sup_SIG">0.69842513070</SimpleData>
            <SimpleData name="X">-56.44110855000</SimpleData>
            <SimpleData name="Y">-24.32883810000</SimpleData>
            <SimpleData name="cedula">7534610</SimpleData>
            <SimpleData name="Cédula_1">7534610.00000000000</SimpleData>
            <SimpleData name="Estado_d_1">Activo</SimpleData>
            <SimpleData name="OBJECTID_1">6054</SimpleData>
            <SimpleData name="Shape_Leng">481.07650866100</SimpleData>
            <SimpleData name="Shape_Area">6984.25130704000</SimpleData>
          </SchemaData>
        </ExtendedData>
        <Polygon>
          <outerBoundaryIs>
            <LinearRing>
              <coordinates>
                -56.4404032992636,-24.3285950000612,0
                -56.4404366997842,-24.3287900001158,0
                -56.4408217991259,-24.3287835998227,0
                -56.4408435993096,-24.3290146997618,0
                -56.4403209994519,-24.3290494003535,0
                -56.4403413994347,-24.3291634996802,0
                -56.4416979997564,-24.3290896996645,0
                -56.4416687998144,-24.3285301000348,0
                -56.4404032992636,-24.3285950000612,0
              </coordinates>
            </LinearRing>
          </outerBoundaryIs>
        </Polygon>
      </Placemark>
      <Placemark id="Lote_I.24">
        <ExtendedData>
          <SchemaData schemaUrl="#Lote_I.schema">
            <SimpleData name="Cédula">5602915.00000000000</SimpleData>
            <SimpleData name="Nombres_y_">LIZ MARIELA BAREIRO MARTINEZ</SimpleData>
            <SimpleData name="Sexo">Mujer</SimpleData>
            <SimpleData name="Cambio_de_">NO</SimpleData>
            <SimpleData name="Titular_se">NO</SimpleData>
            <SimpleData name="ci_UNIF">5602915.00000000000</SimpleData>
            <SimpleData name="Situación">NO</SimpleData>
            <SimpleData name="Comunidad">Campesina</SimpleData>
            <SimpleData name="Modelo_imp">Modelo 3</SimpleData>
            <SimpleData name="Departamen">SAN PEDRO</SimpleData>
            <SimpleData name="Distrito">GUAYAIBI</SimpleData>
            <SimpleData name="Localidad">CALLE 2000</SimpleData>
            <SimpleData name="Teléfono">0984380343</SimpleData>
            <SimpleData name="Vivienda_L">-24.54654300000</SimpleData>
            <SimpleData name="Vivienda_1">-56.42063560000</SimpleData>
            <SimpleData name="Superficie">1.00000000000</SimpleData>
            <SimpleData name="Situaci_1">Par?metro</SimpleData>
            <SimpleData name="Plantado">SI</SimpleData>
            <SimpleData name="Fecha_Plan">2026/01/14</SimpleData>
            <SimpleData name="Jornales">0.00000000000</SimpleData>
            <SimpleData name="Monto">0.00000000000</SimpleData>
            <SimpleData name="Grupo_de_p">I-P1-XX-XX-XX</SimpleData>
            <SimpleData name="Estado_del">Activo</SimpleData>
            <SimpleData name="Empresa">Emilio Sol?s Grance</SimpleData>
            <SimpleData name="Lote">I</SimpleData>
            <SimpleData name="Parametro">0.00000000000</SimpleData>
            <SimpleData name="Sup_SIG">1.16691712960</SimpleData>
            <SimpleData name="X">-56.42052937000</SimpleData>
            <SimpleData name="Y">-24.54174991000</SimpleData>
            <SimpleData name="cedula">5602915</SimpleData>
            <SimpleData name="Cédula_1">5602915.00000000000</SimpleData>
            <SimpleData name="Estado_d_1">Activo</SimpleData>
            <SimpleData name="OBJECTID_1">6036</SimpleData>
            <SimpleData name="Shape_Leng">461.33528166700</SimpleData>
            <SimpleData name="Shape_Area">11669.17129600000</SimpleData>
          </SchemaData>
        </ExtendedData>
        <Polygon>
          <outerBoundaryIs>
            <LinearRing>
              <coordinates>
                -56.4201326996642,-24.5410106996328,0
                -56.4201541995186,-24.542403099714,0
                -56.4210999001355,-24.5423467001086,0
                -56.4207033000214,-24.541009999922,0
                -56.4201326996642,-24.5410106996328,0
              </coordinates>
            </LinearRing>
          </outerBoundaryIs>
        </Polygon>
      </Placemark>
      <Placemark id="Lote_I.25">
        <ExtendedData>
          <SchemaData schemaUrl="#Lote_I.schema">
            <SimpleData name="Cédula">3577950.00000000000</SimpleData>
            <SimpleData name="Nombres_y_">LUCIA LOPEZ CACERES</SimpleData>
            <SimpleData name="Sexo">Mujer</SimpleData>
            <SimpleData name="Cambio_de_">NO</SimpleData>
            <SimpleData name="Titular_se">NO</SimpleData>
            <SimpleData name="ci_UNIF">3577950.00000000000</SimpleData>
            <SimpleData name="Situación">NO</SimpleData>
            <SimpleData name="Comunidad">Campesina</SimpleData>
            <SimpleData name="Modelo_imp">Modelo 1</SimpleData>
            <SimpleData name="Departamen">SAN PEDRO</SimpleData>
            <SimpleData name="Distrito">CRUCE LIBERACION</SimpleData>
            <SimpleData name="Localidad">BARRIO SAN JORGE OESTE</SimpleData>
            <SimpleData name="Teléfono">0973441714</SimpleData>
            <SimpleData name="Vivienda_L">-24.22859080000</SimpleData>
            <SimpleData name="Vivienda_1">-56.43992950000</SimpleData>
            <SimpleData name="Superficie">0.80000000000</SimpleData>
            <SimpleData name="Situaci_1">Par?metro</SimpleData>
            <SimpleData name="Plantado">SI</SimpleData>
            <SimpleData name="Fecha_Plan">2026/02/25</SimpleData>
            <SimpleData name="Jornales">0.00000000000</SimpleData>
            <SimpleData name="Monto">0.00000000000</SimpleData>
            <SimpleData name="Grupo_de_p">I-P1-XX-XX-XX</SimpleData>
            <SimpleData name="Estado_del">Activo</SimpleData>
            <SimpleData name="Empresa">Emilio Sol?s Grance</SimpleData>
            <SimpleData name="Lote">I</SimpleData>
            <SimpleData name="Parametro">0.00000000000</SimpleData>
            <SimpleData name="Sup_SIG">0.91386231520</SimpleData>
            <SimpleData name="X">-56.44019945000</SimpleData>
            <SimpleData name="Y">-24.23307030000</SimpleData>
            <SimpleData name="cedula">3577950</SimpleData>
            <SimpleData name="Cédula_1">3577950.00000000000</SimpleData>
            <SimpleData name="Estado_d_1">Activo</SimpleData>
            <SimpleData name="OBJECTID_1">6000</SimpleData>
            <SimpleData name="Shape_Leng">476.50841183500</SimpleData>
            <SimpleData name="Shape_Area">9138.62315195000</SimpleData>
          </SchemaData>
        </ExtendedData>
        <Polygon>
          <outerBoundaryIs>
            <LinearRing>
              <coordinates>
                -56.4399340997974,-24.232221300019,0
                -56.4399917996889,-24.2339367000332,0
                -56.4404635994958,-24.2339224001047,0
                -56.4404080995945,-24.2322035996879,0
                -56.4399340997974,-24.232221300019,0
              </coordinates>
            </LinearRing>
          </outerBoundaryIs>
        </Polygon>
      </Placemark>
      <Placemark id="Lote_I.26">
        <ExtendedData>
          <SchemaData schemaUrl="#Lote_I.schema">
            <SimpleData name="Cédula">7203816.00000000000</SimpleData>
            <SimpleData name="Nombres_y_">FELICITA SANCHEZ</SimpleData>
            <SimpleData name="Sexo">Mujer</SimpleData>
            <SimpleData name="Cambio_de_">NO</SimpleData>
            <SimpleData name="Titular_se">NO</SimpleData>
            <SimpleData name="ci_UNIF">7203816.00000000000</SimpleData>
            <SimpleData name="Situación">NO</SimpleData>
            <SimpleData name="Comunidad">Campesina</SimpleData>
            <SimpleData name="Modelo_imp">Modelo 5</SimpleData>
            <SimpleData name="Departamen">SAN PEDRO</SimpleData>
            <SimpleData name="Distrito">GUAYAIBI</SimpleData>
            <SimpleData name="Localidad">ASENT. TORO PIRU 2</SimpleData>
            <SimpleData name="Teléfono">0983330286</SimpleData>
            <SimpleData name="Vivienda_L">-24.31737840000</SimpleData>
            <SimpleData name="Vivienda_1">-56.49054650000</SimpleData>
            <SimpleData name="Superficie">0.70000000000</SimpleData>
            <SimpleData name="Situaci_1">Par?metro</SimpleData>
            <SimpleData name="Plantado">SI</SimpleData>
            <SimpleData name="Fecha_Plan">2026/02/25</SimpleData>
            <SimpleData name="Jornales">0.00000000000</SimpleData>
            <SimpleData name="Monto">0.00000000000</SimpleData>
            <SimpleData name="Grupo_de_p">I-P1-XX-XX-XX</SimpleData>
            <SimpleData name="Estado_del">Activo</SimpleData>
            <SimpleData name="Empresa">Emilio Sol?s Grance</SimpleData>
            <SimpleData name="Lote">I</SimpleData>
            <SimpleData name="Parametro">0.00000000000</SimpleData>
            <SimpleData name="Sup_SIG">0.81200044645</SimpleData>
            <SimpleData name="X">-56.48983381000</SimpleData>
            <SimpleData name="Y">-24.32358932000</SimpleData>
            <SimpleData name="cedula">7203816</SimpleData>
            <SimpleData name="Cédula_1">7203816.00000000000</SimpleData>
            <SimpleData name="Estado_d_1">Activo</SimpleData>
            <SimpleData name="OBJECTID_1">6034</SimpleData>
            <SimpleData name="Shape_Leng">386.24246546900</SimpleData>
            <SimpleData name="Shape_Area">8120.00446454000</SimpleData>
          </SchemaData>
        </ExtendedData>
        <Polygon>
          <outerBoundaryIs>
            <LinearRing>
              <coordinates>
                -56.489185499251,-24.3238666002843,0
                -56.490453199731,-24.3238748998143,0
                -56.4905029991373,-24.323311399687,0
                -56.489186799138,-24.3233112998745,0
                -56.489185499251,-24.3238666002843,0
              </coordinates>
            </LinearRing>
          </outerBoundaryIs>
        </Polygon>
      </Placemark>
      <Placemark id="Lote_I.27">
        <ExtendedData>
          <SchemaData schemaUrl="#Lote_I.schema">
            <SimpleData name="Cédula">3319087.00000000000</SimpleData>
            <SimpleData name="Nombres_y_">NANCY GRACIELA AGUIRRE</SimpleData>
            <SimpleData name="Sexo">Mujer</SimpleData>
            <SimpleData name="Cambio_de_">NO</SimpleData>
            <SimpleData name="Titular_se">NO</SimpleData>
            <SimpleData name="ci_UNIF">3319087.00000000000</SimpleData>
            <SimpleData name="Situación">NO</SimpleData>
            <SimpleData name="Comunidad">Campesina</SimpleData>
            <SimpleData name="Modelo_imp">Modelo 4</SimpleData>
            <SimpleData name="Departamen">SAN PEDRO</SimpleData>
            <SimpleData name="Distrito">GUAYAIBI</SimpleData>
            <SimpleData name="Localidad">SANTO DOMINGO 2</SimpleData>
            <SimpleData name="Teléfono">0987166017</SimpleData>
            <SimpleData name="Vivienda_L">-24.37911400000</SimpleData>
            <SimpleData name="Vivienda_1">-56.32512030000</SimpleData>
            <SimpleData name="Superficie">0.70000000000</SimpleData>
            <SimpleData name="Situaci_1">Par?metro</SimpleData>
            <SimpleData name="Plantado">SI</SimpleData>
            <SimpleData name="Fecha_Plan">2026/02/06</SimpleData>
            <SimpleData name="Jornales">0.00000000000</SimpleData>
            <SimpleData name="Monto">0.00000000000</SimpleData>
            <SimpleData name="Grupo_de_p">I-P1-XX-XX-XX</SimpleData>
            <SimpleData name="Estado_del">Activo</SimpleData>
            <SimpleData name="Empresa">Emilio Sol?s Grance</SimpleData>
            <SimpleData name="Lote">I</SimpleData>
            <SimpleData name="Parametro">0.00000000000</SimpleData>
            <SimpleData name="Sup_SIG">0.72425241282</SimpleData>
            <SimpleData name="X">-56.32757354000</SimpleData>
            <SimpleData name="Y">-24.38397735000</SimpleData>
            <SimpleData name="cedula">3319087</SimpleData>
            <SimpleData name="Cédula_1">3319087.00000000000</SimpleData>
            <SimpleData name="Estado_d_1">Activo</SimpleData>
            <SimpleData name="OBJECTID_1">6027</SimpleData>
            <SimpleData name="Shape_Leng">343.24777309200</SimpleData>
            <SimpleData name="Shape_Area">7242.52412820000</SimpleData>
          </SchemaData>
        </ExtendedData>
        <Polygon>
          <outerBoundaryIs>
            <LinearRing>
              <coordinates>
                -56.3269706002647,-24.3839144003308,0
                -56.3273450000021,-24.3844767000407,0
                -56.3281483002798,-24.384091699913,0
                -56.3278221000856,-24.3834532001899,0
                -56.3269706002647,-24.3839144003308,0
              </coordinates>
            </LinearRing>
          </outerBoundaryIs>
        </Polygon>
      </Placemark>
      <Placemark id="Lote_I.28">
        <ExtendedData>
          <SchemaData schemaUrl="#Lote_I.schema">
            <SimpleData name="Cédula">5995628.00000000000</SimpleData>
            <SimpleData name="Nombres_y_">NILSA MARIBEL NOGUERA</SimpleData>
            <SimpleData name="Sexo">Mujer</SimpleData>
            <SimpleData name="Cambio_de_">NO</SimpleData>
            <SimpleData name="Titular_se">NO</SimpleData>
            <SimpleData name="ci_UNIF">5995628.00000000000</SimpleData>
            <SimpleData name="Situación">NO</SimpleData>
            <SimpleData name="Comunidad">Campesina</SimpleData>
            <SimpleData name="Modelo_imp">Modelo 5</SimpleData>
            <SimpleData name="Departamen">SAN PEDRO</SimpleData>
            <SimpleData name="Distrito">CRUCE LIBERACION</SimpleData>
            <SimpleData name="Localidad">CALLE SAN ANTONIO</SimpleData>
            <SimpleData name="Teléfono">0971496915</SimpleData>
            <SimpleData name="Vivienda_L">-24.25276950000</SimpleData>
            <SimpleData name="Vivienda_1">-56.44650910000</SimpleData>
            <SimpleData name="Superficie">0.70000000000</SimpleData>
            <SimpleData name="Situaci_1">Par?metro</SimpleData>
            <SimpleData name="Plantado">SI</SimpleData>
            <SimpleData name="Fecha_Plan">2026/02/17</SimpleData>
            <SimpleData name="Jornales">0.00000000000</SimpleData>
            <SimpleData name="Monto">0.00000000000</SimpleData>
            <SimpleData name="Grupo_de_p">I-P1-XX-XX-XX</SimpleData>
            <SimpleData name="Estado_del">Activo</SimpleData>
            <SimpleData name="Empresa">Emilio Sol?s Grance</SimpleData>
            <SimpleData name="Lote">I</SimpleData>
            <SimpleData name="Parametro">0.00000000000</SimpleData>
            <SimpleData name="Sup_SIG">0.76516392881</SimpleData>
            <SimpleData name="X">-56.44380979000</SimpleData>
            <SimpleData name="Y">-24.25285094000</SimpleData>
            <SimpleData name="cedula">5995628</SimpleData>
            <SimpleData name="Cédula_1">5995628.00000000000</SimpleData>
            <SimpleData name="Estado_d_1">Activo</SimpleData>
            <SimpleData name="OBJECTID_1">6010</SimpleData>
            <SimpleData name="Shape_Leng">350.50888755400</SimpleData>
            <SimpleData name="Shape_Area">7651.63928806000</SimpleData>
          </SchemaData>
        </ExtendedData>
        <Polygon>
          <outerBoundaryIs>
            <LinearRing>
              <coordinates>
                -56.4433432997417,-24.2532250002496,0
                -56.4441872004116,-24.2532947009747,0
                -56.4442458002059,-24.2524519001599,0
                -56.4434561995517,-24.2524122997531,0
                -56.4433432997417,-24.2532250002496,0
              </coordinates>
            </LinearRing>
          </outerBoundaryIs>
        </Polygon>
      </Placemark>
      <Placemark id="Lote_I.29">
        <ExtendedData>
          <SchemaData schemaUrl="#Lote_I.schema">
            <SimpleData name="Cédula">7018188.00000000000</SimpleData>
            <SimpleData name="Nombres_y_">OFELIA MABEL GARCETE MARTINEZ</SimpleData>
            <SimpleData name="Sexo">Mujer</SimpleData>
            <SimpleData name="Cambio_de_">NO</SimpleData>
            <SimpleData name="Titular_se">NO</SimpleData>
            <SimpleData name="ci_UNIF">7018188.00000000000</SimpleData>
            <SimpleData name="Situación">NO</SimpleData>
            <SimpleData name="Comunidad">Campesina</SimpleData>
            <SimpleData name="Modelo_imp">Modelo 5</SimpleData>
            <SimpleData name="Departamen">SAN PEDRO</SimpleData>
            <SimpleData name="Distrito">GUAYAIBI</SimpleData>
            <SimpleData name="Localidad">ASENT. TORO PIRU 2</SimpleData>
            <SimpleData name="Teléfono">0975330097</SimpleData>
            <SimpleData name="Vivienda_L">-24.31577250000</SimpleData>
            <SimpleData name="Vivienda_1">-56.52790510000</SimpleData>
            <SimpleData name="Superficie">0.70000000000</SimpleData>
            <SimpleData name="Situaci_1">Par?metro</SimpleData>
            <SimpleData name="Plantado">SI</SimpleData>
            <SimpleData name="Fecha_Plan">2026/02/25</SimpleData>
            <SimpleData name="Jornales">0.00000000000</SimpleData>
            <SimpleData name="Monto">0.00000000000</SimpleData>
            <SimpleData name="Grupo_de_p">I-P1-XX-XX-XX</SimpleData>
            <SimpleData name="Estado_del">Activo</SimpleData>
            <SimpleData name="Empresa">Emilio Sol?s Grance</SimpleData>
            <SimpleData name="Lote">I</SimpleData>
            <SimpleData name="Parametro">0.00000000000</SimpleData>
            <SimpleData name="Sup_SIG">0.70048971517</SimpleData>
            <SimpleData name="X">-56.52799338000</SimpleData>
            <SimpleData name="Y">-24.31468932000</SimpleData>
            <SimpleData name="cedula">7018188</SimpleData>
            <SimpleData name="Cédula_1">7018188.00000000000</SimpleData>
            <SimpleData name="Estado_d_1">Activo</SimpleData>
            <SimpleData name="OBJECTID_1">6039</SimpleData>
            <SimpleData name="Shape_Leng">345.19769146000</SimpleData>
            <SimpleData name="Shape_Area">7004.89715172000</SimpleData>
          </SchemaData>
        </ExtendedData>
        <Polygon>
          <outerBoundaryIs>
            <LinearRing>
              <coordinates>
                -56.5278450993056,-24.3151139998956,0
                -56.5278582996268,-24.315208600248,0
                -56.5282785994642,-24.3151608002453,0
                -56.5283650995781,-24.3142352001379,0
                -56.5277049996639,-24.3142050001917,0
                -56.527614999958,-24.3150882998007,0
                -56.5278450993056,-24.3151139998956,0
              </coordinates>
            </LinearRing>
          </outerBoundaryIs>
        </Polygon>
      </Placemark>
      <Placemark id="Lote_I.30">
        <ExtendedData>
          <SchemaData schemaUrl="#Lote_I.schema">
            <SimpleData name="Cédula">3763160.00000000000</SimpleData>
            <SimpleData name="Nombres_y_">BERNARDO GALEANO</SimpleData>
            <SimpleData name="Sexo">Hombre</SimpleData>
            <SimpleData name="Cambio_de_">NO</SimpleData>
            <SimpleData name="Titular_se">NO</SimpleData>
            <SimpleData name="ci_UNIF">3763160.00000000000</SimpleData>
            <SimpleData name="Situación">NO</SimpleData>
            <SimpleData name="Comunidad">Ind?gena</SimpleData>
            <SimpleData name="Modelo_imp">Modelo 5</SimpleData>
            <SimpleData name="Departamen">SAN PEDRO</SimpleData>
            <SimpleData name="Distrito">CHORE</SimpleData>
            <SimpleData name="Localidad"><![CDATA[COM INDIG ?U APU'A]]></SimpleData>
            <SimpleData name="Teléfono">0983798640</SimpleData>
            <SimpleData name="Vivienda_L">-24.33516650000</SimpleData>
            <SimpleData name="Vivienda_1">-56.54472820000</SimpleData>
            <SimpleData name="Superficie">0.70000000000</SimpleData>
            <SimpleData name="Situaci_1">Par?metro</SimpleData>
            <SimpleData name="Plantado">SI</SimpleData>
            <SimpleData name="Fecha_Plan">2025/12/18</SimpleData>
            <SimpleData name="Jornales">0.00000000000</SimpleData>
            <SimpleData name="Monto">0.00000000000</SimpleData>
            <SimpleData name="Grupo_de_p">I-P1-XX-XX-XX</SimpleData>
            <SimpleData name="Estado_del">Activo</SimpleData>
            <SimpleData name="Empresa">Emilio Sol?s Grance</SimpleData>
            <SimpleData name="Lote">I</SimpleData>
            <SimpleData name="Parametro">0.00000000000</SimpleData>
            <SimpleData name="Sup_SIG">0.74510186200</SimpleData>
            <SimpleData name="X">-56.54446528000</SimpleData>
            <SimpleData name="Y">-24.33485062000</SimpleData>
            <SimpleData name="cedula">3763160</SimpleData>
            <SimpleData name="Cédula_1">3763160.00000000000</SimpleData>
            <SimpleData name="Estado_d_1">Activo</SimpleData>
            <SimpleData name="OBJECTID_1">5928</SimpleData>
            <SimpleData name="Shape_Leng">418.62649175500</SimpleData>
            <SimpleData name="Shape_Area">7451.01861997000</SimpleData>
          </SchemaData>
        </ExtendedData>
        <Polygon>
          <outerBoundaryIs>
            <LinearRing>
              <coordinates>
                -56.5441314998369,-24.3344240999906,0
                -56.5441399997785,-24.3345800000588,0
                -56.5440848003392,-24.3345778002909,0
                -56.5441223004428,-24.3353559001098,0
                -56.5446461000218,-24.3354298998137,0
                -56.5446540002105,-24.3350180002495,0
                -56.5448182997961,-24.3350182998866,0
                -56.5447943004243,-24.3345343996023,0
                -56.5450831004718,-24.3345212999113,0
                -56.5450702996623,-24.3343850002343,0
                -56.5441314998369,-24.3344240999906,0
              </coordinates>
            </LinearRing>
          </outerBoundaryIs>
        </Polygon>
      </Placemark>
      <Placemark id="Lote_I.31">
        <ExtendedData>
          <SchemaData schemaUrl="#Lote_I.schema">
            <SimpleData name="Cédula">7608717.00000000000</SimpleData>
            <SimpleData name="Nombres_y_">RUHT NOEMI CABALLERO CUENCA</SimpleData>
            <SimpleData name="Sexo">Mujer</SimpleData>
            <SimpleData name="Cambio_de_">NO</SimpleData>
            <SimpleData name="Titular_se">NO</SimpleData>
            <SimpleData name="ci_UNIF">7608717.00000000000</SimpleData>
            <SimpleData name="Situación">NO</SimpleData>
            <SimpleData name="Comunidad">Campesina</SimpleData>
            <SimpleData name="Modelo_imp">Modelo 1</SimpleData>
            <SimpleData name="Departamen">SAN PEDRO</SimpleData>
            <SimpleData name="Distrito">GUAYAIBI</SimpleData>
            <SimpleData name="Localidad">CALLE 6000</SimpleData>
            <SimpleData name="Teléfono">0975772450</SimpleData>
            <SimpleData name="Vivienda_L">-24.58551260000</SimpleData>
            <SimpleData name="Vivienda_1">-56.42756560000</SimpleData>
            <SimpleData name="Superficie">0.80000000000</SimpleData>
            <SimpleData name="Situaci_1">Pol?gono</SimpleData>
            <SimpleData name="Plantado">SI</SimpleData>
            <SimpleData name="Fecha_Plan">2025/11/19</SimpleData>
            <SimpleData name="Jornales">0.00000000000</SimpleData>
            <SimpleData name="Monto">0.00000000000</SimpleData>
            <SimpleData name="Grupo_de_p">I-P1-XX-XX-XX</SimpleData>
            <SimpleData name="Estado_del">Activo</SimpleData>
            <SimpleData name="Empresa">Emilio Sol?s Grance</SimpleData>
            <SimpleData name="Lote">I</SimpleData>
            <SimpleData name="Parametro">0.00000000000</SimpleData>
            <SimpleData name="Sup_SIG">0.83124236439</SimpleData>
            <SimpleData name="X">-56.45462848000</SimpleData>
            <SimpleData name="Y">-24.60140588000</SimpleData>
            <SimpleData name="cedula">7608717</SimpleData>
            <SimpleData name="Cédula_1">7608717.00000000000</SimpleData>
            <SimpleData name="Estado_d_1">Activo</SimpleData>
            <SimpleData name="OBJECTID_1">6087</SimpleData>
            <SimpleData name="Shape_Leng">792.20875017800</SimpleData>
            <SimpleData name="Shape_Area">8312.42364392000</SimpleData>
          </SchemaData>
        </ExtendedData>
        <Polygon>
          <outerBoundaryIs>
            <LinearRing>
              <coordinates>
                -56.4533551999972,-24.6000302005666,0
                -56.4555700000819,-24.6027317000152,0
                -56.4557481004478,-24.6026270002566,0
                -56.4553679996911,-24.6022201993609,0
                -56.4553006996616,-24.6020594000256,0
                -56.4552591998235,-24.601929000378,0
                -56.4549315004193,-24.6014672004279,0
                -56.4549010002598,-24.601450800218,0
                -56.4547715994806,-24.6012870997728,0
                -56.4546856000273,-24.6012286004576,0
                -56.4545849991931,-24.6011849001689,0
                -56.4544959000982,-24.6010942994849,0
                -56.4544314002578,-24.6010760997549,0
                -56.4541309999362,-24.6006313000096,0
                -56.454068900335,-24.6006206996426,0
                -56.4539173995306,-24.6004541005531,0
                -56.4534698994553,-24.5999534996335,0
                -56.4533551999972,-24.6000302005666,0
              </coordinates>
            </LinearRing>
          </outerBoundaryIs>
        </Polygon>
      </Placemark>
      <Placemark id="Lote_I.32">
        <ExtendedData>
          <SchemaData schemaUrl="#Lote_I.schema">
            <SimpleData name="Cédula">3375676.00000000000</SimpleData>
            <SimpleData name="Nombres_y_">FIDELINA OJEDA</SimpleData>
            <SimpleData name="Sexo">Mujer</SimpleData>
            <SimpleData name="Cambio_de_">NO</SimpleData>
            <SimpleData name="Titular_se">NO</SimpleData>
            <SimpleData name="ci_UNIF">3375676.00000000000</SimpleData>
            <SimpleData name="Situación">NO</SimpleData>
            <SimpleData name="Comunidad">Campesina</SimpleData>
            <SimpleData name="Modelo_imp">Modelo 1</SimpleData>
            <SimpleData name="Departamen">SAN PEDRO</SimpleData>
            <SimpleData name="Distrito">CHORE</SimpleData>
            <SimpleData name="Localidad">PUERTO LA NI?A</SimpleData>
            <SimpleData name="Teléfono">0975905560</SimpleData>
            <SimpleData name="Vivienda_L">-24.09397060000</SimpleData>
            <SimpleData name="Vivienda_1">-56.71719900000</SimpleData>
            <SimpleData name="Superficie">0.80000000000</SimpleData>
            <SimpleData name="Situaci_1">Par?metro</SimpleData>
            <SimpleData name="Plantado">SI</SimpleData>
            <SimpleData name="Fecha_Plan">2026/02/26</SimpleData>
            <SimpleData name="Jornales">0.00000000000</SimpleData>
            <SimpleData name="Monto">0.00000000000</SimpleData>
            <SimpleData name="Grupo_de_p">I-P1-XX-XX-XX</SimpleData>
            <SimpleData name="Estado_del">Activo</SimpleData>
            <SimpleData name="Empresa">Emilio Sol?s Grance</SimpleData>
            <SimpleData name="Lote">I</SimpleData>
            <SimpleData name="Parametro">0.00000000000</SimpleData>
            <SimpleData name="Sup_SIG">1.05402043128</SimpleData>
            <SimpleData name="X">-56.71569230000</SimpleData>
            <SimpleData name="Y">-24.10196913000</SimpleData>
            <SimpleData name="cedula">3375676</SimpleData>
            <SimpleData name="Cédula_1">3375676.00000000000</SimpleData>
            <SimpleData name="Estado_d_1">Activo</SimpleData>
            <SimpleData name="OBJECTID_1">5970</SimpleData>
            <SimpleData name="Shape_Leng">521.42222490900</SimpleData>
            <SimpleData name="Shape_Area">10540.20431280000</SimpleData>
          </SchemaData>
        </ExtendedData>
        <Polygon>
          <outerBoundaryIs>
            <LinearRing>
              <coordinates>
                -56.7155221992276,-24.1009741003666,0
                -56.7153756999873,-24.1029192005174,0
                -56.7158808992279,-24.1029020997673,0
                -56.7160008996148,-24.1010567996441,0
                -56.7155221992276,-24.1009741003666,0
              </coordinates>
            </LinearRing>
          </outerBoundaryIs>
        </Polygon>
      </Placemark>
      <Placemark id="Lote_I.33">
        <ExtendedData>
          <SchemaData schemaUrl="#Lote_I.schema">
            <SimpleData name="Cédula">3900412.00000000000</SimpleData>
            <SimpleData name="Nombres_y_">MARCELINA MERELE ESPINOLA</SimpleData>
            <SimpleData name="Sexo">Mujer</SimpleData>
            <SimpleData name="Cambio_de_">NO</SimpleData>
            <SimpleData name="Titular_se">NO</SimpleData>
            <SimpleData name="ci_UNIF">3900412.00000000000</SimpleData>
            <SimpleData name="Situación">NO</SimpleData>
            <SimpleData name="Comunidad">Campesina</SimpleData>
            <SimpleData name="Modelo_imp">Modelo 4</SimpleData>
            <SimpleData name="Departamen">SAN PEDRO</SimpleData>
            <SimpleData name="Distrito">GUAYAIBI</SimpleData>
            <SimpleData name="Localidad">SAN ROQUE</SimpleData>
            <SimpleData name="Teléfono">0982729208</SimpleData>
            <SimpleData name="Vivienda_L">-24.37880100000</SimpleData>
            <SimpleData name="Vivienda_1">-56.32603140000</SimpleData>
            <SimpleData name="Superficie">0.70000000000</SimpleData>
            <SimpleData name="Situaci_1">Par?metro</SimpleData>
            <SimpleData name="Plantado">SI</SimpleData>
            <SimpleData name="Fecha_Plan">2026/02/06</SimpleData>
            <SimpleData name="Jornales">0.00000000000</SimpleData>
            <SimpleData name="Monto">0.00000000000</SimpleData>
            <SimpleData name="Grupo_de_p">I-P1-XX-XX-XX</SimpleData>
            <SimpleData name="Estado_del">Activo</SimpleData>
            <SimpleData name="Empresa">Emilio Sol?s Grance</SimpleData>
            <SimpleData name="Lote">I</SimpleData>
            <SimpleData name="Parametro">0.00000000000</SimpleData>
            <SimpleData name="Sup_SIG">0.71166324635</SimpleData>
            <SimpleData name="X">-56.32870810000</SimpleData>
            <SimpleData name="Y">-24.38411764000</SimpleData>
            <SimpleData name="cedula">3900412</SimpleData>
            <SimpleData name="Cédula_1">3900412.00000000000</SimpleData>
            <SimpleData name="Estado_d_1">Activo</SimpleData>
            <SimpleData name="OBJECTID_1">6023</SimpleData>
            <SimpleData name="Shape_Leng">343.80418876400</SimpleData>
            <SimpleData name="Shape_Area">7116.63246348000</SimpleData>
          </SchemaData>
        </ExtendedData>
        <Polygon>
          <outerBoundaryIs>
            <LinearRing>
              <coordinates>
                -56.3281249993494,-24.3840150002065,0
                -56.3283858996078,-24.3846112001916,0
                -56.3293082996286,-24.3841950006874,0
                -56.3290208995614,-24.3836366005706,0
                -56.3281249993494,-24.3840150002065,0
              </coordinates>
            </LinearRing>
          </outerBoundaryIs>
        </Polygon>
      </Placemark>
      <Placemark id="Lote_I.34">
        <ExtendedData>
          <SchemaData schemaUrl="#Lote_I.schema">
            <SimpleData name="Cédula">2433676.00000000000</SimpleData>
            <SimpleData name="Nombres_y_">EMILIO ORTIZ ZOILAN</SimpleData>
            <SimpleData name="Sexo">Hombre</SimpleData>
            <SimpleData name="Cambio_de_">NO</SimpleData>
            <SimpleData name="Titular_se">NO</SimpleData>
            <SimpleData name="ci_UNIF">2433676.00000000000</SimpleData>
            <SimpleData name="Situación">NO</SimpleData>
            <SimpleData name="Comunidad">Campesina</SimpleData>
            <SimpleData name="Modelo_imp">Modelo 5</SimpleData>
            <SimpleData name="Departamen">SAN PEDRO</SimpleData>
            <SimpleData name="Distrito">GUAYAIBI</SimpleData>
            <SimpleData name="Localidad">ASENT. TORO PIRU 2</SimpleData>
            <SimpleData name="Teléfono">0975937723</SimpleData>
            <SimpleData name="Vivienda_L">-24.31872980000</SimpleData>
            <SimpleData name="Vivienda_1">-56.43728810000</SimpleData>
            <SimpleData name="Superficie">0.70000000000</SimpleData>
            <SimpleData name="Situaci_1">Par?metro</SimpleData>
            <SimpleData name="Plantado">SI</SimpleData>
            <SimpleData name="Fecha_Plan">2026/02/25</SimpleData>
            <SimpleData name="Jornales">0.00000000000</SimpleData>
            <SimpleData name="Monto">0.00000000000</SimpleData>
            <SimpleData name="Grupo_de_p">I-P1-XX-XX-XX</SimpleData>
            <SimpleData name="Estado_del">Activo</SimpleData>
            <SimpleData name="Empresa">Emilio Sol?s Grance</SimpleData>
            <SimpleData name="Lote">I</SimpleData>
            <SimpleData name="Parametro">0.00000000000</SimpleData>
            <SimpleData name="Sup_SIG">0.90249341091</SimpleData>
            <SimpleData name="X">-56.43758288000</SimpleData>
            <SimpleData name="Y">-24.31607076000</SimpleData>
            <SimpleData name="cedula">2433676</SimpleData>
            <SimpleData name="Cédula_1">2433676.00000000000</SimpleData>
            <SimpleData name="Estado_d_1">Activo</SimpleData>
            <SimpleData name="OBJECTID_1">6046</SimpleData>
            <SimpleData name="Shape_Leng">386.34728791300</SimpleData>
            <SimpleData name="Shape_Area">9024.93410905000</SimpleData>
          </SchemaData>
        </ExtendedData>
        <Polygon>
          <outerBoundaryIs>
            <LinearRing>
              <coordinates>
                -56.4371482994279,-24.3165300000766,0
                -56.4379263992792,-24.3166339003349,0
                -56.4380105990752,-24.3155815002555,0
                -56.4372320991463,-24.315534399816,0
                -56.4371482994279,-24.3165300000766,0
              </coordinates>
            </LinearRing>
          </outerBoundaryIs>
        </Polygon>
      </Placemark>
      <Placemark id="Lote_I.35">
        <ExtendedData>
          <SchemaData schemaUrl="#Lote_I.schema">
            <SimpleData name="Cédula">3959135.00000000000</SimpleData>
            <SimpleData name="Nombres_y_">SALVADORA AGUAYO SOSA</SimpleData>
            <SimpleData name="Sexo">Mujer</SimpleData>
            <SimpleData name="Cambio_de_">NO</SimpleData>
            <SimpleData name="Titular_se">NO</SimpleData>
            <SimpleData name="ci_UNIF">3959135.00000000000</SimpleData>
            <SimpleData name="Situación">NO</SimpleData>
            <SimpleData name="Comunidad">Campesina</SimpleData>
            <SimpleData name="Modelo_imp">Modelo 3</SimpleData>
            <SimpleData name="Departamen">SAN PEDRO</SimpleData>
            <SimpleData name="Distrito">CRUCE LIBERACION</SimpleData>
            <SimpleData name="Localidad">BARRIO SAN JOSE</SimpleData>
            <SimpleData name="Teléfono">0975828480</SimpleData>
            <SimpleData name="Vivienda_L">-24.30088910000</SimpleData>
            <SimpleData name="Vivienda_1">-56.48980150000</SimpleData>
            <SimpleData name="Superficie">1.00000000000</SimpleData>
            <SimpleData name="Situaci_1">Par?metro</SimpleData>
            <SimpleData name="Plantado">SI</SimpleData>
            <SimpleData name="Fecha_Plan">2026/02/13</SimpleData>
            <SimpleData name="Jornales">0.00000000000</SimpleData>
            <SimpleData name="Monto">0.00000000000</SimpleData>
            <SimpleData name="Grupo_de_p">I-P1-XX-XX-XX</SimpleData>
            <SimpleData name="Estado_del">Activo</SimpleData>
            <SimpleData name="Empresa">Emilio Sol?s Grance</SimpleData>
            <SimpleData name="Lote">I</SimpleData>
            <SimpleData name="Parametro">0.00000000000</SimpleData>
            <SimpleData name="Sup_SIG">1.00372987719</SimpleData>
            <SimpleData name="X">-56.48322698000</SimpleData>
            <SimpleData name="Y">-24.29023696000</SimpleData>
            <SimpleData name="cedula">3959135</SimpleData>
            <SimpleData name="Cédula_1">3959135.00000000000</SimpleData>
            <SimpleData name="Estado_d_1">Activo</SimpleData>
            <SimpleData name="OBJECTID_1">7245</SimpleData>
            <SimpleData name="Shape_Leng">402.23575487300</SimpleData>
            <SimpleData name="Shape_Area">10037.29877190000</SimpleData>
          </SchemaData>
        </ExtendedData>
        <Polygon>
          <outerBoundaryIs>
            <LinearRing>
              <coordinates>
                -56.4826629998075,-24.2906562007858,0
                -56.4837570998424,-24.2906855997804,0
                -56.4837117001248,-24.2898383000204,0
                -56.4828213997416,-24.2897118010985,0
                -56.4826629998075,-24.2906562007858,0
              </coordinates>
            </LinearRing>
          </outerBoundaryIs>
        </Polygon>
      </Placemark>
      <Placemark id="Lote_I.36">
        <ExtendedData>
          <SchemaData schemaUrl="#Lote_I.schema">
            <SimpleData name="Cédula">5319484.00000000000</SimpleData>
            <SimpleData name="Nombres_y_">PABLINA BOGARIN PEREIRA</SimpleData>
            <SimpleData name="Sexo">Mujer</SimpleData>
            <SimpleData name="Cambio_de_">NO</SimpleData>
            <SimpleData name="Titular_se">NO</SimpleData>
            <SimpleData name="ci_UNIF">5319484.00000000000</SimpleData>
            <SimpleData name="Situación">NO</SimpleData>
            <SimpleData name="Comunidad">Campesina</SimpleData>
            <SimpleData name="Modelo_imp">Modelo 5</SimpleData>
            <SimpleData name="Departamen">SAN PEDRO</SimpleData>
            <SimpleData name="Distrito">CRUCE LIBERACION</SimpleData>
            <SimpleData name="Localidad">BARRIO SANTA LUCIA</SimpleData>
            <SimpleData name="Teléfono">0975943293</SimpleData>
            <SimpleData name="Vivienda_L">-24.17829600000</SimpleData>
            <SimpleData name="Vivienda_1">-56.47955810000</SimpleData>
            <SimpleData name="Superficie">0.70000000000</SimpleData>
            <SimpleData name="Situaci_1">Par?metro</SimpleData>
            <SimpleData name="Plantado">SI</SimpleData>
            <SimpleData name="Fecha_Plan">2026/02/24</SimpleData>
            <SimpleData name="Jornales">0.00000000000</SimpleData>
            <SimpleData name="Monto">0.00000000000</SimpleData>
            <SimpleData name="Grupo_de_p">I-P1-XX-XX-XX</SimpleData>
            <SimpleData name="Estado_del">Activo</SimpleData>
            <SimpleData name="Empresa">Emilio Sol?s Grance</SimpleData>
            <SimpleData name="Lote">I</SimpleData>
            <SimpleData name="Parametro">0.00000000000</SimpleData>
            <SimpleData name="Sup_SIG">0.79104423227</SimpleData>
            <SimpleData name="X">-56.47984597000</SimpleData>
            <SimpleData name="Y">-24.17925580000</SimpleData>
            <SimpleData name="cedula">5319484</SimpleData>
            <SimpleData name="Cédula_1">5319484.00000000000</SimpleData>
            <SimpleData name="Estado_d_1">Activo</SimpleData>
            <SimpleData name="OBJECTID_1">7241</SimpleData>
            <SimpleData name="Shape_Leng">480.00489948300</SimpleData>
            <SimpleData name="Shape_Area">7910.44232274000</SimpleData>
          </SchemaData>
        </ExtendedData>
        <MultiGeometry>
          <Polygon>
            <outerBoundaryIs>
              <LinearRing>
                <coordinates>
                  -56.4803119996685,-24.1796961004943,0
                  -56.480402199716,-24.1789714998416,0
                  -56.4796511995129,-24.1788628004082,0
                  -56.4795132997054,-24.179576600066,0
                  -56.4803119996685,-24.1796961004943,0
                </coordinates>
              </LinearRing>
            </outerBoundaryIs>
          </Polygon>
          <Polygon>
            <outerBoundaryIs>
              <LinearRing>
                <coordinates>
                  -56.4795517998292,-24.1793102004627,0
                  -56.4795695998584,-24.179042699656,0
                  -56.4790897995464,-24.1789840000015,0
                  -56.4790636999687,-24.1792617000264,0
                  -56.4795517998292,-24.1793102004627,0
                </coordinates>
              </LinearRing>
            </outerBoundaryIs>
          </Polygon>
        </MultiGeometry>
      </Placemark>
      <Placemark id="Lote_I.37">
        <ExtendedData>
          <SchemaData schemaUrl="#Lote_I.schema">
            <SimpleData name="Cédula">6106044.00000000000</SimpleData>
            <SimpleData name="Nombres_y_">TOMASA ALEGRE MARTINEZ</SimpleData>
            <SimpleData name="Sexo">Mujer</SimpleData>
            <SimpleData name="Cambio_de_">NO</SimpleData>
            <SimpleData name="Titular_se">NO</SimpleData>
            <SimpleData name="ci_UNIF">6106044.00000000000</SimpleData>
            <SimpleData name="Situación">NO</SimpleData>
            <SimpleData name="Comunidad">Campesina</SimpleData>
            <SimpleData name="Modelo_imp">Modelo 5</SimpleData>
            <SimpleData name="Departamen">SAN PEDRO</SimpleData>
            <SimpleData name="Distrito">CRUCE LIBERACION</SimpleData>
            <SimpleData name="Localidad">COLONIA FELICIDAD</SimpleData>
            <SimpleData name="Teléfono">0986449338</SimpleData>
            <SimpleData name="Vivienda_L">-24.17070300000</SimpleData>
            <SimpleData name="Vivienda_1">-56.36778690000</SimpleData>
            <SimpleData name="Superficie">0.70000000000</SimpleData>
            <SimpleData name="Situaci_1">Par?metro</SimpleData>
            <SimpleData name="Plantado">SI</SimpleData>
            <SimpleData name="Fecha_Plan">2026/01/27</SimpleData>
            <SimpleData name="Jornales">0.00000000000</SimpleData>
            <SimpleData name="Monto">0.00000000000</SimpleData>
            <SimpleData name="Grupo_de_p">I-P1-XX-XX-XX</SimpleData>
            <SimpleData name="Estado_del">Activo</SimpleData>
            <SimpleData name="Empresa">Emilio Sol?s Grance</SimpleData>
            <SimpleData name="Lote">I</SimpleData>
            <SimpleData name="Parametro">0.00000000000</SimpleData>
            <SimpleData name="Sup_SIG">0.73868890128</SimpleData>
            <SimpleData name="X">-56.36767486000</SimpleData>
            <SimpleData name="Y">-24.17162452000</SimpleData>
            <SimpleData name="cedula">6106044</SimpleData>
            <SimpleData name="Cédula_1">6106044.00000000000</SimpleData>
            <SimpleData name="Estado_d_1">Activo</SimpleData>
            <SimpleData name="OBJECTID_1">7239</SimpleData>
            <SimpleData name="Shape_Leng">365.56866610800</SimpleData>
            <SimpleData name="Shape_Area">7386.88901276000</SimpleData>
          </SchemaData>
        </ExtendedData>
        <Polygon>
          <outerBoundaryIs>
            <LinearRing>
              <coordinates>
                -56.3672635993222,-24.1720638002256,0
                -56.3679373998508,-24.1721378996267,0
                -56.3680758993222,-24.1710915999159,0
                -56.3677182000399,-24.1710822002095,0
                -56.3676820005461,-24.1712390006177,0
                -56.36734280001,-24.1712416997412,0
                -56.3672635993222,-24.1720638002256,0
              </coordinates>
            </LinearRing>
          </outerBoundaryIs>
        </Polygon>
      </Placemark>
      <Placemark id="Lote_I.38">
        <ExtendedData>
          <SchemaData schemaUrl="#Lote_I.schema">
            <SimpleData name="Cédula">7827958.00000000000</SimpleData>
            <SimpleData name="Nombres_y_">SARA TELLES CABALLERO</SimpleData>
            <SimpleData name="Sexo">Mujer</SimpleData>
            <SimpleData name="Cambio_de_">NO</SimpleData>
            <SimpleData name="Titular_se">NO</SimpleData>
            <SimpleData name="ci_UNIF">7827958.00000000000</SimpleData>
            <SimpleData name="Situación">NO</SimpleData>
            <SimpleData name="Comunidad">Campesina</SimpleData>
            <SimpleData name="Modelo_imp">Modelo 1</SimpleData>
            <SimpleData name="Departamen">SAN PEDRO</SimpleData>
            <SimpleData name="Distrito">CRUCE LIBERACION</SimpleData>
            <SimpleData name="Localidad">MARIA AUXILIADORA (COL NAVIDAD)</SimpleData>
            <SimpleData name="Teléfono">0983243290</SimpleData>
            <SimpleData name="Vivienda_L">-24.30361770000</SimpleData>
            <SimpleData name="Vivienda_1">-56.44125280000</SimpleData>
            <SimpleData name="Superficie">0.80000000000</SimpleData>
            <SimpleData name="Situaci_1">Par?metro</SimpleData>
            <SimpleData name="Plantado">SI</SimpleData>
            <SimpleData name="Fecha_Plan">2026/02/24</SimpleData>
            <SimpleData name="Jornales">0.00000000000</SimpleData>
            <SimpleData name="Monto">0.00000000000</SimpleData>
            <SimpleData name="Grupo_de_p">I-P1-XX-XX-XX</SimpleData>
            <SimpleData name="Estado_del">Activo</SimpleData>
            <SimpleData name="Empresa">Emilio Sol?s Grance</SimpleData>
            <SimpleData name="Lote">I</SimpleData>
            <SimpleData name="Parametro">0.00000000000</SimpleData>
            <SimpleData name="Sup_SIG">1.00814133818</SimpleData>
            <SimpleData name="X">-56.44143711000</SimpleData>
            <SimpleData name="Y">-24.30593995000</SimpleData>
            <SimpleData name="cedula">7827958</SimpleData>
            <SimpleData name="Cédula_1">7827958.00000000000</SimpleData>
            <SimpleData name="Estado_d_1">Activo</SimpleData>
            <SimpleData name="OBJECTID_1">6005</SimpleData>
            <SimpleData name="Shape_Leng">409.33458451500</SimpleData>
            <SimpleData name="Shape_Area">10081.41338180000</SimpleData>
          </SchemaData>
        </ExtendedData>
        <Polygon>
          <outerBoundaryIs>
            <LinearRing>
              <coordinates>
                -56.4410113992077,-24.3054001002943,0
                -56.4410513000057,-24.3065113005298,0
                -56.4418427993131,-24.3064803002348,0
                -56.4418482995919,-24.3053883002319,0
                -56.4410113992077,-24.3054001002943,0
              </coordinates>
            </LinearRing>
          </outerBoundaryIs>
        </Polygon>
      </Placemark>
      <Placemark id="Lote_I.39">
        <ExtendedData>
          <SchemaData schemaUrl="#Lote_I.schema">
            <SimpleData name="Cédula">7198981.00000000000</SimpleData>
            <SimpleData name="Nombres_y_">MAGDALENA GIMENEZ PE?A</SimpleData>
            <SimpleData name="Sexo">Mujer</SimpleData>
            <SimpleData name="Cambio_de_">NO</SimpleData>
            <SimpleData name="Titular_se">NO</SimpleData>
            <SimpleData name="ci_UNIF">7198981.00000000000</SimpleData>
            <SimpleData name="Situación">NO</SimpleData>
            <SimpleData name="Comunidad">Campesina</SimpleData>
            <SimpleData name="Modelo_imp">Modelo 5</SimpleData>
            <SimpleData name="Departamen">SAN PEDRO</SimpleData>
            <SimpleData name="Distrito">GUAYAIBI</SimpleData>
            <SimpleData name="Localidad">ASENT. TORO PIRU 1</SimpleData>
            <SimpleData name="Teléfono">0981068862</SimpleData>
            <SimpleData name="Vivienda_L">-24.29979020000</SimpleData>
            <SimpleData name="Vivienda_1">-56.44385750000</SimpleData>
            <SimpleData name="Superficie">0.70000000000</SimpleData>
            <SimpleData name="Situaci_1">Par?metro</SimpleData>
            <SimpleData name="Plantado">SI</SimpleData>
            <SimpleData name="Fecha_Plan">2026/02/25</SimpleData>
            <SimpleData name="Jornales">0.00000000000</SimpleData>
            <SimpleData name="Monto">0.00000000000</SimpleData>
            <SimpleData name="Grupo_de_p">I-P1-XX-XX-XX</SimpleData>
            <SimpleData name="Estado_del">Activo</SimpleData>
            <SimpleData name="Empresa">Emilio Sol?s Grance</SimpleData>
            <SimpleData name="Lote">I</SimpleData>
            <SimpleData name="Parametro">0.00000000000</SimpleData>
            <SimpleData name="Sup_SIG">0.70540553077</SimpleData>
            <SimpleData name="X">-56.44475225000</SimpleData>
            <SimpleData name="Y">-24.29938680000</SimpleData>
            <SimpleData name="cedula">7198981</SimpleData>
            <SimpleData name="Cédula_1">7198981.00000000000</SimpleData>
            <SimpleData name="Estado_d_1">Activo</SimpleData>
            <SimpleData name="OBJECTID_1">6030</SimpleData>
            <SimpleData name="Shape_Leng">477.61925033000</SimpleData>
            <SimpleData name="Shape_Area">7054.05530772000</SimpleData>
          </SchemaData>
        </ExtendedData>
        <MultiGeometry>
          <Polygon>
            <outerBoundaryIs>
              <LinearRing>
                <coordinates>
                  -56.4456017992645,-24.2996028003103,0
                  -56.4456208999573,-24.2991493997778,0
                  -56.4454012990981,-24.2991562001769,0
                  -56.4453482994344,-24.2995833004679,0
                  -56.4456017992645,-24.2996028003103,0
                </coordinates>
              </LinearRing>
            </outerBoundaryIs>
          </Polygon>
          <Polygon>
            <outerBoundaryIs>
              <LinearRing>
                <coordinates>
                  -56.4439791995523,-24.2996057002891,0
                  -56.4451832998351,-24.2996082999684,0
                  -56.4452093996326,-24.2991829999621,0
                  -56.4442700993717,-24.2991355997625,0
                  -56.4439921995604,-24.2993119004051,0
                  -56.4439791995523,-24.2996057002891,0
                </coordinates>
              </LinearRing>
            </outerBoundaryIs>
          </Polygon>
        </MultiGeometry>
      </Placemark>
      <Placemark id="Lote_I.40">
        <ExtendedData>
          <SchemaData schemaUrl="#Lote_I.schema">
            <SimpleData name="Cédula">1940533.00000000000</SimpleData>
            <SimpleData name="Nombres_y_">VIDALINA RECALDE DE BERNAL</SimpleData>
            <SimpleData name="Sexo">Mujer</SimpleData>
            <SimpleData name="Cambio_de_">NO</SimpleData>
            <SimpleData name="Titular_se">NO</SimpleData>
            <SimpleData name="ci_UNIF">1940533.00000000000</SimpleData>
            <SimpleData name="Situación">NO</SimpleData>
            <SimpleData name="Comunidad">Campesina</SimpleData>
            <SimpleData name="Modelo_imp">Modelo 5</SimpleData>
            <SimpleData name="Departamen">SAN PEDRO</SimpleData>
            <SimpleData name="Distrito">GUAYAIBI</SimpleData>
            <SimpleData name="Localidad">4000 TACUAPI</SimpleData>
            <SimpleData name="Teléfono">0976444967</SimpleData>
            <SimpleData name="Vivienda_L">-24.57117010000</SimpleData>
            <SimpleData name="Vivienda_1">-56.46106990000</SimpleData>
            <SimpleData name="Superficie">0.70000000000</SimpleData>
            <SimpleData name="Situaci_1">Pol?gono</SimpleData>
            <SimpleData name="Plantado">SI</SimpleData>
            <SimpleData name="Fecha_Plan">2025/11/19</SimpleData>
            <SimpleData name="Jornales">0.00000000000</SimpleData>
            <SimpleData name="Monto">0.00000000000</SimpleData>
            <SimpleData name="Grupo_de_p">I-P1-XX-XX-XX</SimpleData>
            <SimpleData name="Estado_del">Activo</SimpleData>
            <SimpleData name="Empresa">Emilio Sol?s Grance</SimpleData>
            <SimpleData name="Lote">I</SimpleData>
            <SimpleData name="Parametro">0.00000000000</SimpleData>
            <SimpleData name="Sup_SIG">0.69720363469</SimpleData>
            <SimpleData name="X">-56.46152276000</SimpleData>
            <SimpleData name="Y">-24.57462708000</SimpleData>
            <SimpleData name="cedula">1940533</SimpleData>
            <SimpleData name="Cédula_1">1940533.00000000000</SimpleData>
            <SimpleData name="Estado_d_1">Activo</SimpleData>
            <SimpleData name="OBJECTID_1">6067</SimpleData>
            <SimpleData name="Shape_Leng">336.41273725600</SimpleData>
            <SimpleData name="Shape_Area">6972.03634692000</SimpleData>
          </SchemaData>
        </ExtendedData>
        <Polygon>
          <outerBoundaryIs>
            <LinearRing>
              <coordinates>
                -56.4610642005304,-24.5742959005033,0
                -56.4610766995665,-24.5750067001121,0
                -56.4619981005014,-24.5749206997208,0
                -56.4619852000245,-24.5742827996819,0
                -56.4610642005304,-24.5742959005033,0
              </coordinates>
            </LinearRing>
          </outerBoundaryIs>
        </Polygon>
      </Placemark>
      <Placemark id="Lote_I.41">
        <ExtendedData>
          <SchemaData schemaUrl="#Lote_I.schema">
            <SimpleData name="Cédula">3588225.00000000000</SimpleData>
            <SimpleData name="Nombres_y_">BLANCA LIDIA CABRAL FIGUEREDO</SimpleData>
            <SimpleData name="Sexo">Mujer</SimpleData>
            <SimpleData name="Cambio_de_">NO</SimpleData>
            <SimpleData name="Titular_se">NO</SimpleData>
            <SimpleData name="ci_UNIF">3588225.00000000000</SimpleData>
            <SimpleData name="Situación">NO</SimpleData>
            <SimpleData name="Comunidad">Campesina</SimpleData>
            <SimpleData name="Modelo_imp">Modelo 1</SimpleData>
            <SimpleData name="Departamen">SAN PEDRO</SimpleData>
            <SimpleData name="Distrito">GUAYAIBI</SimpleData>
            <SimpleData name="Localidad">ASENT. TORO PIRU 2</SimpleData>
            <SimpleData name="Teléfono">0971380029</SimpleData>
            <SimpleData name="Vivienda_L">-24.31842620000</SimpleData>
            <SimpleData name="Vivienda_1">-56.44226020000</SimpleData>
            <SimpleData name="Superficie">0.80000000000</SimpleData>
            <SimpleData name="Situaci_1">Par?metro</SimpleData>
            <SimpleData name="Plantado">SI</SimpleData>
            <SimpleData name="Fecha_Plan">2026/02/26</SimpleData>
            <SimpleData name="Jornales">0.00000000000</SimpleData>
            <SimpleData name="Monto">0.00000000000</SimpleData>
            <SimpleData name="Grupo_de_p">I-P1-XX-XX-XX</SimpleData>
            <SimpleData name="Estado_del">Activo</SimpleData>
            <SimpleData name="Empresa">Emilio Sol?s Grance</SimpleData>
            <SimpleData name="Lote">I</SimpleData>
            <SimpleData name="Parametro">0.00000000000</SimpleData>
            <SimpleData name="Sup_SIG">0.88287948213</SimpleData>
            <SimpleData name="X">-56.44277567000</SimpleData>
            <SimpleData name="Y">-24.31411519000</SimpleData>
            <SimpleData name="cedula">3588225</SimpleData>
            <SimpleData name="Cédula_1">3588225.00000000000</SimpleData>
            <SimpleData name="Estado_d_1">Activo</SimpleData>
            <SimpleData name="OBJECTID_1">6015</SimpleData>
            <SimpleData name="Shape_Leng">376.50025847200</SimpleData>
            <SimpleData name="Shape_Area">8828.79482127000</SimpleData>
          </SchemaData>
        </ExtendedData>
        <Polygon>
          <outerBoundaryIs>
            <LinearRing>
              <coordinates>
                -56.4423430996236,-24.3136833002282,0
                -56.4422670992554,-24.3145386002129,0
                -56.4432366996452,-24.3145117002678,0
                -56.4432806995307,-24.3137193999492,0
                -56.4423430996236,-24.3136833002282,0
              </coordinates>
            </LinearRing>
          </outerBoundaryIs>
        </Polygon>
      </Placemark>
      <Placemark id="Lote_I.42">
        <ExtendedData>
          <SchemaData schemaUrl="#Lote_I.schema">
            <SimpleData name="Cédula">4383464.00000000000</SimpleData>
            <SimpleData name="Nombres_y_">PERLA ROJAS CARDOZO</SimpleData>
            <SimpleData name="Sexo">Mujer</SimpleData>
            <SimpleData name="Cambio_de_">NO</SimpleData>
            <SimpleData name="Titular_se">NO</SimpleData>
            <SimpleData name="ci_UNIF">4383464.00000000000</SimpleData>
            <SimpleData name="Situación">NO</SimpleData>
            <SimpleData name="Comunidad">Campesina</SimpleData>
            <SimpleData name="Modelo_imp">Modelo 1</SimpleData>
            <SimpleData name="Departamen">SAN PEDRO</SimpleData>
            <SimpleData name="Distrito">CRUCE LIBERACION</SimpleData>
            <SimpleData name="Localidad">SAN JORGE</SimpleData>
            <SimpleData name="Teléfono">0972261538</SimpleData>
            <SimpleData name="Vivienda_L">-24.15477530000</SimpleData>
            <SimpleData name="Vivienda_1">-56.44209110000</SimpleData>
            <SimpleData name="Superficie">0.80000000000</SimpleData>
            <SimpleData name="Situaci_1">Par?metro</SimpleData>
            <SimpleData name="Plantado">SI</SimpleData>
            <SimpleData name="Fecha_Plan">2026/02/11</SimpleData>
            <SimpleData name="Jornales">0.00000000000</SimpleData>
            <SimpleData name="Monto">0.00000000000</SimpleData>
            <SimpleData name="Grupo_de_p">I-P1-XX-XX-XX</SimpleData>
            <SimpleData name="Estado_del">Activo</SimpleData>
            <SimpleData name="Empresa">Emilio Sol?s Grance</SimpleData>
            <SimpleData name="Lote">I</SimpleData>
            <SimpleData name="Parametro">0.00000000000</SimpleData>
            <SimpleData name="Sup_SIG">0.84146265791</SimpleData>
            <SimpleData name="X">-56.44516206000</SimpleData>
            <SimpleData name="Y">-24.15547880000</SimpleData>
            <SimpleData name="cedula">4383464</SimpleData>
            <SimpleData name="Cédula_1">4383464.00000000000</SimpleData>
            <SimpleData name="Estado_d_1">Activo</SimpleData>
            <SimpleData name="OBJECTID_1">6006</SimpleData>
            <SimpleData name="Shape_Leng">455.52258046600</SimpleData>
            <SimpleData name="Shape_Area">8414.62657912000</SimpleData>
          </SchemaData>
        </ExtendedData>
        <Polygon>
          <outerBoundaryIs>
            <LinearRing>
              <coordinates>
                -56.4442673001485,-24.1555773002754,0
                -56.446012500506,-24.1557998004266,0
                -56.446069500348,-24.1553767996706,0
                -56.4442797001145,-24.1551624001293,0
                -56.4442673001485,-24.1555773002754,0
              </coordinates>
            </LinearRing>
          </outerBoundaryIs>
        </Polygon>
      </Placemark>
      <Placemark id="Lote_I.43">
        <ExtendedData>
          <SchemaData schemaUrl="#Lote_I.schema">
            <SimpleData name="Cédula">5565699.00000000000</SimpleData>
            <SimpleData name="Nombres_y_">LIMPIA CONCEPCION CABRERA CERDAN</SimpleData>
            <SimpleData name="Sexo">Mujer</SimpleData>
            <SimpleData name="Cambio_de_">NO</SimpleData>
            <SimpleData name="Titular_se">NO</SimpleData>
            <SimpleData name="ci_UNIF">5565699.00000000000</SimpleData>
            <SimpleData name="Situación">NO</SimpleData>
            <SimpleData name="Comunidad">Campesina</SimpleData>
            <SimpleData name="Modelo_imp">Modelo 3</SimpleData>
            <SimpleData name="Departamen">SAN PEDRO</SimpleData>
            <SimpleData name="Distrito">CRUCE LIBERACION</SimpleData>
            <SimpleData name="Localidad">COLONIA FELICIDAD</SimpleData>
            <SimpleData name="Teléfono">0983508335</SimpleData>
            <SimpleData name="Vivienda_L">-24.17096400000</SimpleData>
            <SimpleData name="Vivienda_1">-56.36930450000</SimpleData>
            <SimpleData name="Superficie">1.00000000000</SimpleData>
            <SimpleData name="Situaci_1">Par?metro</SimpleData>
            <SimpleData name="Plantado">SI</SimpleData>
            <SimpleData name="Fecha_Plan">2026/01/28</SimpleData>
            <SimpleData name="Jornales">0.00000000000</SimpleData>
            <SimpleData name="Monto">0.00000000000</SimpleData>
            <SimpleData name="Grupo_de_p">I-P1-XX-XX-XX</SimpleData>
            <SimpleData name="Estado_del">Activo</SimpleData>
            <SimpleData name="Empresa">Emilio Sol?s Grance</SimpleData>
            <SimpleData name="Lote">I</SimpleData>
            <SimpleData name="Parametro">0.00000000000</SimpleData>
            <SimpleData name="Sup_SIG">1.13675636261</SimpleData>
            <SimpleData name="X">-56.36948498000</SimpleData>
            <SimpleData name="Y">-24.16851701000</SimpleData>
            <SimpleData name="cedula">5565699</SimpleData>
            <SimpleData name="Cédula_1">5565699.00000000000</SimpleData>
            <SimpleData name="Estado_d_1">Activo</SimpleData>
            <SimpleData name="OBJECTID_1">7236</SimpleData>
            <SimpleData name="Shape_Leng">445.18677230700</SimpleData>
            <SimpleData name="Shape_Area">11367.56362610000</SimpleData>
          </SchemaData>
        </ExtendedData>
        <Polygon>
          <outerBoundaryIs>
            <LinearRing>
              <coordinates>
                -56.3690620999065,-24.1691615995298,0
                -56.36982169975,-24.1691750007868,0
                -56.3699328006196,-24.1679071998551,0
                -56.3691299997798,-24.1678499991792,0
                -56.3690620999065,-24.1691615995298,0
              </coordinates>
            </LinearRing>
          </outerBoundaryIs>
        </Polygon>
      </Placemark>
      <Placemark id="Lote_I.44">
        <ExtendedData>
          <SchemaData schemaUrl="#Lote_I.schema">
            <SimpleData name="Cédula">5864871.00000000000</SimpleData>
            <SimpleData name="Nombres_y_">BERNARDINA AGUILERA DIAZ</SimpleData>
            <SimpleData name="Sexo">Mujer</SimpleData>
            <SimpleData name="Cambio_de_">NO</SimpleData>
            <SimpleData name="Titular_se">NO</SimpleData>
            <SimpleData name="ci_UNIF">5864871.00000000000</SimpleData>
            <SimpleData name="Situación">NO</SimpleData>
            <SimpleData name="Comunidad">Campesina</SimpleData>
            <SimpleData name="Modelo_imp">Modelo 5</SimpleData>
            <SimpleData name="Departamen">SAN PEDRO</SimpleData>
            <SimpleData name="Distrito">GUAYAIBI</SimpleData>
            <SimpleData name="Localidad">ASENT. TORO PIRU 2</SimpleData>
            <SimpleData name="Teléfono">0983794194</SimpleData>
            <SimpleData name="Vivienda_L">-24.31753740000</SimpleData>
            <SimpleData name="Vivienda_1">-56.48597530000</SimpleData>
            <SimpleData name="Superficie">0.70000000000</SimpleData>
            <SimpleData name="Situaci_1">Par?metro</SimpleData>
            <SimpleData name="Plantado">SI</SimpleData>
            <SimpleData name="Fecha_Plan">2026/02/25</SimpleData>
            <SimpleData name="Jornales">0.00000000000</SimpleData>
            <SimpleData name="Monto">0.00000000000</SimpleData>
            <SimpleData name="Grupo_de_p">I-P1-XX-XX-XX</SimpleData>
            <SimpleData name="Estado_del">Activo</SimpleData>
            <SimpleData name="Empresa">Emilio Sol?s Grance</SimpleData>
            <SimpleData name="Lote">I</SimpleData>
            <SimpleData name="Parametro">0.00000000000</SimpleData>
            <SimpleData name="Sup_SIG">0.74922965582</SimpleData>
            <SimpleData name="X">-56.48600486000</SimpleData>
            <SimpleData name="Y">-24.32021752000</SimpleData>
            <SimpleData name="cedula">5864871</SimpleData>
            <SimpleData name="Cédula_1">5864871.00000000000</SimpleData>
            <SimpleData name="Estado_d_1">Activo</SimpleData>
            <SimpleData name="OBJECTID_1">6021</SimpleData>
            <SimpleData name="Shape_Leng">492.40110172400</SimpleData>
            <SimpleData name="Shape_Area">7492.29655824000</SimpleData>
          </SchemaData>
        </ExtendedData>
        <MultiGeometry>
          <Polygon>
            <outerBoundaryIs>
              <LinearRing>
                <coordinates>
                  -56.4862654992085,-24.3216405004142,0
                  -56.4862577994401,-24.3212688005214,0
                  -56.4856309997786,-24.3212372998988,0
                  -56.4856066992465,-24.3216267000126,0
                  -56.4862654992085,-24.3216405004142,0
                </coordinates>
              </LinearRing>
            </outerBoundaryIs>
          </Polygon>
          <Polygon>
            <outerBoundaryIs>
              <LinearRing>
                <coordinates>
                  -56.4862779997155,-24.3205886001213,0
                  -56.4863296999319,-24.3198814003944,0
                  -56.4857255997807,-24.3198539997524,0
                  -56.4856822992788,-24.320548800115,0
                  -56.4862779997155,-24.3205886001213,0
                </coordinates>
              </LinearRing>
            </outerBoundaryIs>
          </Polygon>
        </MultiGeometry>
      </Placemark>
      <Placemark id="Lote_I.45">
        <ExtendedData>
          <SchemaData schemaUrl="#Lote_I.schema">
            <SimpleData name="Cédula">1751177.00000000000</SimpleData>
            <SimpleData name="Nombres_y_">SIMON CABRAL ROMERO</SimpleData>
            <SimpleData name="Sexo">Hombre</SimpleData>
            <SimpleData name="Cambio_de_">NO</SimpleData>
            <SimpleData name="Titular_se">NO</SimpleData>
            <SimpleData name="ci_UNIF">1751177.00000000000</SimpleData>
            <SimpleData name="Situación">NO</SimpleData>
            <SimpleData name="Comunidad">Campesina</SimpleData>
            <SimpleData name="Modelo_imp">Modelo 2</SimpleData>
            <SimpleData name="Departamen">SAN PEDRO</SimpleData>
            <SimpleData name="Distrito">CHORE</SimpleData>
            <SimpleData name="Localidad">PUERTO LA NI?A</SimpleData>
            <SimpleData name="Teléfono">0983315152</SimpleData>
            <SimpleData name="Vivienda_L">-24.09435550000</SimpleData>
            <SimpleData name="Vivienda_1">-56.71855950000</SimpleData>
            <SimpleData name="Superficie">0.80000000000</SimpleData>
            <SimpleData name="Situaci_1">Par?metro</SimpleData>
            <SimpleData name="Plantado">SI</SimpleData>
            <SimpleData name="Fecha_Plan">2026/02/26</SimpleData>
            <SimpleData name="Jornales">0.00000000000</SimpleData>
            <SimpleData name="Monto">0.00000000000</SimpleData>
            <SimpleData name="Grupo_de_p">I-P1-XX-XX-XX</SimpleData>
            <SimpleData name="Estado_del">Activo</SimpleData>
            <SimpleData name="Empresa">Emilio Sol?s Grance</SimpleData>
            <SimpleData name="Lote">I</SimpleData>
            <SimpleData name="Parametro">0.00000000000</SimpleData>
            <SimpleData name="Sup_SIG">0.98438879853</SimpleData>
            <SimpleData name="X">-56.72301259000</SimpleData>
            <SimpleData name="Y">-24.10167394000</SimpleData>
            <SimpleData name="cedula">1751177</SimpleData>
            <SimpleData name="Cédula_1">1751177.00000000000</SimpleData>
            <SimpleData name="Estado_d_1">Activo</SimpleData>
            <SimpleData name="OBJECTID_1">5968</SimpleData>
            <SimpleData name="Shape_Leng">397.15756248400</SimpleData>
            <SimpleData name="Shape_Area">9843.88798530000</SimpleData>
          </SchemaData>
        </ExtendedData>
        <Polygon>
          <outerBoundaryIs>
            <LinearRing>
              <coordinates>
                -56.7225311999818,-24.1021231996455,0
                -56.7234546990994,-24.1021499997171,0
                -56.7235188998693,-24.101215800449,0
                -56.7225315995712,-24.1012266003371,0
                -56.7225311999818,-24.1021231996455,0
              </coordinates>
            </LinearRing>
          </outerBoundaryIs>
        </Polygon>
      </Placemark>
      <Placemark id="Lote_I.46">
        <ExtendedData>
          <SchemaData schemaUrl="#Lote_I.schema">
            <SimpleData name="Cédula">3989180.00000000000</SimpleData>
            <SimpleData name="Nombres_y_">GLORIA BEATRIZ MARTINEZ ORTIZ</SimpleData>
            <SimpleData name="Sexo">Mujer</SimpleData>
            <SimpleData name="Cambio_de_">NO</SimpleData>
            <SimpleData name="Titular_se">NO</SimpleData>
            <SimpleData name="ci_UNIF">3989180.00000000000</SimpleData>
            <SimpleData name="Situación">NO</SimpleData>
            <SimpleData name="Comunidad">Campesina</SimpleData>
            <SimpleData name="Modelo_imp">Modelo 3</SimpleData>
            <SimpleData name="Departamen">SAN PEDRO</SimpleData>
            <SimpleData name="Distrito">GUAYAIBI</SimpleData>
            <SimpleData name="Localidad">BARRIO SAN PEDRO</SimpleData>
            <SimpleData name="Teléfono">0976927013</SimpleData>
            <SimpleData name="Vivienda_L">-24.42149620000</SimpleData>
            <SimpleData name="Vivienda_1">-56.41310070000</SimpleData>
            <SimpleData name="Superficie">1.00000000000</SimpleData>
            <SimpleData name="Situaci_1">Par?metro</SimpleData>
            <SimpleData name="Plantado">SI</SimpleData>
            <SimpleData name="Fecha_Plan">2025/12/16</SimpleData>
            <SimpleData name="Jornales">0.00000000000</SimpleData>
            <SimpleData name="Monto">0.00000000000</SimpleData>
            <SimpleData name="Grupo_de_p">I-P1-XX-XX-XX</SimpleData>
            <SimpleData name="Estado_del">Activo</SimpleData>
            <SimpleData name="Empresa">Emilio Sol?s Grance</SimpleData>
            <SimpleData name="Lote">I</SimpleData>
            <SimpleData name="Parametro">0.00000000000</SimpleData>
            <SimpleData name="Sup_SIG">1.08605249938</SimpleData>
            <SimpleData name="X">-56.40769072000</SimpleData>
            <SimpleData name="Y">-24.42127824000</SimpleData>
            <SimpleData name="cedula">3989180</SimpleData>
            <SimpleData name="Cédula_1">3989180.00000000000</SimpleData>
            <SimpleData name="Estado_d_1">Activo</SimpleData>
            <SimpleData name="OBJECTID_1">6053</SimpleData>
            <SimpleData name="Shape_Leng">555.74384032800</SimpleData>
            <SimpleData name="Shape_Area">10860.52499380000</SimpleData>
          </SchemaData>
        </ExtendedData>
        <Polygon>
          <outerBoundaryIs>
            <LinearRing>
              <coordinates>
                -56.4066150004147,-24.421451699838,0
                -56.4088578004706,-24.4215385002939,0
                -56.4088833004868,-24.4211649995797,0
                -56.4065890995174,-24.420972199843,0
                -56.4066150004147,-24.421451699838,0
              </coordinates>
            </LinearRing>
          </outerBoundaryIs>
        </Polygon>
      </Placemark>
      <Placemark id="Lote_I.47">
        <ExtendedData>
          <SchemaData schemaUrl="#Lote_I.schema">
            <SimpleData name="Cédula">6696174.00000000000</SimpleData>
            <SimpleData name="Nombres_y_">GRACIELA VILLASANTI MEDINA</SimpleData>
            <SimpleData name="Sexo">Mujer</SimpleData>
            <SimpleData name="Cambio_de_">NO</SimpleData>
            <SimpleData name="Titular_se">NO</SimpleData>
            <SimpleData name="ci_UNIF">6696174.00000000000</SimpleData>
            <SimpleData name="Situación">NO</SimpleData>
            <SimpleData name="Comunidad">Campesina</SimpleData>
            <SimpleData name="Modelo_imp">Modelo 1</SimpleData>
            <SimpleData name="Departamen">SAN PEDRO</SimpleData>
            <SimpleData name="Distrito">CRUCE LIBERACION</SimpleData>
            <SimpleData name="Localidad">CALLE SAN JORGE</SimpleData>
            <SimpleData name="Teléfono">0971478057</SimpleData>
            <SimpleData name="Vivienda_L">-24.22808340000</SimpleData>
            <SimpleData name="Vivienda_1">-56.46554650000</SimpleData>
            <SimpleData name="Superficie">0.80000000000</SimpleData>
            <SimpleData name="Situaci_1">Par?metro</SimpleData>
            <SimpleData name="Plantado">SI</SimpleData>
            <SimpleData name="Fecha_Plan">2026/02/24</SimpleData>
            <SimpleData name="Jornales">0.00000000000</SimpleData>
            <SimpleData name="Monto">0.00000000000</SimpleData>
            <SimpleData name="Grupo_de_p">I-P1-XX-XX-XX</SimpleData>
            <SimpleData name="Estado_del">Activo</SimpleData>
            <SimpleData name="Empresa">Emilio Sol?s Grance</SimpleData>
            <SimpleData name="Lote">I</SimpleData>
            <SimpleData name="Parametro">0.00000000000</SimpleData>
            <SimpleData name="Sup_SIG">0.79732314762</SimpleData>
            <SimpleData name="X">-56.46579690000</SimpleData>
            <SimpleData name="Y">-24.23153873000</SimpleData>
            <SimpleData name="cedula">6696174</SimpleData>
            <SimpleData name="Cédula_1">6696174.00000000000</SimpleData>
            <SimpleData name="Estado_d_1">Activo</SimpleData>
            <SimpleData name="OBJECTID_1">7240</SimpleData>
            <SimpleData name="Shape_Leng">357.36359333500</SimpleData>
            <SimpleData name="Shape_Area">7973.23147619000</SimpleData>
          </SchemaData>
        </ExtendedData>
        <Polygon>
          <outerBoundaryIs>
            <LinearRing>
              <coordinates>
                -56.4653395000716,-24.2311595001487,0
                -56.465386499153,-24.2319865997752,0
                -56.4662547998343,-24.2318994005066,0
                -56.4662216000777,-24.2311119003978,0
                -56.4653395000716,-24.2311595001487,0
              </coordinates>
            </LinearRing>
          </outerBoundaryIs>
        </Polygon>
      </Placemark>
      <Placemark id="Lote_I.48">
        <ExtendedData>
          <SchemaData schemaUrl="#Lote_I.schema">
            <SimpleData name="Cédula">4780634.00000000000</SimpleData>
            <SimpleData name="Nombres_y_">VICTOR VELAZQUEZ PERALTA</SimpleData>
            <SimpleData name="Sexo">Hombre</SimpleData>
            <SimpleData name="Cambio_de_">NO</SimpleData>
            <SimpleData name="Titular_se">NO</SimpleData>
            <SimpleData name="ci_UNIF">4780634.00000000000</SimpleData>
            <SimpleData name="Situación">NO</SimpleData>
            <SimpleData name="Comunidad">Campesina</SimpleData>
            <SimpleData name="Modelo_imp">Modelo 5</SimpleData>
            <SimpleData name="Departamen">SAN PEDRO</SimpleData>
            <SimpleData name="Distrito">CHORE</SimpleData>
            <SimpleData name="Localidad">SAN MIGUEL</SimpleData>
            <SimpleData name="Teléfono">0981970608</SimpleData>
            <SimpleData name="Vivienda_L">-24.12901230000</SimpleData>
            <SimpleData name="Vivienda_1">-56.65891510000</SimpleData>
            <SimpleData name="Superficie">0.70000000000</SimpleData>
            <SimpleData name="Situaci_1">Par?metro</SimpleData>
            <SimpleData name="Plantado">SI</SimpleData>
            <SimpleData name="Fecha_Plan">2026/03/16</SimpleData>
            <SimpleData name="Jornales">0.00000000000</SimpleData>
            <SimpleData name="Monto">0.00000000000</SimpleData>
            <SimpleData name="Grupo_de_p">I-P2-XX-XX-XX</SimpleData>
            <SimpleData name="Estado_del">Activo</SimpleData>
            <SimpleData name="Empresa">Emilio Sol?s Grance</SimpleData>
            <SimpleData name="Lote">I</SimpleData>
            <SimpleData name="Parametro">0.00000000000</SimpleData>
            <SimpleData name="Sup_SIG">0.76480354805</SimpleData>
            <SimpleData name="X">-56.66081195000</SimpleData>
            <SimpleData name="Y">-24.15202462000</SimpleData>
            <SimpleData name="cedula">4780634</SimpleData>
            <SimpleData name="Cédula_1">4780634.00000000000</SimpleData>
            <SimpleData name="Estado_d_1">Activo</SimpleData>
            <SimpleData name="OBJECTID_1">5996</SimpleData>
            <SimpleData name="Shape_Leng">351.84321176200</SimpleData>
            <SimpleData name="Shape_Area">7648.03548046000</SimpleData>
          </SchemaData>
        </ExtendedData>
        <Polygon>
          <outerBoundaryIs>
            <LinearRing>
              <coordinates>
                -56.6602151990455,-24.1520928999788,0
                -56.6607325995743,-24.1525889000572,0
                -56.6614181990356,-24.151987100277,0
                -56.6608666994214,-24.1514467003476,0
                -56.6602151990455,-24.1520928999788,0
              </coordinates>
            </LinearRing>
          </outerBoundaryIs>
        </Polygon>
      </Placemark>
      <Placemark id="Lote_I.49">
        <ExtendedData>
          <SchemaData schemaUrl="#Lote_I.schema">
            <SimpleData name="Cédula">7066857.00000000000</SimpleData>
            <SimpleData name="Nombres_y_">VIVIANA MEDINA CHAVEZ</SimpleData>
            <SimpleData name="Sexo">Mujer</SimpleData>
            <SimpleData name="Cambio_de_">NO</SimpleData>
            <SimpleData name="Titular_se">NO</SimpleData>
            <SimpleData name="ci_UNIF">7066857.00000000000</SimpleData>
            <SimpleData name="Situación">NO</SimpleData>
            <SimpleData name="Comunidad">Campesina</SimpleData>
            <SimpleData name="Modelo_imp">Modelo 5</SimpleData>
            <SimpleData name="Departamen">SAN PEDRO</SimpleData>
            <SimpleData name="Distrito">GUAYAIBI</SimpleData>
            <SimpleData name="Localidad">4000 TACUAPI</SimpleData>
            <SimpleData name="Teléfono">0972829597</SimpleData>
            <SimpleData name="Vivienda_L">-24.56722860000</SimpleData>
            <SimpleData name="Vivienda_1">-56.48057770000</SimpleData>
            <SimpleData name="Superficie">0.70000000000</SimpleData>
            <SimpleData name="Situaci_1">Par?metro</SimpleData>
            <SimpleData name="Plantado">SI</SimpleData>
            <SimpleData name="Fecha_Plan">2025/11/19</SimpleData>
            <SimpleData name="Jornales">0.00000000000</SimpleData>
            <SimpleData name="Monto">0.00000000000</SimpleData>
            <SimpleData name="Grupo_de_p">I-P2-XX-XX-XX</SimpleData>
            <SimpleData name="Estado_del">Activo</SimpleData>
            <SimpleData name="Empresa">Emilio Sol?s Grance</SimpleData>
            <SimpleData name="Lote">I</SimpleData>
            <SimpleData name="Parametro">0.00000000000</SimpleData>
            <SimpleData name="Sup_SIG">0.70683890005</SimpleData>
            <SimpleData name="X">-56.48026741000</SimpleData>
            <SimpleData name="Y">-24.56474482000</SimpleData>
            <SimpleData name="cedula">7066857</SimpleData>
            <SimpleData name="Cédula_1">7066857.00000000000</SimpleData>
            <SimpleData name="Estado_d_1">Activo</SimpleData>
            <SimpleData name="OBJECTID_1">8781</SimpleData>
            <SimpleData name="Shape_Leng">500.06628651900</SimpleData>
            <SimpleData name="Shape_Area">7068.38900054000</SimpleData>
          </SchemaData>
        </ExtendedData>
        <MultiGeometry>
          <Polygon>
            <outerBoundaryIs>
              <LinearRing>
                <coordinates>
                  -56.480486899046,-24.5671872997819,0
                  -56.4805329994909,-24.5664293004728,0
                  -56.4802549999621,-24.5664450002184,0
                  -56.4802698995151,-24.5671849998804,0
                  -56.480486899046,-24.5671872997819,0
                </coordinates>
              </LinearRing>
            </outerBoundaryIs>
          </Polygon>
          <Polygon>
            <outerBoundaryIs>
              <LinearRing>
                <coordinates>
                  -56.480641699251,-24.5650783001895,0
                  -56.4806252996895,-24.5644412997817,0
                  -56.4798914993942,-24.5644499000987,0
                  -56.4798748992152,-24.5649993999899,0
                  -56.480641699251,-24.5650783001895,0
                </coordinates>
              </LinearRing>
            </outerBoundaryIs>
          </Polygon>
        </MultiGeometry>
      </Placemark>
      <Placemark id="Lote_I.50">
        <ExtendedData>
          <SchemaData schemaUrl="#Lote_I.schema">
            <SimpleData name="Cédula">5428254.00000000000</SimpleData>
            <SimpleData name="Nombres_y_">DANIEL ARECO ESPINOLA</SimpleData>
            <SimpleData name="Sexo">Hombre</SimpleData>
            <SimpleData name="Cambio_de_">NO</SimpleData>
            <SimpleData name="Titular_se">NO</SimpleData>
            <SimpleData name="ci_UNIF">5428254.00000000000</SimpleData>
            <SimpleData name="Situación">NO</SimpleData>
            <SimpleData name="Comunidad">Campesina</SimpleData>
            <SimpleData name="Modelo_imp">Modelo 1</SimpleData>
            <SimpleData name="Departamen">SAN PEDRO</SimpleData>
            <SimpleData name="Distrito">GUAYAIBI</SimpleData>
            <SimpleData name="Localidad">4000 TACUAPI</SimpleData>
            <SimpleData name="Teléfono">0976105242</SimpleData>
            <SimpleData name="Vivienda_L">-24.56777350000</SimpleData>
            <SimpleData name="Vivienda_1">-56.47685780000</SimpleData>
            <SimpleData name="Superficie">0.80000000000</SimpleData>
            <SimpleData name="Situaci_1">Pol?gono</SimpleData>
            <SimpleData name="Plantado">SI</SimpleData>
            <SimpleData name="Fecha_Plan">2025/11/19</SimpleData>
            <SimpleData name="Jornales">0.00000000000</SimpleData>
            <SimpleData name="Monto">0.00000000000</SimpleData>
            <SimpleData name="Grupo_de_p">I-P2-XX-XX-XX</SimpleData>
            <SimpleData name="Estado_del">Activo</SimpleData>
            <SimpleData name="Empresa">Emilio Sol?s Grance</SimpleData>
            <SimpleData name="Lote">I</SimpleData>
            <SimpleData name="Parametro">0.00000000000</SimpleData>
            <SimpleData name="Sup_SIG">0.83291196587</SimpleData>
            <SimpleData name="X">-56.47701971000</SimpleData>
            <SimpleData name="Y">-24.56517685000</SimpleData>
            <SimpleData name="cedula">5428254</SimpleData>
            <SimpleData name="Cédula_1">5428254.00000000000</SimpleData>
            <SimpleData name="Estado_d_1">Activo</SimpleData>
            <SimpleData name="OBJECTID_1">8779</SimpleData>
            <SimpleData name="Shape_Leng">448.87791870500</SimpleData>
            <SimpleData name="Shape_Area">8329.11965865000</SimpleData>
          </SchemaData>
        </ExtendedData>
        <Polygon>
          <outerBoundaryIs>
            <LinearRing>
              <coordinates>
                -56.4767832722792,-24.5659629543704,0
                -56.4770512272521,-24.5659676722767,0
                -56.4772629996063,-24.5659714000592,0
                -56.4772399992059,-24.5643699998277,0
                -56.476795899071,-24.5643584997049,0
                -56.4767801993511,-24.56596290035,0
                -56.4767832722792,-24.5659629543704,0
              </coordinates>
            </LinearRing>
          </outerBoundaryIs>
        </Polygon>
      </Placemark>
      <Placemark id="Lote_I.51">
        <ExtendedData>
          <SchemaData schemaUrl="#Lote_I.schema">
            <SimpleData name="Cédula">5285448.00000000000</SimpleData>
            <SimpleData name="Nombres_y_">LEONIDAS ARECO ESPINOLA</SimpleData>
            <SimpleData name="Sexo">Mujer</SimpleData>
            <SimpleData name="Cambio_de_">NO</SimpleData>
            <SimpleData name="Titular_se">NO</SimpleData>
            <SimpleData name="ci_UNIF">5285448.00000000000</SimpleData>
            <SimpleData name="Situación">NO</SimpleData>
            <SimpleData name="Comunidad">Campesina</SimpleData>
            <SimpleData name="Modelo_imp">Modelo 5</SimpleData>
            <SimpleData name="Departamen">SAN PEDRO</SimpleData>
            <SimpleData name="Distrito">GUAYAIBI</SimpleData>
            <SimpleData name="Localidad">4000 TACUAPI</SimpleData>
            <SimpleData name="Teléfono">0976105242</SimpleData>
            <SimpleData name="Vivienda_L">-24.56757830000</SimpleData>
            <SimpleData name="Vivienda_1">-56.47711230000</SimpleData>
            <SimpleData name="Superficie">0.70000000000</SimpleData>
            <SimpleData name="Situaci_1">Pol?gono</SimpleData>
            <SimpleData name="Plantado">SI</SimpleData>
            <SimpleData name="Fecha_Plan">2025/11/19</SimpleData>
            <SimpleData name="Jornales">0.00000000000</SimpleData>
            <SimpleData name="Monto">0.00000000000</SimpleData>
            <SimpleData name="Grupo_de_p">I-P2-XX-XX-XX</SimpleData>
            <SimpleData name="Estado_del">Activo</SimpleData>
            <SimpleData name="Empresa">Emilio Sol?s Grance</SimpleData>
            <SimpleData name="Lote">I</SimpleData>
            <SimpleData name="Parametro">0.00000000000</SimpleData>
            <SimpleData name="Sup_SIG">0.72506735115</SimpleData>
            <SimpleData name="X">-56.47702688000</SimpleData>
            <SimpleData name="Y">-24.56662863000</SimpleData>
            <SimpleData name="cedula">5285448</SimpleData>
            <SimpleData name="Cédula_1">5285448.00000000000</SimpleData>
            <SimpleData name="Estado_d_1">Activo</SimpleData>
            <SimpleData name="OBJECTID_1">8780</SimpleData>
            <SimpleData name="Shape_Leng">391.35130029700</SimpleData>
            <SimpleData name="Shape_Area">7250.67351151000</SimpleData>
          </SchemaData>
        </ExtendedData>
        <Polygon>
          <outerBoundaryIs>
            <LinearRing>
              <coordinates>
                -56.4770512272521,-24.5659676722767,0
                -56.4767832722792,-24.5659629543704,0
                -56.4767776999256,-24.5672605004088,0
                -56.4772699991719,-24.5673133003868,0
                -56.4772716993747,-24.5659767000418,0
                -56.4770512272521,-24.5659676722767,0
              </coordinates>
            </LinearRing>
          </outerBoundaryIs>
        </Polygon>
      </Placemark>
      <Placemark id="Lote_I.52">
        <ExtendedData>
          <SchemaData schemaUrl="#Lote_I.schema">
            <SimpleData name="Cédula">6667780.00000000000</SimpleData>
            <SimpleData name="Nombres_y_">ZULLY CELESTE LOPEZ</SimpleData>
            <SimpleData name="Sexo">Mujer</SimpleData>
            <SimpleData name="Cambio_de_">NO</SimpleData>
            <SimpleData name="Titular_se">NO</SimpleData>
            <SimpleData name="ci_UNIF">6667780.00000000000</SimpleData>
            <SimpleData name="Situación">NO</SimpleData>
            <SimpleData name="Comunidad">Campesina</SimpleData>
            <SimpleData name="Modelo_imp">Modelo 5</SimpleData>
            <SimpleData name="Departamen">SAN PEDRO</SimpleData>
            <SimpleData name="Distrito">CHORE</SimpleData>
            <SimpleData name="Localidad">SAN MIGUEL</SimpleData>
            <SimpleData name="Teléfono">0986502830</SimpleData>
            <SimpleData name="Vivienda_L">-24.11755040000</SimpleData>
            <SimpleData name="Vivienda_1">-56.65177930000</SimpleData>
            <SimpleData name="Superficie">0.70000000000</SimpleData>
            <SimpleData name="Situaci_1">Par?metro</SimpleData>
            <SimpleData name="Plantado">SI</SimpleData>
            <SimpleData name="Fecha_Plan">2026/03/12</SimpleData>
            <SimpleData name="Jornales">0.00000000000</SimpleData>
            <SimpleData name="Monto">0.00000000000</SimpleData>
            <SimpleData name="Grupo_de_p">I-P2-XX-XX-XX</SimpleData>
            <SimpleData name="Estado_del">Activo</SimpleData>
            <SimpleData name="Empresa">Emilio Sol?s Grance</SimpleData>
            <SimpleData name="Lote">I</SimpleData>
            <SimpleData name="Parametro">0.00000000000</SimpleData>
            <SimpleData name="Sup_SIG">0.77098782481</SimpleData>
            <SimpleData name="X">-56.65012599000</SimpleData>
            <SimpleData name="Y">-24.11770372000</SimpleData>
            <SimpleData name="cedula">6667780</SimpleData>
            <SimpleData name="Cédula_1">6667780.00000000000</SimpleData>
            <SimpleData name="Estado_d_1">Activo</SimpleData>
            <SimpleData name="OBJECTID_1">5990</SimpleData>
            <SimpleData name="Shape_Leng">419.40503806500</SimpleData>
            <SimpleData name="Shape_Area">7709.87824805000</SimpleData>
          </SchemaData>
        </ExtendedData>
        <Polygon>
          <outerBoundaryIs>
            <LinearRing>
              <coordinates>
                -56.6493000997584,-24.1178605997262,0
                -56.6508865996405,-24.1179736999296,0
                -56.6509362996617,-24.1175292999954,0
                -56.6493391990816,-24.1174494003653,0
                -56.6493000997584,-24.1178605997262,0
              </coordinates>
            </LinearRing>
          </outerBoundaryIs>
        </Polygon>
      </Placemark>
      <Placemark id="Lote_I.53">
        <ExtendedData>
          <SchemaData schemaUrl="#Lote_I.schema">
            <SimpleData name="Cédula">4859759.00000000000</SimpleData>
            <SimpleData name="Nombres_y_">FELIPE PEREIRA MONTANIA</SimpleData>
            <SimpleData name="Sexo">Hombre</SimpleData>
            <SimpleData name="Cambio_de_">NO</SimpleData>
            <SimpleData name="Titular_se">NO</SimpleData>
            <SimpleData name="ci_UNIF">4859759.00000000000</SimpleData>
            <SimpleData name="Situación">NO</SimpleData>
            <SimpleData name="Comunidad">Campesina</SimpleData>
            <SimpleData name="Modelo_imp">Modelo 5</SimpleData>
            <SimpleData name="Departamen">SAN PEDRO</SimpleData>
            <SimpleData name="Distrito">CHORE</SimpleData>
            <SimpleData name="Localidad">SAN MIGUEL</SimpleData>
            <SimpleData name="Teléfono">0981615652</SimpleData>
            <SimpleData name="Vivienda_L">-24.11845660000</SimpleData>
            <SimpleData name="Vivienda_1">-56.64512170000</SimpleData>
            <SimpleData name="Superficie">0.70000000000</SimpleData>
            <SimpleData name="Situaci_1">Par?metro</SimpleData>
            <SimpleData name="Plantado">SI</SimpleData>
            <SimpleData name="Fecha_Plan">2026/03/12</SimpleData>
            <SimpleData name="Jornales">0.00000000000</SimpleData>
            <SimpleData name="Monto">0.00000000000</SimpleData>
            <SimpleData name="Grupo_de_p">I-P2-XX-XX-XX</SimpleData>
            <SimpleData name="Estado_del">Activo</SimpleData>
            <SimpleData name="Empresa">Emilio Sol?s Grance</SimpleData>
            <SimpleData name="Lote">I</SimpleData>
            <SimpleData name="Parametro">0.00000000000</SimpleData>
            <SimpleData name="Sup_SIG">0.74765353538</SimpleData>
            <SimpleData name="X">-56.64266138000</SimpleData>
            <SimpleData name="Y">-24.11948626000</SimpleData>
            <SimpleData name="cedula">4859759</SimpleData>
            <SimpleData name="Cédula_1">4859759.00000000000</SimpleData>
            <SimpleData name="Estado_d_1">Activo</SimpleData>
            <SimpleData name="OBJECTID_1">5987</SimpleData>
            <SimpleData name="Shape_Leng">450.58914195400</SimpleData>
            <SimpleData name="Shape_Area">7476.53535375000</SimpleData>
          </SchemaData>
        </ExtendedData>
        <Polygon>
          <outerBoundaryIs>
            <LinearRing>
              <coordinates>
                -56.6429078996022,-24.118893199679,0
                -56.6418502993691,-24.1199370004238,0
                -56.6421154999582,-24.1201544999298,0
                -56.642668299353,-24.119536699917,0
                -56.6429299995932,-24.119708299903,0
                -56.6434157991993,-24.1193005004658,0
                -56.6429078996022,-24.118893199679,0
              </coordinates>
            </LinearRing>
          </outerBoundaryIs>
        </Polygon>
      </Placemark>
      <Placemark id="Lote_I.54">
        <ExtendedData>
          <SchemaData schemaUrl="#Lote_I.schema">
            <SimpleData name="Cédula">6071161.00000000000</SimpleData>
            <SimpleData name="Nombres_y_">GUSTAVO ISMAEL BENITEZ VILLALBA</SimpleData>
            <SimpleData name="Sexo">Hombre</SimpleData>
            <SimpleData name="Cambio_de_">NO</SimpleData>
            <SimpleData name="Titular_se">NO</SimpleData>
            <SimpleData name="ci_UNIF">6071161.00000000000</SimpleData>
            <SimpleData name="Situación">NO</SimpleData>
            <SimpleData name="Comunidad">Campesina</SimpleData>
            <SimpleData name="Modelo_imp">Modelo 1</SimpleData>
            <SimpleData name="Departamen">SAN PEDRO</SimpleData>
            <SimpleData name="Distrito">CRUCE LIBERACION</SimpleData>
            <SimpleData name="Localidad">KOE PYTA 2</SimpleData>
            <SimpleData name="Teléfono">0982361658</SimpleData>
            <SimpleData name="Vivienda_L">-24.19086860000</SimpleData>
            <SimpleData name="Vivienda_1">-56.47581000000</SimpleData>
            <SimpleData name="Superficie">0.80000000000</SimpleData>
            <SimpleData name="Situaci_1">Par?metro</SimpleData>
            <SimpleData name="Plantado">SI</SimpleData>
            <SimpleData name="Fecha_Plan">2026/02/11</SimpleData>
            <SimpleData name="Jornales">0.00000000000</SimpleData>
            <SimpleData name="Monto">0.00000000000</SimpleData>
            <SimpleData name="Grupo_de_p">I-P2-XX-XX-XX</SimpleData>
            <SimpleData name="Estado_del">Activo</SimpleData>
            <SimpleData name="Empresa">Emilio Sol?s Grance</SimpleData>
            <SimpleData name="Lote">I</SimpleData>
            <SimpleData name="Parametro">0.00000000000</SimpleData>
            <SimpleData name="Sup_SIG">0.92443027060</SimpleData>
            <SimpleData name="X">-56.47590306000</SimpleData>
            <SimpleData name="Y">-24.19559649000</SimpleData>
            <SimpleData name="cedula">6071161</SimpleData>
            <SimpleData name="Cédula_1">6071161.00000000000</SimpleData>
            <SimpleData name="Estado_d_1">Activo</SimpleData>
            <SimpleData name="OBJECTID_1">8527</SimpleData>
            <SimpleData name="Shape_Leng">659.31242319700</SimpleData>
            <SimpleData name="Shape_Area">9244.30270598000</SimpleData>
          </SchemaData>
        </ExtendedData>
        <Polygon>
          <outerBoundaryIs>
            <LinearRing>
              <coordinates>
                -56.475832299935,-24.1969968002514,0
                -56.4760883996459,-24.197035600027,0
                -56.4760266998897,-24.1942879996587,0
                -56.4756729995335,-24.1943660996447,0
                -56.475832299935,-24.1969968002514,0
              </coordinates>
            </LinearRing>
          </outerBoundaryIs>
        </Polygon>
      </Placemark>
      <Placemark id="Lote_I.55">
        <ExtendedData>
          <SchemaData schemaUrl="#Lote_I.schema">
            <SimpleData name="Cédula">6359269.00000000000</SimpleData>
            <SimpleData name="Nombres_y_">MARIA CAROLINA RIOS GOMEZ</SimpleData>
            <SimpleData name="Sexo">Mujer</SimpleData>
            <SimpleData name="Cambio_de_">NO</SimpleData>
            <SimpleData name="Titular_se">NO</SimpleData>
            <SimpleData name="ci_UNIF">6359269.00000000000</SimpleData>
            <SimpleData name="Situación">NO</SimpleData>
            <SimpleData name="Comunidad">Campesina</SimpleData>
            <SimpleData name="Modelo_imp">Modelo 1</SimpleData>
            <SimpleData name="Departamen">SAN PEDRO</SimpleData>
            <SimpleData name="Distrito">CRUCE LIBERACION</SimpleData>
            <SimpleData name="Localidad">BARRIO SANTA LIBRADA</SimpleData>
            <SimpleData name="Teléfono">0983309991</SimpleData>
            <SimpleData name="Vivienda_L">-24.21587450000</SimpleData>
            <SimpleData name="Vivienda_1">-56.47444210000</SimpleData>
            <SimpleData name="Superficie">0.80000000000</SimpleData>
            <SimpleData name="Situaci_1">Par?metro</SimpleData>
            <SimpleData name="Plantado">SI</SimpleData>
            <SimpleData name="Fecha_Plan">2026/02/12</SimpleData>
            <SimpleData name="Jornales">0.00000000000</SimpleData>
            <SimpleData name="Monto">0.00000000000</SimpleData>
            <SimpleData name="Grupo_de_p">I-P2-XX-XX-XX</SimpleData>
            <SimpleData name="Estado_del">Activo</SimpleData>
            <SimpleData name="Empresa">Emilio Sol?s Grance</SimpleData>
            <SimpleData name="Lote">I</SimpleData>
            <SimpleData name="Parametro">0.00000000000</SimpleData>
            <SimpleData name="Sup_SIG">0.84917162340</SimpleData>
            <SimpleData name="X">-56.47561025000</SimpleData>
            <SimpleData name="Y">-24.22786884000</SimpleData>
            <SimpleData name="cedula">6359269</SimpleData>
            <SimpleData name="Cédula_1">6359269.00000000000</SimpleData>
            <SimpleData name="Estado_d_1">Activo</SimpleData>
            <SimpleData name="OBJECTID_1">8520</SimpleData>
            <SimpleData name="Shape_Leng">369.37785179800</SimpleData>
            <SimpleData name="Shape_Area">8491.71623399000</SimpleData>
          </SchemaData>
        </ExtendedData>
        <Polygon>
          <outerBoundaryIs>
            <LinearRing>
              <coordinates>
                -56.4751896991601,-24.2274395999794,0
                -56.4751708994094,-24.2283146997392,0
                -56.4760679997627,-24.2282896999086,0
                -56.476007599477,-24.2274044999284,0
                -56.4751896991601,-24.2274395999794,0
              </coordinates>
            </LinearRing>
          </outerBoundaryIs>
        </Polygon>
      </Placemark>
      <Placemark id="Lote_I.56">
        <ExtendedData>
          <SchemaData schemaUrl="#Lote_I.schema">
            <SimpleData name="Cédula">5990278.00000000000</SimpleData>
            <SimpleData name="Nombres_y_">NANCY MABEL VARGAS</SimpleData>
            <SimpleData name="Sexo">Mujer</SimpleData>
            <SimpleData name="Cambio_de_">NO</SimpleData>
            <SimpleData name="Titular_se">NO</SimpleData>
            <SimpleData name="ci_UNIF">5990278.00000000000</SimpleData>
            <SimpleData name="Comunidad">Campesina</SimpleData>
            <SimpleData name="Modelo_imp">Modelo 1</SimpleData>
            <SimpleData name="Departamen">SAN PEDRO</SimpleData>
            <SimpleData name="Distrito">CRUCE LIBERACION</SimpleData>
            <SimpleData name="Localidad">SANTA LUCIA</SimpleData>
            <SimpleData name="Teléfono">984729948</SimpleData>
            <SimpleData name="Vivienda_L">-24.17867500000</SimpleData>
            <SimpleData name="Vivienda_1">-56.48198500000</SimpleData>
            <SimpleData name="Superficie">0.80000000000</SimpleData>
            <SimpleData name="Situaci_1">Parametro</SimpleData>
            <SimpleData name="Plantado">SI</SimpleData>
            <SimpleData name="Fecha_Plan">2026/03/18</SimpleData>
            <SimpleData name="Jornales">0.00000000000</SimpleData>
            <SimpleData name="Monto">0.00000000000</SimpleData>
            <SimpleData name="Grupo_de_p">I-P2-XX-XX-XX</SimpleData>
            <SimpleData name="Estado_del">Activo</SimpleData>
            <SimpleData name="Empresa">Emilio Sol?s Grance</SimpleData>
            <SimpleData name="Lote">I</SimpleData>
            <SimpleData name="Parametro">0.00000000000</SimpleData>
            <SimpleData name="Sup_SIG">0.98037642201</SimpleData>
            <SimpleData name="X">-56.47771732000</SimpleData>
            <SimpleData name="Y">-24.20852566000</SimpleData>
            <SimpleData name="cedula">5990278</SimpleData>
            <SimpleData name="Cédula_1">5990278.00000000000</SimpleData>
            <SimpleData name="Estado_d_1">Activo</SimpleData>
            <SimpleData name="OBJECTID_1">7461</SimpleData>
            <SimpleData name="Shape_Leng">399.27415687400</SimpleData>
            <SimpleData name="Shape_Area">9803.76422013000</SimpleData>
          </SchemaData>
        </ExtendedData>
        <Polygon>
          <outerBoundaryIs>
            <LinearRing>
              <coordinates>
                -56.4772340685362,-24.2089487798552,0
                -56.4772347996906,-24.2089827003487,0
                -56.4782521997974,-24.2089564998834,0
                -56.4781560999332,-24.2080725002369,0
                -56.477221657774,-24.2080684285053,0
                -56.4772483000758,-24.2089483003321,0
                -56.4772340685362,-24.2089487798552,0
              </coordinates>
            </LinearRing>
          </outerBoundaryIs>
        </Polygon>
      </Placemark>
      <Placemark id="Lote_I.57">
        <ExtendedData>
          <SchemaData schemaUrl="#Lote_I.schema">
            <SimpleData name="Cédula">5305230.00000000000</SimpleData>
            <SimpleData name="Nombres_y_">SINTHIA MARIBEL GONZALEZ ACOSTA</SimpleData>
            <SimpleData name="Sexo">Mujer</SimpleData>
            <SimpleData name="Cambio_de_">NO</SimpleData>
            <SimpleData name="Titular_se">NO</SimpleData>
            <SimpleData name="ci_UNIF">5305230.00000000000</SimpleData>
            <SimpleData name="Situación">NO</SimpleData>
            <SimpleData name="Comunidad">Campesina</SimpleData>
            <SimpleData name="Modelo_imp">Modelo 1</SimpleData>
            <SimpleData name="Departamen">SAN PEDRO</SimpleData>
            <SimpleData name="Distrito">GUAYAIBI</SimpleData>
            <SimpleData name="Localidad">CALLE 2000</SimpleData>
            <SimpleData name="Teléfono">0992511684</SimpleData>
            <SimpleData name="Vivienda_L">-24.55521160000</SimpleData>
            <SimpleData name="Vivienda_1">-56.40391250000</SimpleData>
            <SimpleData name="Superficie">0.80000000000</SimpleData>
            <SimpleData name="Situaci_1">Par?metro</SimpleData>
            <SimpleData name="Plantado">SI</SimpleData>
            <SimpleData name="Fecha_Plan">2025/11/19</SimpleData>
            <SimpleData name="Jornales">0.00000000000</SimpleData>
            <SimpleData name="Monto">0.00000000000</SimpleData>
            <SimpleData name="Grupo_de_p">I-P2-XX-XX-XX</SimpleData>
            <SimpleData name="Estado_del">Activo</SimpleData>
            <SimpleData name="Empresa">Emilio Sol?s Grance</SimpleData>
            <SimpleData name="Lote">I</SimpleData>
            <SimpleData name="Parametro">0.00000000000</SimpleData>
            <SimpleData name="Sup_SIG">0.81312391680</SimpleData>
            <SimpleData name="X">-56.40592922000</SimpleData>
            <SimpleData name="Y">-24.55331370000</SimpleData>
            <SimpleData name="cedula">5305230</SimpleData>
            <SimpleData name="Cédula_1">5305230.00000000000</SimpleData>
            <SimpleData name="Estado_d_1">Activo</SimpleData>
            <SimpleData name="OBJECTID_1">8773</SimpleData>
            <SimpleData name="Shape_Leng">442.04953991200</SimpleData>
            <SimpleData name="Shape_Area">8131.23916795000</SimpleData>
          </SchemaData>
        </ExtendedData>
        <Polygon>
          <outerBoundaryIs>
            <LinearRing>
              <coordinates>
                -56.4050538995289,-24.5534965998137,0
                -56.4067703990527,-24.5535514997123,0
                -56.4067988996337,-24.553123499691,0
                -56.4050732998098,-24.5530832997726,0
                -56.4050538995289,-24.5534965998137,0
              </coordinates>
            </LinearRing>
          </outerBoundaryIs>
        </Polygon>
      </Placemark>
      <Placemark id="Lote_I.58">
        <ExtendedData>
          <SchemaData schemaUrl="#Lote_I.schema">
            <SimpleData name="Cédula">5406101.00000000000</SimpleData>
            <SimpleData name="Nombres_y_">SONIA LEIVA AMARILLA</SimpleData>
            <SimpleData name="Sexo">Mujer</SimpleData>
            <SimpleData name="Cambio_de_">NO</SimpleData>
            <SimpleData name="Titular_se">NO</SimpleData>
            <SimpleData name="ci_UNIF">5406101.00000000000</SimpleData>
            <SimpleData name="Situación">NO</SimpleData>
            <SimpleData name="Comunidad">Campesina</SimpleData>
            <SimpleData name="Modelo_imp">Modelo 3</SimpleData>
            <SimpleData name="Departamen">SAN PEDRO</SimpleData>
            <SimpleData name="Distrito">CRUCE LIBERACION</SimpleData>
            <SimpleData name="Localidad">1 DE MARZO (YOAYU)</SimpleData>
            <SimpleData name="Teléfono">0982391410</SimpleData>
            <SimpleData name="Vivienda_L">-24.27119580000</SimpleData>
            <SimpleData name="Vivienda_1">-56.40473110000</SimpleData>
            <SimpleData name="Superficie">0.80000000000</SimpleData>
            <SimpleData name="Situaci_1">Par?metro</SimpleData>
            <SimpleData name="Plantado">SI</SimpleData>
            <SimpleData name="Fecha_Plan">2026/03/11</SimpleData>
            <SimpleData name="Jornales">0.00000000000</SimpleData>
            <SimpleData name="Monto">0.00000000000</SimpleData>
            <SimpleData name="Grupo_de_p">I-P2-XX-XX-XX</SimpleData>
            <SimpleData name="Estado_del">Activo</SimpleData>
            <SimpleData name="Empresa">Emilio Sol?s Grance</SimpleData>
            <SimpleData name="Lote">I</SimpleData>
            <SimpleData name="Parametro">0.00000000000</SimpleData>
            <SimpleData name="Sup_SIG">1.46560233509</SimpleData>
            <SimpleData name="X">-56.39599740000</SimpleData>
            <SimpleData name="Y">-24.27108046000</SimpleData>
            <SimpleData name="cedula">5406101</SimpleData>
            <SimpleData name="Cédula_1">5406101.00000000000</SimpleData>
            <SimpleData name="Estado_d_1">Activo</SimpleData>
            <SimpleData name="OBJECTID_1">7237</SimpleData>
            <SimpleData name="Shape_Leng">505.03602252800</SimpleData>
            <SimpleData name="Shape_Area">14656.02335090000</SimpleData>
          </SchemaData>
        </ExtendedData>
        <Polygon>
          <outerBoundaryIs>
            <LinearRing>
              <coordinates>
                -56.3952266992035,-24.2706748002861,0
                -56.3952053998643,-24.2715383997087,0
                -56.3967927990773,-24.2714430998889,0
                -56.3968201992971,-24.2706652001585,0
                -56.3952266992035,-24.2706748002861,0
              </coordinates>
            </LinearRing>
          </outerBoundaryIs>
        </Polygon>
      </Placemark>
      <Placemark id="Lote_I.59">
        <ExtendedData>
          <SchemaData schemaUrl="#Lote_I.schema">
            <SimpleData name="Cédula">6958734.00000000000</SimpleData>
            <SimpleData name="Nombres_y_">LIDIA  ORTELLADO PORTILLO</SimpleData>
            <SimpleData name="Sexo">Mujer</SimpleData>
            <SimpleData name="Cambio_de_">NO</SimpleData>
            <SimpleData name="Titular_se">NO</SimpleData>
            <SimpleData name="ci_UNIF">6958734.00000000000</SimpleData>
            <SimpleData name="Situación">NO</SimpleData>
            <SimpleData name="Comunidad">Campesina</SimpleData>
            <SimpleData name="Modelo_imp">Modelo 5</SimpleData>
            <SimpleData name="Departamen">SAN PEDRO</SimpleData>
            <SimpleData name="Distrito">GUAYAIBI</SimpleData>
            <SimpleData name="Localidad">CALLE 2000</SimpleData>
            <SimpleData name="Teléfono">0976434976</SimpleData>
            <SimpleData name="Vivienda_L">-24.54906980000</SimpleData>
            <SimpleData name="Vivienda_1">-56.44806670000</SimpleData>
            <SimpleData name="Superficie">0.70000000000</SimpleData>
            <SimpleData name="Situaci_1">Par?metro</SimpleData>
            <SimpleData name="Plantado">SI</SimpleData>
            <SimpleData name="Fecha_Plan">2025/11/20</SimpleData>
            <SimpleData name="Jornales">0.00000000000</SimpleData>
            <SimpleData name="Monto">0.00000000000</SimpleData>
            <SimpleData name="Grupo_de_p">I-P2-XX-XX-XX</SimpleData>
            <SimpleData name="Estado_del">Activo</SimpleData>
            <SimpleData name="Empresa">Emilio Sol?s Grance</SimpleData>
            <SimpleData name="Lote">I</SimpleData>
            <SimpleData name="Parametro">0.00000000000</SimpleData>
            <SimpleData name="Sup_SIG">0.85442271200</SimpleData>
            <SimpleData name="X">-56.44798139000</SimpleData>
            <SimpleData name="Y">-24.54430405000</SimpleData>
            <SimpleData name="cedula">6958734</SimpleData>
            <SimpleData name="Cédula_1">6958734.00000000000</SimpleData>
            <SimpleData name="Estado_d_1">Activo</SimpleData>
            <SimpleData name="OBJECTID_1">8770</SimpleData>
            <SimpleData name="Shape_Leng">937.51951102400</SimpleData>
            <SimpleData name="Shape_Area">8544.22712004000</SimpleData>
          </SchemaData>
        </ExtendedData>
        <Polygon>
          <outerBoundaryIs>
            <LinearRing>
              <coordinates>
                -56.4479006996811,-24.5422562998976,0
                -56.4478747994217,-24.5463301003969,0
                -56.4480656995931,-24.5463160998814,0
                -56.4480849994325,-24.542267100522,0
                -56.4479006996811,-24.5422562998976,0
              </coordinates>
            </LinearRing>
          </outerBoundaryIs>
        </Polygon>
      </Placemark>
      <Placemark id="Lote_I.60">
        <ExtendedData>
          <SchemaData schemaUrl="#Lote_I.schema">
            <SimpleData name="Cédula">6676101.00000000000</SimpleData>
            <SimpleData name="Nombres_y_">LIZ MARIELA ROJAS SANTACRUZ</SimpleData>
            <SimpleData name="Sexo">Mujer</SimpleData>
            <SimpleData name="Cambio_de_">NO</SimpleData>
            <SimpleData name="Titular_se">NO</SimpleData>
            <SimpleData name="ci_UNIF">6676101.00000000000</SimpleData>
            <SimpleData name="Comunidad">Campesina</SimpleData>
            <SimpleData name="Modelo_imp">Modelo 1</SimpleData>
            <SimpleData name="Departamen">SAN PEDRO</SimpleData>
            <SimpleData name="Distrito">CRUCE LIBERACION</SimpleData>
            <SimpleData name="Localidad"><![CDATA[KO'E PYTA]]></SimpleData>
            <SimpleData name="Teléfono">985488795</SimpleData>
            <SimpleData name="Vivienda_L">-24.19063000000</SimpleData>
            <SimpleData name="Vivienda_1">-56.46761500000</SimpleData>
            <SimpleData name="Superficie">0.80000000000</SimpleData>
            <SimpleData name="Situaci_1">Parametro</SimpleData>
            <SimpleData name="Plantado">SI</SimpleData>
            <SimpleData name="Fecha_Plan">2026/03/18</SimpleData>
            <SimpleData name="Jornales">0.00000000000</SimpleData>
            <SimpleData name="Monto">0.00000000000</SimpleData>
            <SimpleData name="Grupo_de_p">I-P2-XX-XX-XX</SimpleData>
            <SimpleData name="Estado_del">Activo</SimpleData>
            <SimpleData name="Empresa">Emilio Sol?s Grance</SimpleData>
            <SimpleData name="Lote">I</SimpleData>
            <SimpleData name="Parametro">0.00000000000</SimpleData>
            <SimpleData name="Sup_SIG">0.84040918128</SimpleData>
            <SimpleData name="X">-56.47953859000</SimpleData>
            <SimpleData name="Y">-24.20844663000</SimpleData>
            <SimpleData name="cedula">6676101</SimpleData>
            <SimpleData name="Cédula_1">6676101.00000000000</SimpleData>
            <SimpleData name="Estado_d_1">Activo</SimpleData>
            <SimpleData name="OBJECTID_1">7464</SimpleData>
            <SimpleData name="Shape_Leng">368.50360069300</SimpleData>
            <SimpleData name="Shape_Area">8404.09181278000</SimpleData>
          </SchemaData>
        </ExtendedData>
        <Polygon>
          <outerBoundaryIs>
            <LinearRing>
              <coordinates>
                -56.4790584991376,-24.2079996999755,0
                -56.4791823994071,-24.2089091997201,0
                -56.480009099629,-24.2088720996864,0
                -56.4799228992689,-24.2080162001667,0
                -56.4790584991376,-24.2079996999755,0
              </coordinates>
            </LinearRing>
          </outerBoundaryIs>
        </Polygon>
      </Placemark>
      <Placemark id="Lote_I.61">
        <ExtendedData>
          <SchemaData schemaUrl="#Lote_I.schema">
            <SimpleData name="Cédula">1759471.00000000000</SimpleData>
            <SimpleData name="Nombres_y_">DANIELA GONZALEZ DE GONZALEZ</SimpleData>
            <SimpleData name="Sexo">Mujer</SimpleData>
            <SimpleData name="Cambio_de_">NO</SimpleData>
            <SimpleData name="Titular_se">NO</SimpleData>
            <SimpleData name="ci_UNIF">1759471.00000000000</SimpleData>
            <SimpleData name="Situación">NO</SimpleData>
            <SimpleData name="Comunidad">Campesina</SimpleData>
            <SimpleData name="Modelo_imp">Modelo 1</SimpleData>
            <SimpleData name="Departamen">SAN PEDRO</SimpleData>
            <SimpleData name="Distrito">GUAYAIBI</SimpleData>
            <SimpleData name="Localidad">CALLE 2000</SimpleData>
            <SimpleData name="Teléfono">0982579060</SimpleData>
            <SimpleData name="Vivienda_L">-24.55064110000</SimpleData>
            <SimpleData name="Vivienda_1">-56.47667370000</SimpleData>
            <SimpleData name="Superficie">0.80000000000</SimpleData>
            <SimpleData name="Situaci_1">Pol?gono</SimpleData>
            <SimpleData name="Plantado">SI</SimpleData>
            <SimpleData name="Fecha_Plan">2025/11/20</SimpleData>
            <SimpleData name="Jornales">0.00000000000</SimpleData>
            <SimpleData name="Monto">0.00000000000</SimpleData>
            <SimpleData name="Grupo_de_p">I-P2-XX-XX-XX</SimpleData>
            <SimpleData name="Estado_del">Activo</SimpleData>
            <SimpleData name="Empresa">Emilio Sol?s Grance</SimpleData>
            <SimpleData name="Lote">I</SimpleData>
            <SimpleData name="Parametro">0.00000000000</SimpleData>
            <SimpleData name="Sup_SIG">0.91697699280</SimpleData>
            <SimpleData name="X">-56.47696191000</SimpleData>
            <SimpleData name="Y">-24.55557522000</SimpleData>
            <SimpleData name="cedula">1759471</SimpleData>
            <SimpleData name="Cédula_1">1759471.00000000000</SimpleData>
            <SimpleData name="Estado_d_1">Activo</SimpleData>
            <SimpleData name="OBJECTID_1">8783</SimpleData>
            <SimpleData name="Shape_Leng">481.47154859500</SimpleData>
            <SimpleData name="Shape_Area">9169.76992803000</SimpleData>
          </SchemaData>
        </ExtendedData>
        <Polygon>
          <outerBoundaryIs>
            <LinearRing>
              <coordinates>
                -56.4767301998534,-24.5547320998675,0
                -56.4767216993882,-24.5564462000865,0
                -56.4771972998015,-24.5564390999255,0
                -56.4771932999259,-24.5546682996728,0
                -56.4767301998534,-24.5547320998675,0
              </coordinates>
            </LinearRing>
          </outerBoundaryIs>
        </Polygon>
      </Placemark>
      <Placemark id="Lote_I.62">
        <ExtendedData>
          <SchemaData schemaUrl="#Lote_I.schema">
            <SimpleData name="Cédula">5122958.00000000000</SimpleData>
            <SimpleData name="Nombres_y_">SONIA ORTEGA PORTILLO</SimpleData>
            <SimpleData name="Sexo">Mujer</SimpleData>
            <SimpleData name="Cambio_de_">NO</SimpleData>
            <SimpleData name="Titular_se">NO</SimpleData>
            <SimpleData name="ci_UNIF">5122958.00000000000</SimpleData>
            <SimpleData name="Comunidad">Campesina</SimpleData>
            <SimpleData name="Modelo_imp">Modelo 1</SimpleData>
            <SimpleData name="Departamen">SAN PEDRO</SimpleData>
            <SimpleData name="Distrito">CRUCE LIBERACION</SimpleData>
            <SimpleData name="Localidad">SANTA LIBRADA</SimpleData>
            <SimpleData name="Teléfono">987348688</SimpleData>
            <SimpleData name="Vivienda_L">-24.20273960000</SimpleData>
            <SimpleData name="Vivienda_1">-56.47360580000</SimpleData>
            <SimpleData name="Superficie">0.80000000000</SimpleData>
            <SimpleData name="Situaci_1">Parametro</SimpleData>
            <SimpleData name="Plantado">SI</SimpleData>
            <SimpleData name="Fecha_Plan">2026/03/21</SimpleData>
            <SimpleData name="Jornales">0.00000000000</SimpleData>
            <SimpleData name="Monto">0.00000000000</SimpleData>
            <SimpleData name="Grupo_de_p">I-P2-XX-XX-XX</SimpleData>
            <SimpleData name="Estado_del">Activo</SimpleData>
            <SimpleData name="Empresa">Emilio Sol?s Grance</SimpleData>
            <SimpleData name="Lote">I</SimpleData>
            <SimpleData name="Parametro">0.00000000000</SimpleData>
            <SimpleData name="Sup_SIG">0.89536815363</SimpleData>
            <SimpleData name="X">-56.47867442000</SimpleData>
            <SimpleData name="Y">-24.20849207000</SimpleData>
            <SimpleData name="cedula">5122958</SimpleData>
            <SimpleData name="Cédula_1">5122958.00000000000</SimpleData>
            <SimpleData name="Estado_d_1">Activo</SimpleData>
            <SimpleData name="OBJECTID_1">7463</SimpleData>
            <SimpleData name="Shape_Leng">379.70180604700</SimpleData>
            <SimpleData name="Shape_Area">8953.68153633000</SimpleData>
          </SchemaData>
        </ExtendedData>
        <Polygon>
          <outerBoundaryIs>
            <LinearRing>
              <coordinates>
                -56.4782164994542,-24.2080418996793,0
                -56.4782694998042,-24.2089715004259,0
                -56.4791644991876,-24.2089178000098,0
                -56.4790528995173,-24.20801530041,0
                -56.4782164994542,-24.2080418996793,0
              </coordinates>
            </LinearRing>
          </outerBoundaryIs>
        </Polygon>
      </Placemark>
      <Placemark id="Lote_I.63">
        <ExtendedData>
          <SchemaData schemaUrl="#Lote_I.schema">
            <SimpleData name="Cédula">1235564.00000000000</SimpleData>
            <SimpleData name="Nombres_y_">PABLA DIAZ DE VARGA</SimpleData>
            <SimpleData name="Sexo">Mujer</SimpleData>
            <SimpleData name="Cambio_de_">NO</SimpleData>
            <SimpleData name="Titular_se">NO</SimpleData>
            <SimpleData name="ci_UNIF">1235564.00000000000</SimpleData>
            <SimpleData name="Situación">NO</SimpleData>
            <SimpleData name="Comunidad">Campesina</SimpleData>
            <SimpleData name="Modelo_imp">Modelo 5</SimpleData>
            <SimpleData name="Departamen">SAN PEDRO</SimpleData>
            <SimpleData name="Distrito">CRUCE LIBERACION</SimpleData>
            <SimpleData name="Localidad">COLONIA FELICIDAD</SimpleData>
            <SimpleData name="Teléfono">0</SimpleData>
            <SimpleData name="Vivienda_L">-24.16950370000</SimpleData>
            <SimpleData name="Vivienda_1">-56.35688750000</SimpleData>
            <SimpleData name="Superficie">0.70000000000</SimpleData>
            <SimpleData name="Situaci_1">Par?metro</SimpleData>
            <SimpleData name="Plantado">SI</SimpleData>
            <SimpleData name="Fecha_Plan">2026/02/12</SimpleData>
            <SimpleData name="Jornales">0.00000000000</SimpleData>
            <SimpleData name="Monto">0.00000000000</SimpleData>
            <SimpleData name="Grupo_de_p">I-P2-XX-XX-XX</SimpleData>
            <SimpleData name="Estado_del">Activo</SimpleData>
            <SimpleData name="Empresa">Emilio Sol?s Grance</SimpleData>
            <SimpleData name="Lote">I</SimpleData>
            <SimpleData name="Parametro">0.00000000000</SimpleData>
            <SimpleData name="Sup_SIG">0.72959610782</SimpleData>
            <SimpleData name="X">-56.35682279000</SimpleData>
            <SimpleData name="Y">-24.17071764000</SimpleData>
            <SimpleData name="cedula">1235564</SimpleData>
            <SimpleData name="Cédula_1">1235564.00000000000</SimpleData>
            <SimpleData name="Estado_d_1">Activo</SimpleData>
            <SimpleData name="OBJECTID_1">8519</SimpleData>
            <SimpleData name="Shape_Leng">432.52092810100</SimpleData>
            <SimpleData name="Shape_Area">7295.96107815000</SimpleData>
          </SchemaData>
        </ExtendedData>
        <Polygon>
          <outerBoundaryIs>
            <LinearRing>
              <coordinates>
                -56.3565152996415,-24.1714756005247,0
                -56.3569076996592,-24.1715435004932,0
                -56.357110199853,-24.1701794999974,0
                -56.3571146993896,-24.1699531003951,0
                -56.3567243991526,-24.1699108996677,0
                -56.3565152996415,-24.1714756005247,0
              </coordinates>
            </LinearRing>
          </outerBoundaryIs>
        </Polygon>
      </Placemark>
      <Placemark id="Lote_I.64">
        <ExtendedData>
          <SchemaData schemaUrl="#Lote_I.schema">
            <SimpleData name="Cédula">4023166.00000000000</SimpleData>
            <SimpleData name="Nombres_y_">ABELINA SOSA ROMERO</SimpleData>
            <SimpleData name="Sexo">Mujer</SimpleData>
            <SimpleData name="Cambio_de_">NO</SimpleData>
            <SimpleData name="Titular_se">NO</SimpleData>
            <SimpleData name="ci_UNIF">4023166.00000000000</SimpleData>
            <SimpleData name="Situación">NO</SimpleData>
            <SimpleData name="Comunidad">Campesina</SimpleData>
            <SimpleData name="Modelo_imp">Modelo 1</SimpleData>
            <SimpleData name="Departamen">SAN PEDRO</SimpleData>
            <SimpleData name="Distrito">GUAYAIBI</SimpleData>
            <SimpleData name="Localidad">ASENT. TORO PIRU 2</SimpleData>
            <SimpleData name="Teléfono">0976202657</SimpleData>
            <SimpleData name="Vivienda_L">-24.31792500000</SimpleData>
            <SimpleData name="Vivienda_1">-56.46874130000</SimpleData>
            <SimpleData name="Superficie">0.80000000000</SimpleData>
            <SimpleData name="Situaci_1">Par?metro</SimpleData>
            <SimpleData name="Plantado">SI</SimpleData>
            <SimpleData name="Fecha_Plan">2026/04/01</SimpleData>
            <SimpleData name="Jornales">0.00000000000</SimpleData>
            <SimpleData name="Monto">0.00000000000</SimpleData>
            <SimpleData name="Grupo_de_p">I-P2-XX-XX-XX</SimpleData>
            <SimpleData name="Estado_del">Activo</SimpleData>
            <SimpleData name="Empresa">Emilio Sol?s Grance</SimpleData>
            <SimpleData name="Lote">I</SimpleData>
            <SimpleData name="Parametro">0.00000000000</SimpleData>
            <SimpleData name="Sup_SIG">0.91052922008</SimpleData>
            <SimpleData name="X">-56.46826170000</SimpleData>
            <SimpleData name="Y">-24.32080679000</SimpleData>
            <SimpleData name="cedula">4023166</SimpleData>
            <SimpleData name="Cédula_1">4023166.00000000000</SimpleData>
            <SimpleData name="Estado_d_1">Activo</SimpleData>
            <SimpleData name="OBJECTID_1">6061</SimpleData>
            <SimpleData name="Shape_Leng">546.28802323300</SimpleData>
            <SimpleData name="Shape_Area">9105.29220084000</SimpleData>
          </SchemaData>
        </ExtendedData>
        <MultiGeometry>
          <Polygon>
            <outerBoundaryIs>
              <LinearRing>
                <coordinates>
                  -56.4678772997818,-24.3216385005193,0
                  -56.4684620994588,-24.3215857000156,0
                  -56.4685329999739,-24.3203733002385,0
                  -56.4679066998488,-24.3203982998383,0
                  -56.4678772997818,-24.3216385005193,0
                </coordinates>
              </LinearRing>
            </outerBoundaryIs>
          </Polygon>
          <Polygon>
            <outerBoundaryIs>
              <LinearRing>
                <coordinates>
                  -56.4686604990268,-24.3189021003284,0
                  -56.4692701992736,-24.3189028998153,0
                  -56.4692933990243,-24.3187791000504,0
                  -56.468660399681,-24.3188006004645,0
                  -56.4686604990268,-24.3189021003284,0
                </coordinates>
              </LinearRing>
            </outerBoundaryIs>
          </Polygon>
        </MultiGeometry>
      </Placemark>
      <Placemark id="Lote_I.65">
        <ExtendedData>
          <SchemaData schemaUrl="#Lote_I.schema">
            <SimpleData name="Cédula">8240030.00000000000</SimpleData>
            <SimpleData name="Nombres_y_">ZUNILDA MARIA LOPEZ</SimpleData>
            <SimpleData name="Sexo">Mujer</SimpleData>
            <SimpleData name="Cambio_de_">NO</SimpleData>
            <SimpleData name="Titular_se">NO</SimpleData>
            <SimpleData name="ci_UNIF">8240030.00000000000</SimpleData>
            <SimpleData name="Situación">NO</SimpleData>
            <SimpleData name="Comunidad">Campesina</SimpleData>
            <SimpleData name="Modelo_imp">Modelo 5</SimpleData>
            <SimpleData name="Departamen">SAN PEDRO</SimpleData>
            <SimpleData name="Distrito">GUAYAIBI</SimpleData>
            <SimpleData name="Localidad">PLANCHADA EVA</SimpleData>
            <SimpleData name="Teléfono">0981683733</SimpleData>
            <SimpleData name="Vivienda_L">-24.36648200000</SimpleData>
            <SimpleData name="Vivienda_1">-56.36283380000</SimpleData>
            <SimpleData name="Superficie">0.70000000000</SimpleData>
            <SimpleData name="Situaci_1">Par?metro</SimpleData>
            <SimpleData name="Plantado">SI</SimpleData>
            <SimpleData name="Fecha_Plan">2025/11/20</SimpleData>
            <SimpleData name="Jornales">0.00000000000</SimpleData>
            <SimpleData name="Monto">0.00000000000</SimpleData>
            <SimpleData name="Grupo_de_p">I-P2-XX-XX-XX</SimpleData>
            <SimpleData name="Estado_del">Activo</SimpleData>
            <SimpleData name="Empresa">Emilio Sol?s Grance</SimpleData>
            <SimpleData name="Lote">I</SimpleData>
            <SimpleData name="Parametro">0.00000000000</SimpleData>
            <SimpleData name="Sup_SIG">0.76398837348</SimpleData>
            <SimpleData name="X">-56.36316911000</SimpleData>
            <SimpleData name="Y">-24.36707951000</SimpleData>
            <SimpleData name="cedula">8240030</SimpleData>
            <SimpleData name="Cédula_1">8240030.00000000000</SimpleData>
            <SimpleData name="Estado_d_1">Activo</SimpleData>
            <SimpleData name="OBJECTID_1">8772</SimpleData>
            <SimpleData name="Shape_Leng">545.74481671600</SimpleData>
            <SimpleData name="Shape_Area">7639.88373478000</SimpleData>
          </SchemaData>
        </ExtendedData>
        <MultiGeometry>
          <Polygon>
            <outerBoundaryIs>
              <LinearRing>
                <coordinates>
                  -56.3634622994096,-24.367797100081,0
                  -56.3637699991988,-24.3674732999439,0
                  -56.362719899287,-24.3666536000838,0
                  -56.3624931993507,-24.3668871999542,0
                  -56.3634622994096,-24.367797100081,0
                </coordinates>
              </LinearRing>
            </outerBoundaryIs>
          </Polygon>
          <Polygon>
            <outerBoundaryIs>
              <LinearRing>
                <coordinates>
                  -56.3632785995635,-24.3669178001725,0
                  -56.3635961990941,-24.3667413002477,0
                  -56.3631771996037,-24.3663465998526,0
                  -56.3629627999373,-24.3664837001507,0
                  -56.3632785995635,-24.3669178001725,0
                </coordinates>
              </LinearRing>
            </outerBoundaryIs>
          </Polygon>
        </MultiGeometry>
      </Placemark>
      <Placemark id="Lote_I.66">
        <ExtendedData>
          <SchemaData schemaUrl="#Lote_I.schema">
            <SimpleData name="Cédula">5432675.00000000000</SimpleData>
            <SimpleData name="Nombres_y_">CECILIA GARCIA CANTERO</SimpleData>
            <SimpleData name="Sexo">Mujer</SimpleData>
            <SimpleData name="Cambio_de_">NO</SimpleData>
            <SimpleData name="Titular_se">NO</SimpleData>
            <SimpleData name="ci_UNIF">5432675.00000000000</SimpleData>
            <SimpleData name="Situación">NO</SimpleData>
            <SimpleData name="Comunidad">Campesina</SimpleData>
            <SimpleData name="Modelo_imp">Modelo 1</SimpleData>
            <SimpleData name="Departamen">SAN PEDRO</SimpleData>
            <SimpleData name="Distrito">GUAYAIBI</SimpleData>
            <SimpleData name="Localidad">ASENT. TORO PIRU 2</SimpleData>
            <SimpleData name="Teléfono">0971481902</SimpleData>
            <SimpleData name="Vivienda_L">-24.32480680000</SimpleData>
            <SimpleData name="Vivienda_1">-56.46360050000</SimpleData>
            <SimpleData name="Superficie">0.80000000000</SimpleData>
            <SimpleData name="Situaci_1">Par?metro</SimpleData>
            <SimpleData name="Plantado">SI</SimpleData>
            <SimpleData name="Fecha_Plan">2026/03/25</SimpleData>
            <SimpleData name="Jornales">0.00000000000</SimpleData>
            <SimpleData name="Monto">0.00000000000</SimpleData>
            <SimpleData name="Grupo_de_p">I-P2-XX-XX-XX</SimpleData>
            <SimpleData name="Estado_del">Activo</SimpleData>
            <SimpleData name="Empresa">Emilio Sol?s Grance</SimpleData>
            <SimpleData name="Lote">I</SimpleData>
            <SimpleData name="Parametro">0.00000000000</SimpleData>
            <SimpleData name="Sup_SIG">0.81015947519</SimpleData>
            <SimpleData name="X">-56.46577191000</SimpleData>
            <SimpleData name="Y">-24.32761948000</SimpleData>
            <SimpleData name="cedula">5432675</SimpleData>
            <SimpleData name="Cédula_1">5432675.00000000000</SimpleData>
            <SimpleData name="Estado_d_1">Activo</SimpleData>
            <SimpleData name="OBJECTID_1">6048</SimpleData>
            <SimpleData name="Shape_Leng">401.59380303000</SimpleData>
            <SimpleData name="Shape_Area">8101.59475189000</SimpleData>
          </SchemaData>
        </ExtendedData>
        <Polygon>
          <outerBoundaryIs>
            <LinearRing>
              <coordinates>
                -56.4650768998917,-24.3273803003015,0
                -56.4650343996735,-24.3278794005258,0
                -56.4664924997193,-24.3278619003253,0
                -56.4664697993128,-24.3273487999003,0
                -56.4650768998917,-24.3273803003015,0
              </coordinates>
            </LinearRing>
          </outerBoundaryIs>
        </Polygon>
      </Placemark>
      <Placemark id="Lote_I.67">
        <ExtendedData>
          <SchemaData schemaUrl="#Lote_I.schema">
            <SimpleData name="Cédula">7016369.00000000000</SimpleData>
            <SimpleData name="Nombres_y_">HILARIO GALEANO BENITEZ</SimpleData>
            <SimpleData name="Sexo">Hombre</SimpleData>
            <SimpleData name="Cambio_de_">NO</SimpleData>
            <SimpleData name="Titular_se">NO</SimpleData>
            <SimpleData name="ci_UNIF">7016369.00000000000</SimpleData>
            <SimpleData name="Situación">NO</SimpleData>
            <SimpleData name="Comunidad">Ind?gena</SimpleData>
            <SimpleData name="Modelo_imp">Modelo 5</SimpleData>
            <SimpleData name="Departamen">SAN PEDRO</SimpleData>
            <SimpleData name="Distrito">CHORE</SimpleData>
            <SimpleData name="Localidad"><![CDATA[COM INDIG ?U APU'A]]></SimpleData>
            <SimpleData name="Teléfono">0972872789</SimpleData>
            <SimpleData name="Vivienda_L">-24.33303000000</SimpleData>
            <SimpleData name="Vivienda_1">-56.54523670000</SimpleData>
            <SimpleData name="Superficie">0.70000000000</SimpleData>
            <SimpleData name="Situaci_1">Par?metro</SimpleData>
            <SimpleData name="Plantado">SI</SimpleData>
            <SimpleData name="Fecha_Plan">2025/12/18</SimpleData>
            <SimpleData name="Jornales">0.00000000000</SimpleData>
            <SimpleData name="Monto">0.00000000000</SimpleData>
            <SimpleData name="Grupo_de_p">I-P2-XX-XX-XX</SimpleData>
            <SimpleData name="Estado_del">Activo</SimpleData>
            <SimpleData name="Empresa">Emilio Sol?s Grance</SimpleData>
            <SimpleData name="Lote">I</SimpleData>
            <SimpleData name="Parametro">0.00000000000</SimpleData>
            <SimpleData name="Sup_SIG">0.77172171876</SimpleData>
            <SimpleData name="X">-56.54421394000</SimpleData>
            <SimpleData name="Y">-24.33270456000</SimpleData>
            <SimpleData name="cedula">7016369</SimpleData>
            <SimpleData name="Cédula_1">7016369.00000000000</SimpleData>
            <SimpleData name="Estado_d_1">Activo</SimpleData>
            <SimpleData name="OBJECTID_1">8741</SimpleData>
            <SimpleData name="Shape_Leng">397.00713896200</SimpleData>
            <SimpleData name="Shape_Area">7717.21718764000</SimpleData>
          </SchemaData>
        </ExtendedData>
        <Polygon>
          <outerBoundaryIs>
            <LinearRing>
              <coordinates>
                -56.5434916995896,-24.3325582996423,0
                -56.5434806994178,-24.3330058001109,0
                -56.5449202992783,-24.3328882997249,0
                -56.5448885999969,-24.3323692004487,0
                -56.5434916995896,-24.3325582996423,0
              </coordinates>
            </LinearRing>
          </outerBoundaryIs>
        </Polygon>
      </Placemark>
      <Placemark id="Lote_I.68">
        <ExtendedData>
          <SchemaData schemaUrl="#Lote_I.schema">
            <SimpleData name="Cédula">6881167.00000000000</SimpleData>
            <SimpleData name="Nombres_y_">SANDRA PRIETO PRIETO</SimpleData>
            <SimpleData name="Sexo">Mujer</SimpleData>
            <SimpleData name="Cambio_de_">NO</SimpleData>
            <SimpleData name="Titular_se">NO</SimpleData>
            <SimpleData name="ci_UNIF">6881167.00000000000</SimpleData>
            <SimpleData name="Situación">NO</SimpleData>
            <SimpleData name="Comunidad">Campesina</SimpleData>
            <SimpleData name="Modelo_imp">Modelo 5</SimpleData>
            <SimpleData name="Departamen">SAN PEDRO</SimpleData>
            <SimpleData name="Distrito">CHORE</SimpleData>
            <SimpleData name="Localidad">SAN BLAS 2</SimpleData>
            <SimpleData name="Teléfono">0983219353</SimpleData>
            <SimpleData name="Vivienda_L">-24.10333900000</SimpleData>
            <SimpleData name="Vivienda_1">-56.66193480000</SimpleData>
            <SimpleData name="Superficie">0.70000000000</SimpleData>
            <SimpleData name="Situaci_1">Par?metro</SimpleData>
            <SimpleData name="Plantado">SI</SimpleData>
            <SimpleData name="Fecha_Plan">2026/03/23</SimpleData>
            <SimpleData name="Jornales">0.00000000000</SimpleData>
            <SimpleData name="Monto">0.00000000000</SimpleData>
            <SimpleData name="Grupo_de_p">I-P2-XX-XX-XX</SimpleData>
            <SimpleData name="Estado_del">Activo</SimpleData>
            <SimpleData name="Empresa">Emilio Sol?s Grance</SimpleData>
            <SimpleData name="Lote">I</SimpleData>
            <SimpleData name="Parametro">0.00000000000</SimpleData>
            <SimpleData name="Sup_SIG">0.80405855441</SimpleData>
            <SimpleData name="X">-56.66249331000</SimpleData>
            <SimpleData name="Y">-24.10382972000</SimpleData>
            <SimpleData name="cedula">6881167</SimpleData>
            <SimpleData name="Cédula_1">6881167.00000000000</SimpleData>
            <SimpleData name="Estado_d_1">Activo</SimpleData>
            <SimpleData name="OBJECTID_1">5989</SimpleData>
            <SimpleData name="Shape_Leng">392.51360859400</SimpleData>
            <SimpleData name="Shape_Area">8040.58554406000</SimpleData>
          </SchemaData>
        </ExtendedData>
        <Polygon>
          <outerBoundaryIs>
            <LinearRing>
              <coordinates>
                -56.6619612998531,-24.1038783004299,0
                -56.661958399437,-24.1042818997435,0
                -56.6628541991562,-24.1042295000276,0
                -56.6629276991649,-24.1032460002558,0
                -56.6624406998347,-24.1032842998248,0
                -56.6623833992777,-24.1036803004868,0
                -56.6621387999986,-24.1036907005111,0
                -56.6620819996474,-24.1037509000707,0
                -56.6620355994883,-24.1037612999547,0
                -56.6619612998531,-24.1038783004299,0
              </coordinates>
            </LinearRing>
          </outerBoundaryIs>
        </Polygon>
      </Placemark>
      <Placemark id="Lote_I.69">
        <ExtendedData>
          <SchemaData schemaUrl="#Lote_I.schema">
            <SimpleData name="Cédula">3946662.00000000000</SimpleData>
            <SimpleData name="Nombres_y_">CARMELO PAVON RIVEROS</SimpleData>
            <SimpleData name="Sexo">Hombre</SimpleData>
            <SimpleData name="Cambio_de_">NO</SimpleData>
            <SimpleData name="Titular_se">NO</SimpleData>
            <SimpleData name="ci_UNIF">3946662.00000000000</SimpleData>
            <SimpleData name="Situación">NO</SimpleData>
            <SimpleData name="Comunidad">Campesina</SimpleData>
            <SimpleData name="Modelo_imp">Modelo 1</SimpleData>
            <SimpleData name="Departamen">SAN PEDRO</SimpleData>
            <SimpleData name="Distrito">GUAYAIBI</SimpleData>
            <SimpleData name="Localidad">CALLE ASUNCION</SimpleData>
            <SimpleData name="Teléfono">0986657474</SimpleData>
            <SimpleData name="Vivienda_L">-24.43093000000</SimpleData>
            <SimpleData name="Vivienda_1">-56.45292430000</SimpleData>
            <SimpleData name="Superficie">0.80000000000</SimpleData>
            <SimpleData name="Situaci_1">Par?metro</SimpleData>
            <SimpleData name="Plantado">SI</SimpleData>
            <SimpleData name="Fecha_Plan">2025/12/16</SimpleData>
            <SimpleData name="Jornales">0.00000000000</SimpleData>
            <SimpleData name="Monto">0.00000000000</SimpleData>
            <SimpleData name="Grupo_de_p">I-P2-XX-XX-XX</SimpleData>
            <SimpleData name="Estado_del">Activo</SimpleData>
            <SimpleData name="Empresa">Emilio Sol?s Grance</SimpleData>
            <SimpleData name="Lote">I</SimpleData>
            <SimpleData name="Parametro">0.00000000000</SimpleData>
            <SimpleData name="Sup_SIG">0.88995972527</SimpleData>
            <SimpleData name="X">-56.45299924000</SimpleData>
            <SimpleData name="Y">-24.42988272000</SimpleData>
            <SimpleData name="cedula">3946662</SimpleData>
            <SimpleData name="Cédula_1">3946662.00000000000</SimpleData>
            <SimpleData name="Estado_d_1">Activo</SimpleData>
            <SimpleData name="OBJECTID_1">8777</SimpleData>
            <SimpleData name="Shape_Leng">540.37260438600</SimpleData>
            <SimpleData name="Shape_Area">8899.59725268000</SimpleData>
          </SchemaData>
        </ExtendedData>
        <MultiGeometry>
          <Polygon>
            <outerBoundaryIs>
              <LinearRing>
                <coordinates>
                  -56.4531905995977,-24.4305266003245,0
                  -56.4531483992527,-24.4292755002345,0
                  -56.452673199893,-24.4292497004812,0
                  -56.4525944998887,-24.4303959997367,0
                  -56.4531905995977,-24.4305266003245,0
                </coordinates>
              </LinearRing>
            </outerBoundaryIs>
          </Polygon>
          <Polygon>
            <outerBoundaryIs>
              <LinearRing>
                <coordinates>
                  -56.4536085997136,-24.4300656999675,0
                  -56.453611799265,-24.4297014997653,0
                  -56.4531874995327,-24.4296780999225,0
                  -56.4532253999518,-24.4300552002089,0
                  -56.4536085997136,-24.4300656999675,0
                </coordinates>
              </LinearRing>
            </outerBoundaryIs>
          </Polygon>
        </MultiGeometry>
      </Placemark>
      <Placemark id="Lote_I.70">
        <ExtendedData>
          <SchemaData schemaUrl="#Lote_I.schema">
            <SimpleData name="Cédula">6209981.00000000000</SimpleData>
            <SimpleData name="Nombres_y_">DELIA JARA GIMENEZ</SimpleData>
            <SimpleData name="Sexo">Mujer</SimpleData>
            <SimpleData name="Cambio_de_">NO</SimpleData>
            <SimpleData name="Titular_se">NO</SimpleData>
            <SimpleData name="ci_UNIF">6209981.00000000000</SimpleData>
            <SimpleData name="Situación">NO</SimpleData>
            <SimpleData name="Comunidad">Campesina</SimpleData>
            <SimpleData name="Modelo_imp">Modelo 5</SimpleData>
            <SimpleData name="Departamen">SAN PEDRO</SimpleData>
            <SimpleData name="Distrito">GUAYAIBI</SimpleData>
            <SimpleData name="Localidad">ASENT. TORO PIRU 2</SimpleData>
            <SimpleData name="Teléfono">0976493017</SimpleData>
            <SimpleData name="Vivienda_L">-24.32014360000</SimpleData>
            <SimpleData name="Vivienda_1">-56.46421320000</SimpleData>
            <SimpleData name="Superficie">0.70000000000</SimpleData>
            <SimpleData name="Situaci_1">Par?metro</SimpleData>
            <SimpleData name="Plantado">SI</SimpleData>
            <SimpleData name="Fecha_Plan">2026/03/25</SimpleData>
            <SimpleData name="Jornales">0.00000000000</SimpleData>
            <SimpleData name="Monto">0.00000000000</SimpleData>
            <SimpleData name="Grupo_de_p">I-P2-XX-XX-XX</SimpleData>
            <SimpleData name="Estado_del">Activo</SimpleData>
            <SimpleData name="Empresa">Emilio Sol?s Grance</SimpleData>
            <SimpleData name="Lote">I</SimpleData>
            <SimpleData name="Parametro">0.00000000000</SimpleData>
            <SimpleData name="Sup_SIG">0.80269974656</SimpleData>
            <SimpleData name="X">-56.46644429000</SimpleData>
            <SimpleData name="Y">-24.32371695000</SimpleData>
            <SimpleData name="cedula">6209981</SimpleData>
            <SimpleData name="Cédula_1">6209981.00000000000</SimpleData>
            <SimpleData name="Estado_d_1">Activo</SimpleData>
            <SimpleData name="OBJECTID_1">6038</SimpleData>
            <SimpleData name="Shape_Leng">361.83101012200</SimpleData>
            <SimpleData name="Shape_Area">8026.99746558000</SimpleData>
          </SchemaData>
        </ExtendedData>
        <Polygon>
          <outerBoundaryIs>
            <LinearRing>
              <coordinates>
                -56.4659059997795,-24.3233860997232,0
                -56.4659712990227,-24.324090800399,0
                -56.4669653995817,-24.3240514003978,0
                -56.4669361996819,-24.3233478004513,0
                -56.4659059997795,-24.3233860997232,0
              </coordinates>
            </LinearRing>
          </outerBoundaryIs>
        </Polygon>
      </Placemark>
      <Placemark id="Lote_I.71">
        <ExtendedData>
          <SchemaData schemaUrl="#Lote_I.schema">
            <SimpleData name="Cédula">6136365.00000000000</SimpleData>
            <SimpleData name="Nombres_y_">PEDRO PABLO GODOY LOPEZ</SimpleData>
            <SimpleData name="Sexo">Hombre</SimpleData>
            <SimpleData name="Cambio_de_">NO</SimpleData>
            <SimpleData name="Titular_se">NO</SimpleData>
            <SimpleData name="ci_UNIF">6136365.00000000000</SimpleData>
            <SimpleData name="Situación">NO</SimpleData>
            <SimpleData name="Comunidad">Campesina</SimpleData>
            <SimpleData name="Modelo_imp">Modelo 1</SimpleData>
            <SimpleData name="Departamen">SAN PEDRO</SimpleData>
            <SimpleData name="Distrito">GUAYAIBI</SimpleData>
            <SimpleData name="Localidad">CALLE ASUNCION</SimpleData>
            <SimpleData name="Teléfono">0985946664</SimpleData>
            <SimpleData name="Vivienda_L">-24.43125810000</SimpleData>
            <SimpleData name="Vivienda_1">-56.43578460000</SimpleData>
            <SimpleData name="Superficie">0.80000000000</SimpleData>
            <SimpleData name="Situaci_1">Pol?gono</SimpleData>
            <SimpleData name="Plantado">SI</SimpleData>
            <SimpleData name="Fecha_Plan">2025/11/24</SimpleData>
            <SimpleData name="Jornales">0.00000000000</SimpleData>
            <SimpleData name="Monto">0.00000000000</SimpleData>
            <SimpleData name="Grupo_de_p">I-P2-XX-XX-XX</SimpleData>
            <SimpleData name="Estado_del">Activo</SimpleData>
            <SimpleData name="Empresa">Emilio Sol?s Grance</SimpleData>
            <SimpleData name="Lote">I</SimpleData>
            <SimpleData name="Parametro">0.00000000000</SimpleData>
            <SimpleData name="Sup_SIG">0.81293917997</SimpleData>
            <SimpleData name="X">-56.43570903000</SimpleData>
            <SimpleData name="Y">-24.43326037000</SimpleData>
            <SimpleData name="cedula">6136365</SimpleData>
            <SimpleData name="Cédula_1">6136365.00000000000</SimpleData>
            <SimpleData name="Estado_d_1">Activo</SimpleData>
            <SimpleData name="OBJECTID_1">8774</SimpleData>
            <SimpleData name="Shape_Leng">717.21935436900</SimpleData>
            <SimpleData name="Shape_Area">8129.39179973000</SimpleData>
          </SchemaData>
        </ExtendedData>
        <Polygon>
          <outerBoundaryIs>
            <LinearRing>
              <coordinates>
                -56.4354504992997,-24.4347533001045,0
                -56.4356874998941,-24.4347806005058,0
                -56.4359689997928,-24.4317623003156,0
                -56.4357275992918,-24.4317556001893,0
                -56.4354504992997,-24.4347533001045,0
              </coordinates>
            </LinearRing>
          </outerBoundaryIs>
        </Polygon>
      </Placemark>
      <Placemark id="Lote_I.72">
        <ExtendedData>
          <SchemaData schemaUrl="#Lote_I.schema">
            <SimpleData name="Cédula">3620884.00000000000</SimpleData>
            <SimpleData name="Nombres_y_">EZEQUIEL PRIETO</SimpleData>
            <SimpleData name="Sexo">Hombre</SimpleData>
            <SimpleData name="Cambio_de_">NO</SimpleData>
            <SimpleData name="Titular_se">NO</SimpleData>
            <SimpleData name="ci_UNIF">3620884.00000000000</SimpleData>
            <SimpleData name="Situación">NO</SimpleData>
            <SimpleData name="Comunidad">Campesina</SimpleData>
            <SimpleData name="Modelo_imp">Modelo 5</SimpleData>
            <SimpleData name="Departamen">SAN PEDRO</SimpleData>
            <SimpleData name="Distrito">GUAYAIBI</SimpleData>
            <SimpleData name="Localidad">SAN FRANCISCO</SimpleData>
            <SimpleData name="Teléfono">0992784544</SimpleData>
            <SimpleData name="Vivienda_L">-24.53245940000</SimpleData>
            <SimpleData name="Vivienda_1">-56.49811310000</SimpleData>
            <SimpleData name="Superficie">0.70000000000</SimpleData>
            <SimpleData name="Situaci_1">Pol?gono</SimpleData>
            <SimpleData name="Plantado">SI</SimpleData>
            <SimpleData name="Fecha_Plan">2025/11/20</SimpleData>
            <SimpleData name="Jornales">0.00000000000</SimpleData>
            <SimpleData name="Monto">0.00000000000</SimpleData>
            <SimpleData name="Grupo_de_p">I-P2-XX-XX-XX</SimpleData>
            <SimpleData name="Estado_del">Activo</SimpleData>
            <SimpleData name="Empresa">Emilio Sol?s Grance</SimpleData>
            <SimpleData name="Lote">I</SimpleData>
            <SimpleData name="Parametro">0.00000000000</SimpleData>
            <SimpleData name="Sup_SIG">0.78906776598</SimpleData>
            <SimpleData name="X">-56.49802497000</SimpleData>
            <SimpleData name="Y">-24.53831873000</SimpleData>
            <SimpleData name="cedula">3620884</SimpleData>
            <SimpleData name="Cédula_1">3620884.00000000000</SimpleData>
            <SimpleData name="Estado_d_1">Activo</SimpleData>
            <SimpleData name="OBJECTID_1">8782</SimpleData>
            <SimpleData name="Shape_Leng">374.82794227400</SimpleData>
            <SimpleData name="Shape_Area">7890.67765975000</SimpleData>
          </SchemaData>
        </ExtendedData>
        <Polygon>
          <outerBoundaryIs>
            <LinearRing>
              <coordinates>
                -56.4977070990466,-24.5377390997315,0
                -56.4977177999395,-24.5388907001278,0
                -56.4983374994071,-24.5388669997543,0
                -56.4983520992345,-24.5377934002647,0
                -56.4977070990466,-24.5377390997315,0
              </coordinates>
            </LinearRing>
          </outerBoundaryIs>
        </Polygon>
      </Placemark>
      <Placemark id="Lote_I.73">
        <ExtendedData>
          <SchemaData schemaUrl="#Lote_I.schema">
            <SimpleData name="Cédula">4941522.00000000000</SimpleData>
            <SimpleData name="Nombres_y_">EUNICE GARCIA CANTERO</SimpleData>
            <SimpleData name="Sexo">Mujer</SimpleData>
            <SimpleData name="Cambio_de_">NO</SimpleData>
            <SimpleData name="Titular_se">NO</SimpleData>
            <SimpleData name="ci_UNIF">4941522.00000000000</SimpleData>
            <SimpleData name="Situación">NO</SimpleData>
            <SimpleData name="Comunidad">Campesina</SimpleData>
            <SimpleData name="Modelo_imp">Modelo 1</SimpleData>
            <SimpleData name="Departamen">SAN PEDRO</SimpleData>
            <SimpleData name="Distrito">GUAYAIBI</SimpleData>
            <SimpleData name="Localidad">ASENT. TORO PIRU 2</SimpleData>
            <SimpleData name="Teléfono">0975388883</SimpleData>
            <SimpleData name="Vivienda_L">-24.32059550000</SimpleData>
            <SimpleData name="Vivienda_1">-56.46411020000</SimpleData>
            <SimpleData name="Superficie">0.80000000000</SimpleData>
            <SimpleData name="Situaci_1">Par?metro</SimpleData>
            <SimpleData name="Plantado">SI</SimpleData>
            <SimpleData name="Fecha_Plan">2026/03/25</SimpleData>
            <SimpleData name="Jornales">0.00000000000</SimpleData>
            <SimpleData name="Monto">0.00000000000</SimpleData>
            <SimpleData name="Grupo_de_p">I-P2-XX-XX-XX</SimpleData>
            <SimpleData name="Estado_del">Activo</SimpleData>
            <SimpleData name="Empresa">Emilio Sol?s Grance</SimpleData>
            <SimpleData name="Lote">I</SimpleData>
            <SimpleData name="Parametro">0.00000000000</SimpleData>
            <SimpleData name="Sup_SIG">1.03096062470</SimpleData>
            <SimpleData name="X">-56.46578105000</SimpleData>
            <SimpleData name="Y">-24.32807772000</SimpleData>
            <SimpleData name="cedula">4941522</SimpleData>
            <SimpleData name="Cédula_1">4941522.00000000000</SimpleData>
            <SimpleData name="Estado_d_1">Activo</SimpleData>
            <SimpleData name="OBJECTID_1">6050</SimpleData>
            <SimpleData name="Shape_Leng">609.71308719900</SimpleData>
            <SimpleData name="Shape_Area">10309.60624700000</SimpleData>
          </SchemaData>
        </ExtendedData>
        <Polygon>
          <outerBoundaryIs>
            <LinearRing>
              <coordinates>
                -56.4645260999089,-24.3279190001275,0
                -56.4645384998816,-24.3283231003669,0
                -56.4651749998159,-24.3282936001362,0
                -56.4651796993429,-24.3282173002585,0
                -56.4659042995397,-24.3282162002808,0
                -56.4658812994426,-24.3282748999581,0
                -56.4670105993842,-24.3282507001262,0
                -56.4670303995827,-24.3278658005172,0
                -56.4645260999089,-24.3279190001275,0
              </coordinates>
            </LinearRing>
          </outerBoundaryIs>
        </Polygon>
      </Placemark>
      <Placemark id="Lote_I.74">
        <ExtendedData>
          <SchemaData schemaUrl="#Lote_I.schema">
            <SimpleData name="Cédula">5995637.00000000000</SimpleData>
            <SimpleData name="Nombres_y_">LELIA AQUINO VILLALBA</SimpleData>
            <SimpleData name="Sexo">Mujer</SimpleData>
            <SimpleData name="Cambio_de_">NO</SimpleData>
            <SimpleData name="Titular_se">NO</SimpleData>
            <SimpleData name="ci_UNIF">5995637.00000000000</SimpleData>
            <SimpleData name="Situación">NO</SimpleData>
            <SimpleData name="Comunidad">Campesina</SimpleData>
            <SimpleData name="Modelo_imp">Modelo 1</SimpleData>
            <SimpleData name="Departamen">SAN PEDRO</SimpleData>
            <SimpleData name="Distrito">CRUCE LIBERACION</SimpleData>
            <SimpleData name="Localidad">COLONIA FELICIDAD</SimpleData>
            <SimpleData name="Teléfono">0983561278</SimpleData>
            <SimpleData name="Vivienda_L">-24.17059050000</SimpleData>
            <SimpleData name="Vivienda_1">-56.36617640000</SimpleData>
            <SimpleData name="Superficie">0.80000000000</SimpleData>
            <SimpleData name="Situaci_1">Par?metro</SimpleData>
            <SimpleData name="Plantado">SI</SimpleData>
            <SimpleData name="Fecha_Plan">2026/02/12</SimpleData>
            <SimpleData name="Jornales">0.00000000000</SimpleData>
            <SimpleData name="Monto">0.00000000000</SimpleData>
            <SimpleData name="Grupo_de_p">I-P2-XX-XX-XX</SimpleData>
            <SimpleData name="Estado_del">Activo</SimpleData>
            <SimpleData name="Empresa">Emilio Sol?s Grance</SimpleData>
            <SimpleData name="Lote">I</SimpleData>
            <SimpleData name="Parametro">0.00000000000</SimpleData>
            <SimpleData name="Sup_SIG">0.84280239264</SimpleData>
            <SimpleData name="X">-56.36563551000</SimpleData>
            <SimpleData name="Y">-24.17445692000</SimpleData>
            <SimpleData name="cedula">5995637</SimpleData>
            <SimpleData name="Cédula_1">5995637.00000000000</SimpleData>
            <SimpleData name="Estado_d_1">Activo</SimpleData>
            <SimpleData name="OBJECTID_1">8419</SimpleData>
            <SimpleData name="Shape_Leng">371.30485952100</SimpleData>
            <SimpleData name="Shape_Area">8428.02392638000</SimpleData>
          </SchemaData>
        </ExtendedData>
        <Polygon>
          <outerBoundaryIs>
            <LinearRing>
              <coordinates>
                -56.3651929990908,-24.1749042004988,0
                -56.3659557992568,-24.1749690000315,0
                -56.3660886999302,-24.173995100339,0
                -56.3652936993028,-24.1739694003969,0
                -56.3651962996132,-24.1748590999398,0
                -56.3651929990908,-24.1749042004988,0
              </coordinates>
            </LinearRing>
          </outerBoundaryIs>
        </Polygon>
      </Placemark>
      <Placemark id="Lote_I.75">
        <ExtendedData>
          <SchemaData schemaUrl="#Lote_I.schema">
            <SimpleData name="Cédula">8347879.00000000000</SimpleData>
            <SimpleData name="Nombres_y_">ALCIDES GAUTO MONTANIA</SimpleData>
            <SimpleData name="Sexo">Hombre</SimpleData>
            <SimpleData name="Cambio_de_">NO</SimpleData>
            <SimpleData name="Titular_se">NO</SimpleData>
            <SimpleData name="ci_UNIF">8347879.00000000000</SimpleData>
            <SimpleData name="Situación">NO</SimpleData>
            <SimpleData name="Comunidad">Ind?gena</SimpleData>
            <SimpleData name="Modelo_imp">Modelo 5</SimpleData>
            <SimpleData name="Departamen">SAN PEDRO</SimpleData>
            <SimpleData name="Distrito">CHORE</SimpleData>
            <SimpleData name="Localidad"><![CDATA[COM INDIG ?U APU'A]]></SimpleData>
            <SimpleData name="Teléfono">0986796730</SimpleData>
            <SimpleData name="Vivienda_L">-24.33147690000</SimpleData>
            <SimpleData name="Vivienda_1">-56.54513280000</SimpleData>
            <SimpleData name="Superficie">0.70000000000</SimpleData>
            <SimpleData name="Situaci_1">Par?metro</SimpleData>
            <SimpleData name="Plantado">SI</SimpleData>
            <SimpleData name="Fecha_Plan">2025/12/18</SimpleData>
            <SimpleData name="Jornales">0.00000000000</SimpleData>
            <SimpleData name="Monto">0.00000000000</SimpleData>
            <SimpleData name="Grupo_de_p">I-P2-XX-XX-XX</SimpleData>
            <SimpleData name="Estado_del">Activo</SimpleData>
            <SimpleData name="Empresa">Emilio Sol?s Grance</SimpleData>
            <SimpleData name="Lote">I</SimpleData>
            <SimpleData name="Parametro">0.00000000000</SimpleData>
            <SimpleData name="Sup_SIG">0.70002307547</SimpleData>
            <SimpleData name="X">-56.54436191000</SimpleData>
            <SimpleData name="Y">-24.33160884000</SimpleData>
            <SimpleData name="cedula">8347879</SimpleData>
            <SimpleData name="Cédula_1">8347879.00000000000</SimpleData>
            <SimpleData name="Estado_d_1">Activo</SimpleData>
            <SimpleData name="OBJECTID_1">8742</SimpleData>
            <SimpleData name="Shape_Leng">343.48749683200</SimpleData>
            <SimpleData name="Shape_Area">7000.23075468000</SimpleData>
          </SchemaData>
        </ExtendedData>
        <Polygon>
          <outerBoundaryIs>
            <LinearRing>
              <coordinates>
                -56.543868799216,-24.3312872998125,0
                -56.5438661997289,-24.3319625004817,0
                -56.5449149993606,-24.3318549998467,0
                -56.5448746995063,-24.3313184001652,0
                -56.543868799216,-24.3312872998125,0
              </coordinates>
            </LinearRing>
          </outerBoundaryIs>
        </Polygon>
      </Placemark>
      <Placemark id="Lote_I.76">
        <ExtendedData>
          <SchemaData schemaUrl="#Lote_I.schema">
            <SimpleData name="Cédula">6986088.00000000000</SimpleData>
            <SimpleData name="Nombres_y_">MARISA BERNAL SEGOVIA</SimpleData>
            <SimpleData name="Sexo">Mujer</SimpleData>
            <SimpleData name="Cambio_de_">NO</SimpleData>
            <SimpleData name="Titular_se">NO</SimpleData>
            <SimpleData name="ci_UNIF">6986088.00000000000</SimpleData>
            <SimpleData name="Situación">NO</SimpleData>
            <SimpleData name="Comunidad">Campesina</SimpleData>
            <SimpleData name="Modelo_imp">Modelo 1</SimpleData>
            <SimpleData name="Departamen">SAN PEDRO</SimpleData>
            <SimpleData name="Distrito">GUAYAIBI</SimpleData>
            <SimpleData name="Localidad">ASENT. TORO PIRU 2</SimpleData>
            <SimpleData name="Teléfono">0975999512</SimpleData>
            <SimpleData name="Vivienda_L">-24.32588080000</SimpleData>
            <SimpleData name="Vivienda_1">-56.46312650000</SimpleData>
            <SimpleData name="Superficie">0.80000000000</SimpleData>
            <SimpleData name="Situaci_1">Par?metro</SimpleData>
            <SimpleData name="Plantado">SI</SimpleData>
            <SimpleData name="Fecha_Plan">2026/03/25</SimpleData>
            <SimpleData name="Jornales">0.00000000000</SimpleData>
            <SimpleData name="Monto">0.00000000000</SimpleData>
            <SimpleData name="Grupo_de_p">I-P2-XX-XX-XX</SimpleData>
            <SimpleData name="Estado_del">Activo</SimpleData>
            <SimpleData name="Empresa">Emilio Sol?s Grance</SimpleData>
            <SimpleData name="Lote">I</SimpleData>
            <SimpleData name="Parametro">0.00000000000</SimpleData>
            <SimpleData name="Sup_SIG">0.93453138946</SimpleData>
            <SimpleData name="X">-56.45886222000</SimpleData>
            <SimpleData name="Y">-24.32651963000</SimpleData>
            <SimpleData name="cedula">6986088</SimpleData>
            <SimpleData name="Cédula_1">6986088.00000000000</SimpleData>
            <SimpleData name="Estado_d_1">Activo</SimpleData>
            <SimpleData name="OBJECTID_1">6035</SimpleData>
            <SimpleData name="Shape_Leng">677.10519820000</SimpleData>
            <SimpleData name="Shape_Area">9345.31389463000</SimpleData>
          </SchemaData>
        </ExtendedData>
        <MultiGeometry>
          <Polygon>
            <outerBoundaryIs>
              <LinearRing>
                <coordinates>
                  -56.4585331994723,-24.3267799997871,0
                  -56.4592119991817,-24.3267769005162,0
                  -56.459186899062,-24.3262464997249,0
                  -56.4585050999328,-24.326276499782,0
                  -56.4585331994723,-24.3267799997871,0
                </coordinates>
              </LinearRing>
            </outerBoundaryIs>
          </Polygon>
          <Polygon>
            <outerBoundaryIs>
              <LinearRing>
                <coordinates>
                  -56.4613185999511,-24.3266816998336,0
                  -56.4612786990371,-24.3261450998009,0
                  -56.4608331991894,-24.3261653005075,0
                  -56.4608694993791,-24.3266944999627,0
                  -56.4613185999511,-24.3266816998336,0
                </coordinates>
              </LinearRing>
            </outerBoundaryIs>
          </Polygon>
          <Polygon>
            <outerBoundaryIs>
              <LinearRing>
                <coordinates>
                  -56.4612341994858,-24.3261226003,0
                  -56.4611933993685,-24.3255244003526,0
                  -56.4607952995364,-24.3255314999441,0
                  -56.4608442997895,-24.326151499858,0
                  -56.4612341994858,-24.3261226003,0
                </coordinates>
              </LinearRing>
            </outerBoundaryIs>
          </Polygon>
        </MultiGeometry>
      </Placemark>
      <Placemark id="Lote_I.77">
        <ExtendedData>
          <SchemaData schemaUrl="#Lote_I.schema">
            <SimpleData name="Cédula">6886031.00000000000</SimpleData>
            <SimpleData name="Nombres_y_">YESICA MARICEL LOPEZ LEON</SimpleData>
            <SimpleData name="Sexo">Mujer</SimpleData>
            <SimpleData name="Cambio_de_">NO</SimpleData>
            <SimpleData name="Titular_se">NO</SimpleData>
            <SimpleData name="ci_UNIF">6886031.00000000000</SimpleData>
            <SimpleData name="Situación">NO</SimpleData>
            <SimpleData name="Comunidad">Campesina</SimpleData>
            <SimpleData name="Modelo_imp">Modelo 5</SimpleData>
            <SimpleData name="Departamen">SAN PEDRO</SimpleData>
            <SimpleData name="Distrito">CHORE</SimpleData>
            <SimpleData name="Localidad">SANTO DOMINGO</SimpleData>
            <SimpleData name="Teléfono">986377924</SimpleData>
            <SimpleData name="Vivienda_L">-24.22336590000</SimpleData>
            <SimpleData name="Vivienda_1">-56.61310600000</SimpleData>
            <SimpleData name="Superficie">0.70000000000</SimpleData>
            <SimpleData name="Situaci_1">Parametro</SimpleData>
            <SimpleData name="Plantado">SI</SimpleData>
            <SimpleData name="Fecha_Plan">2026/04/15</SimpleData>
            <SimpleData name="Jornales">0.00000000000</SimpleData>
            <SimpleData name="Monto">0.00000000000</SimpleData>
            <SimpleData name="Grupo_de_p">I-P2-XX-XX-XX</SimpleData>
            <SimpleData name="Estado_del">Activo</SimpleData>
            <SimpleData name="Empresa">Emilio Sol?s Grance</SimpleData>
            <SimpleData name="Lote">I</SimpleData>
            <SimpleData name="Parametro">0.00000000000</SimpleData>
            <SimpleData name="Sup_SIG">0.80816160638</SimpleData>
            <SimpleData name="X">-56.61636053000</SimpleData>
            <SimpleData name="Y">-24.22355437000</SimpleData>
            <SimpleData name="cedula">6886031</SimpleData>
            <SimpleData name="Cédula_1">6886031.00000000000</SimpleData>
            <SimpleData name="Estado_d_1">Activo</SimpleData>
            <SimpleData name="OBJECTID_1">6403</SimpleData>
            <SimpleData name="Shape_Leng">366.66818441700</SimpleData>
            <SimpleData name="Shape_Area">8081.61606376000</SimpleData>
          </SchemaData>
        </ExtendedData>
        <Polygon>
          <outerBoundaryIs>
            <LinearRing>
              <coordinates>
                -56.6157892999484,-24.2238593996165,0
                -56.6168627998984,-24.2239145003077,0
                -56.6169331001363,-24.2232478004168,0
                -56.615854599767,-24.2231966002716,0
                -56.6157892999484,-24.2238593996165,0
              </coordinates>
            </LinearRing>
          </outerBoundaryIs>
        </Polygon>
      </Placemark>
      <Placemark id="Lote_I.78">
        <ExtendedData>
          <SchemaData schemaUrl="#Lote_I.schema">
            <SimpleData name="Cédula">3902401.00000000000</SimpleData>
            <SimpleData name="Nombres_y_">CARMEN LEZCANO DE CORTAZA</SimpleData>
            <SimpleData name="Sexo">Mujer</SimpleData>
            <SimpleData name="Cambio_de_">NO</SimpleData>
            <SimpleData name="Titular_se">NO</SimpleData>
            <SimpleData name="ci_UNIF">3902401.00000000000</SimpleData>
            <SimpleData name="Situación">NO</SimpleData>
            <SimpleData name="Comunidad">Campesina</SimpleData>
            <SimpleData name="Modelo_imp">Modelo 5</SimpleData>
            <SimpleData name="Departamen">SAN PEDRO</SimpleData>
            <SimpleData name="Distrito">CHORE</SimpleData>
            <SimpleData name="Localidad">PRIMERO DE MARZO</SimpleData>
            <SimpleData name="Teléfono">0982707092</SimpleData>
            <SimpleData name="Vivienda_L">-24.12316230000</SimpleData>
            <SimpleData name="Vivienda_1">-56.61978110000</SimpleData>
            <SimpleData name="Superficie">0.70000000000</SimpleData>
            <SimpleData name="Situaci_1">Par?metro</SimpleData>
            <SimpleData name="Plantado">SI</SimpleData>
            <SimpleData name="Fecha_Plan">2026/04/18</SimpleData>
            <SimpleData name="Jornales">0.00000000000</SimpleData>
            <SimpleData name="Monto">0.00000000000</SimpleData>
            <SimpleData name="Grupo_de_p">I-P2-XX-XX-XX</SimpleData>
            <SimpleData name="Estado_del">Activo</SimpleData>
            <SimpleData name="Empresa">Emilio Sol?s Grance</SimpleData>
            <SimpleData name="Lote">I</SimpleData>
            <SimpleData name="Parametro">0.00000000000</SimpleData>
            <SimpleData name="Sup_SIG">0.84956270672</SimpleData>
            <SimpleData name="X">-56.61900780000</SimpleData>
            <SimpleData name="Y">-24.12400196000</SimpleData>
            <SimpleData name="cedula">3902401</SimpleData>
            <SimpleData name="Cédula_1">3902401.00000000000</SimpleData>
            <SimpleData name="Estado_d_1">Activo</SimpleData>
            <SimpleData name="OBJECTID_1">5993</SimpleData>
            <SimpleData name="Shape_Leng">599.62863375000</SimpleData>
            <SimpleData name="Shape_Area">8495.62706716000</SimpleData>
          </SchemaData>
        </ExtendedData>
        <MultiGeometry>
          <Polygon>
            <outerBoundaryIs>
              <LinearRing>
                <coordinates>
                  -56.6181734003064,-24.1258008003524,0
                  -56.6188408999863,-24.1250847997623,0
                  -56.6186473000485,-24.1248606000214,0
                  -56.6178511997609,-24.1255705996532,0
                  -56.6181734003064,-24.1258008003524,0
                </coordinates>
              </LinearRing>
            </outerBoundaryIs>
          </Polygon>
          <Polygon>
            <outerBoundaryIs>
              <LinearRing>
                <coordinates>
                  -56.6188070001429,-24.1245082003506,0
                  -56.6195504004683,-24.1236764003969,0
                  -56.6192233003062,-24.1235241998132,0
                  -56.6184876002268,-24.1242428996501,0
                  -56.6188070001429,-24.1245082003506,0
                </coordinates>
              </LinearRing>
            </outerBoundaryIs>
          </Polygon>
        </MultiGeometry>
      </Placemark>
      <Placemark id="Lote_I.79">
        <ExtendedData>
          <SchemaData schemaUrl="#Lote_I.schema">
            <SimpleData name="Cédula">6675401.00000000000</SimpleData>
            <SimpleData name="Nombres_y_">IRMA NULL RUIZ LOPEZ</SimpleData>
            <SimpleData name="Sexo">Mujer</SimpleData>
            <SimpleData name="Cambio_de_">NO</SimpleData>
            <SimpleData name="Titular_se">NO</SimpleData>
            <SimpleData name="ci_UNIF">6675401.00000000000</SimpleData>
            <SimpleData name="Situación">NO</SimpleData>
            <SimpleData name="Comunidad">Campesina</SimpleData>
            <SimpleData name="Modelo_imp">Modelo 5</SimpleData>
            <SimpleData name="Departamen">SAN PEDRO</SimpleData>
            <SimpleData name="Distrito">CHORE</SimpleData>
            <SimpleData name="Localidad">SAN BLAS 2</SimpleData>
            <SimpleData name="Teléfono">0982733395</SimpleData>
            <SimpleData name="Vivienda_L">-24.11275330000</SimpleData>
            <SimpleData name="Vivienda_1">-56.66314170000</SimpleData>
            <SimpleData name="Superficie">0.70000000000</SimpleData>
            <SimpleData name="Situaci_1">Parametro</SimpleData>
            <SimpleData name="Plantado">SI</SimpleData>
            <SimpleData name="Fecha_Plan">2026/04/15</SimpleData>
            <SimpleData name="Jornales">0.00000000000</SimpleData>
            <SimpleData name="Monto">0.00000000000</SimpleData>
            <SimpleData name="Grupo_de_p">I-P2-XX-XX-XX</SimpleData>
            <SimpleData name="Estado_del">Activo</SimpleData>
            <SimpleData name="Empresa">Emilio Sol?s Grance</SimpleData>
            <SimpleData name="Lote">I</SimpleData>
            <SimpleData name="Parametro">0.00000000000</SimpleData>
            <SimpleData name="Sup_SIG">0.79917515184</SimpleData>
            <SimpleData name="X">-56.66335647000</SimpleData>
            <SimpleData name="Y">-24.11407954000</SimpleData>
            <SimpleData name="cedula">6675401</SimpleData>
            <SimpleData name="Cédula_1">6675401.00000000000</SimpleData>
            <SimpleData name="Estado_d_1">Activo</SimpleData>
            <SimpleData name="OBJECTID_1">6405</SimpleData>
            <SimpleData name="Shape_Leng">462.18281574100</SimpleData>
            <SimpleData name="Shape_Area">7991.75151843000</SimpleData>
          </SchemaData>
        </ExtendedData>
        <Polygon>
          <outerBoundaryIs>
            <LinearRing>
              <coordinates>
                -56.6623949995781,-24.1142282998684,0
                -56.6642776997155,-24.1143103000871,0
                -56.6642955999089,-24.1139323996253,0
                -56.662473199546,-24.1138438004025,0
                -56.6623949995781,-24.1142282998684,0
              </coordinates>
            </LinearRing>
          </outerBoundaryIs>
        </Polygon>
      </Placemark>
      <Placemark id="Lote_I.80">
        <ExtendedData>
          <SchemaData schemaUrl="#Lote_I.schema">
            <SimpleData name="Cédula">2849196.00000000000</SimpleData>
            <SimpleData name="Nombres_y_">BRIGIDO RAMON FRANCO ARANI</SimpleData>
            <SimpleData name="Sexo">Hombre</SimpleData>
            <SimpleData name="Cambio_de_">NO</SimpleData>
            <SimpleData name="Titular_se">NO</SimpleData>
            <SimpleData name="ci_UNIF">2849196.00000000000</SimpleData>
            <SimpleData name="Situación">NO</SimpleData>
            <SimpleData name="Comunidad">Campesina</SimpleData>
            <SimpleData name="Modelo_imp">Modelo 1</SimpleData>
            <SimpleData name="Departamen">SAN PEDRO</SimpleData>
            <SimpleData name="Distrito">CHORE</SimpleData>
            <SimpleData name="Localidad">PRIMERO DE MARZO</SimpleData>
            <SimpleData name="Teléfono">0984058702</SimpleData>
            <SimpleData name="Vivienda_L">-24.11895470000</SimpleData>
            <SimpleData name="Vivienda_1">-56.60761690000</SimpleData>
            <SimpleData name="Superficie">0.80000000000</SimpleData>
            <SimpleData name="Situaci_1">Par?metro</SimpleData>
            <SimpleData name="Plantado">SI</SimpleData>
            <SimpleData name="Fecha_Plan">2026/04/18</SimpleData>
            <SimpleData name="Jornales">0.00000000000</SimpleData>
            <SimpleData name="Monto">0.00000000000</SimpleData>
            <SimpleData name="Grupo_de_p">I-P2-XX-XX-XX</SimpleData>
            <SimpleData name="Estado_del">Activo</SimpleData>
            <SimpleData name="Empresa">Emilio Sol?s Grance</SimpleData>
            <SimpleData name="Lote">I</SimpleData>
            <SimpleData name="Parametro">0.00000000000</SimpleData>
            <SimpleData name="Sup_SIG">0.80502185480</SimpleData>
            <SimpleData name="X">-56.60597059000</SimpleData>
            <SimpleData name="Y">-24.11877252000</SimpleData>
            <SimpleData name="cedula">2849196</SimpleData>
            <SimpleData name="Cédula_1">2849196.00000000000</SimpleData>
            <SimpleData name="Estado_d_1">Activo</SimpleData>
            <SimpleData name="OBJECTID_1">5998</SimpleData>
            <SimpleData name="Shape_Leng">361.04887069100</SimpleData>
            <SimpleData name="Shape_Area">8050.21854801000</SimpleData>
          </SchemaData>
        </ExtendedData>
        <Polygon>
          <outerBoundaryIs>
            <LinearRing>
              <coordinates>
                -56.6055095996608,-24.1191607001666,0
                -56.6063899996032,-24.1192405000532,0
                -56.6063587003582,-24.1183490002414,0
                -56.6056255003801,-24.1182859995815,0
                -56.6055095996608,-24.1191607001666,0
              </coordinates>
            </LinearRing>
          </outerBoundaryIs>
        </Polygon>
      </Placemark>
      <Placemark id="Lote_I.81">
        <ExtendedData>
          <SchemaData schemaUrl="#Lote_I.schema">
            <SimpleData name="Cédula">6771065.00000000000</SimpleData>
            <SimpleData name="Nombres_y_">CLAUDIA ORTIZ MARTINEZ</SimpleData>
            <SimpleData name="Sexo">Mujer</SimpleData>
            <SimpleData name="Cambio_de_">NO</SimpleData>
            <SimpleData name="Titular_se">NO</SimpleData>
            <SimpleData name="ci_UNIF">6771065.00000000000</SimpleData>
            <SimpleData name="Situación">NO</SimpleData>
            <SimpleData name="Comunidad">Campesina</SimpleData>
            <SimpleData name="Modelo_imp">Modelo 5</SimpleData>
            <SimpleData name="Departamen">SAN PEDRO</SimpleData>
            <SimpleData name="Distrito">GUAYAIBI</SimpleData>
            <SimpleData name="Localidad">SANTO DOMINGO</SimpleData>
            <SimpleData name="Teléfono">0986493469</SimpleData>
            <SimpleData name="Vivienda_L">-24.49667090000</SimpleData>
            <SimpleData name="Vivienda_1">-56.42709630000</SimpleData>
            <SimpleData name="Superficie">0.70000000000</SimpleData>
            <SimpleData name="Situaci_1">Par?metro</SimpleData>
            <SimpleData name="Plantado">SI</SimpleData>
            <SimpleData name="Fecha_Plan">2025/12/15</SimpleData>
            <SimpleData name="Jornales">0.00000000000</SimpleData>
            <SimpleData name="Monto">0.00000000000</SimpleData>
            <SimpleData name="Grupo_de_p">I-GN-XX-XX-XX</SimpleData>
            <SimpleData name="Estado_del">Activo</SimpleData>
            <SimpleData name="Empresa">Emilio Sol?s Grance</SimpleData>
            <SimpleData name="Lote">I</SimpleData>
            <SimpleData name="Parametro">0.00000000000</SimpleData>
            <SimpleData name="Sup_SIG">0.82403951418</SimpleData>
            <SimpleData name="X">-56.42104960000</SimpleData>
            <SimpleData name="Y">-24.50134376000</SimpleData>
            <SimpleData name="cedula">6771065</SimpleData>
            <SimpleData name="Cédula_1">6771065.00000000000</SimpleData>
            <SimpleData name="Estado_d_1">Activo</SimpleData>
            <SimpleData name="OBJECTID_1">8765</SimpleData>
            <SimpleData name="Shape_Leng">475.30331849800</SimpleData>
            <SimpleData name="Shape_Area">8240.39514181000</SimpleData>
          </SchemaData>
        </ExtendedData>
        <Polygon>
          <outerBoundaryIs>
            <LinearRing>
              <coordinates>
                -56.4200588995506,-24.5014556001017,0
                -56.422013299773,-24.5016100000942,0
                -56.4220149997336,-24.5012327997811,0
                -56.4201290000141,-24.5010735996106,0
                -56.4200588995506,-24.5014556001017,0
              </coordinates>
            </LinearRing>
          </outerBoundaryIs>
        </Polygon>
      </Placemark>
      <Placemark id="Lote_I.82">
        <ExtendedData>
          <SchemaData schemaUrl="#Lote_I.schema">
            <SimpleData name="Cédula">4565433.00000000000</SimpleData>
            <SimpleData name="Nombres_y_">URBINA LOPEZ QUINTANA</SimpleData>
            <SimpleData name="Sexo">Mujer</SimpleData>
            <SimpleData name="Cambio_de_">NO</SimpleData>
            <SimpleData name="Titular_se">NO</SimpleData>
            <SimpleData name="ci_UNIF">4565433.00000000000</SimpleData>
            <SimpleData name="Situación">NO</SimpleData>
            <SimpleData name="Comunidad">Campesina</SimpleData>
            <SimpleData name="Modelo_imp">Modelo 5</SimpleData>
            <SimpleData name="Departamen">SAN PEDRO</SimpleData>
            <SimpleData name="Distrito">GUAYAIBI</SimpleData>
            <SimpleData name="Localidad">SANTO DOMINGO</SimpleData>
            <SimpleData name="Teléfono">0992899729</SimpleData>
            <SimpleData name="Vivienda_L">-24.50224270000</SimpleData>
            <SimpleData name="Vivienda_1">-56.42708910000</SimpleData>
            <SimpleData name="Superficie">0.70000000000</SimpleData>
            <SimpleData name="Situaci_1">Par?metro</SimpleData>
            <SimpleData name="Plantado">SI</SimpleData>
            <SimpleData name="Fecha_Plan">2025/11/21</SimpleData>
            <SimpleData name="Jornales">0.00000000000</SimpleData>
            <SimpleData name="Monto">0.00000000000</SimpleData>
            <SimpleData name="Grupo_de_p">I-GN-XX-XX-XX</SimpleData>
            <SimpleData name="Estado_del">Activo</SimpleData>
            <SimpleData name="Empresa">Emilio Sol?s Grance</SimpleData>
            <SimpleData name="Lote">I</SimpleData>
            <SimpleData name="Parametro">0.00000000000</SimpleData>
            <SimpleData name="Sup_SIG">0.87752298308</SimpleData>
            <SimpleData name="X">-56.43283210000</SimpleData>
            <SimpleData name="Y">-24.50212357000</SimpleData>
            <SimpleData name="cedula">4565433</SimpleData>
            <SimpleData name="Cédula_1">4565433.00000000000</SimpleData>
            <SimpleData name="Estado_d_1">Activo</SimpleData>
            <SimpleData name="OBJECTID_1">8767</SimpleData>
            <SimpleData name="Shape_Leng">431.62176302900</SimpleData>
            <SimpleData name="Shape_Area">8775.22983076000</SimpleData>
          </SchemaData>
        </ExtendedData>
        <Polygon>
          <outerBoundaryIs>
            <LinearRing>
              <coordinates>
                -56.4320363998118,-24.5023098997057,0
                -56.4336266995251,-24.5024300001028,0
                -56.4336217003372,-24.5019350000807,0
                -56.4320408002009,-24.5018181999239,0
                -56.4320363998118,-24.5023098997057,0
              </coordinates>
            </LinearRing>
          </outerBoundaryIs>
        </Polygon>
      </Placemark>
      <Placemark id="Lote_I.83">
        <ExtendedData>
          <SchemaData schemaUrl="#Lote_I.schema">
            <SimpleData name="Cédula">3580766.00000000000</SimpleData>
            <SimpleData name="Nombres_y_">DORA GODOY OLMEDO</SimpleData>
            <SimpleData name="Sexo">Mujer</SimpleData>
            <SimpleData name="Cambio_de_">NO</SimpleData>
            <SimpleData name="Titular_se">NO</SimpleData>
            <SimpleData name="ci_UNIF">3580766.00000000000</SimpleData>
            <SimpleData name="Situación">NO</SimpleData>
            <SimpleData name="Comunidad">Campesina</SimpleData>
            <SimpleData name="Modelo_imp">Modelo 5</SimpleData>
            <SimpleData name="Departamen">SAN PEDRO</SimpleData>
            <SimpleData name="Distrito">GUAYAIBI</SimpleData>
            <SimpleData name="Localidad">CALLE ASUNCION</SimpleData>
            <SimpleData name="Teléfono">0984234527</SimpleData>
            <SimpleData name="Vivienda_L">-24.42940950000</SimpleData>
            <SimpleData name="Vivienda_1">-56.43618190000</SimpleData>
            <SimpleData name="Superficie">0.70000000000</SimpleData>
            <SimpleData name="Situaci_1">Par?metro</SimpleData>
            <SimpleData name="Plantado">SI</SimpleData>
            <SimpleData name="Fecha_Plan">2025/12/16</SimpleData>
            <SimpleData name="Jornales">0.00000000000</SimpleData>
            <SimpleData name="Monto">0.00000000000</SimpleData>
            <SimpleData name="Grupo_de_p">I-GN-XX-XX-XX</SimpleData>
            <SimpleData name="Estado_del">Activo</SimpleData>
            <SimpleData name="Empresa">Emilio Sol?s Grance</SimpleData>
            <SimpleData name="Lote">I</SimpleData>
            <SimpleData name="Parametro">0.00000000000</SimpleData>
            <SimpleData name="Sup_SIG">0.99568645714</SimpleData>
            <SimpleData name="X">-56.43640000000</SimpleData>
            <SimpleData name="Y">-24.42565386000</SimpleData>
            <SimpleData name="cedula">3580766</SimpleData>
            <SimpleData name="Cédula_1">3580766.00000000000</SimpleData>
            <SimpleData name="Estado_d_1">Activo</SimpleData>
            <SimpleData name="OBJECTID_1">8778</SimpleData>
            <SimpleData name="Shape_Leng">766.03342933900</SimpleData>
            <SimpleData name="Shape_Area">9956.86457137000</SimpleData>
          </SchemaData>
        </ExtendedData>
        <Polygon>
          <outerBoundaryIs>
            <LinearRing>
              <coordinates>
                -56.4361382002406,-24.4273006997464,0
                -56.4363773997815,-24.4273372995907,0
                -56.4366867004163,-24.4241217003897,0
                -56.4363733002068,-24.4241267002085,0
                -56.4361382002406,-24.4273006997464,0
              </coordinates>
            </LinearRing>
          </outerBoundaryIs>
        </Polygon>
      </Placemark>
      <Placemark id="Lote_I.84">
        <ExtendedData>
          <SchemaData schemaUrl="#Lote_I.schema">
            <SimpleData name="Cédula">5934553.00000000000</SimpleData>
            <SimpleData name="Nombres_y_">SANDRA ACOSTA PERALTA</SimpleData>
            <SimpleData name="Sexo">Mujer</SimpleData>
            <SimpleData name="Cambio_de_">NO</SimpleData>
            <SimpleData name="Titular_se">NO</SimpleData>
            <SimpleData name="ci_UNIF">5934553.00000000000</SimpleData>
            <SimpleData name="Situación">NO</SimpleData>
            <SimpleData name="Comunidad">Campesina</SimpleData>
            <SimpleData name="Modelo_imp">Modelo 1</SimpleData>
            <SimpleData name="Departamen">SAN PEDRO</SimpleData>
            <SimpleData name="Distrito">GUAYAIBI</SimpleData>
            <SimpleData name="Localidad">CALLE 2000</SimpleData>
            <SimpleData name="Teléfono">0984924385</SimpleData>
            <SimpleData name="Vivienda_L">-24.55026820000</SimpleData>
            <SimpleData name="Vivienda_1">-56.42325100000</SimpleData>
            <SimpleData name="Superficie">0.80000000000</SimpleData>
            <SimpleData name="Situaci_1">Par?metro</SimpleData>
            <SimpleData name="Plantado">SI</SimpleData>
            <SimpleData name="Fecha_Plan">2025/11/19</SimpleData>
            <SimpleData name="Jornales">0.00000000000</SimpleData>
            <SimpleData name="Monto">0.00000000000</SimpleData>
            <SimpleData name="Grupo_de_p">I-GN-XX-XX-XX</SimpleData>
            <SimpleData name="Estado_del">Activo</SimpleData>
            <SimpleData name="Empresa">Emilio Sol?s Grance</SimpleData>
            <SimpleData name="Lote">I</SimpleData>
            <SimpleData name="Parametro">0.00000000000</SimpleData>
            <SimpleData name="Sup_SIG">0.84117846806</SimpleData>
            <SimpleData name="X">-56.42346085000</SimpleData>
            <SimpleData name="Y">-24.55374419000</SimpleData>
            <SimpleData name="cedula">5934553</SimpleData>
            <SimpleData name="Cédula_1">5934553.00000000000</SimpleData>
            <SimpleData name="Estado_d_1">Activo</SimpleData>
            <SimpleData name="OBJECTID_1">8769</SimpleData>
            <SimpleData name="Shape_Leng">368.10428016100</SimpleData>
            <SimpleData name="Shape_Area">8411.78468061000</SimpleData>
          </SchemaData>
        </ExtendedData>
        <Polygon>
          <outerBoundaryIs>
            <LinearRing>
              <coordinates>
                -56.4229666993436,-24.553331599768,0
                -56.4230123993635,-24.5541631997069,0
                -56.4239518991894,-24.5541088000116,0
                -56.4239578990944,-24.5533862994156,0
                -56.4229666993436,-24.553331599768,0
              </coordinates>
            </LinearRing>
          </outerBoundaryIs>
        </Polygon>
      </Placemark>
      <Placemark id="Lote_I.85">
        <ExtendedData>
          <SchemaData schemaUrl="#Lote_I.schema">
            <SimpleData name="Cédula">6336297.00000000000</SimpleData>
            <SimpleData name="Nombres_y_">MARIA PABLA MARECO GONZALEZ</SimpleData>
            <SimpleData name="Sexo">Mujer</SimpleData>
            <SimpleData name="Cambio_de_">NO</SimpleData>
            <SimpleData name="Titular_se">NO</SimpleData>
            <SimpleData name="ci_UNIF">6336297.00000000000</SimpleData>
            <SimpleData name="Situación">NO</SimpleData>
            <SimpleData name="Comunidad">Campesina</SimpleData>
            <SimpleData name="Modelo_imp">Modelo 1</SimpleData>
            <SimpleData name="Departamen">SAN PEDRO</SimpleData>
            <SimpleData name="Distrito">GUAYAIBI</SimpleData>
            <SimpleData name="Localidad">CALLE 2000</SimpleData>
            <SimpleData name="Teléfono">0976854321</SimpleData>
            <SimpleData name="Vivienda_L">-24.55024920000</SimpleData>
            <SimpleData name="Vivienda_1">-56.42343440000</SimpleData>
            <SimpleData name="Superficie">0.80000000000</SimpleData>
            <SimpleData name="Situaci_1">Pol?gono</SimpleData>
            <SimpleData name="Plantado">SI</SimpleData>
            <SimpleData name="Fecha_Plan">2025/11/19</SimpleData>
            <SimpleData name="Jornales">0.00000000000</SimpleData>
            <SimpleData name="Monto">0.00000000000</SimpleData>
            <SimpleData name="Grupo_de_p">I-GN-XX-XX-XX</SimpleData>
            <SimpleData name="Estado_del">Activo</SimpleData>
            <SimpleData name="Empresa">Emilio Sol?s Grance</SimpleData>
            <SimpleData name="Lote">I</SimpleData>
            <SimpleData name="Parametro">0.00000000000</SimpleData>
            <SimpleData name="Sup_SIG">1.10113637612</SimpleData>
            <SimpleData name="X">-56.42349276000</SimpleData>
            <SimpleData name="Y">-24.55469478000</SimpleData>
            <SimpleData name="cedula">6336297</SimpleData>
            <SimpleData name="Cédula_1">6336297.00000000000</SimpleData>
            <SimpleData name="Estado_d_1">Activo</SimpleData>
            <SimpleData name="OBJECTID_1">8768</SimpleData>
            <SimpleData name="Shape_Leng">422.25523748900</SimpleData>
            <SimpleData name="Shape_Area">11011.36376120000</SimpleData>
          </SchemaData>
        </ExtendedData>
        <Polygon>
          <outerBoundaryIs>
            <LinearRing>
              <coordinates>
                -56.4229934994114,-24.5542006994936,0
                -56.4230594990962,-24.5552418993044,0
                -56.4239668995367,-24.5552108997735,0
                -56.4239445994491,-24.5541428997023,0
                -56.4229934994114,-24.5542006994936,0
              </coordinates>
            </LinearRing>
          </outerBoundaryIs>
        </Polygon>
      </Placemark>
      <Placemark id="Lote_I.86">
        <ExtendedData>
          <SchemaData schemaUrl="#Lote_I.schema">
            <SimpleData name="Cédula">1409131.00000000000</SimpleData>
            <SimpleData name="Nombres_y_">BERNARDO LUIS CA?IZA MARTINEZ</SimpleData>
            <SimpleData name="Sexo">Hombre</SimpleData>
            <SimpleData name="Cambio_de_">NO</SimpleData>
            <SimpleData name="Titular_se">NO</SimpleData>
            <SimpleData name="ci_UNIF">1409131.00000000000</SimpleData>
            <SimpleData name="Situación">NO</SimpleData>
            <SimpleData name="Comunidad">Campesina</SimpleData>
            <SimpleData name="Modelo_imp">Modelo 5</SimpleData>
            <SimpleData name="Departamen">SAN PEDRO</SimpleData>
            <SimpleData name="Distrito">GUAYAIBI</SimpleData>
            <SimpleData name="Localidad">BARRIO SAN PEDRO</SimpleData>
            <SimpleData name="Teléfono">0971305869</SimpleData>
            <SimpleData name="Vivienda_L">-24.40819330000</SimpleData>
            <SimpleData name="Vivienda_1">-56.39810510000</SimpleData>
            <SimpleData name="Superficie">0.70000000000</SimpleData>
            <SimpleData name="Situaci_1">Par?metro</SimpleData>
            <SimpleData name="Plantado">SI</SimpleData>
            <SimpleData name="Fecha_Plan">2026/05/13</SimpleData>
            <SimpleData name="Jornales">0.00000000000</SimpleData>
            <SimpleData name="Monto">0.00000000000</SimpleData>
            <SimpleData name="Grupo_de_p">I-GN-XX-XX-XX</SimpleData>
            <SimpleData name="Estado_del">Activo</SimpleData>
            <SimpleData name="Empresa">Emilio Sol?s Grance</SimpleData>
            <SimpleData name="Lote">I</SimpleData>
            <SimpleData name="Parametro">0.00000000000</SimpleData>
            <SimpleData name="Sup_SIG">0.78739057760</SimpleData>
            <SimpleData name="X">-56.39848174000</SimpleData>
            <SimpleData name="Y">-24.40434422000</SimpleData>
            <SimpleData name="cedula">1409131</SimpleData>
            <SimpleData name="Cédula_1">1409131.00000000000</SimpleData>
            <SimpleData name="Estado_d_1">Activo</SimpleData>
            <SimpleData name="OBJECTID_1">6057</SimpleData>
            <SimpleData name="Shape_Leng">591.18586347500</SimpleData>
            <SimpleData name="Shape_Area">7873.90577601000</SimpleData>
          </SchemaData>
        </ExtendedData>
        <Polygon>
          <outerBoundaryIs>
            <LinearRing>
              <coordinates>
                -56.3982212995323,-24.4055306995905,0
                -56.3985106000033,-24.4055557002862,0
                -56.3987255001175,-24.403347099964,0
                -56.3987311002586,-24.4031577004434,0
                -56.3984525004716,-24.4031302997372,0
                -56.3982212995323,-24.4055306995905,0
              </coordinates>
            </LinearRing>
          </outerBoundaryIs>
        </Polygon>
      </Placemark>
      <Placemark id="Lote_I.87">
        <ExtendedData>
          <SchemaData schemaUrl="#Lote_I.schema">
            <SimpleData name="Cédula">1826983.00000000000</SimpleData>
            <SimpleData name="Nombres_y_">CELESTINO ORTIZ SOSTOA</SimpleData>
            <SimpleData name="Sexo">Hombre</SimpleData>
            <SimpleData name="Cambio_de_">NO</SimpleData>
            <SimpleData name="Titular_se">NO</SimpleData>
            <SimpleData name="ci_UNIF">1826983.00000000000</SimpleData>
            <SimpleData name="Situación">NO</SimpleData>
            <SimpleData name="Comunidad">Campesina</SimpleData>
            <SimpleData name="Modelo_imp">Modelo 1</SimpleData>
            <SimpleData name="Departamen">SAN PEDRO</SimpleData>
            <SimpleData name="Distrito">GUAYAIBI</SimpleData>
            <SimpleData name="Localidad">SANTO DOMINGO 2</SimpleData>
            <SimpleData name="Teléfono">0982905543</SimpleData>
            <SimpleData name="Vivienda_L">-24.37857760000</SimpleData>
            <SimpleData name="Vivienda_1">-56.32533400000</SimpleData>
            <SimpleData name="Superficie">0.80000000000</SimpleData>
            <SimpleData name="Situaci_1">Par?metro</SimpleData>
            <SimpleData name="Plantado">SI</SimpleData>
            <SimpleData name="Fecha_Plan">2026/05/11</SimpleData>
            <SimpleData name="Jornales">0.00000000000</SimpleData>
            <SimpleData name="Monto">0.00000000000</SimpleData>
            <SimpleData name="Grupo_de_p">I-GN-XX-XX-XX</SimpleData>
            <SimpleData name="Estado_del">Activo</SimpleData>
            <SimpleData name="Empresa">Emilio Sol?s Grance</SimpleData>
            <SimpleData name="Lote">I</SimpleData>
            <SimpleData name="Parametro">0.00000000000</SimpleData>
            <SimpleData name="Sup_SIG">0.90075137643</SimpleData>
            <SimpleData name="X">-56.32358588000</SimpleData>
            <SimpleData name="Y">-24.37656536000</SimpleData>
            <SimpleData name="cedula">1826983</SimpleData>
            <SimpleData name="Cédula_1">1826983.00000000000</SimpleData>
            <SimpleData name="Estado_d_1">Activo</SimpleData>
            <SimpleData name="OBJECTID_1">6028</SimpleData>
            <SimpleData name="Shape_Leng">399.94802767300</SimpleData>
            <SimpleData name="Shape_Area">9007.51376432000</SimpleData>
          </SchemaData>
        </ExtendedData>
        <Polygon>
          <outerBoundaryIs>
            <LinearRing>
              <coordinates>
                -56.3230011000033,-24.3761657001901,0
                -56.3235532995161,-24.3772249996375,0
                -56.3241984994143,-24.3769396998258,0
                -56.3235633006917,-24.375891699891,0
                -56.3230011000033,-24.3761657001901,0
              </coordinates>
            </LinearRing>
          </outerBoundaryIs>
        </Polygon>
      </Placemark>
      <Placemark id="Lote_I.88">
        <ExtendedData>
          <SchemaData schemaUrl="#Lote_I.schema">
            <SimpleData name="Cédula">2851594.00000000000</SimpleData>
            <SimpleData name="Nombres_y_">LIDIA ESTER AGUIRRE REYES</SimpleData>
            <SimpleData name="Sexo">Mujer</SimpleData>
            <SimpleData name="Cambio_de_">NO</SimpleData>
            <SimpleData name="Titular_se">NO</SimpleData>
            <SimpleData name="ci_UNIF">2851594.00000000000</SimpleData>
            <SimpleData name="Situación">NO</SimpleData>
            <SimpleData name="Comunidad">Campesina</SimpleData>
            <SimpleData name="Modelo_imp">Modelo 5</SimpleData>
            <SimpleData name="Departamen">SAN PEDRO</SimpleData>
            <SimpleData name="Distrito">GUAYAIBI</SimpleData>
            <SimpleData name="Localidad">SANTO DOMINGO 2</SimpleData>
            <SimpleData name="Teléfono">0985628286</SimpleData>
            <SimpleData name="Vivienda_L">-24.37897090000</SimpleData>
            <SimpleData name="Vivienda_1">-56.32536660000</SimpleData>
            <SimpleData name="Superficie">0.70000000000</SimpleData>
            <SimpleData name="Situaci_1">Par?metro</SimpleData>
            <SimpleData name="Plantado">SI</SimpleData>
            <SimpleData name="Fecha_Plan">2026/05/11</SimpleData>
            <SimpleData name="Jornales">0.00000000000</SimpleData>
            <SimpleData name="Monto">0.00000000000</SimpleData>
            <SimpleData name="Grupo_de_p">I-GN-XX-XX-XX</SimpleData>
            <SimpleData name="Estado_del">Activo</SimpleData>
            <SimpleData name="Empresa">Emilio Sol?s Grance</SimpleData>
            <SimpleData name="Lote">I</SimpleData>
            <SimpleData name="Parametro">0.00000000000</SimpleData>
            <SimpleData name="Sup_SIG">0.76255482841</SimpleData>
            <SimpleData name="X">-56.33538102000</SimpleData>
            <SimpleData name="Y">-24.38484042000</SimpleData>
            <SimpleData name="cedula">2851594</SimpleData>
            <SimpleData name="Cédula_1">2851594.00000000000</SimpleData>
            <SimpleData name="Estado_d_1">Activo</SimpleData>
            <SimpleData name="OBJECTID_1">6029</SimpleData>
            <SimpleData name="Shape_Leng">404.37158048100</SimpleData>
            <SimpleData name="Shape_Area">7625.54828408000</SimpleData>
          </SchemaData>
        </ExtendedData>
        <Polygon>
          <outerBoundaryIs>
            <LinearRing>
              <coordinates>
                -56.3348218992642,-24.384314600468,0
                -56.3354896002533,-24.3855522006832,0
                -56.3359400991132,-24.3853507998032,0
                -56.3352683001325,-24.3841324999278,0
                -56.3348218992642,-24.384314600468,0
              </coordinates>
            </LinearRing>
          </outerBoundaryIs>
        </Polygon>
      </Placemark>
      <Placemark id="Lote_I.89">
        <ExtendedData>
          <SchemaData schemaUrl="#Lote_I.schema">
            <SimpleData name="Cédula">2978504.00000000000</SimpleData>
            <SimpleData name="Nombres_y_">JOSE DOMINGO ORTIZ MENDEZ</SimpleData>
            <SimpleData name="Sexo">Hombre</SimpleData>
            <SimpleData name="Cambio_de_">NO</SimpleData>
            <SimpleData name="Titular_se">NO</SimpleData>
            <SimpleData name="ci_UNIF">2978504.00000000000</SimpleData>
            <SimpleData name="Situación">NO</SimpleData>
            <SimpleData name="Comunidad">Campesina</SimpleData>
            <SimpleData name="Modelo_imp">Modelo 1</SimpleData>
            <SimpleData name="Departamen">SAN PEDRO</SimpleData>
            <SimpleData name="Distrito">GUAYAIBI</SimpleData>
            <SimpleData name="Localidad">CALLE MARIA AUXILIADORA</SimpleData>
            <SimpleData name="Teléfono">0995654344</SimpleData>
            <SimpleData name="Vivienda_L">-24.41132000000</SimpleData>
            <SimpleData name="Vivienda_1">-56.43170550000</SimpleData>
            <SimpleData name="Superficie">0.80000000000</SimpleData>
            <SimpleData name="Situaci_1">Par?metro</SimpleData>
            <SimpleData name="Plantado">SI</SimpleData>
            <SimpleData name="Fecha_Plan">2026/05/14</SimpleData>
            <SimpleData name="Jornales">0.00000000000</SimpleData>
            <SimpleData name="Monto">0.00000000000</SimpleData>
            <SimpleData name="Grupo_de_p">I-GN-XX-XX-XX</SimpleData>
            <SimpleData name="Estado_del">Activo</SimpleData>
            <SimpleData name="Empresa">Emilio Sol?s Grance</SimpleData>
            <SimpleData name="Lote">I</SimpleData>
            <SimpleData name="Parametro">0.00000000000</SimpleData>
            <SimpleData name="Sup_SIG">0.84019147612</SimpleData>
            <SimpleData name="X">-56.43064072000</SimpleData>
            <SimpleData name="Y">-24.41526090000</SimpleData>
            <SimpleData name="cedula">2978504</SimpleData>
            <SimpleData name="Cédula_1">2978504.00000000000</SimpleData>
            <SimpleData name="Estado_d_1">Activo</SimpleData>
            <SimpleData name="OBJECTID_1">6093</SimpleData>
            <SimpleData name="Shape_Leng">432.63399627000</SimpleData>
            <SimpleData name="Shape_Area">8401.91476124000</SimpleData>
          </SchemaData>
        </ExtendedData>
        <Polygon>
          <outerBoundaryIs>
            <LinearRing>
              <coordinates>
                -56.4303190997854,-24.4159778004487,0
                -56.4308106997322,-24.4160375001167,0
                -56.4309668000048,-24.4145298995363,0
                -56.4304608993001,-24.4145083995674,0
                -56.4303190997854,-24.4159778004487,0
              </coordinates>
            </LinearRing>
          </outerBoundaryIs>
        </Polygon>
      </Placemark>
      <Placemark id="Lote_I.90">
        <ExtendedData>
          <SchemaData schemaUrl="#Lote_I.schema">
            <SimpleData name="Cédula">3479079.00000000000</SimpleData>
            <SimpleData name="Nombres_y_">IRENE ZEBALLO BARRIOS</SimpleData>
            <SimpleData name="Sexo">Mujer</SimpleData>
            <SimpleData name="Cambio_de_">NO</SimpleData>
            <SimpleData name="Titular_se">NO</SimpleData>
            <SimpleData name="ci_UNIF">3479079.00000000000</SimpleData>
            <SimpleData name="Situación">NO</SimpleData>
            <SimpleData name="Comunidad">Campesina</SimpleData>
            <SimpleData name="Modelo_imp">Modelo 1</SimpleData>
            <SimpleData name="Departamen">SAN PEDRO</SimpleData>
            <SimpleData name="Distrito">GUAYAIBI</SimpleData>
            <SimpleData name="Localidad">CALLE MARIA AUXILIADORA</SimpleData>
            <SimpleData name="Teléfono">0982411880</SimpleData>
            <SimpleData name="Vivienda_L">-24.41131630000</SimpleData>
            <SimpleData name="Vivienda_1">-56.42980800000</SimpleData>
            <SimpleData name="Superficie">0.80000000000</SimpleData>
            <SimpleData name="Situaci_1">Par?metro</SimpleData>
            <SimpleData name="Plantado">SI</SimpleData>
            <SimpleData name="Fecha_Plan">2026/05/14</SimpleData>
            <SimpleData name="Jornales">0.00000000000</SimpleData>
            <SimpleData name="Monto">0.00000000000</SimpleData>
            <SimpleData name="Grupo_de_p">I-GN-XX-XX-XX</SimpleData>
            <SimpleData name="Estado_del">Activo</SimpleData>
            <SimpleData name="Empresa">Emilio Sol?s Grance</SimpleData>
            <SimpleData name="Lote">I</SimpleData>
            <SimpleData name="Parametro">0.00000000000</SimpleData>
            <SimpleData name="Sup_SIG">0.89354954654</SimpleData>
            <SimpleData name="X">-56.42938213000</SimpleData>
            <SimpleData name="Y">-24.41608802000</SimpleData>
            <SimpleData name="cedula">3479079</SimpleData>
            <SimpleData name="Cédula_1">3479079.00000000000</SimpleData>
            <SimpleData name="Estado_d_1">Activo</SimpleData>
            <SimpleData name="OBJECTID_1">6096</SimpleData>
            <SimpleData name="Shape_Leng">378.53409985200</SimpleData>
            <SimpleData name="Shape_Area">8935.49546538000</SimpleData>
          </SchemaData>
        </ExtendedData>
        <Polygon>
          <outerBoundaryIs>
            <LinearRing>
              <coordinates>
                -56.4288849995199,-24.4164950005173,0
                -56.4298517001056,-24.4165050002145,0
                -56.4298918000734,-24.4157199997218,0
                -56.4289299995708,-24.415633299889,0
                -56.4288849995199,-24.4164950005173,0
              </coordinates>
            </LinearRing>
          </outerBoundaryIs>
        </Polygon>
      </Placemark>
      <Placemark id="Lote_I.91">
        <ExtendedData>
          <SchemaData schemaUrl="#Lote_I.schema">
            <SimpleData name="Cédula">3557239.00000000000</SimpleData>
            <SimpleData name="Nombres_y_">LILIAN OTILIA CABA?AS MALDONADO</SimpleData>
            <SimpleData name="Sexo">Mujer</SimpleData>
            <SimpleData name="Cambio_de_">NO</SimpleData>
            <SimpleData name="Titular_se">NO</SimpleData>
            <SimpleData name="ci_UNIF">3557239.00000000000</SimpleData>
            <SimpleData name="Situación">NO</SimpleData>
            <SimpleData name="Comunidad">Campesina</SimpleData>
            <SimpleData name="Modelo_imp">Modelo 1</SimpleData>
            <SimpleData name="Departamen">SAN PEDRO</SimpleData>
            <SimpleData name="Distrito">GUAYAIBI</SimpleData>
            <SimpleData name="Localidad">ASENT. BARRIO SAN PEDRO 1</SimpleData>
            <SimpleData name="Teléfono">0973692453</SimpleData>
            <SimpleData name="Vivienda_L">-24.40961300000</SimpleData>
            <SimpleData name="Vivienda_1">-56.41217230000</SimpleData>
            <SimpleData name="Superficie">0.80000000000</SimpleData>
            <SimpleData name="Situaci_1">Par?metro</SimpleData>
            <SimpleData name="Plantado">SI</SimpleData>
            <SimpleData name="Fecha_Plan">2026/05/13</SimpleData>
            <SimpleData name="Jornales">0.00000000000</SimpleData>
            <SimpleData name="Monto">0.00000000000</SimpleData>
            <SimpleData name="Grupo_de_p">I-GN-XX-XX-XX</SimpleData>
            <SimpleData name="Estado_del">Activo</SimpleData>
            <SimpleData name="Empresa">Emilio Sol?s Grance</SimpleData>
            <SimpleData name="Lote">I</SimpleData>
            <SimpleData name="Parametro">0.00000000000</SimpleData>
            <SimpleData name="Sup_SIG">0.88296960699</SimpleData>
            <SimpleData name="X">-56.38060186000</SimpleData>
            <SimpleData name="Y">-24.40316682000</SimpleData>
            <SimpleData name="cedula">3557239</SimpleData>
            <SimpleData name="Cédula_1">3557239.00000000000</SimpleData>
            <SimpleData name="Estado_d_1">Activo</SimpleData>
            <SimpleData name="OBJECTID_1">6031</SimpleData>
            <SimpleData name="Shape_Leng">559.41962538500</SimpleData>
            <SimpleData name="Shape_Area">8829.69606988000</SimpleData>
          </SchemaData>
        </ExtendedData>
        <MultiGeometry>
          <Polygon>
            <outerBoundaryIs>
              <LinearRing>
                <coordinates>
                  -56.3807716997,-24.4040220000409,0
                  -56.3808692005479,-24.4028257004079,0
                  -56.38039500026,-24.4028230004559,0
                  -56.3803001999209,-24.4039846001578,0
                  -56.3807716997,-24.4040220000409,0
                </coordinates>
              </LinearRing>
            </outerBoundaryIs>
          </Polygon>
          <Polygon>
            <outerBoundaryIs>
              <LinearRing>
                <coordinates>
                  -56.3803878007195,-24.402793699131,0
                  -56.3808358000247,-24.4027856005344,0
                  -56.380864599814,-24.4027556995147,0
                  -56.3809264990899,-24.4023243001959,0
                  -56.3803917994051,-24.4023491002853,0
                  -56.3803878007195,-24.402793699131,0
                </coordinates>
              </LinearRing>
            </outerBoundaryIs>
          </Polygon>
        </MultiGeometry>
      </Placemark>
      <Placemark id="Lote_I.92">
        <ExtendedData>
          <SchemaData schemaUrl="#Lote_I.schema">
            <SimpleData name="Cédula">3677195.00000000000</SimpleData>
            <SimpleData name="Nombres_y_">AIDA LUZ SANABRIA DIAZ</SimpleData>
            <SimpleData name="Sexo">Mujer</SimpleData>
            <SimpleData name="Cambio_de_">NO</SimpleData>
            <SimpleData name="Titular_se">NO</SimpleData>
            <SimpleData name="ci_UNIF">3677195.00000000000</SimpleData>
            <SimpleData name="Situación">NO</SimpleData>
            <SimpleData name="Comunidad">Campesina</SimpleData>
            <SimpleData name="Modelo_imp">Modelo 5</SimpleData>
            <SimpleData name="Departamen">SAN PEDRO</SimpleData>
            <SimpleData name="Distrito">GUAYAIBI</SimpleData>
            <SimpleData name="Localidad">ASENT. BARRIO SAN PEDRO 1</SimpleData>
            <SimpleData name="Teléfono">0971651614</SimpleData>
            <SimpleData name="Vivienda_L">-24.39251880000</SimpleData>
            <SimpleData name="Vivienda_1">-56.41527280000</SimpleData>
            <SimpleData name="Superficie">0.70000000000</SimpleData>
            <SimpleData name="Situaci_1">Par?metro</SimpleData>
            <SimpleData name="Plantado">SI</SimpleData>
            <SimpleData name="Fecha_Plan">2026/05/13</SimpleData>
            <SimpleData name="Jornales">0.00000000000</SimpleData>
            <SimpleData name="Monto">0.00000000000</SimpleData>
            <SimpleData name="Grupo_de_p">I-GN-XX-XX-XX</SimpleData>
            <SimpleData name="Estado_del">Activo</SimpleData>
            <SimpleData name="Empresa">Emilio Sol?s Grance</SimpleData>
            <SimpleData name="Lote">I</SimpleData>
            <SimpleData name="Parametro">0.00000000000</SimpleData>
            <SimpleData name="Sup_SIG">1.02467834709</SimpleData>
            <SimpleData name="X">-56.40060922000</SimpleData>
            <SimpleData name="Y">-24.38599943000</SimpleData>
            <SimpleData name="cedula">3677195</SimpleData>
            <SimpleData name="Cédula_1">3677195.00000000000</SimpleData>
            <SimpleData name="Estado_d_1">Activo</SimpleData>
            <SimpleData name="OBJECTID_1">6052</SimpleData>
            <SimpleData name="Shape_Leng">466.50175130300</SimpleData>
            <SimpleData name="Shape_Area">10246.78347090000</SimpleData>
          </SchemaData>
        </ExtendedData>
        <Polygon>
          <outerBoundaryIs>
            <LinearRing>
              <coordinates>
                -56.4002249999453,-24.3867249997924,0
                -56.4008258999726,-24.3867990992609,0
                -56.4009813003883,-24.3853652997035,0
                -56.4004338000616,-24.385090799986,0
                -56.4002249999453,-24.3867249997924,0
              </coordinates>
            </LinearRing>
          </outerBoundaryIs>
        </Polygon>
      </Placemark>
      <Placemark id="Lote_I.93">
        <ExtendedData>
          <SchemaData schemaUrl="#Lote_I.schema">
            <SimpleData name="Cédula">4684009.00000000000</SimpleData>
            <SimpleData name="Nombres_y_">CAROLINA MARTINEZ TOLEDO</SimpleData>
            <SimpleData name="Sexo">Mujer</SimpleData>
            <SimpleData name="Cambio_de_">NO</SimpleData>
            <SimpleData name="Titular_se">NO</SimpleData>
            <SimpleData name="ci_UNIF">4684009.00000000000</SimpleData>
            <SimpleData name="Situación">NO</SimpleData>
            <SimpleData name="Comunidad">Campesina</SimpleData>
            <SimpleData name="Modelo_imp">Modelo 1</SimpleData>
            <SimpleData name="Departamen">SAN PEDRO</SimpleData>
            <SimpleData name="Distrito">GUAYAIBI</SimpleData>
            <SimpleData name="Localidad">8 DE DICIEMBRE</SimpleData>
            <SimpleData name="Teléfono">0986984816</SimpleData>
            <SimpleData name="Vivienda_L">-24.39517010000</SimpleData>
            <SimpleData name="Vivienda_1">-56.31949900000</SimpleData>
            <SimpleData name="Superficie">0.80000000000</SimpleData>
            <SimpleData name="Situaci_1">Par?metro</SimpleData>
            <SimpleData name="Plantado">SI</SimpleData>
            <SimpleData name="Fecha_Plan">2026/05/12</SimpleData>
            <SimpleData name="Jornales">0.00000000000</SimpleData>
            <SimpleData name="Monto">0.00000000000</SimpleData>
            <SimpleData name="Grupo_de_p">I-GN-XX-XX-XX</SimpleData>
            <SimpleData name="Estado_del">Activo</SimpleData>
            <SimpleData name="Empresa">Emilio Sol?s Grance</SimpleData>
            <SimpleData name="Lote">I</SimpleData>
            <SimpleData name="Parametro">0.00000000000</SimpleData>
            <SimpleData name="Sup_SIG">0.92766580495</SimpleData>
            <SimpleData name="X">-56.31777652000</SimpleData>
            <SimpleData name="Y">-24.39326305000</SimpleData>
            <SimpleData name="cedula">4684009</SimpleData>
            <SimpleData name="Cédula_1">4684009.00000000000</SimpleData>
            <SimpleData name="Estado_d_1">Activo</SimpleData>
            <SimpleData name="OBJECTID_1">7248</SimpleData>
            <SimpleData name="Shape_Leng">458.01796624500</SimpleData>
            <SimpleData name="Shape_Area">9276.65804947000</SimpleData>
          </SchemaData>
        </ExtendedData>
        <Polygon>
          <outerBoundaryIs>
            <LinearRing>
              <coordinates>
                -56.3171526005055,-24.3926242997069,0
                -56.3179261997546,-24.3940881999368,0
                -56.3183835002107,-24.393879099872,0
                -56.3176591000195,-24.3924734999003,0
                -56.3171526005055,-24.3926242997069,0
              </coordinates>
            </LinearRing>
          </outerBoundaryIs>
        </Polygon>
      </Placemark>
      <Placemark id="Lote_I.94">
        <ExtendedData>
          <SchemaData schemaUrl="#Lote_I.schema">
            <SimpleData name="Cédula">4694336.00000000000</SimpleData>
            <SimpleData name="Nombres_y_">CRISTINA ALFONZO DE DELGADILLO</SimpleData>
            <SimpleData name="Sexo">Mujer</SimpleData>
            <SimpleData name="Cambio_de_">NO</SimpleData>
            <SimpleData name="Titular_se">NO</SimpleData>
            <SimpleData name="ci_UNIF">4694336.00000000000</SimpleData>
            <SimpleData name="Situación">NO</SimpleData>
            <SimpleData name="Comunidad">Campesina</SimpleData>
            <SimpleData name="Modelo_imp">Modelo 1</SimpleData>
            <SimpleData name="Departamen">SAN PEDRO</SimpleData>
            <SimpleData name="Distrito">GUAYAIBI</SimpleData>
            <SimpleData name="Localidad">ALMEIDA CUE</SimpleData>
            <SimpleData name="Teléfono">0986613685</SimpleData>
            <SimpleData name="Vivienda_L">-24.44781380000</SimpleData>
            <SimpleData name="Vivienda_1">-56.40405310000</SimpleData>
            <SimpleData name="Superficie">0.80000000000</SimpleData>
            <SimpleData name="Situaci_1">Par?metro</SimpleData>
            <SimpleData name="Plantado">SI</SimpleData>
            <SimpleData name="Fecha_Plan">2026/05/14</SimpleData>
            <SimpleData name="Jornales">0.00000000000</SimpleData>
            <SimpleData name="Monto">0.00000000000</SimpleData>
            <SimpleData name="Grupo_de_p">I-GN-XX-XX-XX</SimpleData>
            <SimpleData name="Estado_del">Activo</SimpleData>
            <SimpleData name="Empresa">Emilio Sol?s Grance</SimpleData>
            <SimpleData name="Lote">I</SimpleData>
            <SimpleData name="Parametro">0.00000000000</SimpleData>
            <SimpleData name="Sup_SIG">0.91303330752</SimpleData>
            <SimpleData name="X">-56.40301271000</SimpleData>
            <SimpleData name="Y">-24.44946555000</SimpleData>
            <SimpleData name="cedula">4694336</SimpleData>
            <SimpleData name="Cédula_1">4694336.00000000000</SimpleData>
            <SimpleData name="Estado_d_1">Activo</SimpleData>
            <SimpleData name="OBJECTID_1">6092</SimpleData>
            <SimpleData name="Shape_Leng">674.09634065600</SimpleData>
            <SimpleData name="Shape_Area">9130.33307518000</SimpleData>
          </SchemaData>
        </ExtendedData>
        <Polygon>
          <outerBoundaryIs>
            <LinearRing>
              <coordinates>
                -56.4021831001168,-24.4505876001027,0
                -56.402434199685,-24.4507517995535,0
                -56.4038752003292,-24.4482597997203,0
                -56.4035950994352,-24.4481931993544,0
                -56.4021831001168,-24.4505876001027,0
              </coordinates>
            </LinearRing>
          </outerBoundaryIs>
        </Polygon>
      </Placemark>
      <Placemark id="Lote_I.95">
        <ExtendedData>
          <SchemaData schemaUrl="#Lote_I.schema">
            <SimpleData name="Cédula">4805732.00000000000</SimpleData>
            <SimpleData name="Nombres_y_">ROSALBA ISABEL ROJAS MOREL</SimpleData>
            <SimpleData name="Sexo">Mujer</SimpleData>
            <SimpleData name="Cambio_de_">NO</SimpleData>
            <SimpleData name="Titular_se">NO</SimpleData>
            <SimpleData name="ci_UNIF">4805732.00000000000</SimpleData>
            <SimpleData name="Situación">NO</SimpleData>
            <SimpleData name="Comunidad">Campesina</SimpleData>
            <SimpleData name="Modelo_imp">Modelo 5</SimpleData>
            <SimpleData name="Departamen">SAN PEDRO</SimpleData>
            <SimpleData name="Distrito">GUAYAIBI</SimpleData>
            <SimpleData name="Localidad">LUZ BELLA JUSTO VILLANUEVA</SimpleData>
            <SimpleData name="Teléfono">985181339</SimpleData>
            <SimpleData name="Vivienda_L">-24.31136990000</SimpleData>
            <SimpleData name="Vivienda_1">-56.15960940000</SimpleData>
            <SimpleData name="Superficie">0.70000000000</SimpleData>
            <SimpleData name="Situaci_1">Parametro</SimpleData>
            <SimpleData name="Plantado">SI</SimpleData>
            <SimpleData name="Fecha_Plan">2026/05/12</SimpleData>
            <SimpleData name="Jornales">0.00000000000</SimpleData>
            <SimpleData name="Monto">0.00000000000</SimpleData>
            <SimpleData name="Grupo_de_p">I-GN-XX-XX-XX</SimpleData>
            <SimpleData name="Estado_del">Activo</SimpleData>
            <SimpleData name="Empresa">Emilio Sol?s Grance</SimpleData>
            <SimpleData name="Lote">I</SimpleData>
            <SimpleData name="Parametro">0.00000000000</SimpleData>
            <SimpleData name="Sup_SIG">0.83146926187</SimpleData>
            <SimpleData name="X">-56.16613985000</SimpleData>
            <SimpleData name="Y">-24.31131434000</SimpleData>
            <SimpleData name="cedula">4805732</SimpleData>
            <SimpleData name="Cédula_1">4805732.00000000000</SimpleData>
            <SimpleData name="Estado_d_1">Activo</SimpleData>
            <SimpleData name="OBJECTID_1">7443</SimpleData>
            <SimpleData name="Shape_Leng">406.73298405400</SimpleData>
            <SimpleData name="Shape_Area">8314.69261865000</SimpleData>
          </SchemaData>
        </ExtendedData>
        <Polygon>
          <outerBoundaryIs>
            <LinearRing>
              <coordinates>
                -56.1654460999749,-24.31126400053,0
                -56.1654349995121,-24.3116116998712,0
                -56.166768300038,-24.3115833003452,0
                -56.1667916994183,-24.3110016993427,0
                -56.1655689001727,-24.3110303993863,0
                -56.1656299995346,-24.3112549999222,0
                -56.1654460999749,-24.31126400053,0
              </coordinates>
            </LinearRing>
          </outerBoundaryIs>
        </Polygon>
      </Placemark>
      <Placemark id="Lote_I.96">
        <ExtendedData>
          <SchemaData schemaUrl="#Lote_I.schema">
            <SimpleData name="Cédula">5569212.00000000000</SimpleData>
            <SimpleData name="Nombres_y_">MERCEDES ALVAREZ ALVAREZ</SimpleData>
            <SimpleData name="Sexo">Mujer</SimpleData>
            <SimpleData name="Cambio_de_">NO</SimpleData>
            <SimpleData name="Titular_se">NO</SimpleData>
            <SimpleData name="ci_UNIF">5569212.00000000000</SimpleData>
            <SimpleData name="Situación">NO</SimpleData>
            <SimpleData name="Comunidad">Campesina</SimpleData>
            <SimpleData name="Modelo_imp">Modelo 1</SimpleData>
            <SimpleData name="Departamen">SAN PEDRO</SimpleData>
            <SimpleData name="Distrito">GUAYAIBI</SimpleData>
            <SimpleData name="Localidad">SAN JOSE 1</SimpleData>
            <SimpleData name="Teléfono">0971375231</SimpleData>
            <SimpleData name="Vivienda_L">-24.38929880000</SimpleData>
            <SimpleData name="Vivienda_1">-56.36896730000</SimpleData>
            <SimpleData name="Superficie">0.80000000000</SimpleData>
            <SimpleData name="Situaci_1">Par?metro</SimpleData>
            <SimpleData name="Plantado">SI</SimpleData>
            <SimpleData name="Fecha_Plan">2026/05/12</SimpleData>
            <SimpleData name="Jornales">0.00000000000</SimpleData>
            <SimpleData name="Monto">0.00000000000</SimpleData>
            <SimpleData name="Grupo_de_p">I-GN-XX-XX-XX</SimpleData>
            <SimpleData name="Estado_del">Activo</SimpleData>
            <SimpleData name="Empresa">Emilio Sol?s Grance</SimpleData>
            <SimpleData name="Lote">I</SimpleData>
            <SimpleData name="Parametro">0.00000000000</SimpleData>
            <SimpleData name="Sup_SIG">0.83508198734</SimpleData>
            <SimpleData name="X">-56.36750157000</SimpleData>
            <SimpleData name="Y">-24.39573625000</SimpleData>
            <SimpleData name="cedula">5569212</SimpleData>
            <SimpleData name="Cédula_1">5569212.00000000000</SimpleData>
            <SimpleData name="Estado_d_1">Activo</SimpleData>
            <SimpleData name="OBJECTID_1">6056</SimpleData>
            <SimpleData name="Shape_Leng">748.19060523900</SimpleData>
            <SimpleData name="Shape_Area">8350.81987342000</SimpleData>
          </SchemaData>
        </ExtendedData>
        <Polygon>
          <outerBoundaryIs>
            <LinearRing>
              <coordinates>
                -56.3671565005686,-24.3972776001059,0
                -56.3673969002055,-24.3972889995878,0
                -56.3678311997142,-24.3943027995496,0
                -56.3677763000727,-24.3942878997182,0
                -56.3677747992951,-24.3941546993428,0
                -56.3676214003988,-24.3941138997265,0
                -56.3671565005686,-24.3972776001059,0
              </coordinates>
            </LinearRing>
          </outerBoundaryIs>
        </Polygon>
      </Placemark>
      <Placemark id="Lote_I.97">
        <ExtendedData>
          <SchemaData schemaUrl="#Lote_I.schema">
            <SimpleData name="Cédula">5983276.00000000000</SimpleData>
            <SimpleData name="Nombres_y_">RAQUEL BERNAL LARROZA</SimpleData>
            <SimpleData name="Sexo">Mujer</SimpleData>
            <SimpleData name="Cambio_de_">NO</SimpleData>
            <SimpleData name="Titular_se">NO</SimpleData>
            <SimpleData name="ci_UNIF">5983276.00000000000</SimpleData>
            <SimpleData name="Situación">NO</SimpleData>
            <SimpleData name="Comunidad">Campesina</SimpleData>
            <SimpleData name="Modelo_imp">Modelo 5</SimpleData>
            <SimpleData name="Departamen">SAN PEDRO</SimpleData>
            <SimpleData name="Distrito">GUAYAIBI</SimpleData>
            <SimpleData name="Localidad">8 DE DICIEMBRE</SimpleData>
            <SimpleData name="Teléfono">0982913544</SimpleData>
            <SimpleData name="Vivienda_L">-24.39673450000</SimpleData>
            <SimpleData name="Vivienda_1">-56.31584490000</SimpleData>
            <SimpleData name="Superficie">0.70000000000</SimpleData>
            <SimpleData name="Situaci_1">Par?metro</SimpleData>
            <SimpleData name="Plantado">SI</SimpleData>
            <SimpleData name="Fecha_Plan">2026/05/12</SimpleData>
            <SimpleData name="Jornales">0.00000000000</SimpleData>
            <SimpleData name="Monto">0.00000000000</SimpleData>
            <SimpleData name="Grupo_de_p">I-GN-XX-XX-XX</SimpleData>
            <SimpleData name="Estado_del">Activo</SimpleData>
            <SimpleData name="Empresa">Emilio Sol?s Grance</SimpleData>
            <SimpleData name="Lote">I</SimpleData>
            <SimpleData name="Parametro">0.00000000000</SimpleData>
            <SimpleData name="Sup_SIG">0.71643416510</SimpleData>
            <SimpleData name="X">-56.31472827000</SimpleData>
            <SimpleData name="Y">-24.39534510000</SimpleData>
            <SimpleData name="cedula">5983276</SimpleData>
            <SimpleData name="Cédula_1">5983276.00000000000</SimpleData>
            <SimpleData name="Estado_d_1">Activo</SimpleData>
            <SimpleData name="OBJECTID_1">6071</SimpleData>
            <SimpleData name="Shape_Leng">340.44638211400</SimpleData>
            <SimpleData name="Shape_Area">7164.34165104000</SimpleData>
          </SchemaData>
        </ExtendedData>
        <Polygon>
          <outerBoundaryIs>
            <LinearRing>
              <coordinates>
                -56.3141466998938,-24.3952232999954,0
                -56.3144783001042,-24.3958417002205,0
                -56.3153049993748,-24.3954700001258,0
                -56.3149851000344,-24.3948478992921,0
                -56.3141466998938,-24.3952232999954,0
              </coordinates>
            </LinearRing>
          </outerBoundaryIs>
        </Polygon>
      </Placemark>
      <Placemark id="Lote_I.98">
        <ExtendedData>
          <SchemaData schemaUrl="#Lote_I.schema">
            <SimpleData name="Cédula">6191438.00000000000</SimpleData>
            <SimpleData name="Nombres_y_">GRACIELA MARTINEZ VERGARA</SimpleData>
            <SimpleData name="Sexo">Mujer</SimpleData>
            <SimpleData name="Cambio_de_">NO</SimpleData>
            <SimpleData name="Titular_se">NO</SimpleData>
            <SimpleData name="ci_UNIF">6191438.00000000000</SimpleData>
            <SimpleData name="Situación">NO</SimpleData>
            <SimpleData name="Comunidad">Campesina</SimpleData>
            <SimpleData name="Modelo_imp">Modelo 5</SimpleData>
            <SimpleData name="Departamen">SAN PEDRO</SimpleData>
            <SimpleData name="Distrito">GUAYAIBI</SimpleData>
            <SimpleData name="Localidad">SAN ROQUE</SimpleData>
            <SimpleData name="Teléfono">0982035167</SimpleData>
            <SimpleData name="Vivienda_L">-24.37989560000</SimpleData>
            <SimpleData name="Vivienda_1">-56.32349430000</SimpleData>
            <SimpleData name="Superficie">0.70000000000</SimpleData>
            <SimpleData name="Situaci_1">Par?metro</SimpleData>
            <SimpleData name="Plantado">SI</SimpleData>
            <SimpleData name="Fecha_Plan">2026/05/11</SimpleData>
            <SimpleData name="Jornales">0.00000000000</SimpleData>
            <SimpleData name="Monto">0.00000000000</SimpleData>
            <SimpleData name="Grupo_de_p">I-GN-XX-XX-XX</SimpleData>
            <SimpleData name="Estado_del">Activo</SimpleData>
            <SimpleData name="Empresa">Emilio Sol?s Grance</SimpleData>
            <SimpleData name="Lote">I</SimpleData>
            <SimpleData name="Parametro">0.00000000000</SimpleData>
            <SimpleData name="Sup_SIG">0.71838449086</SimpleData>
            <SimpleData name="X">-56.32764511000</SimpleData>
            <SimpleData name="Y">-24.38053438000</SimpleData>
            <SimpleData name="cedula">6191438</SimpleData>
            <SimpleData name="Cédula_1">6191438.00000000000</SimpleData>
            <SimpleData name="Estado_d_1">Activo</SimpleData>
            <SimpleData name="OBJECTID_1">6022</SimpleData>
            <SimpleData name="Shape_Leng">414.05428058200</SimpleData>
            <SimpleData name="Shape_Area">7183.84490863000</SimpleData>
          </SchemaData>
        </ExtendedData>
        <Polygon>
          <outerBoundaryIs>
            <LinearRing>
              <coordinates>
                -56.3271013998701,-24.3799665003392,0
                -56.3278084001427,-24.3812952995299,0
                -56.3281882997478,-24.3810838002201,0
                -56.3274753003803,-24.3797757005052,0
                -56.3271013998701,-24.3799665003392,0
              </coordinates>
            </LinearRing>
          </outerBoundaryIs>
        </Polygon>
      </Placemark>
      <Placemark id="Lote_I.99">
        <ExtendedData>
          <SchemaData schemaUrl="#Lote_I.schema">
            <SimpleData name="Cédula">6693861.00000000000</SimpleData>
            <SimpleData name="Nombres_y_">DAMARY TORALES</SimpleData>
            <SimpleData name="Sexo">Mujer</SimpleData>
            <SimpleData name="Cambio_de_">NO</SimpleData>
            <SimpleData name="Titular_se">NO</SimpleData>
            <SimpleData name="ci_UNIF">6693861.00000000000</SimpleData>
            <SimpleData name="Situación">NO</SimpleData>
            <SimpleData name="Comunidad">Campesina</SimpleData>
            <SimpleData name="Modelo_imp">Modelo 1</SimpleData>
            <SimpleData name="Departamen">SAN PEDRO</SimpleData>
            <SimpleData name="Distrito">GUAYAIBI</SimpleData>
            <SimpleData name="Localidad">8 DE DICIEMBRE</SimpleData>
            <SimpleData name="Teléfono">0976867618</SimpleData>
            <SimpleData name="Vivienda_L">-24.38713430000</SimpleData>
            <SimpleData name="Vivienda_1">-56.33912780000</SimpleData>
            <SimpleData name="Superficie">0.80000000000</SimpleData>
            <SimpleData name="Situaci_1">Par?metro</SimpleData>
            <SimpleData name="Plantado">SI</SimpleData>
            <SimpleData name="Fecha_Plan">2026/05/11</SimpleData>
            <SimpleData name="Jornales">0.00000000000</SimpleData>
            <SimpleData name="Monto">0.00000000000</SimpleData>
            <SimpleData name="Grupo_de_p">I-GN-XX-XX-XX</SimpleData>
            <SimpleData name="Estado_del">Activo</SimpleData>
            <SimpleData name="Empresa">Emilio Sol?s Grance</SimpleData>
            <SimpleData name="Lote">I</SimpleData>
            <SimpleData name="Parametro">0.00000000000</SimpleData>
            <SimpleData name="Sup_SIG">0.81601710768</SimpleData>
            <SimpleData name="X">-56.34034063000</SimpleData>
            <SimpleData name="Y">-24.38826906000</SimpleData>
            <SimpleData name="cedula">6693861</SimpleData>
            <SimpleData name="Cédula_1">6693861.00000000000</SimpleData>
            <SimpleData name="Estado_d_1">Activo</SimpleData>
            <SimpleData name="OBJECTID_1">7247</SimpleData>
            <SimpleData name="Shape_Leng">407.37279716500</SimpleData>
            <SimpleData name="Shape_Area">8160.17107677000</SimpleData>
          </SchemaData>
        </ExtendedData>
        <Polygon>
          <outerBoundaryIs>
            <LinearRing>
              <coordinates>
                -56.3404419001515,-24.3889612998288,0
                -56.3405103998654,-24.3889771004861,0
                -56.3405955000872,-24.3889657002557,0
                -56.3408829005483,-24.3887248995473,0
                -56.3408780996958,-24.3886900001765,0
                -56.3403199000131,-24.387651200318,0
                -56.3397188996853,-24.3876890999201,0
                -56.3404419001515,-24.3889612998288,0
              </coordinates>
            </LinearRing>
          </outerBoundaryIs>
        </Polygon>
      </Placemark>
      <Placemark id="Lote_I.100">
        <ExtendedData>
          <SchemaData schemaUrl="#Lote_I.schema">
            <SimpleData name="Cédula">8523470.00000000000</SimpleData>
            <SimpleData name="Nombres_y_">ANTOLINA BAREIRO FARI A</SimpleData>
            <SimpleData name="Sexo">Mujer</SimpleData>
            <SimpleData name="Cambio_de_">NO</SimpleData>
            <SimpleData name="Titular_se">NO</SimpleData>
            <SimpleData name="ci_UNIF">8523470.00000000000</SimpleData>
            <SimpleData name="Situación">NO</SimpleData>
            <SimpleData name="Comunidad">Campesina</SimpleData>
            <SimpleData name="Modelo_imp">Modelo 5</SimpleData>
            <SimpleData name="Departamen">SAN PEDRO</SimpleData>
            <SimpleData name="Distrito">GUAYAIBI</SimpleData>
            <SimpleData name="Localidad">LUZ BELLA SAN LUIS</SimpleData>
            <SimpleData name="Teléfono">976429639</SimpleData>
            <SimpleData name="Vivienda_L">-24.31758990000</SimpleData>
            <SimpleData name="Vivienda_1">-56.17383440000</SimpleData>
            <SimpleData name="Superficie">0.70000000000</SimpleData>
            <SimpleData name="Situaci_1">Parametro</SimpleData>
            <SimpleData name="Plantado">SI</SimpleData>
            <SimpleData name="Fecha_Plan">2026/05/12</SimpleData>
            <SimpleData name="Jornales">0.00000000000</SimpleData>
            <SimpleData name="Monto">0.00000000000</SimpleData>
            <SimpleData name="Grupo_de_p">I-GN-XX-XX-XX</SimpleData>
            <SimpleData name="Estado_del">Activo</SimpleData>
            <SimpleData name="Empresa">Emilio Sol?s Grance</SimpleData>
            <SimpleData name="Lote">I</SimpleData>
            <SimpleData name="Parametro">0.00000000000</SimpleData>
            <SimpleData name="Sup_SIG">0.88007008837</SimpleData>
            <SimpleData name="X">-56.17054112000</SimpleData>
            <SimpleData name="Y">-24.31808304000</SimpleData>
            <SimpleData name="cedula">8523470</SimpleData>
            <SimpleData name="Cédula_1">8523470.00000000000</SimpleData>
            <SimpleData name="Estado_d_1">Activo</SimpleData>
            <SimpleData name="OBJECTID_1">6400</SimpleData>
            <SimpleData name="Shape_Leng">423.91038650400</SimpleData>
            <SimpleData name="Shape_Area">8800.70088373000</SimpleData>
          </SchemaData>
        </ExtendedData>
        <Polygon>
          <outerBoundaryIs>
            <LinearRing>
              <coordinates>
                -56.1700140000755,-24.3176605005631,0
                -56.1699689001753,-24.3184219992177,0
                -56.1712449997666,-24.31839800052,0
                -56.1712959999498,-24.3179953003569,0
                -56.1707018004657,-24.3179651994773,0
                -56.1706799994003,-24.3176313997901,0
                -56.1700140000755,-24.3176605005631,0
              </coordinates>
            </LinearRing>
          </outerBoundaryIs>
        </Polygon>
      </Placemark>
      <Placemark id="Lote_I.101">
        <ExtendedData>
          <SchemaData schemaUrl="#Lote_I.schema">
            <SimpleData name="Cédula">2350273.00000000000</SimpleData>
            <SimpleData name="Nombres_y_">RAFAEL MORINIGO AYALA</SimpleData>
            <SimpleData name="Sexo">Hombre</SimpleData>
            <SimpleData name="Cambio_de_">NO</SimpleData>
            <SimpleData name="Titular_se">NO</SimpleData>
            <SimpleData name="ci_UNIF">2350273.00000000000</SimpleData>
            <SimpleData name="Situación">NO</SimpleData>
            <SimpleData name="Comunidad">Campesina</SimpleData>
            <SimpleData name="Modelo_imp">Modelo 3</SimpleData>
            <SimpleData name="Departamen">SAN PEDRO</SimpleData>
            <SimpleData name="Distrito">CHORE</SimpleData>
            <SimpleData name="Localidad">8 DE DICIEMBRE</SimpleData>
            <SimpleData name="Teléfono">0982548721</SimpleData>
            <SimpleData name="Vivienda_L">-24.15153650000</SimpleData>
            <SimpleData name="Vivienda_1">-56.62951980000</SimpleData>
            <SimpleData name="Superficie">1.00000000000</SimpleData>
            <SimpleData name="Situaci_1">Par?metro</SimpleData>
            <SimpleData name="Plantado">SI</SimpleData>
            <SimpleData name="Fecha_Plan">2026/05/29</SimpleData>
            <SimpleData name="Jornales">0.00000000000</SimpleData>
            <SimpleData name="Monto">0.00000000000</SimpleData>
            <SimpleData name="Grupo_de_p">I-GN-XX-XX-XX</SimpleData>
            <SimpleData name="Estado_del">Activo</SimpleData>
            <SimpleData name="Empresa">Emilio Sol?s Grance</SimpleData>
            <SimpleData name="Lote">I</SimpleData>
            <SimpleData name="Parametro">0.00000000000</SimpleData>
            <SimpleData name="Sup_SIG">1.37657298472</SimpleData>
            <SimpleData name="X">-56.62867642000</SimpleData>
            <SimpleData name="Y">-24.15218633000</SimpleData>
            <SimpleData name="cedula">2350273</SimpleData>
            <SimpleData name="Cédula_1">2350273.00000000000</SimpleData>
            <SimpleData name="Estado_d_1">Activo</SimpleData>
            <SimpleData name="OBJECTID_1">5972</SimpleData>
            <SimpleData name="Shape_Leng">537.26880561100</SimpleData>
            <SimpleData name="Shape_Area">13765.72984720000</SimpleData>
          </SchemaData>
        </ExtendedData>
        <Polygon>
          <outerBoundaryIs>
            <LinearRing>
              <coordinates>
                -56.6277633003915,-24.1526285002485,0
                -56.6285257999764,-24.1530350000033,0
                -56.6294949996875,-24.151593099828,0
                -56.6291546001453,-24.151245600245,0
                -56.6277633003915,-24.1526285002485,0
              </coordinates>
            </LinearRing>
          </outerBoundaryIs>
        </Polygon>
      </Placemark>
      <Placemark id="Lote_I.102">
        <ExtendedData>
          <SchemaData schemaUrl="#Lote_I.schema">
            <SimpleData name="Cédula">2652782.00000000000</SimpleData>
            <SimpleData name="Nombres_y_">FELICIANO DIAZ</SimpleData>
            <SimpleData name="Sexo">Hombre</SimpleData>
            <SimpleData name="Cambio_de_">NO</SimpleData>
            <SimpleData name="Titular_se">NO</SimpleData>
            <SimpleData name="ci_UNIF">2652782.00000000000</SimpleData>
            <SimpleData name="Situación">NO</SimpleData>
            <SimpleData name="Comunidad">Campesina</SimpleData>
            <SimpleData name="Modelo_imp">Modelo 1</SimpleData>
            <SimpleData name="Departamen">SAN PEDRO</SimpleData>
            <SimpleData name="Distrito">GUAYAIBI</SimpleData>
            <SimpleData name="Localidad">SAN MARCOS</SimpleData>
            <SimpleData name="Teléfono">0982776396</SimpleData>
            <SimpleData name="Vivienda_L">-24.46516340000</SimpleData>
            <SimpleData name="Vivienda_1">-56.43013630000</SimpleData>
            <SimpleData name="Superficie">0.80000000000</SimpleData>
            <SimpleData name="Situaci_1">Par?metro</SimpleData>
            <SimpleData name="Plantado">SI</SimpleData>
            <SimpleData name="Fecha_Plan">2026/05/20</SimpleData>
            <SimpleData name="Jornales">0.00000000000</SimpleData>
            <SimpleData name="Monto">0.00000000000</SimpleData>
            <SimpleData name="Grupo_de_p">I-GN-XX-XX-XX</SimpleData>
            <SimpleData name="Estado_del">Activo</SimpleData>
            <SimpleData name="Empresa">Emilio Sol?s Grance</SimpleData>
            <SimpleData name="Lote">I</SimpleData>
            <SimpleData name="Parametro">0.00000000000</SimpleData>
            <SimpleData name="Sup_SIG">1.02206202916</SimpleData>
            <SimpleData name="X">-56.43250347000</SimpleData>
            <SimpleData name="Y">-24.46538479000</SimpleData>
            <SimpleData name="cedula">2652782</SimpleData>
            <SimpleData name="Cédula_1">2652782.00000000000</SimpleData>
            <SimpleData name="Estado_d_1">Activo</SimpleData>
            <SimpleData name="OBJECTID_1">6086</SimpleData>
            <SimpleData name="Shape_Leng">490.30740255200</SimpleData>
            <SimpleData name="Shape_Area">10220.62029160000</SimpleData>
          </SchemaData>
        </ExtendedData>
        <Polygon>
          <outerBoundaryIs>
            <LinearRing>
              <coordinates>
                -56.432036899868,-24.4653739998294,0
                -56.432428596455,-24.4653980082663,0
                -56.4319924999749,-24.4653835002371,0
                -56.4320032997921,-24.465816600288,0
                -56.4330211998168,-24.4658779000196,0
                -56.4329905006718,-24.465416700776,0
                -56.4329774995292,-24.4654162681665,0
                -56.4329518993653,-24.4649226001089,0
                -56.4320350000077,-24.4648800007604,0
                -56.432036899868,-24.4653739998294,0
              </coordinates>
            </LinearRing>
          </outerBoundaryIs>
        </Polygon>
      </Placemark>
      <Placemark id="Lote_I.103">
        <ExtendedData>
          <SchemaData schemaUrl="#Lote_I.schema">
            <SimpleData name="Cédula">3518019.00000000000</SimpleData>
            <SimpleData name="Nombres_y_">MIRIAN ANTONIA ORTIZ GAVILAN</SimpleData>
            <SimpleData name="Sexo">Mujer</SimpleData>
            <SimpleData name="Cambio_de_">NO</SimpleData>
            <SimpleData name="Titular_se">NO</SimpleData>
            <SimpleData name="ci_UNIF">3518019.00000000000</SimpleData>
            <SimpleData name="Situación">NO</SimpleData>
            <SimpleData name="Comunidad">Campesina</SimpleData>
            <SimpleData name="Modelo_imp">Modelo 1</SimpleData>
            <SimpleData name="Departamen">SAN PEDRO</SimpleData>
            <SimpleData name="Distrito">GUAYAIBI</SimpleData>
            <SimpleData name="Localidad">PLANCHADA EVA</SimpleData>
            <SimpleData name="Teléfono">0982318076</SimpleData>
            <SimpleData name="Vivienda_L">-24.35293540000</SimpleData>
            <SimpleData name="Vivienda_1">-56.38149030000</SimpleData>
            <SimpleData name="Superficie">0.80000000000</SimpleData>
            <SimpleData name="Situaci_1">Pol?gono</SimpleData>
            <SimpleData name="Plantado">SI</SimpleData>
            <SimpleData name="Fecha_Plan">2025/11/20</SimpleData>
            <SimpleData name="Jornales">0.00000000000</SimpleData>
            <SimpleData name="Monto">0.00000000000</SimpleData>
            <SimpleData name="Grupo_de_p">I-GN-XX-XX-XX</SimpleData>
            <SimpleData name="Estado_del">Activo</SimpleData>
            <SimpleData name="Empresa">Emilio Sol?s Grance</SimpleData>
            <SimpleData name="Lote">I</SimpleData>
            <SimpleData name="Parametro">0.00000000000</SimpleData>
            <SimpleData name="Sup_SIG">0.81745026452</SimpleData>
            <SimpleData name="X">-56.38631601000</SimpleData>
            <SimpleData name="Y">-24.34561884000</SimpleData>
            <SimpleData name="cedula">3518019</SimpleData>
            <SimpleData name="Cédula_1">3518019.00000000000</SimpleData>
            <SimpleData name="Estado_d_1">Activo</SimpleData>
            <SimpleData name="OBJECTID_1">8766</SimpleData>
            <SimpleData name="Shape_Leng">363.05389671500</SimpleData>
            <SimpleData name="Shape_Area">8174.50264522000</SimpleData>
          </SchemaData>
        </ExtendedData>
        <Polygon>
          <outerBoundaryIs>
            <LinearRing>
              <coordinates>
                -56.3861679092592,-24.3460870950676,0
                -56.3862399001461,-24.3461810993624,0
                -56.3866366571847,-24.3459456913755,0
                -56.3869298998101,-24.3457716993205,0
                -56.3864648997009,-24.3450868004825,0
                -56.3856688995263,-24.3454355000148,0
                -56.3861679092592,-24.3460870950676,0
              </coordinates>
            </LinearRing>
          </outerBoundaryIs>
        </Polygon>
      </Placemark>
      <Placemark id="Lote_I.104">
        <ExtendedData>
          <SchemaData schemaUrl="#Lote_I.schema">
            <SimpleData name="Cédula">4163703.00000000000</SimpleData>
            <SimpleData name="Nombres_y_">DOMINGA GRACIELA RAMIREZ GIMENEZ</SimpleData>
            <SimpleData name="Sexo">Mujer</SimpleData>
            <SimpleData name="Cambio_de_">NO</SimpleData>
            <SimpleData name="Titular_se">NO</SimpleData>
            <SimpleData name="ci_UNIF">4163703.00000000000</SimpleData>
            <SimpleData name="Situación">NO</SimpleData>
            <SimpleData name="Comunidad">Campesina</SimpleData>
            <SimpleData name="Modelo_imp">Modelo 5</SimpleData>
            <SimpleData name="Departamen">SAN PEDRO</SimpleData>
            <SimpleData name="Distrito">GUAYAIBI</SimpleData>
            <SimpleData name="Localidad">SAN MARCOS</SimpleData>
            <SimpleData name="Teléfono">0975935450</SimpleData>
            <SimpleData name="Vivienda_L">-24.48926300000</SimpleData>
            <SimpleData name="Vivienda_1">-56.42857770000</SimpleData>
            <SimpleData name="Superficie">0.70000000000</SimpleData>
            <SimpleData name="Situaci_1">Par?metro</SimpleData>
            <SimpleData name="Plantado">SI</SimpleData>
            <SimpleData name="Fecha_Plan">2025/12/15</SimpleData>
            <SimpleData name="Jornales">0.00000000000</SimpleData>
            <SimpleData name="Monto">0.00000000000</SimpleData>
            <SimpleData name="Grupo_de_p">I-GN-XX-XX-XX</SimpleData>
            <SimpleData name="Estado_del">Activo</SimpleData>
            <SimpleData name="Empresa">Emilio Sol?s Grance</SimpleData>
            <SimpleData name="Lote">I</SimpleData>
            <SimpleData name="Parametro">0.00000000000</SimpleData>
            <SimpleData name="Sup_SIG">0.73687735134</SimpleData>
            <SimpleData name="X">-56.43261097000</SimpleData>
            <SimpleData name="Y">-24.48944672000</SimpleData>
            <SimpleData name="cedula">4163703</SimpleData>
            <SimpleData name="Cédula_1">4163703.00000000000</SimpleData>
            <SimpleData name="Estado_d_1">Activo</SimpleData>
            <SimpleData name="OBJECTID_1">7660</SimpleData>
            <SimpleData name="Shape_Leng">424.31005914000</SimpleData>
            <SimpleData name="Shape_Area">7368.77351336000</SimpleData>
          </SchemaData>
        </ExtendedData>
        <Polygon>
          <outerBoundaryIs>
            <LinearRing>
              <coordinates>
                -56.4318637996173,-24.489594000267,0
                -56.4334158004479,-24.4897126995303,0
                -56.4334298997168,-24.4893044005817,0
                -56.4317179995115,-24.4891879006288,0
                -56.4318637996173,-24.489594000267,0
              </coordinates>
            </LinearRing>
          </outerBoundaryIs>
        </Polygon>
      </Placemark>
      <Placemark id="Lote_I.105">
        <ExtendedData>
          <SchemaData schemaUrl="#Lote_I.schema">
            <SimpleData name="Cédula">4762172.00000000000</SimpleData>
            <SimpleData name="Nombres_y_">VICTOR GUSTAVO CARDOZO BENITEZ</SimpleData>
            <SimpleData name="Sexo">Hombre</SimpleData>
            <SimpleData name="Cambio_de_">NO</SimpleData>
            <SimpleData name="Titular_se">NO</SimpleData>
            <SimpleData name="ci_UNIF">4762172.00000000000</SimpleData>
            <SimpleData name="Situación">NO</SimpleData>
            <SimpleData name="Comunidad">Campesina</SimpleData>
            <SimpleData name="Modelo_imp">Modelo 1</SimpleData>
            <SimpleData name="Departamen">SAN PEDRO</SimpleData>
            <SimpleData name="Distrito">GUAYAIBI</SimpleData>
            <SimpleData name="Localidad">CALLE ASUNCION</SimpleData>
            <SimpleData name="Teléfono">0986126948</SimpleData>
            <SimpleData name="Vivienda_L">-24.43009140000</SimpleData>
            <SimpleData name="Vivienda_1">-56.43677480000</SimpleData>
            <SimpleData name="Superficie">0.80000000000</SimpleData>
            <SimpleData name="Situaci_1">Par?metro</SimpleData>
            <SimpleData name="Plantado">SI</SimpleData>
            <SimpleData name="Fecha_Plan">2026/05/19</SimpleData>
            <SimpleData name="Jornales">0.00000000000</SimpleData>
            <SimpleData name="Monto">0.00000000000</SimpleData>
            <SimpleData name="Grupo_de_p">I-GN-XX-XX-XX</SimpleData>
            <SimpleData name="Estado_del">Activo</SimpleData>
            <SimpleData name="Empresa">Emilio Sol?s Grance</SimpleData>
            <SimpleData name="Lote">I</SimpleData>
            <SimpleData name="Parametro">0.00000000000</SimpleData>
            <SimpleData name="Sup_SIG">0.79667941876</SimpleData>
            <SimpleData name="X">-56.43672266000</SimpleData>
            <SimpleData name="Y">-24.43497907000</SimpleData>
            <SimpleData name="cedula">4762172</SimpleData>
            <SimpleData name="Cédula_1">4762172.00000000000</SimpleData>
            <SimpleData name="Estado_d_1">Activo</SimpleData>
            <SimpleData name="OBJECTID_1">6043</SimpleData>
            <SimpleData name="Shape_Leng">364.71439939900</SimpleData>
            <SimpleData name="Shape_Area">7966.79418764000</SimpleData>
          </SchemaData>
        </ExtendedData>
        <Polygon>
          <outerBoundaryIs>
            <LinearRing>
              <coordinates>
                -56.4363649999903,-24.4354266996586,0
                -56.4370467001103,-24.4355282997434,0
                -56.4371125771879,-24.4345184917264,0
                -56.4363486005778,-24.4344774992338,0
                -56.4363649999903,-24.4354266996586,0
              </coordinates>
            </LinearRing>
          </outerBoundaryIs>
        </Polygon>
      </Placemark>
      <Placemark id="Lote_I.106">
        <ExtendedData>
          <SchemaData schemaUrl="#Lote_I.schema">
            <SimpleData name="Cédula">5426656.00000000000</SimpleData>
            <SimpleData name="Nombres_y_">DANI AGUSTIN ORTIZ GAVILAN</SimpleData>
            <SimpleData name="Sexo">Hombre</SimpleData>
            <SimpleData name="Cambio_de_">NO</SimpleData>
            <SimpleData name="Titular_se">NO</SimpleData>
            <SimpleData name="ci_UNIF">5426656.00000000000</SimpleData>
            <SimpleData name="Situación">NO</SimpleData>
            <SimpleData name="Comunidad">Campesina</SimpleData>
            <SimpleData name="Modelo_imp">Modelo 1</SimpleData>
            <SimpleData name="Departamen">SAN PEDRO</SimpleData>
            <SimpleData name="Distrito">GUAYAIBI</SimpleData>
            <SimpleData name="Localidad">PLANCHADA EVA</SimpleData>
            <SimpleData name="Teléfono">0982491461</SimpleData>
            <SimpleData name="Vivienda_L">-24.35330310000</SimpleData>
            <SimpleData name="Vivienda_1">-56.38176290000</SimpleData>
            <SimpleData name="Superficie">0.80000000000</SimpleData>
            <SimpleData name="Situaci_1">Par?metro</SimpleData>
            <SimpleData name="Plantado">SI</SimpleData>
            <SimpleData name="Fecha_Plan">2025/11/20</SimpleData>
            <SimpleData name="Jornales">0.00000000000</SimpleData>
            <SimpleData name="Monto">0.00000000000</SimpleData>
            <SimpleData name="Grupo_de_p">I-GN-XX-XX-XX</SimpleData>
            <SimpleData name="Estado_del">Activo</SimpleData>
            <SimpleData name="Empresa">Emilio Sol?s Grance</SimpleData>
            <SimpleData name="Lote">I</SimpleData>
            <SimpleData name="Parametro">0.00000000000</SimpleData>
            <SimpleData name="Sup_SIG">0.90393849304</SimpleData>
            <SimpleData name="X">-56.38686108000</SimpleData>
            <SimpleData name="Y">-24.34639591000</SimpleData>
            <SimpleData name="cedula">5426656</SimpleData>
            <SimpleData name="Cédula_1">5426656.00000000000</SimpleData>
            <SimpleData name="Estado_d_1">Activo</SimpleData>
            <SimpleData name="OBJECTID_1">8771</SimpleData>
            <SimpleData name="Shape_Leng">403.55339151500</SimpleData>
            <SimpleData name="Shape_Area">9039.38493044000</SimpleData>
          </SchemaData>
        </ExtendedData>
        <Polygon>
          <outerBoundaryIs>
            <LinearRing>
              <coordinates>
                -56.3866366571847,-24.3459456913755,0
                -56.3862399001461,-24.3461810993624,0
                -56.3861679092592,-24.3460870950676,0
                -56.3861489998621,-24.3460927996349,0
                -56.3867458002888,-24.3469582000344,0
                -56.3875273003386,-24.3466393994985,0
                -56.3869774004364,-24.3458428999216,0
                -56.3866366571847,-24.3459456913755,0
              </coordinates>
            </LinearRing>
          </outerBoundaryIs>
        </Polygon>
      </Placemark>
      <Placemark id="Lote_I.107">
        <ExtendedData>
          <SchemaData schemaUrl="#Lote_I.schema">
            <SimpleData name="Cédula">5554919.00000000000</SimpleData>
            <SimpleData name="Nombres_y_">YESSICA LORENA VAZQUEZ JARA</SimpleData>
            <SimpleData name="Sexo">Mujer</SimpleData>
            <SimpleData name="Cambio_de_">NO</SimpleData>
            <SimpleData name="Titular_se">NO</SimpleData>
            <SimpleData name="ci_UNIF">5554919.00000000000</SimpleData>
            <SimpleData name="Situación">NO</SimpleData>
            <SimpleData name="Comunidad">Campesina</SimpleData>
            <SimpleData name="Modelo_imp">Modelo 5</SimpleData>
            <SimpleData name="Departamen">SAN PEDRO</SimpleData>
            <SimpleData name="Distrito">GUAYAIBI</SimpleData>
            <SimpleData name="Localidad">BARRIO SAN PEDRO</SimpleData>
            <SimpleData name="Teléfono">0971266972</SimpleData>
            <SimpleData name="Vivienda_L">-24.40208940000</SimpleData>
            <SimpleData name="Vivienda_1">-56.41483440000</SimpleData>
            <SimpleData name="Superficie">0.70000000000</SimpleData>
            <SimpleData name="Situaci_1">Par?metro</SimpleData>
            <SimpleData name="Plantado">SI</SimpleData>
            <SimpleData name="Fecha_Plan">2026/05/20</SimpleData>
            <SimpleData name="Jornales">0.00000000000</SimpleData>
            <SimpleData name="Monto">0.00000000000</SimpleData>
            <SimpleData name="Grupo_de_p">I-GN-XX-XX-XX</SimpleData>
            <SimpleData name="Estado_del">Activo</SimpleData>
            <SimpleData name="Empresa">Emilio Sol?s Grance</SimpleData>
            <SimpleData name="Lote">I</SimpleData>
            <SimpleData name="Parametro">0.00000000000</SimpleData>
            <SimpleData name="Sup_SIG">0.70130113099</SimpleData>
            <SimpleData name="X">-56.41142668000</SimpleData>
            <SimpleData name="Y">-24.41597505000</SimpleData>
            <SimpleData name="cedula">5554919</SimpleData>
            <SimpleData name="Cédula_1">5554919.00000000000</SimpleData>
            <SimpleData name="Estado_d_1">Activo</SimpleData>
            <SimpleData name="OBJECTID_1">6058</SimpleData>
            <SimpleData name="Shape_Leng">652.83233842500</SimpleData>
            <SimpleData name="Shape_Area">7013.01130992000</SimpleData>
          </SchemaData>
        </ExtendedData>
        <MultiGeometry>
          <Polygon>
            <outerBoundaryIs>
              <LinearRing>
                <coordinates>
                  -56.4128736999824,-24.4162035006432,0
                  -56.4129524999365,-24.4159512002623,0
                  -56.412357199759,-24.4158884002801,0
                  -56.4123617996826,-24.4161669002173,0
                  -56.4128736999824,-24.4162035006432,0
                </coordinates>
              </LinearRing>
            </outerBoundaryIs>
          </Polygon>
          <Polygon>
            <outerBoundaryIs>
              <LinearRing>
                <coordinates>
                  -56.4122150993799,-24.4158898002713,0
                  -56.4117397000178,-24.4158981004077,0
                  -56.4117398996054,-24.4161020997285,0
                  -56.4122333000239,-24.416143299694,0
                  -56.4122150993799,-24.4158898002713,0
                </coordinates>
              </LinearRing>
            </outerBoundaryIs>
          </Polygon>
          <Polygon>
            <outerBoundaryIs>
              <LinearRing>
                <coordinates>
                  -56.4114338997794,-24.415861900277,0
                  -56.4101113998306,-24.4157331006142,0
                  -56.4101008993577,-24.4160132007878,0
                  -56.4114282998102,-24.416131700268,0
                  -56.4114338997794,-24.415861900277,0
                </coordinates>
              </LinearRing>
            </outerBoundaryIs>
          </Polygon>
        </MultiGeometry>
      </Placemark>
      <Placemark id="Lote_I.108">
        <ExtendedData>
          <SchemaData schemaUrl="#Lote_I.schema">
            <SimpleData name="Cédula">5955199.00000000000</SimpleData>
            <SimpleData name="Nombres_y_">RUDY ADELA SOSA ARANDA</SimpleData>
            <SimpleData name="Sexo">Mujer</SimpleData>
            <SimpleData name="Cambio_de_">NO</SimpleData>
            <SimpleData name="Titular_se">NO</SimpleData>
            <SimpleData name="ci_UNIF">5955199.00000000000</SimpleData>
            <SimpleData name="Situación">NO</SimpleData>
            <SimpleData name="Comunidad">Campesina</SimpleData>
            <SimpleData name="Modelo_imp">Modelo 5</SimpleData>
            <SimpleData name="Departamen">SAN PEDRO</SimpleData>
            <SimpleData name="Distrito">GUAYAIBI</SimpleData>
            <SimpleData name="Localidad">SAN MARCOS</SimpleData>
            <SimpleData name="Vivienda_L">0.00000000000</SimpleData>
            <SimpleData name="Vivienda_1">-24.46523330000</SimpleData>
            <SimpleData name="Superficie">0.70000000000</SimpleData>
            <SimpleData name="Situaci_1">Par?metro</SimpleData>
            <SimpleData name="Plantado">SI</SimpleData>
            <SimpleData name="Fecha_Plan">2026/05/20</SimpleData>
            <SimpleData name="Jornales">0.00000000000</SimpleData>
            <SimpleData name="Monto">0.00000000000</SimpleData>
            <SimpleData name="Grupo_de_p">I-GN-XX-XX-XX</SimpleData>
            <SimpleData name="Estado_del">Activo</SimpleData>
            <SimpleData name="Empresa">Emilio Sol?s Grance</SimpleData>
            <SimpleData name="Lote">I</SimpleData>
            <SimpleData name="Parametro">0.00000000000</SimpleData>
            <SimpleData name="Sup_SIG">0.77173466061</SimpleData>
            <SimpleData name="X">-56.42264591000</SimpleData>
            <SimpleData name="Y">-24.46565559000</SimpleData>
            <SimpleData name="cedula">5955199</SimpleData>
            <SimpleData name="Cédula_1">5955199.00000000000</SimpleData>
            <SimpleData name="Estado_d_1">Activo</SimpleData>
            <SimpleData name="OBJECTID_1">6393</SimpleData>
            <SimpleData name="Shape_Leng">535.06863889400</SimpleData>
            <SimpleData name="Shape_Area">7717.34660613000</SimpleData>
          </SchemaData>
        </ExtendedData>
        <MultiGeometry>
          <Polygon>
            <outerBoundaryIs>
              <LinearRing>
                <coordinates>
                  -56.422779999493,-24.4655612999556,0
                  -56.4222482995767,-24.4655467003284,0
                  -56.4222317003776,-24.4659473010025,0
                  -56.4233823002749,-24.4660369002127,0
                  -56.4233421003025,-24.4655803000224,0
                  -56.4230770993573,-24.4655692006314,0
                  -56.4230422000999,-24.4652586010623,0
                  -56.4228818006388,-24.4652282003227,0
                  -56.4228389003144,-24.4653266001542,0
                  -56.4227600000913,-24.4653574997398,0
                  -56.422779999493,-24.4655612999556,0
                </coordinates>
              </LinearRing>
            </outerBoundaryIs>
          </Polygon>
          <Polygon>
            <outerBoundaryIs>
              <LinearRing>
                <coordinates>
                  -56.4219301995723,-24.4655394004854,0
                  -56.4219800000332,-24.4651766005261,0
                  -56.4216539999702,-24.4651307002697,0
                  -56.4215754996065,-24.465455499812,0
                  -56.4219301995723,-24.4655394004854,0
                </coordinates>
              </LinearRing>
            </outerBoundaryIs>
          </Polygon>
        </MultiGeometry>
      </Placemark>
      <Placemark id="Lote_I.109">
        <ExtendedData>
          <SchemaData schemaUrl="#Lote_I.schema">
            <SimpleData name="Cédula">6664884.00000000000</SimpleData>
            <SimpleData name="Nombres_y_">TERESA FLORENTIN MONGES</SimpleData>
            <SimpleData name="Sexo">Mujer</SimpleData>
            <SimpleData name="Cambio_de_">NO</SimpleData>
            <SimpleData name="Titular_se">NO</SimpleData>
            <SimpleData name="ci_UNIF">6664884.00000000000</SimpleData>
            <SimpleData name="Situación">NO</SimpleData>
            <SimpleData name="Comunidad">Campesina</SimpleData>
            <SimpleData name="Modelo_imp">Modelo 5</SimpleData>
            <SimpleData name="Departamen">SAN PEDRO</SimpleData>
            <SimpleData name="Distrito">GUAYAIBI</SimpleData>
            <SimpleData name="Localidad">SANTO DOMINGO</SimpleData>
            <SimpleData name="Teléfono">0975424780</SimpleData>
            <SimpleData name="Vivienda_L">-24.50576330000</SimpleData>
            <SimpleData name="Vivienda_1">-56.42674220000</SimpleData>
            <SimpleData name="Superficie">0.70000000000</SimpleData>
            <SimpleData name="Situaci_1">Par?metro</SimpleData>
            <SimpleData name="Plantado">SI</SimpleData>
            <SimpleData name="Fecha_Plan">2026/05/20</SimpleData>
            <SimpleData name="Jornales">0.00000000000</SimpleData>
            <SimpleData name="Monto">0.00000000000</SimpleData>
            <SimpleData name="Grupo_de_p">I-GN-XX-XX-XX</SimpleData>
            <SimpleData name="Estado_del">Activo</SimpleData>
            <SimpleData name="Empresa">Emilio Sol?s Grance</SimpleData>
            <SimpleData name="Lote">I</SimpleData>
            <SimpleData name="Parametro">0.00000000000</SimpleData>
            <SimpleData name="Sup_SIG">0.89777538613</SimpleData>
            <SimpleData name="X">-56.43140483000</SimpleData>
            <SimpleData name="Y">-24.50591414000</SimpleData>
            <SimpleData name="cedula">6664884</SimpleData>
            <SimpleData name="Cédula_1">6664884.00000000000</SimpleData>
            <SimpleData name="Estado_d_1">Activo</SimpleData>
            <SimpleData name="OBJECTID_1">6014</SimpleData>
            <SimpleData name="Shape_Leng">378.12967686600</SimpleData>
            <SimpleData name="Shape_Area">8977.75386129000</SimpleData>
          </SchemaData>
        </ExtendedData>
        <Polygon>
          <outerBoundaryIs>
            <LinearRing>
              <coordinates>
                -56.43091999985,-24.5063231006709,0
                -56.431810300097,-24.5063740000465,0
                -56.4319221999897,-24.5055055992268,0
                -56.4313916996277,-24.5054852998806,0
                -56.4309512002451,-24.5054880997771,0
                -56.43091999985,-24.5063231006709,0
              </coordinates>
            </LinearRing>
          </outerBoundaryIs>
        </Polygon>
      </Placemark>
      <Placemark id="Lote_I.110">
        <ExtendedData>
          <SchemaData schemaUrl="#Lote_I.schema">
            <SimpleData name="Cédula">6851701.00000000000</SimpleData>
            <SimpleData name="Nombres_y_">CLAUDELINA ARMOA SANCHEZ</SimpleData>
            <SimpleData name="Sexo">Mujer</SimpleData>
            <SimpleData name="Cambio_de_">NO</SimpleData>
            <SimpleData name="Titular_se">NO</SimpleData>
            <SimpleData name="ci_UNIF">6851701.00000000000</SimpleData>
            <SimpleData name="Situación">NO</SimpleData>
            <SimpleData name="Comunidad">Campesina</SimpleData>
            <SimpleData name="Modelo_imp">Modelo 1</SimpleData>
            <SimpleData name="Departamen">SAN PEDRO</SimpleData>
            <SimpleData name="Distrito">GUAYAIBI</SimpleData>
            <SimpleData name="Localidad">SANTO DOMINGO</SimpleData>
            <SimpleData name="Teléfono">0991566470</SimpleData>
            <SimpleData name="Vivienda_L">-24.50315870000</SimpleData>
            <SimpleData name="Vivienda_1">-56.42634510000</SimpleData>
            <SimpleData name="Superficie">0.80000000000</SimpleData>
            <SimpleData name="Situaci_1">Par?metro</SimpleData>
            <SimpleData name="Plantado">SI</SimpleData>
            <SimpleData name="Fecha_Plan">2026/05/20</SimpleData>
            <SimpleData name="Jornales">0.00000000000</SimpleData>
            <SimpleData name="Monto">0.00000000000</SimpleData>
            <SimpleData name="Grupo_de_p">I-GN-XX-XX-XX</SimpleData>
            <SimpleData name="Estado_del">Activo</SimpleData>
            <SimpleData name="Empresa">Emilio Sol?s Grance</SimpleData>
            <SimpleData name="Lote">I</SimpleData>
            <SimpleData name="Parametro">0.00000000000</SimpleData>
            <SimpleData name="Sup_SIG">0.90088247331</SimpleData>
            <SimpleData name="X">-56.42187896000</SimpleData>
            <SimpleData name="Y">-24.50275151000</SimpleData>
            <SimpleData name="cedula">6851701</SimpleData>
            <SimpleData name="Cédula_1">6851701.00000000000</SimpleData>
            <SimpleData name="Estado_d_1">Activo</SimpleData>
            <SimpleData name="OBJECTID_1">6013</SimpleData>
            <SimpleData name="Shape_Leng">483.08816926800</SimpleData>
            <SimpleData name="Shape_Area">9008.82473307000</SimpleData>
          </SchemaData>
        </ExtendedData>
        <Polygon>
          <outerBoundaryIs>
            <LinearRing>
              <coordinates>
                -56.4209238995022,-24.5029097999779,0
                -56.4228492993962,-24.5030113999443,0
                -56.4228532000394,-24.5026075997893,0
                -56.420930400156,-24.5024794991962,0
                -56.4209238995022,-24.5029097999779,0
              </coordinates>
            </LinearRing>
          </outerBoundaryIs>
        </Polygon>
      </Placemark>
      <Placemark id="Lote_I.111">
        <ExtendedData>
          <SchemaData schemaUrl="#Lote_I.schema">
            <SimpleData name="Cédula">6989772.00000000000</SimpleData>
            <SimpleData name="Nombres_y_">LEONARDA RODRIGUEZ MEDINA</SimpleData>
            <SimpleData name="Sexo">Mujer</SimpleData>
            <SimpleData name="Cambio_de_">NO</SimpleData>
            <SimpleData name="Titular_se">NO</SimpleData>
            <SimpleData name="ci_UNIF">6989772.00000000000</SimpleData>
            <SimpleData name="Situación">NO</SimpleData>
            <SimpleData name="Comunidad">Campesina</SimpleData>
            <SimpleData name="Modelo_imp">Modelo 1</SimpleData>
            <SimpleData name="Departamen">SAN PEDRO</SimpleData>
            <SimpleData name="Distrito">GUAYAIBI</SimpleData>
            <SimpleData name="Localidad">NI?O JESUS</SimpleData>
            <SimpleData name="Teléfono">0991563417</SimpleData>
            <SimpleData name="Vivienda_L">-24.42365210000</SimpleData>
            <SimpleData name="Vivienda_1">-56.41277960000</SimpleData>
            <SimpleData name="Superficie">0.80000000000</SimpleData>
            <SimpleData name="Situaci_1">Pol?gono</SimpleData>
            <SimpleData name="Plantado">SI</SimpleData>
            <SimpleData name="Fecha_Plan">2025/11/24</SimpleData>
            <SimpleData name="Jornales">0.00000000000</SimpleData>
            <SimpleData name="Monto">0.00000000000</SimpleData>
            <SimpleData name="Grupo_de_p">I-GN-XX-XX-XX</SimpleData>
            <SimpleData name="Estado_del">Activo</SimpleData>
            <SimpleData name="Empresa">Emilio Sol?s Grance</SimpleData>
            <SimpleData name="Lote">I</SimpleData>
            <SimpleData name="Parametro">0.00000000000</SimpleData>
            <SimpleData name="Sup_SIG">0.79989616977</SimpleData>
            <SimpleData name="X">-56.40909759000</SimpleData>
            <SimpleData name="Y">-24.42330093000</SimpleData>
            <SimpleData name="cedula">6989772</SimpleData>
            <SimpleData name="Cédula_1">6989772.00000000000</SimpleData>
            <SimpleData name="Estado_d_1">Activo</SimpleData>
            <SimpleData name="OBJECTID_1">7659</SimpleData>
            <SimpleData name="Shape_Leng">358.52520903100</SimpleData>
            <SimpleData name="Shape_Area">7998.96169773000</SimpleData>
          </SchemaData>
        </ExtendedData>
        <Polygon>
          <outerBoundaryIs>
            <LinearRing>
              <coordinates>
                -56.4086170004766,-24.4236582007407,0
                -56.4094817002954,-24.4237300005748,0
                -56.4096349996772,-24.4230050005485,0
                -56.4086835001232,-24.4228421992427,0
                -56.4086170004766,-24.4236582007407,0
              </coordinates>
            </LinearRing>
          </outerBoundaryIs>
        </Polygon>
      </Placemark>
      <Placemark id="Lote_I.112">
        <ExtendedData>
          <SchemaData schemaUrl="#Lote_I.schema">
            <SimpleData name="Cédula">7192019.00000000000</SimpleData>
            <SimpleData name="Nombres_y_">MARTHA BEATRIZ RAMIREZ GIMENEZ</SimpleData>
            <SimpleData name="Sexo">Mujer</SimpleData>
            <SimpleData name="Cambio_de_">NO</SimpleData>
            <SimpleData name="Titular_se">NO</SimpleData>
            <SimpleData name="ci_UNIF">7192019.00000000000</SimpleData>
            <SimpleData name="Situación">NO</SimpleData>
            <SimpleData name="Comunidad">Campesina</SimpleData>
            <SimpleData name="Modelo_imp">Modelo 5</SimpleData>
            <SimpleData name="Departamen">SAN PEDRO</SimpleData>
            <SimpleData name="Distrito">GUAYAIBI</SimpleData>
            <SimpleData name="Localidad">SAN MARCOS</SimpleData>
            <SimpleData name="Teléfono">0994238094</SimpleData>
            <SimpleData name="Vivienda_L">-24.48915030000</SimpleData>
            <SimpleData name="Vivienda_1">-56.42842440000</SimpleData>
            <SimpleData name="Superficie">0.70000000000</SimpleData>
            <SimpleData name="Situaci_1">Par?metro</SimpleData>
            <SimpleData name="Plantado">SI</SimpleData>
            <SimpleData name="Fecha_Plan">2025/12/16</SimpleData>
            <SimpleData name="Jornales">0.00000000000</SimpleData>
            <SimpleData name="Monto">0.00000000000</SimpleData>
            <SimpleData name="Grupo_de_p">I-GN-XX-XX-XX</SimpleData>
            <SimpleData name="Estado_del">Activo</SimpleData>
            <SimpleData name="Empresa">Emilio Sol?s Grance</SimpleData>
            <SimpleData name="Lote">I</SimpleData>
            <SimpleData name="Parametro">0.00000000000</SimpleData>
            <SimpleData name="Sup_SIG">0.75036839324</SimpleData>
            <SimpleData name="X">-56.43077725000</SimpleData>
            <SimpleData name="Y">-24.48931621000</SimpleData>
            <SimpleData name="cedula">7192019</SimpleData>
            <SimpleData name="Cédula_1">7192019.00000000000</SimpleData>
            <SimpleData name="Estado_d_1">Activo</SimpleData>
            <SimpleData name="OBJECTID_1">7661</SimpleData>
            <SimpleData name="Shape_Leng">506.67466195300</SimpleData>
            <SimpleData name="Shape_Area">7503.68393240000</SimpleData>
          </SchemaData>
        </ExtendedData>
        <MultiGeometry>
          <Polygon>
            <outerBoundaryIs>
              <LinearRing>
                <coordinates>
                  -56.4317013998071,-24.4895850000143,0
                  -56.4317031995845,-24.4891785001387,0
                  -56.4312029996979,-24.4891331996257,0
                  -56.4311688001569,-24.4893812007851,0
                  -56.4313340998214,-24.4895446000208,0
                  -56.4317013998071,-24.4895850000143,0
                </coordinates>
              </LinearRing>
            </outerBoundaryIs>
          </Polygon>
          <Polygon>
            <outerBoundaryIs>
              <LinearRing>
                <coordinates>
                  -56.4310317998749,-24.4895532000967,0
                  -56.431065099799,-24.4891235007117,0
                  -56.4299502001622,-24.4890620007554,0
                  -56.4298996994438,-24.4894650003813,0
                  -56.4310317998749,-24.4895532000967,0
                </coordinates>
              </LinearRing>
            </outerBoundaryIs>
          </Polygon>
        </MultiGeometry>
      </Placemark>
      <Placemark id="Lote_I.113">
        <ExtendedData>
          <SchemaData schemaUrl="#Lote_I.schema">
            <SimpleData name="Cédula">1372550.00000000000</SimpleData>
            <SimpleData name="Nombres_y_">FLORENCIO MARTINEZ BRITEZ</SimpleData>
            <SimpleData name="Sexo">Hombre</SimpleData>
            <SimpleData name="Cambio_de_">NO</SimpleData>
            <SimpleData name="Titular_se">NO</SimpleData>
            <SimpleData name="ci_UNIF">1372550.00000000000</SimpleData>
            <SimpleData name="Situación">NO</SimpleData>
            <SimpleData name="Comunidad">Campesina</SimpleData>
            <SimpleData name="Modelo_imp">Modelo 5</SimpleData>
            <SimpleData name="Departamen">SAN PEDRO</SimpleData>
            <SimpleData name="Distrito">LIMA</SimpleData>
            <SimpleData name="Localidad">YBYPE</SimpleData>
            <SimpleData name="Teléfono">0976401005</SimpleData>
            <SimpleData name="Vivienda_L">-23.97812970000</SimpleData>
            <SimpleData name="Vivienda_1">-56.44304670000</SimpleData>
            <SimpleData name="Superficie">0.70000000000</SimpleData>
            <SimpleData name="Situaci_1">Par?metro</SimpleData>
            <SimpleData name="Plantado">SI</SimpleData>
            <SimpleData name="Fecha_Plan">2026/06/05</SimpleData>
            <SimpleData name="Jornales">0.00000000000</SimpleData>
            <SimpleData name="Monto">0.00000000000</SimpleData>
            <SimpleData name="Grupo_de_p">I-GN-XX-XX-XX</SimpleData>
            <SimpleData name="Estado_del">Activo</SimpleData>
            <SimpleData name="Empresa">Emilio Sol?s Grance</SimpleData>
            <SimpleData name="Lote">I</SimpleData>
            <SimpleData name="Parametro">0.00000000000</SimpleData>
            <SimpleData name="Sup_SIG">0.79350509155</SimpleData>
            <SimpleData name="X">-56.44952330000</SimpleData>
            <SimpleData name="Y">-23.97996662000</SimpleData>
            <SimpleData name="cedula">1372550</SimpleData>
            <SimpleData name="Cédula_1">1372550.00000000000</SimpleData>
            <SimpleData name="Estado_d_1">Activo</SimpleData>
            <SimpleData name="OBJECTID_1">6134</SimpleData>
            <SimpleData name="Shape_Leng">357.57821430500</SimpleData>
            <SimpleData name="Shape_Area">7935.05091552000</SimpleData>
          </SchemaData>
        </ExtendedData>
        <Polygon>
          <outerBoundaryIs>
            <LinearRing>
              <coordinates>
                -56.4489557001097,-23.9802549997925,0
                -56.4497388006931,-23.9804729000541,0
                -56.4500976999114,-23.9796935998619,0
                -56.4493040991764,-23.9794528001,0
                -56.4489557001097,-23.9802549997925,0
              </coordinates>
            </LinearRing>
          </outerBoundaryIs>
        </Polygon>
      </Placemark>
      <Placemark id="Lote_I.114">
        <ExtendedData>
          <SchemaData schemaUrl="#Lote_I.schema">
            <SimpleData name="Cédula">2422683.00000000000</SimpleData>
            <SimpleData name="Nombres_y_">MARIO DANIEL JIMENEZ SANCHEZ</SimpleData>
            <SimpleData name="Sexo">Hombre</SimpleData>
            <SimpleData name="Cambio_de_">NO</SimpleData>
            <SimpleData name="Titular_se">NO</SimpleData>
            <SimpleData name="ci_UNIF">2422683.00000000000</SimpleData>
            <SimpleData name="Comunidad">Campesina</SimpleData>
            <SimpleData name="Modelo_imp">Modelo 2</SimpleData>
            <SimpleData name="Departamen">SAN PEDRO</SimpleData>
            <SimpleData name="Distrito">LIMA</SimpleData>
            <SimpleData name="Localidad">YVYPE</SimpleData>
            <SimpleData name="Teléfono">984032758</SimpleData>
            <SimpleData name="Vivienda_L">-23.98705500000</SimpleData>
            <SimpleData name="Vivienda_1">-56.46059670000</SimpleData>
            <SimpleData name="Superficie">0.80000000000</SimpleData>
            <SimpleData name="Situaci_1">Parametro</SimpleData>
            <SimpleData name="Plantado">SI</SimpleData>
            <SimpleData name="Fecha_Plan">2026/06/03</SimpleData>
            <SimpleData name="Jornales">0.00000000000</SimpleData>
            <SimpleData name="Monto">0.00000000000</SimpleData>
            <SimpleData name="Grupo_de_p">I-GN-XX-XX-XX</SimpleData>
            <SimpleData name="Estado_del">Activo</SimpleData>
            <SimpleData name="Empresa">Emilio Sol?s Grance</SimpleData>
            <SimpleData name="Lote">I</SimpleData>
            <SimpleData name="Parametro">0.00000000000</SimpleData>
            <SimpleData name="Sup_SIG">0.85486070684</SimpleData>
            <SimpleData name="X">-56.46451220000</SimpleData>
            <SimpleData name="Y">-23.98862850000</SimpleData>
            <SimpleData name="cedula">2422683</SimpleData>
            <SimpleData name="Cédula_1">2422683.00000000000</SimpleData>
            <SimpleData name="Estado_d_1">Activo</SimpleData>
            <SimpleData name="OBJECTID_1">6426</SimpleData>
            <SimpleData name="Shape_Leng">370.35746701200</SimpleData>
            <SimpleData name="Shape_Area">8548.60706841000</SimpleData>
          </SchemaData>
        </ExtendedData>
        <Polygon>
          <outerBoundaryIs>
            <LinearRing>
              <coordinates>
                -56.4639879998895,-23.9889429999903,0
                -56.464803899741,-23.9891440001553,0
                -56.4650909006303,-23.9883669004293,0
                -56.4641679002537,-23.9880997998044,0
                -56.4639879998895,-23.9889429999903,0
              </coordinates>
            </LinearRing>
          </outerBoundaryIs>
        </Polygon>
      </Placemark>
      <Placemark id="Lote_I.115">
        <ExtendedData>
          <SchemaData schemaUrl="#Lote_I.schema">
            <SimpleData name="Cédula">3532868.00000000000</SimpleData>
            <SimpleData name="Nombres_y_">MIGDONIA VERA BENITEZ</SimpleData>
            <SimpleData name="Sexo">Mujer</SimpleData>
            <SimpleData name="Cambio_de_">NO</SimpleData>
            <SimpleData name="Titular_se">NO</SimpleData>
            <SimpleData name="ci_UNIF">3532868.00000000000</SimpleData>
            <SimpleData name="Situación">NO</SimpleData>
            <SimpleData name="Comunidad">Campesina</SimpleData>
            <SimpleData name="Modelo_imp">Modelo 5</SimpleData>
            <SimpleData name="Departamen">SAN PEDRO</SimpleData>
            <SimpleData name="Distrito">LIMA</SimpleData>
            <SimpleData name="Localidad">YBYPE</SimpleData>
            <SimpleData name="Teléfono">0981936130</SimpleData>
            <SimpleData name="Vivienda_L">-24.03408400000</SimpleData>
            <SimpleData name="Vivienda_1">-56.44205140000</SimpleData>
            <SimpleData name="Superficie">0.70000000000</SimpleData>
            <SimpleData name="Situaci_1">Par?metro</SimpleData>
            <SimpleData name="Plantado">SI</SimpleData>
            <SimpleData name="Fecha_Plan">2026/05/27</SimpleData>
            <SimpleData name="Jornales">0.00000000000</SimpleData>
            <SimpleData name="Monto">0.00000000000</SimpleData>
            <SimpleData name="Grupo_de_p">I-GN-XX-XX-XX</SimpleData>
            <SimpleData name="Estado_del">Activo</SimpleData>
            <SimpleData name="Empresa">Emilio Sol?s Grance</SimpleData>
            <SimpleData name="Lote">I</SimpleData>
            <SimpleData name="Parametro">0.00000000000</SimpleData>
            <SimpleData name="Sup_SIG">0.83026498735</SimpleData>
            <SimpleData name="X">-56.44223367000</SimpleData>
            <SimpleData name="Y">-24.03267944000</SimpleData>
            <SimpleData name="cedula">3532868</SimpleData>
            <SimpleData name="Cédula_1">3532868.00000000000</SimpleData>
            <SimpleData name="Estado_d_1">Activo</SimpleData>
            <SimpleData name="OBJECTID_1">6164</SimpleData>
            <SimpleData name="Shape_Leng">568.31214514700</SimpleData>
            <SimpleData name="Shape_Area">8302.64987351000</SimpleData>
          </SchemaData>
        </ExtendedData>
        <MultiGeometry>
          <Polygon>
            <outerBoundaryIs>
              <LinearRing>
                <coordinates>
                  -56.4423975993866,-24.0338513001405,0
                  -56.4426076999694,-24.0334573004237,0
                  -56.4424634003029,-24.0332507002114,0
                  -56.4423801998951,-24.0332115002988,0
                  -56.4422229998073,-24.0329116999586,0
                  -56.4419569000714,-24.0331022001745,0
                  -56.4422574001097,-24.0336490996871,0
                  -56.4423975993866,-24.0338513001405,0
                </coordinates>
              </LinearRing>
            </outerBoundaryIs>
          </Polygon>
          <Polygon>
            <outerBoundaryIs>
              <LinearRing>
                <coordinates>
                  -56.4422951997822,-24.0328396999388,0
                  -56.4426317006736,-24.0326517006502,0
                  -56.4422264004342,-24.0317829004279,0
                  -56.4417066994854,-24.0319241005169,0
                  -56.4422951997822,-24.0328396999388,0
                </coordinates>
              </LinearRing>
            </outerBoundaryIs>
          </Polygon>
        </MultiGeometry>
      </Placemark>
      <Placemark id="Lote_I.116">
        <ExtendedData>
          <SchemaData schemaUrl="#Lote_I.schema">
            <SimpleData name="Cédula">3851313.00000000000</SimpleData>
            <SimpleData name="Nombres_y_">JULIANA VILLASANTI SALINAS</SimpleData>
            <SimpleData name="Sexo">Mujer</SimpleData>
            <SimpleData name="Cambio_de_">NO</SimpleData>
            <SimpleData name="Titular_se">NO</SimpleData>
            <SimpleData name="ci_UNIF">3851313.00000000000</SimpleData>
            <SimpleData name="Situación">NO</SimpleData>
            <SimpleData name="Comunidad">Campesina</SimpleData>
            <SimpleData name="Modelo_imp">Modelo 5</SimpleData>
            <SimpleData name="Departamen">SAN PEDRO</SimpleData>
            <SimpleData name="Distrito">LIMA</SimpleData>
            <SimpleData name="Localidad">YBYPE</SimpleData>
            <SimpleData name="Teléfono">0982854620</SimpleData>
            <SimpleData name="Vivienda_L">-24.01212960000</SimpleData>
            <SimpleData name="Vivienda_1">-56.45047450000</SimpleData>
            <SimpleData name="Superficie">0.70000000000</SimpleData>
            <SimpleData name="Situaci_1">Par?metro</SimpleData>
            <SimpleData name="Plantado">SI</SimpleData>
            <SimpleData name="Fecha_Plan">2026/05/28</SimpleData>
            <SimpleData name="Jornales">0.00000000000</SimpleData>
            <SimpleData name="Monto">0.00000000000</SimpleData>
            <SimpleData name="Grupo_de_p">I-GN-XX-XX-XX</SimpleData>
            <SimpleData name="Estado_del">Activo</SimpleData>
            <SimpleData name="Empresa">Emilio Sol?s Grance</SimpleData>
            <SimpleData name="Lote">I</SimpleData>
            <SimpleData name="Parametro">0.00000000000</SimpleData>
            <SimpleData name="Sup_SIG">0.71083057032</SimpleData>
            <SimpleData name="X">-56.44930616000</SimpleData>
            <SimpleData name="Y">-24.01160907000</SimpleData>
            <SimpleData name="cedula">3851313</SimpleData>
            <SimpleData name="Cédula_1">3851313.00000000000</SimpleData>
            <SimpleData name="Estado_d_1">Activo</SimpleData>
            <SimpleData name="OBJECTID_1">6150</SimpleData>
            <SimpleData name="Shape_Leng">410.81305054700</SimpleData>
            <SimpleData name="Shape_Area">7108.30570318000</SimpleData>
          </SchemaData>
        </ExtendedData>
        <Polygon>
          <outerBoundaryIs>
            <LinearRing>
              <coordinates>
                -56.4485012998336,-24.0115590003247,0
                -56.4499408995321,-24.0120319999548,0
                -56.4501666002566,-24.0116939998009,0
                -56.4486384992918,-24.0111682993272,0
                -56.4485012998336,-24.0115590003247,0
              </coordinates>
            </LinearRing>
          </outerBoundaryIs>
        </Polygon>
      </Placemark>
      <Placemark id="Lote_I.117">
        <ExtendedData>
          <SchemaData schemaUrl="#Lote_I.schema">
            <SimpleData name="Cédula">4027131.00000000000</SimpleData>
            <SimpleData name="Nombres_y_">IGNACIO GILBERTO CABALLERO ZACARIAS</SimpleData>
            <SimpleData name="Sexo">Hombre</SimpleData>
            <SimpleData name="Cambio_de_">NO</SimpleData>
            <SimpleData name="Titular_se">NO</SimpleData>
            <SimpleData name="ci_UNIF">4027131.00000000000</SimpleData>
            <SimpleData name="Situación">NO</SimpleData>
            <SimpleData name="Comunidad">Campesina</SimpleData>
            <SimpleData name="Modelo_imp">Modelo 5</SimpleData>
            <SimpleData name="Departamen">SAN PEDRO</SimpleData>
            <SimpleData name="Distrito">LIMA</SimpleData>
            <SimpleData name="Localidad">YBYPE</SimpleData>
            <SimpleData name="Teléfono">0984861425</SimpleData>
            <SimpleData name="Vivienda_L">-24.01256440000</SimpleData>
            <SimpleData name="Vivienda_1">-56.45101550000</SimpleData>
            <SimpleData name="Superficie">0.70000000000</SimpleData>
            <SimpleData name="Situaci_1">Par?metro</SimpleData>
            <SimpleData name="Plantado">SI</SimpleData>
            <SimpleData name="Fecha_Plan">2026/06/04</SimpleData>
            <SimpleData name="Jornales">0.00000000000</SimpleData>
            <SimpleData name="Monto">0.00000000000</SimpleData>
            <SimpleData name="Grupo_de_p">I-GN-XX-XX-XX</SimpleData>
            <SimpleData name="Estado_del">Activo</SimpleData>
            <SimpleData name="Empresa">Emilio Sol?s Grance</SimpleData>
            <SimpleData name="Lote">I</SimpleData>
            <SimpleData name="Parametro">0.00000000000</SimpleData>
            <SimpleData name="Sup_SIG">0.79457029418</SimpleData>
            <SimpleData name="X">-56.44655310000</SimpleData>
            <SimpleData name="Y">-24.01006201000</SimpleData>
            <SimpleData name="cedula">4027131</SimpleData>
            <SimpleData name="Cédula_1">4027131.00000000000</SimpleData>
            <SimpleData name="Estado_d_1">Activo</SimpleData>
            <SimpleData name="OBJECTID_1">6157</SimpleData>
            <SimpleData name="Shape_Leng">357.16084244100</SimpleData>
            <SimpleData name="Shape_Area">7945.70294176000</SimpleData>
          </SchemaData>
        </ExtendedData>
        <Polygon>
          <outerBoundaryIs>
            <LinearRing>
              <coordinates>
                -56.4460634995844,-24.010380800605,0
                -56.4468496993049,-24.0105686005596,0
                -56.4470758994568,-24.0097753003877,0
                -56.4462250002045,-24.0095482993796,0
                -56.4460634995844,-24.010380800605,0
              </coordinates>
            </LinearRing>
          </outerBoundaryIs>
        </Polygon>
      </Placemark>
      <Placemark id="Lote_I.118">
        <ExtendedData>
          <SchemaData schemaUrl="#Lote_I.schema">
            <SimpleData name="Cédula">4389920.00000000000</SimpleData>
            <SimpleData name="Nombres_y_">GLADYS VIRGINIA GIMENEZ GAONA</SimpleData>
            <SimpleData name="Sexo">Mujer</SimpleData>
            <SimpleData name="Cambio_de_">NO</SimpleData>
            <SimpleData name="Titular_se">NO</SimpleData>
            <SimpleData name="ci_UNIF">4389920.00000000000</SimpleData>
            <SimpleData name="Situación">NO</SimpleData>
            <SimpleData name="Comunidad">Campesina</SimpleData>
            <SimpleData name="Modelo_imp">Modelo 5</SimpleData>
            <SimpleData name="Departamen">SAN PEDRO</SimpleData>
            <SimpleData name="Distrito">LIMA</SimpleData>
            <SimpleData name="Localidad">YBYPE</SimpleData>
            <SimpleData name="Teléfono">0985551516</SimpleData>
            <SimpleData name="Vivienda_L">-24.04135100000</SimpleData>
            <SimpleData name="Vivienda_1">-56.46078580000</SimpleData>
            <SimpleData name="Superficie">0.70000000000</SimpleData>
            <SimpleData name="Situaci_1">Par?metro</SimpleData>
            <SimpleData name="Plantado">SI</SimpleData>
            <SimpleData name="Fecha_Plan">2026/05/26</SimpleData>
            <SimpleData name="Jornales">0.00000000000</SimpleData>
            <SimpleData name="Monto">0.00000000000</SimpleData>
            <SimpleData name="Grupo_de_p">I-GN-XX-XX-XX</SimpleData>
            <SimpleData name="Estado_del">Activo</SimpleData>
            <SimpleData name="Empresa">Emilio Sol?s Grance</SimpleData>
            <SimpleData name="Lote">I</SimpleData>
            <SimpleData name="Parametro">0.00000000000</SimpleData>
            <SimpleData name="Sup_SIG">0.85359397374</SimpleData>
            <SimpleData name="X">-56.45848008000</SimpleData>
            <SimpleData name="Y">-24.04055322000</SimpleData>
            <SimpleData name="cedula">4389920</SimpleData>
            <SimpleData name="Cédula_1">4389920.00000000000</SimpleData>
            <SimpleData name="Estado_d_1">Activo</SimpleData>
            <SimpleData name="OBJECTID_1">6115</SimpleData>
            <SimpleData name="Shape_Leng">500.32301704200</SimpleData>
            <SimpleData name="Shape_Area">8535.93973737000</SimpleData>
          </SchemaData>
        </ExtendedData>
        <Polygon>
          <outerBoundaryIs>
            <LinearRing>
              <coordinates>
                -56.4574593998188,-24.0404414998282,0
                -56.4593967001158,-24.041022600148,0
                -56.4595357004547,-24.0406885999202,0
                -56.4575668994932,-24.0400745008107,0
                -56.4574593998188,-24.0404414998282,0
              </coordinates>
            </LinearRing>
          </outerBoundaryIs>
        </Polygon>
      </Placemark>
      <Placemark id="Lote_I.119">
        <ExtendedData>
          <SchemaData schemaUrl="#Lote_I.schema">
            <SimpleData name="Cédula">4638521.00000000000</SimpleData>
            <SimpleData name="Nombres_y_">PERLA ZAYAS DE ALEGRE</SimpleData>
            <SimpleData name="Sexo">Mujer</SimpleData>
            <SimpleData name="Cambio_de_">NO</SimpleData>
            <SimpleData name="Titular_se">NO</SimpleData>
            <SimpleData name="ci_UNIF">4638521.00000000000</SimpleData>
            <SimpleData name="Situación">NO</SimpleData>
            <SimpleData name="Comunidad">Campesina</SimpleData>
            <SimpleData name="Modelo_imp">Modelo 5</SimpleData>
            <SimpleData name="Departamen">SAN PEDRO</SimpleData>
            <SimpleData name="Distrito">CHORE</SimpleData>
            <SimpleData name="Localidad">8 DE DICIEMBRE</SimpleData>
            <SimpleData name="Teléfono">0982006814</SimpleData>
            <SimpleData name="Vivienda_L">-24.14325120000</SimpleData>
            <SimpleData name="Vivienda_1">-56.62127610000</SimpleData>
            <SimpleData name="Superficie">0.70000000000</SimpleData>
            <SimpleData name="Situaci_1">Par?metro</SimpleData>
            <SimpleData name="Plantado">SI</SimpleData>
            <SimpleData name="Fecha_Plan">2026/06/02</SimpleData>
            <SimpleData name="Jornales">0.00000000000</SimpleData>
            <SimpleData name="Monto">0.00000000000</SimpleData>
            <SimpleData name="Grupo_de_p">I-GN-XX-XX-XX</SimpleData>
            <SimpleData name="Estado_del">Activo</SimpleData>
            <SimpleData name="Empresa">Emilio Sol?s Grance</SimpleData>
            <SimpleData name="Lote">I</SimpleData>
            <SimpleData name="Parametro">0.00000000000</SimpleData>
            <SimpleData name="Sup_SIG">0.74183488032</SimpleData>
            <SimpleData name="X">-56.61792166000</SimpleData>
            <SimpleData name="Y">-24.14474419000</SimpleData>
            <SimpleData name="cedula">4638521</SimpleData>
            <SimpleData name="Cédula_1">4638521.00000000000</SimpleData>
            <SimpleData name="Estado_d_1">Activo</SimpleData>
            <SimpleData name="OBJECTID_1">5982</SimpleData>
            <SimpleData name="Shape_Leng">519.07412678500</SimpleData>
            <SimpleData name="Shape_Area">7418.34880323000</SimpleData>
          </SchemaData>
        </ExtendedData>
        <MultiGeometry>
          <Polygon>
            <outerBoundaryIs>
              <LinearRing>
                <coordinates>
                  -56.6180631995028,-24.1451605999973,0
                  -56.618476700171,-24.1448166999573,0
                  -56.6177588002415,-24.1443140009749,0
                  -56.6173837000136,-24.144696400242,0
                  -56.6180631995028,-24.1451605999973,0
                </coordinates>
              </LinearRing>
            </outerBoundaryIs>
          </Polygon>
          <Polygon>
            <outerBoundaryIs>
              <LinearRing>
                <coordinates>
                  -56.6192117994561,-24.1440677003755,0
                  -56.6195958007722,-24.1436990003451,0
                  -56.6196786003204,-24.1433907002311,0
                  -56.6196192001032,-24.1432773995089,0
                  -56.618996800002,-24.1438729003549,0
                  -56.6192117994561,-24.1440677003755,0
                </coordinates>
              </LinearRing>
            </outerBoundaryIs>
          </Polygon>
        </MultiGeometry>
      </Placemark>
      <Placemark id="Lote_I.120">
        <ExtendedData>
          <SchemaData schemaUrl="#Lote_I.schema">
            <SimpleData name="Cédula">4702767.00000000000</SimpleData>
            <SimpleData name="Nombres_y_">ZULLI MABEL MORALES RODAS</SimpleData>
            <SimpleData name="Sexo">Mujer</SimpleData>
            <SimpleData name="Cambio_de_">NO</SimpleData>
            <SimpleData name="Titular_se">NO</SimpleData>
            <SimpleData name="ci_UNIF">4702767.00000000000</SimpleData>
            <SimpleData name="Situación">NO</SimpleData>
            <SimpleData name="Comunidad">Campesina</SimpleData>
            <SimpleData name="Modelo_imp">Modelo 5</SimpleData>
            <SimpleData name="Departamen">SAN PEDRO</SimpleData>
            <SimpleData name="Distrito">LIMA</SimpleData>
            <SimpleData name="Localidad">YBYPE</SimpleData>
            <SimpleData name="Teléfono">0986166202</SimpleData>
            <SimpleData name="Vivienda_L">-23.98198070000</SimpleData>
            <SimpleData name="Vivienda_1">-56.46215360000</SimpleData>
            <SimpleData name="Superficie">0.70000000000</SimpleData>
            <SimpleData name="Situaci_1">Par?metro</SimpleData>
            <SimpleData name="Plantado">SI</SimpleData>
            <SimpleData name="Fecha_Plan">2026/06/02</SimpleData>
            <SimpleData name="Jornales">0.00000000000</SimpleData>
            <SimpleData name="Monto">0.00000000000</SimpleData>
            <SimpleData name="Grupo_de_p">I-GN-XX-XX-XX</SimpleData>
            <SimpleData name="Estado_del">Activo</SimpleData>
            <SimpleData name="Empresa">Emilio Sol?s Grance</SimpleData>
            <SimpleData name="Lote">I</SimpleData>
            <SimpleData name="Parametro">0.00000000000</SimpleData>
            <SimpleData name="Sup_SIG">0.73550006723</SimpleData>
            <SimpleData name="X">-56.45435030000</SimpleData>
            <SimpleData name="Y">-23.98143245000</SimpleData>
            <SimpleData name="cedula">4702767</SimpleData>
            <SimpleData name="Cédula_1">4702767.00000000000</SimpleData>
            <SimpleData name="Estado_d_1">Activo</SimpleData>
            <SimpleData name="OBJECTID_1">6145</SimpleData>
            <SimpleData name="Shape_Leng">345.12397355300</SimpleData>
            <SimpleData name="Shape_Area">7355.00067231000</SimpleData>
          </SchemaData>
        </ExtendedData>
        <Polygon>
          <outerBoundaryIs>
            <LinearRing>
              <coordinates>
                -56.4537705991748,-23.9816092998554,0
                -56.4546844000087,-23.9818688995916,0
                -56.4549561000903,-23.9812593998239,0
                -56.4541587998822,-23.9809967000957,0
                -56.4540853007707,-23.9811426997323,0
                -56.4537920995666,-23.9812656994055,0
                -56.4537842999249,-23.9813128992371,0
                -56.4537705991748,-23.9816092998554,0
              </coordinates>
            </LinearRing>
          </outerBoundaryIs>
        </Polygon>
      </Placemark>
      <Placemark id="Lote_I.121">
        <ExtendedData>
          <SchemaData schemaUrl="#Lote_I.schema">
            <SimpleData name="Cédula">4939821.00000000000</SimpleData>
            <SimpleData name="Nombres_y_">LILIAN GRACIELA GONZALEZ</SimpleData>
            <SimpleData name="Sexo">Mujer</SimpleData>
            <SimpleData name="Cambio_de_">NO</SimpleData>
            <SimpleData name="Titular_se">NO</SimpleData>
            <SimpleData name="ci_UNIF">4939821.00000000000</SimpleData>
            <SimpleData name="Situación">NO</SimpleData>
            <SimpleData name="Comunidad">Campesina</SimpleData>
            <SimpleData name="Modelo_imp">Modelo 5</SimpleData>
            <SimpleData name="Departamen">SAN PEDRO</SimpleData>
            <SimpleData name="Distrito">CHORE</SimpleData>
            <SimpleData name="Localidad">SAN BLAS 2</SimpleData>
            <SimpleData name="Teléfono">0976149750</SimpleData>
            <SimpleData name="Vivienda_L">-24.11298500000</SimpleData>
            <SimpleData name="Vivienda_1">-56.66879960000</SimpleData>
            <SimpleData name="Superficie">0.70000000000</SimpleData>
            <SimpleData name="Situaci_1">Par?metro</SimpleData>
            <SimpleData name="Plantado">SI</SimpleData>
            <SimpleData name="Fecha_Plan">2026/06/02</SimpleData>
            <SimpleData name="Jornales">0.00000000000</SimpleData>
            <SimpleData name="Monto">0.00000000000</SimpleData>
            <SimpleData name="Grupo_de_p">I-GN-XX-XX-XX</SimpleData>
            <SimpleData name="Estado_del">Activo</SimpleData>
            <SimpleData name="Empresa">Emilio Sol?s Grance</SimpleData>
            <SimpleData name="Lote">I</SimpleData>
            <SimpleData name="Parametro">0.00000000000</SimpleData>
            <SimpleData name="Sup_SIG">0.72416203409</SimpleData>
            <SimpleData name="X">-56.69645925000</SimpleData>
            <SimpleData name="Y">-24.08992161000</SimpleData>
            <SimpleData name="cedula">4939821</SimpleData>
            <SimpleData name="Cédula_1">4939821.00000000000</SimpleData>
            <SimpleData name="Estado_d_1">Activo</SimpleData>
            <SimpleData name="OBJECTID_1">5980</SimpleData>
            <SimpleData name="Shape_Leng">342.70171035500</SimpleData>
            <SimpleData name="Shape_Area">7241.62034085000</SimpleData>
          </SchemaData>
        </ExtendedData>
        <Polygon>
          <outerBoundaryIs>
            <LinearRing>
              <coordinates>
                -56.6960484006999,-24.0895672999266,0
                -56.6960674997476,-24.0904097001401,0
                -56.6969667994197,-24.0901666999091,0
                -56.6967911005276,-24.0894805995376,0
                -56.6960484006999,-24.0895672999266,0
              </coordinates>
            </LinearRing>
          </outerBoundaryIs>
        </Polygon>
      </Placemark>
      <Placemark id="Lote_I.122">
        <ExtendedData>
          <SchemaData schemaUrl="#Lote_I.schema">
            <SimpleData name="Cédula">4985455.00000000000</SimpleData>
            <SimpleData name="Nombres_y_">GISSEL NOEMI LOPEZ MERCADO</SimpleData>
            <SimpleData name="Sexo">Mujer</SimpleData>
            <SimpleData name="Cambio_de_">NO</SimpleData>
            <SimpleData name="Titular_se">NO</SimpleData>
            <SimpleData name="ci_UNIF">4985455.00000000000</SimpleData>
            <SimpleData name="Comunidad">Campesina</SimpleData>
            <SimpleData name="Modelo_imp">Modelo 5</SimpleData>
            <SimpleData name="Departamen">SAN PEDRO</SimpleData>
            <SimpleData name="Distrito">CHORE</SimpleData>
            <SimpleData name="Localidad">LIBERACION NORTE</SimpleData>
            <SimpleData name="Teléfono">983414489</SimpleData>
            <SimpleData name="Vivienda_L">-24.14973250000</SimpleData>
            <SimpleData name="Vivienda_1">-56.65529420000</SimpleData>
            <SimpleData name="Superficie">0.70000000000</SimpleData>
            <SimpleData name="Situaci_1">Parametro</SimpleData>
            <SimpleData name="Plantado">SI</SimpleData>
            <SimpleData name="Fecha_Plan">2026/06/05</SimpleData>
            <SimpleData name="Jornales">0.00000000000</SimpleData>
            <SimpleData name="Monto">0.00000000000</SimpleData>
            <SimpleData name="Grupo_de_p">I-GN-XX-XX-XX</SimpleData>
            <SimpleData name="Estado_del">Activo</SimpleData>
            <SimpleData name="Empresa">Emilio Sol?s Grance</SimpleData>
            <SimpleData name="Lote">I</SimpleData>
            <SimpleData name="Parametro">0.00000000000</SimpleData>
            <SimpleData name="Sup_SIG">0.74142094669</SimpleData>
            <SimpleData name="X">-56.65943244000</SimpleData>
            <SimpleData name="Y">-24.15192769000</SimpleData>
            <SimpleData name="cedula">4985455</SimpleData>
            <SimpleData name="Cédula_1">4985455.00000000000</SimpleData>
            <SimpleData name="Estado_d_1">Activo</SimpleData>
            <SimpleData name="OBJECTID_1">6424</SimpleData>
            <SimpleData name="Shape_Leng">345.06210441000</SimpleData>
            <SimpleData name="Shape_Area">7414.20946686000</SimpleData>
          </SchemaData>
        </ExtendedData>
        <Polygon>
          <outerBoundaryIs>
            <LinearRing>
              <coordinates>
                -56.6588432999816,-24.1519582999018,0
                -56.6594016993482,-24.1524889995015,0
                -56.6600200001067,-24.1518988001446,0
                -56.6594661997037,-24.1513654007183,0
                -56.6588432999816,-24.1519582999018,0
              </coordinates>
            </LinearRing>
          </outerBoundaryIs>
        </Polygon>
      </Placemark>
      <Placemark id="Lote_I.123">
        <ExtendedData>
          <SchemaData schemaUrl="#Lote_I.schema">
            <SimpleData name="Cédula">5042588.00000000000</SimpleData>
            <SimpleData name="Nombres_y_">ROBERTO SANGUINA CABA?AS</SimpleData>
            <SimpleData name="Sexo">Hombre</SimpleData>
            <SimpleData name="Cambio_de_">NO</SimpleData>
            <SimpleData name="Titular_se">NO</SimpleData>
            <SimpleData name="ci_UNIF">5042588.00000000000</SimpleData>
            <SimpleData name="Situación">NO</SimpleData>
            <SimpleData name="Comunidad">Campesina</SimpleData>
            <SimpleData name="Modelo_imp">Modelo 5</SimpleData>
            <SimpleData name="Departamen">SAN PEDRO</SimpleData>
            <SimpleData name="Distrito">LIMA</SimpleData>
            <SimpleData name="Localidad">YBYPE</SimpleData>
            <SimpleData name="Teléfono">0975981106</SimpleData>
            <SimpleData name="Vivienda_L">-23.95483130000</SimpleData>
            <SimpleData name="Vivienda_1">-56.40646430000</SimpleData>
            <SimpleData name="Superficie">0.70000000000</SimpleData>
            <SimpleData name="Situaci_1">Par?metro</SimpleData>
            <SimpleData name="Plantado">SI</SimpleData>
            <SimpleData name="Fecha_Plan">2026/06/05</SimpleData>
            <SimpleData name="Jornales">0.00000000000</SimpleData>
            <SimpleData name="Monto">0.00000000000</SimpleData>
            <SimpleData name="Grupo_de_p">I-GN-XX-XX-XX</SimpleData>
            <SimpleData name="Estado_del">Activo</SimpleData>
            <SimpleData name="Empresa">Emilio Sol?s Grance</SimpleData>
            <SimpleData name="Lote">I</SimpleData>
            <SimpleData name="Parametro">0.00000000000</SimpleData>
            <SimpleData name="Sup_SIG">0.72319034487</SimpleData>
            <SimpleData name="X">-56.40656015000</SimpleData>
            <SimpleData name="Y">-23.95518492000</SimpleData>
            <SimpleData name="cedula">5042588</SimpleData>
            <SimpleData name="Cédula_1">5042588.00000000000</SimpleData>
            <SimpleData name="Estado_d_1">Activo</SimpleData>
            <SimpleData name="OBJECTID_1">6138</SimpleData>
            <SimpleData name="Shape_Leng">481.53044856800</SimpleData>
            <SimpleData name="Shape_Area">7231.90344873000</SimpleData>
          </SchemaData>
        </ExtendedData>
        <Polygon>
          <outerBoundaryIs>
            <LinearRing>
              <coordinates>
                -56.4058694993148,-23.9551158007423,0
                -56.4074057003573,-23.955691200321,0
                -56.4075168002422,-23.9553455999402,0
                -56.4061860995284,-23.9549229003938,0
                -56.4058199996933,-23.9546162002709,0
                -56.405573100519,-23.9547666997828,0
                -56.4058694993148,-23.9551158007423,0
              </coordinates>
            </LinearRing>
          </outerBoundaryIs>
        </Polygon>
      </Placemark>
      <Placemark id="Lote_I.124">
        <ExtendedData>
          <SchemaData schemaUrl="#Lote_I.schema">
            <SimpleData name="Cédula">5189695.00000000000</SimpleData>
            <SimpleData name="Nombres_y_">NILSON FRETES</SimpleData>
            <SimpleData name="Sexo">Hombre</SimpleData>
            <SimpleData name="Cambio_de_">NO</SimpleData>
            <SimpleData name="Titular_se">NO</SimpleData>
            <SimpleData name="ci_UNIF">5189695.00000000000</SimpleData>
            <SimpleData name="Situación">NO</SimpleData>
            <SimpleData name="Comunidad">Campesina</SimpleData>
            <SimpleData name="Modelo_imp">Modelo 5</SimpleData>
            <SimpleData name="Departamen">SAN PEDRO</SimpleData>
            <SimpleData name="Distrito">LIMA</SimpleData>
            <SimpleData name="Localidad">YBYPE</SimpleData>
            <SimpleData name="Teléfono">0972825656</SimpleData>
            <SimpleData name="Vivienda_L">-24.02164430000</SimpleData>
            <SimpleData name="Vivienda_1">-56.46815130000</SimpleData>
            <SimpleData name="Superficie">0.70000000000</SimpleData>
            <SimpleData name="Situaci_1">Par?metro</SimpleData>
            <SimpleData name="Plantado">SI</SimpleData>
            <SimpleData name="Fecha_Plan">2026/05/27</SimpleData>
            <SimpleData name="Jornales">0.00000000000</SimpleData>
            <SimpleData name="Monto">0.00000000000</SimpleData>
            <SimpleData name="Grupo_de_p">I-GN-XX-XX-XX</SimpleData>
            <SimpleData name="Estado_del">Activo</SimpleData>
            <SimpleData name="Empresa">Emilio Sol?s Grance</SimpleData>
            <SimpleData name="Lote">I</SimpleData>
            <SimpleData name="Parametro">0.00000000000</SimpleData>
            <SimpleData name="Sup_SIG">0.70114654370</SimpleData>
            <SimpleData name="X">-56.46185328000</SimpleData>
            <SimpleData name="Y">-24.01968904000</SimpleData>
            <SimpleData name="cedula">5189695</SimpleData>
            <SimpleData name="Cédula_1">5189695.00000000000</SimpleData>
            <SimpleData name="Estado_d_1">Activo</SimpleData>
            <SimpleData name="OBJECTID_1">6143</SimpleData>
            <SimpleData name="Shape_Leng">393.56072408100</SimpleData>
            <SimpleData name="Shape_Area">7011.46543696000</SimpleData>
          </SchemaData>
        </ExtendedData>
        <Polygon>
          <outerBoundaryIs>
            <LinearRing>
              <coordinates>
                -56.4615375997328,-24.0200888004505,0
                -56.4621115008259,-24.0203126996861,0
                -56.4622499993594,-24.019371700354,0
                -56.4613968999711,-24.0191078999165,0
                -56.4613428998159,-24.019349499373,0
                -56.4616529005404,-24.0194361000963,0
                -56.4615375997328,-24.0200888004505,0
              </coordinates>
            </LinearRing>
          </outerBoundaryIs>
        </Polygon>
      </Placemark>
      <Placemark id="Lote_I.125">
        <ExtendedData>
          <SchemaData schemaUrl="#Lote_I.schema">
            <SimpleData name="Cédula">5426288.00000000000</SimpleData>
            <SimpleData name="Nombres_y_">JUSTINO COLMAN ROMERO</SimpleData>
            <SimpleData name="Sexo">Hombre</SimpleData>
            <SimpleData name="Cambio_de_">NO</SimpleData>
            <SimpleData name="Titular_se">NO</SimpleData>
            <SimpleData name="ci_UNIF">5426288.00000000000</SimpleData>
            <SimpleData name="Situación">NO</SimpleData>
            <SimpleData name="Comunidad">Campesina</SimpleData>
            <SimpleData name="Modelo_imp">Modelo 5</SimpleData>
            <SimpleData name="Departamen">SAN PEDRO</SimpleData>
            <SimpleData name="Distrito">LIMA</SimpleData>
            <SimpleData name="Localidad">YBYPE</SimpleData>
            <SimpleData name="Teléfono">0992512716</SimpleData>
            <SimpleData name="Vivienda_L">-24.02018450000</SimpleData>
            <SimpleData name="Vivienda_1">-56.43691860000</SimpleData>
            <SimpleData name="Superficie">0.70000000000</SimpleData>
            <SimpleData name="Situaci_1">Par?metro</SimpleData>
            <SimpleData name="Plantado">SI</SimpleData>
            <SimpleData name="Fecha_Plan">2026/06/02</SimpleData>
            <SimpleData name="Jornales">0.00000000000</SimpleData>
            <SimpleData name="Monto">0.00000000000</SimpleData>
            <SimpleData name="Grupo_de_p">I-GN-XX-XX-XX</SimpleData>
            <SimpleData name="Estado_del">Activo</SimpleData>
            <SimpleData name="Empresa">Emilio Sol?s Grance</SimpleData>
            <SimpleData name="Lote">I</SimpleData>
            <SimpleData name="Parametro">0.00000000000</SimpleData>
            <SimpleData name="Sup_SIG">0.70582324469</SimpleData>
            <SimpleData name="X">-56.43641476000</SimpleData>
            <SimpleData name="Y">-24.02056995000</SimpleData>
            <SimpleData name="cedula">5426288</SimpleData>
            <SimpleData name="Cédula_1">5426288.00000000000</SimpleData>
            <SimpleData name="Estado_d_1">Activo</SimpleData>
            <SimpleData name="OBJECTID_1">6161</SimpleData>
            <SimpleData name="Shape_Leng">726.11511097000</SimpleData>
            <SimpleData name="Shape_Area">7058.23244685000</SimpleData>
          </SchemaData>
        </ExtendedData>
        <MultiGeometry>
          <Polygon>
            <outerBoundaryIs>
              <LinearRing>
                <coordinates>
                  -56.4365443003259,-24.0209043995613,0
                  -56.4368472991773,-24.0205169002849,0
                  -56.4366016005616,-24.0203334998265,0
                  -56.4368717000571,-24.020015000257,0
                  -56.4371592995168,-24.0197071996038,0
                  -56.4370656997301,-24.0195752996952,0
                  -56.4361676003786,-24.0206226001588,0
                  -56.4365443003259,-24.0209043995613,0
                </coordinates>
              </LinearRing>
            </outerBoundaryIs>
          </Polygon>
          <Polygon>
            <outerBoundaryIs>
              <LinearRing>
                <coordinates>
                  -56.4375073995843,-24.0199477004023,0
                  -56.4379763998237,-24.0191872004702,0
                  -56.4379207999911,-24.0188345003026,0
                  -56.4374617996258,-24.0190137995951,0
                  -56.4375025992552,-24.0191641004908,0
                  -56.4377637991459,-24.0192160002916,0
                  -56.4375969997326,-24.0195236006561,0
                  -56.4373300997099,-24.0196591002781,0
                  -56.4375073995843,-24.0199477004023,0
                </coordinates>
              </LinearRing>
            </outerBoundaryIs>
          </Polygon>
        </MultiGeometry>
      </Placemark>
      <Placemark id="Lote_I.126">
        <ExtendedData>
          <SchemaData schemaUrl="#Lote_I.schema">
            <SimpleData name="Cédula">5469994.00000000000</SimpleData>
            <SimpleData name="Nombres_y_">FLORENCIO COLMAN ROMERO</SimpleData>
            <SimpleData name="Sexo">Hombre</SimpleData>
            <SimpleData name="Cambio_de_">NO</SimpleData>
            <SimpleData name="Titular_se">NO</SimpleData>
            <SimpleData name="ci_UNIF">5469994.00000000000</SimpleData>
            <SimpleData name="Situación">NO</SimpleData>
            <SimpleData name="Comunidad">Campesina</SimpleData>
            <SimpleData name="Modelo_imp">Modelo 5</SimpleData>
            <SimpleData name="Departamen">SAN PEDRO</SimpleData>
            <SimpleData name="Distrito">LIMA</SimpleData>
            <SimpleData name="Localidad">YBYPE</SimpleData>
            <SimpleData name="Teléfono">0984004105</SimpleData>
            <SimpleData name="Vivienda_L">-24.01580700000</SimpleData>
            <SimpleData name="Vivienda_1">-56.44996700000</SimpleData>
            <SimpleData name="Superficie">0.70000000000</SimpleData>
            <SimpleData name="Situaci_1">Par?metro</SimpleData>
            <SimpleData name="Plantado">SI</SimpleData>
            <SimpleData name="Fecha_Plan">2026/06/03</SimpleData>
            <SimpleData name="Jornales">0.00000000000</SimpleData>
            <SimpleData name="Monto">0.00000000000</SimpleData>
            <SimpleData name="Grupo_de_p">I-GN-XX-XX-XX</SimpleData>
            <SimpleData name="Estado_del">Activo</SimpleData>
            <SimpleData name="Empresa">Emilio Sol?s Grance</SimpleData>
            <SimpleData name="Lote">I</SimpleData>
            <SimpleData name="Parametro">0.00000000000</SimpleData>
            <SimpleData name="Sup_SIG">0.77722216382</SimpleData>
            <SimpleData name="X">-56.45096490000</SimpleData>
            <SimpleData name="Y">-23.99150827000</SimpleData>
            <SimpleData name="cedula">5469994</SimpleData>
            <SimpleData name="Cédula_1">5469994.00000000000</SimpleData>
            <SimpleData name="Estado_d_1">Activo</SimpleData>
            <SimpleData name="OBJECTID_1">6165</SimpleData>
            <SimpleData name="Shape_Leng">552.96471567800</SimpleData>
            <SimpleData name="Shape_Area">7772.22163819000</SimpleData>
          </SchemaData>
        </ExtendedData>
        <Polygon>
          <outerBoundaryIs>
            <LinearRing>
              <coordinates>
                -56.4497846999844,-23.991276000435,0
                -56.4520912006131,-23.9920261999983,0
                -56.4521225995918,-23.9917409003521,0
                -56.4499105002606,-23.991002199874,0
                -56.4497846999844,-23.991276000435,0
              </coordinates>
            </LinearRing>
          </outerBoundaryIs>
        </Polygon>
      </Placemark>
      <Placemark id="Lote_I.127">
        <ExtendedData>
          <SchemaData schemaUrl="#Lote_I.schema">
            <SimpleData name="Cédula">5585336.00000000000</SimpleData>
            <SimpleData name="Nombres_y_">LETICIA ISABEL JACQUET FERNANDEZ</SimpleData>
            <SimpleData name="Sexo">Mujer</SimpleData>
            <SimpleData name="Cambio_de_">NO</SimpleData>
            <SimpleData name="Titular_se">NO</SimpleData>
            <SimpleData name="ci_UNIF">5585336.00000000000</SimpleData>
            <SimpleData name="Situación">NO</SimpleData>
            <SimpleData name="Comunidad">Campesina</SimpleData>
            <SimpleData name="Modelo_imp">Modelo 5</SimpleData>
            <SimpleData name="Departamen">SAN PEDRO</SimpleData>
            <SimpleData name="Distrito">LIMA</SimpleData>
            <SimpleData name="Localidad">YBYPE</SimpleData>
            <SimpleData name="Teléfono">0976597962</SimpleData>
            <SimpleData name="Vivienda_L">-24.01336610000</SimpleData>
            <SimpleData name="Vivienda_1">-56.47109700000</SimpleData>
            <SimpleData name="Superficie">0.70000000000</SimpleData>
            <SimpleData name="Situaci_1">Par?metro</SimpleData>
            <SimpleData name="Plantado">SI</SimpleData>
            <SimpleData name="Fecha_Plan">2026/06/04</SimpleData>
            <SimpleData name="Jornales">0.00000000000</SimpleData>
            <SimpleData name="Monto">0.00000000000</SimpleData>
            <SimpleData name="Grupo_de_p">I-GN-XX-XX-XX</SimpleData>
            <SimpleData name="Estado_del">Activo</SimpleData>
            <SimpleData name="Empresa">Emilio Sol?s Grance</SimpleData>
            <SimpleData name="Lote">I</SimpleData>
            <SimpleData name="Parametro">0.00000000000</SimpleData>
            <SimpleData name="Sup_SIG">0.74624375676</SimpleData>
            <SimpleData name="X">-56.46943274000</SimpleData>
            <SimpleData name="Y">-24.01146191000</SimpleData>
            <SimpleData name="cedula">5585336</SimpleData>
            <SimpleData name="Cédula_1">5585336.00000000000</SimpleData>
            <SimpleData name="Estado_d_1">Activo</SimpleData>
            <SimpleData name="OBJECTID_1">6116</SimpleData>
            <SimpleData name="Shape_Leng">442.59465655200</SimpleData>
            <SimpleData name="Shape_Area">7462.43756760000</SimpleData>
          </SchemaData>
        </ExtendedData>
        <Polygon>
          <outerBoundaryIs>
            <LinearRing>
              <coordinates>
                -56.469415426344,-24.011580544391,0
                -56.4694347999167,-24.0122596002858,0
                -56.4694370003025,-24.0122498000397,0
                -56.4696168997754,-24.0123771996172,0
                -56.4698526004244,-24.0111213006294,0
                -56.4690174991779,-24.0108951999916,0
                -56.4689016999415,-24.0114066999223,0
                -56.469415426344,-24.011580544391,0
              </coordinates>
            </LinearRing>
          </outerBoundaryIs>
        </Polygon>
      </Placemark>
      <Placemark id="Lote_I.128">
        <ExtendedData>
          <SchemaData schemaUrl="#Lote_I.schema">
            <SimpleData name="Cédula">5622992.00000000000</SimpleData>
            <SimpleData name="Nombres_y_">BRUNILDA CABRERA MARTINEZ</SimpleData>
            <SimpleData name="Sexo">Mujer</SimpleData>
            <SimpleData name="Cambio_de_">NO</SimpleData>
            <SimpleData name="Titular_se">NO</SimpleData>
            <SimpleData name="ci_UNIF">5622992.00000000000</SimpleData>
            <SimpleData name="Situación">NO</SimpleData>
            <SimpleData name="Comunidad">Campesina</SimpleData>
            <SimpleData name="Modelo_imp">Modelo 5</SimpleData>
            <SimpleData name="Departamen">SAN PEDRO</SimpleData>
            <SimpleData name="Distrito">LIMA</SimpleData>
            <SimpleData name="Localidad">YBYPE</SimpleData>
            <SimpleData name="Teléfono">0984837202</SimpleData>
            <SimpleData name="Vivienda_L">-24.04556070000</SimpleData>
            <SimpleData name="Vivienda_1">-56.45903350000</SimpleData>
            <SimpleData name="Superficie">0.70000000000</SimpleData>
            <SimpleData name="Situaci_1">Par?metro</SimpleData>
            <SimpleData name="Plantado">SI</SimpleData>
            <SimpleData name="Fecha_Plan">2026/05/25</SimpleData>
            <SimpleData name="Jornales">0.00000000000</SimpleData>
            <SimpleData name="Monto">0.00000000000</SimpleData>
            <SimpleData name="Grupo_de_p">I-GN-XX-XX-XX</SimpleData>
            <SimpleData name="Estado_del">Activo</SimpleData>
            <SimpleData name="Empresa">Emilio Sol?s Grance</SimpleData>
            <SimpleData name="Lote">I</SimpleData>
            <SimpleData name="Parametro">0.00000000000</SimpleData>
            <SimpleData name="Sup_SIG">0.76293458681</SimpleData>
            <SimpleData name="X">-56.45687916000</SimpleData>
            <SimpleData name="Y">-24.04490746000</SimpleData>
            <SimpleData name="cedula">5622992</SimpleData>
            <SimpleData name="Cédula_1">5622992.00000000000</SimpleData>
            <SimpleData name="Estado_d_1">Activo</SimpleData>
            <SimpleData name="OBJECTID_1">6118</SimpleData>
            <SimpleData name="Shape_Leng">415.80860576700</SimpleData>
            <SimpleData name="Shape_Area">7629.34586806000</SimpleData>
          </SchemaData>
        </ExtendedData>
        <Polygon>
          <outerBoundaryIs>
            <LinearRing>
              <coordinates>
                -56.4570664390367,-24.0447288753171,0
                -56.4570632998116,-24.0447449997872,0
                -56.456674060108,-24.0446084503482,0
                -56.4562499995601,-24.0444783000641,0
                -56.4560371001273,-24.0448717998404,0
                -56.4575714996167,-24.0453509001976,0
                -56.4576553005596,-24.0449096000009,0
                -56.4570664390367,-24.0447288753171,0
              </coordinates>
            </LinearRing>
          </outerBoundaryIs>
        </Polygon>
      </Placemark>
      <Placemark id="Lote_I.129">
        <ExtendedData>
          <SchemaData schemaUrl="#Lote_I.schema">
            <SimpleData name="Cédula">5636828.00000000000</SimpleData>
            <SimpleData name="Nombres_y_">JOSEFINA SILVA SILVA</SimpleData>
            <SimpleData name="Sexo">Mujer</SimpleData>
            <SimpleData name="Cambio_de_">NO</SimpleData>
            <SimpleData name="Titular_se">NO</SimpleData>
            <SimpleData name="ci_UNIF">5636828.00000000000</SimpleData>
            <SimpleData name="Situación">NO</SimpleData>
            <SimpleData name="Comunidad">Campesina</SimpleData>
            <SimpleData name="Modelo_imp">Modelo 5</SimpleData>
            <SimpleData name="Departamen">SAN PEDRO</SimpleData>
            <SimpleData name="Distrito">LIMA</SimpleData>
            <SimpleData name="Localidad">SGTO MONTANIA</SimpleData>
            <SimpleData name="Teléfono">0987163947</SimpleData>
            <SimpleData name="Vivienda_L">-23.94935190000</SimpleData>
            <SimpleData name="Vivienda_1">-56.44056390000</SimpleData>
            <SimpleData name="Superficie">0.70000000000</SimpleData>
            <SimpleData name="Situaci_1">Par?metro</SimpleData>
            <SimpleData name="Plantado">SI</SimpleData>
            <SimpleData name="Fecha_Plan">2026/06/02</SimpleData>
            <SimpleData name="Jornales">0.00000000000</SimpleData>
            <SimpleData name="Monto">0.00000000000</SimpleData>
            <SimpleData name="Grupo_de_p">I-GN-XX-XX-XX</SimpleData>
            <SimpleData name="Estado_del">Activo</SimpleData>
            <SimpleData name="Empresa">Emilio Sol?s Grance</SimpleData>
            <SimpleData name="Lote">I</SimpleData>
            <SimpleData name="Parametro">0.00000000000</SimpleData>
            <SimpleData name="Sup_SIG">0.78210677134</SimpleData>
            <SimpleData name="X">-56.44514885000</SimpleData>
            <SimpleData name="Y">-24.02413521000</SimpleData>
            <SimpleData name="cedula">5636828</SimpleData>
            <SimpleData name="Cédula_1">5636828.00000000000</SimpleData>
            <SimpleData name="Estado_d_1">Activo</SimpleData>
            <SimpleData name="OBJECTID_1">6152</SimpleData>
            <SimpleData name="Shape_Leng">398.26271401700</SimpleData>
            <SimpleData name="Shape_Area">7821.06771342000</SimpleData>
          </SchemaData>
        </ExtendedData>
        <Polygon>
          <outerBoundaryIs>
            <LinearRing>
              <coordinates>
                -56.4443475000878,-24.0241323998053,0
                -56.4456586001399,-24.0245750995876,0
                -56.4459033999977,-24.0240148998331,0
                -56.4451002993881,-24.0238780003946,0
                -56.4444887003685,-24.0237671999574,0
                -56.4443475000878,-24.0241323998053,0
              </coordinates>
            </LinearRing>
          </outerBoundaryIs>
        </Polygon>
      </Placemark>
      <Placemark id="Lote_I.130">
        <ExtendedData>
          <SchemaData schemaUrl="#Lote_I.schema">
            <SimpleData name="Cédula">5654706.00000000000</SimpleData>
            <SimpleData name="Nombres_y_">INOCENCIO MARTINEZ MOREL</SimpleData>
            <SimpleData name="Sexo">Hombre</SimpleData>
            <SimpleData name="Cambio_de_">NO</SimpleData>
            <SimpleData name="Titular_se">NO</SimpleData>
            <SimpleData name="ci_UNIF">5654706.00000000000</SimpleData>
            <SimpleData name="Situación">NO</SimpleData>
            <SimpleData name="Comunidad">Campesina</SimpleData>
            <SimpleData name="Modelo_imp">Modelo 5</SimpleData>
            <SimpleData name="Departamen">SAN PEDRO</SimpleData>
            <SimpleData name="Distrito">CHORE</SimpleData>
            <SimpleData name="Localidad">8 DE DICIEMBRE</SimpleData>
            <SimpleData name="Teléfono">0975485139</SimpleData>
            <SimpleData name="Vivienda_L">-24.14757740000</SimpleData>
            <SimpleData name="Vivienda_1">-56.62508210000</SimpleData>
            <SimpleData name="Superficie">0.70000000000</SimpleData>
            <SimpleData name="Situaci_1">Par?metro</SimpleData>
            <SimpleData name="Plantado">SI</SimpleData>
            <SimpleData name="Fecha_Plan">2026/06/02</SimpleData>
            <SimpleData name="Jornales">0.00000000000</SimpleData>
            <SimpleData name="Monto">0.00000000000</SimpleData>
            <SimpleData name="Grupo_de_p">I-GN-XX-XX-XX</SimpleData>
            <SimpleData name="Estado_del">Activo</SimpleData>
            <SimpleData name="Empresa">Emilio Sol?s Grance</SimpleData>
            <SimpleData name="Lote">I</SimpleData>
            <SimpleData name="Parametro">0.00000000000</SimpleData>
            <SimpleData name="Sup_SIG">0.80168814075</SimpleData>
            <SimpleData name="X">-56.62208570000</SimpleData>
            <SimpleData name="Y">-24.15079860000</SimpleData>
            <SimpleData name="cedula">5654706</SimpleData>
            <SimpleData name="Cédula_1">5654706.00000000000</SimpleData>
            <SimpleData name="Estado_d_1">Activo</SimpleData>
            <SimpleData name="OBJECTID_1">5991</SimpleData>
            <SimpleData name="Shape_Leng">565.16407691200</SimpleData>
            <SimpleData name="Shape_Area">8016.88140753000</SimpleData>
          </SchemaData>
        </ExtendedData>
        <Polygon>
          <outerBoundaryIs>
            <LinearRing>
              <coordinates>
                -56.6211655004827,-24.1515419000503,0
                -56.6213569003428,-24.1517433004162,0
                -56.6230423997418,-24.1500500995119,0
                -56.6228146002045,-24.1498624003839,0
                -56.6212681005433,-24.151395099665,0
                -56.6211655004827,-24.1515419000503,0
              </coordinates>
            </LinearRing>
          </outerBoundaryIs>
        </Polygon>
      </Placemark>
      <Placemark id="Lote_I.131">
        <ExtendedData>
          <SchemaData schemaUrl="#Lote_I.schema">
            <SimpleData name="Cédula">5751953.00000000000</SimpleData>
            <SimpleData name="Nombres_y_">DIANA ELIZABETH LEDEZMA FERNANDEZ</SimpleData>
            <SimpleData name="Sexo">Mujer</SimpleData>
            <SimpleData name="Cambio_de_">NO</SimpleData>
            <SimpleData name="Titular_se">NO</SimpleData>
            <SimpleData name="ci_UNIF">5751953.00000000000</SimpleData>
            <SimpleData name="Situación">NO</SimpleData>
            <SimpleData name="Comunidad">Campesina</SimpleData>
            <SimpleData name="Modelo_imp">Modelo 5</SimpleData>
            <SimpleData name="Departamen">SAN PEDRO</SimpleData>
            <SimpleData name="Distrito">LIMA</SimpleData>
            <SimpleData name="Localidad">ASENTAMIENTO SAN PABLO</SimpleData>
            <SimpleData name="Teléfono">0983681780</SimpleData>
            <SimpleData name="Vivienda_L">-24.00736650000</SimpleData>
            <SimpleData name="Vivienda_1">-56.43104930000</SimpleData>
            <SimpleData name="Superficie">0.70000000000</SimpleData>
            <SimpleData name="Situaci_1">Par?metro</SimpleData>
            <SimpleData name="Plantado">SI</SimpleData>
            <SimpleData name="Fecha_Plan">2026/06/02</SimpleData>
            <SimpleData name="Jornales">0.00000000000</SimpleData>
            <SimpleData name="Monto">0.00000000000</SimpleData>
            <SimpleData name="Grupo_de_p">I-GN-XX-XX-XX</SimpleData>
            <SimpleData name="Estado_del">Activo</SimpleData>
            <SimpleData name="Empresa">Emilio Sol?s Grance</SimpleData>
            <SimpleData name="Lote">I</SimpleData>
            <SimpleData name="Parametro">0.00000000000</SimpleData>
            <SimpleData name="Sup_SIG">0.76183277063</SimpleData>
            <SimpleData name="X">-56.43056617000</SimpleData>
            <SimpleData name="Y">-24.00864773000</SimpleData>
            <SimpleData name="cedula">5751953</SimpleData>
            <SimpleData name="Cédula_1">5751953.00000000000</SimpleData>
            <SimpleData name="Estado_d_1">Activo</SimpleData>
            <SimpleData name="OBJECTID_1">6173</SimpleData>
            <SimpleData name="Shape_Leng">387.72127052800</SimpleData>
            <SimpleData name="Shape_Area">7618.32770633000</SimpleData>
          </SchemaData>
        </ExtendedData>
        <Polygon>
          <outerBoundaryIs>
            <LinearRing>
              <coordinates>
                -56.4309518003364,-24.0080321997349,0
                -56.430752399263,-24.0082102997895,0
                -56.4306429998309,-24.0081473000796,0
                -56.4299344991211,-24.0089173001719,0
                -56.4303659998839,-24.009281800081,0
                -56.4311853003961,-24.0083468996155,0
                -56.4309518003364,-24.0080321997349,0
              </coordinates>
            </LinearRing>
          </outerBoundaryIs>
        </Polygon>
      </Placemark>
      <Placemark id="Lote_I.132">
        <ExtendedData>
          <SchemaData schemaUrl="#Lote_I.schema">
            <SimpleData name="Cédula">5766336.00000000000</SimpleData>
            <SimpleData name="Nombres_y_">MARIO FRANCISCO CUBA VILLALBA</SimpleData>
            <SimpleData name="Sexo">Hombre</SimpleData>
            <SimpleData name="Cambio_de_">NO</SimpleData>
            <SimpleData name="Titular_se">NO</SimpleData>
            <SimpleData name="ci_UNIF">5766336.00000000000</SimpleData>
            <SimpleData name="Situación">NO</SimpleData>
            <SimpleData name="Comunidad">Campesina</SimpleData>
            <SimpleData name="Modelo_imp">Modelo 1</SimpleData>
            <SimpleData name="Departamen">SAN PEDRO</SimpleData>
            <SimpleData name="Distrito">LIMA</SimpleData>
            <SimpleData name="Localidad">NARANJATY</SimpleData>
            <SimpleData name="Teléfono">0984345799</SimpleData>
            <SimpleData name="Vivienda_L">-23.99185040000</SimpleData>
            <SimpleData name="Vivienda_1">-56.49301220000</SimpleData>
            <SimpleData name="Superficie">0.80000000000</SimpleData>
            <SimpleData name="Situaci_1">Par?metro</SimpleData>
            <SimpleData name="Plantado">SI</SimpleData>
            <SimpleData name="Fecha_Plan">2026/06/12</SimpleData>
            <SimpleData name="Jornales">0.00000000000</SimpleData>
            <SimpleData name="Monto">0.00000000000</SimpleData>
            <SimpleData name="Grupo_de_p">I-GN-XX-XX-XX</SimpleData>
            <SimpleData name="Estado_del">Activo</SimpleData>
            <SimpleData name="Empresa">Emilio Sol?s Grance</SimpleData>
            <SimpleData name="Lote">I</SimpleData>
            <SimpleData name="Parametro">0.00000000000</SimpleData>
            <SimpleData name="Sup_SIG">0.96871279156</SimpleData>
            <SimpleData name="X">-56.50409634000</SimpleData>
            <SimpleData name="Y">-23.97924259000</SimpleData>
            <SimpleData name="cedula">5766336</SimpleData>
            <SimpleData name="Cédula_1">5766336.00000000000</SimpleData>
            <SimpleData name="Estado_d_1">Activo</SimpleData>
            <SimpleData name="OBJECTID_1">6142</SimpleData>
            <SimpleData name="Shape_Leng">516.73461474800</SimpleData>
            <SimpleData name="Shape_Area">9687.12791557000</SimpleData>
          </SchemaData>
        </ExtendedData>
        <Polygon>
          <outerBoundaryIs>
            <LinearRing>
              <coordinates>
                -56.5029647994868,-23.9792552997595,0
                -56.5032140998881,-23.9795800003797,0
                -56.5035979997624,-23.9794358001739,0
                -56.5037949003856,-23.9796552998374,0
                -56.5040576001785,-23.9796050998676,0
                -56.5042715004179,-23.9794253002715,0
                -56.5050238999016,-23.9792895999116,0
                -56.5049006997462,-23.9787869001385,0
                -56.5043328996706,-23.9789104006455,0
                -56.5041786003336,-23.9790531997431,0
                -56.5037508003867,-23.9791046002015,0
                -56.5029647994868,-23.9792552997595,0
              </coordinates>
            </LinearRing>
          </outerBoundaryIs>
        </Polygon>
      </Placemark>
      <Placemark id="Lote_I.133">
        <ExtendedData>
          <SchemaData schemaUrl="#Lote_I.schema">
            <SimpleData name="Cédula">5818490.00000000000</SimpleData>
            <SimpleData name="Nombres_y_">MARTHA ASUNCION MARTINEZ ALBERT</SimpleData>
            <SimpleData name="Sexo">Mujer</SimpleData>
            <SimpleData name="Cambio_de_">NO</SimpleData>
            <SimpleData name="Titular_se">NO</SimpleData>
            <SimpleData name="ci_UNIF">5818490.00000000000</SimpleData>
            <SimpleData name="Situación">NO</SimpleData>
            <SimpleData name="Comunidad">Campesina</SimpleData>
            <SimpleData name="Modelo_imp">Modelo 5</SimpleData>
            <SimpleData name="Departamen">SAN PEDRO</SimpleData>
            <SimpleData name="Distrito">LIMA</SimpleData>
            <SimpleData name="Localidad">YBYPE</SimpleData>
            <SimpleData name="Teléfono">0985440706</SimpleData>
            <SimpleData name="Vivienda_L">-24.04513300000</SimpleData>
            <SimpleData name="Vivienda_1">-56.45940510000</SimpleData>
            <SimpleData name="Superficie">0.70000000000</SimpleData>
            <SimpleData name="Situaci_1">Par?metro</SimpleData>
            <SimpleData name="Plantado">SI</SimpleData>
            <SimpleData name="Fecha_Plan">2026/05/25</SimpleData>
            <SimpleData name="Jornales">0.00000000000</SimpleData>
            <SimpleData name="Monto">0.00000000000</SimpleData>
            <SimpleData name="Grupo_de_p">I-GN-XX-XX-XX</SimpleData>
            <SimpleData name="Estado_del">Activo</SimpleData>
            <SimpleData name="Empresa">Emilio Sol?s Grance</SimpleData>
            <SimpleData name="Lote">I</SimpleData>
            <SimpleData name="Parametro">0.00000000000</SimpleData>
            <SimpleData name="Sup_SIG">0.76117964161</SimpleData>
            <SimpleData name="X">-56.45673221000</SimpleData>
            <SimpleData name="Y">-24.04436637000</SimpleData>
            <SimpleData name="cedula">5818490</SimpleData>
            <SimpleData name="Cédula_1">5818490.00000000000</SimpleData>
            <SimpleData name="Estado_d_1">Activo</SimpleData>
            <SimpleData name="OBJECTID_1">6125</SimpleData>
            <SimpleData name="Shape_Leng">592.50326043800</SimpleData>
            <SimpleData name="Shape_Area">7611.79641612000</SimpleData>
          </SchemaData>
        </ExtendedData>
        <MultiGeometry>
          <Polygon>
            <outerBoundaryIs>
              <LinearRing>
                <coordinates>
                  -56.4593706997091,-24.0453056007332,0
                  -56.4594116000533,-24.045138599607,0
                  -56.4581663997387,-24.0447175004542,0
                  -56.458093199903,-24.0449461998771,0
                  -56.4593706997091,-24.0453056007332,0
                </coordinates>
              </LinearRing>
            </outerBoundaryIs>
          </Polygon>
          <Polygon>
            <outerBoundaryIs>
              <LinearRing>
                <coordinates>
                  -56.4570632998116,-24.0447449997872,0
                  -56.4570664390367,-24.0447288753171,0
                  -56.4571608997907,-24.044243699766,0
                  -56.4564362997014,-24.0439943000968,0
                  -56.456270000375,-24.0444666999878,0
                  -56.456674060108,-24.0446084503482,0
                  -56.4570632998116,-24.0447449997872,0
                </coordinates>
              </LinearRing>
            </outerBoundaryIs>
          </Polygon>
        </MultiGeometry>
      </Placemark>
      <Placemark id="Lote_I.134">
        <ExtendedData>
          <SchemaData schemaUrl="#Lote_I.schema">
            <SimpleData name="Cédula">6000174.00000000000</SimpleData>
            <SimpleData name="Nombres_y_">ELVIO CUBA VILLALBA</SimpleData>
            <SimpleData name="Sexo">Hombre</SimpleData>
            <SimpleData name="Cambio_de_">NO</SimpleData>
            <SimpleData name="Titular_se">NO</SimpleData>
            <SimpleData name="ci_UNIF">6000174.00000000000</SimpleData>
            <SimpleData name="Situación">NO</SimpleData>
            <SimpleData name="Comunidad">Campesina</SimpleData>
            <SimpleData name="Modelo_imp">Modelo 1</SimpleData>
            <SimpleData name="Departamen">SAN PEDRO</SimpleData>
            <SimpleData name="Distrito">LIMA</SimpleData>
            <SimpleData name="Localidad">NI?O MARTIR  (SANGUINA CUE)</SimpleData>
            <SimpleData name="Teléfono">0984176583</SimpleData>
            <SimpleData name="Vivienda_L">-23.98893890000</SimpleData>
            <SimpleData name="Vivienda_1">-56.50318300000</SimpleData>
            <SimpleData name="Superficie">0.80000000000</SimpleData>
            <SimpleData name="Situaci_1">Par?metro</SimpleData>
            <SimpleData name="Plantado">SI</SimpleData>
            <SimpleData name="Fecha_Plan">2026/06/12</SimpleData>
            <SimpleData name="Jornales">0.00000000000</SimpleData>
            <SimpleData name="Monto">0.00000000000</SimpleData>
            <SimpleData name="Grupo_de_p">I-GN-XX-XX-XX</SimpleData>
            <SimpleData name="Estado_del">Activo</SimpleData>
            <SimpleData name="Empresa">Emilio Sol?s Grance</SimpleData>
            <SimpleData name="Lote">I</SimpleData>
            <SimpleData name="Parametro">0.00000000000</SimpleData>
            <SimpleData name="Sup_SIG">0.85938671915</SimpleData>
            <SimpleData name="X">-56.50495080000</SimpleData>
            <SimpleData name="Y">-23.98066148000</SimpleData>
            <SimpleData name="cedula">6000174</SimpleData>
            <SimpleData name="Cédula_1">6000174.00000000000</SimpleData>
            <SimpleData name="Estado_d_1">Activo</SimpleData>
            <SimpleData name="OBJECTID_1">6122</SimpleData>
            <SimpleData name="Shape_Leng">496.23896158100</SimpleData>
            <SimpleData name="Shape_Area">8593.86719147000</SimpleData>
          </SchemaData>
        </ExtendedData>
        <Polygon>
          <outerBoundaryIs>
            <LinearRing>
              <coordinates>
                -56.5041629000335,-23.9805497996382,0
                -56.5042116998429,-23.9810900000226,0
                -56.5048727994253,-23.9810546003247,0
                -56.5054571003609,-23.9805685996946,0
                -56.5058573996051,-23.9805466995981,0
                -56.5060178006904,-23.9802283004291,0
                -56.5052010001581,-23.9802868002941,0
                -56.5051765002134,-23.9804873997396,0
                -56.5041629000335,-23.9805497996382,0
              </coordinates>
            </LinearRing>
          </outerBoundaryIs>
        </Polygon>
      </Placemark>
      <Placemark id="Lote_I.135">
        <ExtendedData>
          <SchemaData schemaUrl="#Lote_I.schema">
            <SimpleData name="Cédula">6000178.00000000000</SimpleData>
            <SimpleData name="Nombres_y_">NIDIA ROSANA TORRES COHENE</SimpleData>
            <SimpleData name="Sexo">Mujer</SimpleData>
            <SimpleData name="Cambio_de_">NO</SimpleData>
            <SimpleData name="Titular_se">NO</SimpleData>
            <SimpleData name="ci_UNIF">6000178.00000000000</SimpleData>
            <SimpleData name="Situación">NO</SimpleData>
            <SimpleData name="Comunidad">Campesina</SimpleData>
            <SimpleData name="Modelo_imp">Modelo 5</SimpleData>
            <SimpleData name="Departamen">SAN PEDRO</SimpleData>
            <SimpleData name="Distrito">LIMA</SimpleData>
            <SimpleData name="Localidad">ASENTAMIENTO SAN PABLO</SimpleData>
            <SimpleData name="Teléfono">0975340219</SimpleData>
            <SimpleData name="Vivienda_L">-24.01137950000</SimpleData>
            <SimpleData name="Vivienda_1">-56.43340130000</SimpleData>
            <SimpleData name="Superficie">0.70000000000</SimpleData>
            <SimpleData name="Situaci_1">Par?metro</SimpleData>
            <SimpleData name="Plantado">SI</SimpleData>
            <SimpleData name="Fecha_Plan">2026/06/05</SimpleData>
            <SimpleData name="Jornales">0.00000000000</SimpleData>
            <SimpleData name="Monto">0.00000000000</SimpleData>
            <SimpleData name="Grupo_de_p">I-GN-XX-XX-XX</SimpleData>
            <SimpleData name="Estado_del">Activo</SimpleData>
            <SimpleData name="Empresa">Emilio Sol?s Grance</SimpleData>
            <SimpleData name="Lote">I</SimpleData>
            <SimpleData name="Parametro">0.00000000000</SimpleData>
            <SimpleData name="Sup_SIG">0.77455353406</SimpleData>
            <SimpleData name="X">-56.43243089000</SimpleData>
            <SimpleData name="Y">-24.01258897000</SimpleData>
            <SimpleData name="cedula">6000178</SimpleData>
            <SimpleData name="Cédula_1">6000178.00000000000</SimpleData>
            <SimpleData name="Estado_d_1">Activo</SimpleData>
            <SimpleData name="OBJECTID_1">7949</SimpleData>
            <SimpleData name="Shape_Leng">506.84073835800</SimpleData>
            <SimpleData name="Shape_Area">7745.53534059000</SimpleData>
          </SchemaData>
        </ExtendedData>
        <Polygon>
          <outerBoundaryIs>
            <LinearRing>
              <coordinates>
                -56.4318363997512,-24.0134300005471,0
                -56.4320182998509,-24.0135640002263,0
                -56.4329132995639,-24.0126313001004,0
                -56.43249760001,-24.0117330001171,0
                -56.4320909001146,-24.0121168005384,0
                -56.4324579000502,-24.012775999311,0
                -56.4318363997512,-24.0134300005471,0
              </coordinates>
            </LinearRing>
          </outerBoundaryIs>
        </Polygon>
      </Placemark>
      <Placemark id="Lote_I.136">
        <ExtendedData>
          <SchemaData schemaUrl="#Lote_I.schema">
            <SimpleData name="Cédula">6325224.00000000000</SimpleData>
            <SimpleData name="Nombres_y_">BRIGIDO MARTIN ACOSTA VERA</SimpleData>
            <SimpleData name="Sexo">Hombre</SimpleData>
            <SimpleData name="Cambio_de_">NO</SimpleData>
            <SimpleData name="Titular_se">NO</SimpleData>
            <SimpleData name="ci_UNIF">6325224.00000000000</SimpleData>
            <SimpleData name="Situación">NO</SimpleData>
            <SimpleData name="Comunidad">Campesina</SimpleData>
            <SimpleData name="Modelo_imp">Modelo 5</SimpleData>
            <SimpleData name="Departamen">SAN PEDRO</SimpleData>
            <SimpleData name="Distrito">LIMA</SimpleData>
            <SimpleData name="Localidad">SGTO MONTANIA</SimpleData>
            <SimpleData name="Teléfono">0984472304</SimpleData>
            <SimpleData name="Vivienda_L">-24.00286750000</SimpleData>
            <SimpleData name="Vivienda_1">-56.45400310000</SimpleData>
            <SimpleData name="Superficie">0.70000000000</SimpleData>
            <SimpleData name="Situaci_1">Par?metro</SimpleData>
            <SimpleData name="Plantado">SI</SimpleData>
            <SimpleData name="Fecha_Plan">2026/06/03</SimpleData>
            <SimpleData name="Jornales">0.00000000000</SimpleData>
            <SimpleData name="Monto">0.00000000000</SimpleData>
            <SimpleData name="Grupo_de_p">I-GN-XX-XX-XX</SimpleData>
            <SimpleData name="Estado_del">Activo</SimpleData>
            <SimpleData name="Empresa">Emilio Sol?s Grance</SimpleData>
            <SimpleData name="Lote">I</SimpleData>
            <SimpleData name="Parametro">0.00000000000</SimpleData>
            <SimpleData name="Sup_SIG">0.88299155168</SimpleData>
            <SimpleData name="X">-56.44909291000</SimpleData>
            <SimpleData name="Y">-24.00130415000</SimpleData>
            <SimpleData name="cedula">6325224</SimpleData>
            <SimpleData name="Cédula_1">6325224.00000000000</SimpleData>
            <SimpleData name="Estado_d_1">Activo</SimpleData>
            <SimpleData name="OBJECTID_1">6182</SimpleData>
            <SimpleData name="Shape_Leng">561.45235564700</SimpleData>
            <SimpleData name="Shape_Area">8829.91551681000</SimpleData>
          </SchemaData>
        </ExtendedData>
        <MultiGeometry>
          <Polygon>
            <outerBoundaryIs>
              <LinearRing>
                <coordinates>
                  -56.4496806003003,-24.0017464000412,0
                  -56.4497720995459,-24.001722700587,0
                  -56.4499448997293,-24.0017855999088,0
                  -56.4500899005763,-24.0014083997413,0
                  -56.449355200104,-24.001166000196,0
                  -56.449187099735,-24.0015381996464,0
                  -56.4496806003003,-24.0017464000412,0
                </coordinates>
              </LinearRing>
            </outerBoundaryIs>
          </Polygon>
          <Polygon>
            <outerBoundaryIs>
              <LinearRing>
                <coordinates>
                  -56.44909450008,-24.0015555001389,0
                  -56.4492557997901,-24.0011282000995,0
                  -56.4481838991703,-24.0007936997489,0
                  -56.4481393998365,-24.0009342997757,0
                  -56.4483167991655,-24.0012931005229,0
                  -56.44909450008,-24.0015555001389,0
                </coordinates>
              </LinearRing>
            </outerBoundaryIs>
          </Polygon>
        </MultiGeometry>
      </Placemark>
      <Placemark id="Lote_I.137">
        <ExtendedData>
          <SchemaData schemaUrl="#Lote_I.schema">
            <SimpleData name="Cédula">6337645.00000000000</SimpleData>
            <SimpleData name="Nombres_y_">NANCY GONZALEZ DIAZ</SimpleData>
            <SimpleData name="Sexo">Mujer</SimpleData>
            <SimpleData name="Cambio_de_">NO</SimpleData>
            <SimpleData name="Titular_se">NO</SimpleData>
            <SimpleData name="ci_UNIF">6337645.00000000000</SimpleData>
            <SimpleData name="Situación">NO</SimpleData>
            <SimpleData name="Comunidad">Campesina</SimpleData>
            <SimpleData name="Modelo_imp">Modelo 5</SimpleData>
            <SimpleData name="Departamen">SAN PEDRO</SimpleData>
            <SimpleData name="Distrito">LIMA</SimpleData>
            <SimpleData name="Localidad">LOMA CLAVEL</SimpleData>
            <SimpleData name="Teléfono">0982506331</SimpleData>
            <SimpleData name="Vivienda_L">-23.96145360000</SimpleData>
            <SimpleData name="Vivienda_1">-56.45748620000</SimpleData>
            <SimpleData name="Superficie">0.70000000000</SimpleData>
            <SimpleData name="Situaci_1">Par?metro</SimpleData>
            <SimpleData name="Plantado">SI</SimpleData>
            <SimpleData name="Fecha_Plan">2026/06/05</SimpleData>
            <SimpleData name="Jornales">0.00000000000</SimpleData>
            <SimpleData name="Monto">0.00000000000</SimpleData>
            <SimpleData name="Grupo_de_p">I-GN-XX-XX-XX</SimpleData>
            <SimpleData name="Estado_del">Activo</SimpleData>
            <SimpleData name="Empresa">Emilio Sol?s Grance</SimpleData>
            <SimpleData name="Lote">I</SimpleData>
            <SimpleData name="Parametro">0.00000000000</SimpleData>
            <SimpleData name="Sup_SIG">0.71374034063</SimpleData>
            <SimpleData name="X">-56.45390301000</SimpleData>
            <SimpleData name="Y">-23.96966759000</SimpleData>
            <SimpleData name="cedula">6337645</SimpleData>
            <SimpleData name="Cédula_1">6337645.00000000000</SimpleData>
            <SimpleData name="Estado_d_1">Activo</SimpleData>
            <SimpleData name="OBJECTID_1">6153</SimpleData>
            <SimpleData name="Shape_Leng">431.86912546000</SimpleData>
            <SimpleData name="Shape_Area">7137.40340628000</SimpleData>
          </SchemaData>
        </ExtendedData>
        <MultiGeometry>
          <Polygon>
            <outerBoundaryIs>
              <LinearRing>
                <coordinates>
                  -56.4541870997826,-23.9700939996513,0
                  -56.4544558998452,-23.9694747996239,0
                  -56.4536101006883,-23.969239699764,0
                  -56.453358300155,-23.9698667001928,0
                  -56.4541870997826,-23.9700939996513,0
                </coordinates>
              </LinearRing>
            </outerBoundaryIs>
          </Polygon>
          <Polygon>
            <outerBoundaryIs>
              <LinearRing>
                <coordinates>
                  -56.4573495006904,-23.9617932998213,0
                  -56.4574805004873,-23.9615556994005,0
                  -56.4572241999476,-23.96145060049,0
                  -56.4571515004961,-23.9614815004298,0
                  -56.4573495006904,-23.9617932998213,0
                </coordinates>
              </LinearRing>
            </outerBoundaryIs>
          </Polygon>
        </MultiGeometry>
      </Placemark>
      <Placemark id="Lote_I.138">
        <ExtendedData>
          <SchemaData schemaUrl="#Lote_I.schema">
            <SimpleData name="Cédula">6705840.00000000000</SimpleData>
            <SimpleData name="Nombres_y_">ADELINA LOPEZ MARTINEZ</SimpleData>
            <SimpleData name="Sexo">Mujer</SimpleData>
            <SimpleData name="Cambio_de_">NO</SimpleData>
            <SimpleData name="Titular_se">NO</SimpleData>
            <SimpleData name="ci_UNIF">6705840.00000000000</SimpleData>
            <SimpleData name="Situación">NO</SimpleData>
            <SimpleData name="Comunidad">Campesina</SimpleData>
            <SimpleData name="Modelo_imp">Modelo 5</SimpleData>
            <SimpleData name="Departamen">SAN PEDRO</SimpleData>
            <SimpleData name="Distrito">LIMA</SimpleData>
            <SimpleData name="Localidad">YBYPE</SimpleData>
            <SimpleData name="Teléfono">0986877979</SimpleData>
            <SimpleData name="Vivienda_L">-24.03262940000</SimpleData>
            <SimpleData name="Vivienda_1">-56.44319880000</SimpleData>
            <SimpleData name="Superficie">0.70000000000</SimpleData>
            <SimpleData name="Situaci_1">Par?metro</SimpleData>
            <SimpleData name="Plantado">SI</SimpleData>
            <SimpleData name="Fecha_Plan">2026/05/28</SimpleData>
            <SimpleData name="Jornales">0.00000000000</SimpleData>
            <SimpleData name="Monto">0.00000000000</SimpleData>
            <SimpleData name="Grupo_de_p">I-GN-XX-XX-XX</SimpleData>
            <SimpleData name="Estado_del">Activo</SimpleData>
            <SimpleData name="Empresa">Emilio Sol?s Grance</SimpleData>
            <SimpleData name="Lote">I</SimpleData>
            <SimpleData name="Parametro">0.00000000000</SimpleData>
            <SimpleData name="Sup_SIG">0.77925135149</SimpleData>
            <SimpleData name="X">-56.44357798000</SimpleData>
            <SimpleData name="Y">-24.03333117000</SimpleData>
            <SimpleData name="cedula">6705840</SimpleData>
            <SimpleData name="Cédula_1">6705840.00000000000</SimpleData>
            <SimpleData name="Estado_d_1">Activo</SimpleData>
            <SimpleData name="OBJECTID_1">6160</SimpleData>
            <SimpleData name="Shape_Leng">359.30640185300</SimpleData>
            <SimpleData name="Shape_Area">7792.51351492000</SimpleData>
          </SchemaData>
        </ExtendedData>
        <Polygon>
          <outerBoundaryIs>
            <LinearRing>
              <coordinates>
                -56.4431064005099,-24.0329307997182,0
                -56.4432710003571,-24.0337966997685,0
                -56.4441519993515,-24.0336947999132,0
                -56.4437392995664,-24.0328150002157,0
                -56.4431064005099,-24.0329307997182,0
              </coordinates>
            </LinearRing>
          </outerBoundaryIs>
        </Polygon>
      </Placemark>
      <Placemark id="Lote_I.139">
        <ExtendedData>
          <SchemaData schemaUrl="#Lote_I.schema">
            <SimpleData name="Cédula">6706887.00000000000</SimpleData>
            <SimpleData name="Nombres_y_">NOEMIA SANTACRUZ ARANI</SimpleData>
            <SimpleData name="Sexo">Mujer</SimpleData>
            <SimpleData name="Cambio_de_">NO</SimpleData>
            <SimpleData name="Titular_se">NO</SimpleData>
            <SimpleData name="ci_UNIF">6706887.00000000000</SimpleData>
            <SimpleData name="Situación">NO</SimpleData>
            <SimpleData name="Comunidad">Campesina</SimpleData>
            <SimpleData name="Modelo_imp">Modelo 5</SimpleData>
            <SimpleData name="Departamen">SAN PEDRO</SimpleData>
            <SimpleData name="Distrito">CHORE</SimpleData>
            <SimpleData name="Localidad">8 DE DICIEMBRE</SimpleData>
            <SimpleData name="Teléfono">0976438663</SimpleData>
            <SimpleData name="Vivienda_L">-24.14338040000</SimpleData>
            <SimpleData name="Vivienda_1">-56.62078410000</SimpleData>
            <SimpleData name="Superficie">0.70000000000</SimpleData>
            <SimpleData name="Situaci_1">Par?metro</SimpleData>
            <SimpleData name="Plantado">SI</SimpleData>
            <SimpleData name="Fecha_Plan">2026/05/29</SimpleData>
            <SimpleData name="Jornales">0.00000000000</SimpleData>
            <SimpleData name="Monto">0.00000000000</SimpleData>
            <SimpleData name="Grupo_de_p">I-GN-XX-XX-XX</SimpleData>
            <SimpleData name="Estado_del">Activo</SimpleData>
            <SimpleData name="Empresa">Emilio Sol?s Grance</SimpleData>
            <SimpleData name="Lote">I</SimpleData>
            <SimpleData name="Parametro">0.00000000000</SimpleData>
            <SimpleData name="Sup_SIG">0.70572811904</SimpleData>
            <SimpleData name="X">-56.62033181000</SimpleData>
            <SimpleData name="Y">-24.14428841000</SimpleData>
            <SimpleData name="cedula">6706887</SimpleData>
            <SimpleData name="Cédula_1">6706887.00000000000</SimpleData>
            <SimpleData name="Estado_d_1">Activo</SimpleData>
            <SimpleData name="OBJECTID_1">5983</SimpleData>
            <SimpleData name="Shape_Leng">510.77207277600</SimpleData>
            <SimpleData name="Shape_Area">7057.28119038000</SimpleData>
          </SchemaData>
        </ExtendedData>
        <MultiGeometry>
          <Polygon>
            <outerBoundaryIs>
              <LinearRing>
                <coordinates>
                  -56.6194266995565,-24.1458633006062,0
                  -56.6198871992242,-24.1454291001712,0
                  -56.6195299995286,-24.145236099948,0
                  -56.6191718484258,-24.1456240092824,0
                  -56.6191617004821,-24.1456350002726,0
                  -56.619424377668,-24.1458613005552,0
                  -56.6194266995565,-24.1458633006062,0
                </coordinates>
              </LinearRing>
            </outerBoundaryIs>
          </Polygon>
          <Polygon>
            <outerBoundaryIs>
              <LinearRing>
                <coordinates>
                  -56.6205529996995,-24.1447991004031,0
                  -56.6207599996761,-24.1445599998874,0
                  -56.6204760995417,-24.1442622006808,0
                  -56.6205034993146,-24.1438831999868,0
                  -56.6203582999835,-24.1437550002123,0
                  -56.6198666997113,-24.1442450002632,0
                  -56.6205529996995,-24.1447991004031,0
                </coordinates>
              </LinearRing>
            </outerBoundaryIs>
          </Polygon>
        </MultiGeometry>
      </Placemark>
      <Placemark id="Lote_I.140">
        <ExtendedData>
          <SchemaData schemaUrl="#Lote_I.schema">
            <SimpleData name="Cédula">6719507.00000000000</SimpleData>
            <SimpleData name="Nombres_y_">ANA BELEN BARRIOS BURGOS</SimpleData>
            <SimpleData name="Sexo">Mujer</SimpleData>
            <SimpleData name="Cambio_de_">NO</SimpleData>
            <SimpleData name="Titular_se">NO</SimpleData>
            <SimpleData name="ci_UNIF">6719507.00000000000</SimpleData>
            <SimpleData name="Situación">NO</SimpleData>
            <SimpleData name="Comunidad">Campesina</SimpleData>
            <SimpleData name="Modelo_imp">Modelo 5</SimpleData>
            <SimpleData name="Departamen">SAN PEDRO</SimpleData>
            <SimpleData name="Distrito">LIMA</SimpleData>
            <SimpleData name="Localidad">SGTO MONTANIA</SimpleData>
            <SimpleData name="Teléfono">0981501572</SimpleData>
            <SimpleData name="Vivienda_L">-23.97910050000</SimpleData>
            <SimpleData name="Vivienda_1">-56.46216400000</SimpleData>
            <SimpleData name="Superficie">0.70000000000</SimpleData>
            <SimpleData name="Situaci_1">Par?metro</SimpleData>
            <SimpleData name="Plantado">SI</SimpleData>
            <SimpleData name="Fecha_Plan">2026/06/02</SimpleData>
            <SimpleData name="Jornales">0.00000000000</SimpleData>
            <SimpleData name="Monto">0.00000000000</SimpleData>
            <SimpleData name="Grupo_de_p">I-GN-XX-XX-XX</SimpleData>
            <SimpleData name="Estado_del">Activo</SimpleData>
            <SimpleData name="Empresa">Emilio Sol?s Grance</SimpleData>
            <SimpleData name="Lote">I</SimpleData>
            <SimpleData name="Parametro">0.00000000000</SimpleData>
            <SimpleData name="Sup_SIG">0.80355261430</SimpleData>
            <SimpleData name="X">-56.45646580000</SimpleData>
            <SimpleData name="Y">-23.97720856000</SimpleData>
            <SimpleData name="cedula">6719507</SimpleData>
            <SimpleData name="Cédula_1">6719507.00000000000</SimpleData>
            <SimpleData name="Estado_d_1">Activo</SimpleData>
            <SimpleData name="OBJECTID_1">6146</SimpleData>
            <SimpleData name="Shape_Leng">435.57690452100</SimpleData>
            <SimpleData name="Shape_Area">8035.52614301000</SimpleData>
          </SchemaData>
        </ExtendedData>
        <Polygon>
          <outerBoundaryIs>
            <LinearRing>
              <coordinates>
                -56.455616100367,-23.9771747993147,0
                -56.4572020992664,-23.977657400102,0
                -56.4573536003061,-23.9772939997915,0
                -56.4557807000699,-23.9767387002956,0
                -56.455616100367,-23.9771747993147,0
              </coordinates>
            </LinearRing>
          </outerBoundaryIs>
        </Polygon>
      </Placemark>
      <Placemark id="Lote_I.141">
        <ExtendedData>
          <SchemaData schemaUrl="#Lote_I.schema">
            <SimpleData name="Cédula">6729027.00000000000</SimpleData>
            <SimpleData name="Nombres_y_">ELIZABETH DIAZ PEREZ</SimpleData>
            <SimpleData name="Sexo">Mujer</SimpleData>
            <SimpleData name="Cambio_de_">NO</SimpleData>
            <SimpleData name="Titular_se">NO</SimpleData>
            <SimpleData name="ci_UNIF">6729027.00000000000</SimpleData>
            <SimpleData name="Situación">NO</SimpleData>
            <SimpleData name="Comunidad">Campesina</SimpleData>
            <SimpleData name="Modelo_imp">Modelo 1</SimpleData>
            <SimpleData name="Departamen">SAN PEDRO</SimpleData>
            <SimpleData name="Distrito">LIMA</SimpleData>
            <SimpleData name="Localidad">YBYPE</SimpleData>
            <SimpleData name="Teléfono">0976330272</SimpleData>
            <SimpleData name="Vivienda_L">-23.93828990000</SimpleData>
            <SimpleData name="Vivienda_1">-56.39345590000</SimpleData>
            <SimpleData name="Superficie">0.80000000000</SimpleData>
            <SimpleData name="Situaci_1">Par?metro</SimpleData>
            <SimpleData name="Plantado">SI</SimpleData>
            <SimpleData name="Fecha_Plan">2026/06/04</SimpleData>
            <SimpleData name="Jornales">0.00000000000</SimpleData>
            <SimpleData name="Monto">0.00000000000</SimpleData>
            <SimpleData name="Grupo_de_p">I-GN-XX-XX-XX</SimpleData>
            <SimpleData name="Estado_del">Activo</SimpleData>
            <SimpleData name="Empresa">Emilio Sol?s Grance</SimpleData>
            <SimpleData name="Lote">I</SimpleData>
            <SimpleData name="Parametro">0.00000000000</SimpleData>
            <SimpleData name="Sup_SIG">0.87918008532</SimpleData>
            <SimpleData name="X">-56.40197564000</SimpleData>
            <SimpleData name="Y">-23.93794668000</SimpleData>
            <SimpleData name="cedula">6729027</SimpleData>
            <SimpleData name="Cédula_1">6729027.00000000000</SimpleData>
            <SimpleData name="Estado_d_1">Activo</SimpleData>
            <SimpleData name="OBJECTID_1">6136</SimpleData>
            <SimpleData name="Shape_Leng">491.69915265600</SimpleData>
            <SimpleData name="Shape_Area">8791.80085316000</SimpleData>
          </SchemaData>
        </ExtendedData>
        <Polygon>
          <outerBoundaryIs>
            <LinearRing>
              <coordinates>
                -56.4010182999588,-23.9383441994519,0
                -56.4012800003638,-23.9386267000087,0
                -56.4029058998621,-23.9375961003581,0
                -56.4026363000164,-23.9372623999239,0
                -56.4010182999588,-23.9383441994519,0
              </coordinates>
            </LinearRing>
          </outerBoundaryIs>
        </Polygon>
      </Placemark>
      <Placemark id="Lote_I.142">
        <ExtendedData>
          <SchemaData schemaUrl="#Lote_I.schema">
            <SimpleData name="Cédula">6856724.00000000000</SimpleData>
            <SimpleData name="Nombres_y_">FABIANA SILVA BARRIOS</SimpleData>
            <SimpleData name="Sexo">Mujer</SimpleData>
            <SimpleData name="Cambio_de_">NO</SimpleData>
            <SimpleData name="Titular_se">NO</SimpleData>
            <SimpleData name="ci_UNIF">6856724.00000000000</SimpleData>
            <SimpleData name="Situación">NO</SimpleData>
            <SimpleData name="Comunidad">Campesina</SimpleData>
            <SimpleData name="Modelo_imp">Modelo 5</SimpleData>
            <SimpleData name="Departamen">SAN PEDRO</SimpleData>
            <SimpleData name="Distrito">LIMA</SimpleData>
            <SimpleData name="Localidad">YBYPE</SimpleData>
            <SimpleData name="Teléfono">0982286840</SimpleData>
            <SimpleData name="Vivienda_L">-23.99793040000</SimpleData>
            <SimpleData name="Vivienda_1">-56.43476070000</SimpleData>
            <SimpleData name="Superficie">0.70000000000</SimpleData>
            <SimpleData name="Situaci_1">Par?metro</SimpleData>
            <SimpleData name="Plantado">SI</SimpleData>
            <SimpleData name="Fecha_Plan">2026/06/02</SimpleData>
            <SimpleData name="Jornales">0.00000000000</SimpleData>
            <SimpleData name="Monto">0.00000000000</SimpleData>
            <SimpleData name="Grupo_de_p">I-GN-XX-XX-XX</SimpleData>
            <SimpleData name="Estado_del">Activo</SimpleData>
            <SimpleData name="Empresa">Emilio Sol?s Grance</SimpleData>
            <SimpleData name="Lote">I</SimpleData>
            <SimpleData name="Parametro">0.00000000000</SimpleData>
            <SimpleData name="Sup_SIG">0.82890175810</SimpleData>
            <SimpleData name="X">-56.44283756000</SimpleData>
            <SimpleData name="Y">-24.00499534000</SimpleData>
            <SimpleData name="cedula">6856724</SimpleData>
            <SimpleData name="Cédula_1">6856724.00000000000</SimpleData>
            <SimpleData name="Estado_d_1">Activo</SimpleData>
            <SimpleData name="OBJECTID_1">6181</SimpleData>
            <SimpleData name="Shape_Leng">576.11096005700</SimpleData>
            <SimpleData name="Shape_Area">8289.01758099000</SimpleData>
          </SchemaData>
        </ExtendedData>
        <MultiGeometry>
          <Polygon>
            <outerBoundaryIs>
              <LinearRing>
                <coordinates>
                  -56.4428855998301,-24.0054731002987,0
                  -56.443205500201,-24.0045805998784,0
                  -56.4429388993724,-24.0044861999171,0
                  -56.4428618993752,-24.0046123003052,0
                  -56.4427543001841,-24.0046456003896,0
                  -56.442444799948,-24.0053594008037,0
                  -56.4428855998301,-24.0054731002987,0
                </coordinates>
              </LinearRing>
            </outerBoundaryIs>
          </Polygon>
          <Polygon>
            <outerBoundaryIs>
              <LinearRing>
                <coordinates>
                  -56.4422874001946,-24.0052961001762,0
                  -56.4425682001613,-24.0046293002956,0
                  -56.4425250996872,-24.0046256003242,0
                  -56.4425196000276,-24.0043514999238,0
                  -56.4422783002736,-24.0042676001992,0
                  -56.4419505991889,-24.0051903003246,0
                  -56.4422874001946,-24.0052961001762,0
                </coordinates>
              </LinearRing>
            </outerBoundaryIs>
          </Polygon>
        </MultiGeometry>
      </Placemark>
      <Placemark id="Lote_I.143">
        <ExtendedData>
          <SchemaData schemaUrl="#Lote_I.schema">
            <SimpleData name="Cédula">6864403.00000000000</SimpleData>
            <SimpleData name="Nombres_y_">EPIFANIA GIMENEZ CUENCA</SimpleData>
            <SimpleData name="Sexo">Mujer</SimpleData>
            <SimpleData name="Cambio_de_">NO</SimpleData>
            <SimpleData name="Titular_se">NO</SimpleData>
            <SimpleData name="ci_UNIF">6864403.00000000000</SimpleData>
            <SimpleData name="Comunidad">Campesina</SimpleData>
            <SimpleData name="Modelo_imp">Modelo 5</SimpleData>
            <SimpleData name="Departamen">SAN PEDRO</SimpleData>
            <SimpleData name="Distrito">LIMA</SimpleData>
            <SimpleData name="Localidad">YVYPE</SimpleData>
            <SimpleData name="Teléfono">976416467</SimpleData>
            <SimpleData name="Vivienda_L">-23.98284170000</SimpleData>
            <SimpleData name="Vivienda_1">-56.46174500000</SimpleData>
            <SimpleData name="Superficie">0.70000000000</SimpleData>
            <SimpleData name="Situaci_1">Parametro</SimpleData>
            <SimpleData name="Plantado">SI</SimpleData>
            <SimpleData name="Fecha_Plan">2026/06/02</SimpleData>
            <SimpleData name="Jornales">0.00000000000</SimpleData>
            <SimpleData name="Monto">0.00000000000</SimpleData>
            <SimpleData name="Grupo_de_p">I-GN-XX-XX-XX</SimpleData>
            <SimpleData name="Estado_del">Activo</SimpleData>
            <SimpleData name="Empresa">Emilio Sol?s Grance</SimpleData>
            <SimpleData name="Lote">I</SimpleData>
            <SimpleData name="Parametro">0.00000000000</SimpleData>
            <SimpleData name="Sup_SIG">0.83926631369</SimpleData>
            <SimpleData name="X">-56.45964580000</SimpleData>
            <SimpleData name="Y">-23.98205091000</SimpleData>
            <SimpleData name="cedula">6864403</SimpleData>
            <SimpleData name="Cédula_1">6864403.00000000000</SimpleData>
            <SimpleData name="Estado_d_1">Activo</SimpleData>
            <SimpleData name="OBJECTID_1">6418</SimpleData>
            <SimpleData name="Shape_Leng">438.23301423700</SimpleData>
            <SimpleData name="Shape_Area">8392.66313687000</SimpleData>
          </SchemaData>
        </ExtendedData>
        <Polygon>
          <outerBoundaryIs>
            <LinearRing>
              <coordinates>
                -56.4587756002334,-23.9820026008263,0
                -56.4603591008598,-23.982521000013,0
                -56.4605002001658,-23.9820885996661,0
                -56.4589398996742,-23.9815860997982,0
                -56.4587756002334,-23.9820026008263,0
              </coordinates>
            </LinearRing>
          </outerBoundaryIs>
        </Polygon>
      </Placemark>
      <Placemark id="Lote_I.144">
        <ExtendedData>
          <SchemaData schemaUrl="#Lote_I.schema">
            <SimpleData name="Cédula">7268168.00000000000</SimpleData>
            <SimpleData name="Nombres_y_">LUCILA  AGUILERA AYALA</SimpleData>
            <SimpleData name="Sexo">Mujer</SimpleData>
            <SimpleData name="Cambio_de_">NO</SimpleData>
            <SimpleData name="Titular_se">NO</SimpleData>
            <SimpleData name="ci_UNIF">7268168.00000000000</SimpleData>
            <SimpleData name="Situación">NO</SimpleData>
            <SimpleData name="Comunidad">Campesina</SimpleData>
            <SimpleData name="Modelo_imp">Modelo 5</SimpleData>
            <SimpleData name="Departamen">SAN PEDRO</SimpleData>
            <SimpleData name="Distrito">CHORE</SimpleData>
            <SimpleData name="Localidad">8 DE DICIEMBRE</SimpleData>
            <SimpleData name="Teléfono">0982479157</SimpleData>
            <SimpleData name="Vivienda_L">-24.14008520000</SimpleData>
            <SimpleData name="Vivienda_1">-56.61654900000</SimpleData>
            <SimpleData name="Superficie">0.70000000000</SimpleData>
            <SimpleData name="Situaci_1">Par?metro</SimpleData>
            <SimpleData name="Plantado">SI</SimpleData>
            <SimpleData name="Fecha_Plan">2026/06/02</SimpleData>
            <SimpleData name="Jornales">0.00000000000</SimpleData>
            <SimpleData name="Monto">0.00000000000</SimpleData>
            <SimpleData name="Grupo_de_p">I-GN-XX-XX-XX</SimpleData>
            <SimpleData name="Estado_del">Activo</SimpleData>
            <SimpleData name="Empresa">Emilio Sol?s Grance</SimpleData>
            <SimpleData name="Lote">I</SimpleData>
            <SimpleData name="Parametro">0.00000000000</SimpleData>
            <SimpleData name="Sup_SIG">0.76406124898</SimpleData>
            <SimpleData name="X">-56.61698516000</SimpleData>
            <SimpleData name="Y">-24.13043998000</SimpleData>
            <SimpleData name="cedula">7268168</SimpleData>
            <SimpleData name="Cédula_1">7268168.00000000000</SimpleData>
            <SimpleData name="Estado_d_1">Activo</SimpleData>
            <SimpleData name="OBJECTID_1">7941</SimpleData>
            <SimpleData name="Shape_Leng">357.86697404500</SimpleData>
            <SimpleData name="Shape_Area">7640.61248977000</SimpleData>
          </SchemaData>
        </ExtendedData>
        <Polygon>
          <outerBoundaryIs>
            <LinearRing>
              <coordinates>
                -56.6163799998828,-24.1305559000811,0
                -56.6168560999596,-24.1310290001017,0
                -56.6176045999978,-24.1302938000892,0
                -56.6170943994438,-24.129868799868,0
                -56.6163799998828,-24.1305559000811,0
              </coordinates>
            </LinearRing>
          </outerBoundaryIs>
        </Polygon>
      </Placemark>
      <Placemark id="Lote_I.145">
        <ExtendedData>
          <SchemaData schemaUrl="#Lote_I.schema">
            <SimpleData name="Cédula">7305930.00000000000</SimpleData>
            <SimpleData name="Nombres_y_">MARICEL  RODRIGUEZ BAREIRO</SimpleData>
            <SimpleData name="Sexo">Mujer</SimpleData>
            <SimpleData name="Cambio_de_">NO</SimpleData>
            <SimpleData name="Titular_se">NO</SimpleData>
            <SimpleData name="ci_UNIF">7305930.00000000000</SimpleData>
            <SimpleData name="Situación">NO</SimpleData>
            <SimpleData name="Comunidad">Campesina</SimpleData>
            <SimpleData name="Modelo_imp">Modelo 5</SimpleData>
            <SimpleData name="Departamen">SAN PEDRO</SimpleData>
            <SimpleData name="Distrito">LIMA</SimpleData>
            <SimpleData name="Localidad">NI?O MARTIR  (SANGUINA CUE)</SimpleData>
            <SimpleData name="Teléfono">0981372380</SimpleData>
            <SimpleData name="Vivienda_L">-23.99071480000</SimpleData>
            <SimpleData name="Vivienda_1">-56.50570420000</SimpleData>
            <SimpleData name="Superficie">0.70000000000</SimpleData>
            <SimpleData name="Situaci_1">Par?metro</SimpleData>
            <SimpleData name="Plantado">SI</SimpleData>
            <SimpleData name="Fecha_Plan">2026/06/12</SimpleData>
            <SimpleData name="Jornales">0.00000000000</SimpleData>
            <SimpleData name="Monto">0.00000000000</SimpleData>
            <SimpleData name="Grupo_de_p">I-GN-XX-XX-XX</SimpleData>
            <SimpleData name="Estado_del">Activo</SimpleData>
            <SimpleData name="Empresa">Emilio Sol?s Grance</SimpleData>
            <SimpleData name="Lote">I</SimpleData>
            <SimpleData name="Parametro">0.00000000000</SimpleData>
            <SimpleData name="Sup_SIG">0.75018088404</SimpleData>
            <SimpleData name="X">-56.50511649000</SimpleData>
            <SimpleData name="Y">-23.99399428000</SimpleData>
            <SimpleData name="cedula">7305930</SimpleData>
            <SimpleData name="Cédula_1">7305930.00000000000</SimpleData>
            <SimpleData name="Estado_d_1">Activo</SimpleData>
            <SimpleData name="OBJECTID_1">6124</SimpleData>
            <SimpleData name="Shape_Leng">514.64421653300</SimpleData>
            <SimpleData name="Shape_Area">7501.80884043000</SimpleData>
          </SchemaData>
        </ExtendedData>
        <MultiGeometry>
          <Polygon>
            <outerBoundaryIs>
              <LinearRing>
                <coordinates>
                  -56.5051563998698,-23.9950650000639,0
                  -56.5052573000643,-23.9945477005385,0
                  -56.5047936997155,-23.9944628003177,0
                  -56.5047406004795,-23.9949780997517,0
                  -56.5051563998698,-23.9950650000639,0
                </coordinates>
              </LinearRing>
            </outerBoundaryIs>
          </Polygon>
          <Polygon>
            <outerBoundaryIs>
              <LinearRing>
                <coordinates>
                  -56.5053132998061,-23.9941233008302,0
                  -56.5054849998748,-23.9931079997124,0
                  -56.5050495003177,-23.9930792005893,0
                  -56.5048829998138,-23.9940041999955,0
                  -56.5053132998061,-23.9941233008302,0
                </coordinates>
              </LinearRing>
            </outerBoundaryIs>
          </Polygon>
        </MultiGeometry>
      </Placemark>
      <Placemark id="Lote_I.146">
        <ExtendedData>
          <SchemaData schemaUrl="#Lote_I.schema">
            <SimpleData name="Cédula">7717052.00000000000</SimpleData>
            <SimpleData name="Nombres_y_">MYRIAN ESTER ESPINOLA YAJHARI</SimpleData>
            <SimpleData name="Sexo">Mujer</SimpleData>
            <SimpleData name="Cambio_de_">NO</SimpleData>
            <SimpleData name="Titular_se">NO</SimpleData>
            <SimpleData name="ci_UNIF">7717052.00000000000</SimpleData>
            <SimpleData name="Situación">NO</SimpleData>
            <SimpleData name="Comunidad">Campesina</SimpleData>
            <SimpleData name="Modelo_imp">Modelo 1</SimpleData>
            <SimpleData name="Departamen">SAN PEDRO</SimpleData>
            <SimpleData name="Distrito">LIMA</SimpleData>
            <SimpleData name="Localidad">NI?O MARTIR  (SANGUINA CUE)</SimpleData>
            <SimpleData name="Teléfono">0985625825</SimpleData>
            <SimpleData name="Vivienda_L">-24.01355290000</SimpleData>
            <SimpleData name="Vivienda_1">-56.45010040000</SimpleData>
            <SimpleData name="Superficie">0.80000000000</SimpleData>
            <SimpleData name="Situaci_1">Par?metro</SimpleData>
            <SimpleData name="Plantado">SI</SimpleData>
            <SimpleData name="Fecha_Plan">2026/05/28</SimpleData>
            <SimpleData name="Jornales">0.00000000000</SimpleData>
            <SimpleData name="Monto">0.00000000000</SimpleData>
            <SimpleData name="Grupo_de_p">I-GN-XX-XX-XX</SimpleData>
            <SimpleData name="Estado_del">Activo</SimpleData>
            <SimpleData name="Empresa">Emilio Sol?s Grance</SimpleData>
            <SimpleData name="Lote">I</SimpleData>
            <SimpleData name="Parametro">0.00000000000</SimpleData>
            <SimpleData name="Sup_SIG">1.02737206694</SimpleData>
            <SimpleData name="X">-56.44720265000</SimpleData>
            <SimpleData name="Y">-24.01251473000</SimpleData>
            <SimpleData name="cedula">7717052</SimpleData>
            <SimpleData name="Cédula_1">7717052.00000000000</SimpleData>
            <SimpleData name="Estado_d_1">Activo</SimpleData>
            <SimpleData name="OBJECTID_1">6162</SimpleData>
            <SimpleData name="Shape_Leng">480.70545841100</SimpleData>
            <SimpleData name="Shape_Area">10273.72066940000</SimpleData>
          </SchemaData>
        </ExtendedData>
        <Polygon>
          <outerBoundaryIs>
            <LinearRing>
              <coordinates>
                -56.4463752005456,-24.012020000243,0
                -56.4462764001011,-24.012485700335,0
                -56.4478148999547,-24.0130092002134,0
                -56.4481195004033,-24.0126023005957,0
                -56.4480359994782,-24.0124134001927,0
                -56.4477515998702,-24.0123165002537,0
                -56.4476803995577,-24.0124177994048,0
                -56.4463752005456,-24.012020000243,0
              </coordinates>
            </LinearRing>
          </outerBoundaryIs>
        </Polygon>
      </Placemark>
      <Placemark id="Lote_I.147">
        <ExtendedData>
          <SchemaData schemaUrl="#Lote_I.schema">
            <SimpleData name="Cédula">7796948.00000000000</SimpleData>
            <SimpleData name="Nombres_y_">LIZ MARIELA VILLALBA MARECOS</SimpleData>
            <SimpleData name="Sexo">Mujer</SimpleData>
            <SimpleData name="Cambio_de_">NO</SimpleData>
            <SimpleData name="Titular_se">NO</SimpleData>
            <SimpleData name="ci_UNIF">7796948.00000000000</SimpleData>
            <SimpleData name="Situación">NO</SimpleData>
            <SimpleData name="Comunidad">Campesina</SimpleData>
            <SimpleData name="Modelo_imp">Modelo 2</SimpleData>
            <SimpleData name="Departamen">SAN PEDRO</SimpleData>
            <SimpleData name="Distrito">LIMA</SimpleData>
            <SimpleData name="Localidad">CARUMBEY 2</SimpleData>
            <SimpleData name="Teléfono">0981949489</SimpleData>
            <SimpleData name="Vivienda_L">-24.00736160000</SimpleData>
            <SimpleData name="Vivienda_1">-56.43104650000</SimpleData>
            <SimpleData name="Superficie">0.80000000000</SimpleData>
            <SimpleData name="Situaci_1">Par?metro</SimpleData>
            <SimpleData name="Plantado">SI</SimpleData>
            <SimpleData name="Fecha_Plan">2026/06/02</SimpleData>
            <SimpleData name="Jornales">0.00000000000</SimpleData>
            <SimpleData name="Monto">0.00000000000</SimpleData>
            <SimpleData name="Grupo_de_p">I-GN-XX-XX-XX</SimpleData>
            <SimpleData name="Estado_del">Activo</SimpleData>
            <SimpleData name="Empresa">Emilio Sol?s Grance</SimpleData>
            <SimpleData name="Lote">I</SimpleData>
            <SimpleData name="Parametro">0.00000000000</SimpleData>
            <SimpleData name="Sup_SIG">0.90582172666</SimpleData>
            <SimpleData name="X">-56.43014809000</SimpleData>
            <SimpleData name="Y">-24.00800793000</SimpleData>
            <SimpleData name="cedula">7796948</SimpleData>
            <SimpleData name="Cédula_1">7796948.00000000000</SimpleData>
            <SimpleData name="Estado_d_1">Activo</SimpleData>
            <SimpleData name="OBJECTID_1">6174</SimpleData>
            <SimpleData name="Shape_Leng">637.27544294600</SimpleData>
            <SimpleData name="Shape_Area">9058.21726664000</SimpleData>
          </SchemaData>
        </ExtendedData>
        <MultiGeometry>
          <Polygon>
            <outerBoundaryIs>
              <LinearRing>
                <coordinates>
                  -56.4299553001527,-24.0096863003687,0
                  -56.4303385001189,-24.0092852004857,0
                  -56.4299179994284,-24.0089136007297,0
                  -56.429551199228,-24.0093281008378,0
                  -56.4299553001527,-24.0096863003687,0
                </coordinates>
              </LinearRing>
            </outerBoundaryIs>
          </Polygon>
          <Polygon>
            <outerBoundaryIs>
              <LinearRing>
                <coordinates>
                  -56.429520000601,-24.0084549006219,0
                  -56.4297434003972,-24.0086371002754,0
                  -56.430303100342,-24.0080528994873,0
                  -56.4304655994227,-24.0081788996869,0
                  -56.4307747000752,-24.0078942001307,0
                  -56.4306296999641,-24.0077584005244,0
                  -56.4307175993806,-24.0076402003215,0
                  -56.4305037004467,-24.0074310001373,0
                  -56.429520000601,-24.0084549006219,0
                </coordinates>
              </LinearRing>
            </outerBoundaryIs>
          </Polygon>
        </MultiGeometry>
      </Placemark>
      <Placemark id="Lote_I.148">
        <ExtendedData>
          <SchemaData schemaUrl="#Lote_I.schema">
            <SimpleData name="Cédula">7866678.00000000000</SimpleData>
            <SimpleData name="Nombres_y_">BLANCA NATALIA VELAZQUEZ DELGADO</SimpleData>
            <SimpleData name="Sexo">Mujer</SimpleData>
            <SimpleData name="Cambio_de_">NO</SimpleData>
            <SimpleData name="Titular_se">NO</SimpleData>
            <SimpleData name="ci_UNIF">7866678.00000000000</SimpleData>
            <SimpleData name="Situación">NO</SimpleData>
            <SimpleData name="Comunidad">Campesina</SimpleData>
            <SimpleData name="Modelo_imp">Modelo 1</SimpleData>
            <SimpleData name="Departamen">SAN PEDRO</SimpleData>
            <SimpleData name="Distrito">LIMA</SimpleData>
            <SimpleData name="Localidad">NARANJATY</SimpleData>
            <SimpleData name="Teléfono">0994727192</SimpleData>
            <SimpleData name="Vivienda_L">-24.00374500000</SimpleData>
            <SimpleData name="Vivienda_1">-56.50658170000</SimpleData>
            <SimpleData name="Superficie">0.80000000000</SimpleData>
            <SimpleData name="Situaci_1">Par?metro</SimpleData>
            <SimpleData name="Plantado">SI</SimpleData>
            <SimpleData name="Fecha_Plan">2026/06/08</SimpleData>
            <SimpleData name="Jornales">0.00000000000</SimpleData>
            <SimpleData name="Monto">0.00000000000</SimpleData>
            <SimpleData name="Grupo_de_p">I-GN-XX-XX-XX</SimpleData>
            <SimpleData name="Estado_del">Activo</SimpleData>
            <SimpleData name="Empresa">Emilio Sol?s Grance</SimpleData>
            <SimpleData name="Lote">I</SimpleData>
            <SimpleData name="Parametro">0.00000000000</SimpleData>
            <SimpleData name="Sup_SIG">0.94064126527</SimpleData>
            <SimpleData name="X">-56.51341589000</SimpleData>
            <SimpleData name="Y">-23.99724670000</SimpleData>
            <SimpleData name="cedula">7866678</SimpleData>
            <SimpleData name="Cédula_1">7866678.00000000000</SimpleData>
            <SimpleData name="Estado_d_1">Activo</SimpleData>
            <SimpleData name="OBJECTID_1">6119</SimpleData>
            <SimpleData name="Shape_Leng">449.28673636500</SimpleData>
            <SimpleData name="Shape_Area">9406.41265271000</SimpleData>
          </SchemaData>
        </ExtendedData>
        <Polygon>
          <outerBoundaryIs>
            <LinearRing>
              <coordinates>
                -56.5130050003226,-23.9979450004048,0
                -56.5136234999549,-23.9979928996484,0
                -56.5137646998027,-23.9965052999883,0
                -56.5132965998864,-23.996413499723,0
                -56.5130050003226,-23.9979450004048,0
              </coordinates>
            </LinearRing>
          </outerBoundaryIs>
        </Polygon>
      </Placemark>
      <Placemark id="Lote_I.149">
        <ExtendedData>
          <SchemaData schemaUrl="#Lote_I.schema">
            <SimpleData name="Cédula">8486263.00000000000</SimpleData>
            <SimpleData name="Nombres_y_">DEISY SOLEDAD LOPEZ RAMOS</SimpleData>
            <SimpleData name="Sexo">Mujer</SimpleData>
            <SimpleData name="Cambio_de_">NO</SimpleData>
            <SimpleData name="Titular_se">NO</SimpleData>
            <SimpleData name="ci_UNIF">8486263.00000000000</SimpleData>
            <SimpleData name="Situación">NO</SimpleData>
            <SimpleData name="Comunidad">Campesina</SimpleData>
            <SimpleData name="Modelo_imp">Modelo 5</SimpleData>
            <SimpleData name="Departamen">SAN PEDRO</SimpleData>
            <SimpleData name="Distrito">LIMA</SimpleData>
            <SimpleData name="Localidad">YBYPE</SimpleData>
            <SimpleData name="Teléfono">0992372188</SimpleData>
            <SimpleData name="Vivienda_L">-24.00890760000</SimpleData>
            <SimpleData name="Vivienda_1">-56.45163790000</SimpleData>
            <SimpleData name="Superficie">0.70000000000</SimpleData>
            <SimpleData name="Situaci_1">Par?metro</SimpleData>
            <SimpleData name="Plantado">SI</SimpleData>
            <SimpleData name="Fecha_Plan">2026/06/03</SimpleData>
            <SimpleData name="Jornales">0.00000000000</SimpleData>
            <SimpleData name="Monto">0.00000000000</SimpleData>
            <SimpleData name="Grupo_de_p">I-GN-XX-XX-XX</SimpleData>
            <SimpleData name="Estado_del">Activo</SimpleData>
            <SimpleData name="Empresa">Emilio Sol?s Grance</SimpleData>
            <SimpleData name="Lote">I</SimpleData>
            <SimpleData name="Parametro">0.00000000000</SimpleData>
            <SimpleData name="Sup_SIG">0.78949571459</SimpleData>
            <SimpleData name="X">-56.44999283000</SimpleData>
            <SimpleData name="Y">-24.00846576000</SimpleData>
            <SimpleData name="cedula">8486263</SimpleData>
            <SimpleData name="Cédula_1">8486263.00000000000</SimpleData>
            <SimpleData name="Estado_d_1">Activo</SimpleData>
            <SimpleData name="OBJECTID_1">6158</SimpleData>
            <SimpleData name="Shape_Leng">425.95888281900</SimpleData>
            <SimpleData name="Shape_Area">7894.95714591000</SimpleData>
          </SchemaData>
        </ExtendedData>
        <Polygon>
          <outerBoundaryIs>
            <LinearRing>
              <coordinates>
                -56.449160300269,-24.0084425001392,0
                -56.4506992995604,-24.0089060001303,0
                -56.4508407997519,-24.0085085997191,0
                -56.4493030994763,-24.0080167002204,0
                -56.449160300269,-24.0084425001392,0
              </coordinates>
            </LinearRing>
          </outerBoundaryIs>
        </Polygon>
      </Placemark>
      <Placemark id="Lote_I.150">
        <ExtendedData>
          <SchemaData schemaUrl="#Lote_I.schema">
            <SimpleData name="Cédula">2256474.00000000000</SimpleData>
            <SimpleData name="Nombres_y_">PEDRO VILLALBA BRITOS</SimpleData>
            <SimpleData name="Sexo">Hombre</SimpleData>
            <SimpleData name="Cambio_de_">NO</SimpleData>
            <SimpleData name="Titular_se">NO</SimpleData>
            <SimpleData name="ci_UNIF">2256474.00000000000</SimpleData>
            <SimpleData name="Situación">NO</SimpleData>
            <SimpleData name="Comunidad">Campesina</SimpleData>
            <SimpleData name="Modelo_imp">Modelo 1</SimpleData>
            <SimpleData name="Departamen">SAN PEDRO</SimpleData>
            <SimpleData name="Distrito">LIMA</SimpleData>
            <SimpleData name="Localidad">NARANJATY</SimpleData>
            <SimpleData name="Teléfono">0984111968</SimpleData>
            <SimpleData name="Vivienda_L">-24.00260710000</SimpleData>
            <SimpleData name="Vivienda_1">-56.50630990000</SimpleData>
            <SimpleData name="Superficie">0.80000000000</SimpleData>
            <SimpleData name="Situaci_1">Par?metro</SimpleData>
            <SimpleData name="Plantado">SI</SimpleData>
            <SimpleData name="Fecha_Plan">2026/06/17</SimpleData>
            <SimpleData name="Jornales">0.00000000000</SimpleData>
            <SimpleData name="Monto">0.00000000000</SimpleData>
            <SimpleData name="Grupo_de_p">I-GN-XX-XX-XX</SimpleData>
            <SimpleData name="Estado_del">Activo</SimpleData>
            <SimpleData name="Empresa">Emilio Sol?s Grance</SimpleData>
            <SimpleData name="Lote">I</SimpleData>
            <SimpleData name="Parametro">0.00000000000</SimpleData>
            <SimpleData name="Sup_SIG">0.92792395389</SimpleData>
            <SimpleData name="X">-56.50700325000</SimpleData>
            <SimpleData name="Y">-23.99901181000</SimpleData>
            <SimpleData name="cedula">2256474</SimpleData>
            <SimpleData name="Cédula_1">2256474.00000000000</SimpleData>
            <SimpleData name="Estado_d_1">Activo</SimpleData>
            <SimpleData name="OBJECTID_1">6123</SimpleData>
            <SimpleData name="Shape_Leng">408.59651459700</SimpleData>
            <SimpleData name="Shape_Area">9279.23953894000</SimpleData>
          </SchemaData>
        </ExtendedData>
        <Polygon>
          <outerBoundaryIs>
            <LinearRing>
              <coordinates>
                -56.5065417005277,-23.9995081000311,0
                -56.5073066993072,-23.9995899997426,0
                -56.5074767005338,-23.9988015995951,0
                -56.5068025997221,-23.9982083998772,0
                -56.5065417005277,-23.9995081000311,0
              </coordinates>
            </LinearRing>
          </outerBoundaryIs>
        </Polygon>
      </Placemark>
      <Placemark id="Lote_I.151">
        <ExtendedData>
          <SchemaData schemaUrl="#Lote_I.schema">
            <SimpleData name="Cédula">2496148.00000000000</SimpleData>
            <SimpleData name="Nombres_y_">APARICIO FRUTOS</SimpleData>
            <SimpleData name="Sexo">Hombre</SimpleData>
            <SimpleData name="Cambio_de_">NO</SimpleData>
            <SimpleData name="Titular_se">NO</SimpleData>
            <SimpleData name="ci_UNIF">2496148.00000000000</SimpleData>
            <SimpleData name="Situación">NO</SimpleData>
            <SimpleData name="Comunidad">Campesina</SimpleData>
            <SimpleData name="Modelo_imp">Modelo 1</SimpleData>
            <SimpleData name="Departamen">SAN PEDRO</SimpleData>
            <SimpleData name="Distrito">LIMA</SimpleData>
            <SimpleData name="Localidad">NARANJATY</SimpleData>
            <SimpleData name="Teléfono">0985191192</SimpleData>
            <SimpleData name="Vivienda_L">-24.01263630000</SimpleData>
            <SimpleData name="Vivienda_1">-56.52269980000</SimpleData>
            <SimpleData name="Superficie">0.80000000000</SimpleData>
            <SimpleData name="Situaci_1">Par?metro</SimpleData>
            <SimpleData name="Plantado">SI</SimpleData>
            <SimpleData name="Fecha_Plan">2026/06/08</SimpleData>
            <SimpleData name="Jornales">0.00000000000</SimpleData>
            <SimpleData name="Monto">0.00000000000</SimpleData>
            <SimpleData name="Grupo_de_p">I-GN-XX-XX-XX</SimpleData>
            <SimpleData name="Estado_del">Activo</SimpleData>
            <SimpleData name="Empresa">Emilio Sol?s Grance</SimpleData>
            <SimpleData name="Lote">I</SimpleData>
            <SimpleData name="Parametro">0.00000000000</SimpleData>
            <SimpleData name="Sup_SIG">0.88124271124</SimpleData>
            <SimpleData name="X">-56.52191698000</SimpleData>
            <SimpleData name="Y">-24.01853725000</SimpleData>
            <SimpleData name="cedula">2496148</SimpleData>
            <SimpleData name="Cédula_1">2496148.00000000000</SimpleData>
            <SimpleData name="Estado_d_1">Activo</SimpleData>
            <SimpleData name="OBJECTID_1">6127</SimpleData>
            <SimpleData name="Shape_Leng">381.66711207200</SimpleData>
            <SimpleData name="Shape_Area">8812.42711243000</SimpleData>
          </SchemaData>
        </ExtendedData>
        <Polygon>
          <outerBoundaryIs>
            <LinearRing>
              <coordinates>
                -56.5214538996785,-24.0190014004337,0
                -56.5222050003087,-24.0190816998182,0
                -56.5223967000915,-24.0181066999815,0
                -56.5216216996021,-24.0179750005324,0
                -56.5214538996785,-24.0190014004337,0
              </coordinates>
            </LinearRing>
          </outerBoundaryIs>
        </Polygon>
      </Placemark>
      <Placemark id="Lote_I.152">
        <ExtendedData>
          <SchemaData schemaUrl="#Lote_I.schema">
            <SimpleData name="Cédula">3330343.00000000000</SimpleData>
            <SimpleData name="Nombres_y_">EPIFANIA CUBAS DE GONZALEZ</SimpleData>
            <SimpleData name="Sexo">Mujer</SimpleData>
            <SimpleData name="Cambio_de_">NO</SimpleData>
            <SimpleData name="Titular_se">NO</SimpleData>
            <SimpleData name="ci_UNIF">3330343.00000000000</SimpleData>
            <SimpleData name="Situación">NO</SimpleData>
            <SimpleData name="Comunidad">Campesina</SimpleData>
            <SimpleData name="Modelo_imp">Modelo 1</SimpleData>
            <SimpleData name="Departamen">SAN PEDRO</SimpleData>
            <SimpleData name="Distrito">LIMA</SimpleData>
            <SimpleData name="Localidad">NI?O MARTIR  (SANGUINA CUE)</SimpleData>
            <SimpleData name="Teléfono">0983873918</SimpleData>
            <SimpleData name="Vivienda_L">-23.99267780000</SimpleData>
            <SimpleData name="Vivienda_1">-56.51065240000</SimpleData>
            <SimpleData name="Superficie">0.80000000000</SimpleData>
            <SimpleData name="Situaci_1">Par?metro</SimpleData>
            <SimpleData name="Plantado">SI</SimpleData>
            <SimpleData name="Fecha_Plan">2026/06/17</SimpleData>
            <SimpleData name="Jornales">0.00000000000</SimpleData>
            <SimpleData name="Monto">0.00000000000</SimpleData>
            <SimpleData name="Grupo_de_p">I-GN-XX-XX-XX</SimpleData>
            <SimpleData name="Estado_del">Activo</SimpleData>
            <SimpleData name="Empresa">Emilio Sol?s Grance</SimpleData>
            <SimpleData name="Lote">I</SimpleData>
            <SimpleData name="Parametro">0.00000000000</SimpleData>
            <SimpleData name="Sup_SIG">0.89270507083</SimpleData>
            <SimpleData name="X">-56.51116679000</SimpleData>
            <SimpleData name="Y">-23.99077389000</SimpleData>
            <SimpleData name="cedula">3330343</SimpleData>
            <SimpleData name="Cédula_1">3330343.00000000000</SimpleData>
            <SimpleData name="Estado_d_1">Activo</SimpleData>
            <SimpleData name="OBJECTID_1">6128</SimpleData>
            <SimpleData name="Shape_Leng">438.81292598500</SimpleData>
            <SimpleData name="Shape_Area">8927.05070830000</SimpleData>
          </SchemaData>
        </ExtendedData>
        <Polygon>
          <outerBoundaryIs>
            <LinearRing>
              <coordinates>
                -56.5107814007465,-23.9914659998254,0
                -56.5113443007944,-23.9915276001894,0
                -56.5115212997035,-23.9900776999328,0
                -56.5110377002286,-23.9899603000337,0
                -56.5107814007465,-23.9914659998254,0
              </coordinates>
            </LinearRing>
          </outerBoundaryIs>
        </Polygon>
      </Placemark>
      <Placemark id="Lote_I.153">
        <ExtendedData>
          <SchemaData schemaUrl="#Lote_I.schema">
            <SimpleData name="Cédula">4917911.00000000000</SimpleData>
            <SimpleData name="Nombres_y_">FATIMA MERCEDES GALEANO ALVAREZ</SimpleData>
            <SimpleData name="Sexo">Mujer</SimpleData>
            <SimpleData name="Cambio_de_">NO</SimpleData>
            <SimpleData name="Titular_se">NO</SimpleData>
            <SimpleData name="ci_UNIF">4917911.00000000000</SimpleData>
            <SimpleData name="Situación">NO</SimpleData>
            <SimpleData name="Comunidad">Campesina</SimpleData>
            <SimpleData name="Modelo_imp">Modelo 5</SimpleData>
            <SimpleData name="Departamen">SAN PEDRO</SimpleData>
            <SimpleData name="Distrito">LIMA</SimpleData>
            <SimpleData name="Localidad">MARISCAL LOPEZ  (SANGUINA CUE)</SimpleData>
            <SimpleData name="Teléfono">0982198965</SimpleData>
            <SimpleData name="Vivienda_L">-24.00917800000</SimpleData>
            <SimpleData name="Vivienda_1">-56.51311720000</SimpleData>
            <SimpleData name="Superficie">0.70000000000</SimpleData>
            <SimpleData name="Situaci_1">Par?metro</SimpleData>
            <SimpleData name="Plantado">SI</SimpleData>
            <SimpleData name="Fecha_Plan">2026/06/12</SimpleData>
            <SimpleData name="Jornales">0.00000000000</SimpleData>
            <SimpleData name="Monto">0.00000000000</SimpleData>
            <SimpleData name="Grupo_de_p">I-GN-XX-XX-XX</SimpleData>
            <SimpleData name="Estado_del">Activo</SimpleData>
            <SimpleData name="Empresa">Emilio Sol?s Grance</SimpleData>
            <SimpleData name="Lote">I</SimpleData>
            <SimpleData name="Parametro">0.00000000000</SimpleData>
            <SimpleData name="Sup_SIG">0.96131922889</SimpleData>
            <SimpleData name="X">-56.51212572000</SimpleData>
            <SimpleData name="Y">-24.01061695000</SimpleData>
            <SimpleData name="cedula">4917911</SimpleData>
            <SimpleData name="Cédula_1">4917911.00000000000</SimpleData>
            <SimpleData name="Estado_d_1">Activo</SimpleData>
            <SimpleData name="OBJECTID_1">6156</SimpleData>
            <SimpleData name="Shape_Leng">437.79243105500</SimpleData>
            <SimpleData name="Shape_Area">9613.19228888000</SimpleData>
          </SchemaData>
        </ExtendedData>
        <Polygon>
          <outerBoundaryIs>
            <LinearRing>
              <coordinates>
                -56.511742000277,-24.0112244004739,0
                -56.5123164994851,-24.0114186998027,0
                -56.5125154998856,-24.0099484996343,0
                -56.5119086998324,-24.0098839999839,0
                -56.511742000277,-24.0112244004739,0
              </coordinates>
            </LinearRing>
          </outerBoundaryIs>
        </Polygon>
      </Placemark>
      <Placemark id="Lote_I.154">
        <ExtendedData>
          <SchemaData schemaUrl="#Lote_I.schema">
            <SimpleData name="Cédula">6033721.00000000000</SimpleData>
            <SimpleData name="Nombres_y_">VICTOR DAVID BARRIOS MORALES</SimpleData>
            <SimpleData name="Sexo">Hombre</SimpleData>
            <SimpleData name="Cambio_de_">NO</SimpleData>
            <SimpleData name="Titular_se">NO</SimpleData>
            <SimpleData name="ci_UNIF">6033721.00000000000</SimpleData>
            <SimpleData name="Situación">NO</SimpleData>
            <SimpleData name="Comunidad">Campesina</SimpleData>
            <SimpleData name="Modelo_imp">Modelo 5</SimpleData>
            <SimpleData name="Departamen">SAN PEDRO</SimpleData>
            <SimpleData name="Distrito">LIMA</SimpleData>
            <SimpleData name="Localidad">NARANJATY</SimpleData>
            <SimpleData name="Teléfono">0986988054</SimpleData>
            <SimpleData name="Vivienda_L">-24.01187700000</SimpleData>
            <SimpleData name="Vivienda_1">-56.52022900000</SimpleData>
            <SimpleData name="Superficie">0.70000000000</SimpleData>
            <SimpleData name="Situaci_1">Par?metro</SimpleData>
            <SimpleData name="Plantado">SI</SimpleData>
            <SimpleData name="Fecha_Plan">2026/06/12</SimpleData>
            <SimpleData name="Jornales">0.00000000000</SimpleData>
            <SimpleData name="Monto">0.00000000000</SimpleData>
            <SimpleData name="Grupo_de_p">I-GN-XX-XX-XX</SimpleData>
            <SimpleData name="Estado_del">Activo</SimpleData>
            <SimpleData name="Empresa">Emilio Sol?s Grance</SimpleData>
            <SimpleData name="Lote">I</SimpleData>
            <SimpleData name="Parametro">0.00000000000</SimpleData>
            <SimpleData name="Sup_SIG">0.76723397447</SimpleData>
            <SimpleData name="X">-56.52071973000</SimpleData>
            <SimpleData name="Y">-24.00753507000</SimpleData>
            <SimpleData name="cedula">6033721</SimpleData>
            <SimpleData name="Cédula_1">6033721.00000000000</SimpleData>
            <SimpleData name="Estado_d_1">Activo</SimpleData>
            <SimpleData name="OBJECTID_1">6121</SimpleData>
            <SimpleData name="Shape_Leng">351.59820732200</SimpleData>
            <SimpleData name="Shape_Area">7672.33974468000</SimpleData>
          </SchemaData>
        </ExtendedData>
        <Polygon>
          <outerBoundaryIs>
            <LinearRing>
              <coordinates>
                -56.5202577992523,-24.0079364996289,0
                -56.5210487000379,-24.0079727996527,0
                -56.5212058999799,-24.0071608003121,0
                -56.5203752994953,-24.0070865000795,0
                -56.5202577992523,-24.0079364996289,0
              </coordinates>
            </LinearRing>
          </outerBoundaryIs>
        </Polygon>
      </Placemark>
      <Placemark id="Lote_I.155">
        <ExtendedData>
          <SchemaData schemaUrl="#Lote_I.schema">
            <SimpleData name="Cédula">6325119.00000000000</SimpleData>
            <SimpleData name="Nombres_y_">CRIS CLAUDINA IBARRA FERNANDEZ</SimpleData>
            <SimpleData name="Sexo">Mujer</SimpleData>
            <SimpleData name="Cambio_de_">NO</SimpleData>
            <SimpleData name="Titular_se">NO</SimpleData>
            <SimpleData name="ci_UNIF">6325119.00000000000</SimpleData>
            <SimpleData name="Situación">NO</SimpleData>
            <SimpleData name="Comunidad">Campesina</SimpleData>
            <SimpleData name="Modelo_imp">Modelo 5</SimpleData>
            <SimpleData name="Departamen">SAN PEDRO</SimpleData>
            <SimpleData name="Distrito">LIMA</SimpleData>
            <SimpleData name="Localidad">SAN LORENZO  (SANGUINA CUE)</SimpleData>
            <SimpleData name="Teléfono">0976469947</SimpleData>
            <SimpleData name="Vivienda_L">-24.02175170000</SimpleData>
            <SimpleData name="Vivienda_1">-56.51456840000</SimpleData>
            <SimpleData name="Superficie">0.70000000000</SimpleData>
            <SimpleData name="Situaci_1">Par?metro</SimpleData>
            <SimpleData name="Plantado">SI</SimpleData>
            <SimpleData name="Fecha_Plan">2026/06/12</SimpleData>
            <SimpleData name="Jornales">0.00000000000</SimpleData>
            <SimpleData name="Monto">0.00000000000</SimpleData>
            <SimpleData name="Grupo_de_p">I-GN-XX-XX-XX</SimpleData>
            <SimpleData name="Estado_del">Activo</SimpleData>
            <SimpleData name="Empresa">Emilio Sol?s Grance</SimpleData>
            <SimpleData name="Lote">I</SimpleData>
            <SimpleData name="Parametro">0.00000000000</SimpleData>
            <SimpleData name="Sup_SIG">0.71973670521</SimpleData>
            <SimpleData name="X">-56.51453423000</SimpleData>
            <SimpleData name="Y">-24.02272750000</SimpleData>
            <SimpleData name="cedula">6325119</SimpleData>
            <SimpleData name="Cédula_1">6325119.00000000000</SimpleData>
            <SimpleData name="Estado_d_1">Activo</SimpleData>
            <SimpleData name="OBJECTID_1">6172</SimpleData>
            <SimpleData name="Shape_Leng">519.17630492700</SimpleData>
            <SimpleData name="Shape_Area">7197.36705212000</SimpleData>
          </SchemaData>
        </ExtendedData>
        <MultiGeometry>
          <Polygon>
            <outerBoundaryIs>
              <LinearRing>
                <coordinates>
                  -56.5147263992654,-24.0235337999897,0
                  -56.5149339005254,-24.0234644993585,0
                  -56.5149811999176,-24.0229728001581,0
                  -56.5145382999136,-24.0229416992708,0
                  -56.5144622000606,-24.0235080002348,0
                  -56.5147263992654,-24.0235337999897,0
                </coordinates>
              </LinearRing>
            </outerBoundaryIs>
          </Polygon>
          <Polygon>
            <outerBoundaryIs>
              <LinearRing>
                <coordinates>
                  -56.5145629003638,-24.0229336998558,0
                  -56.5146249998462,-24.0218799997986,0
                  -56.5142651999097,-24.0218546998283,0
                  -56.5141879999351,-24.0228883991425,0
                  -56.5145629003638,-24.0229336998558,0
                </coordinates>
              </LinearRing>
            </outerBoundaryIs>
          </Polygon>
        </MultiGeometry>
      </Placemark>
      <Placemark id="Lote_I.156">
        <ExtendedData>
          <SchemaData schemaUrl="#Lote_I.schema">
            <SimpleData name="Cédula">6382175.00000000000</SimpleData>
            <SimpleData name="Nombres_y_">LORENZA JIMENEZ CUENCA</SimpleData>
            <SimpleData name="Sexo">Mujer</SimpleData>
            <SimpleData name="Cambio_de_">NO</SimpleData>
            <SimpleData name="Titular_se">NO</SimpleData>
            <SimpleData name="ci_UNIF">6382175.00000000000</SimpleData>
            <SimpleData name="Situación">NO</SimpleData>
            <SimpleData name="Comunidad">Campesina</SimpleData>
            <SimpleData name="Modelo_imp">Modelo 1</SimpleData>
            <SimpleData name="Departamen">SAN PEDRO</SimpleData>
            <SimpleData name="Distrito">LIMA</SimpleData>
            <SimpleData name="Localidad">MARISCAL LOPEZ  (SANGUINA CUE)</SimpleData>
            <SimpleData name="Teléfono">0981993943</SimpleData>
            <SimpleData name="Vivienda_L">-24.00096280000</SimpleData>
            <SimpleData name="Vivienda_1">-56.50452790000</SimpleData>
            <SimpleData name="Superficie">0.80000000000</SimpleData>
            <SimpleData name="Situaci_1">Par?metro</SimpleData>
            <SimpleData name="Plantado">SI</SimpleData>
            <SimpleData name="Fecha_Plan">2026/06/17</SimpleData>
            <SimpleData name="Jornales">0.00000000000</SimpleData>
            <SimpleData name="Monto">0.00000000000</SimpleData>
            <SimpleData name="Grupo_de_p">I-GN-XX-XX-XX</SimpleData>
            <SimpleData name="Estado_del">Activo</SimpleData>
            <SimpleData name="Empresa">Emilio Sol?s Grance</SimpleData>
            <SimpleData name="Lote">I</SimpleData>
            <SimpleData name="Parametro">0.00000000000</SimpleData>
            <SimpleData name="Sup_SIG">0.84877568587</SimpleData>
            <SimpleData name="X">-56.50574137000</SimpleData>
            <SimpleData name="Y">-23.97946181000</SimpleData>
            <SimpleData name="cedula">6382175</SimpleData>
            <SimpleData name="Cédula_1">6382175.00000000000</SimpleData>
            <SimpleData name="Estado_d_1">Activo</SimpleData>
            <SimpleData name="OBJECTID_1">6159</SimpleData>
            <SimpleData name="Shape_Leng">467.38217557200</SimpleData>
            <SimpleData name="Shape_Area">8487.75685867000</SimpleData>
          </SchemaData>
        </ExtendedData>
        <Polygon>
          <outerBoundaryIs>
            <LinearRing>
              <coordinates>
                -56.5053392997651,-23.9795150996297,0
                -56.5051777002239,-23.9795978995321,0
                -56.5050962006383,-23.979558599997,0
                -56.5047402994724,-23.9797291000374,0
                -56.5050784001756,-23.9799994004451,0
                -56.5066144996234,-23.9792979998465,0
                -56.5065830999906,-23.9790354995866,0
                -56.5062092999778,-23.978997100203,0
                -56.505440099846,-23.9793050998192,0
                -56.5053392997651,-23.9795150996297,0
              </coordinates>
            </LinearRing>
          </outerBoundaryIs>
        </Polygon>
      </Placemark>
      <Placemark id="Lote_I.157">
        <ExtendedData>
          <SchemaData schemaUrl="#Lote_I.schema">
            <SimpleData name="Cédula">6702334.00000000000</SimpleData>
            <SimpleData name="Nombres_y_">CIRIACA MARTINEZ RIOS</SimpleData>
            <SimpleData name="Sexo">Mujer</SimpleData>
            <SimpleData name="Cambio_de_">NO</SimpleData>
            <SimpleData name="Titular_se">NO</SimpleData>
            <SimpleData name="ci_UNIF">6702334.00000000000</SimpleData>
            <SimpleData name="Situación">NO</SimpleData>
            <SimpleData name="Comunidad">Campesina</SimpleData>
            <SimpleData name="Modelo_imp">Modelo 5</SimpleData>
            <SimpleData name="Departamen">SAN PEDRO</SimpleData>
            <SimpleData name="Distrito">LIMA</SimpleData>
            <SimpleData name="Localidad">NARANJATY</SimpleData>
            <SimpleData name="Teléfono">0993450204</SimpleData>
            <SimpleData name="Vivienda_L">-24.00922580000</SimpleData>
            <SimpleData name="Vivienda_1">-56.51405350000</SimpleData>
            <SimpleData name="Superficie">0.70000000000</SimpleData>
            <SimpleData name="Situaci_1">Par?metro</SimpleData>
            <SimpleData name="Plantado">SI</SimpleData>
            <SimpleData name="Fecha_Plan">2026/06/08</SimpleData>
            <SimpleData name="Jornales">0.00000000000</SimpleData>
            <SimpleData name="Monto">0.00000000000</SimpleData>
            <SimpleData name="Grupo_de_p">I-GN-XX-XX-XX</SimpleData>
            <SimpleData name="Estado_del">Activo</SimpleData>
            <SimpleData name="Empresa">Emilio Sol?s Grance</SimpleData>
            <SimpleData name="Lote">I</SimpleData>
            <SimpleData name="Parametro">0.00000000000</SimpleData>
            <SimpleData name="Sup_SIG">0.72106927077</SimpleData>
            <SimpleData name="X">-56.51463718000</SimpleData>
            <SimpleData name="Y">-24.00038397000</SimpleData>
            <SimpleData name="cedula">6702334</SimpleData>
            <SimpleData name="Cédula_1">6702334.00000000000</SimpleData>
            <SimpleData name="Estado_d_1">Activo</SimpleData>
            <SimpleData name="OBJECTID_1">6120</SimpleData>
            <SimpleData name="Shape_Leng">341.90969707300</SimpleData>
            <SimpleData name="Shape_Area">7210.69270771000</SimpleData>
          </SchemaData>
        </ExtendedData>
        <Polygon>
          <outerBoundaryIs>
            <LinearRing>
              <coordinates>
                -56.5141842995781,-24.0007419992196,0
                -56.5149133007616,-24.0008714002563,0
                -56.5150921997167,-24.0000327992476,0
                -56.5143617997495,-23.9998916999521,0
                -56.5141842995781,-24.0007419992196,0
              </coordinates>
            </LinearRing>
          </outerBoundaryIs>
        </Polygon>
      </Placemark>
      <Placemark id="Lote_I.158">
        <ExtendedData>
          <SchemaData schemaUrl="#Lote_I.schema">
            <SimpleData name="Cédula">6838232.00000000000</SimpleData>
            <SimpleData name="Nombres_y_">IGNACIA BOGADO GAVILAN</SimpleData>
            <SimpleData name="Sexo">Mujer</SimpleData>
            <SimpleData name="Cambio_de_">NO</SimpleData>
            <SimpleData name="Titular_se">NO</SimpleData>
            <SimpleData name="ci_UNIF">6838232.00000000000</SimpleData>
            <SimpleData name="Comunidad">Campesina</SimpleData>
            <SimpleData name="Modelo_imp">Modelo 1</SimpleData>
            <SimpleData name="Departamen">SAN PEDRO</SimpleData>
            <SimpleData name="Distrito">LIMA</SimpleData>
            <SimpleData name="Localidad">COLONIA PRIMAVERA</SimpleData>
            <SimpleData name="Teléfono">982933328</SimpleData>
            <SimpleData name="Vivienda_L">-23.98131000000</SimpleData>
            <SimpleData name="Vivienda_1">-56.50208830000</SimpleData>
            <SimpleData name="Superficie">0.80000000000</SimpleData>
            <SimpleData name="Situaci_1">Parametro</SimpleData>
            <SimpleData name="Plantado">SI</SimpleData>
            <SimpleData name="Fecha_Plan">2026/06/09</SimpleData>
            <SimpleData name="Jornales">0.00000000000</SimpleData>
            <SimpleData name="Monto">0.00000000000</SimpleData>
            <SimpleData name="Grupo_de_p">I-GN-XX-XX-XX</SimpleData>
            <SimpleData name="Estado_del">Activo</SimpleData>
            <SimpleData name="Empresa">Emilio Sol?s Grance</SimpleData>
            <SimpleData name="Lote">I</SimpleData>
            <SimpleData name="Parametro">0.00000000000</SimpleData>
            <SimpleData name="Sup_SIG">0.90462223304</SimpleData>
            <SimpleData name="X">-56.50349211000</SimpleData>
            <SimpleData name="Y">-23.98100140000</SimpleData>
            <SimpleData name="cedula">6838232</SimpleData>
            <SimpleData name="Cédula_1">6838232.00000000000</SimpleData>
            <SimpleData name="Estado_d_1">Activo</SimpleData>
            <SimpleData name="OBJECTID_1">6419</SimpleData>
            <SimpleData name="Shape_Leng">431.20669485100</SimpleData>
            <SimpleData name="Shape_Area">9046.22233040000</SimpleData>
          </SchemaData>
        </ExtendedData>
        <Polygon>
          <outerBoundaryIs>
            <LinearRing>
              <coordinates>
                -56.5025551998153,-23.9811227001651,0
                -56.5026926004524,-23.9813265995454,0
                -56.5039092006614,-23.9812685998561,0
                -56.5041492000385,-23.9811704003439,0
                -56.504179999247,-23.9810868004773,0
                -56.504098099841,-23.9804801000671,0
                -56.503854299988,-23.9805294001833,0
                -56.5036059008113,-23.9807378998681,0
                -56.5028743005795,-23.9809154004711,0
                -56.5027200996322,-23.9809944002253,0
                -56.5025551998153,-23.9811227001651,0
              </coordinates>
            </LinearRing>
          </outerBoundaryIs>
        </Polygon>
      </Placemark>
      <Placemark id="Lote_I.159">
        <ExtendedData>
          <SchemaData schemaUrl="#Lote_I.schema">
            <SimpleData name="Cédula">6861594.00000000000</SimpleData>
            <SimpleData name="Nombres_y_">MARIA ESTER TORREZ DUARTE</SimpleData>
            <SimpleData name="Sexo">Mujer</SimpleData>
            <SimpleData name="Cambio_de_">NO</SimpleData>
            <SimpleData name="Titular_se">NO</SimpleData>
            <SimpleData name="ci_UNIF">6861594.00000000000</SimpleData>
            <SimpleData name="Situación">NO</SimpleData>
            <SimpleData name="Comunidad">Campesina</SimpleData>
            <SimpleData name="Modelo_imp">Modelo 2</SimpleData>
            <SimpleData name="Departamen">SAN PEDRO</SimpleData>
            <SimpleData name="Distrito">LIMA</SimpleData>
            <SimpleData name="Localidad">NARANJATY</SimpleData>
            <SimpleData name="Teléfono">0983452851</SimpleData>
            <SimpleData name="Vivienda_L">-24.01248630000</SimpleData>
            <SimpleData name="Vivienda_1">-56.52441810000</SimpleData>
            <SimpleData name="Superficie">0.80000000000</SimpleData>
            <SimpleData name="Situaci_1">Par?metro</SimpleData>
            <SimpleData name="Plantado">SI</SimpleData>
            <SimpleData name="Fecha_Plan">2026/06/17</SimpleData>
            <SimpleData name="Jornales">0.00000000000</SimpleData>
            <SimpleData name="Monto">0.00000000000</SimpleData>
            <SimpleData name="Grupo_de_p">I-GN-XX-XX-XX</SimpleData>
            <SimpleData name="Estado_del">Activo</SimpleData>
            <SimpleData name="Empresa">Emilio Sol?s Grance</SimpleData>
            <SimpleData name="Lote">I</SimpleData>
            <SimpleData name="Parametro">0.00000000000</SimpleData>
            <SimpleData name="Sup_SIG">0.90651619010</SimpleData>
            <SimpleData name="X">-56.52442291000</SimpleData>
            <SimpleData name="Y">-24.01394805000</SimpleData>
            <SimpleData name="cedula">6861594</SimpleData>
            <SimpleData name="Cédula_1">6861594.00000000000</SimpleData>
            <SimpleData name="Estado_d_1">Activo</SimpleData>
            <SimpleData name="OBJECTID_1">6132</SimpleData>
            <SimpleData name="Shape_Leng">631.98480906700</SimpleData>
            <SimpleData name="Shape_Area">9065.16190096000</SimpleData>
          </SchemaData>
        </ExtendedData>
        <MultiGeometry>
          <Polygon>
            <outerBoundaryIs>
              <LinearRing>
                <coordinates>
                  -56.523325199584,-24.0185234000002,0
                  -56.5234491009657,-24.0179756000475,0
                  -56.5228347000908,-24.0178440998738,0
                  -56.5227350004545,-24.018472499975,0
                  -56.523325199584,-24.0185234000002,0
                </coordinates>
              </LinearRing>
            </outerBoundaryIs>
          </Polygon>
          <Polygon>
            <outerBoundaryIs>
              <LinearRing>
                <coordinates>
                  -56.524491099536,-24.0146783000775,0
                  -56.5246636001295,-24.0132371003368,0
                  -56.5243882008387,-24.0132078004058,0
                  -56.5241757009744,-24.0144507004576,0
                  -56.52418900019,-24.0145838996209,0
                  -56.524491099536,-24.0146783000775,0
                </coordinates>
              </LinearRing>
            </outerBoundaryIs>
          </Polygon>
        </MultiGeometry>
      </Placemark>
      <Placemark id="Lote_I.160">
        <ExtendedData>
          <SchemaData schemaUrl="#Lote_I.schema">
            <SimpleData name="Cédula">6948207.00000000000</SimpleData>
            <SimpleData name="Nombres_y_">PABLINA BOGADO VEGA</SimpleData>
            <SimpleData name="Sexo">Mujer</SimpleData>
            <SimpleData name="Cambio_de_">NO</SimpleData>
            <SimpleData name="Titular_se">NO</SimpleData>
            <SimpleData name="ci_UNIF">6948207.00000000000</SimpleData>
            <SimpleData name="Situación">NO</SimpleData>
            <SimpleData name="Comunidad">Campesina</SimpleData>
            <SimpleData name="Modelo_imp">Modelo 1</SimpleData>
            <SimpleData name="Departamen">SAN PEDRO</SimpleData>
            <SimpleData name="Distrito">LIMA</SimpleData>
            <SimpleData name="Localidad">NARANJATY</SimpleData>
            <SimpleData name="Teléfono">0986535450</SimpleData>
            <SimpleData name="Vivienda_L">-24.01268960000</SimpleData>
            <SimpleData name="Vivienda_1">-56.52269450000</SimpleData>
            <SimpleData name="Superficie">0.80000000000</SimpleData>
            <SimpleData name="Situaci_1">Par?metro</SimpleData>
            <SimpleData name="Plantado">SI</SimpleData>
            <SimpleData name="Fecha_Plan">2026/06/08</SimpleData>
            <SimpleData name="Jornales">0.00000000000</SimpleData>
            <SimpleData name="Monto">0.00000000000</SimpleData>
            <SimpleData name="Grupo_de_p">I-GN-XX-XX-XX</SimpleData>
            <SimpleData name="Estado_del">Activo</SimpleData>
            <SimpleData name="Empresa">Emilio Sol?s Grance</SimpleData>
            <SimpleData name="Lote">I</SimpleData>
            <SimpleData name="Parametro">0.00000000000</SimpleData>
            <SimpleData name="Sup_SIG">0.93962487302</SimpleData>
            <SimpleData name="X">-56.52212265000</SimpleData>
            <SimpleData name="Y">-24.01751473000</SimpleData>
            <SimpleData name="cedula">6948207</SimpleData>
            <SimpleData name="Cédula_1">6948207.00000000000</SimpleData>
            <SimpleData name="Estado_d_1">Activo</SimpleData>
            <SimpleData name="OBJECTID_1">6126</SimpleData>
            <SimpleData name="Shape_Leng">393.52853420500</SimpleData>
            <SimpleData name="Shape_Area">9396.24873018000</SimpleData>
          </SchemaData>
        </ExtendedData>
        <Polygon>
          <outerBoundaryIs>
            <LinearRing>
              <coordinates>
                -56.5216444002405,-24.017963200564,0
                -56.5224059003083,-24.0180991001804,0
                -56.5226262003543,-24.0170434993353,0
                -56.5217892999914,-24.0169768004443,0
                -56.5216444002405,-24.017963200564,0
              </coordinates>
            </LinearRing>
          </outerBoundaryIs>
        </Polygon>
      </Placemark>
      <Placemark id="Lote_I.161">
        <ExtendedData>
          <SchemaData schemaUrl="#Lote_I.schema">
            <SimpleData name="Cédula">3039220.00000000000</SimpleData>
            <SimpleData name="Nombres_y_">RICARDO RAMON APEZTEGUIA MALOCEVICH</SimpleData>
            <SimpleData name="Sexo">Hombre</SimpleData>
            <SimpleData name="Cambio_de_">NO</SimpleData>
            <SimpleData name="Titular_se">NO</SimpleData>
            <SimpleData name="ci_UNIF">3039220.00000000000</SimpleData>
            <SimpleData name="Situación">NO</SimpleData>
            <SimpleData name="Comunidad">Campesina</SimpleData>
            <SimpleData name="Modelo_imp">Modelo 5</SimpleData>
            <SimpleData name="Departamen">SAN PEDRO</SimpleData>
            <SimpleData name="Distrito">CHORE</SimpleData>
            <SimpleData name="Localidad">15 DE AGOSTO</SimpleData>
            <SimpleData name="Teléfono">0984209708</SimpleData>
            <SimpleData name="Vivienda_L">-24.08275870000</SimpleData>
            <SimpleData name="Vivienda_1">-56.68954620000</SimpleData>
            <SimpleData name="Superficie">0.70000000000</SimpleData>
            <SimpleData name="Situaci_1">Par?metro</SimpleData>
            <SimpleData name="Plantado">SI</SimpleData>
            <SimpleData name="Fecha_Plan">2026/06/18</SimpleData>
            <SimpleData name="Jornales">0.00000000000</SimpleData>
            <SimpleData name="Monto">0.00000000000</SimpleData>
            <SimpleData name="Grupo_de_p">I-GN-XX-XX-XX</SimpleData>
            <SimpleData name="Estado_del">Activo</SimpleData>
            <SimpleData name="Empresa">Emilio Sol?s Grance</SimpleData>
            <SimpleData name="Lote">I</SimpleData>
            <SimpleData name="Parametro">0.00000000000</SimpleData>
            <SimpleData name="Sup_SIG">0.78096649207</SimpleData>
            <SimpleData name="X">-56.68962591000</SimpleData>
            <SimpleData name="Y">-24.08431475000</SimpleData>
            <SimpleData name="cedula">3039220</SimpleData>
            <SimpleData name="Cédula_1">3039220.00000000000</SimpleData>
            <SimpleData name="Estado_d_1">Activo</SimpleData>
            <SimpleData name="OBJECTID_1">5967</SimpleData>
            <SimpleData name="Shape_Leng">511.61491304500</SimpleData>
            <SimpleData name="Shape_Area">7809.66492071000</SimpleData>
          </SchemaData>
        </ExtendedData>
        <Polygon>
          <outerBoundaryIs>
            <LinearRing>
              <coordinates>
                -56.6895167003172,-24.083313299841,0
                -56.6893683000404,-24.0852816999709,0
                -56.6896782997512,-24.0851966996293,0
                -56.6896650000563,-24.0849317006635,0
                -56.6898788005567,-24.0849402993952,0
                -56.689774900191,-24.0832919995439,0
                -56.6895167003172,-24.083313299841,0
              </coordinates>
            </LinearRing>
          </outerBoundaryIs>
        </Polygon>
      </Placemark>
      <Placemark id="Lote_I.162">
        <ExtendedData>
          <SchemaData schemaUrl="#Lote_I.schema">
            <SimpleData name="Cédula">4338465.00000000000</SimpleData>
            <SimpleData name="Nombres_y_">JUAN ANTONIO FRANCO CANDIA</SimpleData>
            <SimpleData name="Sexo">Hombre</SimpleData>
            <SimpleData name="Cambio_de_">NO</SimpleData>
            <SimpleData name="Titular_se">NO</SimpleData>
            <SimpleData name="ci_UNIF">4338465.00000000000</SimpleData>
            <SimpleData name="Situación">NO</SimpleData>
            <SimpleData name="Comunidad">Campesina</SimpleData>
            <SimpleData name="Modelo_imp">Modelo 5</SimpleData>
            <SimpleData name="Departamen">SAN PEDRO</SimpleData>
            <SimpleData name="Distrito">LIMA</SimpleData>
            <SimpleData name="Localidad">NARANJATY</SimpleData>
            <SimpleData name="Teléfono">0975332115</SimpleData>
            <SimpleData name="Vivienda_L">-24.01265640000</SimpleData>
            <SimpleData name="Vivienda_1">-56.52623570000</SimpleData>
            <SimpleData name="Superficie">0.70000000000</SimpleData>
            <SimpleData name="Situaci_1">Par?metro</SimpleData>
            <SimpleData name="Plantado">SI</SimpleData>
            <SimpleData name="Fecha_Plan">2026/06/17</SimpleData>
            <SimpleData name="Jornales">0.00000000000</SimpleData>
            <SimpleData name="Monto">0.00000000000</SimpleData>
            <SimpleData name="Grupo_de_p">I-GN-XX-XX-XX</SimpleData>
            <SimpleData name="Estado_del">Activo</SimpleData>
            <SimpleData name="Empresa">Emilio Sol?s Grance</SimpleData>
            <SimpleData name="Lote">I</SimpleData>
            <SimpleData name="Parametro">0.00000000000</SimpleData>
            <SimpleData name="Sup_SIG">0.69980291776</SimpleData>
            <SimpleData name="X">-56.52593131000</SimpleData>
            <SimpleData name="Y">-24.01487906000</SimpleData>
            <SimpleData name="cedula">4338465</SimpleData>
            <SimpleData name="Cédula_1">4338465.00000000000</SimpleData>
            <SimpleData name="Estado_d_1">Activo</SimpleData>
            <SimpleData name="OBJECTID_1">6131</SimpleData>
            <SimpleData name="Shape_Leng">576.03109465200</SimpleData>
            <SimpleData name="Shape_Area">6998.02917759000</SimpleData>
          </SchemaData>
        </ExtendedData>
        <Polygon>
          <outerBoundaryIs>
            <LinearRing>
              <coordinates>
                -56.5255988999825,-24.0159962006789,0
                -56.5258803994721,-24.0160306999705,0
                -56.5262500001349,-24.013730000066,0
                -56.5260183002422,-24.0136416997758,0
                -56.5255988999825,-24.0159962006789,0
              </coordinates>
            </LinearRing>
          </outerBoundaryIs>
        </Polygon>
      </Placemark>
      <Placemark id="Lote_I.163">
        <ExtendedData>
          <SchemaData schemaUrl="#Lote_I.schema">
            <SimpleData name="Cédula">4409178.00000000000</SimpleData>
            <SimpleData name="Nombres_y_">EMILIA RAMONA VALENZUELA ACOSTA</SimpleData>
            <SimpleData name="Sexo">Mujer</SimpleData>
            <SimpleData name="Cambio_de_">NO</SimpleData>
            <SimpleData name="Titular_se">NO</SimpleData>
            <SimpleData name="ci_UNIF">4409178.00000000000</SimpleData>
            <SimpleData name="Situación">NO</SimpleData>
            <SimpleData name="Comunidad">Campesina</SimpleData>
            <SimpleData name="Modelo_imp">Modelo 5</SimpleData>
            <SimpleData name="Departamen">SAN PEDRO</SimpleData>
            <SimpleData name="Distrito">GUAYAIBI</SimpleData>
            <SimpleData name="Localidad">PRIMERA LINEA CHACHI</SimpleData>
            <SimpleData name="Teléfono">0993262958</SimpleData>
            <SimpleData name="Vivienda_L">-24.48801730000</SimpleData>
            <SimpleData name="Vivienda_1">-56.44680660000</SimpleData>
            <SimpleData name="Superficie">0.70000000000</SimpleData>
            <SimpleData name="Situaci_1">Par?metro</SimpleData>
            <SimpleData name="Plantado">SI</SimpleData>
            <SimpleData name="Fecha_Plan">2026/06/17</SimpleData>
            <SimpleData name="Jornales">0.00000000000</SimpleData>
            <SimpleData name="Monto">0.00000000000</SimpleData>
            <SimpleData name="Grupo_de_p">I-GN-XX-XX-XX</SimpleData>
            <SimpleData name="Estado_del">Activo</SimpleData>
            <SimpleData name="Empresa">Emilio Sol?s Grance</SimpleData>
            <SimpleData name="Lote">I</SimpleData>
            <SimpleData name="Parametro">0.00000000000</SimpleData>
            <SimpleData name="Sup_SIG">0.89374330480</SimpleData>
            <SimpleData name="X">-56.44555639000</SimpleData>
            <SimpleData name="Y">-24.48850038000</SimpleData>
            <SimpleData name="cedula">4409178</SimpleData>
            <SimpleData name="Cédula_1">4409178.00000000000</SimpleData>
            <SimpleData name="Estado_d_1">Activo</SimpleData>
            <SimpleData name="OBJECTID_1">6091</SimpleData>
            <SimpleData name="Shape_Leng">403.95142898700</SimpleData>
            <SimpleData name="Shape_Area">8937.43304803000</SimpleData>
          </SchemaData>
        </ExtendedData>
        <Polygon>
          <outerBoundaryIs>
            <LinearRing>
              <coordinates>
                -56.4448207998584,-24.4887538001287,0
                -56.4462093006723,-24.4888296000408,0
                -56.4461853006833,-24.4881530001566,0
                -56.4453062004573,-24.4882110001318,0
                -56.4452660999765,-24.4882261999668,0
                -56.4448462998881,-24.4882920997686,0
                -56.4448207998584,-24.4887538001287,0
              </coordinates>
            </LinearRing>
          </outerBoundaryIs>
        </Polygon>
      </Placemark>
      <Placemark id="Lote_I.164">
        <ExtendedData>
          <SchemaData schemaUrl="#Lote_I.schema">
            <SimpleData name="Cédula">4499866.00000000000</SimpleData>
            <SimpleData name="Nombres_y_">JOEL CENTURION ALEGRE</SimpleData>
            <SimpleData name="Sexo">Hombre</SimpleData>
            <SimpleData name="Cambio_de_">NO</SimpleData>
            <SimpleData name="Titular_se">NO</SimpleData>
            <SimpleData name="ci_UNIF">4499866.00000000000</SimpleData>
            <SimpleData name="Situación">NO</SimpleData>
            <SimpleData name="Comunidad">Campesina</SimpleData>
            <SimpleData name="Modelo_imp">Modelo 5</SimpleData>
            <SimpleData name="Departamen">SAN PEDRO</SimpleData>
            <SimpleData name="Distrito">CHORE</SimpleData>
            <SimpleData name="Localidad">15 DE AGOSTO</SimpleData>
            <SimpleData name="Teléfono">0984944097</SimpleData>
            <SimpleData name="Vivienda_L">-24.09257960000</SimpleData>
            <SimpleData name="Vivienda_1">-56.68084340000</SimpleData>
            <SimpleData name="Superficie">0.70000000000</SimpleData>
            <SimpleData name="Situaci_1">Par?metro</SimpleData>
            <SimpleData name="Plantado">SI</SimpleData>
            <SimpleData name="Fecha_Plan">2026/06/18</SimpleData>
            <SimpleData name="Jornales">0.00000000000</SimpleData>
            <SimpleData name="Monto">0.00000000000</SimpleData>
            <SimpleData name="Grupo_de_p">I-GN-XX-XX-XX</SimpleData>
            <SimpleData name="Estado_del">Activo</SimpleData>
            <SimpleData name="Empresa">Emilio Sol?s Grance</SimpleData>
            <SimpleData name="Lote">I</SimpleData>
            <SimpleData name="Parametro">0.00000000000</SimpleData>
            <SimpleData name="Sup_SIG">0.83347084342</SimpleData>
            <SimpleData name="X">-56.68077843000</SimpleData>
            <SimpleData name="Y">-24.08907600000</SimpleData>
            <SimpleData name="cedula">4499866</SimpleData>
            <SimpleData name="Cédula_1">4499866.00000000000</SimpleData>
            <SimpleData name="Estado_d_1">Activo</SimpleData>
            <SimpleData name="OBJECTID_1">5960</SimpleData>
            <SimpleData name="Shape_Leng">556.25605477100</SimpleData>
            <SimpleData name="Shape_Area">8334.70843424000</SimpleData>
          </SchemaData>
        </ExtendedData>
        <MultiGeometry>
          <Polygon>
            <outerBoundaryIs>
              <LinearRing>
                <coordinates>
                  -56.6801633000702,-24.0913982995613,0
                  -56.6805167007226,-24.0913466992795,0
                  -56.680361101054,-24.0903962997087,0
                  -56.6800232998701,-24.0904332994203,0
                  -56.6801633000702,-24.0913982995613,0
                </coordinates>
              </LinearRing>
            </outerBoundaryIs>
          </Polygon>
          <Polygon>
            <outerBoundaryIs>
              <LinearRing>
                <coordinates>
                  -56.6811299001465,-24.0893645997149,0
                  -56.6811277010676,-24.0887598994612,0
                  -56.6803616007552,-24.0888481999378,0
                  -56.6804598996264,-24.0893604001827,0
                  -56.6811299001465,-24.0893645997149,0
                </coordinates>
              </LinearRing>
            </outerBoundaryIs>
          </Polygon>
        </MultiGeometry>
      </Placemark>
      <Placemark id="Lote_I.165">
        <ExtendedData>
          <SchemaData schemaUrl="#Lote_I.schema">
            <SimpleData name="Cédula">4857337.00000000000</SimpleData>
            <SimpleData name="Nombres_y_">MARIA BENITA APEZTEGUIA MALOCEVICH</SimpleData>
            <SimpleData name="Sexo">Mujer</SimpleData>
            <SimpleData name="Cambio_de_">NO</SimpleData>
            <SimpleData name="Titular_se">NO</SimpleData>
            <SimpleData name="ci_UNIF">4857337.00000000000</SimpleData>
            <SimpleData name="Situación">NO</SimpleData>
            <SimpleData name="Comunidad">Campesina</SimpleData>
            <SimpleData name="Modelo_imp">Modelo 3</SimpleData>
            <SimpleData name="Departamen">SAN PEDRO</SimpleData>
            <SimpleData name="Distrito">CHORE</SimpleData>
            <SimpleData name="Localidad">15 DE AGOSTO</SimpleData>
            <SimpleData name="Teléfono">0986671387</SimpleData>
            <SimpleData name="Vivienda_L">-24.09310760000</SimpleData>
            <SimpleData name="Vivienda_1">-56.68270650000</SimpleData>
            <SimpleData name="Superficie">1.00000000000</SimpleData>
            <SimpleData name="Situaci_1">Par?metro</SimpleData>
            <SimpleData name="Plantado">SI</SimpleData>
            <SimpleData name="Fecha_Plan">2026/06/18</SimpleData>
            <SimpleData name="Jornales">0.00000000000</SimpleData>
            <SimpleData name="Monto">0.00000000000</SimpleData>
            <SimpleData name="Grupo_de_p">I-GN-XX-XX-XX</SimpleData>
            <SimpleData name="Estado_del">Activo</SimpleData>
            <SimpleData name="Empresa">Emilio Sol?s Grance</SimpleData>
            <SimpleData name="Lote">I</SimpleData>
            <SimpleData name="Parametro">0.00000000000</SimpleData>
            <SimpleData name="Sup_SIG">1.04497472156</SimpleData>
            <SimpleData name="X">-56.68079921000</SimpleData>
            <SimpleData name="Y">-24.09733430000</SimpleData>
            <SimpleData name="cedula">4857337</SimpleData>
            <SimpleData name="Cédula_1">4857337.00000000000</SimpleData>
            <SimpleData name="Estado_d_1">Activo</SimpleData>
            <SimpleData name="OBJECTID_1">5961</SimpleData>
            <SimpleData name="Shape_Leng">411.62639598800</SimpleData>
            <SimpleData name="Shape_Area">10449.74721560000</SimpleData>
          </SchemaData>
        </ExtendedData>
        <Polygon>
          <outerBoundaryIs>
            <LinearRing>
              <coordinates>
                -56.6803549995048,-24.0978050001691,0
                -56.6812600993937,-24.0978847998722,0
                -56.6812418000087,-24.0968344997601,0
                -56.6803208000801,-24.0968184007184,0
                -56.6803549995048,-24.0978050001691,0
              </coordinates>
            </LinearRing>
          </outerBoundaryIs>
        </Polygon>
      </Placemark>
      <Placemark id="Lote_I.166">
        <ExtendedData>
          <SchemaData schemaUrl="#Lote_I.schema">
            <SimpleData name="Cédula">5216395.00000000000</SimpleData>
            <SimpleData name="Nombres_y_">MARIELA CACERES PE?A</SimpleData>
            <SimpleData name="Sexo">Mujer</SimpleData>
            <SimpleData name="Cambio_de_">NO</SimpleData>
            <SimpleData name="Titular_se">NO</SimpleData>
            <SimpleData name="ci_UNIF">5216395.00000000000</SimpleData>
            <SimpleData name="Situación">NO</SimpleData>
            <SimpleData name="Comunidad">Campesina</SimpleData>
            <SimpleData name="Modelo_imp">Modelo 2</SimpleData>
            <SimpleData name="Departamen">SAN PEDRO</SimpleData>
            <SimpleData name="Distrito">LIMA</SimpleData>
            <SimpleData name="Localidad">NARANJATY</SimpleData>
            <SimpleData name="Teléfono">0981707187</SimpleData>
            <SimpleData name="Vivienda_L">-24.01285140000</SimpleData>
            <SimpleData name="Vivienda_1">-56.53294980000</SimpleData>
            <SimpleData name="Superficie">0.80000000000</SimpleData>
            <SimpleData name="Situaci_1">Par?metro</SimpleData>
            <SimpleData name="Plantado">SI</SimpleData>
            <SimpleData name="Fecha_Plan">2026/06/17</SimpleData>
            <SimpleData name="Jornales">0.00000000000</SimpleData>
            <SimpleData name="Monto">0.00000000000</SimpleData>
            <SimpleData name="Grupo_de_p">I-GN-XX-XX-XX</SimpleData>
            <SimpleData name="Estado_del">Activo</SimpleData>
            <SimpleData name="Empresa">Emilio Sol?s Grance</SimpleData>
            <SimpleData name="Lote">I</SimpleData>
            <SimpleData name="Parametro">0.00000000000</SimpleData>
            <SimpleData name="Sup_SIG">0.85823174093</SimpleData>
            <SimpleData name="X">-56.53319598000</SimpleData>
            <SimpleData name="Y">-24.01010299000</SimpleData>
            <SimpleData name="cedula">5216395</SimpleData>
            <SimpleData name="Cédula_1">5216395.00000000000</SimpleData>
            <SimpleData name="Estado_d_1">Activo</SimpleData>
            <SimpleData name="OBJECTID_1">6130</SimpleData>
            <SimpleData name="Shape_Leng">594.80693630600</SimpleData>
            <SimpleData name="Shape_Area">8582.31740930000</SimpleData>
          </SchemaData>
        </ExtendedData>
        <Polygon>
          <outerBoundaryIs>
            <LinearRing>
              <coordinates>
                -56.532907300008,-24.0113812000426,0
                -56.5331417005088,-24.0114050001454,0
                -56.5335400005599,-24.0090349996627,0
                -56.5331399993233,-24.0090021001201,0
                -56.532907300008,-24.0113812000426,0
              </coordinates>
            </LinearRing>
          </outerBoundaryIs>
        </Polygon>
      </Placemark>
      <Placemark id="Lote_I.167">
        <ExtendedData>
          <SchemaData schemaUrl="#Lote_I.schema">
            <SimpleData name="Cédula">5431705.00000000000</SimpleData>
            <SimpleData name="Nombres_y_">SANDRA ROSA MENDIETA MARTINEZ</SimpleData>
            <SimpleData name="Sexo">Mujer</SimpleData>
            <SimpleData name="Cambio_de_">NO</SimpleData>
            <SimpleData name="Titular_se">NO</SimpleData>
            <SimpleData name="ci_UNIF">5431705.00000000000</SimpleData>
            <SimpleData name="Comunidad">Campesina</SimpleData>
            <SimpleData name="Modelo_imp">Modelo 5</SimpleData>
            <SimpleData name="Departamen">SAN PEDRO</SimpleData>
            <SimpleData name="Distrito">CHORE</SimpleData>
            <SimpleData name="Localidad">SAN BLAS 2</SimpleData>
            <SimpleData name="Teléfono">981931254</SimpleData>
            <SimpleData name="Vivienda_L">-24.11209630000</SimpleData>
            <SimpleData name="Vivienda_1">-56.65831480000</SimpleData>
            <SimpleData name="Superficie">0.70000000000</SimpleData>
            <SimpleData name="Situaci_1">Parametro</SimpleData>
            <SimpleData name="Plantado">SI</SimpleData>
            <SimpleData name="Fecha_Plan">2026/06/12</SimpleData>
            <SimpleData name="Jornales">0.00000000000</SimpleData>
            <SimpleData name="Monto">0.00000000000</SimpleData>
            <SimpleData name="Grupo_de_p">I-GN-XX-XX-XX</SimpleData>
            <SimpleData name="Estado_del">Activo</SimpleData>
            <SimpleData name="Empresa">Emilio Sol?s Grance</SimpleData>
            <SimpleData name="Lote">I</SimpleData>
            <SimpleData name="Parametro">0.00000000000</SimpleData>
            <SimpleData name="Sup_SIG">0.72905895545</SimpleData>
            <SimpleData name="X">-56.61870087000</SimpleData>
            <SimpleData name="Y">-24.14634627000</SimpleData>
            <SimpleData name="cedula">5431705</SimpleData>
            <SimpleData name="Cédula_1">5431705.00000000000</SimpleData>
            <SimpleData name="Estado_d_1">Activo</SimpleData>
            <SimpleData name="OBJECTID_1">6423</SimpleData>
            <SimpleData name="Shape_Leng">442.98042433800</SimpleData>
            <SimpleData name="Shape_Area">7290.58955450000</SimpleData>
          </SchemaData>
        </ExtendedData>
        <Polygon>
          <outerBoundaryIs>
            <LinearRing>
              <coordinates>
                -56.619424377668,-24.1458613005552,0
                -56.6191617004821,-24.1456350002726,0
                -56.6191395999084,-24.145596700102,0
                -56.6179805001475,-24.1468348998163,0
                -56.6182566998779,-24.1470932994517,0
                -56.6193905171415,-24.1458970261304,0
                -56.619424377668,-24.1458613005552,0
              </coordinates>
            </LinearRing>
          </outerBoundaryIs>
        </Polygon>
      </Placemark>
      <Placemark id="Lote_I.168">
        <ExtendedData>
          <SchemaData schemaUrl="#Lote_I.schema">
            <SimpleData name="Cédula">5431721.00000000000</SimpleData>
            <SimpleData name="Nombres_y_">KARINA ROLON MEZA</SimpleData>
            <SimpleData name="Sexo">Mujer</SimpleData>
            <SimpleData name="Cambio_de_">NO</SimpleData>
            <SimpleData name="Titular_se">NO</SimpleData>
            <SimpleData name="ci_UNIF">5431721.00000000000</SimpleData>
            <SimpleData name="Situación">NO</SimpleData>
            <SimpleData name="Comunidad">Campesina</SimpleData>
            <SimpleData name="Modelo_imp">Modelo 1</SimpleData>
            <SimpleData name="Departamen">SAN PEDRO</SimpleData>
            <SimpleData name="Distrito">CHORE</SimpleData>
            <SimpleData name="Localidad">PRIMERO DE MARZO</SimpleData>
            <SimpleData name="Teléfono">0986433716</SimpleData>
            <SimpleData name="Vivienda_L">-24.12173770000</SimpleData>
            <SimpleData name="Vivienda_1">-56.61879500000</SimpleData>
            <SimpleData name="Superficie">0.80000000000</SimpleData>
            <SimpleData name="Situaci_1">Par?metro</SimpleData>
            <SimpleData name="Plantado">SI</SimpleData>
            <SimpleData name="Fecha_Plan">2026/06/18</SimpleData>
            <SimpleData name="Jornales">0.00000000000</SimpleData>
            <SimpleData name="Monto">0.00000000000</SimpleData>
            <SimpleData name="Grupo_de_p">I-GN-XX-XX-XX</SimpleData>
            <SimpleData name="Estado_del">Activo</SimpleData>
            <SimpleData name="Empresa">Emilio Sol?s Grance</SimpleData>
            <SimpleData name="Lote">I</SimpleData>
            <SimpleData name="Parametro">0.00000000000</SimpleData>
            <SimpleData name="Sup_SIG">0.89435583059</SimpleData>
            <SimpleData name="X">-56.62628368000</SimpleData>
            <SimpleData name="Y">-24.11175301000</SimpleData>
            <SimpleData name="cedula">5431721</SimpleData>
            <SimpleData name="Cédula_1">5431721.00000000000</SimpleData>
            <SimpleData name="Estado_d_1">Activo</SimpleData>
            <SimpleData name="OBJECTID_1">5994</SimpleData>
            <SimpleData name="Shape_Leng">413.30231314400</SimpleData>
            <SimpleData name="Shape_Area">8943.55830587000</SimpleData>
          </SchemaData>
        </ExtendedData>
        <Polygon>
          <outerBoundaryIs>
            <LinearRing>
              <coordinates>
                -56.6255383004297,-24.1115220995176,0
                -56.6266420996164,-24.1124084995531,0
                -56.6269999999852,-24.111906700688,0
                -56.6259134998775,-24.1111291995521,0
                -56.6255383004297,-24.1115220995176,0
              </coordinates>
            </LinearRing>
          </outerBoundaryIs>
        </Polygon>
      </Placemark>
      <Placemark id="Lote_I.169">
        <ExtendedData>
          <SchemaData schemaUrl="#Lote_I.schema">
            <SimpleData name="Cédula">5432619.00000000000</SimpleData>
            <SimpleData name="Nombres_y_">ESTER BLANCO MENDEZ</SimpleData>
            <SimpleData name="Sexo">Mujer</SimpleData>
            <SimpleData name="Cambio_de_">NO</SimpleData>
            <SimpleData name="Titular_se">NO</SimpleData>
            <SimpleData name="ci_UNIF">5432619.00000000000</SimpleData>
            <SimpleData name="Situación">NO</SimpleData>
            <SimpleData name="Comunidad">Campesina</SimpleData>
            <SimpleData name="Modelo_imp">Modelo 5</SimpleData>
            <SimpleData name="Departamen">SAN PEDRO</SimpleData>
            <SimpleData name="Distrito">GUAYAIBI</SimpleData>
            <SimpleData name="Localidad">CHACHI</SimpleData>
            <SimpleData name="Vivienda_L">0.00000000000</SimpleData>
            <SimpleData name="Vivienda_1">-24.49626830000</SimpleData>
            <SimpleData name="Superficie">0.70000000000</SimpleData>
            <SimpleData name="Situaci_1">Par?metro</SimpleData>
            <SimpleData name="Plantado">SI</SimpleData>
            <SimpleData name="Fecha_Plan">2026/06/17</SimpleData>
            <SimpleData name="Jornales">0.00000000000</SimpleData>
            <SimpleData name="Monto">0.00000000000</SimpleData>
            <SimpleData name="Grupo_de_p">I-GN-XX-XX-XX</SimpleData>
            <SimpleData name="Estado_del">Activo</SimpleData>
            <SimpleData name="Empresa">Emilio Sol?s Grance</SimpleData>
            <SimpleData name="Lote">I</SimpleData>
            <SimpleData name="Parametro">0.00000000000</SimpleData>
            <SimpleData name="Sup_SIG">0.73955626725</SimpleData>
            <SimpleData name="X">-56.49400277000</SimpleData>
            <SimpleData name="Y">-24.49868997000</SimpleData>
            <SimpleData name="cedula">5432619</SimpleData>
            <SimpleData name="Cédula_1">5432619.00000000000</SimpleData>
            <SimpleData name="Estado_d_1">Activo</SimpleData>
            <SimpleData name="OBJECTID_1">6391</SimpleData>
            <SimpleData name="Shape_Leng">520.43768113000</SimpleData>
            <SimpleData name="Shape_Area">7395.56267253000</SimpleData>
          </SchemaData>
        </ExtendedData>
        <MultiGeometry>
          <Polygon>
            <outerBoundaryIs>
              <LinearRing>
                <coordinates>
                  -56.4942345999885,-24.4995236002674,0
                  -56.4942249999886,-24.4989949999204,0
                  -56.4937794008247,-24.4989709993515,0
                  -56.4937684997627,-24.4995210999102,0
                  -56.4942345999885,-24.4995236002674,0
                </coordinates>
              </LinearRing>
            </outerBoundaryIs>
          </Polygon>
          <Polygon>
            <outerBoundaryIs>
              <LinearRing>
                <coordinates>
                  -56.4937817003851,-24.4988606001328,0
                  -56.4941599996873,-24.498838299428,0
                  -56.4942137006683,-24.498796199426,0
                  -56.4942217006991,-24.4980837999448,0
                  -56.4941794998016,-24.4980888001963,0
                  -56.4941957997338,-24.4978292995334,0
                  -56.4938183006183,-24.4978432995239,0
                  -56.4937817003851,-24.4988606001328,0
                </coordinates>
              </LinearRing>
            </outerBoundaryIs>
          </Polygon>
        </MultiGeometry>
      </Placemark>
      <Placemark id="Lote_I.170">
        <ExtendedData>
          <SchemaData schemaUrl="#Lote_I.schema">
            <SimpleData name="Cédula">5930992.00000000000</SimpleData>
            <SimpleData name="Nombres_y_">SARA ROSALIA FIGUEREDO</SimpleData>
            <SimpleData name="Sexo">Mujer</SimpleData>
            <SimpleData name="Cambio_de_">NO</SimpleData>
            <SimpleData name="Titular_se">NO</SimpleData>
            <SimpleData name="ci_UNIF">5930992.00000000000</SimpleData>
            <SimpleData name="Situación">NO</SimpleData>
            <SimpleData name="Comunidad">Campesina</SimpleData>
            <SimpleData name="Modelo_imp">Modelo 2</SimpleData>
            <SimpleData name="Departamen">SAN PEDRO</SimpleData>
            <SimpleData name="Distrito">CHORE</SimpleData>
            <SimpleData name="Localidad">SAN BLAS 2</SimpleData>
            <SimpleData name="Teléfono">0985497094</SimpleData>
            <SimpleData name="Vivienda_L">-24.11244640000</SimpleData>
            <SimpleData name="Vivienda_1">-56.65615180000</SimpleData>
            <SimpleData name="Superficie">0.80000000000</SimpleData>
            <SimpleData name="Situaci_1">Par?metro</SimpleData>
            <SimpleData name="Plantado">SI</SimpleData>
            <SimpleData name="Fecha_Plan">2026/06/18</SimpleData>
            <SimpleData name="Jornales">0.00000000000</SimpleData>
            <SimpleData name="Monto">0.00000000000</SimpleData>
            <SimpleData name="Grupo_de_p">I-GN-XX-XX-XX</SimpleData>
            <SimpleData name="Estado_del">Activo</SimpleData>
            <SimpleData name="Empresa">Emilio Sol?s Grance</SimpleData>
            <SimpleData name="Lote">I</SimpleData>
            <SimpleData name="Parametro">0.00000000000</SimpleData>
            <SimpleData name="Sup_SIG">0.88852835462</SimpleData>
            <SimpleData name="X">-56.65591500000</SimpleData>
            <SimpleData name="Y">-24.11439376000</SimpleData>
            <SimpleData name="cedula">5930992</SimpleData>
            <SimpleData name="Cédula_1">5930992.00000000000</SimpleData>
            <SimpleData name="Estado_d_1">Activo</SimpleData>
            <SimpleData name="OBJECTID_1">5974</SimpleData>
            <SimpleData name="Shape_Leng">554.60424184100</SimpleData>
            <SimpleData name="Shape_Area">8885.28354624000</SimpleData>
          </SchemaData>
        </ExtendedData>
        <MultiGeometry>
          <Polygon>
            <outerBoundaryIs>
              <LinearRing>
                <coordinates>
                  -56.655478200018,-24.1155098999859,0
                  -56.6563219004922,-24.11547360007,0
                  -56.6563142998081,-24.1152882002875,0
                  -56.6554646000111,-24.1152964999571,0
                  -56.655478200018,-24.1155098999859,0
                </coordinates>
              </LinearRing>
            </outerBoundaryIs>
          </Polygon>
          <Polygon>
            <outerBoundaryIs>
              <LinearRing>
                <coordinates>
                  -56.6563778998772,-24.1144801000705,0
                  -56.6564205000831,-24.1138296998911,0
                  -56.6554460003573,-24.1137687998418,0
                  -56.6554463002523,-24.1144180997155,0
                  -56.6563778998772,-24.1144801000705,0
                </coordinates>
              </LinearRing>
            </outerBoundaryIs>
          </Polygon>
        </MultiGeometry>
      </Placemark>
      <Placemark id="Lote_I.171">
        <ExtendedData>
          <SchemaData schemaUrl="#Lote_I.schema">
            <SimpleData name="Cédula">6180474.00000000000</SimpleData>
            <SimpleData name="Nombres_y_">CORNELIO BENITEZ ORTIGOZA</SimpleData>
            <SimpleData name="Sexo">Hombre</SimpleData>
            <SimpleData name="Cambio_de_">NO</SimpleData>
            <SimpleData name="Titular_se">NO</SimpleData>
            <SimpleData name="ci_UNIF">6180474.00000000000</SimpleData>
            <SimpleData name="Situación">NO</SimpleData>
            <SimpleData name="Comunidad">Campesina</SimpleData>
            <SimpleData name="Modelo_imp">Modelo 1</SimpleData>
            <SimpleData name="Departamen">SAN PEDRO</SimpleData>
            <SimpleData name="Distrito">GUAYAIBI</SimpleData>
            <SimpleData name="Localidad">CHACHI</SimpleData>
            <SimpleData name="Vivienda_L">0.00000000000</SimpleData>
            <SimpleData name="Vivienda_1">-24.49600800000</SimpleData>
            <SimpleData name="Superficie">0.80000000000</SimpleData>
            <SimpleData name="Situaci_1">Par?metro</SimpleData>
            <SimpleData name="Plantado">SI</SimpleData>
            <SimpleData name="Fecha_Plan">2026/06/17</SimpleData>
            <SimpleData name="Jornales">0.00000000000</SimpleData>
            <SimpleData name="Monto">0.00000000000</SimpleData>
            <SimpleData name="Grupo_de_p">I-GN-XX-XX-XX</SimpleData>
            <SimpleData name="Estado_del">Activo</SimpleData>
            <SimpleData name="Empresa">Emilio Sol?s Grance</SimpleData>
            <SimpleData name="Lote">I</SimpleData>
            <SimpleData name="Parametro">0.00000000000</SimpleData>
            <SimpleData name="Sup_SIG">1.07095086513</SimpleData>
            <SimpleData name="X">-56.48593217000</SimpleData>
            <SimpleData name="Y">-24.49835581000</SimpleData>
            <SimpleData name="cedula">6180474</SimpleData>
            <SimpleData name="Cédula_1">6180474.00000000000</SimpleData>
            <SimpleData name="Estado_d_1">Activo</SimpleData>
            <SimpleData name="OBJECTID_1">6392</SimpleData>
            <SimpleData name="Shape_Leng">490.99137536200</SimpleData>
            <SimpleData name="Shape_Area">10709.50865130000</SimpleData>
          </SchemaData>
        </ExtendedData>
        <Polygon>
          <outerBoundaryIs>
            <LinearRing>
              <coordinates>
                -56.4856927998556,-24.497472700275,0
                -56.4856159996493,-24.4992169999307,0
                -56.486178699892,-24.4991950998805,0
                -56.4862507996344,-24.4975379003793,0
                -56.4856927998556,-24.497472700275,0
              </coordinates>
            </LinearRing>
          </outerBoundaryIs>
        </Polygon>
      </Placemark>
      <Placemark id="Lote_I.172">
        <ExtendedData>
          <SchemaData schemaUrl="#Lote_I.schema">
            <SimpleData name="Cédula">6838767.00000000000</SimpleData>
            <SimpleData name="Nombres_y_">AIDA ROSANA BOGADO GAVILAN</SimpleData>
            <SimpleData name="Sexo">Mujer</SimpleData>
            <SimpleData name="Cambio_de_">NO</SimpleData>
            <SimpleData name="Titular_se">NO</SimpleData>
            <SimpleData name="ci_UNIF">6838767.00000000000</SimpleData>
            <SimpleData name="Situación">NO</SimpleData>
            <SimpleData name="Comunidad">Campesina</SimpleData>
            <SimpleData name="Modelo_imp">Modelo 5</SimpleData>
            <SimpleData name="Departamen">SAN PEDRO</SimpleData>
            <SimpleData name="Distrito">LIMA</SimpleData>
            <SimpleData name="Localidad">NARANJATY</SimpleData>
            <SimpleData name="Teléfono">0981003112</SimpleData>
            <SimpleData name="Vivienda_L">-24.01298380000</SimpleData>
            <SimpleData name="Vivienda_1">-56.53847200000</SimpleData>
            <SimpleData name="Superficie">0.70000000000</SimpleData>
            <SimpleData name="Situaci_1">Par?metro</SimpleData>
            <SimpleData name="Plantado">SI</SimpleData>
            <SimpleData name="Fecha_Plan">2026/06/17</SimpleData>
            <SimpleData name="Jornales">0.00000000000</SimpleData>
            <SimpleData name="Monto">0.00000000000</SimpleData>
            <SimpleData name="Grupo_de_p">I-GN-XX-XX-XX</SimpleData>
            <SimpleData name="Estado_del">Activo</SimpleData>
            <SimpleData name="Empresa">Emilio Sol?s Grance</SimpleData>
            <SimpleData name="Lote">I</SimpleData>
            <SimpleData name="Parametro">0.00000000000</SimpleData>
            <SimpleData name="Sup_SIG">0.84379092232</SimpleData>
            <SimpleData name="X">-56.53847489000</SimpleData>
            <SimpleData name="Y">-24.01138282000</SimpleData>
            <SimpleData name="cedula">6838767</SimpleData>
            <SimpleData name="Cédula_1">6838767.00000000000</SimpleData>
            <SimpleData name="Estado_d_1">Activo</SimpleData>
            <SimpleData name="OBJECTID_1">6129</SimpleData>
            <SimpleData name="Shape_Leng">504.98012900400</SimpleData>
            <SimpleData name="Shape_Area">8437.90922323000</SimpleData>
          </SchemaData>
        </ExtendedData>
        <Polygon>
          <outerBoundaryIs>
            <LinearRing>
              <coordinates>
                -56.5384881001034,-24.0103913996917,0
                -56.5380799999412,-24.0123067004201,0
                -56.5385065993443,-24.0123008998064,0
                -56.5388467993621,-24.0104430995514,0
                -56.5384881001034,-24.0103913996917,0
              </coordinates>
            </LinearRing>
          </outerBoundaryIs>
        </Polygon>
      </Placemark>
      <Placemark id="Lote_I.173">
        <ExtendedData>
          <SchemaData schemaUrl="#Lote_I.schema">
            <SimpleData name="Cédula">6838772.00000000000</SimpleData>
            <SimpleData name="Nombres_y_">BLASIDA BOGADO GAVILAN</SimpleData>
            <SimpleData name="Sexo">Mujer</SimpleData>
            <SimpleData name="Cambio_de_">NO</SimpleData>
            <SimpleData name="Titular_se">NO</SimpleData>
            <SimpleData name="ci_UNIF">6838772.00000000000</SimpleData>
            <SimpleData name="Situación">NO</SimpleData>
            <SimpleData name="Comunidad">Campesina</SimpleData>
            <SimpleData name="Modelo_imp">Modelo 1</SimpleData>
            <SimpleData name="Departamen">SAN PEDRO</SimpleData>
            <SimpleData name="Distrito">LIMA</SimpleData>
            <SimpleData name="Localidad">NARANJATY</SimpleData>
            <SimpleData name="Teléfono">0981594855</SimpleData>
            <SimpleData name="Vivienda_L">-24.00796800000</SimpleData>
            <SimpleData name="Vivienda_1">-56.49836140000</SimpleData>
            <SimpleData name="Superficie">0.80000000000</SimpleData>
            <SimpleData name="Situaci_1">Par?metro</SimpleData>
            <SimpleData name="Plantado">SI</SimpleData>
            <SimpleData name="Fecha_Plan">2026/06/17</SimpleData>
            <SimpleData name="Jornales">0.00000000000</SimpleData>
            <SimpleData name="Monto">0.00000000000</SimpleData>
            <SimpleData name="Grupo_de_p">I-GN-XX-XX-XX</SimpleData>
            <SimpleData name="Estado_del">Activo</SimpleData>
            <SimpleData name="Empresa">Emilio Sol?s Grance</SimpleData>
            <SimpleData name="Lote">I</SimpleData>
            <SimpleData name="Parametro">0.00000000000</SimpleData>
            <SimpleData name="Sup_SIG">0.81431381912</SimpleData>
            <SimpleData name="X">-56.50542713000</SimpleData>
            <SimpleData name="Y">-24.01234597000</SimpleData>
            <SimpleData name="cedula">6838772</SimpleData>
            <SimpleData name="Cédula_1">6838772.00000000000</SimpleData>
            <SimpleData name="Estado_d_1">Activo</SimpleData>
            <SimpleData name="OBJECTID_1">6163</SimpleData>
            <SimpleData name="Shape_Leng">489.72332677100</SimpleData>
            <SimpleData name="Shape_Area">8143.13819120000</SimpleData>
          </SchemaData>
        </ExtendedData>
        <Polygon>
          <outerBoundaryIs>
            <LinearRing>
              <coordinates>
                -56.504860400162,-24.0120059000059,0
                -56.5059121006574,-24.0132628001746,0
                -56.5060898994135,-24.0129317002221,0
                -56.5054862997246,-24.0121179996266,0
                -56.5053165995797,-24.0118143997345,0
                -56.5049900999597,-24.0113988008458,0
                -56.5049056000683,-24.0115959007491,0
                -56.5049262999025,-24.0117590999338,0
                -56.504860400162,-24.0120059000059,0
              </coordinates>
            </LinearRing>
          </outerBoundaryIs>
        </Polygon>
      </Placemark>
      <Placemark id="Lote_I.174">
        <ExtendedData>
          <SchemaData schemaUrl="#Lote_I.schema">
            <SimpleData name="Cédula">6361541.00000000000</SimpleData>
            <SimpleData name="Nombres_y_">MIRIAN RAQUEL ROMERO SAAVEDRA</SimpleData>
            <SimpleData name="Sexo">Mujer</SimpleData>
            <SimpleData name="Cambio_de_">NO</SimpleData>
            <SimpleData name="Titular_se">NO</SimpleData>
            <SimpleData name="ci_UNIF">6361541.00000000000</SimpleData>
            <SimpleData name="Situación">NO</SimpleData>
            <SimpleData name="Comunidad">Campesina</SimpleData>
            <SimpleData name="Modelo_imp">Modelo 5</SimpleData>
            <SimpleData name="Departamen">SAN PEDRO</SimpleData>
            <SimpleData name="Distrito">LIMA</SimpleData>
            <SimpleData name="Localidad">NI?O MARTIR  (SANGUINA CUE)</SimpleData>
            <SimpleData name="Teléfono">0981391715</SimpleData>
            <SimpleData name="Vivienda_L">-23.99820610000</SimpleData>
            <SimpleData name="Vivienda_1">-56.51923360000</SimpleData>
            <SimpleData name="Superficie">0.70000000000</SimpleData>
            <SimpleData name="Situaci_1">Par?metro</SimpleData>
            <SimpleData name="Plantado">SI</SimpleData>
            <SimpleData name="Fecha_Plan">2026/06/12</SimpleData>
            <SimpleData name="Jornales">0.00000000000</SimpleData>
            <SimpleData name="Monto">0.00000000000</SimpleData>
            <SimpleData name="Grupo_de_p">I-GN-XX-XX-XX</SimpleData>
            <SimpleData name="Estado_del">Activo</SimpleData>
            <SimpleData name="Empresa">Emilio Sol?s Grance</SimpleData>
            <SimpleData name="Lote">I</SimpleData>
            <SimpleData name="Parametro">0.00000000000</SimpleData>
            <SimpleData name="Sup_SIG">0.79787052822</SimpleData>
            <SimpleData name="X">-56.51809111000</SimpleData>
            <SimpleData name="Y">-24.00521650000</SimpleData>
            <SimpleData name="cedula">6361541</SimpleData>
            <SimpleData name="Cédula_1">6361541.00000000000</SimpleData>
            <SimpleData name="Estado_d_1">Activo</SimpleData>
            <SimpleData name="OBJECTID_1">8537</SimpleData>
            <SimpleData name="Shape_Leng">471.62491569700</SimpleData>
            <SimpleData name="Shape_Area">7978.70528222000</SimpleData>
          </SchemaData>
        </ExtendedData>
        <Polygon>
          <outerBoundaryIs>
            <LinearRing>
              <coordinates>
                -56.5177301993686,-24.0058495995069,0
                -56.5183027994609,-24.0059812998263,0
                -56.518421599523,-24.0054257999449,0
                -56.518312999232,-24.0053923995905,0
                -56.518228499713,-24.0050939999912,0
                -56.5182664991627,-24.0047185001043,0
                -56.518347199466,-24.0042930000441,0
                -56.5180469990853,-24.0042297001279,0
                -56.5177301993686,-24.0058495995069,0
              </coordinates>
            </LinearRing>
          </outerBoundaryIs>
        </Polygon>
      </Placemark>
      <Placemark id="Lote_I.175">
        <ExtendedData>
          <SchemaData schemaUrl="#Lote_I.schema">
            <SimpleData name="Cédula">1330981.00000000000</SimpleData>
            <SimpleData name="Nombres_y_">FRANCISCA DUARTE SANGUINA</SimpleData>
            <SimpleData name="Sexo">Mujer</SimpleData>
            <SimpleData name="Cambio_de_">NO</SimpleData>
            <SimpleData name="Titular_se">NO</SimpleData>
            <SimpleData name="ci_UNIF">1330981.00000000000</SimpleData>
            <SimpleData name="Situación">NO</SimpleData>
            <SimpleData name="Comunidad">Campesina</SimpleData>
            <SimpleData name="Modelo_imp">Modelo 4</SimpleData>
            <SimpleData name="Departamen">SAN PEDRO</SimpleData>
            <SimpleData name="Distrito">LIMA</SimpleData>
            <SimpleData name="Localidad">LOMA CLAVEL</SimpleData>
            <SimpleData name="Teléfono">0985395198</SimpleData>
            <SimpleData name="Vivienda_L">-23.96522590000</SimpleData>
            <SimpleData name="Vivienda_1">-56.45799410000</SimpleData>
            <SimpleData name="Superficie">0.70000000000</SimpleData>
            <SimpleData name="Situaci_1">Par?metro</SimpleData>
            <SimpleData name="Plantado">SI</SimpleData>
            <SimpleData name="Fecha_Plan">2026/07/08</SimpleData>
            <SimpleData name="Jornales">0.00000000000</SimpleData>
            <SimpleData name="Monto">0.00000000000</SimpleData>
            <SimpleData name="Grupo_de_p">I-GN-XX-XX-XX</SimpleData>
            <SimpleData name="Estado_del">Activo</SimpleData>
            <SimpleData name="Empresa">Emilio Sol?s Grance</SimpleData>
            <SimpleData name="Lote">I</SimpleData>
            <SimpleData name="Parametro">0.00000000000</SimpleData>
            <SimpleData name="Sup_SIG">0.74402692974</SimpleData>
            <SimpleData name="X">-56.45451184000</SimpleData>
            <SimpleData name="Y">-23.96490270000</SimpleData>
            <SimpleData name="cedula">1330981</SimpleData>
            <SimpleData name="Cédula_1">1330981.00000000000</SimpleData>
            <SimpleData name="Estado_d_1">Activo</SimpleData>
            <SimpleData name="OBJECTID_1">6149</SimpleData>
            <SimpleData name="Shape_Leng">355.49819459200</SimpleData>
            <SimpleData name="Shape_Area">7440.26929741000</SimpleData>
          </SchemaData>
        </ExtendedData>
        <Polygon>
          <outerBoundaryIs>
            <LinearRing>
              <coordinates>
                -56.4540240997453,-23.9652986000907,0
                -56.4546796001028,-23.9654480000562,0
                -56.4549964002334,-23.9644817001193,0
                -56.4543399995217,-23.9643747002332,0
                -56.4540240997453,-23.9652986000907,0
              </coordinates>
            </LinearRing>
          </outerBoundaryIs>
        </Polygon>
      </Placemark>
      <Placemark id="Lote_I.176">
        <ExtendedData>
          <SchemaData schemaUrl="#Lote_I.schema">
            <SimpleData name="Cédula">4138149.00000000000</SimpleData>
            <SimpleData name="Nombres_y_">VICTORINA BOGARIN</SimpleData>
            <SimpleData name="Sexo">Mujer</SimpleData>
            <SimpleData name="Cambio_de_">NO</SimpleData>
            <SimpleData name="Titular_se">NO</SimpleData>
            <SimpleData name="ci_UNIF">4138149.00000000000</SimpleData>
            <SimpleData name="Situación">NO</SimpleData>
            <SimpleData name="Comunidad">Campesina</SimpleData>
            <SimpleData name="Modelo_imp">Modelo 4</SimpleData>
            <SimpleData name="Departamen">SAN PEDRO</SimpleData>
            <SimpleData name="Distrito">CHORE</SimpleData>
            <SimpleData name="Localidad">SAN BLAS 2</SimpleData>
            <SimpleData name="Teléfono">0984874375</SimpleData>
            <SimpleData name="Vivienda_L">-24.10326660000</SimpleData>
            <SimpleData name="Vivienda_1">-56.65610980000</SimpleData>
            <SimpleData name="Superficie">0.70000000000</SimpleData>
            <SimpleData name="Situaci_1">Par?metro</SimpleData>
            <SimpleData name="Plantado">SI</SimpleData>
            <SimpleData name="Fecha_Plan">2026/07/08</SimpleData>
            <SimpleData name="Jornales">0.00000000000</SimpleData>
            <SimpleData name="Monto">0.00000000000</SimpleData>
            <SimpleData name="Grupo_de_p">I-GN-XX-XX-XX</SimpleData>
            <SimpleData name="Estado_del">Activo</SimpleData>
            <SimpleData name="Empresa">Emilio Sol?s Grance</SimpleData>
            <SimpleData name="Lote">I</SimpleData>
            <SimpleData name="Parametro">0.00000000000</SimpleData>
            <SimpleData name="Sup_SIG">0.71511588422</SimpleData>
            <SimpleData name="X">-56.65669120000</SimpleData>
            <SimpleData name="Y">-24.10357565000</SimpleData>
            <SimpleData name="cedula">4138149</SimpleData>
            <SimpleData name="Cédula_1">4138149.00000000000</SimpleData>
            <SimpleData name="Estado_d_1">Activo</SimpleData>
            <SimpleData name="OBJECTID_1">7235</SimpleData>
            <SimpleData name="Shape_Leng">360.30131647400</SimpleData>
            <SimpleData name="Shape_Area">7151.15884217000</SimpleData>
          </SchemaData>
        </ExtendedData>
        <Polygon>
          <outerBoundaryIs>
            <LinearRing>
              <coordinates>
                -56.6563961992893,-24.1029895000223,0
                -56.6564136001551,-24.1041730998985,0
                -56.657006799996,-24.104047300686,0
                -56.6569900002267,-24.1030899994714,0
                -56.6563961992893,-24.1029895000223,0
              </coordinates>
            </LinearRing>
          </outerBoundaryIs>
        </Polygon>
      </Placemark>
      <Placemark id="Lote_I.177">
        <ExtendedData>
          <SchemaData schemaUrl="#Lote_I.schema">
            <SimpleData name="Cédula">4836570.00000000000</SimpleData>
            <SimpleData name="Nombres_y_">ROMINA CANDIA JARA</SimpleData>
            <SimpleData name="Sexo">Mujer</SimpleData>
            <SimpleData name="Cambio_de_">NO</SimpleData>
            <SimpleData name="Titular_se">NO</SimpleData>
            <SimpleData name="ci_UNIF">4836570.00000000000</SimpleData>
            <SimpleData name="Situación">NO</SimpleData>
            <SimpleData name="Comunidad">Campesina</SimpleData>
            <SimpleData name="Modelo_imp">Modelo 4</SimpleData>
            <SimpleData name="Departamen">SAN PEDRO</SimpleData>
            <SimpleData name="Distrito">LIMA</SimpleData>
            <SimpleData name="Localidad">CARUMBEY 1</SimpleData>
            <SimpleData name="Teléfono">0984097259</SimpleData>
            <SimpleData name="Vivienda_L">-23.91625370000</SimpleData>
            <SimpleData name="Vivienda_1">-56.42627710000</SimpleData>
            <SimpleData name="Superficie">0.70000000000</SimpleData>
            <SimpleData name="Situaci_1">Par?metro</SimpleData>
            <SimpleData name="Plantado">SI</SimpleData>
            <SimpleData name="Fecha_Plan">2026/07/08</SimpleData>
            <SimpleData name="Jornales">0.00000000000</SimpleData>
            <SimpleData name="Monto">0.00000000000</SimpleData>
            <SimpleData name="Grupo_de_p">I-GN-XX-XX-XX</SimpleData>
            <SimpleData name="Estado_del">Activo</SimpleData>
            <SimpleData name="Empresa">Emilio Sol?s Grance</SimpleData>
            <SimpleData name="Lote">I</SimpleData>
            <SimpleData name="Parametro">0.00000000000</SimpleData>
            <SimpleData name="Sup_SIG">0.76232802971</SimpleData>
            <SimpleData name="X">-56.42548720000</SimpleData>
            <SimpleData name="Y">-23.91618757000</SimpleData>
            <SimpleData name="cedula">4836570</SimpleData>
            <SimpleData name="Cédula_1">4836570.00000000000</SimpleData>
            <SimpleData name="Estado_d_1">Activo</SimpleData>
            <SimpleData name="OBJECTID_1">6141</SimpleData>
            <SimpleData name="Shape_Leng">355.70288788700</SimpleData>
            <SimpleData name="Shape_Area">7623.28029709000</SimpleData>
          </SchemaData>
        </ExtendedData>
        <Polygon>
          <outerBoundaryIs>
            <LinearRing>
              <coordinates>
                -56.4248471008986,-23.9161592997738,0
                -56.4252247000764,-23.9166232998608,0
                -56.4261481002794,-23.9163789995287,0
                -56.4256175995914,-23.9156497001896,0
                -56.4248471008986,-23.9161592997738,0
              </coordinates>
            </LinearRing>
          </outerBoundaryIs>
        </Polygon>
      </Placemark>
      <Placemark id="Lote_I.178">
        <ExtendedData>
          <SchemaData schemaUrl="#Lote_I.schema">
            <SimpleData name="Cédula">4872244.00000000000</SimpleData>
            <SimpleData name="Nombres_y_">ANA ELIZABETH COLMAN LOPEZ</SimpleData>
            <SimpleData name="Sexo">Mujer</SimpleData>
            <SimpleData name="Cambio_de_">NO</SimpleData>
            <SimpleData name="Titular_se">NO</SimpleData>
            <SimpleData name="ci_UNIF">4872244.00000000000</SimpleData>
            <SimpleData name="Situación">NO</SimpleData>
            <SimpleData name="Comunidad">Campesina</SimpleData>
            <SimpleData name="Modelo_imp">Modelo 3</SimpleData>
            <SimpleData name="Departamen">SAN PEDRO</SimpleData>
            <SimpleData name="Distrito">CHORE</SimpleData>
            <SimpleData name="Localidad">SAN BLAS 2</SimpleData>
            <SimpleData name="Teléfono">0971523117</SimpleData>
            <SimpleData name="Vivienda_L">-24.11224050000</SimpleData>
            <SimpleData name="Vivienda_1">-56.66278290000</SimpleData>
            <SimpleData name="Superficie">0.70000000000</SimpleData>
            <SimpleData name="Situaci_1">Par?metro</SimpleData>
            <SimpleData name="Plantado">SI</SimpleData>
            <SimpleData name="Fecha_Plan">2026/07/07</SimpleData>
            <SimpleData name="Jornales">0.00000000000</SimpleData>
            <SimpleData name="Monto">0.00000000000</SimpleData>
            <SimpleData name="Grupo_de_p">I-GN-XX-XX-XX</SimpleData>
            <SimpleData name="Estado_del">Activo</SimpleData>
            <SimpleData name="Empresa">Emilio Sol?s Grance</SimpleData>
            <SimpleData name="Lote">I</SimpleData>
            <SimpleData name="Parametro">0.00000000000</SimpleData>
            <SimpleData name="Sup_SIG">0.71135680517</SimpleData>
            <SimpleData name="X">-56.65398378000</SimpleData>
            <SimpleData name="Y">-24.11240558000</SimpleData>
            <SimpleData name="cedula">4872244</SimpleData>
            <SimpleData name="Cédula_1">4872244.00000000000</SimpleData>
            <SimpleData name="Estado_d_1">Activo</SimpleData>
            <SimpleData name="OBJECTID_1">5977</SimpleData>
            <SimpleData name="Shape_Leng">354.41109938800</SimpleData>
            <SimpleData name="Shape_Area">7113.56805170000</SimpleData>
          </SchemaData>
        </ExtendedData>
        <Polygon>
          <outerBoundaryIs>
            <LinearRing>
              <coordinates>
                -56.6533498002395,-24.1126507000056,0
                -56.6545234005724,-24.1127101994386,0
                -56.6545567001837,-24.1121266998169,0
                -56.6534759000646,-24.1121172996704,0
                -56.6533498002395,-24.1126507000056,0
              </coordinates>
            </LinearRing>
          </outerBoundaryIs>
        </Polygon>
      </Placemark>
      <Placemark id="Lote_I.179">
        <ExtendedData>
          <SchemaData schemaUrl="#Lote_I.schema">
            <SimpleData name="Cédula">5186119.00000000000</SimpleData>
            <SimpleData name="Nombres_y_">GABRIELA ANDREA CUENCA</SimpleData>
            <SimpleData name="Sexo">Mujer</SimpleData>
            <SimpleData name="Cambio_de_">NO</SimpleData>
            <SimpleData name="Titular_se">NO</SimpleData>
            <SimpleData name="ci_UNIF">5186119.00000000000</SimpleData>
            <SimpleData name="Situación">NO</SimpleData>
            <SimpleData name="Comunidad">Campesina</SimpleData>
            <SimpleData name="Modelo_imp">Modelo 5</SimpleData>
            <SimpleData name="Departamen">SAN PEDRO</SimpleData>
            <SimpleData name="Distrito">CHORE</SimpleData>
            <SimpleData name="Localidad">SAN BLAS 2</SimpleData>
            <SimpleData name="Teléfono">097295024</SimpleData>
            <SimpleData name="Vivienda_L">-24.10156030000</SimpleData>
            <SimpleData name="Vivienda_1">-56.65326880000</SimpleData>
            <SimpleData name="Superficie">0.70000000000</SimpleData>
            <SimpleData name="Situaci_1">Par?metro</SimpleData>
            <SimpleData name="Plantado">SI</SimpleData>
            <SimpleData name="Fecha_Plan">2026/07/07</SimpleData>
            <SimpleData name="Jornales">0.00000000000</SimpleData>
            <SimpleData name="Monto">0.00000000000</SimpleData>
            <SimpleData name="Grupo_de_p">I-GN-XX-XX-XX</SimpleData>
            <SimpleData name="Estado_del">Activo</SimpleData>
            <SimpleData name="Empresa">Emilio Sol?s Grance</SimpleData>
            <SimpleData name="Lote">I</SimpleData>
            <SimpleData name="Parametro">0.00000000000</SimpleData>
            <SimpleData name="Sup_SIG">0.77920008067</SimpleData>
            <SimpleData name="X">-56.65416016000</SimpleData>
            <SimpleData name="Y">-24.10170462000</SimpleData>
            <SimpleData name="cedula">5186119</SimpleData>
            <SimpleData name="Cédula_1">5186119.00000000000</SimpleData>
            <SimpleData name="Estado_d_1">Activo</SimpleData>
            <SimpleData name="OBJECTID_1">5975</SimpleData>
            <SimpleData name="Shape_Leng">355.63807826600</SimpleData>
            <SimpleData name="Shape_Area">7792.00080671000</SimpleData>
          </SchemaData>
        </ExtendedData>
        <Polygon>
          <outerBoundaryIs>
            <LinearRing>
              <coordinates>
                -56.6536614996339,-24.1013422995515,0
                -56.653693700411,-24.1020739998811,0
                -56.6546367007109,-24.1020532996049,0
                -56.654668299319,-24.1013644001845,0
                -56.6536614996339,-24.1013422995515,0
              </coordinates>
            </LinearRing>
          </outerBoundaryIs>
        </Polygon>
      </Placemark>
      <Placemark id="Lote_I.180">
        <ExtendedData>
          <SchemaData schemaUrl="#Lote_I.schema">
            <SimpleData name="Cédula">5885075.00000000000</SimpleData>
            <SimpleData name="Nombres_y_">ANGELA MARTINEZ DUARTE</SimpleData>
            <SimpleData name="Sexo">Hombre</SimpleData>
            <SimpleData name="Cambio_de_">NO</SimpleData>
            <SimpleData name="Titular_se">NO</SimpleData>
            <SimpleData name="ci_UNIF">5885075.00000000000</SimpleData>
            <SimpleData name="Situación">NO</SimpleData>
            <SimpleData name="Comunidad">Campesina</SimpleData>
            <SimpleData name="Modelo_imp">Modelo 4</SimpleData>
            <SimpleData name="Departamen">SAN PEDRO</SimpleData>
            <SimpleData name="Distrito">LIMA</SimpleData>
            <SimpleData name="Localidad">YBYPE</SimpleData>
            <SimpleData name="Teléfono">0991604626</SimpleData>
            <SimpleData name="Vivienda_L">-23.97859960000</SimpleData>
            <SimpleData name="Vivienda_1">-56.44366500000</SimpleData>
            <SimpleData name="Superficie">0.70000000000</SimpleData>
            <SimpleData name="Situaci_1">Par?metro</SimpleData>
            <SimpleData name="Plantado">SI</SimpleData>
            <SimpleData name="Fecha_Plan">2026/07/08</SimpleData>
            <SimpleData name="Jornales">0.00000000000</SimpleData>
            <SimpleData name="Monto">0.00000000000</SimpleData>
            <SimpleData name="Grupo_de_p">I-GN-XX-XX-XX</SimpleData>
            <SimpleData name="Estado_del">Activo</SimpleData>
            <SimpleData name="Empresa">Emilio Sol?s Grance</SimpleData>
            <SimpleData name="Lote">I</SimpleData>
            <SimpleData name="Parametro">0.00000000000</SimpleData>
            <SimpleData name="Sup_SIG">0.88521428183</SimpleData>
            <SimpleData name="X">-56.44392485000</SimpleData>
            <SimpleData name="Y">-23.97902949000</SimpleData>
            <SimpleData name="cedula">5885075</SimpleData>
            <SimpleData name="Cédula_1">5885075.00000000000</SimpleData>
            <SimpleData name="Estado_d_1">Activo</SimpleData>
            <SimpleData name="OBJECTID_1">6133</SimpleData>
            <SimpleData name="Shape_Leng">382.94907282700</SimpleData>
            <SimpleData name="Shape_Area">8852.14281826000</SimpleData>
          </SchemaData>
        </ExtendedData>
        <Polygon>
          <outerBoundaryIs>
            <LinearRing>
              <coordinates>
                -56.4432148998502,-23.9791928000206,0
                -56.4443830005137,-23.979510099873,0
                -56.4445441002981,-23.9788475003121,0
                -56.4442888001546,-23.9787497001514,0
                -56.4435845005187,-23.9785480998765,0
                -56.4432148998502,-23.9791928000206,0
              </coordinates>
            </LinearRing>
          </outerBoundaryIs>
        </Polygon>
      </Placemark>
      <Placemark id="Lote_I.181">
        <ExtendedData>
          <SchemaData schemaUrl="#Lote_I.schema">
            <SimpleData name="Cédula">6162747.00000000000</SimpleData>
            <SimpleData name="Nombres_y_">CARMEN COLMAN LOPEZ</SimpleData>
            <SimpleData name="Sexo">Mujer</SimpleData>
            <SimpleData name="Cambio_de_">NO</SimpleData>
            <SimpleData name="Titular_se">NO</SimpleData>
            <SimpleData name="ci_UNIF">6162747.00000000000</SimpleData>
            <SimpleData name="Situación">NO</SimpleData>
            <SimpleData name="Comunidad">Campesina</SimpleData>
            <SimpleData name="Modelo_imp">Modelo 3</SimpleData>
            <SimpleData name="Departamen">SAN PEDRO</SimpleData>
            <SimpleData name="Distrito">CHORE</SimpleData>
            <SimpleData name="Localidad">SAN BLAS 2</SimpleData>
            <SimpleData name="Teléfono">0984994181</SimpleData>
            <SimpleData name="Vivienda_L">-24.11218170000</SimpleData>
            <SimpleData name="Vivienda_1">-56.66282830000</SimpleData>
            <SimpleData name="Superficie">0.70000000000</SimpleData>
            <SimpleData name="Situaci_1">Parametro</SimpleData>
            <SimpleData name="Plantado">SI</SimpleData>
            <SimpleData name="Fecha_Plan">2026/07/07</SimpleData>
            <SimpleData name="Jornales">0.00000000000</SimpleData>
            <SimpleData name="Monto">0.00000000000</SimpleData>
            <SimpleData name="Grupo_de_p">I-GN-XX-XX-XX</SimpleData>
            <SimpleData name="Estado_del">Activo</SimpleData>
            <SimpleData name="Empresa">Emilio Sol?s Grance</SimpleData>
            <SimpleData name="Lote">I</SimpleData>
            <SimpleData name="Parametro">0.00000000000</SimpleData>
            <SimpleData name="Sup_SIG">0.71297510859</SimpleData>
            <SimpleData name="X">-56.66378654000</SimpleData>
            <SimpleData name="Y">-24.11129132000</SimpleData>
            <SimpleData name="cedula">6162747</SimpleData>
            <SimpleData name="Cédula_1">6162747.00000000000</SimpleData>
            <SimpleData name="Estado_d_1">Activo</SimpleData>
            <SimpleData name="OBJECTID_1">6406</SimpleData>
            <SimpleData name="Shape_Leng">351.27033389800</SimpleData>
            <SimpleData name="Shape_Area">7129.75108585000</SimpleData>
          </SchemaData>
        </ExtendedData>
        <Polygon>
          <outerBoundaryIs>
            <LinearRing>
              <coordinates>
                -56.6632862001365,-24.111577900118,0
                -56.6639168997324,-24.1117284999448,0
                -56.6644909000593,-24.1110301999751,0
                -56.6633446005333,-24.1109366997906,0
                -56.6632862001365,-24.111577900118,0
              </coordinates>
            </LinearRing>
          </outerBoundaryIs>
        </Polygon>
      </Placemark>
      <Placemark id="Lote_I.182">
        <ExtendedData>
          <SchemaData schemaUrl="#Lote_I.schema">
            <SimpleData name="Cédula">6957410.00000000000</SimpleData>
            <SimpleData name="Nombres_y_">CARMEN ROCIO NAVARRO SANTANDER</SimpleData>
            <SimpleData name="Sexo">Mujer</SimpleData>
            <SimpleData name="Cambio_de_">NO</SimpleData>
            <SimpleData name="Titular_se">NO</SimpleData>
            <SimpleData name="ci_UNIF">6957410.00000000000</SimpleData>
            <SimpleData name="Situación">NO</SimpleData>
            <SimpleData name="Comunidad">Campesina</SimpleData>
            <SimpleData name="Modelo_imp">Modelo 5</SimpleData>
            <SimpleData name="Departamen">SAN PEDRO</SimpleData>
            <SimpleData name="Distrito">CHORE</SimpleData>
            <SimpleData name="Localidad">LIBERACION NORTE</SimpleData>
            <SimpleData name="Teléfono">0981868164</SimpleData>
            <SimpleData name="Vivienda_L">-24.16755400000</SimpleData>
            <SimpleData name="Vivienda_1">-56.70809860000</SimpleData>
            <SimpleData name="Superficie">0.70000000000</SimpleData>
            <SimpleData name="Situaci_1">Par?metro</SimpleData>
            <SimpleData name="Plantado">SI</SimpleData>
            <SimpleData name="Fecha_Plan">2026/07/08</SimpleData>
            <SimpleData name="Jornales">0.00000000000</SimpleData>
            <SimpleData name="Monto">0.00000000000</SimpleData>
            <SimpleData name="Grupo_de_p">I-GN-XX-XX-XX</SimpleData>
            <SimpleData name="Estado_del">Activo</SimpleData>
            <SimpleData name="Empresa">Emilio Sol?s Grance</SimpleData>
            <SimpleData name="Lote">I</SimpleData>
            <SimpleData name="Parametro">0.00000000000</SimpleData>
            <SimpleData name="Sup_SIG">0.85516882825</SimpleData>
            <SimpleData name="X">-56.70775568000</SimpleData>
            <SimpleData name="Y">-24.16870767000</SimpleData>
            <SimpleData name="cedula">6957410</SimpleData>
            <SimpleData name="Cédula_1">6957410.00000000000</SimpleData>
            <SimpleData name="Estado_d_1">Activo</SimpleData>
            <SimpleData name="OBJECTID_1">5992</SimpleData>
            <SimpleData name="Shape_Leng">401.28171064800</SimpleData>
            <SimpleData name="Shape_Area">8551.68828250000</SimpleData>
          </SchemaData>
        </ExtendedData>
        <Polygon>
          <outerBoundaryIs>
            <LinearRing>
              <coordinates>
                -56.7073849994934,-24.1692882997176,0
                -56.7079900000152,-24.1693700003146,0
                -56.7081249999787,-24.1681566997122,0
                -56.7075332998554,-24.16801330042,0
                -56.7073849994934,-24.1692882997176,0
              </coordinates>
            </LinearRing>
          </outerBoundaryIs>
        </Polygon>
      </Placemark>
      <Placemark id="Lote_I.183">
        <ExtendedData>
          <SchemaData schemaUrl="#Lote_I.schema">
            <SimpleData name="Cédula">5994267.00000000000</SimpleData>
            <SimpleData name="Nombres_y_">YOLANDA AG?ERO ORIHUELA</SimpleData>
            <SimpleData name="Sexo">Mujer</SimpleData>
            <SimpleData name="Cambio_de_">NO</SimpleData>
            <SimpleData name="Titular_se">NO</SimpleData>
            <SimpleData name="ci_UNIF">5994267.00000000000</SimpleData>
            <SimpleData name="Situación">NO</SimpleData>
            <SimpleData name="Comunidad">Campesina</SimpleData>
            <SimpleData name="Modelo_imp">Modelo 4</SimpleData>
            <SimpleData name="Departamen">SAN PEDRO</SimpleData>
            <SimpleData name="Distrito">LIMA</SimpleData>
            <SimpleData name="Localidad">PASO TUNA</SimpleData>
            <SimpleData name="Teléfono">0986563009</SimpleData>
            <SimpleData name="Vivienda_L">-23.93948510000</SimpleData>
            <SimpleData name="Vivienda_1">-56.64257020000</SimpleData>
            <SimpleData name="Superficie">0.70000000000</SimpleData>
            <SimpleData name="Situaci_1">Par?metro</SimpleData>
            <SimpleData name="Plantado">SI</SimpleData>
            <SimpleData name="Fecha_Plan">2026/07/08</SimpleData>
            <SimpleData name="Jornales">0.00000000000</SimpleData>
            <SimpleData name="Monto">0.00000000000</SimpleData>
            <SimpleData name="Grupo_de_p">I-GN-XX-XX-XX</SimpleData>
            <SimpleData name="Estado_del">Activo</SimpleData>
            <SimpleData name="Empresa">Emilio Sol?s Grance</SimpleData>
            <SimpleData name="Lote">I</SimpleData>
            <SimpleData name="Parametro">0.00000000000</SimpleData>
            <SimpleData name="Sup_SIG">0.71410751693</SimpleData>
            <SimpleData name="X">-56.64226516000</SimpleData>
            <SimpleData name="Y">-23.94219941000</SimpleData>
            <SimpleData name="cedula">5994267</SimpleData>
            <SimpleData name="Cédula_1">5994267.00000000000</SimpleData>
            <SimpleData name="Estado_d_1">Activo</SimpleData>
            <SimpleData name="OBJECTID_1">6168</SimpleData>
            <SimpleData name="Shape_Leng">338.18526805100</SimpleData>
            <SimpleData name="Shape_Area">7141.07516930000</SimpleData>
          </SchemaData>
        </ExtendedData>
        <Polygon>
          <outerBoundaryIs>
            <LinearRing>
              <coordinates>
                -56.6418320000767,-23.9425491995967,0
                -56.6426809000205,-23.9425996995834,0
                -56.6426829997931,-23.9418243004164,0
                -56.6418478997577,-23.9418195999106,0
                -56.6418320000767,-23.9425491995967,0
              </coordinates>
            </LinearRing>
          </outerBoundaryIs>
        </Polygon>
      </Placemark>
      <Placemark id="Lote_I.184">
        <ExtendedData>
          <SchemaData schemaUrl="#Lote_I.schema">
            <SimpleData name="Cédula">5914854.00000000000</SimpleData>
            <SimpleData name="Nombres_y_">CATALINA INSFRAN LUGO</SimpleData>
            <SimpleData name="Sexo">Mujer</SimpleData>
            <SimpleData name="Cambio_de_">NO</SimpleData>
            <SimpleData name="Titular_se">NO</SimpleData>
            <SimpleData name="ci_UNIF">5914854.00000000000</SimpleData>
            <SimpleData name="Situación">NO</SimpleData>
            <SimpleData name="Comunidad">Campesina</SimpleData>
            <SimpleData name="Modelo_imp">Modelo 5</SimpleData>
            <SimpleData name="Departamen">SAN PEDRO</SimpleData>
            <SimpleData name="Distrito">GUAYAIBI</SimpleData>
            <SimpleData name="Localidad">CHACHI</SimpleData>
            <SimpleData name="Teléfono">0986624991</SimpleData>
            <SimpleData name="Vivienda_L">-24.49522020000</SimpleData>
            <SimpleData name="Vivienda_1">-56.47668940000</SimpleData>
            <SimpleData name="Superficie">0.70000000000</SimpleData>
            <SimpleData name="Situaci_1">Par?metro</SimpleData>
            <SimpleData name="Plantado">SI</SimpleData>
            <SimpleData name="Fecha_Plan">2026/07/15</SimpleData>
            <SimpleData name="Jornales">0.00000000000</SimpleData>
            <SimpleData name="Monto">0.00000000000</SimpleData>
            <SimpleData name="Grupo_de_p">I-GN-XX-XX-XX</SimpleData>
            <SimpleData name="Estado_del">Activo</SimpleData>
            <SimpleData name="Empresa">Emilio Sol?s Grance</SimpleData>
            <SimpleData name="Lote">I</SimpleData>
            <SimpleData name="Parametro">0.00000000000</SimpleData>
            <SimpleData name="Sup_SIG">0.80049952682</SimpleData>
            <SimpleData name="X">-56.47741984000</SimpleData>
            <SimpleData name="Y">-24.49144961000</SimpleData>
            <SimpleData name="cedula">5914854</SimpleData>
            <SimpleData name="Cédula_1">5914854.00000000000</SimpleData>
            <SimpleData name="Estado_d_1">Activo</SimpleData>
            <SimpleData name="OBJECTID_1">6064</SimpleData>
            <SimpleData name="Shape_Leng">718.55899503800</SimpleData>
            <SimpleData name="Shape_Area">8004.99526816000</SimpleData>
          </SchemaData>
        </ExtendedData>
        <MultiGeometry>
          <Polygon>
            <outerBoundaryIs>
              <LinearRing>
                <coordinates>
                  -56.4782083000723,-24.4916249996812,0
                  -56.4782700000847,-24.4913216998716,0
                  -56.4765249997817,-24.4913132999224,0
                  -56.4764928995678,-24.4915339002798,0
                  -56.4782083000723,-24.4916249996812,0
                </coordinates>
              </LinearRing>
            </outerBoundaryIs>
          </Polygon>
          <Polygon>
            <outerBoundaryIs>
              <LinearRing>
                <coordinates>
                  -56.4782733000983,-24.4905099999343,0
                  -56.4782635996868,-24.490337000442,0
                  -56.4769639002966,-24.4902611999233,0
                  -56.4769600003249,-24.4904832997636,0
                  -56.4782733000983,-24.4905099999343,0
                </coordinates>
              </LinearRing>
            </outerBoundaryIs>
          </Polygon>
        </MultiGeometry>
      </Placemark>
      <Placemark id="Lote_I.185">
        <ExtendedData>
          <SchemaData schemaUrl="#Lote_I.schema">
            <SimpleData name="Cédula">2898248.00000000000</SimpleData>
            <SimpleData name="Nombres_y_">ENRIQUETA DUARTE OCAMPO</SimpleData>
            <SimpleData name="Sexo">Mujer</SimpleData>
            <SimpleData name="Cambio_de_">NO</SimpleData>
            <SimpleData name="Titular_se">NO</SimpleData>
            <SimpleData name="ci_UNIF">2898248.00000000000</SimpleData>
            <SimpleData name="Situación">NO</SimpleData>
            <SimpleData name="Comunidad">Ind?gena</SimpleData>
            <SimpleData name="Modelo_imp">Modelo 2</SimpleData>
            <SimpleData name="Departamen">SAN PEDRO</SimpleData>
            <SimpleData name="Distrito">CHORE</SimpleData>
            <SimpleData name="Localidad"><![CDATA[COM INDIG ?U APU'A]]></SimpleData>
            <SimpleData name="Teléfono">0971407754</SimpleData>
            <SimpleData name="Vivienda_L">-24.32976130000</SimpleData>
            <SimpleData name="Vivienda_1">-56.53427420000</SimpleData>
            <SimpleData name="Superficie">0.80000000000</SimpleData>
            <SimpleData name="Situaci_1">Par?metro</SimpleData>
            <SimpleData name="Plantado">NO</SimpleData>
            <SimpleData name="Jornales">0.00000000000</SimpleData>
            <SimpleData name="Monto">0.00000000000</SimpleData>
            <SimpleData name="Grupo_de_p">I-GN-XX-XX-XX</SimpleData>
            <SimpleData name="Estado_del">Activo</SimpleData>
            <SimpleData name="Empresa">Emilio Sol?s Grance</SimpleData>
            <SimpleData name="Lote">I</SimpleData>
            <SimpleData name="Parametro">0.00000000000</SimpleData>
            <SimpleData name="Sup_SIG">0.91279333381</SimpleData>
            <SimpleData name="X">-56.53488252000</SimpleData>
            <SimpleData name="Y">-24.32055877000</SimpleData>
            <SimpleData name="cedula">2898248</SimpleData>
            <SimpleData name="Cédula_1">2898248.00000000000</SimpleData>
            <SimpleData name="Estado_d_1">Activo</SimpleData>
            <SimpleData name="OBJECTID_1">5931</SimpleData>
            <SimpleData name="Shape_Leng">401.06638717300</SimpleData>
            <SimpleData name="Shape_Area">9127.93333808000</SimpleData>
          </SchemaData>
        </ExtendedData>
        <Polygon>
          <outerBoundaryIs>
            <LinearRing>
              <coordinates>
                -56.5342219997398,-24.3208288008565,0
                -56.5356100002791,-24.3209799998183,0
                -56.53562090001,-24.3209741002284,0
                -56.5351224999346,-24.3200762001335,0
                -56.5344129994289,-24.3201899009907,0
                -56.5342219997398,-24.3208288008565,0
              </coordinates>
            </LinearRing>
          </outerBoundaryIs>
        </Polygon>
      </Placemark>
      <Placemark id="Lote_I.186">
        <ExtendedData>
          <SchemaData schemaUrl="#Lote_I.schema">
            <SimpleData name="Cédula">2898262.00000000000</SimpleData>
            <SimpleData name="Nombres_y_">PEDRO DUARTE OCAMPO</SimpleData>
            <SimpleData name="Sexo">Hombre</SimpleData>
            <SimpleData name="Cambio_de_">NO</SimpleData>
            <SimpleData name="Titular_se">NO</SimpleData>
            <SimpleData name="ci_UNIF">2898262.00000000000</SimpleData>
            <SimpleData name="Situación">NO</SimpleData>
            <SimpleData name="Comunidad">Ind?gena</SimpleData>
            <SimpleData name="Modelo_imp">Modelo 5</SimpleData>
            <SimpleData name="Departamen">SAN PEDRO</SimpleData>
            <SimpleData name="Distrito">CHORE</SimpleData>
            <SimpleData name="Localidad"><![CDATA[COM INDIG ?U APU'A]]></SimpleData>
            <SimpleData name="Teléfono">0982303897</SimpleData>
            <SimpleData name="Vivienda_L">-24.32181540000</SimpleData>
            <SimpleData name="Vivienda_1">-56.54548040000</SimpleData>
            <SimpleData name="Superficie">0.70000000000</SimpleData>
            <SimpleData name="Situaci_1">Par?metro</SimpleData>
            <SimpleData name="Plantado">NO</SimpleData>
            <SimpleData name="Jornales">0.00000000000</SimpleData>
            <SimpleData name="Monto">0.00000000000</SimpleData>
            <SimpleData name="Grupo_de_p">I-GN-XX-XX-XX</SimpleData>
            <SimpleData name="Estado_del">Activo</SimpleData>
            <SimpleData name="Empresa">Emilio Sol?s Grance</SimpleData>
            <SimpleData name="Lote">I</SimpleData>
            <SimpleData name="Parametro">0.00000000000</SimpleData>
            <SimpleData name="Sup_SIG">0.78406759171</SimpleData>
            <SimpleData name="X">-56.53066112000</SimpleData>
            <SimpleData name="Y">-24.33069868000</SimpleData>
            <SimpleData name="cedula">2898262</SimpleData>
            <SimpleData name="Cédula_1">2898262.00000000000</SimpleData>
            <SimpleData name="Estado_d_1">Activo</SimpleData>
            <SimpleData name="OBJECTID_1">5922</SimpleData>
            <SimpleData name="Shape_Leng">488.67826367900</SimpleData>
            <SimpleData name="Shape_Area">7840.67591711000</SimpleData>
          </SchemaData>
        </ExtendedData>
        <Polygon>
          <outerBoundaryIs>
            <LinearRing>
              <coordinates>
                -56.5302416990756,-24.3309450001847,0
                -56.5306322996968,-24.3313131005065,0
                -56.5308236988185,-24.331151200396,0
                -56.5309522996028,-24.3312253010467,0
                -56.5312749990824,-24.3307733007056,0
                -56.5300282987181,-24.3298017000293,0
                -56.5299439996996,-24.3299102998045,0
                -56.5305551993207,-24.330454899794,0
                -56.5302416990756,-24.3309450001847,0
              </coordinates>
            </LinearRing>
          </outerBoundaryIs>
        </Polygon>
      </Placemark>
      <Placemark id="Lote_I.187">
        <ExtendedData>
          <SchemaData schemaUrl="#Lote_I.schema">
            <SimpleData name="Cédula">2929435.00000000000</SimpleData>
            <SimpleData name="Nombres_y_">OSCAR DUARTE OCAMPO</SimpleData>
            <SimpleData name="Sexo">Hombre</SimpleData>
            <SimpleData name="Cambio_de_">NO</SimpleData>
            <SimpleData name="Titular_se">NO</SimpleData>
            <SimpleData name="ci_UNIF">2929435.00000000000</SimpleData>
            <SimpleData name="Situación">NO</SimpleData>
            <SimpleData name="Comunidad">Ind?gena</SimpleData>
            <SimpleData name="Modelo_imp">Modelo 2</SimpleData>
            <SimpleData name="Departamen">SAN PEDRO</SimpleData>
            <SimpleData name="Distrito">CHORE</SimpleData>
            <SimpleData name="Localidad"><![CDATA[COM INDIG ?U APU'A]]></SimpleData>
            <SimpleData name="Teléfono">0975267779</SimpleData>
            <SimpleData name="Vivienda_L">-24.33236720000</SimpleData>
            <SimpleData name="Vivienda_1">-56.53210040000</SimpleData>
            <SimpleData name="Superficie">0.80000000000</SimpleData>
            <SimpleData name="Situaci_1">Par?metro</SimpleData>
            <SimpleData name="Plantado">NO</SimpleData>
            <SimpleData name="Jornales">0.00000000000</SimpleData>
            <SimpleData name="Monto">0.00000000000</SimpleData>
            <SimpleData name="Grupo_de_p">I-GN-XX-XX-XX</SimpleData>
            <SimpleData name="Estado_del">Activo</SimpleData>
            <SimpleData name="Empresa">Emilio Sol?s Grance</SimpleData>
            <SimpleData name="Lote">I</SimpleData>
            <SimpleData name="Parametro">0.00000000000</SimpleData>
            <SimpleData name="Sup_SIG">0.83228195480</SimpleData>
            <SimpleData name="X">-56.53169661000</SimpleData>
            <SimpleData name="Y">-24.32905399000</SimpleData>
            <SimpleData name="cedula">2929435</SimpleData>
            <SimpleData name="Cédula_1">2929435.00000000000</SimpleData>
            <SimpleData name="Estado_d_1">Activo</SimpleData>
            <SimpleData name="OBJECTID_1">5936</SimpleData>
            <SimpleData name="Shape_Leng">429.35417327100</SimpleData>
            <SimpleData name="Shape_Area">8322.81954796000</SimpleData>
          </SchemaData>
        </ExtendedData>
        <Polygon>
          <outerBoundaryIs>
            <LinearRing>
              <coordinates>
                -56.5315650587778,-24.3292609417761,0
                -56.5321583503419,-24.329718872471,0
                -56.5324682990883,-24.3294433004557,0
                -56.5313440997712,-24.3283971996267,0
                -56.5309222994955,-24.3287240001587,0
                -56.5315650587778,-24.3292609417761,0
              </coordinates>
            </LinearRing>
          </outerBoundaryIs>
        </Polygon>
      </Placemark>
      <Placemark id="Lote_I.188">
        <ExtendedData>
          <SchemaData schemaUrl="#Lote_I.schema">
            <SimpleData name="Cédula">4181904.00000000000</SimpleData>
            <SimpleData name="Nombres_y_">RAMONA BENITEZ ESPINOLA</SimpleData>
            <SimpleData name="Sexo">Mujer</SimpleData>
            <SimpleData name="Cambio_de_">NO</SimpleData>
            <SimpleData name="Titular_se">NO</SimpleData>
            <SimpleData name="ci_UNIF">4181904.00000000000</SimpleData>
            <SimpleData name="Situación">NO</SimpleData>
            <SimpleData name="Comunidad">Ind?gena</SimpleData>
            <SimpleData name="Modelo_imp">Modelo 5</SimpleData>
            <SimpleData name="Departamen">SAN PEDRO</SimpleData>
            <SimpleData name="Distrito">CHORE</SimpleData>
            <SimpleData name="Localidad"><![CDATA[COM INDIG ?U APU'A]]></SimpleData>
            <SimpleData name="Teléfono">0986694446</SimpleData>
            <SimpleData name="Vivienda_L">-24.32644750000</SimpleData>
            <SimpleData name="Vivienda_1">-56.54530410000</SimpleData>
            <SimpleData name="Superficie">0.70000000000</SimpleData>
            <SimpleData name="Situaci_1">Par?metro</SimpleData>
            <SimpleData name="Plantado">NO</SimpleData>
            <SimpleData name="Jornales">0.00000000000</SimpleData>
            <SimpleData name="Monto">0.00000000000</SimpleData>
            <SimpleData name="Grupo_de_p">I-GN-XX-XX-XX</SimpleData>
            <SimpleData name="Estado_del">Activo</SimpleData>
            <SimpleData name="Empresa">Emilio Sol?s Grance</SimpleData>
            <SimpleData name="Lote">I</SimpleData>
            <SimpleData name="Parametro">0.00000000000</SimpleData>
            <SimpleData name="Sup_SIG">0.72552822926</SimpleData>
            <SimpleData name="X">-56.53139177000</SimpleData>
            <SimpleData name="Y">-24.33105449000</SimpleData>
            <SimpleData name="cedula">4181904</SimpleData>
            <SimpleData name="Cédula_1">4181904.00000000000</SimpleData>
            <SimpleData name="Estado_d_1">Activo</SimpleData>
            <SimpleData name="OBJECTID_1">5918</SimpleData>
            <SimpleData name="Shape_Leng">422.48724687100</SimpleData>
            <SimpleData name="Shape_Area">7255.28229257000</SimpleData>
          </SchemaData>
        </ExtendedData>
        <Polygon>
          <outerBoundaryIs>
            <LinearRing>
              <coordinates>
                -56.5308916993679,-24.3313432997923,0
                -56.5310089998078,-24.3319119004073,0
                -56.5319932999622,-24.3306200006344,0
                -56.5316348989566,-24.3303283001942,0
                -56.5308916993679,-24.3313432997923,0
              </coordinates>
            </LinearRing>
          </outerBoundaryIs>
        </Polygon>
      </Placemark>
      <Placemark id="Lote_I.189">
        <ExtendedData>
          <SchemaData schemaUrl="#Lote_I.schema">
            <SimpleData name="Cédula">5308011.00000000000</SimpleData>
            <SimpleData name="Nombres_y_">ALICIA DUARTE OCAMPO</SimpleData>
            <SimpleData name="Sexo">Mujer</SimpleData>
            <SimpleData name="Cambio_de_">NO</SimpleData>
            <SimpleData name="Titular_se">NO</SimpleData>
            <SimpleData name="ci_UNIF">5308011.00000000000</SimpleData>
            <SimpleData name="Situación">NO</SimpleData>
            <SimpleData name="Comunidad">Ind?gena</SimpleData>
            <SimpleData name="Modelo_imp">Modelo 5</SimpleData>
            <SimpleData name="Departamen">SAN PEDRO</SimpleData>
            <SimpleData name="Distrito">CHORE</SimpleData>
            <SimpleData name="Localidad"><![CDATA[COM INDIG ?U APU'A]]></SimpleData>
            <SimpleData name="Teléfono">0986856102</SimpleData>
            <SimpleData name="Vivienda_L">-24.32823040000</SimpleData>
            <SimpleData name="Vivienda_1">-56.54460790000</SimpleData>
            <SimpleData name="Superficie">0.70000000000</SimpleData>
            <SimpleData name="Situaci_1">Par?metro</SimpleData>
            <SimpleData name="Plantado">NO</SimpleData>
            <SimpleData name="Jornales">0.00000000000</SimpleData>
            <SimpleData name="Monto">0.00000000000</SimpleData>
            <SimpleData name="Grupo_de_p">I-GN-XX-XX-XX</SimpleData>
            <SimpleData name="Estado_del">Activo</SimpleData>
            <SimpleData name="Empresa">Emilio Sol?s Grance</SimpleData>
            <SimpleData name="Lote">I</SimpleData>
            <SimpleData name="Parametro">0.00000000000</SimpleData>
            <SimpleData name="Sup_SIG">0.78390307757</SimpleData>
            <SimpleData name="X">-56.53081096000</SimpleData>
            <SimpleData name="Y">-24.33009600000</SimpleData>
            <SimpleData name="cedula">5308011</SimpleData>
            <SimpleData name="Cédula_1">5308011.00000000000</SimpleData>
            <SimpleData name="Estado_d_1">Activo</SimpleData>
            <SimpleData name="OBJECTID_1">5930</SimpleData>
            <SimpleData name="Shape_Leng">417.06934016300</SimpleData>
            <SimpleData name="Shape_Area">7839.03077573000</SimpleData>
          </SchemaData>
        </ExtendedData>
        <Polygon>
          <outerBoundaryIs>
            <LinearRing>
              <coordinates>
                -56.5308383508785,-24.3298100533414,0
                -56.5303897582742,-24.3294666771998,0
                -56.5300499999975,-24.3297850007865,0
                -56.5312719991991,-24.3307493005475,0
                -56.5315482996804,-24.3304100000848,0
                -56.5308383508785,-24.3298100533414,0
              </coordinates>
            </LinearRing>
          </outerBoundaryIs>
        </Polygon>
      </Placemark>
      <Placemark id="Lote_I.190">
        <ExtendedData>
          <SchemaData schemaUrl="#Lote_I.schema">
            <SimpleData name="Cédula">5308012.00000000000</SimpleData>
            <SimpleData name="Nombres_y_">MIGUELA DUARTE OCAMPO</SimpleData>
            <SimpleData name="Sexo">Mujer</SimpleData>
            <SimpleData name="Cambio_de_">NO</SimpleData>
            <SimpleData name="Titular_se">NO</SimpleData>
            <SimpleData name="ci_UNIF">5308012.00000000000</SimpleData>
            <SimpleData name="Situación">NO</SimpleData>
            <SimpleData name="Comunidad">Ind?gena</SimpleData>
            <SimpleData name="Modelo_imp">Modelo 2</SimpleData>
            <SimpleData name="Departamen">SAN PEDRO</SimpleData>
            <SimpleData name="Distrito">CHORE</SimpleData>
            <SimpleData name="Localidad"><![CDATA[COM INDIG ?U APU'A]]></SimpleData>
            <SimpleData name="Teléfono">0982955470</SimpleData>
            <SimpleData name="Vivienda_L">-24.32978300000</SimpleData>
            <SimpleData name="Vivienda_1">-56.53376100000</SimpleData>
            <SimpleData name="Superficie">0.80000000000</SimpleData>
            <SimpleData name="Situaci_1">Par?metro</SimpleData>
            <SimpleData name="Plantado">NO</SimpleData>
            <SimpleData name="Jornales">0.00000000000</SimpleData>
            <SimpleData name="Monto">0.00000000000</SimpleData>
            <SimpleData name="Grupo_de_p">I-GN-XX-XX-XX</SimpleData>
            <SimpleData name="Estado_del">Activo</SimpleData>
            <SimpleData name="Empresa">Emilio Sol?s Grance</SimpleData>
            <SimpleData name="Lote">I</SimpleData>
            <SimpleData name="Parametro">0.00000000000</SimpleData>
            <SimpleData name="Sup_SIG">0.93866968328</SimpleData>
            <SimpleData name="X">-56.53352623000</SimpleData>
            <SimpleData name="Y">-24.32926893000</SimpleData>
            <SimpleData name="cedula">5308012</SimpleData>
            <SimpleData name="Cédula_1">5308012.00000000000</SimpleData>
            <SimpleData name="Estado_d_1">Activo</SimpleData>
            <SimpleData name="OBJECTID_1">5932</SimpleData>
            <SimpleData name="Shape_Leng">423.82113064000</SimpleData>
            <SimpleData name="Shape_Area">9386.69683278000</SimpleData>
          </SchemaData>
        </ExtendedData>
        <Polygon>
          <outerBoundaryIs>
            <LinearRing>
              <coordinates>
                -56.5329016991964,-24.3294333001105,0
                -56.533424999699,-24.3299317000978,0
                -56.533765599495,-24.3296199004646,0
                -56.5336194992892,-24.3294629999824,0
                -56.5336618987269,-24.3294628999548,0
                -56.5340469003292,-24.3293880996212,0
                -56.5342061000404,-24.3291984005529,0
                -56.5340294994488,-24.3290853000084,0
                -56.533939999223,-24.3289199997906,0
                -56.5336966995691,-24.3286283007987,0
                -56.5333916998655,-24.3288217003492,0
                -56.5331716996919,-24.3290466998251,0
                -56.5329016991964,-24.3294333001105,0
              </coordinates>
            </LinearRing>
          </outerBoundaryIs>
        </Polygon>
      </Placemark>
      <Placemark id="Lote_I.191">
        <ExtendedData>
          <SchemaData schemaUrl="#Lote_I.schema">
            <SimpleData name="Cédula">5609754.00000000000</SimpleData>
            <SimpleData name="Nombres_y_">CRISTIAN BOLA?OS AVALOS</SimpleData>
            <SimpleData name="Sexo">Hombre</SimpleData>
            <SimpleData name="Cambio_de_">NO</SimpleData>
            <SimpleData name="Titular_se">NO</SimpleData>
            <SimpleData name="ci_UNIF">5609754.00000000000</SimpleData>
            <SimpleData name="Situación">NO</SimpleData>
            <SimpleData name="Comunidad">Campesina</SimpleData>
            <SimpleData name="Modelo_imp">Modelo 3</SimpleData>
            <SimpleData name="Departamen">SAN PEDRO</SimpleData>
            <SimpleData name="Distrito">LIMA</SimpleData>
            <SimpleData name="Localidad">PASO TUNA</SimpleData>
            <SimpleData name="Teléfono">0986348045</SimpleData>
            <SimpleData name="Vivienda_L">-23.92266850000</SimpleData>
            <SimpleData name="Vivienda_1">-56.65562360000</SimpleData>
            <SimpleData name="Superficie">1.00000000000</SimpleData>
            <SimpleData name="Situaci_1">Par?metro</SimpleData>
            <SimpleData name="Plantado">SI</SimpleData>
            <SimpleData name="Fecha_Plan">2026/07/08</SimpleData>
            <SimpleData name="Jornales">0.00000000000</SimpleData>
            <SimpleData name="Monto">0.00000000000</SimpleData>
            <SimpleData name="Grupo_de_p">I-GN-XX-XX-XX</SimpleData>
            <SimpleData name="Estado_del">Activo</SimpleData>
            <SimpleData name="Empresa">Emilio Sol?s Grance</SimpleData>
            <SimpleData name="Lote">I</SimpleData>
            <SimpleData name="Parametro">0.00000000000</SimpleData>
            <SimpleData name="Sup_SIG">1.06493156853</SimpleData>
            <SimpleData name="X">-56.65398850000</SimpleData>
            <SimpleData name="Y">-23.94079275000</SimpleData>
            <SimpleData name="cedula">5609754</SimpleData>
            <SimpleData name="Cédula_1">5609754.00000000000</SimpleData>
            <SimpleData name="Estado_d_1">Activo</SimpleData>
            <SimpleData name="OBJECTID_1">8538</SimpleData>
            <SimpleData name="Shape_Leng">422.67302130900</SimpleData>
            <SimpleData name="Shape_Area">10649.31568530000</SimpleData>
          </SchemaData>
        </ExtendedData>
        <Polygon>
          <outerBoundaryIs>
            <LinearRing>
              <coordinates>
                -56.6534839995409,-23.9402621006111,0
                -56.6536558994408,-23.941500400074,0
                -56.6544826997304,-23.9411230006475,0
                -56.6544643995102,-23.940304400353,0
                -56.6534839995409,-23.9402621006111,0
              </coordinates>
            </LinearRing>
          </outerBoundaryIs>
        </Polygon>
      </Placemark>
      <Placemark id="Lote_I.192">
        <ExtendedData>
          <SchemaData schemaUrl="#Lote_I.schema">
            <SimpleData name="Cédula">5951177.00000000000</SimpleData>
            <SimpleData name="Nombres_y_">TEODOLINA PALACIOS</SimpleData>
            <SimpleData name="Sexo">Mujer</SimpleData>
            <SimpleData name="Cambio_de_">NO</SimpleData>
            <SimpleData name="Titular_se">NO</SimpleData>
            <SimpleData name="ci_UNIF">5951177.00000000000</SimpleData>
            <SimpleData name="Situación">NO</SimpleData>
            <SimpleData name="Comunidad">Campesina</SimpleData>
            <SimpleData name="Modelo_imp">Modelo 5</SimpleData>
            <SimpleData name="Departamen">SAN PEDRO</SimpleData>
            <SimpleData name="Distrito">LIMA</SimpleData>
            <SimpleData name="Localidad">PASO TUNA</SimpleData>
            <SimpleData name="Teléfono">0986510810</SimpleData>
            <SimpleData name="Vivienda_L">-23.93340110000</SimpleData>
            <SimpleData name="Vivienda_1">-56.64542640000</SimpleData>
            <SimpleData name="Superficie">0.70000000000</SimpleData>
            <SimpleData name="Situaci_1">Par?metro</SimpleData>
            <SimpleData name="Plantado">SI</SimpleData>
            <SimpleData name="Fecha_Plan">2026/07/20</SimpleData>
            <SimpleData name="Jornales">0.00000000000</SimpleData>
            <SimpleData name="Monto">0.00000000000</SimpleData>
            <SimpleData name="Grupo_de_p">I-GN-XX-XX-XX</SimpleData>
            <SimpleData name="Estado_del">Activo</SimpleData>
            <SimpleData name="Empresa">Emilio Sol?s Grance</SimpleData>
            <SimpleData name="Lote">I</SimpleData>
            <SimpleData name="Parametro">0.00000000000</SimpleData>
            <SimpleData name="Sup_SIG">0.70674675942</SimpleData>
            <SimpleData name="X">-56.64583059000</SimpleData>
            <SimpleData name="Y">-23.93263388000</SimpleData>
            <SimpleData name="cedula">5951177</SimpleData>
            <SimpleData name="Cédula_1">5951177.00000000000</SimpleData>
            <SimpleData name="Estado_d_1">Activo</SimpleData>
            <SimpleData name="OBJECTID_1">6166</SimpleData>
            <SimpleData name="Shape_Leng">344.80381197400</SimpleData>
            <SimpleData name="Shape_Area">7067.46759421000</SimpleData>
          </SchemaData>
        </ExtendedData>
        <Polygon>
          <outerBoundaryIs>
            <LinearRing>
              <coordinates>
                -56.645371399816,-23.9322668997868,0
                -56.6453108993978,-23.9329493995837,0
                -56.6463880995511,-23.9329249002833,0
                -56.6463258855381,-23.9323723491286,0
                -56.645371399816,-23.9322668997868,0
              </coordinates>
            </LinearRing>
          </outerBoundaryIs>
        </Polygon>
      </Placemark>
      <Placemark id="Lote_I.193">
        <ExtendedData>
          <SchemaData schemaUrl="#Lote_I.schema">
            <SimpleData name="Cédula">6348323.00000000000</SimpleData>
            <SimpleData name="Nombres_y_">JULIANA FLORES GAUTO</SimpleData>
            <SimpleData name="Sexo">Mujer</SimpleData>
            <SimpleData name="Cambio_de_">NO</SimpleData>
            <SimpleData name="Titular_se">NO</SimpleData>
            <SimpleData name="ci_UNIF">6348323.00000000000</SimpleData>
            <SimpleData name="Situación">NO</SimpleData>
            <SimpleData name="Comunidad">Ind?gena</SimpleData>
            <SimpleData name="Modelo_imp">Modelo 5</SimpleData>
            <SimpleData name="Departamen">SAN PEDRO</SimpleData>
            <SimpleData name="Distrito">CHORE</SimpleData>
            <SimpleData name="Localidad"><![CDATA[COM INDIG ?U APU'A]]></SimpleData>
            <SimpleData name="Teléfono">0982050160</SimpleData>
            <SimpleData name="Vivienda_L">-24.33073180000</SimpleData>
            <SimpleData name="Vivienda_1">-56.54547460000</SimpleData>
            <SimpleData name="Superficie">0.70000000000</SimpleData>
            <SimpleData name="Situaci_1">Par?metro</SimpleData>
            <SimpleData name="Plantado">NO</SimpleData>
            <SimpleData name="Jornales">0.00000000000</SimpleData>
            <SimpleData name="Monto">0.00000000000</SimpleData>
            <SimpleData name="Grupo_de_p">I-GN-XX-XX-XX</SimpleData>
            <SimpleData name="Estado_del">Activo</SimpleData>
            <SimpleData name="Empresa">Emilio Sol?s Grance</SimpleData>
            <SimpleData name="Lote">I</SimpleData>
            <SimpleData name="Parametro">0.00000000000</SimpleData>
            <SimpleData name="Sup_SIG">0.70947121377</SimpleData>
            <SimpleData name="X">-56.53142029000</SimpleData>
            <SimpleData name="Y">-24.32940658000</SimpleData>
            <SimpleData name="cedula">6348323</SimpleData>
            <SimpleData name="Cédula_1">6348323.00000000000</SimpleData>
            <SimpleData name="Estado_d_1">Activo</SimpleData>
            <SimpleData name="OBJECTID_1">5934</SimpleData>
            <SimpleData name="Shape_Leng">410.68617159100</SimpleData>
            <SimpleData name="Shape_Area">7094.71213771000</SimpleData>
          </SchemaData>
        </ExtendedData>
        <Polygon>
          <outerBoundaryIs>
            <LinearRing>
              <coordinates>
                -56.5321583503419,-24.329718872471,0
                -56.5315650587778,-24.3292609417761,0
                -56.5309337997624,-24.3287737001031,0
                -56.5306873994305,-24.3290901009126,0
                -56.5318399996082,-24.3300083005321,0
                -56.5321899996517,-24.3297433005168,0
                -56.5321583503419,-24.329718872471,0
              </coordinates>
            </LinearRing>
          </outerBoundaryIs>
        </Polygon>
      </Placemark>
      <Placemark id="Lote_I.194">
        <ExtendedData>
          <SchemaData schemaUrl="#Lote_I.schema">
            <SimpleData name="Cédula">6380331.00000000000</SimpleData>
            <SimpleData name="Nombres_y_">MARIA TERESA IBARRA</SimpleData>
            <SimpleData name="Sexo">Mujer</SimpleData>
            <SimpleData name="Cambio_de_">NO</SimpleData>
            <SimpleData name="Titular_se">NO</SimpleData>
            <SimpleData name="ci_UNIF">6380331.00000000000</SimpleData>
            <SimpleData name="Situación">NO</SimpleData>
            <SimpleData name="Comunidad">Campesina</SimpleData>
            <SimpleData name="Modelo_imp">Modelo 4</SimpleData>
            <SimpleData name="Departamen">SAN PEDRO</SimpleData>
            <SimpleData name="Distrito">LIMA</SimpleData>
            <SimpleData name="Localidad">PASO TUNA</SimpleData>
            <SimpleData name="Teléfono">0992956131</SimpleData>
            <SimpleData name="Vivienda_L">-23.93983590000</SimpleData>
            <SimpleData name="Vivienda_1">-56.65170030000</SimpleData>
            <SimpleData name="Superficie">0.70000000000</SimpleData>
            <SimpleData name="Situaci_1">Par?metro</SimpleData>
            <SimpleData name="Plantado">SI</SimpleData>
            <SimpleData name="Fecha_Plan">2026/07/20</SimpleData>
            <SimpleData name="Jornales">0.00000000000</SimpleData>
            <SimpleData name="Monto">0.00000000000</SimpleData>
            <SimpleData name="Grupo_de_p">I-GN-XX-XX-XX</SimpleData>
            <SimpleData name="Estado_del">Activo</SimpleData>
            <SimpleData name="Empresa">Emilio Sol?s Grance</SimpleData>
            <SimpleData name="Lote">I</SimpleData>
            <SimpleData name="Parametro">0.00000000000</SimpleData>
            <SimpleData name="Sup_SIG">0.98668678646</SimpleData>
            <SimpleData name="X">-56.65241280000</SimpleData>
            <SimpleData name="Y">-23.93930370000</SimpleData>
            <SimpleData name="cedula">6380331</SimpleData>
            <SimpleData name="Cédula_1">6380331.00000000000</SimpleData>
            <SimpleData name="Estado_d_1">Activo</SimpleData>
            <SimpleData name="OBJECTID_1">6167</SimpleData>
            <SimpleData name="Shape_Leng">413.16508534600</SimpleData>
            <SimpleData name="Shape_Area">9866.86786455000</SimpleData>
          </SchemaData>
        </ExtendedData>
        <Polygon>
          <outerBoundaryIs>
            <LinearRing>
              <coordinates>
                -56.652038099871,-23.9398140005647,0
                -56.6527416997579,-23.9398686001719,0
                -56.6529004993219,-23.9386231004664,0
                -56.651848499329,-23.9390710001762,0
                -56.652038099871,-23.9398140005647,0
              </coordinates>
            </LinearRing>
          </outerBoundaryIs>
        </Polygon>
      </Placemark>
      <Placemark id="Lote_I.195">
        <ExtendedData>
          <SchemaData schemaUrl="#Lote_I.schema">
            <SimpleData name="Cédula">7213929.00000000000</SimpleData>
            <SimpleData name="Nombres_y_">ALICIA MENDOZA BARRETO</SimpleData>
            <SimpleData name="Sexo">Mujer</SimpleData>
            <SimpleData name="Cambio_de_">NO</SimpleData>
            <SimpleData name="Titular_se">NO</SimpleData>
            <SimpleData name="ci_UNIF">7213929.00000000000</SimpleData>
            <SimpleData name="Situación">NO</SimpleData>
            <SimpleData name="Comunidad">Ind?gena</SimpleData>
            <SimpleData name="Modelo_imp">Modelo 5</SimpleData>
            <SimpleData name="Departamen">SAN PEDRO</SimpleData>
            <SimpleData name="Distrito">CHORE</SimpleData>
            <SimpleData name="Localidad"><![CDATA[COM INDIG ?U APU'A]]></SimpleData>
            <SimpleData name="Teléfono">0984242728</SimpleData>
            <SimpleData name="Vivienda_L">-24.32149530000</SimpleData>
            <SimpleData name="Vivienda_1">-56.54558180000</SimpleData>
            <SimpleData name="Superficie">0.70000000000</SimpleData>
            <SimpleData name="Situaci_1">Par?metro</SimpleData>
            <SimpleData name="Plantado">NO</SimpleData>
            <SimpleData name="Jornales">0.00000000000</SimpleData>
            <SimpleData name="Monto">0.00000000000</SimpleData>
            <SimpleData name="Grupo_de_p">I-GN-XX-XX-XX</SimpleData>
            <SimpleData name="Estado_del">Activo</SimpleData>
            <SimpleData name="Empresa">Emilio Sol?s Grance</SimpleData>
            <SimpleData name="Lote">I</SimpleData>
            <SimpleData name="Parametro">0.00000000000</SimpleData>
            <SimpleData name="Sup_SIG">0.92084372506</SimpleData>
            <SimpleData name="X">-56.53169566000</SimpleData>
            <SimpleData name="Y">-24.33162889000</SimpleData>
            <SimpleData name="cedula">7213929</SimpleData>
            <SimpleData name="Cédula_1">7213929.00000000000</SimpleData>
            <SimpleData name="Estado_d_1">Activo</SimpleData>
            <SimpleData name="OBJECTID_1">5917</SimpleData>
            <SimpleData name="Shape_Leng">639.42377427900</SimpleData>
            <SimpleData name="Shape_Area">9208.43725062000</SimpleData>
          </SchemaData>
        </ExtendedData>
        <Polygon>
          <outerBoundaryIs>
            <LinearRing>
              <coordinates>
                -56.5319966994212,-24.3306383003024,0
                -56.5310349993639,-24.3319433008595,0
                -56.5315522990357,-24.3323534002123,0
                -56.5324136995546,-24.3314288005221,0
                -56.5323943989914,-24.3313723001826,0
                -56.5324169987879,-24.3312942004843,0
                -56.5323627003293,-24.3311689008422,0
                -56.53190039947,-24.3317051008759,0
                -56.531610599576,-24.3315081999997,0
                -56.5316088995814,-24.331457699449,0
                -56.5317119996004,-24.3313705004818,0
                -56.5320452989744,-24.3310049003958,0
                -56.5320587994778,-24.3308950000885,0
                -56.5321155992063,-24.3308026003191,0
                -56.5319966994212,-24.3306383003024,0
              </coordinates>
            </LinearRing>
          </outerBoundaryIs>
        </Polygon>
      </Placemark>
      <Placemark id="Lote_I.196">
        <ExtendedData>
          <SchemaData schemaUrl="#Lote_I.schema">
            <SimpleData name="Cédula">7540587.00000000000</SimpleData>
            <SimpleData name="Nombres_y_">PERLA PABLA GAUTO</SimpleData>
            <SimpleData name="Sexo">Mujer</SimpleData>
            <SimpleData name="Cambio_de_">NO</SimpleData>
            <SimpleData name="Titular_se">NO</SimpleData>
            <SimpleData name="ci_UNIF">7540587.00000000000</SimpleData>
            <SimpleData name="Situación">NO</SimpleData>
            <SimpleData name="Comunidad">Ind?gena</SimpleData>
            <SimpleData name="Modelo_imp">Modelo 1</SimpleData>
            <SimpleData name="Departamen">SAN PEDRO</SimpleData>
            <SimpleData name="Distrito">CHORE</SimpleData>
            <SimpleData name="Localidad"><![CDATA[COM INDIG ?U APU'A]]></SimpleData>
            <SimpleData name="Teléfono">0986963636</SimpleData>
            <SimpleData name="Vivienda_L">-24.32429380000</SimpleData>
            <SimpleData name="Vivienda_1">-56.54479500000</SimpleData>
            <SimpleData name="Superficie">0.80000000000</SimpleData>
            <SimpleData name="Situaci_1">Par?metro</SimpleData>
            <SimpleData name="Plantado">NO</SimpleData>
            <SimpleData name="Jornales">0.00000000000</SimpleData>
            <SimpleData name="Monto">0.00000000000</SimpleData>
            <SimpleData name="Grupo_de_p">I-GN-XX-XX-XX</SimpleData>
            <SimpleData name="Estado_del">Activo</SimpleData>
            <SimpleData name="Empresa">Emilio Sol?s Grance</SimpleData>
            <SimpleData name="Lote">I</SimpleData>
            <SimpleData name="Parametro">0.00000000000</SimpleData>
            <SimpleData name="Sup_SIG">1.04453510831</SimpleData>
            <SimpleData name="X">-56.54345003000</SimpleData>
            <SimpleData name="Y">-24.32011865000</SimpleData>
            <SimpleData name="cedula">7540587</SimpleData>
            <SimpleData name="Cédula_1">7540587.00000000000</SimpleData>
            <SimpleData name="Estado_d_1">Activo</SimpleData>
            <SimpleData name="OBJECTID_1">5924</SimpleData>
            <SimpleData name="Shape_Leng">620.27242677900</SimpleData>
            <SimpleData name="Shape_Area">10445.35108310000</SimpleData>
          </SchemaData>
        </ExtendedData>
        <MultiGeometry>
          <Polygon>
            <outerBoundaryIs>
              <LinearRing>
                <coordinates>
                  -56.5330425991496,-24.3302618004131,0
                  -56.5334249999747,-24.3299466999435,0
                  -56.5328882998541,-24.3294332995152,0
                  -56.5328417990075,-24.3296898995825,0
                  -56.5328576989905,-24.3298421001222,0
                  -56.5327805997798,-24.329970599719,0
                  -56.5330425991496,-24.3302618004131,0
                </coordinates>
              </LinearRing>
            </outerBoundaryIs>
          </Polygon>
          <Polygon>
            <outerBoundaryIs>
              <LinearRing>
                <coordinates>
                  -56.5429610994123,-24.3205935996369,0
                  -56.5433631992103,-24.3205567002796,0
                  -56.5437051994404,-24.3203318994821,0
                  -56.5442580988091,-24.319710200001,0
                  -56.5429636990425,-24.3198648995518,0
                  -56.5429610994123,-24.3205935996369,0
                </coordinates>
              </LinearRing>
            </outerBoundaryIs>
          </Polygon>
        </MultiGeometry>
      </Placemark>
      <Placemark id="Lote_I.197">
        <ExtendedData>
          <SchemaData schemaUrl="#Lote_I.schema">
            <SimpleData name="Cédula">8383606.00000000000</SimpleData>
            <SimpleData name="Nombres_y_">NANCY GOMEZ PACHER</SimpleData>
            <SimpleData name="Sexo">Mujer</SimpleData>
            <SimpleData name="Cambio_de_">NO</SimpleData>
            <SimpleData name="Titular_se">NO</SimpleData>
            <SimpleData name="ci_UNIF">8383606.00000000000</SimpleData>
            <SimpleData name="Situación">NO</SimpleData>
            <SimpleData name="Comunidad">Ind?gena</SimpleData>
            <SimpleData name="Modelo_imp">Modelo 5</SimpleData>
            <SimpleData name="Departamen">SAN PEDRO</SimpleData>
            <SimpleData name="Distrito">CHORE</SimpleData>
            <SimpleData name="Localidad"><![CDATA[COM INDIG ?U APU'A]]></SimpleData>
            <SimpleData name="Teléfono">0986796730</SimpleData>
            <SimpleData name="Vivienda_L">-24.33151180000</SimpleData>
            <SimpleData name="Vivienda_1">-56.54505780000</SimpleData>
            <SimpleData name="Superficie">0.70000000000</SimpleData>
            <SimpleData name="Situaci_1">Par?metro</SimpleData>
            <SimpleData name="Plantado">NO</SimpleData>
            <SimpleData name="Jornales">0.00000000000</SimpleData>
            <SimpleData name="Monto">0.00000000000</SimpleData>
            <SimpleData name="Grupo_de_p">I-GN-XX-XX-XX</SimpleData>
            <SimpleData name="Estado_del">Activo</SimpleData>
            <SimpleData name="Empresa">Emilio Sol?s Grance</SimpleData>
            <SimpleData name="Lote">I</SimpleData>
            <SimpleData name="Parametro">0.00000000000</SimpleData>
            <SimpleData name="Sup_SIG">0.70509304056</SimpleData>
            <SimpleData name="X">-56.53110229000</SimpleData>
            <SimpleData name="Y">-24.32975030000</SimpleData>
            <SimpleData name="cedula">8383606</SimpleData>
            <SimpleData name="Cédula_1">8383606.00000000000</SimpleData>
            <SimpleData name="Estado_d_1">Activo</SimpleData>
            <SimpleData name="OBJECTID_1">5933</SimpleData>
            <SimpleData name="Shape_Leng">408.68438547200</SimpleData>
            <SimpleData name="Shape_Area">7050.93040560000</SimpleData>
          </SchemaData>
        </ExtendedData>
        <Polygon>
          <outerBoundaryIs>
            <LinearRing>
              <coordinates>
                -56.5303897582742,-24.3294666771998,0
                -56.5308383508785,-24.3298100533414,0
                -56.5315349995706,-24.3303433005975,0
                -56.5318716998441,-24.3300566998276,0
                -56.5306032992775,-24.3291366999951,0
                -56.530355299491,-24.3294403000809,0
                -56.5303897582742,-24.3294666771998,0
              </coordinates>
            </LinearRing>
          </outerBoundaryIs>
        </Polygon>
      </Placemark>
      <Placemark id="Lote_I.198">
        <ExtendedData>
          <SchemaData schemaUrl="#Lote_I.schema">
            <SimpleData name="Cédula">1057025.00000000000</SimpleData>
            <SimpleData name="Nombres_y_">ISIDORA FERREIRA SILVA</SimpleData>
            <SimpleData name="Sexo">Mujer</SimpleData>
            <SimpleData name="Cambio_de_">NO</SimpleData>
            <SimpleData name="Titular_se">NO</SimpleData>
            <SimpleData name="ci_UNIF">1057025.00000000000</SimpleData>
            <SimpleData name="Situación">NO</SimpleData>
            <SimpleData name="Comunidad">Campesina</SimpleData>
            <SimpleData name="Modelo_imp">Modelo 1</SimpleData>
            <SimpleData name="Departamen">SAN PEDRO</SimpleData>
            <SimpleData name="Distrito">LIMA</SimpleData>
            <SimpleData name="Localidad">SGTO MONTANIA</SimpleData>
            <SimpleData name="Teléfono">0984134144</SimpleData>
            <SimpleData name="Vivienda_L">-23.95037510000</SimpleData>
            <SimpleData name="Vivienda_1">-56.44035330000</SimpleData>
            <SimpleData name="Superficie">0.80000000000</SimpleData>
            <SimpleData name="Situaci_1">Par?metro</SimpleData>
            <SimpleData name="Plantado">NO</SimpleData>
            <SimpleData name="Jornales">0.00000000000</SimpleData>
            <SimpleData name="Monto">0.00000000000</SimpleData>
            <SimpleData name="Grupo_de_p">I-GN-XX-XX-XX</SimpleData>
            <SimpleData name="Estado_del">Activo</SimpleData>
            <SimpleData name="Empresa">Emilio Sol?s Grance</SimpleData>
            <SimpleData name="Lote">I</SimpleData>
            <SimpleData name="Parametro">0.00000000000</SimpleData>
            <SimpleData name="Sup_SIG">0.86011384718</SimpleData>
            <SimpleData name="X">-56.43990764000</SimpleData>
            <SimpleData name="Y">-23.95061032000</SimpleData>
            <SimpleData name="cedula">1057025</SimpleData>
            <SimpleData name="Cédula_1">1057025.00000000000</SimpleData>
            <SimpleData name="Estado_d_1">Activo</SimpleData>
            <SimpleData name="OBJECTID_1">6151</SimpleData>
            <SimpleData name="Shape_Leng">413.29338021400</SimpleData>
            <SimpleData name="Shape_Area">8601.13847179000</SimpleData>
          </SchemaData>
        </ExtendedData>
        <Polygon>
          <outerBoundaryIs>
            <LinearRing>
              <coordinates>
                -56.4390919999458,-23.9503918002227,0
                -56.4402992000908,-23.9511962000555,0
                -56.4406762993872,-23.950904800835,0
                -56.4396956996693,-23.9500369993988,0
                -56.4390919999458,-23.9503918002227,0
              </coordinates>
            </LinearRing>
          </outerBoundaryIs>
        </Polygon>
      </Placemark>
      <Placemark id="Lote_I.199">
        <ExtendedData>
          <SchemaData schemaUrl="#Lote_I.schema">
            <SimpleData name="Cédula">2236996.00000000000</SimpleData>
            <SimpleData name="Nombres_y_">MARIA ANTONIA CANTERO GIMENEZ</SimpleData>
            <SimpleData name="Sexo">Mujer</SimpleData>
            <SimpleData name="Cambio_de_">NO</SimpleData>
            <SimpleData name="Titular_se">NO</SimpleData>
            <SimpleData name="ci_UNIF">2236996.00000000000</SimpleData>
            <SimpleData name="Situación">NO</SimpleData>
            <SimpleData name="Comunidad">Campesina</SimpleData>
            <SimpleData name="Modelo_imp">Modelo 3</SimpleData>
            <SimpleData name="Departamen">SAN PEDRO</SimpleData>
            <SimpleData name="Distrito">CHORE</SimpleData>
            <SimpleData name="Localidad">ROSARINO</SimpleData>
            <SimpleData name="Teléfono">0976441247</SimpleData>
            <SimpleData name="Vivienda_L">-24.20589720000</SimpleData>
            <SimpleData name="Vivienda_1">-56.53335250000</SimpleData>
            <SimpleData name="Superficie">1.00000000000</SimpleData>
            <SimpleData name="Situaci_1">Par?metro</SimpleData>
            <SimpleData name="Plantado">NO</SimpleData>
            <SimpleData name="Jornales">0.00000000000</SimpleData>
            <SimpleData name="Monto">0.00000000000</SimpleData>
            <SimpleData name="Grupo_de_p">I-GN-XX-XX-XX</SimpleData>
            <SimpleData name="Estado_del">Activo</SimpleData>
            <SimpleData name="Empresa">Emilio Sol?s Grance</SimpleData>
            <SimpleData name="Lote">I</SimpleData>
            <SimpleData name="Parametro">0.00000000000</SimpleData>
            <SimpleData name="Sup_SIG">1.06883154938</SimpleData>
            <SimpleData name="X">-56.53011109000</SimpleData>
            <SimpleData name="Y">-24.20590748000</SimpleData>
            <SimpleData name="cedula">2236996</SimpleData>
            <SimpleData name="Cédula_1">2236996.00000000000</SimpleData>
            <SimpleData name="Estado_d_1">Activo</SimpleData>
            <SimpleData name="OBJECTID_1">5978</SimpleData>
            <SimpleData name="Shape_Leng">518.30866510600</SimpleData>
            <SimpleData name="Shape_Area">10688.31549380000</SimpleData>
          </SchemaData>
        </ExtendedData>
        <Polygon>
          <outerBoundaryIs>
            <LinearRing>
              <coordinates>
                -56.5290739998918,-24.2057335999416,0
                -56.5290766999445,-24.2061717997945,0
                -56.5309733004549,-24.2061229996592,0
                -56.5309892003461,-24.2060365000735,0
                -56.5311381998249,-24.2060178996954,0
                -56.5311166998128,-24.2056183000217,0
                -56.5290739998918,-24.2057335999416,0
              </coordinates>
            </LinearRing>
          </outerBoundaryIs>
        </Polygon>
      </Placemark>
      <Placemark id="Lote_I.200">
        <ExtendedData>
          <SchemaData schemaUrl="#Lote_I.schema">
            <SimpleData name="Cédula">3019607.00000000000</SimpleData>
            <SimpleData name="Nombres_y_">MIGUEL ANGEL SOSA DIAZ</SimpleData>
            <SimpleData name="Sexo">Hombre</SimpleData>
            <SimpleData name="Cambio_de_">NO</SimpleData>
            <SimpleData name="Titular_se">NO</SimpleData>
            <SimpleData name="ci_UNIF">3019607.00000000000</SimpleData>
            <SimpleData name="Situación">NO</SimpleData>
            <SimpleData name="Comunidad">Campesina</SimpleData>
            <SimpleData name="Modelo_imp">Modelo 5</SimpleData>
            <SimpleData name="Departamen">SAN PEDRO</SimpleData>
            <SimpleData name="Distrito">GUAYAIBI</SimpleData>
            <SimpleData name="Localidad">SANTO DOMINGO</SimpleData>
            <SimpleData name="Teléfono">0982678303</SimpleData>
            <SimpleData name="Vivienda_L">-24.50292070000</SimpleData>
            <SimpleData name="Vivienda_1">-56.42616510000</SimpleData>
            <SimpleData name="Superficie">0.70000000000</SimpleData>
            <SimpleData name="Situaci_1">Par?metro</SimpleData>
            <SimpleData name="Plantado">NO</SimpleData>
            <SimpleData name="Jornales">0.00000000000</SimpleData>
            <SimpleData name="Monto">0.00000000000</SimpleData>
            <SimpleData name="Grupo_de_p">I-GN-XX-XX-XX</SimpleData>
            <SimpleData name="Estado_del">Activo</SimpleData>
            <SimpleData name="Empresa">Emilio Sol?s Grance</SimpleData>
            <SimpleData name="Lote">I</SimpleData>
            <SimpleData name="Parametro">0.00000000000</SimpleData>
            <SimpleData name="Sup_SIG">0.75645895834</SimpleData>
            <SimpleData name="X">-56.42506300000</SimpleData>
            <SimpleData name="Y">-24.50340953000</SimpleData>
            <SimpleData name="cedula">3019607</SimpleData>
            <SimpleData name="Cédula_1">3019607.00000000000</SimpleData>
            <SimpleData name="Estado_d_1">Activo</SimpleData>
            <SimpleData name="OBJECTID_1">6012</SimpleData>
            <SimpleData name="Shape_Leng">418.60438344100</SimpleData>
            <SimpleData name="Shape_Area">7564.58958339000</SimpleData>
          </SchemaData>
        </ExtendedData>
        <Polygon>
          <outerBoundaryIs>
            <LinearRing>
              <coordinates>
                -56.4242366999622,-24.5035550991776,0
                -56.425824200298,-24.5036812996515,0
                -56.4259012003588,-24.5032655000333,0
                -56.4242883008531,-24.503138299542,0
                -56.4242366999622,-24.5035550991776,0
              </coordinates>
            </LinearRing>
          </outerBoundaryIs>
        </Polygon>
      </Placemark>
      <Placemark id="Lote_I.201">
        <ExtendedData>
          <SchemaData schemaUrl="#Lote_I.schema">
            <SimpleData name="Cédula">3625928.00000000000</SimpleData>
            <SimpleData name="Nombres_y_">YENI LIBRADA MARTINEZ BARRETO</SimpleData>
            <SimpleData name="Sexo">Mujer</SimpleData>
            <SimpleData name="Cambio_de_">NO</SimpleData>
            <SimpleData name="Titular_se">NO</SimpleData>
            <SimpleData name="ci_UNIF">3625928.00000000000</SimpleData>
            <SimpleData name="Situación">NO</SimpleData>
            <SimpleData name="Comunidad">Campesina</SimpleData>
            <SimpleData name="Modelo_imp">Modelo 4</SimpleData>
            <SimpleData name="Departamen">SAN PEDRO</SimpleData>
            <SimpleData name="Distrito">CHORE</SimpleData>
            <SimpleData name="Localidad">NACIENTE AYALA CUE</SimpleData>
            <SimpleData name="Teléfono">0986684049</SimpleData>
            <SimpleData name="Vivienda_L">-24.26609300000</SimpleData>
            <SimpleData name="Vivienda_1">-56.53477950000</SimpleData>
            <SimpleData name="Superficie">0.70000000000</SimpleData>
            <SimpleData name="Situaci_1">Par?metro</SimpleData>
            <SimpleData name="Plantado">NO</SimpleData>
            <SimpleData name="Jornales">0.00000000000</SimpleData>
            <SimpleData name="Monto">0.00000000000</SimpleData>
            <SimpleData name="Grupo_de_p">I-GN-XX-XX-XX</SimpleData>
            <SimpleData name="Estado_del">Activo</SimpleData>
            <SimpleData name="Empresa">Emilio Sol?s Grance</SimpleData>
            <SimpleData name="Lote">I</SimpleData>
            <SimpleData name="Parametro">0.00000000000</SimpleData>
            <SimpleData name="Sup_SIG">0.69938502473</SimpleData>
            <SimpleData name="X">-56.53577173000</SimpleData>
            <SimpleData name="Y">-24.26584994000</SimpleData>
            <SimpleData name="cedula">3625928</SimpleData>
            <SimpleData name="Cédula_1">3625928.00000000000</SimpleData>
            <SimpleData name="Estado_d_1">Activo</SimpleData>
            <SimpleData name="OBJECTID_1">5999</SimpleData>
            <SimpleData name="Shape_Leng">340.54805409800</SimpleData>
            <SimpleData name="Shape_Area">6993.85024728000</SimpleData>
          </SchemaData>
        </ExtendedData>
        <Polygon>
          <outerBoundaryIs>
            <LinearRing>
              <coordinates>
                -56.5355000001449,-24.2662300003199,0
                -56.5361893998643,-24.2663143993722,0
                -56.5360942002662,-24.265401699964,0
                -56.5352543003305,-24.2655233007514,0
                -56.5355000001449,-24.2662300003199,0
              </coordinates>
            </LinearRing>
          </outerBoundaryIs>
        </Polygon>
      </Placemark>
      <Placemark id="Lote_I.202">
        <ExtendedData>
          <SchemaData schemaUrl="#Lote_I.schema">
            <SimpleData name="Cédula">3980326.00000000000</SimpleData>
            <SimpleData name="Nombres_y_">GLORIA ELIZABETH DAVALOS DUARTE</SimpleData>
            <SimpleData name="Sexo">Mujer</SimpleData>
            <SimpleData name="Cambio_de_">NO</SimpleData>
            <SimpleData name="Titular_se">NO</SimpleData>
            <SimpleData name="ci_UNIF">3980326.00000000000</SimpleData>
            <SimpleData name="Situación">NO</SimpleData>
            <SimpleData name="Comunidad">Campesina</SimpleData>
            <SimpleData name="Modelo_imp">Modelo 5</SimpleData>
            <SimpleData name="Departamen">SAN PEDRO</SimpleData>
            <SimpleData name="Distrito">GUAYAIBI</SimpleData>
            <SimpleData name="Localidad">TUPASY</SimpleData>
            <SimpleData name="Teléfono">0985425274</SimpleData>
            <SimpleData name="Vivienda_L">-24.53117630000</SimpleData>
            <SimpleData name="Vivienda_1">-56.43863930000</SimpleData>
            <SimpleData name="Superficie">0.70000000000</SimpleData>
            <SimpleData name="Situaci_1">Par?metro</SimpleData>
            <SimpleData name="Plantado">NO</SimpleData>
            <SimpleData name="Jornales">0.00000000000</SimpleData>
            <SimpleData name="Monto">0.00000000000</SimpleData>
            <SimpleData name="Grupo_de_p">I-GN-XX-XX-XX</SimpleData>
            <SimpleData name="Estado_del">Activo</SimpleData>
            <SimpleData name="Empresa">Emilio Sol?s Grance</SimpleData>
            <SimpleData name="Lote">I</SimpleData>
            <SimpleData name="Parametro">0.00000000000</SimpleData>
            <SimpleData name="Sup_SIG">0.78482306732</SimpleData>
            <SimpleData name="X">-56.43917525000</SimpleData>
            <SimpleData name="Y">-24.52615033000</SimpleData>
            <SimpleData name="cedula">3980326</SimpleData>
            <SimpleData name="Cédula_1">3980326.00000000000</SimpleData>
            <SimpleData name="Estado_d_1">Activo</SimpleData>
            <SimpleData name="OBJECTID_1">6083</SimpleData>
            <SimpleData name="Shape_Leng">407.08181418100</SimpleData>
            <SimpleData name="Shape_Area">7848.23067320000</SimpleData>
          </SchemaData>
        </ExtendedData>
        <Polygon>
          <outerBoundaryIs>
            <LinearRing>
              <coordinates>
                -56.4389083001151,-24.5254500000363,0
                -56.4389359007145,-24.5268691001038,0
                -56.4394917006542,-24.5267500002227,0
                -56.4393733003619,-24.525445000278,0
                -56.4389083001151,-24.5254500000363,0
              </coordinates>
            </LinearRing>
          </outerBoundaryIs>
        </Polygon>
      </Placemark>
      <Placemark id="Lote_I.203">
        <ExtendedData>
          <SchemaData schemaUrl="#Lote_I.schema">
            <SimpleData name="Cédula">4238262.00000000000</SimpleData>
            <SimpleData name="Nombres_y_">MARIA ACOSTA</SimpleData>
            <SimpleData name="Sexo">Mujer</SimpleData>
            <SimpleData name="Cambio_de_">NO</SimpleData>
            <SimpleData name="Titular_se">NO</SimpleData>
            <SimpleData name="ci_UNIF">4238262.00000000000</SimpleData>
            <SimpleData name="Situación">NO</SimpleData>
            <SimpleData name="Comunidad">Ind?gena</SimpleData>
            <SimpleData name="Modelo_imp">Modelo 5</SimpleData>
            <SimpleData name="Departamen">SAN PEDRO</SimpleData>
            <SimpleData name="Distrito">CHORE</SimpleData>
            <SimpleData name="Localidad"><![CDATA[COM INDIG ?U APU'A]]></SimpleData>
            <SimpleData name="Teléfono">0986148489</SimpleData>
            <SimpleData name="Vivienda_L">-24.32440180000</SimpleData>
            <SimpleData name="Vivienda_1">-56.54593560000</SimpleData>
            <SimpleData name="Superficie">0.70000000000</SimpleData>
            <SimpleData name="Situaci_1">Par?metro</SimpleData>
            <SimpleData name="Plantado">NO</SimpleData>
            <SimpleData name="Jornales">0.00000000000</SimpleData>
            <SimpleData name="Monto">0.00000000000</SimpleData>
            <SimpleData name="Grupo_de_p">I-GN-XX-XX-XX</SimpleData>
            <SimpleData name="Estado_del">Activo</SimpleData>
            <SimpleData name="Empresa">Emilio Sol?s Grance</SimpleData>
            <SimpleData name="Lote">I</SimpleData>
            <SimpleData name="Parametro">0.00000000000</SimpleData>
            <SimpleData name="Sup_SIG">0.80814438322</SimpleData>
            <SimpleData name="X">-56.53499409000</SimpleData>
            <SimpleData name="Y">-24.32117582000</SimpleData>
            <SimpleData name="cedula">4238262</SimpleData>
            <SimpleData name="Cédula_1">4238262.00000000000</SimpleData>
            <SimpleData name="Estado_d_1">Activo</SimpleData>
            <SimpleData name="OBJECTID_1">5921</SimpleData>
            <SimpleData name="Shape_Leng">405.97122360300</SimpleData>
            <SimpleData name="Shape_Area">8081.44383220000</SimpleData>
          </SchemaData>
        </ExtendedData>
        <Polygon>
          <outerBoundaryIs>
            <LinearRing>
              <coordinates>
                -56.5343317000878,-24.3213682997451,0
                -56.5357590995917,-24.321498199551,0
                -56.5356623002595,-24.320993999985,0
                -56.534243300102,-24.3208432997814,0
                -56.5343317000878,-24.3213682997451,0
              </coordinates>
            </LinearRing>
          </outerBoundaryIs>
        </Polygon>
      </Placemark>
      <Placemark id="Lote_I.204">
        <ExtendedData>
          <SchemaData schemaUrl="#Lote_I.schema">
            <SimpleData name="Cédula">4429211.00000000000</SimpleData>
            <SimpleData name="Nombres_y_">MAXIMA BENITEZ MONTANIA</SimpleData>
            <SimpleData name="Sexo">Mujer</SimpleData>
            <SimpleData name="Cambio_de_">NO</SimpleData>
            <SimpleData name="Titular_se">NO</SimpleData>
            <SimpleData name="ci_UNIF">4429211.00000000000</SimpleData>
            <SimpleData name="Situación">NO</SimpleData>
            <SimpleData name="Comunidad">Ind?gena</SimpleData>
            <SimpleData name="Modelo_imp">Modelo 5</SimpleData>
            <SimpleData name="Departamen">SAN PEDRO</SimpleData>
            <SimpleData name="Distrito">CHORE</SimpleData>
            <SimpleData name="Localidad"><![CDATA[COM INDIG ?U APU'A]]></SimpleData>
            <SimpleData name="Teléfono">0984730843</SimpleData>
            <SimpleData name="Vivienda_L">-24.32898660000</SimpleData>
            <SimpleData name="Vivienda_1">-56.54566470000</SimpleData>
            <SimpleData name="Superficie">0.70000000000</SimpleData>
            <SimpleData name="Situaci_1">Par?metro</SimpleData>
            <SimpleData name="Plantado">NO</SimpleData>
            <SimpleData name="Jornales">0.00000000000</SimpleData>
            <SimpleData name="Monto">0.00000000000</SimpleData>
            <SimpleData name="Grupo_de_p">I-GN-XX-XX-XX</SimpleData>
            <SimpleData name="Estado_del">Activo</SimpleData>
            <SimpleData name="Empresa">Emilio Sol?s Grance</SimpleData>
            <SimpleData name="Lote">I</SimpleData>
            <SimpleData name="Parametro">0.00000000000</SimpleData>
            <SimpleData name="Sup_SIG">0.77839175135</SimpleData>
            <SimpleData name="X">-56.53515353000</SimpleData>
            <SimpleData name="Y">-24.32225871000</SimpleData>
            <SimpleData name="cedula">4429211</SimpleData>
            <SimpleData name="Cédula_1">4429211.00000000000</SimpleData>
            <SimpleData name="Estado_d_1">Activo</SimpleData>
            <SimpleData name="OBJECTID_1">5925</SimpleData>
            <SimpleData name="Shape_Leng">390.52701130000</SimpleData>
            <SimpleData name="Shape_Area">7783.91751353000</SimpleData>
          </SchemaData>
        </ExtendedData>
        <Polygon>
          <outerBoundaryIs>
            <LinearRing>
              <coordinates>
                -56.5347178639996,-24.3219244236029,0
                -56.5345715722454,-24.3219073333368,0
                -56.5344649994198,-24.3224382995271,0
                -56.5358800000355,-24.322613400132,0
                -56.535838300478,-24.32252180039,0
                -56.5357533003522,-24.3223013997822,0
                -56.5357559998093,-24.3220503003175,0
                -56.5347178639996,-24.3219244236029,0
              </coordinates>
            </LinearRing>
          </outerBoundaryIs>
        </Polygon>
      </Placemark>
      <Placemark id="Lote_I.205">
        <ExtendedData>
          <SchemaData schemaUrl="#Lote_I.schema">
            <SimpleData name="Cédula">4511810.00000000000</SimpleData>
            <SimpleData name="Nombres_y_">MARIA AUXILIADORA FERREIRA FRANCO</SimpleData>
            <SimpleData name="Sexo">Mujer</SimpleData>
            <SimpleData name="Cambio_de_">NO</SimpleData>
            <SimpleData name="Titular_se">NO</SimpleData>
            <SimpleData name="ci_UNIF">4511810.00000000000</SimpleData>
            <SimpleData name="Situación">NO</SimpleData>
            <SimpleData name="Comunidad">Campesina</SimpleData>
            <SimpleData name="Modelo_imp">Modelo 5</SimpleData>
            <SimpleData name="Departamen">SAN PEDRO</SimpleData>
            <SimpleData name="Distrito">SAN PABLO KOKUERE</SimpleData>
            <SimpleData name="Localidad">TATARE NORTE</SimpleData>
            <SimpleData name="Teléfono">0981367183</SimpleData>
            <SimpleData name="Vivienda_L">-24.10085900000</SimpleData>
            <SimpleData name="Vivienda_1">-56.83762600000</SimpleData>
            <SimpleData name="Superficie">0.70000000000</SimpleData>
            <SimpleData name="Situaci_1">Par?metro</SimpleData>
            <SimpleData name="Plantado">NO</SimpleData>
            <SimpleData name="Jornales">0.00000000000</SimpleData>
            <SimpleData name="Monto">0.00000000000</SimpleData>
            <SimpleData name="Grupo_de_p">I-GN-XX-XX-XX</SimpleData>
            <SimpleData name="Estado_del">Activo</SimpleData>
            <SimpleData name="Empresa">Emilio Sol?s Grance</SimpleData>
            <SimpleData name="Lote">I</SimpleData>
            <SimpleData name="Parametro">0.00000000000</SimpleData>
            <SimpleData name="Sup_SIG">0.75476951191</SimpleData>
            <SimpleData name="X">-56.83728962000</SimpleData>
            <SimpleData name="Y">-24.10423121000</SimpleData>
            <SimpleData name="cedula">4511810</SimpleData>
            <SimpleData name="Cédula_1">4511810.00000000000</SimpleData>
            <SimpleData name="Estado_d_1">Activo</SimpleData>
            <SimpleData name="OBJECTID_1">6144</SimpleData>
            <SimpleData name="Shape_Leng">543.34632836900</SimpleData>
            <SimpleData name="Shape_Area">7547.69511909000</SimpleData>
          </SchemaData>
        </ExtendedData>
        <MultiGeometry>
          <Polygon>
            <outerBoundaryIs>
              <LinearRing>
                <coordinates>
                  -56.8374261995504,-24.1050886002911,0
                  -56.8374785990593,-24.1045171997347,0
                  -56.8374264999704,-24.1044429994828,0
                  -56.837096699578,-24.104377000007,0
                  -56.836883406897,-24.104966247018,0
                  -56.8368771144694,-24.1049956959165,0
                  -56.8374261995504,-24.1050886002911,0
                </coordinates>
              </LinearRing>
            </outerBoundaryIs>
          </Polygon>
          <Polygon>
            <outerBoundaryIs>
              <LinearRing>
                <coordinates>
                  -56.8374300000328,-24.1043532995974,0
                  -56.8375210001179,-24.1038684995505,0
                  -56.837498399323,-24.1038209989746,0
                  -56.8374874002183,-24.1037276988068,0
                  -56.8375742997636,-24.103701399264,0
                  -56.8376167003988,-24.1033832988664,0
                  -56.8376059998843,-24.1033333000109,0
                  -56.8372465999349,-24.1032695003474,0
                  -56.8371062000302,-24.10430369986,0
                  -56.8374300000328,-24.1043532995974,0
                </coordinates>
              </LinearRing>
            </outerBoundaryIs>
          </Polygon>
        </MultiGeometry>
      </Placemark>
      <Placemark id="Lote_I.206">
        <ExtendedData>
          <SchemaData schemaUrl="#Lote_I.schema">
            <SimpleData name="Cédula">4511995.00000000000</SimpleData>
            <SimpleData name="Nombres_y_">RICARDO PAEZ GARCIA</SimpleData>
            <SimpleData name="Sexo">Hombre</SimpleData>
            <SimpleData name="Cambio_de_">NO</SimpleData>
            <SimpleData name="Titular_se">NO</SimpleData>
            <SimpleData name="ci_UNIF">4511995.00000000000</SimpleData>
            <SimpleData name="Situación">NO</SimpleData>
            <SimpleData name="Comunidad">Campesina</SimpleData>
            <SimpleData name="Modelo_imp">Modelo 1</SimpleData>
            <SimpleData name="Departamen">SAN PEDRO</SimpleData>
            <SimpleData name="Distrito">SAN PABLO KOKUERE</SimpleData>
            <SimpleData name="Localidad">CERRITO 2DO</SimpleData>
            <SimpleData name="Teléfono">0975379048</SimpleData>
            <SimpleData name="Vivienda_L">-24.13124770000</SimpleData>
            <SimpleData name="Vivienda_1">-56.88958700000</SimpleData>
            <SimpleData name="Superficie">0.80000000000</SimpleData>
            <SimpleData name="Situaci_1">Par?metro</SimpleData>
            <SimpleData name="Plantado">NO</SimpleData>
            <SimpleData name="Jornales">0.00000000000</SimpleData>
            <SimpleData name="Monto">0.00000000000</SimpleData>
            <SimpleData name="Grupo_de_p">I-GN-XX-XX-XX</SimpleData>
            <SimpleData name="Estado_del">Activo</SimpleData>
            <SimpleData name="Empresa">Emilio Sol?s Grance</SimpleData>
            <SimpleData name="Lote">I</SimpleData>
            <SimpleData name="Parametro">0.00000000000</SimpleData>
            <SimpleData name="Sup_SIG">0.93830205844</SimpleData>
            <SimpleData name="X">-56.88874286000</SimpleData>
            <SimpleData name="Y">-24.13115183000</SimpleData>
            <SimpleData name="cedula">4511995</SimpleData>
            <SimpleData name="Cédula_1">4511995.00000000000</SimpleData>
            <SimpleData name="Estado_d_1">Activo</SimpleData>
            <SimpleData name="OBJECTID_1">6175</SimpleData>
            <SimpleData name="Shape_Leng">389.30902759800</SimpleData>
            <SimpleData name="Shape_Area">9383.02058442000</SimpleData>
          </SchemaData>
        </ExtendedData>
        <Polygon>
          <outerBoundaryIs>
            <LinearRing>
              <coordinates>
                -56.8881732000517,-24.1314998996294,0
                -56.8893701005766,-24.1315380000201,0
                -56.8892986998246,-24.1310560999228,0
                -56.889134299735,-24.1307803997654,0
                -56.8882221003563,-24.1307237004154,0
                -56.8881732000517,-24.1314998996294,0
              </coordinates>
            </LinearRing>
          </outerBoundaryIs>
        </Polygon>
      </Placemark>
      <Placemark id="Lote_I.207">
        <ExtendedData>
          <SchemaData schemaUrl="#Lote_I.schema">
            <SimpleData name="Cédula">4623303.00000000000</SimpleData>
            <SimpleData name="Nombres_y_">MARGARITA GONZALEZ PALACIO</SimpleData>
            <SimpleData name="Sexo">Mujer</SimpleData>
            <SimpleData name="Cambio_de_">NO</SimpleData>
            <SimpleData name="Titular_se">NO</SimpleData>
            <SimpleData name="ci_UNIF">4623303.00000000000</SimpleData>
            <SimpleData name="Situación">NO</SimpleData>
            <SimpleData name="Comunidad">Campesina</SimpleData>
            <SimpleData name="Modelo_imp">Modelo 5</SimpleData>
            <SimpleData name="Departamen">SAN PEDRO</SimpleData>
            <SimpleData name="Distrito">SAN PABLO KOKUERE</SimpleData>
            <SimpleData name="Localidad">TATARE NORTE</SimpleData>
            <SimpleData name="Teléfono">0981260653</SimpleData>
            <SimpleData name="Vivienda_L">-24.10713980000</SimpleData>
            <SimpleData name="Vivienda_1">-56.83914610000</SimpleData>
            <SimpleData name="Superficie">0.70000000000</SimpleData>
            <SimpleData name="Situaci_1">Par?metro</SimpleData>
            <SimpleData name="Plantado">NO</SimpleData>
            <SimpleData name="Jornales">0.00000000000</SimpleData>
            <SimpleData name="Monto">0.00000000000</SimpleData>
            <SimpleData name="Grupo_de_p">I-GN-XX-XX-XX</SimpleData>
            <SimpleData name="Estado_del">Activo</SimpleData>
            <SimpleData name="Empresa">Emilio Sol?s Grance</SimpleData>
            <SimpleData name="Lote">I</SimpleData>
            <SimpleData name="Parametro">0.00000000000</SimpleData>
            <SimpleData name="Sup_SIG">0.70273734229</SimpleData>
            <SimpleData name="X">-56.83681457000</SimpleData>
            <SimpleData name="Y">-24.10433247000</SimpleData>
            <SimpleData name="cedula">4623303</SimpleData>
            <SimpleData name="Cédula_1">4623303.00000000000</SimpleData>
            <SimpleData name="Estado_d_1">Activo</SimpleData>
            <SimpleData name="OBJECTID_1">6154</SimpleData>
            <SimpleData name="Shape_Leng">519.33840253400</SimpleData>
            <SimpleData name="Shape_Area">7027.37342292000</SimpleData>
          </SchemaData>
        </ExtendedData>
        <MultiGeometry>
          <Polygon>
            <outerBoundaryIs>
              <LinearRing>
                <coordinates>
                  -56.8368245003192,-24.1052418992324,0
                  -56.8368771144694,-24.1049956959165,0
                  -56.836883406897,-24.104966247018,0
                  -56.8371133995249,-24.103890000252,0
                  -56.8366702991736,-24.1039076991435,0
                  -56.8364950001841,-24.1051782995208,0
                  -56.8368245003192,-24.1052418992324,0
                </coordinates>
              </LinearRing>
            </outerBoundaryIs>
          </Polygon>
          <Polygon>
            <outerBoundaryIs>
              <LinearRing>
                <coordinates>
                  -56.8371524993516,-24.1035990001289,0
                  -56.8371859991853,-24.10332130017,0
                  -56.8367498996461,-24.1033180991577,0
                  -56.8367260996433,-24.1035601992585,0
                  -56.8371524993516,-24.1035990001289,0
                </coordinates>
              </LinearRing>
            </outerBoundaryIs>
          </Polygon>
        </MultiGeometry>
      </Placemark>
      <Placemark id="Lote_I.208">
        <ExtendedData>
          <SchemaData schemaUrl="#Lote_I.schema">
            <SimpleData name="Cédula">4662842.00000000000</SimpleData>
            <SimpleData name="Nombres_y_">ZUNILDA CA?IZA DE BARRETO</SimpleData>
            <SimpleData name="Sexo">Mujer</SimpleData>
            <SimpleData name="Cambio_de_">NO</SimpleData>
            <SimpleData name="Titular_se">NO</SimpleData>
            <SimpleData name="ci_UNIF">4662842.00000000000</SimpleData>
            <SimpleData name="Situación">NO</SimpleData>
            <SimpleData name="Comunidad">Campesina</SimpleData>
            <SimpleData name="Modelo_imp">Modelo 4</SimpleData>
            <SimpleData name="Departamen">SAN PEDRO</SimpleData>
            <SimpleData name="Distrito">GUAYAIBI</SimpleData>
            <SimpleData name="Localidad">SAN RAFAEL</SimpleData>
            <SimpleData name="Teléfono">0985399514</SimpleData>
            <SimpleData name="Vivienda_L">-24.40822250000</SimpleData>
            <SimpleData name="Vivienda_1">-56.39722660000</SimpleData>
            <SimpleData name="Superficie">0.70000000000</SimpleData>
            <SimpleData name="Situaci_1">Par?metro</SimpleData>
            <SimpleData name="Plantado">NO</SimpleData>
            <SimpleData name="Jornales">0.00000000000</SimpleData>
            <SimpleData name="Monto">0.00000000000</SimpleData>
            <SimpleData name="Grupo_de_p">I-GN-XX-XX-XX</SimpleData>
            <SimpleData name="Estado_del">Activo</SimpleData>
            <SimpleData name="Empresa">Emilio Sol?s Grance</SimpleData>
            <SimpleData name="Lote">I</SimpleData>
            <SimpleData name="Parametro">0.00000000000</SimpleData>
            <SimpleData name="Sup_SIG">0.84824614936</SimpleData>
            <SimpleData name="X">-56.39700710000</SimpleData>
            <SimpleData name="Y">-24.40680150000</SimpleData>
            <SimpleData name="cedula">4662842</SimpleData>
            <SimpleData name="Cédula_1">4662842.00000000000</SimpleData>
            <SimpleData name="Estado_d_1">Activo</SimpleData>
            <SimpleData name="OBJECTID_1">6055</SimpleData>
            <SimpleData name="Shape_Leng">369.11227725200</SimpleData>
            <SimpleData name="Shape_Area">8482.46149363000</SimpleData>
          </SchemaData>
        </ExtendedData>
        <Polygon>
          <outerBoundaryIs>
            <LinearRing>
              <coordinates>
                -56.3965233001016,-24.4072132999118,0
                -56.3974289002619,-24.4072470003723,0
                -56.3974596005442,-24.4064036992961,0
                -56.3966383000843,-24.4063166998292,0
                -56.3965233001016,-24.4072132999118,0
              </coordinates>
            </LinearRing>
          </outerBoundaryIs>
        </Polygon>
      </Placemark>
      <Placemark id="Lote_I.209">
        <ExtendedData>
          <SchemaData schemaUrl="#Lote_I.schema">
            <SimpleData name="Cédula">5107369.00000000000</SimpleData>
            <SimpleData name="Nombres_y_">ADOLFO ANDRES DUARTE OCAMPO</SimpleData>
            <SimpleData name="Sexo">Hombre</SimpleData>
            <SimpleData name="Cambio_de_">NO</SimpleData>
            <SimpleData name="Titular_se">NO</SimpleData>
            <SimpleData name="ci_UNIF">5107369.00000000000</SimpleData>
            <SimpleData name="Situación">NO</SimpleData>
            <SimpleData name="Comunidad">Ind?gena</SimpleData>
            <SimpleData name="Modelo_imp">Modelo 2</SimpleData>
            <SimpleData name="Departamen">SAN PEDRO</SimpleData>
            <SimpleData name="Distrito">CHORE</SimpleData>
            <SimpleData name="Localidad"><![CDATA[COM INDIG ?U APU'A]]></SimpleData>
            <SimpleData name="Teléfono">0976598640</SimpleData>
            <SimpleData name="Vivienda_L">-24.33070040000</SimpleData>
            <SimpleData name="Vivienda_1">-56.53339470000</SimpleData>
            <SimpleData name="Superficie">0.80000000000</SimpleData>
            <SimpleData name="Situaci_1">Par?metro</SimpleData>
            <SimpleData name="Plantado">NO</SimpleData>
            <SimpleData name="Jornales">0.00000000000</SimpleData>
            <SimpleData name="Monto">0.00000000000</SimpleData>
            <SimpleData name="Grupo_de_p">I-GN-XX-XX-XX</SimpleData>
            <SimpleData name="Estado_del">Activo</SimpleData>
            <SimpleData name="Empresa">Emilio Sol?s Grance</SimpleData>
            <SimpleData name="Lote">I</SimpleData>
            <SimpleData name="Parametro">0.00000000000</SimpleData>
            <SimpleData name="Sup_SIG">0.97181629228</SimpleData>
            <SimpleData name="X">-56.54439233000</SimpleData>
            <SimpleData name="Y">-24.32751794000</SimpleData>
            <SimpleData name="cedula">5107369</SimpleData>
            <SimpleData name="Cédula_1">5107369.00000000000</SimpleData>
            <SimpleData name="Estado_d_1">Activo</SimpleData>
            <SimpleData name="OBJECTID_1">5927</SimpleData>
            <SimpleData name="Shape_Leng">554.10269205700</SimpleData>
            <SimpleData name="Shape_Area">9718.16292284000</SimpleData>
          </SchemaData>
        </ExtendedData>
        <Polygon>
          <outerBoundaryIs>
            <LinearRing>
              <coordinates>
                -56.5441566996925,-24.3275017999901,0
                -56.5439418998716,-24.3275365996918,0
                -56.5439301995669,-24.3273934995358,0
                -56.5432365998612,-24.3274849002083,0
                -56.5432849998317,-24.3278150003906,0
                -56.5452804999653,-24.3276912999774,0
                -56.5452828998683,-24.3271360998653,0
                -56.5447282999887,-24.3271275994868,0
                -56.5446601003489,-24.3272998996918,0
                -56.5441989002747,-24.3273225993996,0
                -56.5441566996925,-24.3275017999901,0
              </coordinates>
            </LinearRing>
          </outerBoundaryIs>
        </Polygon>
      </Placemark>
      <Placemark id="Lote_I.210">
        <ExtendedData>
          <SchemaData schemaUrl="#Lote_I.schema">
            <SimpleData name="Cédula">5383145.00000000000</SimpleData>
            <SimpleData name="Nombres_y_">MARGARITA RIVELA CARDOZO</SimpleData>
            <SimpleData name="Sexo">Mujer</SimpleData>
            <SimpleData name="Cambio_de_">NO</SimpleData>
            <SimpleData name="Titular_se">NO</SimpleData>
            <SimpleData name="ci_UNIF">5383145.00000000000</SimpleData>
            <SimpleData name="Situación">NO</SimpleData>
            <SimpleData name="Comunidad">Campesina</SimpleData>
            <SimpleData name="Modelo_imp">Modelo 5</SimpleData>
            <SimpleData name="Departamen">SAN PEDRO</SimpleData>
            <SimpleData name="Distrito">SAN PABLO KOKUERE</SimpleData>
            <SimpleData name="Localidad">CERRITO 2DO</SimpleData>
            <SimpleData name="Teléfono">0984915872</SimpleData>
            <SimpleData name="Vivienda_L">-24.14062440000</SimpleData>
            <SimpleData name="Vivienda_1">-56.88861480000</SimpleData>
            <SimpleData name="Superficie">0.70000000000</SimpleData>
            <SimpleData name="Situaci_1">Par?metro</SimpleData>
            <SimpleData name="Plantado">NO</SimpleData>
            <SimpleData name="Jornales">0.00000000000</SimpleData>
            <SimpleData name="Monto">0.00000000000</SimpleData>
            <SimpleData name="Grupo_de_p">I-GN-XX-XX-XX</SimpleData>
            <SimpleData name="Estado_del">Activo</SimpleData>
            <SimpleData name="Empresa">Emilio Sol?s Grance</SimpleData>
            <SimpleData name="Lote">I</SimpleData>
            <SimpleData name="Parametro">0.00000000000</SimpleData>
            <SimpleData name="Sup_SIG">0.77044697930</SimpleData>
            <SimpleData name="X">-56.88811484000</SimpleData>
            <SimpleData name="Y">-24.14059641000</SimpleData>
            <SimpleData name="cedula">5383145</SimpleData>
            <SimpleData name="Cédula_1">5383145.00000000000</SimpleData>
            <SimpleData name="Estado_d_1">Activo</SimpleData>
            <SimpleData name="OBJECTID_1">6178</SimpleData>
            <SimpleData name="Shape_Leng">410.27113523900</SimpleData>
            <SimpleData name="Shape_Area">7704.46979303000</SimpleData>
          </SchemaData>
        </ExtendedData>
        <Polygon>
          <outerBoundaryIs>
            <LinearRing>
              <coordinates>
                -56.8877799996795,-24.1400849999817,0
                -56.8877918000574,-24.1411729001903,0
                -56.8883208993558,-24.1412051001623,0
                -56.8883517993959,-24.1408431004286,0
                -56.8883473007389,-24.1407950995998,0
                -56.8883340997547,-24.1405539994262,0
                -56.8883915003349,-24.1403780001387,0
                -56.8886473998702,-24.1403787000273,0
                -56.8886722997237,-24.1401407003779,0
                -56.8877799996795,-24.1400849999817,0
              </coordinates>
            </LinearRing>
          </outerBoundaryIs>
        </Polygon>
      </Placemark>
      <Placemark id="Lote_I.211">
        <ExtendedData>
          <SchemaData schemaUrl="#Lote_I.schema">
            <SimpleData name="Cédula">5526707.00000000000</SimpleData>
            <SimpleData name="Nombres_y_">MATILDE BENITEZ FLORES</SimpleData>
            <SimpleData name="Sexo">Mujer</SimpleData>
            <SimpleData name="Cambio_de_">NO</SimpleData>
            <SimpleData name="Titular_se">NO</SimpleData>
            <SimpleData name="ci_UNIF">5526707.00000000000</SimpleData>
            <SimpleData name="Situación">NO</SimpleData>
            <SimpleData name="Comunidad">Ind?gena</SimpleData>
            <SimpleData name="Modelo_imp">Modelo 1</SimpleData>
            <SimpleData name="Departamen">SAN PEDRO</SimpleData>
            <SimpleData name="Distrito">CHORE</SimpleData>
            <SimpleData name="Localidad"><![CDATA[COM INDIG ?U APU'A]]></SimpleData>
            <SimpleData name="Teléfono">0987206585</SimpleData>
            <SimpleData name="Vivienda_L">-24.33013240000</SimpleData>
            <SimpleData name="Vivienda_1">-56.54531370000</SimpleData>
            <SimpleData name="Superficie">0.80000000000</SimpleData>
            <SimpleData name="Situaci_1">Par?metro</SimpleData>
            <SimpleData name="Plantado">NO</SimpleData>
            <SimpleData name="Jornales">0.00000000000</SimpleData>
            <SimpleData name="Monto">0.00000000000</SimpleData>
            <SimpleData name="Grupo_de_p">I-GN-XX-XX-XX</SimpleData>
            <SimpleData name="Estado_del">Activo</SimpleData>
            <SimpleData name="Empresa">Emilio Sol?s Grance</SimpleData>
            <SimpleData name="Lote">I</SimpleData>
            <SimpleData name="Parametro">0.00000000000</SimpleData>
            <SimpleData name="Sup_SIG">0.86688194133</SimpleData>
            <SimpleData name="X">-56.54445132000</SimpleData>
            <SimpleData name="Y">-24.32653874000</SimpleData>
            <SimpleData name="cedula">5526707</SimpleData>
            <SimpleData name="Cédula_1">5526707.00000000000</SimpleData>
            <SimpleData name="Estado_d_1">Activo</SimpleData>
            <SimpleData name="OBJECTID_1">5929</SimpleData>
            <SimpleData name="Shape_Leng">581.27254135900</SimpleData>
            <SimpleData name="Shape_Area">8668.81941329000</SimpleData>
          </SchemaData>
        </ExtendedData>
        <MultiGeometry>
          <Polygon>
            <outerBoundaryIs>
              <LinearRing>
                <coordinates>
                  -56.5451884999214,-24.3270360997116,0
                  -56.5452232996679,-24.3267297995376,0
                  -56.5444404996373,-24.3266919999702,0
                  -56.5444523995592,-24.327018199686,0
                  -56.5451884999214,-24.3270360997116,0
                </coordinates>
              </LinearRing>
            </outerBoundaryIs>
          </Polygon>
          <Polygon>
            <outerBoundaryIs>
              <LinearRing>
                <coordinates>
                  -56.5437116992892,-24.3266616996826,0
                  -56.5444276998255,-24.326623899478,0
                  -56.5444300000065,-24.3265966992533,0
                  -56.5448578993614,-24.3265630997423,0
                  -56.5448352999964,-24.3260683000602,0
                  -56.5444668997871,-24.3260632001921,0
                  -56.5444478992637,-24.3261963997619,0
                  -56.543618099938,-24.3262559992211,0
                  -56.5437116992892,-24.3266616996826,0
                </coordinates>
              </LinearRing>
            </outerBoundaryIs>
          </Polygon>
        </MultiGeometry>
      </Placemark>
      <Placemark id="Lote_I.212">
        <ExtendedData>
          <SchemaData schemaUrl="#Lote_I.schema">
            <SimpleData name="Cédula">5921386.00000000000</SimpleData>
            <SimpleData name="Nombres_y_">CELSA ESPINOLA BERNAL</SimpleData>
            <SimpleData name="Sexo">Mujer</SimpleData>
            <SimpleData name="Cambio_de_">NO</SimpleData>
            <SimpleData name="Titular_se">NO</SimpleData>
            <SimpleData name="ci_UNIF">5921386.00000000000</SimpleData>
            <SimpleData name="Situación">NO</SimpleData>
            <SimpleData name="Comunidad">Campesina</SimpleData>
            <SimpleData name="Modelo_imp">Modelo 5</SimpleData>
            <SimpleData name="Departamen">SAN PEDRO</SimpleData>
            <SimpleData name="Distrito">GUAYAIBI</SimpleData>
            <SimpleData name="Localidad">SAN FRANCISCO</SimpleData>
            <SimpleData name="Teléfono">0992593951</SimpleData>
            <SimpleData name="Vivienda_L">-24.53149670000</SimpleData>
            <SimpleData name="Vivienda_1">-56.42401030000</SimpleData>
            <SimpleData name="Superficie">0.70000000000</SimpleData>
            <SimpleData name="Situaci_1">Par?metro</SimpleData>
            <SimpleData name="Plantado">NO</SimpleData>
            <SimpleData name="Jornales">0.00000000000</SimpleData>
            <SimpleData name="Monto">0.00000000000</SimpleData>
            <SimpleData name="Grupo_de_p">I-GN-XX-XX-XX</SimpleData>
            <SimpleData name="Estado_del">Activo</SimpleData>
            <SimpleData name="Empresa">Emilio Sol?s Grance</SimpleData>
            <SimpleData name="Lote">I</SimpleData>
            <SimpleData name="Parametro">0.00000000000</SimpleData>
            <SimpleData name="Sup_SIG">0.71063567217</SimpleData>
            <SimpleData name="X">-56.42390145000</SimpleData>
            <SimpleData name="Y">-24.53380652000</SimpleData>
            <SimpleData name="cedula">5921386</SimpleData>
            <SimpleData name="Cédula_1">5921386.00000000000</SimpleData>
            <SimpleData name="Estado_d_1">Activo</SimpleData>
            <SimpleData name="OBJECTID_1">6081</SimpleData>
            <SimpleData name="Shape_Leng">397.38027659800</SimpleData>
            <SimpleData name="Shape_Area">7106.35672174000</SimpleData>
          </SchemaData>
        </ExtendedData>
        <Polygon>
          <outerBoundaryIs>
            <LinearRing>
              <coordinates>
                -56.4236535003689,-24.5345004991998,0
                -56.4240888997076,-24.5345091995324,0
                -56.424174699699,-24.5331372003224,0
                -56.4236860004768,-24.5331316996811,0
                -56.4236535003689,-24.5345004991998,0
              </coordinates>
            </LinearRing>
          </outerBoundaryIs>
        </Polygon>
      </Placemark>
      <Placemark id="Lote_I.213">
        <ExtendedData>
          <SchemaData schemaUrl="#Lote_I.schema">
            <SimpleData name="Cédula">6229669.00000000000</SimpleData>
            <SimpleData name="Nombres_y_">CEFERIANO ROMERO ESPINOLA</SimpleData>
            <SimpleData name="Sexo">Hombre</SimpleData>
            <SimpleData name="Cambio_de_">NO</SimpleData>
            <SimpleData name="Titular_se">NO</SimpleData>
            <SimpleData name="ci_UNIF">6229669.00000000000</SimpleData>
            <SimpleData name="Situación">NO</SimpleData>
            <SimpleData name="Comunidad">Ind?gena</SimpleData>
            <SimpleData name="Modelo_imp">Modelo 1</SimpleData>
            <SimpleData name="Departamen">SAN PEDRO</SimpleData>
            <SimpleData name="Distrito">CHORE</SimpleData>
            <SimpleData name="Localidad"><![CDATA[COM INDIG ?U APU'A]]></SimpleData>
            <SimpleData name="Teléfono">0972494885</SimpleData>
            <SimpleData name="Vivienda_L">-24.31996310000</SimpleData>
            <SimpleData name="Vivienda_1">-56.54419420000</SimpleData>
            <SimpleData name="Superficie">0.80000000000</SimpleData>
            <SimpleData name="Situaci_1">Par?metro</SimpleData>
            <SimpleData name="Plantado">NO</SimpleData>
            <SimpleData name="Jornales">0.00000000000</SimpleData>
            <SimpleData name="Monto">0.00000000000</SimpleData>
            <SimpleData name="Grupo_de_p">I-GN-XX-XX-XX</SimpleData>
            <SimpleData name="Estado_del">Activo</SimpleData>
            <SimpleData name="Empresa">Emilio Sol?s Grance</SimpleData>
            <SimpleData name="Lote">I</SimpleData>
            <SimpleData name="Parametro">0.00000000000</SimpleData>
            <SimpleData name="Sup_SIG">0.86996581275</SimpleData>
            <SimpleData name="X">-56.54375813000</SimpleData>
            <SimpleData name="Y">-24.31948216000</SimpleData>
            <SimpleData name="cedula">6229669</SimpleData>
            <SimpleData name="Cédula_1">6229669.00000000000</SimpleData>
            <SimpleData name="Estado_d_1">Activo</SimpleData>
            <SimpleData name="OBJECTID_1">5919</SimpleData>
            <SimpleData name="Shape_Leng">416.17383713200</SimpleData>
            <SimpleData name="Shape_Area">8699.65812752000</SimpleData>
          </SchemaData>
        </ExtendedData>
        <Polygon>
          <outerBoundaryIs>
            <LinearRing>
              <coordinates>
                -56.5430232999109,-24.3192766995089,0
                -56.5430102003162,-24.3198100995877,0
                -56.5442824369775,-24.3196970777159,0
                -56.544543100221,-24.3195839997356,0
                -56.5445216995798,-24.3191719003233,0
                -56.5430232999109,-24.3192766995089,0
              </coordinates>
            </LinearRing>
          </outerBoundaryIs>
        </Polygon>
      </Placemark>
      <Placemark id="Lote_I.214">
        <ExtendedData>
          <SchemaData schemaUrl="#Lote_I.schema">
            <SimpleData name="Cédula">6631613.00000000000</SimpleData>
            <SimpleData name="Nombres_y_">NANCY BEATRIZ GIMENEZ OVELAR</SimpleData>
            <SimpleData name="Sexo">Mujer</SimpleData>
            <SimpleData name="Cambio_de_">NO</SimpleData>
            <SimpleData name="Titular_se">NO</SimpleData>
            <SimpleData name="ci_UNIF">6631613.00000000000</SimpleData>
            <SimpleData name="Situación">NO</SimpleData>
            <SimpleData name="Comunidad">Campesina</SimpleData>
            <SimpleData name="Modelo_imp">Modelo 2</SimpleData>
            <SimpleData name="Departamen">SAN PEDRO</SimpleData>
            <SimpleData name="Distrito">GUAYAIBI</SimpleData>
            <SimpleData name="Localidad">PRIMERA LINEA CHACHI</SimpleData>
            <SimpleData name="Teléfono">0984009238</SimpleData>
            <SimpleData name="Vivienda_L">-24.50648160000</SimpleData>
            <SimpleData name="Vivienda_1">-56.44673290000</SimpleData>
            <SimpleData name="Superficie">0.80000000000</SimpleData>
            <SimpleData name="Situaci_1">Par?metro</SimpleData>
            <SimpleData name="Plantado">NO</SimpleData>
            <SimpleData name="Jornales">0.00000000000</SimpleData>
            <SimpleData name="Monto">0.00000000000</SimpleData>
            <SimpleData name="Grupo_de_p">I-GN-XX-XX-XX</SimpleData>
            <SimpleData name="Estado_del">Activo</SimpleData>
            <SimpleData name="Empresa">Emilio Sol?s Grance</SimpleData>
            <SimpleData name="Lote">I</SimpleData>
            <SimpleData name="Parametro">0.00000000000</SimpleData>
            <SimpleData name="Sup_SIG">0.93413581611</SimpleData>
            <SimpleData name="X">-56.45465605000</SimpleData>
            <SimpleData name="Y">-24.50660952000</SimpleData>
            <SimpleData name="cedula">6631613</SimpleData>
            <SimpleData name="Cédula_1">6631613.00000000000</SimpleData>
            <SimpleData name="Estado_d_1">Activo</SimpleData>
            <SimpleData name="OBJECTID_1">6088</SimpleData>
            <SimpleData name="Shape_Leng">472.54787763200</SimpleData>
            <SimpleData name="Shape_Area">9341.35816109000</SimpleData>
          </SchemaData>
        </ExtendedData>
        <Polygon>
          <outerBoundaryIs>
            <LinearRing>
              <coordinates>
                -56.4537567000702,-24.5068017000083,0
                -56.4555983000995,-24.5068733003025,0
                -56.4555340996727,-24.5064097001432,0
                -56.4537192996838,-24.5063507001356,0
                -56.4537567000702,-24.5068017000083,0
              </coordinates>
            </LinearRing>
          </outerBoundaryIs>
        </Polygon>
      </Placemark>
      <Placemark id="Lote_I.215">
        <ExtendedData>
          <SchemaData schemaUrl="#Lote_I.schema">
            <SimpleData name="Cédula">6753213.00000000000</SimpleData>
            <SimpleData name="Nombres_y_">ERICA ISABEL GONZALEZ GUTIERREZ</SimpleData>
            <SimpleData name="Sexo">Mujer</SimpleData>
            <SimpleData name="Cambio_de_">NO</SimpleData>
            <SimpleData name="Titular_se">NO</SimpleData>
            <SimpleData name="ci_UNIF">6753213.00000000000</SimpleData>
            <SimpleData name="Situación">NO</SimpleData>
            <SimpleData name="Comunidad">Campesina</SimpleData>
            <SimpleData name="Modelo_imp">Modelo 1</SimpleData>
            <SimpleData name="Departamen">SAN PEDRO</SimpleData>
            <SimpleData name="Distrito">SAN PABLO KOKUERE</SimpleData>
            <SimpleData name="Localidad">CERRITO 1RO</SimpleData>
            <SimpleData name="Teléfono">0984467281</SimpleData>
            <SimpleData name="Vivienda_L">-24.10463040000</SimpleData>
            <SimpleData name="Vivienda_1">-56.88423850000</SimpleData>
            <SimpleData name="Superficie">0.80000000000</SimpleData>
            <SimpleData name="Situaci_1">Par?metro</SimpleData>
            <SimpleData name="Plantado">NO</SimpleData>
            <SimpleData name="Jornales">0.00000000000</SimpleData>
            <SimpleData name="Monto">0.00000000000</SimpleData>
            <SimpleData name="Grupo_de_p">I-GN-XX-XX-XX</SimpleData>
            <SimpleData name="Estado_del">Activo</SimpleData>
            <SimpleData name="Empresa">Emilio Sol?s Grance</SimpleData>
            <SimpleData name="Lote">I</SimpleData>
            <SimpleData name="Parametro">0.00000000000</SimpleData>
            <SimpleData name="Sup_SIG">0.90885237050</SimpleData>
            <SimpleData name="X">-56.88364763000</SimpleData>
            <SimpleData name="Y">-24.10647937000</SimpleData>
            <SimpleData name="cedula">6753213</SimpleData>
            <SimpleData name="Cédula_1">6753213.00000000000</SimpleData>
            <SimpleData name="Estado_d_1">Activo</SimpleData>
            <SimpleData name="OBJECTID_1">6147</SimpleData>
            <SimpleData name="Shape_Leng">582.97589281800</SimpleData>
            <SimpleData name="Shape_Area">9088.52370500000</SimpleData>
          </SchemaData>
        </ExtendedData>
        <Polygon>
          <outerBoundaryIs>
            <LinearRing>
              <coordinates>
                -56.8833924999267,-24.1064024000894,0
                -56.8830740999695,-24.1074541999119,0
                -56.8832586997574,-24.1075719992299,0
                -56.883581499209,-24.1065807999846,0
                -56.8836557998417,-24.1066029004319,0
                -56.8836295993863,-24.1068345993848,0
                -56.8838936000263,-24.1069053999817,0
                -56.8840318996772,-24.1064806001404,0
                -56.8840929000339,-24.1062007003344,0
                -56.8841384004148,-24.1058202003875,0
                -56.8835818997823,-24.105766599794,0
                -56.8833974996864,-24.1062121001105,0
                -56.8834905997911,-24.1062639000461,0
                -56.8834242004801,-24.1063942998546,0
                -56.8833924999267,-24.1064024000894,0
              </coordinates>
            </LinearRing>
          </outerBoundaryIs>
        </Polygon>
      </Placemark>
      <Placemark id="Lote_I.216">
        <ExtendedData>
          <SchemaData schemaUrl="#Lote_I.schema">
            <SimpleData name="Cédula">6754021.00000000000</SimpleData>
            <SimpleData name="Nombres_y_">MARCOS PAEZ GARCIA</SimpleData>
            <SimpleData name="Sexo">Hombre</SimpleData>
            <SimpleData name="Cambio_de_">NO</SimpleData>
            <SimpleData name="Titular_se">NO</SimpleData>
            <SimpleData name="ci_UNIF">6754021.00000000000</SimpleData>
            <SimpleData name="Situación">NO</SimpleData>
            <SimpleData name="Comunidad">Campesina</SimpleData>
            <SimpleData name="Modelo_imp">Modelo 5</SimpleData>
            <SimpleData name="Departamen">SAN PEDRO</SimpleData>
            <SimpleData name="Distrito">SAN PABLO KOKUERE</SimpleData>
            <SimpleData name="Localidad">CERRITO 2DO</SimpleData>
            <SimpleData name="Teléfono">0983784207</SimpleData>
            <SimpleData name="Vivienda_L">-24.13316600000</SimpleData>
            <SimpleData name="Vivienda_1">-56.88911050000</SimpleData>
            <SimpleData name="Superficie">0.70000000000</SimpleData>
            <SimpleData name="Situaci_1">Par?metro</SimpleData>
            <SimpleData name="Plantado">NO</SimpleData>
            <SimpleData name="Jornales">0.00000000000</SimpleData>
            <SimpleData name="Monto">0.00000000000</SimpleData>
            <SimpleData name="Grupo_de_p">I-GN-XX-XX-XX</SimpleData>
            <SimpleData name="Estado_del">Activo</SimpleData>
            <SimpleData name="Empresa">Emilio Sol?s Grance</SimpleData>
            <SimpleData name="Lote">I</SimpleData>
            <SimpleData name="Parametro">0.00000000000</SimpleData>
            <SimpleData name="Sup_SIG">0.71067785438</SimpleData>
            <SimpleData name="X">-56.88897929000</SimpleData>
            <SimpleData name="Y">-24.13369226000</SimpleData>
            <SimpleData name="cedula">6754021</SimpleData>
            <SimpleData name="Cédula_1">6754021.00000000000</SimpleData>
            <SimpleData name="Estado_d_1">Activo</SimpleData>
            <SimpleData name="OBJECTID_1">6171</SimpleData>
            <SimpleData name="Shape_Leng">396.37443001400</SimpleData>
            <SimpleData name="Shape_Area">7106.77854382000</SimpleData>
          </SchemaData>
        </ExtendedData>
        <Polygon>
          <outerBoundaryIs>
            <LinearRing>
              <coordinates>
                -56.8885816001987,-24.1341008002261,0
                -56.8893433001775,-24.134187399503,0
                -56.8894016994919,-24.1336817000574,0
                -56.8892851002554,-24.1336150000683,0
                -56.8893266998025,-24.1333832994599,0
                -56.8890182998939,-24.133343500491,0
                -56.888996900576,-24.1331587997673,0
                -56.8886400999479,-24.1331369992769,0
                -56.8885935000162,-24.133589700271,0
                -56.8886506006324,-24.133610599793,0
                -56.8886415998124,-24.1337564998866,0
                -56.8887461001154,-24.1338140998196,0
                -56.8887461998858,-24.1339865998133,0
                -56.8885745998774,-24.1339937003845,0
                -56.8885816001987,-24.1341008002261,0
              </coordinates>
            </LinearRing>
          </outerBoundaryIs>
        </Polygon>
      </Placemark>
      <Placemark id="Lote_I.217">
        <ExtendedData>
          <SchemaData schemaUrl="#Lote_I.schema">
            <SimpleData name="Cédula">6788062.00000000000</SimpleData>
            <SimpleData name="Nombres_y_">ALEXIS JAVIER BARRIOS NU?EZ</SimpleData>
            <SimpleData name="Sexo">Hombre</SimpleData>
            <SimpleData name="Cambio_de_">NO</SimpleData>
            <SimpleData name="Titular_se">NO</SimpleData>
            <SimpleData name="ci_UNIF">6788062.00000000000</SimpleData>
            <SimpleData name="Situación">NO</SimpleData>
            <SimpleData name="Comunidad">Campesina</SimpleData>
            <SimpleData name="Modelo_imp">Modelo 1</SimpleData>
            <SimpleData name="Departamen">SAN PEDRO</SimpleData>
            <SimpleData name="Distrito">SAN PABLO KOKUERE</SimpleData>
            <SimpleData name="Localidad">SAN RAMON</SimpleData>
            <SimpleData name="Teléfono">0983803785</SimpleData>
            <SimpleData name="Vivienda_L">-24.16794160000</SimpleData>
            <SimpleData name="Vivienda_1">-56.87766220000</SimpleData>
            <SimpleData name="Superficie">0.80000000000</SimpleData>
            <SimpleData name="Situaci_1">Par?metro</SimpleData>
            <SimpleData name="Plantado">NO</SimpleData>
            <SimpleData name="Jornales">0.00000000000</SimpleData>
            <SimpleData name="Monto">0.00000000000</SimpleData>
            <SimpleData name="Grupo_de_p">I-GN-XX-XX-XX</SimpleData>
            <SimpleData name="Estado_del">Activo</SimpleData>
            <SimpleData name="Empresa">Emilio Sol?s Grance</SimpleData>
            <SimpleData name="Lote">I</SimpleData>
            <SimpleData name="Parametro">0.00000000000</SimpleData>
            <SimpleData name="Sup_SIG">0.84227785066</SimpleData>
            <SimpleData name="X">-56.87192991000</SimpleData>
            <SimpleData name="Y">-24.17592405000</SimpleData>
            <SimpleData name="cedula">6788062</SimpleData>
            <SimpleData name="Cédula_1">6788062.00000000000</SimpleData>
            <SimpleData name="Estado_d_1">Activo</SimpleData>
            <SimpleData name="OBJECTID_1">6169</SimpleData>
            <SimpleData name="Shape_Leng">522.57615623300</SimpleData>
            <SimpleData name="Shape_Area">8422.77850660000</SimpleData>
          </SchemaData>
        </ExtendedData>
        <MultiGeometry>
          <Polygon>
            <outerBoundaryIs>
              <LinearRing>
                <coordinates>
                  -56.8721432993691,-24.1764201997631,0
                  -56.8722747997083,-24.1754974993196,0
                  -56.8717578997499,-24.1753998994547,0
                  -56.8715561995757,-24.1763431000296,0
                  -56.8721432993691,-24.1764201997631,0
                </coordinates>
              </LinearRing>
            </outerBoundaryIs>
          </Polygon>
          <Polygon>
            <outerBoundaryIs>
              <LinearRing>
                <coordinates>
                  -56.8739715998847,-24.1702329995537,0
                  -56.8740367001963,-24.1698306997753,0
                  -56.8735482998551,-24.169741699142,0
                  -56.8734340000137,-24.1701678992083,0
                  -56.8739715998847,-24.1702329995537,0
                </coordinates>
              </LinearRing>
            </outerBoundaryIs>
          </Polygon>
        </MultiGeometry>
      </Placemark>
      <Placemark id="Lote_I.218">
        <ExtendedData>
          <SchemaData schemaUrl="#Lote_I.schema">
            <SimpleData name="Cédula">6834484.00000000000</SimpleData>
            <SimpleData name="Nombres_y_">RUBEN ARCE PRIETO</SimpleData>
            <SimpleData name="Sexo">Hombre</SimpleData>
            <SimpleData name="Cambio_de_">NO</SimpleData>
            <SimpleData name="Titular_se">NO</SimpleData>
            <SimpleData name="ci_UNIF">6834484.00000000000</SimpleData>
            <SimpleData name="Situación">NO</SimpleData>
            <SimpleData name="Comunidad">Campesina</SimpleData>
            <SimpleData name="Modelo_imp">Modelo 5</SimpleData>
            <SimpleData name="Departamen">SAN PEDRO</SimpleData>
            <SimpleData name="Distrito">GUAYAIBI</SimpleData>
            <SimpleData name="Localidad">SAN FRANCISCO</SimpleData>
            <SimpleData name="Teléfono">0971609187</SimpleData>
            <SimpleData name="Vivienda_L">-24.53240050000</SimpleData>
            <SimpleData name="Vivienda_1">-56.49761980000</SimpleData>
            <SimpleData name="Superficie">0.70000000000</SimpleData>
            <SimpleData name="Situaci_1">Par?metro</SimpleData>
            <SimpleData name="Plantado">NO</SimpleData>
            <SimpleData name="Jornales">0.00000000000</SimpleData>
            <SimpleData name="Monto">0.00000000000</SimpleData>
            <SimpleData name="Grupo_de_p">I-GN-XX-XX-XX</SimpleData>
            <SimpleData name="Estado_del">Activo</SimpleData>
            <SimpleData name="Empresa">Emilio Sol?s Grance</SimpleData>
            <SimpleData name="Lote">I</SimpleData>
            <SimpleData name="Parametro">0.00000000000</SimpleData>
            <SimpleData name="Sup_SIG">0.87537687099</SimpleData>
            <SimpleData name="X">-56.49722586000</SimpleData>
            <SimpleData name="Y">-24.53455944000</SimpleData>
            <SimpleData name="cedula">6834484</SimpleData>
            <SimpleData name="Cédula_1">6834484.00000000000</SimpleData>
            <SimpleData name="Estado_d_1">Activo</SimpleData>
            <SimpleData name="OBJECTID_1">6082</SimpleData>
            <SimpleData name="Shape_Leng">374.54361019600</SimpleData>
            <SimpleData name="Shape_Area">8753.76870992000</SimpleData>
          </SchemaData>
        </ExtendedData>
        <Polygon>
          <outerBoundaryIs>
            <LinearRing>
              <coordinates>
                -56.4967667003325,-24.5341549996806,0
                -56.4967658993864,-24.5349964999022,0
                -56.497665600771,-24.5349807994652,0
                -56.4976966999099,-24.5341149998615,0
                -56.4967667003325,-24.5341549996806,0
              </coordinates>
            </LinearRing>
          </outerBoundaryIs>
        </Polygon>
      </Placemark>
      <Placemark id="Lote_I.219">
        <ExtendedData>
          <SchemaData schemaUrl="#Lote_I.schema">
            <SimpleData name="Cédula">6984996.00000000000</SimpleData>
            <SimpleData name="Nombres_y_">JUANA ROSA MU?OZ GONZALEZ</SimpleData>
            <SimpleData name="Sexo">Mujer</SimpleData>
            <SimpleData name="Cambio_de_">NO</SimpleData>
            <SimpleData name="Titular_se">NO</SimpleData>
            <SimpleData name="ci_UNIF">6984996.00000000000</SimpleData>
            <SimpleData name="Situación">NO</SimpleData>
            <SimpleData name="Comunidad">Campesina</SimpleData>
            <SimpleData name="Modelo_imp">Modelo 1</SimpleData>
            <SimpleData name="Departamen">SAN PEDRO</SimpleData>
            <SimpleData name="Distrito">SAN PABLO KOKUERE</SimpleData>
            <SimpleData name="Localidad">CERRITO 2DO</SimpleData>
            <SimpleData name="Teléfono">0987233704</SimpleData>
            <SimpleData name="Vivienda_L">-24.13233830000</SimpleData>
            <SimpleData name="Vivienda_1">-56.88987750000</SimpleData>
            <SimpleData name="Superficie">0.80000000000</SimpleData>
            <SimpleData name="Situaci_1">Par?metro</SimpleData>
            <SimpleData name="Plantado">NO</SimpleData>
            <SimpleData name="Jornales">0.00000000000</SimpleData>
            <SimpleData name="Monto">0.00000000000</SimpleData>
            <SimpleData name="Grupo_de_p">I-GN-XX-XX-XX</SimpleData>
            <SimpleData name="Estado_del">Activo</SimpleData>
            <SimpleData name="Empresa">Emilio Sol?s Grance</SimpleData>
            <SimpleData name="Lote">I</SimpleData>
            <SimpleData name="Parametro">0.00000000000</SimpleData>
            <SimpleData name="Sup_SIG">1.14268342579</SimpleData>
            <SimpleData name="X">-56.88758819000</SimpleData>
            <SimpleData name="Y">-24.13741679000</SimpleData>
            <SimpleData name="cedula">6984996</SimpleData>
            <SimpleData name="Cédula_1">6984996.00000000000</SimpleData>
            <SimpleData name="Estado_d_1">Activo</SimpleData>
            <SimpleData name="OBJECTID_1">7978</SimpleData>
            <SimpleData name="Shape_Leng">444.44118737300</SimpleData>
            <SimpleData name="Shape_Area">11426.83425790000</SimpleData>
          </SchemaData>
        </ExtendedData>
        <Polygon>
          <outerBoundaryIs>
            <LinearRing>
              <coordinates>
                -56.8868566004536,-24.1377049998721,0
                -56.8882571997118,-24.1378539999819,0
                -56.8882920998007,-24.1371070001062,0
                -56.8869279003497,-24.1369925001594,0
                -56.8868566004536,-24.1377049998721,0
              </coordinates>
            </LinearRing>
          </outerBoundaryIs>
        </Polygon>
      </Placemark>
      <Placemark id="Lote_I.220">
        <ExtendedData>
          <SchemaData schemaUrl="#Lote_I.schema">
            <SimpleData name="Cédula">6985011.00000000000</SimpleData>
            <SimpleData name="Nombres_y_">JUANA ELIZABETH MU?OZ GONZALEZ</SimpleData>
            <SimpleData name="Sexo">Mujer</SimpleData>
            <SimpleData name="Cambio_de_">NO</SimpleData>
            <SimpleData name="Titular_se">NO</SimpleData>
            <SimpleData name="ci_UNIF">6985011.00000000000</SimpleData>
            <SimpleData name="Situación">NO</SimpleData>
            <SimpleData name="Comunidad">Campesina</SimpleData>
            <SimpleData name="Modelo_imp">Modelo 1</SimpleData>
            <SimpleData name="Departamen">SAN PEDRO</SimpleData>
            <SimpleData name="Distrito">SAN PABLO KOKUERE</SimpleData>
            <SimpleData name="Localidad">CERRITO 2DO</SimpleData>
            <SimpleData name="Teléfono">0985178198</SimpleData>
            <SimpleData name="Vivienda_L">-24.13681460000</SimpleData>
            <SimpleData name="Vivienda_1">-56.88888240000</SimpleData>
            <SimpleData name="Superficie">0.80000000000</SimpleData>
            <SimpleData name="Situaci_1">Par?metro</SimpleData>
            <SimpleData name="Plantado">NO</SimpleData>
            <SimpleData name="Jornales">0.00000000000</SimpleData>
            <SimpleData name="Monto">0.00000000000</SimpleData>
            <SimpleData name="Grupo_de_p">I-GN-XX-XX-XX</SimpleData>
            <SimpleData name="Estado_del">Activo</SimpleData>
            <SimpleData name="Empresa">Emilio Sol?s Grance</SimpleData>
            <SimpleData name="Lote">I</SimpleData>
            <SimpleData name="Parametro">0.00000000000</SimpleData>
            <SimpleData name="Sup_SIG">0.86315777062</SimpleData>
            <SimpleData name="X">-56.88768155000</SimpleData>
            <SimpleData name="Y">-24.13675365000</SimpleData>
            <SimpleData name="cedula">6985011</SimpleData>
            <SimpleData name="Cédula_1">6985011.00000000000</SimpleData>
            <SimpleData name="Estado_d_1">Activo</SimpleData>
            <SimpleData name="OBJECTID_1">6176</SimpleData>
            <SimpleData name="Shape_Leng">405.19127913000</SimpleData>
            <SimpleData name="Shape_Area">8631.57770622000</SimpleData>
          </SchemaData>
        </ExtendedData>
        <Polygon>
          <outerBoundaryIs>
            <LinearRing>
              <coordinates>
                -56.8869622000906,-24.136970499842,0
                -56.88832680041,-24.1370866996192,0
                -56.8884187003481,-24.136535199914,0
                -56.8870076995999,-24.1364272996654,0
                -56.8869622000906,-24.136970499842,0
              </coordinates>
            </LinearRing>
          </outerBoundaryIs>
        </Polygon>
      </Placemark>
      <Placemark id="Lote_I.221">
        <ExtendedData>
          <SchemaData schemaUrl="#Lote_I.schema">
            <SimpleData name="Cédula">7196017.00000000000</SimpleData>
            <SimpleData name="Nombres_y_">LIRIO DAVID MENDOZA ACOSTA</SimpleData>
            <SimpleData name="Sexo">Hombre</SimpleData>
            <SimpleData name="Cambio_de_">NO</SimpleData>
            <SimpleData name="Titular_se">NO</SimpleData>
            <SimpleData name="ci_UNIF">7196017.00000000000</SimpleData>
            <SimpleData name="Situación">NO</SimpleData>
            <SimpleData name="Comunidad">Ind?gena</SimpleData>
            <SimpleData name="Modelo_imp">Modelo 2</SimpleData>
            <SimpleData name="Departamen">SAN PEDRO</SimpleData>
            <SimpleData name="Distrito">CHORE</SimpleData>
            <SimpleData name="Localidad"><![CDATA[COM INDIG ?U APU'A]]></SimpleData>
            <SimpleData name="Teléfono">0</SimpleData>
            <SimpleData name="Vivienda_L">-24.32299790000</SimpleData>
            <SimpleData name="Vivienda_1">-56.54545760000</SimpleData>
            <SimpleData name="Superficie">0.80000000000</SimpleData>
            <SimpleData name="Situaci_1">Par?metro</SimpleData>
            <SimpleData name="Plantado">NO</SimpleData>
            <SimpleData name="Jornales">0.00000000000</SimpleData>
            <SimpleData name="Monto">0.00000000000</SimpleData>
            <SimpleData name="Grupo_de_p">I-GN-XX-XX-XX</SimpleData>
            <SimpleData name="Estado_del">Activo</SimpleData>
            <SimpleData name="Empresa">Emilio Sol?s Grance</SimpleData>
            <SimpleData name="Lote">I</SimpleData>
            <SimpleData name="Parametro">0.00000000000</SimpleData>
            <SimpleData name="Sup_SIG">0.85672788864</SimpleData>
            <SimpleData name="X">-56.54098926000</SimpleData>
            <SimpleData name="Y">-24.32327121000</SimpleData>
            <SimpleData name="cedula">7196017</SimpleData>
            <SimpleData name="Cédula_1">7196017.00000000000</SimpleData>
            <SimpleData name="Estado_d_1">Activo</SimpleData>
            <SimpleData name="OBJECTID_1">5937</SimpleData>
            <SimpleData name="Shape_Leng">399.76460110300</SimpleData>
            <SimpleData name="Shape_Area">8567.27888640000</SimpleData>
          </SchemaData>
        </ExtendedData>
        <Polygon>
          <outerBoundaryIs>
            <LinearRing>
              <coordinates>
                -56.5402485995674,-24.3233834000804,0
                -56.5405014998045,-24.3238054996819,0
                -56.5417365999348,-24.323248400011,0
                -56.5413517000542,-24.3227033008475,0
                -56.5402485995674,-24.3233834000804,0
              </coordinates>
            </LinearRing>
          </outerBoundaryIs>
        </Polygon>
      </Placemark>
      <Placemark id="Lote_I.222">
        <ExtendedData>
          <SchemaData schemaUrl="#Lote_I.schema">
            <SimpleData name="Cédula">7300595.00000000000</SimpleData>
            <SimpleData name="Nombres_y_">ALEJANDRA FLORES BENITEZ</SimpleData>
            <SimpleData name="Sexo">Mujer</SimpleData>
            <SimpleData name="Cambio_de_">NO</SimpleData>
            <SimpleData name="Titular_se">NO</SimpleData>
            <SimpleData name="ci_UNIF">7300595.00000000000</SimpleData>
            <SimpleData name="Situación">NO</SimpleData>
            <SimpleData name="Comunidad">Ind?gena</SimpleData>
            <SimpleData name="Modelo_imp">Modelo 2</SimpleData>
            <SimpleData name="Departamen">SAN PEDRO</SimpleData>
            <SimpleData name="Distrito">CHORE</SimpleData>
            <SimpleData name="Localidad"><![CDATA[COM INDIG ?U APU'A]]></SimpleData>
            <SimpleData name="Teléfono">0985241059</SimpleData>
            <SimpleData name="Vivienda_L">-24.32958630000</SimpleData>
            <SimpleData name="Vivienda_1">-56.54538010000</SimpleData>
            <SimpleData name="Superficie">0.80000000000</SimpleData>
            <SimpleData name="Situaci_1">Par?metro</SimpleData>
            <SimpleData name="Plantado">NO</SimpleData>
            <SimpleData name="Jornales">0.00000000000</SimpleData>
            <SimpleData name="Monto">0.00000000000</SimpleData>
            <SimpleData name="Grupo_de_p">I-GN-XX-XX-XX</SimpleData>
            <SimpleData name="Estado_del">Activo</SimpleData>
            <SimpleData name="Empresa">Emilio Sol?s Grance</SimpleData>
            <SimpleData name="Lote">I</SimpleData>
            <SimpleData name="Parametro">0.00000000000</SimpleData>
            <SimpleData name="Sup_SIG">0.83373145431</SimpleData>
            <SimpleData name="X">-56.54438090000</SimpleData>
            <SimpleData name="Y">-24.32857196000</SimpleData>
            <SimpleData name="cedula">7300595</SimpleData>
            <SimpleData name="Cédula_1">7300595.00000000000</SimpleData>
            <SimpleData name="Estado_d_1">Activo</SimpleData>
            <SimpleData name="OBJECTID_1">5926</SimpleData>
            <SimpleData name="Shape_Leng">456.93271694400</SimpleData>
            <SimpleData name="Shape_Area">8337.31454308000</SimpleData>
          </SchemaData>
        </ExtendedData>
        <Polygon>
          <outerBoundaryIs>
            <LinearRing>
              <coordinates>
                -56.5434912731264,-24.3287179636152,0
                -56.5434875006247,-24.3287607002475,0
                -56.5434902878842,-24.3287607655307,0
                -56.5452769995497,-24.3288024003175,0
                -56.545263300223,-24.3283600005659,0
                -56.5448696993689,-24.3283830998636,0
                -56.5448394995904,-24.3283981997361,0
                -56.5435266995428,-24.3283166992234,0
                -56.5434912731264,-24.3287179636152,0
              </coordinates>
            </LinearRing>
          </outerBoundaryIs>
        </Polygon>
      </Placemark>
      <Placemark id="Lote_I.223">
        <ExtendedData>
          <SchemaData schemaUrl="#Lote_I.schema">
            <SimpleData name="Cédula">7559841.00000000000</SimpleData>
            <SimpleData name="Nombres_y_">LILIANA GALEANO BENITEZ</SimpleData>
            <SimpleData name="Sexo">Mujer</SimpleData>
            <SimpleData name="Cambio_de_">NO</SimpleData>
            <SimpleData name="Titular_se">NO</SimpleData>
            <SimpleData name="ci_UNIF">7559841.00000000000</SimpleData>
            <SimpleData name="Situación">NO</SimpleData>
            <SimpleData name="Comunidad">Ind?gena</SimpleData>
            <SimpleData name="Modelo_imp">Modelo 5</SimpleData>
            <SimpleData name="Departamen">SAN PEDRO</SimpleData>
            <SimpleData name="Distrito">CHORE</SimpleData>
            <SimpleData name="Localidad"><![CDATA[COM INDIG ?U APU'A]]></SimpleData>
            <SimpleData name="Teléfono">0986753664</SimpleData>
            <SimpleData name="Vivienda_L">-24.32740830000</SimpleData>
            <SimpleData name="Vivienda_1">-56.54558110000</SimpleData>
            <SimpleData name="Superficie">0.70000000000</SimpleData>
            <SimpleData name="Situaci_1">Par?metro</SimpleData>
            <SimpleData name="Plantado">NO</SimpleData>
            <SimpleData name="Jornales">0.00000000000</SimpleData>
            <SimpleData name="Monto">0.00000000000</SimpleData>
            <SimpleData name="Grupo_de_p">I-GN-XX-XX-XX</SimpleData>
            <SimpleData name="Estado_del">Activo</SimpleData>
            <SimpleData name="Empresa">Emilio Sol?s Grance</SimpleData>
            <SimpleData name="Lote">I</SimpleData>
            <SimpleData name="Parametro">0.00000000000</SimpleData>
            <SimpleData name="Sup_SIG">0.82148895331</SimpleData>
            <SimpleData name="X">-56.53517556000</SimpleData>
            <SimpleData name="Y">-24.32277704000</SimpleData>
            <SimpleData name="cedula">7559841</SimpleData>
            <SimpleData name="Cédula_1">7559841.00000000000</SimpleData>
            <SimpleData name="Estado_d_1">Activo</SimpleData>
            <SimpleData name="OBJECTID_1">5923</SimpleData>
            <SimpleData name="Shape_Leng">400.71867570000</SimpleData>
            <SimpleData name="Shape_Area">8214.88953309000</SimpleData>
          </SchemaData>
        </ExtendedData>
        <Polygon>
          <outerBoundaryIs>
            <LinearRing>
              <coordinates>
                -56.5344916996879,-24.3229349998011,0
                -56.5358096002789,-24.3231150001748,0
                -56.5359128998463,-24.3230529005812,0
                -56.5359067003327,-24.3226199999451,0
                -56.5344617005242,-24.3224383002487,0
                -56.534409999674,-24.3227598999025,0
                -56.5344916996879,-24.3229349998011,0
              </coordinates>
            </LinearRing>
          </outerBoundaryIs>
        </Polygon>
      </Placemark>
      <Placemark id="Lote_I.224">
        <ExtendedData>
          <SchemaData schemaUrl="#Lote_I.schema">
            <SimpleData name="Cédula">8028688.00000000000</SimpleData>
            <SimpleData name="Nombres_y_">ZULMA ROMERO ESPINOLA</SimpleData>
            <SimpleData name="Sexo">Mujer</SimpleData>
            <SimpleData name="Cambio_de_">NO</SimpleData>
            <SimpleData name="Titular_se">NO</SimpleData>
            <SimpleData name="ci_UNIF">8028688.00000000000</SimpleData>
            <SimpleData name="Situación">NO</SimpleData>
            <SimpleData name="Comunidad">Ind?gena</SimpleData>
            <SimpleData name="Modelo_imp">Modelo 5</SimpleData>
            <SimpleData name="Departamen">SAN PEDRO</SimpleData>
            <SimpleData name="Distrito">CHORE</SimpleData>
            <SimpleData name="Localidad"><![CDATA[COM INDIG ?U APU'A]]></SimpleData>
            <SimpleData name="Teléfono">0986142951</SimpleData>
            <SimpleData name="Vivienda_L">-24.32526750000</SimpleData>
            <SimpleData name="Vivienda_1">-56.54547920000</SimpleData>
            <SimpleData name="Superficie">0.70000000000</SimpleData>
            <SimpleData name="Situaci_1">Par?metro</SimpleData>
            <SimpleData name="Plantado">NO</SimpleData>
            <SimpleData name="Jornales">0.00000000000</SimpleData>
            <SimpleData name="Monto">0.00000000000</SimpleData>
            <SimpleData name="Grupo_de_p">I-GN-XX-XX-XX</SimpleData>
            <SimpleData name="Estado_del">Activo</SimpleData>
            <SimpleData name="Empresa">Emilio Sol?s Grance</SimpleData>
            <SimpleData name="Lote">I</SimpleData>
            <SimpleData name="Parametro">0.00000000000</SimpleData>
            <SimpleData name="Sup_SIG">0.77267687621</SimpleData>
            <SimpleData name="X">-56.53512371000</SimpleData>
            <SimpleData name="Y">-24.32170556000</SimpleData>
            <SimpleData name="cedula">8028688</SimpleData>
            <SimpleData name="Cédula_1">8028688.00000000000</SimpleData>
            <SimpleData name="Estado_d_1">Activo</SimpleData>
            <SimpleData name="OBJECTID_1">5920</SimpleData>
            <SimpleData name="Shape_Leng">394.93387128000</SimpleData>
            <SimpleData name="Shape_Area">7726.76876211000</SimpleData>
          </SchemaData>
        </ExtendedData>
        <Polygon>
          <outerBoundaryIs>
            <LinearRing>
              <coordinates>
                -56.5345715722454,-24.3219073333368,0
                -56.5347178639996,-24.3219244236029,0
                -56.5357782999354,-24.3220483002496,0
                -56.5357882001795,-24.3215170997842,0
                -56.5343356994453,-24.3213788998855,0
                -56.5343946000674,-24.3215130000201,0
                -56.5344878995071,-24.3216842003988,0
                -56.5345516002223,-24.3219049997262,0
                -56.5345715722454,-24.3219073333368,0
              </coordinates>
            </LinearRing>
          </outerBoundaryIs>
        </Polygon>
      </Placemark>
      <Placemark id="Lote_I.225">
        <ExtendedData>
          <SchemaData schemaUrl="#Lote_I.schema">
            <SimpleData name="Cédula">8369793.00000000000</SimpleData>
            <SimpleData name="Nombres_y_">FATIMA BENITEZ MONTANIA</SimpleData>
            <SimpleData name="Sexo">Mujer</SimpleData>
            <SimpleData name="Cambio_de_">NO</SimpleData>
            <SimpleData name="Titular_se">NO</SimpleData>
            <SimpleData name="ci_UNIF">8369793.00000000000</SimpleData>
            <SimpleData name="Situación">NO</SimpleData>
            <SimpleData name="Comunidad">Ind?gena</SimpleData>
            <SimpleData name="Modelo_imp">Modelo 2</SimpleData>
            <SimpleData name="Departamen">SAN PEDRO</SimpleData>
            <SimpleData name="Distrito">CHORE</SimpleData>
            <SimpleData name="Localidad"><![CDATA[COM INDIG ?U APU'A]]></SimpleData>
            <SimpleData name="Teléfono">0984427657</SimpleData>
            <SimpleData name="Vivienda_L">-24.32691820000</SimpleData>
            <SimpleData name="Vivienda_1">-56.54554300000</SimpleData>
            <SimpleData name="Superficie">0.80000000000</SimpleData>
            <SimpleData name="Situaci_1">Par?metro</SimpleData>
            <SimpleData name="Plantado">NO</SimpleData>
            <SimpleData name="Jornales">0.00000000000</SimpleData>
            <SimpleData name="Monto">0.00000000000</SimpleData>
            <SimpleData name="Grupo_de_p">I-GN-XX-XX-XX</SimpleData>
            <SimpleData name="Estado_del">Activo</SimpleData>
            <SimpleData name="Empresa">Emilio Sol?s Grance</SimpleData>
            <SimpleData name="Lote">I</SimpleData>
            <SimpleData name="Parametro">0.00000000000</SimpleData>
            <SimpleData name="Sup_SIG">1.09715670550</SimpleData>
            <SimpleData name="X">-56.54292734000</SimpleData>
            <SimpleData name="Y">-24.32851841000</SimpleData>
            <SimpleData name="cedula">8369793</SimpleData>
            <SimpleData name="Cédula_1">8369793.00000000000</SimpleData>
            <SimpleData name="Estado_d_1">Activo</SimpleData>
            <SimpleData name="OBJECTID_1">5935</SimpleData>
            <SimpleData name="Shape_Leng">656.08645620900</SimpleData>
            <SimpleData name="Shape_Area">10971.56705500000</SimpleData>
          </SchemaData>
        </ExtendedData>
        <MultiGeometry>
          <Polygon>
            <outerBoundaryIs>
              <LinearRing>
                <coordinates>
                  -56.5434899995199,-24.3287732997714,0
                  -56.5434902878842,-24.3287607655307,0
                  -56.5434875006247,-24.3287607002475,0
                  -56.5434912731264,-24.3287179636152,0
                  -56.5435008999621,-24.3282997991691,0
                  -56.5423930995317,-24.3282749994258,0
                  -56.54229999969,-24.3287132993374,0
                  -56.5434899995199,-24.3287732997714,0
                </coordinates>
              </LinearRing>
            </outerBoundaryIs>
          </Polygon>
          <Polygon>
            <outerBoundaryIs>
              <LinearRing>
                <coordinates>
                  -56.5421346999672,-24.3278907997598,0
                  -56.5432549991988,-24.3278099995754,0
                  -56.5432133001404,-24.3274382996258,0
                  -56.5420510994555,-24.3274968996334,0
                  -56.5420811004545,-24.3278665992681,0
                  -56.5421346999672,-24.3278907997598,0
                </coordinates>
              </LinearRing>
            </outerBoundaryIs>
          </Polygon>
        </MultiGeometry>
      </Placemark>
      <Placemark id="Lote_I.226">
        <ExtendedData>
          <SchemaData schemaUrl="#Lote_I.schema">
            <SimpleData name="Cédula">8909109.00000000000</SimpleData>
            <SimpleData name="Nombres_y_">SANDRA BELEN BARRETO PERALTA</SimpleData>
            <SimpleData name="Sexo">Mujer</SimpleData>
            <SimpleData name="Cambio_de_">NO</SimpleData>
            <SimpleData name="Titular_se">NO</SimpleData>
            <SimpleData name="ci_UNIF">8909109.00000000000</SimpleData>
            <SimpleData name="Situación">NO</SimpleData>
            <SimpleData name="Comunidad">Campesina</SimpleData>
            <SimpleData name="Modelo_imp">Modelo 1</SimpleData>
            <SimpleData name="Departamen">SAN PEDRO</SimpleData>
            <SimpleData name="Distrito">SAN PABLO KOKUERE</SimpleData>
            <SimpleData name="Localidad">CALLE ARROYO</SimpleData>
            <SimpleData name="Teléfono">0974580563</SimpleData>
            <SimpleData name="Vivienda_L">-24.14762560000</SimpleData>
            <SimpleData name="Vivienda_1">-56.85731770000</SimpleData>
            <SimpleData name="Superficie">0.80000000000</SimpleData>
            <SimpleData name="Situaci_1">Par?metro</SimpleData>
            <SimpleData name="Plantado">NO</SimpleData>
            <SimpleData name="Jornales">0.00000000000</SimpleData>
            <SimpleData name="Monto">0.00000000000</SimpleData>
            <SimpleData name="Grupo_de_p">I-GN-XX-XX-XX</SimpleData>
            <SimpleData name="Estado_del">Activo</SimpleData>
            <SimpleData name="Empresa">Emilio Sol?s Grance</SimpleData>
            <SimpleData name="Lote">I</SimpleData>
            <SimpleData name="Parametro">0.00000000000</SimpleData>
            <SimpleData name="Sup_SIG">0.84768656248</SimpleData>
            <SimpleData name="X">-56.85683003000</SimpleData>
            <SimpleData name="Y">-24.15109282000</SimpleData>
            <SimpleData name="cedula">8909109</SimpleData>
            <SimpleData name="Cédula_1">8909109.00000000000</SimpleData>
            <SimpleData name="Estado_d_1">Activo</SimpleData>
            <SimpleData name="OBJECTID_1">6177</SimpleData>
            <SimpleData name="Shape_Leng">368.70511552700</SimpleData>
            <SimpleData name="Shape_Area">8476.86562481000</SimpleData>
          </SchemaData>
        </ExtendedData>
        <Polygon>
          <outerBoundaryIs>
            <LinearRing>
              <coordinates>
                -56.8563233001231,-24.1514266995704,0
                -56.857243300809,-24.1515646005146,0
                -56.8573362000138,-24.1507596002092,0
                -56.8564181007227,-24.1506199999746,0
                -56.8563233001231,-24.1514266995704,0
              </coordinates>
            </LinearRing>
          </outerBoundaryIs>
        </Polygon>
      </Placemark>
      <Placemark id="Lote_I.227">
        <ExtendedData>
          <SchemaData schemaUrl="#Lote_I.schema">
            <SimpleData name="Cédula">1513723.00000000000</SimpleData>
            <SimpleData name="Nombres_y_">SERAFINA LARROZA</SimpleData>
            <SimpleData name="Sexo">Mujer</SimpleData>
            <SimpleData name="Cambio_de_">NO</SimpleData>
            <SimpleData name="Titular_se">NO</SimpleData>
            <SimpleData name="ci_UNIF">1513723.00000000000</SimpleData>
            <SimpleData name="Situación">NO</SimpleData>
            <SimpleData name="Comunidad">Campesina</SimpleData>
            <SimpleData name="Modelo_imp">Modelo 4</SimpleData>
            <SimpleData name="Departamen">SAN PEDRO</SimpleData>
            <SimpleData name="Distrito">GUAYAIBI</SimpleData>
            <SimpleData name="Localidad">PRIMERA LINEA CHACHI</SimpleData>
            <SimpleData name="Teléfono">0986910428</SimpleData>
            <SimpleData name="Vivienda_L">-24.51382880000</SimpleData>
            <SimpleData name="Vivienda_1">-56.44621850000</SimpleData>
            <SimpleData name="Superficie">0.70000000000</SimpleData>
            <SimpleData name="Situaci_1">Par?metro</SimpleData>
            <SimpleData name="Plantado">NO</SimpleData>
            <SimpleData name="Jornales">0.00000000000</SimpleData>
            <SimpleData name="Monto">0.00000000000</SimpleData>
            <SimpleData name="Grupo_de_p">I-GN-XX-XX-XX</SimpleData>
            <SimpleData name="Estado_del">Activo</SimpleData>
            <SimpleData name="Empresa">Emilio Sol?s Grance</SimpleData>
            <SimpleData name="Lote">I</SimpleData>
            <SimpleData name="Parametro">0.00000000000</SimpleData>
            <SimpleData name="Sup_SIG">0.84602810633</SimpleData>
            <SimpleData name="X">-56.44876072000</SimpleData>
            <SimpleData name="Y">-24.51449921000</SimpleData>
            <SimpleData name="cedula">1513723</SimpleData>
            <SimpleData name="Cédula_1">1513723.00000000000</SimpleData>
            <SimpleData name="Estado_d_1">Activo</SimpleData>
            <SimpleData name="OBJECTID_1">6089</SimpleData>
            <SimpleData name="Shape_Leng">414.02620147200</SimpleData>
            <SimpleData name="Shape_Area">8460.28106325000</SimpleData>
          </SchemaData>
        </ExtendedData>
        <Polygon>
          <outerBoundaryIs>
            <LinearRing>
              <coordinates>
                -56.4480860006048,-24.5147351001843,0
                -56.4495125005215,-24.5147832995978,0
                -56.4494764002456,-24.5142639995701,0
                -56.4479582998178,-24.5142250002218,0
                -56.4480860006048,-24.5147351001843,0
              </coordinates>
            </LinearRing>
          </outerBoundaryIs>
        </Polygon>
      </Placemark>
      <Placemark id="Lote_I.228">
        <ExtendedData>
          <SchemaData schemaUrl="#Lote_I.schema">
            <SimpleData name="Cédula">3492815.00000000000</SimpleData>
            <SimpleData name="Nombres_y_">EUSEBIO CARISIMO CUEVAS</SimpleData>
            <SimpleData name="Sexo">Hombre</SimpleData>
            <SimpleData name="Cambio_de_">NO</SimpleData>
            <SimpleData name="Titular_se">NO</SimpleData>
            <SimpleData name="ci_UNIF">3492815.00000000000</SimpleData>
            <SimpleData name="Situación">NO</SimpleData>
            <SimpleData name="Comunidad">Campesina</SimpleData>
            <SimpleData name="Modelo_imp">Modelo 1</SimpleData>
            <SimpleData name="Departamen">SAN PEDRO</SimpleData>
            <SimpleData name="Distrito">GUAYAIBI</SimpleData>
            <SimpleData name="Localidad">8 DE DICIEMBRE</SimpleData>
            <SimpleData name="Teléfono">0973899883</SimpleData>
            <SimpleData name="Vivienda_L">-24.38899930000</SimpleData>
            <SimpleData name="Vivienda_1">-56.33313290000</SimpleData>
            <SimpleData name="Superficie">0.80000000000</SimpleData>
            <SimpleData name="Situaci_1">Par?metro</SimpleData>
            <SimpleData name="Plantado">NO</SimpleData>
            <SimpleData name="Jornales">0.00000000000</SimpleData>
            <SimpleData name="Monto">0.00000000000</SimpleData>
            <SimpleData name="Grupo_de_p">I-GN-XX-XX-XX</SimpleData>
            <SimpleData name="Estado_del">Activo</SimpleData>
            <SimpleData name="Empresa">Emilio Sol?s Grance</SimpleData>
            <SimpleData name="Lote">I</SimpleData>
            <SimpleData name="Parametro">0.00000000000</SimpleData>
            <SimpleData name="Sup_SIG">0.93225599954</SimpleData>
            <SimpleData name="X">-56.33083851000</SimpleData>
            <SimpleData name="Y">-24.38407313000</SimpleData>
            <SimpleData name="cedula">3492815</SimpleData>
            <SimpleData name="Cédula_1">3492815.00000000000</SimpleData>
            <SimpleData name="Estado_d_1">Activo</SimpleData>
            <SimpleData name="OBJECTID_1">6070</SimpleData>
            <SimpleData name="Shape_Leng">386.81587218900</SimpleData>
            <SimpleData name="Shape_Area">9322.55999536000</SimpleData>
          </SchemaData>
        </ExtendedData>
        <Polygon>
          <outerBoundaryIs>
            <LinearRing>
              <coordinates>
                -56.330221699982,-24.3838432996325,0
                -56.3306435000354,-24.3846882000332,0
                -56.3314434005855,-24.3842787002419,0
                -56.331066700532,-24.3834798996754,0
                -56.330221699982,-24.3838432996325,0
              </coordinates>
            </LinearRing>
          </outerBoundaryIs>
        </Polygon>
      </Placemark>
      <Placemark id="Lote_I.229">
        <ExtendedData>
          <SchemaData schemaUrl="#Lote_I.schema">
            <SimpleData name="Cédula">3531381.00000000000</SimpleData>
            <SimpleData name="Nombres_y_">IDALBA BOGADO GALEANO</SimpleData>
            <SimpleData name="Sexo">Mujer</SimpleData>
            <SimpleData name="Cambio_de_">NO</SimpleData>
            <SimpleData name="Titular_se">NO</SimpleData>
            <SimpleData name="ci_UNIF">3531381.00000000000</SimpleData>
            <SimpleData name="Situación">NO</SimpleData>
            <SimpleData name="Comunidad">Campesina</SimpleData>
            <SimpleData name="Modelo_imp">Modelo 5</SimpleData>
            <SimpleData name="Departamen">SAN PEDRO</SimpleData>
            <SimpleData name="Distrito">GUAYAIBI</SimpleData>
            <SimpleData name="Localidad">SAN FRANCISCO</SimpleData>
            <SimpleData name="Teléfono">0971351132</SimpleData>
            <SimpleData name="Vivienda_L">-24.53188230000</SimpleData>
            <SimpleData name="Vivienda_1">-56.44115320000</SimpleData>
            <SimpleData name="Superficie">0.70000000000</SimpleData>
            <SimpleData name="Situaci_1">Par?metro</SimpleData>
            <SimpleData name="Plantado">NO</SimpleData>
            <SimpleData name="Jornales">0.00000000000</SimpleData>
            <SimpleData name="Monto">0.00000000000</SimpleData>
            <SimpleData name="Grupo_de_p">I-GN-XX-XX-XX</SimpleData>
            <SimpleData name="Estado_del">Activo</SimpleData>
            <SimpleData name="Empresa">Emilio Sol?s Grance</SimpleData>
            <SimpleData name="Lote">I</SimpleData>
            <SimpleData name="Parametro">0.00000000000</SimpleData>
            <SimpleData name="Sup_SIG">0.75979007043</SimpleData>
            <SimpleData name="X">-56.44062630000</SimpleData>
            <SimpleData name="Y">-24.53292932000</SimpleData>
            <SimpleData name="cedula">3531381</SimpleData>
            <SimpleData name="Cédula_1">3531381.00000000000</SimpleData>
            <SimpleData name="Estado_d_1">Activo</SimpleData>
            <SimpleData name="OBJECTID_1">6084</SimpleData>
            <SimpleData name="Shape_Leng">349.70605339800</SimpleData>
            <SimpleData name="Shape_Area">7597.90070431000</SimpleData>
          </SchemaData>
        </ExtendedData>
        <Polygon>
          <outerBoundaryIs>
            <LinearRing>
              <coordinates>
                -56.440148700009,-24.5325706997378,0
                -56.4401816997955,-24.5333099992864,0
                -56.441079900045,-24.5332875998505,0
                -56.4411017000196,-24.5325632995761,0
                -56.440148700009,-24.5325706997378,0
              </coordinates>
            </LinearRing>
          </outerBoundaryIs>
        </Polygon>
      </Placemark>
      <Placemark id="Lote_I.230">
        <ExtendedData>
          <SchemaData schemaUrl="#Lote_I.schema">
            <SimpleData name="Cédula">5014692.00000000000</SimpleData>
            <SimpleData name="Nombres_y_">HILDA ELIZABETH LUGO NU?EZ</SimpleData>
            <SimpleData name="Sexo">Mujer</SimpleData>
            <SimpleData name="Cambio_de_">NO</SimpleData>
            <SimpleData name="Titular_se">NO</SimpleData>
            <SimpleData name="ci_UNIF">5014692.00000000000</SimpleData>
            <SimpleData name="Situación">NO</SimpleData>
            <SimpleData name="Comunidad">Campesina</SimpleData>
            <SimpleData name="Modelo_imp">Modelo 5</SimpleData>
            <SimpleData name="Departamen">SAN PEDRO</SimpleData>
            <SimpleData name="Distrito">GUAYAIBI</SimpleData>
            <SimpleData name="Localidad">SAN FRANCISCO</SimpleData>
            <SimpleData name="Teléfono">0973867256</SimpleData>
            <SimpleData name="Vivienda_L">-24.53179590000</SimpleData>
            <SimpleData name="Vivienda_1">-56.44081180000</SimpleData>
            <SimpleData name="Superficie">0.70000000000</SimpleData>
            <SimpleData name="Situaci_1">Par?metro</SimpleData>
            <SimpleData name="Plantado">NO</SimpleData>
            <SimpleData name="Jornales">0.00000000000</SimpleData>
            <SimpleData name="Monto">0.00000000000</SimpleData>
            <SimpleData name="Grupo_de_p">I-GN-XX-XX-XX</SimpleData>
            <SimpleData name="Estado_del">Activo</SimpleData>
            <SimpleData name="Empresa">Emilio Sol?s Grance</SimpleData>
            <SimpleData name="Lote">I</SimpleData>
            <SimpleData name="Parametro">0.00000000000</SimpleData>
            <SimpleData name="Sup_SIG">0.80717522613</SimpleData>
            <SimpleData name="X">-56.44060553000</SimpleData>
            <SimpleData name="Y">-24.53371014000</SimpleData>
            <SimpleData name="cedula">5014692</SimpleData>
            <SimpleData name="Cédula_1">5014692.00000000000</SimpleData>
            <SimpleData name="Estado_d_1">Activo</SimpleData>
            <SimpleData name="OBJECTID_1">6085</SimpleData>
            <SimpleData name="Shape_Leng">359.59309642900</SimpleData>
            <SimpleData name="Shape_Area">8071.75226127000</SimpleData>
          </SchemaData>
        </ExtendedData>
        <Polygon>
          <outerBoundaryIs>
            <LinearRing>
              <coordinates>
                -56.4401438997753,-24.5341035005625,0
                -56.4410283002957,-24.5341199998856,0
                -56.4410783000324,-24.5333066997879,0
                -56.4401599999503,-24.533320000466,0
                -56.4401438997753,-24.5341035005625,0
              </coordinates>
            </LinearRing>
          </outerBoundaryIs>
        </Polygon>
      </Placemark>
      <Placemark id="Lote_I.231">
        <ExtendedData>
          <SchemaData schemaUrl="#Lote_I.schema">
            <SimpleData name="Cédula">5182973.00000000000</SimpleData>
            <SimpleData name="Nombres_y_">ZULMA NAVARRO CANDIA</SimpleData>
            <SimpleData name="Sexo">Mujer</SimpleData>
            <SimpleData name="Cambio_de_">NO</SimpleData>
            <SimpleData name="Titular_se">NO</SimpleData>
            <SimpleData name="ci_UNIF">5182973.00000000000</SimpleData>
            <SimpleData name="Situación">NO</SimpleData>
            <SimpleData name="Comunidad">Campesina</SimpleData>
            <SimpleData name="Modelo_imp">Modelo 5</SimpleData>
            <SimpleData name="Departamen">SAN PEDRO</SimpleData>
            <SimpleData name="Distrito">GUAYAIBI</SimpleData>
            <SimpleData name="Localidad">SAN FRANCISCO</SimpleData>
            <SimpleData name="Teléfono">0983705735</SimpleData>
            <SimpleData name="Vivienda_L">-24.53148960000</SimpleData>
            <SimpleData name="Vivienda_1">-56.47934020000</SimpleData>
            <SimpleData name="Superficie">0.70000000000</SimpleData>
            <SimpleData name="Situaci_1">Par?metro</SimpleData>
            <SimpleData name="Plantado">NO</SimpleData>
            <SimpleData name="Jornales">0.00000000000</SimpleData>
            <SimpleData name="Monto">0.00000000000</SimpleData>
            <SimpleData name="Grupo_de_p">I-GN-XX-XX-XX</SimpleData>
            <SimpleData name="Estado_del">Activo</SimpleData>
            <SimpleData name="Empresa">Emilio Sol?s Grance</SimpleData>
            <SimpleData name="Lote">I</SimpleData>
            <SimpleData name="Parametro">0.00000000000</SimpleData>
            <SimpleData name="Sup_SIG">0.84751714262</SimpleData>
            <SimpleData name="X">-56.47920936000</SimpleData>
            <SimpleData name="Y">-24.52774709000</SimpleData>
            <SimpleData name="cedula">5182973</SimpleData>
            <SimpleData name="Cédula_1">5182973.00000000000</SimpleData>
            <SimpleData name="Estado_d_1">Activo</SimpleData>
            <SimpleData name="OBJECTID_1">6078</SimpleData>
            <SimpleData name="Shape_Leng">406.61750025000</SimpleData>
            <SimpleData name="Shape_Area">8475.17142615000</SimpleData>
          </SchemaData>
        </ExtendedData>
        <Polygon>
          <outerBoundaryIs>
            <LinearRing>
              <coordinates>
                -56.4788582996686,-24.5271216994271,0
                -56.4789886999788,-24.5284403002141,0
                -56.4795447000297,-24.5283696998594,0
                -56.4794533002357,-24.5270833000819,0
                -56.4788582996686,-24.5271216994271,0
              </coordinates>
            </LinearRing>
          </outerBoundaryIs>
        </Polygon>
      </Placemark>
      <Placemark id="Lote_I.232">
        <ExtendedData>
          <SchemaData schemaUrl="#Lote_I.schema">
            <SimpleData name="Cédula">5292252.00000000000</SimpleData>
            <SimpleData name="Nombres_y_">EDELIA JONE MOREIRA</SimpleData>
            <SimpleData name="Sexo">Mujer</SimpleData>
            <SimpleData name="Cambio_de_">NO</SimpleData>
            <SimpleData name="Titular_se">NO</SimpleData>
            <SimpleData name="ci_UNIF">5292252.00000000000</SimpleData>
            <SimpleData name="Situación">NO</SimpleData>
            <SimpleData name="Comunidad">Campesina</SimpleData>
            <SimpleData name="Modelo_imp">Modelo 4</SimpleData>
            <SimpleData name="Departamen">SAN PEDRO</SimpleData>
            <SimpleData name="Distrito">GUAYAIBI</SimpleData>
            <SimpleData name="Localidad">CALLE ASUNCION</SimpleData>
            <SimpleData name="Teléfono">0983390759</SimpleData>
            <SimpleData name="Vivienda_L">-24.43079630000</SimpleData>
            <SimpleData name="Vivienda_1">-56.45057540000</SimpleData>
            <SimpleData name="Superficie">0.70000000000</SimpleData>
            <SimpleData name="Situaci_1">Par?metro</SimpleData>
            <SimpleData name="Plantado">NO</SimpleData>
            <SimpleData name="Jornales">0.00000000000</SimpleData>
            <SimpleData name="Monto">0.00000000000</SimpleData>
            <SimpleData name="Grupo_de_p">I-GN-XX-XX-XX</SimpleData>
            <SimpleData name="Estado_del">Activo</SimpleData>
            <SimpleData name="Empresa">Emilio Sol?s Grance</SimpleData>
            <SimpleData name="Lote">I</SimpleData>
            <SimpleData name="Parametro">0.00000000000</SimpleData>
            <SimpleData name="Sup_SIG">0.71237823532</SimpleData>
            <SimpleData name="X">-56.44725934000</SimpleData>
            <SimpleData name="Y">-24.43239698000</SimpleData>
            <SimpleData name="cedula">5292252</SimpleData>
            <SimpleData name="Cédula_1">5292252.00000000000</SimpleData>
            <SimpleData name="Estado_d_1">Activo</SimpleData>
            <SimpleData name="OBJECTID_1">6041</SimpleData>
            <SimpleData name="Shape_Leng">396.05416265700</SimpleData>
            <SimpleData name="Shape_Area">7123.78235316000</SimpleData>
          </SchemaData>
        </ExtendedData>
        <Polygon>
          <outerBoundaryIs>
            <LinearRing>
              <coordinates>
                -56.4469685997128,-24.4330039006234,0
                -56.4474269995463,-24.4331332998532,0
                -56.4475531994183,-24.431801100063,0
                -56.4470895006285,-24.4316563996976,0
                -56.4469685997128,-24.4330039006234,0
              </coordinates>
            </LinearRing>
          </outerBoundaryIs>
        </Polygon>
      </Placemark>
      <Placemark id="Lote_I.233">
        <ExtendedData>
          <SchemaData schemaUrl="#Lote_I.schema">
            <SimpleData name="Cédula">5656058.00000000000</SimpleData>
            <SimpleData name="Nombres_y_">PABLINA BAEZ VILLALBA</SimpleData>
            <SimpleData name="Sexo">Mujer</SimpleData>
            <SimpleData name="Cambio_de_">NO</SimpleData>
            <SimpleData name="Titular_se">NO</SimpleData>
            <SimpleData name="ci_UNIF">5656058.00000000000</SimpleData>
            <SimpleData name="Situación">NO</SimpleData>
            <SimpleData name="Comunidad">Campesina</SimpleData>
            <SimpleData name="Modelo_imp">Modelo 2</SimpleData>
            <SimpleData name="Departamen">SAN PEDRO</SimpleData>
            <SimpleData name="Distrito">GUAYAIBI</SimpleData>
            <SimpleData name="Localidad">SAN FRANCISCO</SimpleData>
            <SimpleData name="Teléfono">0973232641</SimpleData>
            <SimpleData name="Vivienda_L">-24.53124800000</SimpleData>
            <SimpleData name="Vivienda_1">-56.44536690000</SimpleData>
            <SimpleData name="Superficie">0.80000000000</SimpleData>
            <SimpleData name="Situaci_1">Par?metro</SimpleData>
            <SimpleData name="Plantado">NO</SimpleData>
            <SimpleData name="Jornales">0.00000000000</SimpleData>
            <SimpleData name="Monto">0.00000000000</SimpleData>
            <SimpleData name="Grupo_de_p">I-GN-XX-XX-XX</SimpleData>
            <SimpleData name="Estado_del">Activo</SimpleData>
            <SimpleData name="Empresa">Emilio Sol?s Grance</SimpleData>
            <SimpleData name="Lote">I</SimpleData>
            <SimpleData name="Parametro">0.00000000000</SimpleData>
            <SimpleData name="Sup_SIG">0.81759936288</SimpleData>
            <SimpleData name="X">-56.45223245000</SimpleData>
            <SimpleData name="Y">-24.53384824000</SimpleData>
            <SimpleData name="cedula">5656058</SimpleData>
            <SimpleData name="Cédula_1">5656058.00000000000</SimpleData>
            <SimpleData name="Estado_d_1">Activo</SimpleData>
            <SimpleData name="OBJECTID_1">6080</SimpleData>
            <SimpleData name="Shape_Leng">477.66734368400</SimpleData>
            <SimpleData name="Shape_Area">8175.99362881000</SimpleData>
          </SchemaData>
        </ExtendedData>
        <Polygon>
          <outerBoundaryIs>
            <LinearRing>
              <coordinates>
                -56.4520093002311,-24.5346805999224,0
                -56.452471699544,-24.5347199996562,0
                -56.4524016006662,-24.5329283000727,0
                -56.4520445004353,-24.5329116995629,0
                -56.4520093002311,-24.5346805999224,0
              </coordinates>
            </LinearRing>
          </outerBoundaryIs>
        </Polygon>
      </Placemark>
      <Placemark id="Lote_I.234">
        <ExtendedData>
          <SchemaData schemaUrl="#Lote_I.schema">
            <SimpleData name="Cédula">6135405.00000000000</SimpleData>
            <SimpleData name="Nombres_y_">YSABEL IBARRA GONZALEZ</SimpleData>
            <SimpleData name="Sexo">Mujer</SimpleData>
            <SimpleData name="Cambio_de_">NO</SimpleData>
            <SimpleData name="Titular_se">NO</SimpleData>
            <SimpleData name="ci_UNIF">6135405.00000000000</SimpleData>
            <SimpleData name="Situación">NO</SimpleData>
            <SimpleData name="Comunidad">Campesina</SimpleData>
            <SimpleData name="Modelo_imp">Modelo 4</SimpleData>
            <SimpleData name="Departamen">SAN PEDRO</SimpleData>
            <SimpleData name="Distrito">GUAYAIBI</SimpleData>
            <SimpleData name="Localidad">8 DE DICIEMBRE</SimpleData>
            <SimpleData name="Teléfono">0981676004</SimpleData>
            <SimpleData name="Vivienda_L">-24.38814930000</SimpleData>
            <SimpleData name="Vivienda_1">-56.33768120000</SimpleData>
            <SimpleData name="Superficie">0.70000000000</SimpleData>
            <SimpleData name="Situaci_1">Par?metro</SimpleData>
            <SimpleData name="Plantado">NO</SimpleData>
            <SimpleData name="Jornales">0.00000000000</SimpleData>
            <SimpleData name="Monto">0.00000000000</SimpleData>
            <SimpleData name="Grupo_de_p">I-GN-XX-XX-XX</SimpleData>
            <SimpleData name="Estado_del">Activo</SimpleData>
            <SimpleData name="Empresa">Emilio Sol?s Grance</SimpleData>
            <SimpleData name="Lote">I</SimpleData>
            <SimpleData name="Parametro">0.00000000000</SimpleData>
            <SimpleData name="Sup_SIG">0.95538485428</SimpleData>
            <SimpleData name="X">-56.34156528000</SimpleData>
            <SimpleData name="Y">-24.39455203000</SimpleData>
            <SimpleData name="cedula">6135405</SimpleData>
            <SimpleData name="Cédula_1">6135405.00000000000</SimpleData>
            <SimpleData name="Estado_d_1">Activo</SimpleData>
            <SimpleData name="OBJECTID_1">6069</SimpleData>
            <SimpleData name="Shape_Leng">537.84589148000</SimpleData>
            <SimpleData name="Shape_Area">9553.84854279000</SimpleData>
          </SchemaData>
        </ExtendedData>
        <Polygon>
          <outerBoundaryIs>
            <LinearRing>
              <coordinates>
                -56.3408827998429,-24.3937432004096,0
                -56.341896500121,-24.3955685998266,0
                -56.3422466003228,-24.3953417004876,0
                -56.3412219995929,-24.3935301995174,0
                -56.3408827998429,-24.3937432004096,0
              </coordinates>
            </LinearRing>
          </outerBoundaryIs>
        </Polygon>
      </Placemark>
      <Placemark id="Lote_I.235">
        <ExtendedData>
          <SchemaData schemaUrl="#Lote_I.schema">
            <SimpleData name="Cédula">6386513.00000000000</SimpleData>
            <SimpleData name="Nombres_y_">DIANA CAROLINA GIMENEZ OVELAR</SimpleData>
            <SimpleData name="Sexo">Mujer</SimpleData>
            <SimpleData name="Cambio_de_">NO</SimpleData>
            <SimpleData name="Titular_se">NO</SimpleData>
            <SimpleData name="ci_UNIF">6386513.00000000000</SimpleData>
            <SimpleData name="Situación">NO</SimpleData>
            <SimpleData name="Comunidad">Campesina</SimpleData>
            <SimpleData name="Modelo_imp">Modelo 5</SimpleData>
            <SimpleData name="Departamen">SAN PEDRO</SimpleData>
            <SimpleData name="Distrito">GUAYAIBI</SimpleData>
            <SimpleData name="Localidad">PRIMERA LINEA CHACHI</SimpleData>
            <SimpleData name="Teléfono">0975308246</SimpleData>
            <SimpleData name="Vivienda_L">-24.51397760000</SimpleData>
            <SimpleData name="Vivienda_1">-56.44557430000</SimpleData>
            <SimpleData name="Superficie">0.70000000000</SimpleData>
            <SimpleData name="Situaci_1">Par?metro</SimpleData>
            <SimpleData name="Plantado">NO</SimpleData>
            <SimpleData name="Jornales">0.00000000000</SimpleData>
            <SimpleData name="Monto">0.00000000000</SimpleData>
            <SimpleData name="Grupo_de_p">I-GN-XX-XX-XX</SimpleData>
            <SimpleData name="Estado_del">Activo</SimpleData>
            <SimpleData name="Empresa">Emilio Sol?s Grance</SimpleData>
            <SimpleData name="Lote">I</SimpleData>
            <SimpleData name="Parametro">0.00000000000</SimpleData>
            <SimpleData name="Sup_SIG">0.75539335494</SimpleData>
            <SimpleData name="X">-56.43686756000</SimpleData>
            <SimpleData name="Y">-24.51369009000</SimpleData>
            <SimpleData name="cedula">6386513</SimpleData>
            <SimpleData name="Cédula_1">6386513.00000000000</SimpleData>
            <SimpleData name="Estado_d_1">Activo</SimpleData>
            <SimpleData name="OBJECTID_1">6090</SimpleData>
            <SimpleData name="Shape_Leng">672.64085886000</SimpleData>
            <SimpleData name="Shape_Area">7553.93354942000</SimpleData>
          </SchemaData>
        </ExtendedData>
        <MultiGeometry>
          <Polygon>
            <outerBoundaryIs>
              <LinearRing>
                <coordinates>
                  -56.4430082000529,-24.5140729005932,0
                  -56.4429797998758,-24.5138515003782,0
                  -56.4421133004146,-24.5138333005443,0
                  -56.44214309987,-24.5140435008213,0
                  -56.4430082000529,-24.5140729005932,0
                </coordinates>
              </LinearRing>
            </outerBoundaryIs>
          </Polygon>
          <Polygon>
            <outerBoundaryIs>
              <LinearRing>
                <coordinates>
                  -56.4378605998171,-24.5138583001437,0
                  -56.4378521996946,-24.5136219995305,0
                  -56.4359167002952,-24.5135083006527,0
                  -56.435920900406,-24.5137756003219,0
                  -56.4378605998171,-24.5138583001437,0
                </coordinates>
              </LinearRing>
            </outerBoundaryIs>
          </Polygon>
        </MultiGeometry>
      </Placemark>
      <Placemark id="Lote_I.236">
        <ExtendedData>
          <SchemaData schemaUrl="#Lote_I.schema">
            <SimpleData name="Cédula">7076256.00000000000</SimpleData>
            <SimpleData name="Nombres_y_">JENIFER ALEXSA ORUE BOGADO</SimpleData>
            <SimpleData name="Sexo">Mujer</SimpleData>
            <SimpleData name="Cambio_de_">NO</SimpleData>
            <SimpleData name="Titular_se">NO</SimpleData>
            <SimpleData name="ci_UNIF">7076256.00000000000</SimpleData>
            <SimpleData name="Situación">NO</SimpleData>
            <SimpleData name="Comunidad">Campesina</SimpleData>
            <SimpleData name="Modelo_imp">Modelo 5</SimpleData>
            <SimpleData name="Departamen">SAN PEDRO</SimpleData>
            <SimpleData name="Distrito">GUAYAIBI</SimpleData>
            <SimpleData name="Localidad">LUZ BELLA SAN LUIS</SimpleData>
            <SimpleData name="Teléfono">983601283</SimpleData>
            <SimpleData name="Vivienda_L">-24.31401730000</SimpleData>
            <SimpleData name="Vivienda_1">-56.17402730000</SimpleData>
            <SimpleData name="Superficie">0.70000000000</SimpleData>
            <SimpleData name="Situaci_1">Parametro</SimpleData>
            <SimpleData name="Plantado">NO</SimpleData>
            <SimpleData name="Jornales">0.00000000000</SimpleData>
            <SimpleData name="Monto">0.00000000000</SimpleData>
            <SimpleData name="Grupo_de_p">I-GN-XX-XX-XX</SimpleData>
            <SimpleData name="Estado_del">Activo</SimpleData>
            <SimpleData name="Empresa">Emilio Sol?s Grance</SimpleData>
            <SimpleData name="Lote">I</SimpleData>
            <SimpleData name="Parametro">0.00000000000</SimpleData>
            <SimpleData name="Sup_SIG">0.73852281017</SimpleData>
            <SimpleData name="X">-56.17286552000</SimpleData>
            <SimpleData name="Y">-24.31389873000</SimpleData>
            <SimpleData name="cedula">7076256</SimpleData>
            <SimpleData name="Cédula_1">7076256.00000000000</SimpleData>
            <SimpleData name="Estado_d_1">Activo</SimpleData>
            <SimpleData name="OBJECTID_1">6401</SimpleData>
            <SimpleData name="Shape_Leng">362.62933492600</SimpleData>
            <SimpleData name="Shape_Area">7385.22810165000</SimpleData>
          </SchemaData>
        </ExtendedData>
        <Polygon>
          <outerBoundaryIs>
            <LinearRing>
              <coordinates>
                -56.1723520004723,-24.3135705992908,0
                -56.1723184992455,-24.3141999002717,0
                -56.1734897995868,-24.3141841999718,0
                -56.1734163000838,-24.3137126997289,0
                -56.1731023999274,-24.3136715997346,0
                -56.1731024996826,-24.3135549999884,0
                -56.1723520004723,-24.3135705992908,0
              </coordinates>
            </LinearRing>
          </outerBoundaryIs>
        </Polygon>
      </Placemark>
      <Placemark id="Lote_I.237">
        <ExtendedData>
          <SchemaData schemaUrl="#Lote_I.schema">
            <SimpleData name="Cédula">2256300.00000000000</SimpleData>
            <SimpleData name="Nombres_y_">VALERIANO VILLAMAYOR</SimpleData>
            <SimpleData name="Sexo">Hombre</SimpleData>
            <SimpleData name="Cambio_de_">NO</SimpleData>
            <SimpleData name="Titular_se">NO</SimpleData>
            <SimpleData name="ci_UNIF">2256300.00000000000</SimpleData>
            <SimpleData name="Situación">NO</SimpleData>
            <SimpleData name="Comunidad">Campesina</SimpleData>
            <SimpleData name="Modelo_imp">Modelo 3</SimpleData>
            <SimpleData name="Departamen">SAN PEDRO</SimpleData>
            <SimpleData name="Distrito">LIMA</SimpleData>
            <SimpleData name="Localidad">YBYPE</SimpleData>
            <SimpleData name="Teléfono">0976405744</SimpleData>
            <SimpleData name="Vivienda_L">-23.95096890000</SimpleData>
            <SimpleData name="Vivienda_1">-56.40248200000</SimpleData>
            <SimpleData name="Superficie">1.00000000000</SimpleData>
            <SimpleData name="Situaci_1">Par?metro</SimpleData>
            <SimpleData name="Plantado">NO</SimpleData>
            <SimpleData name="Jornales">0.00000000000</SimpleData>
            <SimpleData name="Monto">0.00000000000</SimpleData>
            <SimpleData name="Grupo_de_p">I-GN-XX-XX-XX</SimpleData>
            <SimpleData name="Estado_del">Activo</SimpleData>
            <SimpleData name="Empresa">Emilio Sol?s Grance</SimpleData>
            <SimpleData name="Lote">I</SimpleData>
            <SimpleData name="Parametro">0.00000000000</SimpleData>
            <SimpleData name="Sup_SIG">1.14856913284</SimpleData>
            <SimpleData name="X">-56.39954726000</SimpleData>
            <SimpleData name="Y">-23.95242071000</SimpleData>
            <SimpleData name="cedula">2256300</SimpleData>
            <SimpleData name="Cédula_1">2256300.00000000000</SimpleData>
            <SimpleData name="Estado_d_1">Activo</SimpleData>
            <SimpleData name="OBJECTID_1">6137</SimpleData>
            <SimpleData name="Shape_Leng">484.84607340600</SimpleData>
            <SimpleData name="Shape_Area">11485.69132840000</SimpleData>
          </SchemaData>
        </ExtendedData>
        <Polygon>
          <outerBoundaryIs>
            <LinearRing>
              <coordinates>
                -56.3985232998727,-23.9527799998354,0
                -56.3994095994201,-23.9530000997897,0
                -56.4003899992274,-23.9521682995584,0
                -56.4000082998183,-23.9517115998439,0
                -56.3985232998727,-23.9527799998354,0
              </coordinates>
            </LinearRing>
          </outerBoundaryIs>
        </Polygon>
      </Placemark>
      <Placemark id="Lote_I.238">
        <ExtendedData>
          <SchemaData schemaUrl="#Lote_I.schema">
            <SimpleData name="Cédula">2854855.00000000000</SimpleData>
            <SimpleData name="Nombres_y_">BRAULIO ANIBAL AVALOS ROMERO</SimpleData>
            <SimpleData name="Sexo">Hombre</SimpleData>
            <SimpleData name="Cambio_de_">NO</SimpleData>
            <SimpleData name="Titular_se">NO</SimpleData>
            <SimpleData name="ci_UNIF">2854855.00000000000</SimpleData>
            <SimpleData name="Situación">NO</SimpleData>
            <SimpleData name="Comunidad">Campesina</SimpleData>
            <SimpleData name="Modelo_imp">Modelo 3</SimpleData>
            <SimpleData name="Departamen">SAN PEDRO</SimpleData>
            <SimpleData name="Distrito">LIMA</SimpleData>
            <SimpleData name="Localidad">YBYPE</SimpleData>
            <SimpleData name="Teléfono">0972148138</SimpleData>
            <SimpleData name="Vivienda_L">-24.03736330000</SimpleData>
            <SimpleData name="Vivienda_1">-56.46159670000</SimpleData>
            <SimpleData name="Superficie">1.00000000000</SimpleData>
            <SimpleData name="Situaci_1">Par?metro</SimpleData>
            <SimpleData name="Plantado">NO</SimpleData>
            <SimpleData name="Jornales">0.00000000000</SimpleData>
            <SimpleData name="Monto">0.00000000000</SimpleData>
            <SimpleData name="Grupo_de_p">I-GN-XX-XX-XX</SimpleData>
            <SimpleData name="Estado_del">Activo</SimpleData>
            <SimpleData name="Empresa">Emilio Sol?s Grance</SimpleData>
            <SimpleData name="Lote">I</SimpleData>
            <SimpleData name="Parametro">0.00000000000</SimpleData>
            <SimpleData name="Sup_SIG">1.09447237716</SimpleData>
            <SimpleData name="X">-56.45443585000</SimpleData>
            <SimpleData name="Y">-24.03550609000</SimpleData>
            <SimpleData name="cedula">2854855</SimpleData>
            <SimpleData name="Cédula_1">2854855.00000000000</SimpleData>
            <SimpleData name="Estado_d_1">Activo</SimpleData>
            <SimpleData name="OBJECTID_1">6117</SimpleData>
            <SimpleData name="Shape_Leng">581.64910866300</SimpleData>
            <SimpleData name="Shape_Area">10944.72377160000</SimpleData>
          </SchemaData>
        </ExtendedData>
        <Polygon>
          <outerBoundaryIs>
            <LinearRing>
              <coordinates>
                -56.4531801994296,-24.0352982999378,0
                -56.4554566993261,-24.0360632997743,0
                -56.4556740000294,-24.0357012994627,0
                -56.4534116999917,-24.0349532000007,0
                -56.4531801994296,-24.0352982999378,0
              </coordinates>
            </LinearRing>
          </outerBoundaryIs>
        </Polygon>
      </Placemark>
      <Placemark id="Lote_I.239">
        <ExtendedData>
          <SchemaData schemaUrl="#Lote_I.schema">
            <SimpleData name="Cédula">4620685.00000000000</SimpleData>
            <SimpleData name="Nombres_y_">RAFAEL GARAY AVALOS</SimpleData>
            <SimpleData name="Sexo">Hombre</SimpleData>
            <SimpleData name="Cambio_de_">NO</SimpleData>
            <SimpleData name="Titular_se">NO</SimpleData>
            <SimpleData name="ci_UNIF">4620685.00000000000</SimpleData>
            <SimpleData name="Comunidad">Campesina</SimpleData>
            <SimpleData name="Modelo_imp">Modelo 3</SimpleData>
            <SimpleData name="Departamen">SAN PEDRO</SimpleData>
            <SimpleData name="Distrito">LIMA</SimpleData>
            <SimpleData name="Localidad">PASO TUNA</SimpleData>
            <SimpleData name="Teléfono">981271749</SimpleData>
            <SimpleData name="Vivienda_L">-23.92351510000</SimpleData>
            <SimpleData name="Vivienda_1">-56.65758310000</SimpleData>
            <SimpleData name="Superficie">1.00000000000</SimpleData>
            <SimpleData name="Situaci_1">Parametro</SimpleData>
            <SimpleData name="Plantado">NO</SimpleData>
            <SimpleData name="Jornales">0.00000000000</SimpleData>
            <SimpleData name="Monto">0.00000000000</SimpleData>
            <SimpleData name="Grupo_de_p">I-GN-XX-XX-XX</SimpleData>
            <SimpleData name="Estado_del">Activo</SimpleData>
            <SimpleData name="Empresa">Emilio Sol?s Grance</SimpleData>
            <SimpleData name="Lote">I</SimpleData>
            <SimpleData name="Parametro">0.00000000000</SimpleData>
            <SimpleData name="Sup_SIG">1.05450440787</SimpleData>
            <SimpleData name="X">-56.65753163000</SimpleData>
            <SimpleData name="Y">-23.92535042000</SimpleData>
            <SimpleData name="cedula">4620685</SimpleData>
            <SimpleData name="Cédula_1">4620685.00000000000</SimpleData>
            <SimpleData name="Estado_d_1">Activo</SimpleData>
            <SimpleData name="OBJECTID_1">6417</SimpleData>
            <SimpleData name="Shape_Leng">490.78249291400</SimpleData>
            <SimpleData name="Shape_Area">10545.04407870000</SimpleData>
          </SchemaData>
        </ExtendedData>
        <Polygon>
          <outerBoundaryIs>
            <LinearRing>
              <coordinates>
                -56.6571482991428,-23.9249464999677,0
                -56.657283099429,-23.9262176992284,0
                -56.6577699997148,-23.9261329000025,0
                -56.6578763991776,-23.9243392003325,0
                -56.6571482991428,-23.9249464999677,0
              </coordinates>
            </LinearRing>
          </outerBoundaryIs>
        </Polygon>
      </Placemark>
      <Placemark id="Lote_I.240">
        <ExtendedData>
          <SchemaData schemaUrl="#Lote_I.schema">
            <SimpleData name="Cédula">5258260.00000000000</SimpleData>
            <SimpleData name="Nombres_y_">MARIA SELVA AVALOS VERA</SimpleData>
            <SimpleData name="Sexo">Mujer</SimpleData>
            <SimpleData name="Cambio_de_">NO</SimpleData>
            <SimpleData name="Titular_se">NO</SimpleData>
            <SimpleData name="ci_UNIF">5258260.00000000000</SimpleData>
            <SimpleData name="Situación">NO</SimpleData>
            <SimpleData name="Comunidad">Campesina</SimpleData>
            <SimpleData name="Modelo_imp">Modelo 3</SimpleData>
            <SimpleData name="Departamen">SAN PEDRO</SimpleData>
            <SimpleData name="Distrito">LIMA</SimpleData>
            <SimpleData name="Localidad">CARUMBEY 2</SimpleData>
            <SimpleData name="Teléfono">0971628786</SimpleData>
            <SimpleData name="Vivienda_L">-23.92663300000</SimpleData>
            <SimpleData name="Vivienda_1">-56.38582680000</SimpleData>
            <SimpleData name="Superficie">1.00000000000</SimpleData>
            <SimpleData name="Situaci_1">Par?metro</SimpleData>
            <SimpleData name="Plantado">NO</SimpleData>
            <SimpleData name="Jornales">0.00000000000</SimpleData>
            <SimpleData name="Monto">0.00000000000</SimpleData>
            <SimpleData name="Grupo_de_p">I-GN-XX-XX-XX</SimpleData>
            <SimpleData name="Estado_del">Activo</SimpleData>
            <SimpleData name="Empresa">Emilio Sol?s Grance</SimpleData>
            <SimpleData name="Lote">I</SimpleData>
            <SimpleData name="Parametro">0.00000000000</SimpleData>
            <SimpleData name="Sup_SIG">1.27708526064</SimpleData>
            <SimpleData name="X">-56.39058305000</SimpleData>
            <SimpleData name="Y">-23.92495766000</SimpleData>
            <SimpleData name="cedula">5258260</SimpleData>
            <SimpleData name="Cédula_1">5258260.00000000000</SimpleData>
            <SimpleData name="Estado_d_1">Activo</SimpleData>
            <SimpleData name="OBJECTID_1">6135</SimpleData>
            <SimpleData name="Shape_Leng">453.99487589600</SimpleData>
            <SimpleData name="Shape_Area">12770.85260640000</SimpleData>
          </SchemaData>
        </ExtendedData>
        <Polygon>
          <outerBoundaryIs>
            <LinearRing>
              <coordinates>
                -56.3898187000459,-23.9248711996559,0
                -56.3904799999341,-23.9256949996712,0
                -56.3912883997466,-23.9251044992826,0
                -56.3907834993884,-23.9242008996426,0
                -56.3898187000459,-23.9248711996559,0
              </coordinates>
            </LinearRing>
          </outerBoundaryIs>
        </Polygon>
      </Placemark>
      <Placemark id="Lote_I.241">
        <ExtendedData>
          <SchemaData schemaUrl="#Lote_I.schema">
            <SimpleData name="Cédula">4734579.00000000000</SimpleData>
            <SimpleData name="Nombres_y_">BEBA ISABEL LARROZA CA?ETE</SimpleData>
            <SimpleData name="Sexo">Mujer</SimpleData>
            <SimpleData name="Cambio_de_">NO</SimpleData>
            <SimpleData name="Titular_se">NO</SimpleData>
            <SimpleData name="ci_UNIF">4734579.00000000000</SimpleData>
            <SimpleData name="Situación">NO</SimpleData>
            <SimpleData name="Comunidad">Campesina</SimpleData>
            <SimpleData name="Modelo_imp">Modelo 3</SimpleData>
            <SimpleData name="Departamen">SAN PEDRO</SimpleData>
            <SimpleData name="Distrito">CHORE</SimpleData>
            <SimpleData name="Localidad">LIBERACION NORTE</SimpleData>
            <SimpleData name="Teléfono">0984647933</SimpleData>
            <SimpleData name="Vivienda_L">-24.14912920000</SimpleData>
            <SimpleData name="Vivienda_1">-56.65593330000</SimpleData>
            <SimpleData name="Superficie">1.00000000000</SimpleData>
            <SimpleData name="Situaci_1">Par?metro</SimpleData>
            <SimpleData name="Plantado">NO</SimpleData>
            <SimpleData name="Jornales">0.00000000000</SimpleData>
            <SimpleData name="Monto">0.00000000000</SimpleData>
            <SimpleData name="Grupo_de_p">I-GN-XX-XX-XX</SimpleData>
            <SimpleData name="Estado_del">Activo</SimpleData>
            <SimpleData name="Empresa">Emilio Sol?s Grance</SimpleData>
            <SimpleData name="Lote">I</SimpleData>
            <SimpleData name="Parametro">0.00000000000</SimpleData>
            <SimpleData name="Sup_SIG">1.04868052325</SimpleData>
            <SimpleData name="X">-56.65664771000</SimpleData>
            <SimpleData name="Y">-24.15070776000</SimpleData>
            <SimpleData name="cedula">4734579</SimpleData>
            <SimpleData name="Cédula_1">4734579.00000000000</SimpleData>
            <SimpleData name="Estado_d_1">Activo</SimpleData>
            <SimpleData name="OBJECTID_1">5973</SimpleData>
            <SimpleData name="Shape_Leng">446.86304301700</SimpleData>
            <SimpleData name="Shape_Area">10486.80523250000</SimpleData>
          </SchemaData>
        </ExtendedData>
        <Polygon>
          <outerBoundaryIs>
            <LinearRing>
              <coordinates>
                -56.6559035001575,-24.15043589966,0
                -56.6569517004859,-24.1514400004911,0
                -56.6574029991621,-24.1509956995677,0
                -56.6563304995551,-24.1499646000843,0
                -56.6559035001575,-24.15043589966,0
              </coordinates>
            </LinearRing>
          </outerBoundaryIs>
        </Polygon>
      </Placemark>
      <Placemark id="Lote_I.242">
        <ExtendedData>
          <SchemaData schemaUrl="#Lote_I.schema">
            <SimpleData name="Cédula">6029913.00000000000</SimpleData>
            <SimpleData name="Nombres_y_">MARIA LIBRADA CABRERA CABALLERO</SimpleData>
            <SimpleData name="Sexo">Mujer</SimpleData>
            <SimpleData name="Cambio_de_">NO</SimpleData>
            <SimpleData name="Titular_se">NO</SimpleData>
            <SimpleData name="ci_UNIF">6029913.00000000000</SimpleData>
            <SimpleData name="Situación">NO</SimpleData>
            <SimpleData name="Comunidad">Campesina</SimpleData>
            <SimpleData name="Modelo_imp">Modelo 3</SimpleData>
            <SimpleData name="Departamen">SAN PEDRO</SimpleData>
            <SimpleData name="Distrito">CHORE</SimpleData>
            <SimpleData name="Localidad">SAN RAFAEL</SimpleData>
            <SimpleData name="Teléfono">0985484261</SimpleData>
            <SimpleData name="Vivienda_L">-24.12887670000</SimpleData>
            <SimpleData name="Vivienda_1">-56.67991330000</SimpleData>
            <SimpleData name="Superficie">1.00000000000</SimpleData>
            <SimpleData name="Situaci_1">Parametro</SimpleData>
            <SimpleData name="Plantado">NO</SimpleData>
            <SimpleData name="Jornales">0.00000000000</SimpleData>
            <SimpleData name="Monto">0.00000000000</SimpleData>
            <SimpleData name="Grupo_de_p">I-GN-XX-XX-XX</SimpleData>
            <SimpleData name="Estado_del">Activo</SimpleData>
            <SimpleData name="Empresa">Emilio Sol?s Grance</SimpleData>
            <SimpleData name="Lote">I</SimpleData>
            <SimpleData name="Parametro">0.00000000000</SimpleData>
            <SimpleData name="Sup_SIG">1.10050291005</SimpleData>
            <SimpleData name="X">-56.68133321000</SimpleData>
            <SimpleData name="Y">-24.12921034000</SimpleData>
            <SimpleData name="cedula">6029913</SimpleData>
            <SimpleData name="Cédula_1">6029913.00000000000</SimpleData>
            <SimpleData name="Estado_d_1">Activo</SimpleData>
            <SimpleData name="OBJECTID_1">6407</SimpleData>
            <SimpleData name="Shape_Leng">464.63521495000</SimpleData>
            <SimpleData name="Shape_Area">11005.02910050000</SimpleData>
          </SchemaData>
        </ExtendedData>
        <Polygon>
          <outerBoundaryIs>
            <LinearRing>
              <coordinates>
                -56.6805076997258,-24.1286426994277,0
                -56.681472800632,-24.1299706995455,0
                -56.6821082999772,-24.1294314993773,0
                -56.6811781999931,-24.1286031999504,0
                -56.6805076997258,-24.1286426994277,0
              </coordinates>
            </LinearRing>
          </outerBoundaryIs>
        </Polygon>
      </Placemark>
      <Placemark id="Lote_I.243">
        <ExtendedData>
          <SchemaData schemaUrl="#Lote_I.schema">
            <SimpleData name="Cédula">6296640.00000000000</SimpleData>
            <SimpleData name="Nombres_y_">DANIA ROBLES ROJAS</SimpleData>
            <SimpleData name="Sexo">Mujer</SimpleData>
            <SimpleData name="Cambio_de_">NO</SimpleData>
            <SimpleData name="Titular_se">NO</SimpleData>
            <SimpleData name="ci_UNIF">6296640.00000000000</SimpleData>
            <SimpleData name="Comunidad">Campesina</SimpleData>
            <SimpleData name="Modelo_imp">Modelo 5</SimpleData>
            <SimpleData name="Departamen">SAN PEDRO</SimpleData>
            <SimpleData name="Distrito">CRUCE LIBERACION</SimpleData>
            <SimpleData name="Localidad">SANTA LIBRADA</SimpleData>
            <SimpleData name="Teléfono">974155903</SimpleData>
            <SimpleData name="Vivienda_L">-24.20270280000</SimpleData>
            <SimpleData name="Vivienda_1">-56.47364140000</SimpleData>
            <SimpleData name="Superficie">0.70000000000</SimpleData>
            <SimpleData name="Situaci_1">Parametro</SimpleData>
            <SimpleData name="Plantado">SI</SimpleData>
            <SimpleData name="Fecha_Plan">2026/03/18</SimpleData>
            <SimpleData name="Jornales">0.00000000000</SimpleData>
            <SimpleData name="Monto">0.00000000000</SimpleData>
            <SimpleData name="Grupo_de_p">I-GN-XX-XX-XX</SimpleData>
            <SimpleData name="Estado_del">Activo</SimpleData>
            <SimpleData name="Empresa">Emilio Sol?s Grance</SimpleData>
            <SimpleData name="Lote">I</SimpleData>
            <SimpleData name="Parametro">0.00000000000</SimpleData>
            <SimpleData name="Sup_SIG">0.83820518583</SimpleData>
            <SimpleData name="X">-56.47681916000</SimpleData>
            <SimpleData name="Y">-24.20852156000</SimpleData>
            <SimpleData name="cedula">6296640</SimpleData>
            <SimpleData name="Cédula_1">6296640.00000000000</SimpleData>
            <SimpleData name="Estado_d_1">Activo</SimpleData>
            <SimpleData name="OBJECTID_1">7462</SimpleData>
            <SimpleData name="Shape_Leng">367.88125847500</SimpleData>
            <SimpleData name="Shape_Area">8382.05185832000</SimpleData>
          </SchemaData>
        </ExtendedData>
        <Polygon>
          <outerBoundaryIs>
            <LinearRing>
              <coordinates>
                -56.4772340685362,-24.2089487798552,0
                -56.4772483000758,-24.2089483003321,0
                -56.477221657774,-24.2080684285053,0
                -56.4772211995444,-24.208053300489,0
                -56.4764337998292,-24.2080760001201,0
                -56.4763751000141,-24.208977700252,0
                -56.4772340685362,-24.2089487798552,0
              </coordinates>
            </LinearRing>
          </outerBoundaryIs>
        </Polygon>
      </Placemark>
      <Placemark id="Lote_I.244">
        <ExtendedData>
          <SchemaData schemaUrl="#Lote_I.schema">
            <SimpleData name="Cédula">1107220.00000000000</SimpleData>
            <SimpleData name="Nombres_y_">EFIGENIA DOMINGUEZ FLORENTIN</SimpleData>
            <SimpleData name="Sexo">Mujer</SimpleData>
            <SimpleData name="Cambio_de_">NO</SimpleData>
            <SimpleData name="Titular_se">NO</SimpleData>
            <SimpleData name="ci_UNIF">1107220.00000000000</SimpleData>
            <SimpleData name="Situación">NO</SimpleData>
            <SimpleData name="Comunidad">Campesina</SimpleData>
            <SimpleData name="Modelo_imp">Modelo 1</SimpleData>
            <SimpleData name="Departamen">SAN PEDRO</SimpleData>
            <SimpleData name="Distrito">GUAYAIBI</SimpleData>
            <SimpleData name="Localidad">SAN BLAS</SimpleData>
            <SimpleData name="Teléfono">0975919826</SimpleData>
            <SimpleData name="Vivienda_L">-24.52450020000</SimpleData>
            <SimpleData name="Vivienda_1">-56.40807830000</SimpleData>
            <SimpleData name="Superficie">0.80000000000</SimpleData>
            <SimpleData name="Situaci_1">Par?metro</SimpleData>
            <SimpleData name="Plantado">NO</SimpleData>
            <SimpleData name="Jornales">0.00000000000</SimpleData>
            <SimpleData name="Monto">0.00000000000</SimpleData>
            <SimpleData name="Grupo_de_p">I-GN-XX-XX-XX</SimpleData>
            <SimpleData name="Estado_del">Activo</SimpleData>
            <SimpleData name="Empresa">Emilio Sol?s Grance</SimpleData>
            <SimpleData name="Lote">I</SimpleData>
            <SimpleData name="Parametro">0.00000000000</SimpleData>
            <SimpleData name="Sup_SIG">0.87608375409</SimpleData>
            <SimpleData name="X">-56.40369060000</SimpleData>
            <SimpleData name="Y">-24.51195517000</SimpleData>
            <SimpleData name="cedula">1107220</SimpleData>
            <SimpleData name="Cédula_1">1107220.00000000000</SimpleData>
            <SimpleData name="Estado_d_1">Activo</SimpleData>
            <SimpleData name="OBJECTID_1">6037</SimpleData>
            <SimpleData name="Shape_Leng">536.61107550400</SimpleData>
            <SimpleData name="Shape_Area">8760.83754089000</SimpleData>
          </SchemaData>
        </ExtendedData>
        <MultiGeometry>
          <Polygon>
            <outerBoundaryIs>
              <LinearRing>
                <coordinates>
                  -56.4041053996812,-24.5122128003786,0
                  -56.4041316996014,-24.5117334998621,0
                  -56.4033001000591,-24.5116747005653,0
                  -56.4032499999938,-24.5121967000722,0
                  -56.4041053996812,-24.5122128003786,0
                </coordinates>
              </LinearRing>
            </outerBoundaryIs>
          </Polygon>
          <Polygon>
            <outerBoundaryIs>
              <LinearRing>
                <coordinates>
                  -56.4024774994306,-24.5121315008432,0
                  -56.4024748996474,-24.5115799998098,0
                  -56.4018055003848,-24.5115504005189,0
                  -56.4018115988899,-24.5120696996406,0
                  -56.4024774994306,-24.5121315008432,0
                </coordinates>
              </LinearRing>
            </outerBoundaryIs>
          </Polygon>
        </MultiGeometry>
      </Placemark>
      <Placemark id="Lote_I.245">
        <ExtendedData>
          <SchemaData schemaUrl="#Lote_I.schema">
            <SimpleData name="Cédula">1457118.00000000000</SimpleData>
            <SimpleData name="Nombres_y_">PORFIRIA ESPINOLA ALMEIDA</SimpleData>
            <SimpleData name="Sexo">Mujer</SimpleData>
            <SimpleData name="Cambio_de_">NO</SimpleData>
            <SimpleData name="Titular_se">NO</SimpleData>
            <SimpleData name="ci_UNIF">1457118.00000000000</SimpleData>
            <SimpleData name="Situación">NO</SimpleData>
            <SimpleData name="Comunidad">Campesina</SimpleData>
            <SimpleData name="Modelo_imp">Modelo 5</SimpleData>
            <SimpleData name="Departamen">SAN PEDRO</SimpleData>
            <SimpleData name="Distrito">CHORE</SimpleData>
            <SimpleData name="Localidad">ROSARINO</SimpleData>
            <SimpleData name="Teléfono">0971126050</SimpleData>
            <SimpleData name="Vivienda_L">-24.22970490000</SimpleData>
            <SimpleData name="Vivienda_1">-56.53407380000</SimpleData>
            <SimpleData name="Superficie">0.70000000000</SimpleData>
            <SimpleData name="Situaci_1">Par?metro</SimpleData>
            <SimpleData name="Plantado">NO</SimpleData>
            <SimpleData name="Jornales">0.00000000000</SimpleData>
            <SimpleData name="Monto">0.00000000000</SimpleData>
            <SimpleData name="Grupo_de_p">I-GN-XX-XX-XX</SimpleData>
            <SimpleData name="Estado_del">Activo</SimpleData>
            <SimpleData name="Empresa">Emilio Sol?s Grance</SimpleData>
            <SimpleData name="Lote">I</SimpleData>
            <SimpleData name="Parametro">0.00000000000</SimpleData>
            <SimpleData name="Sup_SIG">0.74303730514</SimpleData>
            <SimpleData name="X">-56.52946086000</SimpleData>
            <SimpleData name="Y">-24.22892007000</SimpleData>
            <SimpleData name="cedula">1457118</SimpleData>
            <SimpleData name="Cédula_1">1457118.00000000000</SimpleData>
            <SimpleData name="Estado_d_1">Activo</SimpleData>
            <SimpleData name="OBJECTID_1">5979</SimpleData>
            <SimpleData name="Shape_Leng">397.95919953700</SimpleData>
            <SimpleData name="Shape_Area">7430.37305139000</SimpleData>
          </SchemaData>
        </ExtendedData>
        <Polygon>
          <outerBoundaryIs>
            <LinearRing>
              <coordinates>
                -56.5286867996444,-24.2289899998632,0
                -56.5286981002222,-24.2291438999174,0
                -56.530227900081,-24.2291328006919,0
                -56.5301759003023,-24.2286794002747,0
                -56.5288027002104,-24.2287119999257,0
                -56.5287225995585,-24.2287567999728,0
                -56.5286867996444,-24.2289899998632,0
              </coordinates>
            </LinearRing>
          </outerBoundaryIs>
        </Polygon>
      </Placemark>
      <Placemark id="Lote_I.246">
        <ExtendedData>
          <SchemaData schemaUrl="#Lote_I.schema">
            <SimpleData name="Cédula">1753369.00000000000</SimpleData>
            <SimpleData name="Nombres_y_">FELICIA BAEZ ESCOBAR</SimpleData>
            <SimpleData name="Sexo">Mujer</SimpleData>
            <SimpleData name="Cambio_de_">NO</SimpleData>
            <SimpleData name="Titular_se">NO</SimpleData>
            <SimpleData name="ci_UNIF">1753369.00000000000</SimpleData>
            <SimpleData name="Situación">NO</SimpleData>
            <SimpleData name="Comunidad">Campesina</SimpleData>
            <SimpleData name="Modelo_imp">Modelo 1</SimpleData>
            <SimpleData name="Departamen">SAN PEDRO</SimpleData>
            <SimpleData name="Distrito">CHORE</SimpleData>
            <SimpleData name="Localidad">ROSARINO</SimpleData>
            <SimpleData name="Teléfono">0971948527</SimpleData>
            <SimpleData name="Vivienda_L">-24.22356610000</SimpleData>
            <SimpleData name="Vivienda_1">-56.53399140000</SimpleData>
            <SimpleData name="Superficie">0.80000000000</SimpleData>
            <SimpleData name="Situaci_1">Par?metro</SimpleData>
            <SimpleData name="Plantado">NO</SimpleData>
            <SimpleData name="Jornales">0.00000000000</SimpleData>
            <SimpleData name="Monto">0.00000000000</SimpleData>
            <SimpleData name="Grupo_de_p">I-GN-XX-XX-XX</SimpleData>
            <SimpleData name="Estado_del">Activo</SimpleData>
            <SimpleData name="Empresa">Emilio Sol?s Grance</SimpleData>
            <SimpleData name="Lote">I</SimpleData>
            <SimpleData name="Parametro">0.00000000000</SimpleData>
            <SimpleData name="Sup_SIG">0.85615229263</SimpleData>
            <SimpleData name="X">-56.53053225000</SimpleData>
            <SimpleData name="Y">-24.22364987000</SimpleData>
            <SimpleData name="cedula">1753369</SimpleData>
            <SimpleData name="Cédula_1">1753369.00000000000</SimpleData>
            <SimpleData name="Estado_d_1">Activo</SimpleData>
            <SimpleData name="OBJECTID_1">5976</SimpleData>
            <SimpleData name="Shape_Leng">561.28396231700</SimpleData>
            <SimpleData name="Shape_Area">8561.52292631000</SimpleData>
          </SchemaData>
        </ExtendedData>
        <MultiGeometry>
          <Polygon>
            <outerBoundaryIs>
              <LinearRing>
                <coordinates>
                  -56.5280678998247,-24.2238397000321,0
                  -56.5290399990814,-24.2238216999755,0
                  -56.5289909999122,-24.223464800554,0
                  -56.5280732997235,-24.2234866999835,0
                  -56.5280678998247,-24.2238397000321,0
                </coordinates>
              </LinearRing>
            </outerBoundaryIs>
          </Polygon>
          <Polygon>
            <outerBoundaryIs>
              <LinearRing>
                <coordinates>
                  -56.5300462993351,-24.2238773011294,0
                  -56.53101549968,-24.2238584007168,0
                  -56.5310166990416,-24.2234150006652,0
                  -56.5301591999334,-24.2234399006535,0
                  -56.5300249997376,-24.2235217004693,0
                  -56.5300462993351,-24.2238773011294,0
                </coordinates>
              </LinearRing>
            </outerBoundaryIs>
          </Polygon>
        </MultiGeometry>
      </Placemark>
      <Placemark id="Lote_I.247">
        <ExtendedData>
          <SchemaData schemaUrl="#Lote_I.schema">
            <SimpleData name="Cédula">2809301.00000000000</SimpleData>
            <SimpleData name="Nombres_y_">ANTONIA PRIETO CACERES</SimpleData>
            <SimpleData name="Sexo">Mujer</SimpleData>
            <SimpleData name="Cambio_de_">NO</SimpleData>
            <SimpleData name="Titular_se">NO</SimpleData>
            <SimpleData name="ci_UNIF">2809301.00000000000</SimpleData>
            <SimpleData name="Situación">NO</SimpleData>
            <SimpleData name="Comunidad">Campesina</SimpleData>
            <SimpleData name="Modelo_imp">Modelo 5</SimpleData>
            <SimpleData name="Departamen">SAN PEDRO</SimpleData>
            <SimpleData name="Distrito">GUAYAIBI</SimpleData>
            <SimpleData name="Localidad">CALLE 2000</SimpleData>
            <SimpleData name="Teléfono">0985156212</SimpleData>
            <SimpleData name="Vivienda_L">-24.55050570000</SimpleData>
            <SimpleData name="Vivienda_1">-56.50581850000</SimpleData>
            <SimpleData name="Superficie">0.70000000000</SimpleData>
            <SimpleData name="Situaci_1">Par?metro</SimpleData>
            <SimpleData name="Plantado">NO</SimpleData>
            <SimpleData name="Jornales">0.00000000000</SimpleData>
            <SimpleData name="Monto">0.00000000000</SimpleData>
            <SimpleData name="Grupo_de_p">I-GN-XX-XX-XX</SimpleData>
            <SimpleData name="Estado_del">Activo</SimpleData>
            <SimpleData name="Empresa">Emilio Sol?s Grance</SimpleData>
            <SimpleData name="Lote">I</SimpleData>
            <SimpleData name="Parametro">0.00000000000</SimpleData>
            <SimpleData name="Sup_SIG">0.91363199899</SimpleData>
            <SimpleData name="X">-56.50618229000</SimpleData>
            <SimpleData name="Y">-24.55725519000</SimpleData>
            <SimpleData name="cedula">2809301</SimpleData>
            <SimpleData name="Cédula_1">2809301.00000000000</SimpleData>
            <SimpleData name="Estado_d_1">Activo</SimpleData>
            <SimpleData name="OBJECTID_1">7966</SimpleData>
            <SimpleData name="Shape_Leng">411.48403867200</SimpleData>
            <SimpleData name="Shape_Area">9136.31998989000</SimpleData>
          </SchemaData>
        </ExtendedData>
        <Polygon>
          <outerBoundaryIs>
            <LinearRing>
              <coordinates>
                -56.5058417000699,-24.5578299994521,0
                -56.5064280993029,-24.5579709006098,0
                -56.5065666994902,-24.5566710000167,0
                -56.5058713999201,-24.5566131999031,0
                -56.5058417000699,-24.5578299994521,0
              </coordinates>
            </LinearRing>
          </outerBoundaryIs>
        </Polygon>
      </Placemark>
      <Placemark id="Lote_I.248">
        <ExtendedData>
          <SchemaData schemaUrl="#Lote_I.schema">
            <SimpleData name="Cédula">2944757.00000000000</SimpleData>
            <SimpleData name="Nombres_y_">CATALINA DOMINGUEZ DE ESCOBAR</SimpleData>
            <SimpleData name="Sexo">Mujer</SimpleData>
            <SimpleData name="Cambio_de_">NO</SimpleData>
            <SimpleData name="Titular_se">NO</SimpleData>
            <SimpleData name="ci_UNIF">2944757.00000000000</SimpleData>
            <SimpleData name="Situación">NO</SimpleData>
            <SimpleData name="Comunidad">Campesina</SimpleData>
            <SimpleData name="Modelo_imp">Modelo 1</SimpleData>
            <SimpleData name="Departamen">SAN PEDRO</SimpleData>
            <SimpleData name="Distrito">CHORE</SimpleData>
            <SimpleData name="Localidad">ROSARINO</SimpleData>
            <SimpleData name="Teléfono">0983622621</SimpleData>
            <SimpleData name="Vivienda_L">-24.24392880000</SimpleData>
            <SimpleData name="Vivienda_1">-56.53514000000</SimpleData>
            <SimpleData name="Superficie">0.80000000000</SimpleData>
            <SimpleData name="Situaci_1">Par?metro</SimpleData>
            <SimpleData name="Plantado">NO</SimpleData>
            <SimpleData name="Jornales">0.00000000000</SimpleData>
            <SimpleData name="Monto">0.00000000000</SimpleData>
            <SimpleData name="Grupo_de_p">I-GN-XX-XX-XX</SimpleData>
            <SimpleData name="Estado_del">Activo</SimpleData>
            <SimpleData name="Empresa">Emilio Sol?s Grance</SimpleData>
            <SimpleData name="Lote">I</SimpleData>
            <SimpleData name="Parametro">0.00000000000</SimpleData>
            <SimpleData name="Sup_SIG">0.90785785082</SimpleData>
            <SimpleData name="X">-56.53763679000</SimpleData>
            <SimpleData name="Y">-24.24399593000</SimpleData>
            <SimpleData name="cedula">2944757</SimpleData>
            <SimpleData name="Cédula_1">2944757.00000000000</SimpleData>
            <SimpleData name="Estado_d_1">Activo</SimpleData>
            <SimpleData name="OBJECTID_1">5988</SimpleData>
            <SimpleData name="Shape_Leng">530.62625073600</SimpleData>
            <SimpleData name="Shape_Area">9078.57850818000</SimpleData>
          </SchemaData>
        </ExtendedData>
        <Polygon>
          <outerBoundaryIs>
            <LinearRing>
              <coordinates>
                -56.5365288992776,-24.243838500413,0
                -56.5365578002549,-24.24421579986,0
                -56.5387790997534,-24.2441385997871,0
                -56.5387349994574,-24.2437882994451,0
                -56.5365288992776,-24.243838500413,0
              </coordinates>
            </LinearRing>
          </outerBoundaryIs>
        </Polygon>
      </Placemark>
      <Placemark id="Lote_I.249">
        <ExtendedData>
          <SchemaData schemaUrl="#Lote_I.schema">
            <SimpleData name="Cédula">3431943.00000000000</SimpleData>
            <SimpleData name="Nombres_y_">AMADO ROMERO DUARTE</SimpleData>
            <SimpleData name="Sexo">Hombre</SimpleData>
            <SimpleData name="Cambio_de_">NO</SimpleData>
            <SimpleData name="Titular_se">NO</SimpleData>
            <SimpleData name="ci_UNIF">3431943.00000000000</SimpleData>
            <SimpleData name="Situación">NO</SimpleData>
            <SimpleData name="Comunidad">Campesina</SimpleData>
            <SimpleData name="Modelo_imp">Modelo 5</SimpleData>
            <SimpleData name="Departamen">SAN PEDRO</SimpleData>
            <SimpleData name="Distrito">GUAYAIBI</SimpleData>
            <SimpleData name="Localidad">SAN FRANCISCO</SimpleData>
            <SimpleData name="Vivienda_L">0.00000000000</SimpleData>
            <SimpleData name="Vivienda_1">-24.53106330000</SimpleData>
            <SimpleData name="Superficie">0.70000000000</SimpleData>
            <SimpleData name="Situaci_1">Par?metro</SimpleData>
            <SimpleData name="Plantado">NO</SimpleData>
            <SimpleData name="Jornales">0.00000000000</SimpleData>
            <SimpleData name="Monto">0.00000000000</SimpleData>
            <SimpleData name="Grupo_de_p">I-GN-XX-XX-XX</SimpleData>
            <SimpleData name="Estado_del">Activo</SimpleData>
            <SimpleData name="Empresa">Emilio Sol?s Grance</SimpleData>
            <SimpleData name="Lote">I</SimpleData>
            <SimpleData name="Parametro">0.00000000000</SimpleData>
            <SimpleData name="Sup_SIG">0.72870480771</SimpleData>
            <SimpleData name="X">-56.47440775000</SimpleData>
            <SimpleData name="Y">-24.52854814000</SimpleData>
            <SimpleData name="cedula">3431943</SimpleData>
            <SimpleData name="Cédula_1">3431943.00000000000</SimpleData>
            <SimpleData name="Estado_d_1">Activo</SimpleData>
            <SimpleData name="OBJECTID_1">6394</SimpleData>
            <SimpleData name="Shape_Leng">514.19099318800</SimpleData>
            <SimpleData name="Shape_Area">7287.04807711000</SimpleData>
          </SchemaData>
        </ExtendedData>
        <MultiGeometry>
          <Polygon>
            <outerBoundaryIs>
              <LinearRing>
                <coordinates>
                  -56.4742162999158,-24.5292588002449,0
                  -56.4747094990801,-24.5292329003655,0
                  -56.4745969004172,-24.5280097998374,0
                  -56.4740868994278,-24.5280784000559,0
                  -56.474110199759,-24.5282474002592,0
                  -56.4742067997522,-24.5282978007868,0
                  -56.4742254994862,-24.5283538010947,0
                  -56.4741729005729,-24.5284348011106,0
                  -56.4741423994878,-24.5285674998672,0
                  -56.4741692999297,-24.5287340009669,0
                  -56.474202199983,-24.5287414003751,0
                  -56.474232000335,-24.528813000488,0
                  -56.4742438998582,-24.5288923007052,0
                  -56.4741919999576,-24.528951900522,0
                  -56.4742162999158,-24.5292588002449,0
                </coordinates>
              </LinearRing>
            </outerBoundaryIs>
          </Polygon>
          <Polygon>
            <outerBoundaryIs>
              <LinearRing>
                <coordinates>
                  -56.474111900401,-24.5279012006262,0
                  -56.4745814003177,-24.5278387008686,0
                  -56.4745728997802,-24.527679899961,0
                  -56.4740828000332,-24.527759501117,0
                  -56.474111900401,-24.5279012006262,0
                </coordinates>
              </LinearRing>
            </outerBoundaryIs>
          </Polygon>
        </MultiGeometry>
      </Placemark>
      <Placemark id="Lote_I.250">
        <ExtendedData>
          <SchemaData schemaUrl="#Lote_I.schema">
            <SimpleData name="Cédula">3789534.00000000000</SimpleData>
            <SimpleData name="Nombres_y_">NELSON FERREIRA ROTELA</SimpleData>
            <SimpleData name="Sexo">Hombre</SimpleData>
            <SimpleData name="Cambio_de_">NO</SimpleData>
            <SimpleData name="Titular_se">NO</SimpleData>
            <SimpleData name="ci_UNIF">3789534.00000000000</SimpleData>
            <SimpleData name="Situación">NO</SimpleData>
            <SimpleData name="Comunidad">Campesina</SimpleData>
            <SimpleData name="Modelo_imp">Modelo 4</SimpleData>
            <SimpleData name="Departamen">SAN PEDRO</SimpleData>
            <SimpleData name="Distrito">SAN PABLO KOKUERE</SimpleData>
            <SimpleData name="Localidad">ASENT. PY RENDA</SimpleData>
            <SimpleData name="Teléfono">0982077660</SimpleData>
            <SimpleData name="Vivienda_L">-24.10763940000</SimpleData>
            <SimpleData name="Vivienda_1">-56.81860870000</SimpleData>
            <SimpleData name="Superficie">0.70000000000</SimpleData>
            <SimpleData name="Situaci_1">Par?metro</SimpleData>
            <SimpleData name="Plantado">NO</SimpleData>
            <SimpleData name="Jornales">0.00000000000</SimpleData>
            <SimpleData name="Monto">0.00000000000</SimpleData>
            <SimpleData name="Grupo_de_p">I-GN-XX-XX-XX</SimpleData>
            <SimpleData name="Estado_del">Activo</SimpleData>
            <SimpleData name="Empresa">Emilio Sol?s Grance</SimpleData>
            <SimpleData name="Lote">I</SimpleData>
            <SimpleData name="Parametro">0.00000000000</SimpleData>
            <SimpleData name="Sup_SIG">0.70553583841</SimpleData>
            <SimpleData name="X">-56.81860787000</SimpleData>
            <SimpleData name="Y">-24.10532328000</SimpleData>
            <SimpleData name="cedula">3789534</SimpleData>
            <SimpleData name="Cédula_1">3789534.00000000000</SimpleData>
            <SimpleData name="Estado_d_1">Activo</SimpleData>
            <SimpleData name="OBJECTID_1">6155</SimpleData>
            <SimpleData name="Shape_Leng">422.42489477500</SimpleData>
            <SimpleData name="Shape_Area">7055.35838413000</SimpleData>
          </SchemaData>
        </ExtendedData>
        <Polygon>
          <outerBoundaryIs>
            <LinearRing>
              <coordinates>
                -56.8184154995682,-24.104576800369,0
                -56.8183899998054,-24.106129999878,0
                -56.8187716994688,-24.1060817002436,0
                -56.8188564995755,-24.1045801995192,0
                -56.8184154995682,-24.104576800369,0
              </coordinates>
            </LinearRing>
          </outerBoundaryIs>
        </Polygon>
      </Placemark>
      <Placemark id="Lote_I.251">
        <ExtendedData>
          <SchemaData schemaUrl="#Lote_I.schema">
            <SimpleData name="Cédula">4052959.00000000000</SimpleData>
            <SimpleData name="Nombres_y_">NANCI ESTELA CA?ETE ORTIZ</SimpleData>
            <SimpleData name="Sexo">Mujer</SimpleData>
            <SimpleData name="Cambio_de_">NO</SimpleData>
            <SimpleData name="Titular_se">NO</SimpleData>
            <SimpleData name="ci_UNIF">4052959.00000000000</SimpleData>
            <SimpleData name="Situación">NO</SimpleData>
            <SimpleData name="Comunidad">Campesina</SimpleData>
            <SimpleData name="Modelo_imp">Modelo 3</SimpleData>
            <SimpleData name="Departamen">SAN PEDRO</SimpleData>
            <SimpleData name="Distrito">SAN PABLO KOKUERE</SimpleData>
            <SimpleData name="Localidad">CALLE ARROYO</SimpleData>
            <SimpleData name="Teléfono">0982174422</SimpleData>
            <SimpleData name="Vivienda_L">-24.14820790000</SimpleData>
            <SimpleData name="Vivienda_1">-56.86125630000</SimpleData>
            <SimpleData name="Superficie">1.00000000000</SimpleData>
            <SimpleData name="Situaci_1">Par?metro</SimpleData>
            <SimpleData name="Plantado">NO</SimpleData>
            <SimpleData name="Jornales">0.00000000000</SimpleData>
            <SimpleData name="Monto">0.00000000000</SimpleData>
            <SimpleData name="Grupo_de_p">I-GN-XX-XX-XX</SimpleData>
            <SimpleData name="Estado_del">Activo</SimpleData>
            <SimpleData name="Empresa">Emilio Sol?s Grance</SimpleData>
            <SimpleData name="Lote">I</SimpleData>
            <SimpleData name="Parametro">0.00000000000</SimpleData>
            <SimpleData name="Sup_SIG">1.23990925575</SimpleData>
            <SimpleData name="X">-56.86108969000</SimpleData>
            <SimpleData name="Y">-24.15334391000</SimpleData>
            <SimpleData name="cedula">4052959</SimpleData>
            <SimpleData name="Cédula_1">4052959.00000000000</SimpleData>
            <SimpleData name="Estado_d_1">Activo</SimpleData>
            <SimpleData name="OBJECTID_1">6179</SimpleData>
            <SimpleData name="Shape_Leng">446.39990410700</SimpleData>
            <SimpleData name="Shape_Area">12399.09255750000</SimpleData>
          </SchemaData>
        </ExtendedData>
        <Polygon>
          <outerBoundaryIs>
            <LinearRing>
              <coordinates>
                -56.8605769002181,-24.1538662003058,0
                -56.8615463003325,-24.1538950995467,0
                -56.8616870995594,-24.152864700132,0
                -56.8605534000405,-24.1528049002106,0
                -56.8605769002181,-24.1538662003058,0
              </coordinates>
            </LinearRing>
          </outerBoundaryIs>
        </Polygon>
      </Placemark>
      <Placemark id="Lote_I.252">
        <ExtendedData>
          <SchemaData schemaUrl="#Lote_I.schema">
            <SimpleData name="Cédula">4416263.00000000000</SimpleData>
            <SimpleData name="Nombres_y_">BERNARDA EMILIANA ARMOA</SimpleData>
            <SimpleData name="Sexo">Mujer</SimpleData>
            <SimpleData name="Cambio_de_">NO</SimpleData>
            <SimpleData name="Titular_se">NO</SimpleData>
            <SimpleData name="ci_UNIF">4416263.00000000000</SimpleData>
            <SimpleData name="Situación">NO</SimpleData>
            <SimpleData name="Comunidad">Campesina</SimpleData>
            <SimpleData name="Modelo_imp">Modelo 5</SimpleData>
            <SimpleData name="Departamen">SAN PEDRO</SimpleData>
            <SimpleData name="Distrito">GUAYAIBI</SimpleData>
            <SimpleData name="Localidad">CALLE 2000</SimpleData>
            <SimpleData name="Teléfono">0974579493</SimpleData>
            <SimpleData name="Vivienda_L">-24.54879000000</SimpleData>
            <SimpleData name="Vivienda_1">-56.41746980000</SimpleData>
            <SimpleData name="Superficie">0.70000000000</SimpleData>
            <SimpleData name="Situaci_1">Par?metro</SimpleData>
            <SimpleData name="Plantado">NO</SimpleData>
            <SimpleData name="Jornales">0.00000000000</SimpleData>
            <SimpleData name="Monto">0.00000000000</SimpleData>
            <SimpleData name="Grupo_de_p">I-GN-XX-XX-XX</SimpleData>
            <SimpleData name="Estado_del">Activo</SimpleData>
            <SimpleData name="Empresa">Emilio Sol?s Grance</SimpleData>
            <SimpleData name="Lote">I</SimpleData>
            <SimpleData name="Parametro">0.00000000000</SimpleData>
            <SimpleData name="Sup_SIG">0.88600507023</SimpleData>
            <SimpleData name="X">-56.41679574000</SimpleData>
            <SimpleData name="Y">-24.54404113000</SimpleData>
            <SimpleData name="cedula">4416263</SimpleData>
            <SimpleData name="Cédula_1">4416263.00000000000</SimpleData>
            <SimpleData name="Estado_d_1">Activo</SimpleData>
            <SimpleData name="OBJECTID_1">6017</SimpleData>
            <SimpleData name="Shape_Leng">387.53079706600</SimpleData>
            <SimpleData name="Shape_Area">8860.05070229000</SimpleData>
          </SchemaData>
        </ExtendedData>
        <Polygon>
          <outerBoundaryIs>
            <LinearRing>
              <coordinates>
                -56.4164096998982,-24.5435075005348,0
                -56.4164540006807,-24.5445984998834,0
                -56.4171657003488,-24.5445740998321,0
                -56.4171585000965,-24.5435024003703,0
                -56.4164096998982,-24.5435075005348,0
              </coordinates>
            </LinearRing>
          </outerBoundaryIs>
        </Polygon>
      </Placemark>
      <Placemark id="Lote_I.253">
        <ExtendedData>
          <SchemaData schemaUrl="#Lote_I.schema">
            <SimpleData name="Cédula">4440114.00000000000</SimpleData>
            <SimpleData name="Nombres_y_">JULIA LOPEZ LOPEZ</SimpleData>
            <SimpleData name="Sexo">Mujer</SimpleData>
            <SimpleData name="Cambio_de_">NO</SimpleData>
            <SimpleData name="Titular_se">NO</SimpleData>
            <SimpleData name="ci_UNIF">4440114.00000000000</SimpleData>
            <SimpleData name="Situación">NO</SimpleData>
            <SimpleData name="Comunidad">Campesina</SimpleData>
            <SimpleData name="Modelo_imp">Modelo 4</SimpleData>
            <SimpleData name="Departamen">SAN PEDRO</SimpleData>
            <SimpleData name="Distrito">CRUCE LIBERACION</SimpleData>
            <SimpleData name="Localidad">BARRIO SANTA LUCIA</SimpleData>
            <SimpleData name="Teléfono">0981045695</SimpleData>
            <SimpleData name="Vivienda_L">-24.17648630000</SimpleData>
            <SimpleData name="Vivienda_1">-56.47251420000</SimpleData>
            <SimpleData name="Superficie">0.70000000000</SimpleData>
            <SimpleData name="Situaci_1">Par?metro</SimpleData>
            <SimpleData name="Plantado">NO</SimpleData>
            <SimpleData name="Jornales">0.00000000000</SimpleData>
            <SimpleData name="Monto">0.00000000000</SimpleData>
            <SimpleData name="Grupo_de_p">I-GN-XX-XX-XX</SimpleData>
            <SimpleData name="Estado_del">Activo</SimpleData>
            <SimpleData name="Empresa">Emilio Sol?s Grance</SimpleData>
            <SimpleData name="Lote">I</SimpleData>
            <SimpleData name="Parametro">0.00000000000</SimpleData>
            <SimpleData name="Sup_SIG">0.73668159289</SimpleData>
            <SimpleData name="X">-56.47412392000</SimpleData>
            <SimpleData name="Y">-24.17560200000</SimpleData>
            <SimpleData name="cedula">4440114</SimpleData>
            <SimpleData name="Cédula_1">4440114.00000000000</SimpleData>
            <SimpleData name="Estado_d_1">Activo</SimpleData>
            <SimpleData name="OBJECTID_1">6004</SimpleData>
            <SimpleData name="Shape_Leng">407.22108316000</SimpleData>
            <SimpleData name="Shape_Area">7366.81592886000</SimpleData>
          </SchemaData>
        </ExtendedData>
        <Polygon>
          <outerBoundaryIs>
            <LinearRing>
              <coordinates>
                -56.4737682997629,-24.1762679000632,0
                -56.4742173999969,-24.1763372998818,0
                -56.4744867000558,-24.1749350002456,0
                -56.4740180994525,-24.1748835001259,0
                -56.4737682997629,-24.1762679000632,0
              </coordinates>
            </LinearRing>
          </outerBoundaryIs>
        </Polygon>
      </Placemark>
      <Placemark id="Lote_I.254">
        <ExtendedData>
          <SchemaData schemaUrl="#Lote_I.schema">
            <SimpleData name="Cédula">4889098.00000000000</SimpleData>
            <SimpleData name="Nombres_y_">ELIZABETH ESPINOLA BERNAL</SimpleData>
            <SimpleData name="Sexo">Mujer</SimpleData>
            <SimpleData name="Cambio_de_">NO</SimpleData>
            <SimpleData name="Titular_se">NO</SimpleData>
            <SimpleData name="ci_UNIF">4889098.00000000000</SimpleData>
            <SimpleData name="Situación">NO</SimpleData>
            <SimpleData name="Comunidad">Campesina</SimpleData>
            <SimpleData name="Modelo_imp">Modelo 1</SimpleData>
            <SimpleData name="Departamen">SAN PEDRO</SimpleData>
            <SimpleData name="Distrito">GUAYAIBI</SimpleData>
            <SimpleData name="Localidad">4000 TACUAPI</SimpleData>
            <SimpleData name="Teléfono">0973585245</SimpleData>
            <SimpleData name="Vivienda_L">-24.56807780000</SimpleData>
            <SimpleData name="Vivienda_1">-56.47968160000</SimpleData>
            <SimpleData name="Superficie">0.80000000000</SimpleData>
            <SimpleData name="Situaci_1">Par?metro</SimpleData>
            <SimpleData name="Plantado">NO</SimpleData>
            <SimpleData name="Jornales">0.00000000000</SimpleData>
            <SimpleData name="Monto">0.00000000000</SimpleData>
            <SimpleData name="Grupo_de_p">I-GN-XX-XX-XX</SimpleData>
            <SimpleData name="Estado_del">Activo</SimpleData>
            <SimpleData name="Empresa">Emilio Sol?s Grance</SimpleData>
            <SimpleData name="Lote">I</SimpleData>
            <SimpleData name="Parametro">0.00000000000</SimpleData>
            <SimpleData name="Sup_SIG">1.02990242318</SimpleData>
            <SimpleData name="X">-56.47953915000</SimpleData>
            <SimpleData name="Y">-24.57407780000</SimpleData>
            <SimpleData name="cedula">4889098</SimpleData>
            <SimpleData name="Cédula_1">4889098.00000000000</SimpleData>
            <SimpleData name="Estado_d_1">Activo</SimpleData>
            <SimpleData name="OBJECTID_1">7970</SimpleData>
            <SimpleData name="Shape_Leng">525.16083713300</SimpleData>
            <SimpleData name="Shape_Area">10299.02423180000</SimpleData>
          </SchemaData>
        </ExtendedData>
        <Polygon>
          <outerBoundaryIs>
            <LinearRing>
              <coordinates>
                -56.4793032000738,-24.5731004994582,0
                -56.4793020995487,-24.5750511999689,0
                -56.4797752995805,-24.5750432994906,0
                -56.4797781005804,-24.5731185997192,0
                -56.4793032000738,-24.5731004994582,0
              </coordinates>
            </LinearRing>
          </outerBoundaryIs>
        </Polygon>
      </Placemark>
      <Placemark id="Lote_I.255">
        <ExtendedData>
          <SchemaData schemaUrl="#Lote_I.schema">
            <SimpleData name="Cédula">4917904.00000000000</SimpleData>
            <SimpleData name="Nombres_y_">JACINTA BARRETO RAMIREZ</SimpleData>
            <SimpleData name="Sexo">Mujer</SimpleData>
            <SimpleData name="Cambio_de_">NO</SimpleData>
            <SimpleData name="Titular_se">NO</SimpleData>
            <SimpleData name="ci_UNIF">4917904.00000000000</SimpleData>
            <SimpleData name="Situación">NO</SimpleData>
            <SimpleData name="Comunidad">Campesina</SimpleData>
            <SimpleData name="Modelo_imp">Modelo 5</SimpleData>
            <SimpleData name="Departamen">SAN PEDRO</SimpleData>
            <SimpleData name="Distrito">GUAYAIBI</SimpleData>
            <SimpleData name="Localidad">ASENT. 7 DE ABRIL LUZ BELLA</SimpleData>
            <SimpleData name="Teléfono">982807297</SimpleData>
            <SimpleData name="Vivienda_L">-24.23834570000</SimpleData>
            <SimpleData name="Vivienda_1">-56.18018360000</SimpleData>
            <SimpleData name="Superficie">0.70000000000</SimpleData>
            <SimpleData name="Situaci_1">Par?metro</SimpleData>
            <SimpleData name="Plantado">NO</SimpleData>
            <SimpleData name="Jornales">0.00000000000</SimpleData>
            <SimpleData name="Monto">0.00000000000</SimpleData>
            <SimpleData name="Grupo_de_p">I-GN-XX-XX-XX</SimpleData>
            <SimpleData name="Estado_del">Activo</SimpleData>
            <SimpleData name="Empresa">Emilio Sol?s Grance</SimpleData>
            <SimpleData name="Lote">I</SimpleData>
            <SimpleData name="Parametro">0.00000000000</SimpleData>
            <SimpleData name="Sup_SIG">0.81652914098</SimpleData>
            <SimpleData name="X">-56.18808295000</SimpleData>
            <SimpleData name="Y">-24.23791311000</SimpleData>
            <SimpleData name="cedula">4917904</SimpleData>
            <SimpleData name="Cédula_1">4917904.00000000000</SimpleData>
            <SimpleData name="Estado_d_1">Activo</SimpleData>
            <SimpleData name="OBJECTID_1">5035</SimpleData>
            <SimpleData name="Shape_Leng">581.99490139700</SimpleData>
            <SimpleData name="Shape_Area">8165.29140982000</SimpleData>
          </SchemaData>
        </ExtendedData>
        <Polygon>
          <outerBoundaryIs>
            <LinearRing>
              <coordinates>
                -56.1887263001408,-24.2377749003281,0
                -56.1884935996765,-24.2378315998128,0
                -56.1883550002398,-24.2377313003688,0
                -56.1870408999585,-24.2377824995579,0
                -56.1870839994297,-24.2381833003585,0
                -56.1879765998441,-24.2381559000529,0
                -56.1880531001821,-24.2380326999209,0
                -56.188397700159,-24.2380051994305,0
                -56.1886366999866,-24.2379864998931,0
                -56.1891400005742,-24.2379799999614,0
                -56.1891312005089,-24.2378598001917,0
                -56.1894417003647,-24.2378950004003,0
                -56.1894296998442,-24.2376595997803,0
                -56.1890913996977,-24.237678999808,0
                -56.1890117005312,-24.2377160997253,0
                -56.1888420994009,-24.2377378999457,0
                -56.1887263001408,-24.2377749003281,0
              </coordinates>
            </LinearRing>
          </outerBoundaryIs>
        </Polygon>
      </Placemark>
      <Placemark id="Lote_I.256">
        <ExtendedData>
          <SchemaData schemaUrl="#Lote_I.schema">
            <SimpleData name="Cédula">5793796.00000000000</SimpleData>
            <SimpleData name="Nombres_y_">LIDIA JARA BRACHO</SimpleData>
            <SimpleData name="Sexo">Mujer</SimpleData>
            <SimpleData name="Cambio_de_">NO</SimpleData>
            <SimpleData name="Titular_se">NO</SimpleData>
            <SimpleData name="ci_UNIF">5793796.00000000000</SimpleData>
            <SimpleData name="Situación">NO</SimpleData>
            <SimpleData name="Comunidad">Campesina</SimpleData>
            <SimpleData name="Modelo_imp">Modelo 5</SimpleData>
            <SimpleData name="Departamen">SAN PEDRO</SimpleData>
            <SimpleData name="Distrito">CHORE</SimpleData>
            <SimpleData name="Localidad">ROSARINO</SimpleData>
            <SimpleData name="Teléfono">0983027999</SimpleData>
            <SimpleData name="Vivienda_L">-24.21150450000</SimpleData>
            <SimpleData name="Vivienda_1">-56.53350990000</SimpleData>
            <SimpleData name="Superficie">0.70000000000</SimpleData>
            <SimpleData name="Situaci_1">Par?metro</SimpleData>
            <SimpleData name="Plantado">NO</SimpleData>
            <SimpleData name="Jornales">0.00000000000</SimpleData>
            <SimpleData name="Monto">0.00000000000</SimpleData>
            <SimpleData name="Grupo_de_p">I-GN-XX-XX-XX</SimpleData>
            <SimpleData name="Estado_del">Activo</SimpleData>
            <SimpleData name="Empresa">Emilio Sol?s Grance</SimpleData>
            <SimpleData name="Lote">I</SimpleData>
            <SimpleData name="Parametro">0.00000000000</SimpleData>
            <SimpleData name="Sup_SIG">0.71582937551</SimpleData>
            <SimpleData name="X">-56.52860476000</SimpleData>
            <SimpleData name="Y">-24.21158637000</SimpleData>
            <SimpleData name="cedula">5793796</SimpleData>
            <SimpleData name="Cédula_1">5793796.00000000000</SimpleData>
            <SimpleData name="Estado_d_1">Activo</SimpleData>
            <SimpleData name="OBJECTID_1">5981</SimpleData>
            <SimpleData name="Shape_Leng">402.86767316900</SimpleData>
            <SimpleData name="Shape_Area">7158.29375509000</SimpleData>
          </SchemaData>
        </ExtendedData>
        <Polygon>
          <outerBoundaryIs>
            <LinearRing>
              <coordinates>
                -56.5278307996013,-24.2113933993466,0
                -56.5278785996329,-24.2118310991847,0
                -56.5293960999376,-24.2117569001382,0
                -56.529368899098,-24.2113637000779,0
                -56.5278307996013,-24.2113933993466,0
              </coordinates>
            </LinearRing>
          </outerBoundaryIs>
        </Polygon>
      </Placemark>
      <Placemark id="Lote_I.257">
        <ExtendedData>
          <SchemaData schemaUrl="#Lote_I.schema">
            <SimpleData name="Cédula">6059727.00000000000</SimpleData>
            <SimpleData name="Nombres_y_">NOELIA GONZALEZ LUGO</SimpleData>
            <SimpleData name="Sexo">Mujer</SimpleData>
            <SimpleData name="Cambio_de_">NO</SimpleData>
            <SimpleData name="Titular_se">NO</SimpleData>
            <SimpleData name="ci_UNIF">6059727.00000000000</SimpleData>
            <SimpleData name="Situación">NO</SimpleData>
            <SimpleData name="Comunidad">Campesina</SimpleData>
            <SimpleData name="Modelo_imp">Modelo 5</SimpleData>
            <SimpleData name="Departamen">SAN PEDRO</SimpleData>
            <SimpleData name="Distrito">CHORE</SimpleData>
            <SimpleData name="Localidad">NUCLEAR 3</SimpleData>
            <SimpleData name="Teléfono">0971489181</SimpleData>
            <SimpleData name="Vivienda_L">-24.22401500000</SimpleData>
            <SimpleData name="Vivienda_1">-56.55218830000</SimpleData>
            <SimpleData name="Superficie">0.70000000000</SimpleData>
            <SimpleData name="Situaci_1">Parametro</SimpleData>
            <SimpleData name="Plantado">NO</SimpleData>
            <SimpleData name="Jornales">0.00000000000</SimpleData>
            <SimpleData name="Monto">0.00000000000</SimpleData>
            <SimpleData name="Grupo_de_p">I-GN-XX-XX-XX</SimpleData>
            <SimpleData name="Estado_del">Activo</SimpleData>
            <SimpleData name="Empresa">Emilio Sol?s Grance</SimpleData>
            <SimpleData name="Lote">I</SimpleData>
            <SimpleData name="Parametro">0.00000000000</SimpleData>
            <SimpleData name="Sup_SIG">0.70267567619</SimpleData>
            <SimpleData name="X">-56.55123982000</SimpleData>
            <SimpleData name="Y">-24.23061363000</SimpleData>
            <SimpleData name="cedula">6059727</SimpleData>
            <SimpleData name="Cédula_1">6059727.00000000000</SimpleData>
            <SimpleData name="Estado_d_1">Activo</SimpleData>
            <SimpleData name="OBJECTID_1">6408</SimpleData>
            <SimpleData name="Shape_Leng">384.98431294300</SimpleData>
            <SimpleData name="Shape_Area">7026.75676185000</SimpleData>
          </SchemaData>
        </ExtendedData>
        <Polygon>
          <outerBoundaryIs>
            <LinearRing>
              <coordinates>
                -56.5506903997313,-24.2310358996093,0
                -56.5511864004479,-24.231280799427,0
                -56.5517605008361,-24.2300765003059,0
                -56.5513868998203,-24.2299328007815,0
                -56.5506903997313,-24.2310358996093,0
              </coordinates>
            </LinearRing>
          </outerBoundaryIs>
        </Polygon>
      </Placemark>
      <Placemark id="Lote_I.258">
        <ExtendedData>
          <SchemaData schemaUrl="#Lote_I.schema">
            <SimpleData name="Cédula">6594604.00000000000</SimpleData>
            <SimpleData name="Nombres_y_">CRISTINA CARDOZO BALMACEDA</SimpleData>
            <SimpleData name="Sexo">Mujer</SimpleData>
            <SimpleData name="Cambio_de_">NO</SimpleData>
            <SimpleData name="Titular_se">NO</SimpleData>
            <SimpleData name="ci_UNIF">6594604.00000000000</SimpleData>
            <SimpleData name="Situación">NO</SimpleData>
            <SimpleData name="Comunidad">Campesina</SimpleData>
            <SimpleData name="Modelo_imp">Modelo 1</SimpleData>
            <SimpleData name="Departamen">SAN PEDRO</SimpleData>
            <SimpleData name="Distrito">CHORE</SimpleData>
            <SimpleData name="Localidad">NUCLEAR 3</SimpleData>
            <SimpleData name="Teléfono">0986865084</SimpleData>
            <SimpleData name="Vivienda_L">-24.23576830000</SimpleData>
            <SimpleData name="Vivienda_1">-56.55426830000</SimpleData>
            <SimpleData name="Superficie">0.80000000000</SimpleData>
            <SimpleData name="Situaci_1">Par?metro</SimpleData>
            <SimpleData name="Plantado">NO</SimpleData>
            <SimpleData name="Jornales">0.00000000000</SimpleData>
            <SimpleData name="Monto">0.00000000000</SimpleData>
            <SimpleData name="Grupo_de_p">I-GN-XX-XX-XX</SimpleData>
            <SimpleData name="Estado_del">Activo</SimpleData>
            <SimpleData name="Empresa">Emilio Sol?s Grance</SimpleData>
            <SimpleData name="Lote">I</SimpleData>
            <SimpleData name="Parametro">0.00000000000</SimpleData>
            <SimpleData name="Sup_SIG">0.80238449742</SimpleData>
            <SimpleData name="X">-56.55144264000</SimpleData>
            <SimpleData name="Y">-24.23772589000</SimpleData>
            <SimpleData name="cedula">6594604</SimpleData>
            <SimpleData name="Cédula_1">6594604.00000000000</SimpleData>
            <SimpleData name="Estado_d_1">Activo</SimpleData>
            <SimpleData name="OBJECTID_1">5997</SimpleData>
            <SimpleData name="Shape_Leng">367.40009990400</SimpleData>
            <SimpleData name="Shape_Area">8023.84497417000</SimpleData>
          </SchemaData>
        </ExtendedData>
        <Polygon>
          <outerBoundaryIs>
            <LinearRing>
              <coordinates>
                -56.5508122997849,-24.2378949004854,0
                -56.5519031999972,-24.2381833003965,0
                -56.552014399395,-24.2374660006442,0
                -56.5509670999934,-24.2373296996545,0
                -56.5508122997849,-24.2378949004854,0
              </coordinates>
            </LinearRing>
          </outerBoundaryIs>
        </Polygon>
      </Placemark>
      <Placemark id="Lote_I.259">
        <ExtendedData>
          <SchemaData schemaUrl="#Lote_I.schema">
            <SimpleData name="Cédula">6604957.00000000000</SimpleData>
            <SimpleData name="Nombres_y_">ALBA EDIT CABA?AS ROMERO</SimpleData>
            <SimpleData name="Sexo">Mujer</SimpleData>
            <SimpleData name="Cambio_de_">NO</SimpleData>
            <SimpleData name="Titular_se">NO</SimpleData>
            <SimpleData name="ci_UNIF">6604957.00000000000</SimpleData>
            <SimpleData name="Situación">NO</SimpleData>
            <SimpleData name="Comunidad">Campesina</SimpleData>
            <SimpleData name="Modelo_imp">Modelo 1</SimpleData>
            <SimpleData name="Departamen">SAN PEDRO</SimpleData>
            <SimpleData name="Distrito">CHORE</SimpleData>
            <SimpleData name="Localidad">COL. INDUSTRIAL CUE</SimpleData>
            <SimpleData name="Teléfono">0983450544</SimpleData>
            <SimpleData name="Vivienda_L">-24.17080640000</SimpleData>
            <SimpleData name="Vivienda_1">-56.53632880000</SimpleData>
            <SimpleData name="Superficie">0.80000000000</SimpleData>
            <SimpleData name="Situaci_1">Par?metro</SimpleData>
            <SimpleData name="Plantado">NO</SimpleData>
            <SimpleData name="Jornales">0.00000000000</SimpleData>
            <SimpleData name="Monto">0.00000000000</SimpleData>
            <SimpleData name="Grupo_de_p">I-GN-XX-XX-XX</SimpleData>
            <SimpleData name="Estado_del">Inactivo</SimpleData>
            <SimpleData name="Empresa">Emilio Sol?s Grance</SimpleData>
            <SimpleData name="Lote">I</SimpleData>
            <SimpleData name="Parametro">0.00000000000</SimpleData>
            <SimpleData name="Sup_SIG">0.81595238915</SimpleData>
            <SimpleData name="X">-56.53614157000</SimpleData>
            <SimpleData name="Y">-24.16952963000</SimpleData>
            <SimpleData name="cedula">6604957</SimpleData>
            <SimpleData name="Cédula_1">6604957.00000000000</SimpleData>
            <SimpleData name="Estado_d_1">Activo</SimpleData>
            <SimpleData name="OBJECTID_1">7965</SimpleData>
            <SimpleData name="Shape_Leng">476.08654150400</SimpleData>
            <SimpleData name="Shape_Area">8159.52389151000</SimpleData>
          </SchemaData>
        </ExtendedData>
        <Polygon>
          <outerBoundaryIs>
            <LinearRing>
              <coordinates>
                -56.5352046001102,-24.1692086998776,0
                -56.5352314998201,-24.1694004999574,0
                -56.5358553001042,-24.1692925003679,0
                -56.5360182998575,-24.1700399995064,0
                -56.536736699769,-24.170009999898,0
                -56.5364104999846,-24.1690694998126,0
                -56.5352046001102,-24.1692086998776,0
              </coordinates>
            </LinearRing>
          </outerBoundaryIs>
        </Polygon>
      </Placemark>
      <Placemark id="Lote_I.260">
        <ExtendedData>
          <SchemaData schemaUrl="#Lote_I.schema">
            <SimpleData name="Cédula">6752355.00000000000</SimpleData>
            <SimpleData name="Nombres_y_">AMELIA ELIZABETH PERALTA ESPINOLA</SimpleData>
            <SimpleData name="Sexo">Mujer</SimpleData>
            <SimpleData name="Cambio_de_">NO</SimpleData>
            <SimpleData name="Titular_se">NO</SimpleData>
            <SimpleData name="ci_UNIF">6752355.00000000000</SimpleData>
            <SimpleData name="Situación">NO</SimpleData>
            <SimpleData name="Comunidad">Campesina</SimpleData>
            <SimpleData name="Modelo_imp">Modelo 4</SimpleData>
            <SimpleData name="Departamen">SAN PEDRO</SimpleData>
            <SimpleData name="Distrito">SAN PABLO KOKUERE</SimpleData>
            <SimpleData name="Localidad">CERRITO 2DO</SimpleData>
            <SimpleData name="Teléfono">0982181180</SimpleData>
            <SimpleData name="Vivienda_L">-24.12780980000</SimpleData>
            <SimpleData name="Vivienda_1">-56.87774020000</SimpleData>
            <SimpleData name="Superficie">0.70000000000</SimpleData>
            <SimpleData name="Situaci_1">Par?metro</SimpleData>
            <SimpleData name="Plantado">NO</SimpleData>
            <SimpleData name="Jornales">0.00000000000</SimpleData>
            <SimpleData name="Monto">0.00000000000</SimpleData>
            <SimpleData name="Grupo_de_p">I-GN-XX-XX-XX</SimpleData>
            <SimpleData name="Estado_del">Activo</SimpleData>
            <SimpleData name="Empresa">Emilio Sol?s Grance</SimpleData>
            <SimpleData name="Lote">I</SimpleData>
            <SimpleData name="Parametro">0.00000000000</SimpleData>
            <SimpleData name="Sup_SIG">1.10148589304</SimpleData>
            <SimpleData name="X">-56.87836478000</SimpleData>
            <SimpleData name="Y">-24.12170327000</SimpleData>
            <SimpleData name="cedula">6752355</SimpleData>
            <SimpleData name="Cédula_1">6752355.00000000000</SimpleData>
            <SimpleData name="Estado_d_1">Activo</SimpleData>
            <SimpleData name="OBJECTID_1">6170</SimpleData>
            <SimpleData name="Shape_Leng">420.16793615700</SimpleData>
            <SimpleData name="Shape_Area">11014.85893040000</SimpleData>
          </SchemaData>
        </ExtendedData>
        <Polygon>
          <outerBoundaryIs>
            <LinearRing>
              <coordinates>
                -56.8778066999585,-24.1221167002887,0
                -56.8787867005067,-24.122235000851,0
                -56.8789763376166,-24.121309424622,0
                -56.8778816997249,-24.1211854996953,0
                -56.8778066999585,-24.1221167002887,0
              </coordinates>
            </LinearRing>
          </outerBoundaryIs>
        </Polygon>
      </Placemark>
      <Placemark id="Lote_I.261">
        <ExtendedData>
          <SchemaData schemaUrl="#Lote_I.schema">
            <SimpleData name="Cédula">6914232.00000000000</SimpleData>
            <SimpleData name="Nombres_y_">CLARA MABEL GONZALEZ GONZALEZ</SimpleData>
            <SimpleData name="Sexo">Mujer</SimpleData>
            <SimpleData name="Cambio_de_">NO</SimpleData>
            <SimpleData name="Titular_se">NO</SimpleData>
            <SimpleData name="ci_UNIF">6914232.00000000000</SimpleData>
            <SimpleData name="Situación">NO</SimpleData>
            <SimpleData name="Comunidad">Campesina</SimpleData>
            <SimpleData name="Modelo_imp">Modelo 5</SimpleData>
            <SimpleData name="Departamen">SAN PEDRO</SimpleData>
            <SimpleData name="Distrito">GUAYAIBI</SimpleData>
            <SimpleData name="Localidad">4000 TACUAPI</SimpleData>
            <SimpleData name="Teléfono">0971741239</SimpleData>
            <SimpleData name="Vivienda_L">-24.56876730000</SimpleData>
            <SimpleData name="Vivienda_1">-56.46342460000</SimpleData>
            <SimpleData name="Superficie">0.70000000000</SimpleData>
            <SimpleData name="Situaci_1">Par?metro</SimpleData>
            <SimpleData name="Plantado">NO</SimpleData>
            <SimpleData name="Jornales">0.00000000000</SimpleData>
            <SimpleData name="Monto">0.00000000000</SimpleData>
            <SimpleData name="Grupo_de_p">I-GN-XX-XX-XX</SimpleData>
            <SimpleData name="Estado_del">Activo</SimpleData>
            <SimpleData name="Empresa">Emilio Sol?s Grance</SimpleData>
            <SimpleData name="Lote">I</SimpleData>
            <SimpleData name="Parametro">0.00000000000</SimpleData>
            <SimpleData name="Sup_SIG">0.71272153040</SimpleData>
            <SimpleData name="X">-56.46350851000</SimpleData>
            <SimpleData name="Y">-24.57126050000</SimpleData>
            <SimpleData name="cedula">6914232</SimpleData>
            <SimpleData name="Cédula_1">6914232.00000000000</SimpleData>
            <SimpleData name="Estado_d_1">Activo</SimpleData>
            <SimpleData name="OBJECTID_1">7969</SimpleData>
            <SimpleData name="Shape_Leng">345.88528454100</SimpleData>
            <SimpleData name="Shape_Area">7127.21530400000</SimpleData>
          </SchemaData>
        </ExtendedData>
        <Polygon>
          <outerBoundaryIs>
            <LinearRing>
              <coordinates>
                -56.4631586001171,-24.5708944993409,0
                -56.4631300997461,-24.5717163001496,0
                -56.4638807997177,-24.5716764004585,0
                -56.4638517002092,-24.5708099999755,0
                -56.463313799278,-24.5707746002519,0
                -56.4633113006771,-24.5708886997366,0
                -56.4631586001171,-24.5708944993409,0
              </coordinates>
            </LinearRing>
          </outerBoundaryIs>
        </Polygon>
      </Placemark>
      <Placemark id="Lote_I.262">
        <ExtendedData>
          <SchemaData schemaUrl="#Lote_I.schema">
            <SimpleData name="Cédula">7020502.00000000000</SimpleData>
            <SimpleData name="Nombres_y_">MEIDEL FLEITAS CHAVEZ</SimpleData>
            <SimpleData name="Sexo">Mujer</SimpleData>
            <SimpleData name="Cambio_de_">NO</SimpleData>
            <SimpleData name="Titular_se">NO</SimpleData>
            <SimpleData name="ci_UNIF">7020502.00000000000</SimpleData>
            <SimpleData name="Situación">NO</SimpleData>
            <SimpleData name="Comunidad">Campesina</SimpleData>
            <SimpleData name="Modelo_imp">Modelo 5</SimpleData>
            <SimpleData name="Departamen">SAN PEDRO</SimpleData>
            <SimpleData name="Distrito">GUAYAIBI</SimpleData>
            <SimpleData name="Localidad">7 DE ABRIL (COLONIA LUZ BELLA)</SimpleData>
            <SimpleData name="Teléfono">0986657868</SimpleData>
            <SimpleData name="Vivienda_L">-24.23841700000</SimpleData>
            <SimpleData name="Vivienda_1">-56.18022750000</SimpleData>
            <SimpleData name="Superficie">0.70000000000</SimpleData>
            <SimpleData name="Situaci_1">Par?metro</SimpleData>
            <SimpleData name="Plantado">NO</SimpleData>
            <SimpleData name="Jornales">0.00000000000</SimpleData>
            <SimpleData name="Monto">0.00000000000</SimpleData>
            <SimpleData name="Grupo_de_p">I-GN-XX-XX-XX</SimpleData>
            <SimpleData name="Estado_del">Activo</SimpleData>
            <SimpleData name="Empresa">Emilio Sol?s Grance</SimpleData>
            <SimpleData name="Lote">I</SimpleData>
            <SimpleData name="Parametro">0.00000000000</SimpleData>
            <SimpleData name="Sup_SIG">0.69816551887</SimpleData>
            <SimpleData name="X">-56.19031863000</SimpleData>
            <SimpleData name="Y">-24.23783695000</SimpleData>
            <SimpleData name="cedula">7020502</SimpleData>
            <SimpleData name="Cédula_1">7020502.00000000000</SimpleData>
            <SimpleData name="Estado_d_1">Activo</SimpleData>
            <SimpleData name="OBJECTID_1">5034</SimpleData>
            <SimpleData name="Shape_Leng">409.21952031500</SimpleData>
            <SimpleData name="Shape_Area">6981.65518874000</SimpleData>
          </SchemaData>
        </ExtendedData>
        <Polygon>
          <outerBoundaryIs>
            <LinearRing>
              <coordinates>
                -56.1895746006779,-24.2380682991667,0
                -56.1896086998915,-24.2381015997988,0
                -56.1905107997499,-24.2380066992399,0
                -56.1910955997167,-24.2379899005945,0
                -56.1910941000544,-24.2376271001323,0
                -56.1910434999112,-24.2375865005429,0
                -56.1897354002455,-24.2376535003029,0
                -56.1897241001438,-24.2377921001965,0
                -56.1894785002219,-24.2378450991863,0
                -56.1894716994495,-24.2380266998499,0
                -56.1895746006779,-24.2380682991667,0
              </coordinates>
            </LinearRing>
          </outerBoundaryIs>
        </Polygon>
      </Placemark>
      <Placemark id="Lote_I.263">
        <ExtendedData>
          <SchemaData schemaUrl="#Lote_I.schema">
            <SimpleData name="Cédula">7112692.00000000000</SimpleData>
            <SimpleData name="Nombres_y_">VIRGINIA PRIETO LARROZA</SimpleData>
            <SimpleData name="Sexo">Mujer</SimpleData>
            <SimpleData name="Cambio_de_">NO</SimpleData>
            <SimpleData name="Titular_se">NO</SimpleData>
            <SimpleData name="ci_UNIF">7112692.00000000000</SimpleData>
            <SimpleData name="Situación">NO</SimpleData>
            <SimpleData name="Comunidad">Campesina</SimpleData>
            <SimpleData name="Modelo_imp">Modelo 2</SimpleData>
            <SimpleData name="Departamen">SAN PEDRO</SimpleData>
            <SimpleData name="Distrito">CHORE</SimpleData>
            <SimpleData name="Localidad">COL. INDUSTRIAL CUE</SimpleData>
            <SimpleData name="Teléfono">0974601181</SimpleData>
            <SimpleData name="Vivienda_L">-24.17833420000</SimpleData>
            <SimpleData name="Vivienda_1">-56.51477090000</SimpleData>
            <SimpleData name="Superficie">0.80000000000</SimpleData>
            <SimpleData name="Situaci_1">Par?metro</SimpleData>
            <SimpleData name="Plantado">NO</SimpleData>
            <SimpleData name="Jornales">0.00000000000</SimpleData>
            <SimpleData name="Monto">0.00000000000</SimpleData>
            <SimpleData name="Grupo_de_p">I-GN-XX-XX-XX</SimpleData>
            <SimpleData name="Estado_del">Activo</SimpleData>
            <SimpleData name="Empresa">Emilio Sol?s Grance</SimpleData>
            <SimpleData name="Lote">I</SimpleData>
            <SimpleData name="Parametro">0.00000000000</SimpleData>
            <SimpleData name="Sup_SIG">0.86954992115</SimpleData>
            <SimpleData name="X">-56.51542776000</SimpleData>
            <SimpleData name="Y">-24.17840952000</SimpleData>
            <SimpleData name="cedula">7112692</SimpleData>
            <SimpleData name="Cédula_1">7112692.00000000000</SimpleData>
            <SimpleData name="Estado_d_1">Activo</SimpleData>
            <SimpleData name="OBJECTID_1">6011</SimpleData>
            <SimpleData name="Shape_Leng">568.53997364400</SimpleData>
            <SimpleData name="Shape_Area">8695.49921152000</SimpleData>
          </SchemaData>
        </ExtendedData>
        <MultiGeometry>
          <Polygon>
            <outerBoundaryIs>
              <LinearRing>
                <coordinates>
                  -56.5150834993267,-24.1782708004108,0
                  -56.5148038998311,-24.178252400018,0
                  -56.5148399997389,-24.1786233007687,0
                  -56.5160416999239,-24.1785950004571,0
                  -56.5159399998074,-24.1781783006775,0
                  -56.5152451001798,-24.1781794005966,0
                  -56.5152379995018,-24.1782470004728,0
                  -56.5150834993267,-24.1782708004108,0
                </coordinates>
              </LinearRing>
            </outerBoundaryIs>
          </Polygon>
          <Polygon>
            <outerBoundaryIs>
              <LinearRing>
                <coordinates>
                  -56.5190631994216,-24.178082900675,0
                  -56.5197017002543,-24.1780532998445,0
                  -56.5196748991294,-24.1775929000575,0
                  -56.51901989936,-24.1776067008045,0
                  -56.5190631994216,-24.178082900675,0
                </coordinates>
              </LinearRing>
            </outerBoundaryIs>
          </Polygon>
        </MultiGeometry>
      </Placemark>
      <Placemark id="Lote_I.264">
        <ExtendedData>
          <SchemaData schemaUrl="#Lote_I.schema">
            <SimpleData name="Cédula">7768755.00000000000</SimpleData>
            <SimpleData name="Nombres_y_">ANA MARIA RODRIGUEZ FELTEZ</SimpleData>
            <SimpleData name="Sexo">Mujer</SimpleData>
            <SimpleData name="Cambio_de_">NO</SimpleData>
            <SimpleData name="Titular_se">NO</SimpleData>
            <SimpleData name="ci_UNIF">7768755.00000000000</SimpleData>
            <SimpleData name="Situación">NO</SimpleData>
            <SimpleData name="Comunidad">Campesina</SimpleData>
            <SimpleData name="Modelo_imp">Modelo 4</SimpleData>
            <SimpleData name="Departamen">SAN PEDRO</SimpleData>
            <SimpleData name="Distrito">GUAYAIBI</SimpleData>
            <SimpleData name="Localidad">CALLE SAN MIGUEL</SimpleData>
            <SimpleData name="Teléfono">0981168635</SimpleData>
            <SimpleData name="Vivienda_L">-24.44971780000</SimpleData>
            <SimpleData name="Vivienda_1">-56.45616300000</SimpleData>
            <SimpleData name="Superficie">0.70000000000</SimpleData>
            <SimpleData name="Situaci_1">Par?metro</SimpleData>
            <SimpleData name="Plantado">NO</SimpleData>
            <SimpleData name="Jornales">0.00000000000</SimpleData>
            <SimpleData name="Monto">0.00000000000</SimpleData>
            <SimpleData name="Grupo_de_p">I-GN-XX-XX-XX</SimpleData>
            <SimpleData name="Estado_del">Activo</SimpleData>
            <SimpleData name="Empresa">Emilio Sol?s Grance</SimpleData>
            <SimpleData name="Lote">I</SimpleData>
            <SimpleData name="Parametro">0.00000000000</SimpleData>
            <SimpleData name="Sup_SIG">0.72073346019</SimpleData>
            <SimpleData name="X">-56.45558826000</SimpleData>
            <SimpleData name="Y">-24.45147988000</SimpleData>
            <SimpleData name="cedula">7768755</SimpleData>
            <SimpleData name="Cédula_1">7768755.00000000000</SimpleData>
            <SimpleData name="Estado_d_1">Activo</SimpleData>
            <SimpleData name="OBJECTID_1">6098</SimpleData>
            <SimpleData name="Shape_Leng">340.31860930000</SimpleData>
            <SimpleData name="Shape_Area">7207.33460189000</SimpleData>
          </SchemaData>
        </ExtendedData>
        <Polygon>
          <outerBoundaryIs>
            <LinearRing>
              <coordinates>
                -56.4552101999368,-24.451058999631,0
                -56.4551413006275,-24.4518743999202,0
                -56.4559853998683,-24.451844400188,0
                -56.4560600002433,-24.4511482996534,0
                -56.4552101999368,-24.451058999631,0
              </coordinates>
            </LinearRing>
          </outerBoundaryIs>
        </Polygon>
      </Placemark>
      <Placemark id="Lote_I.265">
        <ExtendedData>
          <SchemaData schemaUrl="#Lote_I.schema">
            <SimpleData name="Cédula">7809862.00000000000</SimpleData>
            <SimpleData name="Nombres_y_">FRANCISCO MANUEL CRISTALDO GONZALEZ</SimpleData>
            <SimpleData name="Sexo">Hombre</SimpleData>
            <SimpleData name="Cambio_de_">NO</SimpleData>
            <SimpleData name="Titular_se">NO</SimpleData>
            <SimpleData name="ci_UNIF">7809862.00000000000</SimpleData>
            <SimpleData name="Situación">NO</SimpleData>
            <SimpleData name="Comunidad">Campesina</SimpleData>
            <SimpleData name="Modelo_imp">Modelo 4</SimpleData>
            <SimpleData name="Departamen">SAN PEDRO</SimpleData>
            <SimpleData name="Distrito">SAN PABLO KOKUERE</SimpleData>
            <SimpleData name="Localidad">CERRITO 2DO</SimpleData>
            <SimpleData name="Teléfono">0986294356</SimpleData>
            <SimpleData name="Vivienda_L">-24.12162920000</SimpleData>
            <SimpleData name="Vivienda_1">-56.90671090000</SimpleData>
            <SimpleData name="Superficie">0.70000000000</SimpleData>
            <SimpleData name="Situaci_1">Par?metro</SimpleData>
            <SimpleData name="Plantado">NO</SimpleData>
            <SimpleData name="Jornales">0.00000000000</SimpleData>
            <SimpleData name="Monto">0.00000000000</SimpleData>
            <SimpleData name="Grupo_de_p">I-GN-XX-XX-XX</SimpleData>
            <SimpleData name="Estado_del">Activo</SimpleData>
            <SimpleData name="Empresa">Emilio Sol?s Grance</SimpleData>
            <SimpleData name="Lote">I</SimpleData>
            <SimpleData name="Parametro">0.00000000000</SimpleData>
            <SimpleData name="Sup_SIG">1.07476939916</SimpleData>
            <SimpleData name="X">-56.88748618000</SimpleData>
            <SimpleData name="Y">-24.12222059000</SimpleData>
            <SimpleData name="cedula">7809862</SimpleData>
            <SimpleData name="Cédula_1">7809862.00000000000</SimpleData>
            <SimpleData name="Estado_d_1">Activo</SimpleData>
            <SimpleData name="OBJECTID_1">6180</SimpleData>
            <SimpleData name="Shape_Leng">452.76730312700</SimpleData>
            <SimpleData name="Shape_Area">10747.69399160000</SimpleData>
          </SchemaData>
        </ExtendedData>
        <Polygon>
          <outerBoundaryIs>
            <LinearRing>
              <coordinates>
                -56.8873420997621,-24.122664700212,0
                -56.8877263998511,-24.1231452992756,0
                -56.887987199707,-24.1217314996143,0
                -56.887071200307,-24.1216255999245,0
                -56.8869609000833,-24.1223794999887,0
                -56.8873420997621,-24.122664700212,0
              </coordinates>
            </LinearRing>
          </outerBoundaryIs>
        </Polygon>
      </Placemark>
      <Placemark id="Lote_I.266">
        <ExtendedData>
          <SchemaData schemaUrl="#Lote_I.schema">
            <SimpleData name="Cédula">8210406.00000000000</SimpleData>
            <SimpleData name="Nombres_y_">ELIAS ROMERO SALINAS</SimpleData>
            <SimpleData name="Sexo">Hombre</SimpleData>
            <SimpleData name="Cambio_de_">NO</SimpleData>
            <SimpleData name="Titular_se">NO</SimpleData>
            <SimpleData name="ci_UNIF">8210406.00000000000</SimpleData>
            <SimpleData name="Situación">NO</SimpleData>
            <SimpleData name="Comunidad">Campesina</SimpleData>
            <SimpleData name="Modelo_imp">Modelo 5</SimpleData>
            <SimpleData name="Departamen">SAN PEDRO</SimpleData>
            <SimpleData name="Distrito">GUAYAIBI</SimpleData>
            <SimpleData name="Localidad">SAN FRANCISCO</SimpleData>
            <SimpleData name="Teléfono">0975932637</SimpleData>
            <SimpleData name="Vivienda_L">-24.53186280000</SimpleData>
            <SimpleData name="Vivienda_1">-56.46498530000</SimpleData>
            <SimpleData name="Superficie">0.70000000000</SimpleData>
            <SimpleData name="Situaci_1">Par?metro</SimpleData>
            <SimpleData name="Plantado">NO</SimpleData>
            <SimpleData name="Jornales">0.00000000000</SimpleData>
            <SimpleData name="Monto">0.00000000000</SimpleData>
            <SimpleData name="Grupo_de_p">I-GN-XX-XX-XX</SimpleData>
            <SimpleData name="Estado_del">Activo</SimpleData>
            <SimpleData name="Empresa">Emilio Sol?s Grance</SimpleData>
            <SimpleData name="Lote">I</SimpleData>
            <SimpleData name="Parametro">0.00000000000</SimpleData>
            <SimpleData name="Sup_SIG">0.79782751950</SimpleData>
            <SimpleData name="X">-56.46527633000</SimpleData>
            <SimpleData name="Y">-24.53379588000</SimpleData>
            <SimpleData name="cedula">8210406</SimpleData>
            <SimpleData name="Cédula_1">8210406.00000000000</SimpleData>
            <SimpleData name="Estado_d_1">Activo</SimpleData>
            <SimpleData name="OBJECTID_1">6079</SimpleData>
            <SimpleData name="Shape_Leng">409.49758387300</SimpleData>
            <SimpleData name="Shape_Area">7978.27519501000</SimpleData>
          </SchemaData>
        </ExtendedData>
        <Polygon>
          <outerBoundaryIs>
            <LinearRing>
              <coordinates>
                -56.4650116996407,-24.5344766997911,0
                -56.4655299995188,-24.5344899005785,0
                -56.465538300114,-24.5331036000036,0
                -56.4650227997185,-24.5331107000846,0
                -56.4650116996407,-24.5344766997911,0
              </coordinates>
            </LinearRing>
          </outerBoundaryIs>
        </Polygon>
      </Placemark>
      <Placemark id="Lote_I.267">
        <ExtendedData>
          <SchemaData schemaUrl="#Lote_I.schema">
            <SimpleData name="Cédula">3004425.00000000000</SimpleData>
            <SimpleData name="Nombres_y_">CARMEN RODRIGUEZ DE AMARILLA</SimpleData>
            <SimpleData name="Sexo">Mujer</SimpleData>
            <SimpleData name="Cambio_de_">NO</SimpleData>
            <SimpleData name="Titular_se">NO</SimpleData>
            <SimpleData name="ci_UNIF">3004425.00000000000</SimpleData>
            <SimpleData name="Situación">NO</SimpleData>
            <SimpleData name="Comunidad">Campesina</SimpleData>
            <SimpleData name="Modelo_imp">Modelo 4</SimpleData>
            <SimpleData name="Departamen">SAN PEDRO</SimpleData>
            <SimpleData name="Distrito">CHORE</SimpleData>
            <SimpleData name="Localidad">BARRIO 25 DE MAYO</SimpleData>
            <SimpleData name="Teléfono">0983841841</SimpleData>
            <SimpleData name="Vivienda_L">-24.25851550000</SimpleData>
            <SimpleData name="Vivienda_1">-56.60639240000</SimpleData>
            <SimpleData name="Superficie">0.70000000000</SimpleData>
            <SimpleData name="Situaci_1">Par?metro</SimpleData>
            <SimpleData name="Plantado">SI</SimpleData>
            <SimpleData name="Fecha_Plan">2026/08/17</SimpleData>
            <SimpleData name="Jornales">0.00000000000</SimpleData>
            <SimpleData name="Monto">0.00000000000</SimpleData>
            <SimpleData name="Grupo_de_p">I-GN-XX-XX-XX</SimpleData>
            <SimpleData name="Estado_del">Activo</SimpleData>
            <SimpleData name="Empresa">Emilio Sol?s Grance</SimpleData>
            <SimpleData name="Lote">I</SimpleData>
            <SimpleData name="Parametro">0.00000000000</SimpleData>
            <SimpleData name="Sup_SIG">0.77514573821</SimpleData>
            <SimpleData name="X">-56.61018231000</SimpleData>
            <SimpleData name="Y">-24.25919014000</SimpleData>
            <SimpleData name="cedula">3004425</SimpleData>
            <SimpleData name="Cédula_1">3004425.00000000000</SimpleData>
            <SimpleData name="Estado_d_1">Activo</SimpleData>
            <SimpleData name="OBJECTID_1">5965</SimpleData>
            <SimpleData name="Shape_Leng">362.38461588900</SimpleData>
            <SimpleData name="Shape_Area">7751.45738211000</SimpleData>
          </SchemaData>
        </ExtendedData>
        <Polygon>
          <outerBoundaryIs>
            <LinearRing>
              <coordinates>
                -56.6096316995582,-24.2593255002327,0
                -56.6106266997894,-24.2597283003167,0
                -56.6106666992584,-24.2589550006169,0
                -56.6097483005772,-24.2587099994068,0
                -56.6096316995582,-24.2593255002327,0
              </coordinates>
            </LinearRing>
          </outerBoundaryIs>
        </Polygon>
      </Placemark>
      <Placemark id="Lote_I.268">
        <ExtendedData>
          <SchemaData schemaUrl="#Lote_I.schema">
            <SimpleData name="Cédula">3009597.00000000000</SimpleData>
            <SimpleData name="Nombres_y_">ZUNILDA VILLALBA</SimpleData>
            <SimpleData name="Sexo">Mujer</SimpleData>
            <SimpleData name="Cambio_de_">NO</SimpleData>
            <SimpleData name="Titular_se">NO</SimpleData>
            <SimpleData name="ci_UNIF">3009597.00000000000</SimpleData>
            <SimpleData name="Situación">NO</SimpleData>
            <SimpleData name="Comunidad">Campesina</SimpleData>
            <SimpleData name="Modelo_imp">Modelo 4</SimpleData>
            <SimpleData name="Departamen">SAN PEDRO</SimpleData>
            <SimpleData name="Distrito">GUAYAIBI</SimpleData>
            <SimpleData name="Localidad">SAN JOSE 1</SimpleData>
            <SimpleData name="Teléfono">0985409600</SimpleData>
            <SimpleData name="Vivienda_L">-24.38882840000</SimpleData>
            <SimpleData name="Vivienda_1">-56.36793970000</SimpleData>
            <SimpleData name="Superficie">0.70000000000</SimpleData>
            <SimpleData name="Situaci_1">Par?metro</SimpleData>
            <SimpleData name="Plantado">SI</SimpleData>
            <SimpleData name="Fecha_Plan">2026/08/17</SimpleData>
            <SimpleData name="Jornales">0.00000000000</SimpleData>
            <SimpleData name="Monto">0.00000000000</SimpleData>
            <SimpleData name="Grupo_de_p">I-GN-XX-XX-XX</SimpleData>
            <SimpleData name="Estado_del">Activo</SimpleData>
            <SimpleData name="Empresa">Emilio Sol?s Grance</SimpleData>
            <SimpleData name="Lote">I</SimpleData>
            <SimpleData name="Parametro">0.00000000000</SimpleData>
            <SimpleData name="Sup_SIG">0.98027765722</SimpleData>
            <SimpleData name="X">-56.36710143000</SimpleData>
            <SimpleData name="Y">-24.39547993000</SimpleData>
            <SimpleData name="cedula">3009597</SimpleData>
            <SimpleData name="Cédula_1">3009597.00000000000</SimpleData>
            <SimpleData name="Estado_d_1">Activo</SimpleData>
            <SimpleData name="OBJECTID_1">6062</SimpleData>
            <SimpleData name="Shape_Leng">441.60245926700</SimpleData>
            <SimpleData name="Shape_Area">9802.77657224000</SimpleData>
          </SchemaData>
        </ExtendedData>
        <Polygon>
          <outerBoundaryIs>
            <LinearRing>
              <coordinates>
                -56.3666611996499,-24.3961303000898,0
                -56.367302299864,-24.3962151006698,0
                -56.367509499258,-24.39475650016,0
                -56.3669310002087,-24.3947579994631,0
                -56.3666611996499,-24.3961303000898,0
              </coordinates>
            </LinearRing>
          </outerBoundaryIs>
        </Polygon>
      </Placemark>
      <Placemark id="Lote_I.269">
        <ExtendedData>
          <SchemaData schemaUrl="#Lote_I.schema">
            <SimpleData name="Cédula">4209678.00000000000</SimpleData>
            <SimpleData name="Nombres_y_">MAIDA ARIAS BENITEZ</SimpleData>
            <SimpleData name="Sexo">Mujer</SimpleData>
            <SimpleData name="Cambio_de_">NO</SimpleData>
            <SimpleData name="Titular_se">NO</SimpleData>
            <SimpleData name="ci_UNIF">4209678.00000000000</SimpleData>
            <SimpleData name="Situación">NO</SimpleData>
            <SimpleData name="Comunidad">Campesina</SimpleData>
            <SimpleData name="Modelo_imp">Modelo 5</SimpleData>
            <SimpleData name="Departamen">SAN PEDRO</SimpleData>
            <SimpleData name="Distrito">GUAYAIBI</SimpleData>
            <SimpleData name="Localidad">CALLE 4000</SimpleData>
            <SimpleData name="Teléfono">0991577572</SimpleData>
            <SimpleData name="Vivienda_L">-24.56696830000</SimpleData>
            <SimpleData name="Vivienda_1">-56.39876810000</SimpleData>
            <SimpleData name="Superficie">0.70000000000</SimpleData>
            <SimpleData name="Situaci_1">Par?metro</SimpleData>
            <SimpleData name="Plantado">SI</SimpleData>
            <SimpleData name="Fecha_Plan">2026/08/17</SimpleData>
            <SimpleData name="Jornales">0.00000000000</SimpleData>
            <SimpleData name="Monto">0.00000000000</SimpleData>
            <SimpleData name="Grupo_de_p">I-GN-XX-XX-XX</SimpleData>
            <SimpleData name="Estado_del">Activo</SimpleData>
            <SimpleData name="Empresa">Emilio Sol?s Grance</SimpleData>
            <SimpleData name="Lote">I</SimpleData>
            <SimpleData name="Parametro">0.00000000000</SimpleData>
            <SimpleData name="Sup_SIG">0.71196286489</SimpleData>
            <SimpleData name="X">-56.39869956000</SimpleData>
            <SimpleData name="Y">-24.56405845000</SimpleData>
            <SimpleData name="cedula">4209678</SimpleData>
            <SimpleData name="Cédula_1">4209678.00000000000</SimpleData>
            <SimpleData name="Estado_d_1">Activo</SimpleData>
            <SimpleData name="OBJECTID_1">7962</SimpleData>
            <SimpleData name="Shape_Leng">663.50582557000</SimpleData>
            <SimpleData name="Shape_Area">7119.62864888000</SimpleData>
          </SchemaData>
        </ExtendedData>
        <MultiGeometry>
          <Polygon>
            <outerBoundaryIs>
              <LinearRing>
                <coordinates>
                  -56.3988725000859,-24.5665672995814,0
                  -56.3988582989964,-24.5660456995996,0
                  -56.3986810993309,-24.5660272993864,0
                  -56.3986782992892,-24.566546699244,0
                  -56.3988725000859,-24.5665672995814,0
                </coordinates>
              </LinearRing>
            </outerBoundaryIs>
          </Polygon>
          <Polygon>
            <outerBoundaryIs>
              <LinearRing>
                <coordinates>
                  -56.3989366002733,-24.5651568002867,0
                  -56.3987698996509,-24.565121698965,0
                  -56.3987361990732,-24.5651889993311,0
                  -56.3986709991989,-24.5654050990435,0
                  -56.3987220002768,-24.5654817993779,0
                  -56.3986568004776,-24.5657261995187,0
                  -56.3987221000098,-24.565836799858,0
                  -56.3989366002733,-24.5651568002867,0
                </coordinates>
              </LinearRing>
            </outerBoundaryIs>
          </Polygon>
          <Polygon>
            <outerBoundaryIs>
              <LinearRing>
                <coordinates>
                  -56.3989403001171,-24.5635904994083,0
                  -56.3984311999838,-24.5635910988084,0
                  -56.3984240999615,-24.5641213995736,0
                  -56.3985303989966,-24.5641498994541,0
                  -56.398523599975,-24.5644741994836,0
                  -56.3987529003165,-24.5645963993402,0
                  -56.3988164999514,-24.5647074001761,0
                  -56.3988894991927,-24.5647126992372,0
                  -56.3989403001171,-24.5635904994083,0
                </coordinates>
              </LinearRing>
            </outerBoundaryIs>
          </Polygon>
        </MultiGeometry>
      </Placemark>
      <Placemark id="Lote_I.270">
        <ExtendedData>
          <SchemaData schemaUrl="#Lote_I.schema">
            <SimpleData name="Cédula">4370663.00000000000</SimpleData>
            <SimpleData name="Nombres_y_">GRABIELA TRANQUILINA OCAMPOS GONZALEZ</SimpleData>
            <SimpleData name="Sexo">Mujer</SimpleData>
            <SimpleData name="Cambio_de_">NO</SimpleData>
            <SimpleData name="Titular_se">NO</SimpleData>
            <SimpleData name="ci_UNIF">4370663.00000000000</SimpleData>
            <SimpleData name="Situación">NO</SimpleData>
            <SimpleData name="Comunidad">Campesina</SimpleData>
            <SimpleData name="Modelo_imp">Modelo 3</SimpleData>
            <SimpleData name="Departamen">SAN PEDRO</SimpleData>
            <SimpleData name="Distrito">GUAYAIBI</SimpleData>
            <SimpleData name="Localidad">CALLE ASUNCION</SimpleData>
            <SimpleData name="Teléfono">0986775573</SimpleData>
            <SimpleData name="Vivienda_L">-24.43211980000</SimpleData>
            <SimpleData name="Vivienda_1">-56.45872220000</SimpleData>
            <SimpleData name="Superficie">1.00000000000</SimpleData>
            <SimpleData name="Situaci_1">Par?metro</SimpleData>
            <SimpleData name="Plantado">SI</SimpleData>
            <SimpleData name="Fecha_Plan">2026/08/19</SimpleData>
            <SimpleData name="Jornales">0.00000000000</SimpleData>
            <SimpleData name="Monto">0.00000000000</SimpleData>
            <SimpleData name="Grupo_de_p">I-GN-XX-XX-XX</SimpleData>
            <SimpleData name="Estado_del">Activo</SimpleData>
            <SimpleData name="Empresa">Emilio Sol?s Grance</SimpleData>
            <SimpleData name="Lote">I</SimpleData>
            <SimpleData name="Parametro">0.00000000000</SimpleData>
            <SimpleData name="Sup_SIG">1.35863499920</SimpleData>
            <SimpleData name="X">-56.45843451000</SimpleData>
            <SimpleData name="Y">-24.43964275000</SimpleData>
            <SimpleData name="cedula">4370663</SimpleData>
            <SimpleData name="Cédula_1">4370663.00000000000</SimpleData>
            <SimpleData name="Estado_d_1">Activo</SimpleData>
            <SimpleData name="OBJECTID_1">6042</SimpleData>
            <SimpleData name="Shape_Leng">469.51253880800</SimpleData>
            <SimpleData name="Shape_Area">13586.34999200000</SimpleData>
          </SchemaData>
        </ExtendedData>
        <Polygon>
          <outerBoundaryIs>
            <LinearRing>
              <coordinates>
                -56.4577551938112,-24.4400970620336,0
                -56.4590785276136,-24.4401239227788,0
                -56.4590965993988,-24.4392417001355,0
                -56.4578675110544,-24.4390913140668,0
                -56.4577551938112,-24.4400970620336,0
              </coordinates>
            </LinearRing>
          </outerBoundaryIs>
        </Polygon>
      </Placemark>
      <Placemark id="Lote_I.271">
        <ExtendedData>
          <SchemaData schemaUrl="#Lote_I.schema">
            <SimpleData name="Cédula">4511800.00000000000</SimpleData>
            <SimpleData name="Nombres_y_">PATRICIA GISELLI VERA DE GONZALEZ</SimpleData>
            <SimpleData name="Sexo">Mujer</SimpleData>
            <SimpleData name="Cambio_de_">NO</SimpleData>
            <SimpleData name="Titular_se">NO</SimpleData>
            <SimpleData name="ci_UNIF">4511800.00000000000</SimpleData>
            <SimpleData name="Situación">NO</SimpleData>
            <SimpleData name="Comunidad">Campesina</SimpleData>
            <SimpleData name="Modelo_imp">Modelo 3</SimpleData>
            <SimpleData name="Departamen">SAN PEDRO</SimpleData>
            <SimpleData name="Distrito">SAN PABLO KOKUERE</SimpleData>
            <SimpleData name="Localidad">TATARE NORTE</SimpleData>
            <SimpleData name="Teléfono">0972961808</SimpleData>
            <SimpleData name="Vivienda_L">-24.10647050000</SimpleData>
            <SimpleData name="Vivienda_1">-56.83711620000</SimpleData>
            <SimpleData name="Superficie">1.00000000000</SimpleData>
            <SimpleData name="Situaci_1">Par?metro</SimpleData>
            <SimpleData name="Plantado">SI</SimpleData>
            <SimpleData name="Fecha_Plan">2026/08/11</SimpleData>
            <SimpleData name="Jornales">0.00000000000</SimpleData>
            <SimpleData name="Monto">0.00000000000</SimpleData>
            <SimpleData name="Grupo_de_p">I-GN-XX-XX-XX</SimpleData>
            <SimpleData name="Estado_del">Activo</SimpleData>
            <SimpleData name="Empresa">Emilio Sol?s Grance</SimpleData>
            <SimpleData name="Lote">I</SimpleData>
            <SimpleData name="Parametro">0.00000000000</SimpleData>
            <SimpleData name="Sup_SIG">1.16076056463</SimpleData>
            <SimpleData name="X">-56.83640095000</SimpleData>
            <SimpleData name="Y">-24.10715200000</SimpleData>
            <SimpleData name="cedula">4511800</SimpleData>
            <SimpleData name="Cédula_1">4511800.00000000000</SimpleData>
            <SimpleData name="Estado_d_1">Activo</SimpleData>
            <SimpleData name="OBJECTID_1">6148</SimpleData>
            <SimpleData name="Shape_Leng">447.78140757300</SimpleData>
            <SimpleData name="Shape_Area">11607.60564630000</SimpleData>
          </SchemaData>
        </ExtendedData>
        <Polygon>
          <outerBoundaryIs>
            <LinearRing>
              <coordinates>
                -56.8356009944903,-24.1074147148335,0
                -56.8370367001834,-24.1076066996809,0
                -56.8371682998376,-24.1069349997852,0
                -56.8358775978359,-24.106645036903,0
                -56.8356009944903,-24.1074147148335,0
              </coordinates>
            </LinearRing>
          </outerBoundaryIs>
        </Polygon>
      </Placemark>
      <Placemark id="Lote_I.272">
        <ExtendedData>
          <SchemaData schemaUrl="#Lote_I.schema">
            <SimpleData name="Cédula">4883531.00000000000</SimpleData>
            <SimpleData name="Nombres_y_">NIDIA ANTONIA SANABRIA CABRERA</SimpleData>
            <SimpleData name="Sexo">Mujer</SimpleData>
            <SimpleData name="Cambio_de_">NO</SimpleData>
            <SimpleData name="Titular_se">NO</SimpleData>
            <SimpleData name="ci_UNIF">4883531.00000000000</SimpleData>
            <SimpleData name="Situación">NO</SimpleData>
            <SimpleData name="Comunidad">Campesina</SimpleData>
            <SimpleData name="Modelo_imp">Modelo 3</SimpleData>
            <SimpleData name="Departamen">SAN PEDRO</SimpleData>
            <SimpleData name="Distrito">CHORE</SimpleData>
            <SimpleData name="Localidad">LINEA CARAGUATAY</SimpleData>
            <SimpleData name="Teléfono">0986628499</SimpleData>
            <SimpleData name="Vivienda_L">-24.15552090000</SimpleData>
            <SimpleData name="Vivienda_1">-56.58477460000</SimpleData>
            <SimpleData name="Superficie">1.00000000000</SimpleData>
            <SimpleData name="Situaci_1">Par?metro</SimpleData>
            <SimpleData name="Plantado">SI</SimpleData>
            <SimpleData name="Fecha_Plan">2026/08/17</SimpleData>
            <SimpleData name="Jornales">0.00000000000</SimpleData>
            <SimpleData name="Monto">0.00000000000</SimpleData>
            <SimpleData name="Grupo_de_p">I-GN-XX-XX-XX</SimpleData>
            <SimpleData name="Estado_del">Activo</SimpleData>
            <SimpleData name="Empresa">Emilio Sol?s Grance</SimpleData>
            <SimpleData name="Lote">I</SimpleData>
            <SimpleData name="Parametro">0.00000000000</SimpleData>
            <SimpleData name="Sup_SIG">1.05271476218</SimpleData>
            <SimpleData name="X">-56.58614061000</SimpleData>
            <SimpleData name="Y">-24.15551723000</SimpleData>
            <SimpleData name="cedula">4883531</SimpleData>
            <SimpleData name="Cédula_1">4883531.00000000000</SimpleData>
            <SimpleData name="Estado_d_1">Activo</SimpleData>
            <SimpleData name="OBJECTID_1">6007</SimpleData>
            <SimpleData name="Shape_Leng">417.08285843800</SimpleData>
            <SimpleData name="Shape_Area">10527.14762180000</SimpleData>
          </SchemaData>
        </ExtendedData>
        <Polygon>
          <outerBoundaryIs>
            <LinearRing>
              <coordinates>
                -56.5854581003776,-24.1558311001472,0
                -56.586747100054,-24.1560111006452,0
                -56.5865859999453,-24.1550700005097,0
                -56.5857418001538,-24.1550299005873,0
                -56.5854581003776,-24.1558311001472,0
              </coordinates>
            </LinearRing>
          </outerBoundaryIs>
        </Polygon>
      </Placemark>
      <Placemark id="Lote_I.273">
        <ExtendedData>
          <SchemaData schemaUrl="#Lote_I.schema">
            <SimpleData name="Cédula">5610530.00000000000</SimpleData>
            <SimpleData name="Nombres_y_">RUTH ROMINA ALVARENGA OCAMPO</SimpleData>
            <SimpleData name="Sexo">Mujer</SimpleData>
            <SimpleData name="Cambio_de_">NO</SimpleData>
            <SimpleData name="Titular_se">NO</SimpleData>
            <SimpleData name="ci_UNIF">5610530.00000000000</SimpleData>
            <SimpleData name="Situación">NO</SimpleData>
            <SimpleData name="Comunidad">Campesina</SimpleData>
            <SimpleData name="Modelo_imp">Modelo 1</SimpleData>
            <SimpleData name="Departamen">SAN PEDRO</SimpleData>
            <SimpleData name="Distrito">GUAYAIBI</SimpleData>
            <SimpleData name="Localidad">LUZ BELLA ECO URBANISTICO</SimpleData>
            <SimpleData name="Teléfono">987109084</SimpleData>
            <SimpleData name="Vivienda_L">-24.24979670000</SimpleData>
            <SimpleData name="Vivienda_1">-56.18248830000</SimpleData>
            <SimpleData name="Superficie">0.80000000000</SimpleData>
            <SimpleData name="Situaci_1">Par?metro</SimpleData>
            <SimpleData name="Plantado">SI</SimpleData>
            <SimpleData name="Fecha_Plan">2026/08/17</SimpleData>
            <SimpleData name="Jornales">0.00000000000</SimpleData>
            <SimpleData name="Monto">0.00000000000</SimpleData>
            <SimpleData name="Grupo_de_p">I-GN-XX-XX-XX</SimpleData>
            <SimpleData name="Estado_del">Activo</SimpleData>
            <SimpleData name="Empresa">Emilio Sol?s Grance</SimpleData>
            <SimpleData name="Lote">I</SimpleData>
            <SimpleData name="Parametro">0.00000000000</SimpleData>
            <SimpleData name="Sup_SIG">0.88082093502</SimpleData>
            <SimpleData name="X">-56.17412403000</SimpleData>
            <SimpleData name="Y">-24.24571532000</SimpleData>
            <SimpleData name="cedula">5610530</SimpleData>
            <SimpleData name="Cédula_1">5610530.00000000000</SimpleData>
            <SimpleData name="Estado_d_1">Activo</SimpleData>
            <SimpleData name="OBJECTID_1">6399</SimpleData>
            <SimpleData name="Shape_Leng">376.29502523400</SimpleData>
            <SimpleData name="Shape_Area">8808.20935020000</SimpleData>
          </SchemaData>
        </ExtendedData>
        <Polygon>
          <outerBoundaryIs>
            <LinearRing>
              <coordinates>
                -56.1735364998284,-24.2459861999312,0
                -56.1746998002197,-24.2461260004937,0
                -56.1747723000632,-24.2458916999622,0
                -56.1747509998025,-24.2457819002276,0
                -56.174701300047,-24.2456603998454,0
                -56.1746545005802,-24.2455795997059,0
                -56.1744326999967,-24.2454908002673,0
                -56.174151499192,-24.2453132004857,0
                -56.1738684004512,-24.2452503994002,0
                -56.1738209002161,-24.2452502995474,0
                -56.1736469997275,-24.2452518993681,0
                -56.1735364998284,-24.2459861999312,0
              </coordinates>
            </LinearRing>
          </outerBoundaryIs>
        </Polygon>
      </Placemark>
      <Placemark id="Lote_I.274">
        <ExtendedData>
          <SchemaData schemaUrl="#Lote_I.schema">
            <SimpleData name="Cédula">5857410.00000000000</SimpleData>
            <SimpleData name="Nombres_y_">MARICEL AREVALOS DUARTE</SimpleData>
            <SimpleData name="Sexo">Mujer</SimpleData>
            <SimpleData name="Cambio_de_">NO</SimpleData>
            <SimpleData name="Titular_se">NO</SimpleData>
            <SimpleData name="ci_UNIF">5857410.00000000000</SimpleData>
            <SimpleData name="Situación">NO</SimpleData>
            <SimpleData name="Comunidad">Campesina</SimpleData>
            <SimpleData name="Modelo_imp">Modelo 5</SimpleData>
            <SimpleData name="Departamen">SAN PEDRO</SimpleData>
            <SimpleData name="Distrito">GUAYAIBI</SimpleData>
            <SimpleData name="Localidad">ASENT. TORO PIRU 2</SimpleData>
            <SimpleData name="Teléfono">0975938905</SimpleData>
            <SimpleData name="Vivienda_L">-24.31778670000</SimpleData>
            <SimpleData name="Vivienda_1">-56.47061830000</SimpleData>
            <SimpleData name="Superficie">0.70000000000</SimpleData>
            <SimpleData name="Situaci_1">Par?metro</SimpleData>
            <SimpleData name="Plantado">SI</SimpleData>
            <SimpleData name="Fecha_Plan">2026/08/20</SimpleData>
            <SimpleData name="Jornales">0.00000000000</SimpleData>
            <SimpleData name="Monto">0.00000000000</SimpleData>
            <SimpleData name="Grupo_de_p">I-GN-XX-XX-XX</SimpleData>
            <SimpleData name="Estado_del">Activo</SimpleData>
            <SimpleData name="Empresa">Emilio Sol?s Grance</SimpleData>
            <SimpleData name="Lote">I</SimpleData>
            <SimpleData name="Parametro">0.00000000000</SimpleData>
            <SimpleData name="Sup_SIG">0.69849531782</SimpleData>
            <SimpleData name="X">-56.49739553000</SimpleData>
            <SimpleData name="Y">-24.32362863000</SimpleData>
            <SimpleData name="cedula">5857410</SimpleData>
            <SimpleData name="Cédula_1">5857410.00000000000</SimpleData>
            <SimpleData name="Estado_d_1">Activo</SimpleData>
            <SimpleData name="OBJECTID_1">6033</SimpleData>
            <SimpleData name="Shape_Leng">485.35852816600</SimpleData>
            <SimpleData name="Shape_Area">6984.95317816000</SimpleData>
          </SchemaData>
        </ExtendedData>
        <MultiGeometry>
          <Polygon>
            <outerBoundaryIs>
              <LinearRing>
                <coordinates>
                  -56.4974062995393,-24.3276050997185,0
                  -56.4974431003324,-24.3270301995489,0
                  -56.4969776998873,-24.3270276996532,0
                  -56.4969797999612,-24.3275978993748,0
                  -56.4974062995393,-24.3276050997185,0
                </coordinates>
              </LinearRing>
            </outerBoundaryIs>
          </Polygon>
          <Polygon>
            <outerBoundaryIs>
              <LinearRing>
                <coordinates>
                  -56.4971299996671,-24.3240182995243,0
                  -56.4976181996822,-24.3240062989531,0
                  -56.4976471997759,-24.3232365991407,0
                  -56.4971899994062,-24.3232366994312,0
                  -56.4971299996671,-24.3240182995243,0
                </coordinates>
              </LinearRing>
            </outerBoundaryIs>
          </Polygon>
        </MultiGeometry>
      </Placemark>
      <Placemark id="Lote_I.275">
        <ExtendedData>
          <SchemaData schemaUrl="#Lote_I.schema">
            <SimpleData name="Cédula">6120018.00000000000</SimpleData>
            <SimpleData name="Nombres_y_">PABLINA PAVON GODOY</SimpleData>
            <SimpleData name="Sexo">Mujer</SimpleData>
            <SimpleData name="Cambio_de_">NO</SimpleData>
            <SimpleData name="Titular_se">NO</SimpleData>
            <SimpleData name="ci_UNIF">6120018.00000000000</SimpleData>
            <SimpleData name="Situación">NO</SimpleData>
            <SimpleData name="Comunidad">Campesina</SimpleData>
            <SimpleData name="Modelo_imp">Modelo 6</SimpleData>
            <SimpleData name="Departamen">SAN PEDRO</SimpleData>
            <SimpleData name="Distrito">GUAYAIBI</SimpleData>
            <SimpleData name="Localidad">CALLE 6000</SimpleData>
            <SimpleData name="Teléfono">0975762996</SimpleData>
            <SimpleData name="Vivienda_L">-24.58542910000</SimpleData>
            <SimpleData name="Vivienda_1">-56.43245610000</SimpleData>
            <SimpleData name="Superficie">0.90000000000</SimpleData>
            <SimpleData name="Situaci_1">Par?metro</SimpleData>
            <SimpleData name="Plantado">SI</SimpleData>
            <SimpleData name="Fecha_Plan">2026/08/17</SimpleData>
            <SimpleData name="Jornales">0.00000000000</SimpleData>
            <SimpleData name="Monto">0.00000000000</SimpleData>
            <SimpleData name="Grupo_de_p">I-GN-XX-XX-XX</SimpleData>
            <SimpleData name="Estado_del">Activo</SimpleData>
            <SimpleData name="Empresa">Emilio Sol?s Grance</SimpleData>
            <SimpleData name="Lote">I</SimpleData>
            <SimpleData name="Parametro">0.00000000000</SimpleData>
            <SimpleData name="Sup_SIG">0.99371881333</SimpleData>
            <SimpleData name="X">-56.43255431000</SimpleData>
            <SimpleData name="Y">-24.58063168000</SimpleData>
            <SimpleData name="cedula">6120018</SimpleData>
            <SimpleData name="Cédula_1">6120018.00000000000</SimpleData>
            <SimpleData name="Estado_d_1">Activo</SimpleData>
            <SimpleData name="OBJECTID_1">7971</SimpleData>
            <SimpleData name="Shape_Leng">399.25822713000</SimpleData>
            <SimpleData name="Shape_Area">9937.18813328000</SimpleData>
          </SchemaData>
        </ExtendedData>
        <Polygon>
          <outerBoundaryIs>
            <LinearRing>
              <coordinates>
                -56.4320714001776,-24.5810768003225,0
                -56.4330282999486,-24.5811217001487,0
                -56.4330150000279,-24.5801567000832,0
                -56.4320860003042,-24.5801619000741,0
                -56.4320714001776,-24.5810768003225,0
              </coordinates>
            </LinearRing>
          </outerBoundaryIs>
        </Polygon>
      </Placemark>
      <Placemark id="Lote_I.276">
        <ExtendedData>
          <SchemaData schemaUrl="#Lote_I.schema">
            <SimpleData name="Cédula">6309717.00000000000</SimpleData>
            <SimpleData name="Nombres_y_">SILVESTRE ACOSTA GAUTO</SimpleData>
            <SimpleData name="Sexo">Hombre</SimpleData>
            <SimpleData name="Cambio_de_">NO</SimpleData>
            <SimpleData name="Titular_se">NO</SimpleData>
            <SimpleData name="ci_UNIF">6309717.00000000000</SimpleData>
            <SimpleData name="Situación">NO</SimpleData>
            <SimpleData name="Comunidad">Campesina</SimpleData>
            <SimpleData name="Modelo_imp">Modelo 5</SimpleData>
            <SimpleData name="Departamen">SAN PEDRO</SimpleData>
            <SimpleData name="Distrito">GUAYAIBI</SimpleData>
            <SimpleData name="Localidad">1 DE MAYO (COLONIA LUZ BELLA)</SimpleData>
            <SimpleData name="Teléfono">0986452702</SimpleData>
            <SimpleData name="Vivienda_L">-24.17558380000</SimpleData>
            <SimpleData name="Vivienda_1">-56.16363300000</SimpleData>
            <SimpleData name="Superficie">0.70000000000</SimpleData>
            <SimpleData name="Situaci_1">Par?metro</SimpleData>
            <SimpleData name="Plantado">SI</SimpleData>
            <SimpleData name="Fecha_Plan">2026/08/17</SimpleData>
            <SimpleData name="Jornales">0.00000000000</SimpleData>
            <SimpleData name="Monto">0.00000000000</SimpleData>
            <SimpleData name="Grupo_de_p">I-GN-XX-XX-XX</SimpleData>
            <SimpleData name="Estado_del">Activo</SimpleData>
            <SimpleData name="Empresa">Emilio Sol?s Grance</SimpleData>
            <SimpleData name="Lote">I</SimpleData>
            <SimpleData name="Parametro">0.00000000000</SimpleData>
            <SimpleData name="Sup_SIG">0.73106375574</SimpleData>
            <SimpleData name="X">-56.16480702000</SimpleData>
            <SimpleData name="Y">-24.17567927000</SimpleData>
            <SimpleData name="cedula">6309717</SimpleData>
            <SimpleData name="Cédula_1">6309717.00000000000</SimpleData>
            <SimpleData name="Estado_d_1">Activo</SimpleData>
            <SimpleData name="OBJECTID_1">5036</SimpleData>
            <SimpleData name="Shape_Leng">427.46826544300</SimpleData>
            <SimpleData name="Shape_Area">7310.63755737000</SimpleData>
          </SchemaData>
        </ExtendedData>
        <Polygon>
          <outerBoundaryIs>
            <LinearRing>
              <coordinates>
                -56.1639415993493,-24.1754780000661,0
                -56.164017099972,-24.1758810002554,0
                -56.1656699994566,-24.1758667004334,0
                -56.1656449999854,-24.1754949993717,0
                -56.1639415993493,-24.1754780000661,0
              </coordinates>
            </LinearRing>
          </outerBoundaryIs>
        </Polygon>
      </Placemark>
      <Placemark id="Lote_I.277">
        <ExtendedData>
          <SchemaData schemaUrl="#Lote_I.schema">
            <SimpleData name="Cédula">6380639.00000000000</SimpleData>
            <SimpleData name="Nombres_y_">FANY BEATRIZ VELAZQUEZ RODRIGUEZ</SimpleData>
            <SimpleData name="Sexo">Mujer</SimpleData>
            <SimpleData name="Cambio_de_">NO</SimpleData>
            <SimpleData name="Titular_se">NO</SimpleData>
            <SimpleData name="ci_UNIF">6380639.00000000000</SimpleData>
            <SimpleData name="Situación">NO</SimpleData>
            <SimpleData name="Comunidad">Campesina</SimpleData>
            <SimpleData name="Modelo_imp">Modelo 5</SimpleData>
            <SimpleData name="Departamen">SAN PEDRO</SimpleData>
            <SimpleData name="Distrito">GUAYAIBI</SimpleData>
            <SimpleData name="Localidad">ASENT. TORO PIRU 2</SimpleData>
            <SimpleData name="Teléfono">0985910536</SimpleData>
            <SimpleData name="Vivienda_L">-24.32370720000</SimpleData>
            <SimpleData name="Vivienda_1">-56.45142260000</SimpleData>
            <SimpleData name="Superficie">0.70000000000</SimpleData>
            <SimpleData name="Situaci_1">Par?metro</SimpleData>
            <SimpleData name="Plantado">SI</SimpleData>
            <SimpleData name="Fecha_Plan">2026/08/20</SimpleData>
            <SimpleData name="Jornales">0.00000000000</SimpleData>
            <SimpleData name="Monto">0.00000000000</SimpleData>
            <SimpleData name="Grupo_de_p">I-GN-XX-XX-XX</SimpleData>
            <SimpleData name="Estado_del">Activo</SimpleData>
            <SimpleData name="Empresa">Emilio Sol?s Grance</SimpleData>
            <SimpleData name="Lote">I</SimpleData>
            <SimpleData name="Parametro">0.00000000000</SimpleData>
            <SimpleData name="Sup_SIG">0.84473700666</SimpleData>
            <SimpleData name="X">-56.44929325000</SimpleData>
            <SimpleData name="Y">-24.32379082000</SimpleData>
            <SimpleData name="cedula">6380639</SimpleData>
            <SimpleData name="Cédula_1">6380639.00000000000</SimpleData>
            <SimpleData name="Estado_d_1">Activo</SimpleData>
            <SimpleData name="OBJECTID_1">7967</SimpleData>
            <SimpleData name="Shape_Leng">445.33298710400</SimpleData>
            <SimpleData name="Shape_Area">8447.37006655000</SimpleData>
          </SchemaData>
        </ExtendedData>
        <Polygon>
          <outerBoundaryIs>
            <LinearRing>
              <coordinates>
                -56.448451699574,-24.3235967002382,0
                -56.4484407000846,-24.3240529001114,0
                -56.4499811002738,-24.3239772001523,0
                -56.4500526001756,-24.3239488000413,0
                -56.4501658998934,-24.3239408995633,0
                -56.4501783998134,-24.3235473997615,0
                -56.448451699574,-24.3235967002382,0
              </coordinates>
            </LinearRing>
          </outerBoundaryIs>
        </Polygon>
      </Placemark>
      <Placemark id="Lote_I.278">
        <ExtendedData>
          <SchemaData schemaUrl="#Lote_I.schema">
            <SimpleData name="Cédula">6386370.00000000000</SimpleData>
            <SimpleData name="Nombres_y_">MERCEDES BRITEZ DAVID</SimpleData>
            <SimpleData name="Sexo">Mujer</SimpleData>
            <SimpleData name="Cambio_de_">NO</SimpleData>
            <SimpleData name="Titular_se">NO</SimpleData>
            <SimpleData name="ci_UNIF">6386370.00000000000</SimpleData>
            <SimpleData name="Situación">NO</SimpleData>
            <SimpleData name="Comunidad">Campesina</SimpleData>
            <SimpleData name="Modelo_imp">Modelo 6</SimpleData>
            <SimpleData name="Departamen">SAN PEDRO</SimpleData>
            <SimpleData name="Distrito">GUAYAIBI</SimpleData>
            <SimpleData name="Localidad">URBANO</SimpleData>
            <SimpleData name="Teléfono">0981175874</SimpleData>
            <SimpleData name="Vivienda_L">-24.52577750000</SimpleData>
            <SimpleData name="Vivienda_1">-56.40807960000</SimpleData>
            <SimpleData name="Superficie">0.90000000000</SimpleData>
            <SimpleData name="Situaci_1">Par?metro</SimpleData>
            <SimpleData name="Plantado">SI</SimpleData>
            <SimpleData name="Fecha_Plan">2026/08/17</SimpleData>
            <SimpleData name="Jornales">0.00000000000</SimpleData>
            <SimpleData name="Monto">0.00000000000</SimpleData>
            <SimpleData name="Grupo_de_p">I-GN-XX-XX-XX</SimpleData>
            <SimpleData name="Estado_del">Activo</SimpleData>
            <SimpleData name="Empresa">Emilio Sol?s Grance</SimpleData>
            <SimpleData name="Lote">I</SimpleData>
            <SimpleData name="Parametro">0.00000000000</SimpleData>
            <SimpleData name="Sup_SIG">0.89774294303</SimpleData>
            <SimpleData name="X">-56.42078402000</SimpleData>
            <SimpleData name="Y">-24.50858208000</SimpleData>
            <SimpleData name="cedula">6386370</SimpleData>
            <SimpleData name="Cédula_1">6386370.00000000000</SimpleData>
            <SimpleData name="Estado_d_1">Activo</SimpleData>
            <SimpleData name="OBJECTID_1">6026</SimpleData>
            <SimpleData name="Shape_Leng">379.55338616800</SimpleData>
            <SimpleData name="Shape_Area">8977.42943031000</SimpleData>
          </SchemaData>
        </ExtendedData>
        <Polygon>
          <outerBoundaryIs>
            <LinearRing>
              <coordinates>
                -56.4202766998521,-24.5089516997888,0
                -56.4212538998976,-24.5090506006505,0
                -56.421237700383,-24.5081542002449,0
                -56.4203365004905,-24.5081463999532,0
                -56.4202766998521,-24.5089516997888,0
              </coordinates>
            </LinearRing>
          </outerBoundaryIs>
        </Polygon>
      </Placemark>
      <Placemark id="Lote_I.279">
        <ExtendedData>
          <SchemaData schemaUrl="#Lote_I.schema">
            <SimpleData name="Cédula">3879559.00000000000</SimpleData>
            <SimpleData name="Nombres_y_">CEFERINA GALEANO BENITEZ</SimpleData>
            <SimpleData name="Sexo">Mujer</SimpleData>
            <SimpleData name="Cambio_de_">NO</SimpleData>
            <SimpleData name="Titular_se">NO</SimpleData>
            <SimpleData name="ci_UNIF">3879559.00000000000</SimpleData>
            <SimpleData name="Situación">NO</SimpleData>
            <SimpleData name="Comunidad">Ind?gena</SimpleData>
            <SimpleData name="Modelo_imp">Modelo 4</SimpleData>
            <SimpleData name="Departamen">SAN PEDRO</SimpleData>
            <SimpleData name="Distrito">CHORE</SimpleData>
            <SimpleData name="Localidad"><![CDATA[COM INDIG ?U APU'A]]></SimpleData>
            <SimpleData name="Teléfono">0984829783</SimpleData>
            <SimpleData name="Vivienda_L">-24.33371050000</SimpleData>
            <SimpleData name="Vivienda_1">-56.54531040000</SimpleData>
            <SimpleData name="Superficie">0.80000000000</SimpleData>
            <SimpleData name="Situaci_1">Par?metro</SimpleData>
            <SimpleData name="Plantado">SI</SimpleData>
            <SimpleData name="Fecha_Plan">2026/08/27</SimpleData>
            <SimpleData name="Jornales">0.00000000000</SimpleData>
            <SimpleData name="Monto">0.00000000000</SimpleData>
            <SimpleData name="Grupo_de_p">I-GN-XX-XX-XX</SimpleData>
            <SimpleData name="Estado_del">Activo</SimpleData>
            <SimpleData name="Empresa">Emilio Sol?s Grance</SimpleData>
            <SimpleData name="Lote">I</SimpleData>
            <SimpleData name="Parametro">0.00000000000</SimpleData>
            <SimpleData name="Sup_SIG">0.95361352365</SimpleData>
            <SimpleData name="X">-56.54281758000</SimpleData>
            <SimpleData name="Y">-24.32347525000</SimpleData>
            <SimpleData name="cedula">3879559</SimpleData>
            <SimpleData name="Cédula_1">3879559.00000000000</SimpleData>
            <SimpleData name="Estado_d_1">Activo</SimpleData>
            <SimpleData name="OBJECTID_1">4978</SimpleData>
            <SimpleData name="Shape_Leng">388.20143448800</SimpleData>
            <SimpleData name="Shape_Area">9536.13523649000</SimpleData>
          </SchemaData>
        </ExtendedData>
        <Polygon>
          <outerBoundaryIs>
            <LinearRing>
              <coordinates>
                -56.5422025003572,-24.3234741995768,0
                -56.5424491993948,-24.3239405995348,0
                -56.5435270003035,-24.3237024004488,0
                -56.5433316999239,-24.3231329992794,0
                -56.542764299185,-24.3230897002838,0
                -56.5421805002119,-24.3231612999544,0
                -56.5422025003572,-24.3234741995768,0
              </coordinates>
            </LinearRing>
          </outerBoundaryIs>
        </Polygon>
      </Placemark>
      <Placemark id="Lote_I.280">
        <ExtendedData>
          <SchemaData schemaUrl="#Lote_I.schema">
            <SimpleData name="Cédula">4320664.00000000000</SimpleData>
            <SimpleData name="Nombres_y_">DELFINA SANABRIA CABRERA</SimpleData>
            <SimpleData name="Sexo">Mujer</SimpleData>
            <SimpleData name="Cambio_de_">NO</SimpleData>
            <SimpleData name="Titular_se">NO</SimpleData>
            <SimpleData name="ci_UNIF">4320664.00000000000</SimpleData>
            <SimpleData name="Situación">NO</SimpleData>
            <SimpleData name="Comunidad">Campesina</SimpleData>
            <SimpleData name="Modelo_imp">Modelo 5</SimpleData>
            <SimpleData name="Departamen">SAN PEDRO</SimpleData>
            <SimpleData name="Distrito">CHORE</SimpleData>
            <SimpleData name="Localidad">LINEA CARAGUATAY</SimpleData>
            <SimpleData name="Teléfono">0985855802</SimpleData>
            <SimpleData name="Vivienda_L">-24.15587140000</SimpleData>
            <SimpleData name="Vivienda_1">-56.58480250000</SimpleData>
            <SimpleData name="Superficie">0.70000000000</SimpleData>
            <SimpleData name="Situaci_1">Par?metro</SimpleData>
            <SimpleData name="Plantado">SI</SimpleData>
            <SimpleData name="Fecha_Plan">2026/08/24</SimpleData>
            <SimpleData name="Jornales">0.00000000000</SimpleData>
            <SimpleData name="Monto">0.00000000000</SimpleData>
            <SimpleData name="Grupo_de_p">I-GN-XX-XX-XX</SimpleData>
            <SimpleData name="Estado_del">Activo</SimpleData>
            <SimpleData name="Empresa">Emilio Sol?s Grance</SimpleData>
            <SimpleData name="Lote">I</SimpleData>
            <SimpleData name="Parametro">0.00000000000</SimpleData>
            <SimpleData name="Sup_SIG">0.72376453760</SimpleData>
            <SimpleData name="X">-56.58947948000</SimpleData>
            <SimpleData name="Y">-24.15602270000</SimpleData>
            <SimpleData name="cedula">4320664</SimpleData>
            <SimpleData name="Cédula_1">4320664.00000000000</SimpleData>
            <SimpleData name="Estado_d_1">Activo</SimpleData>
            <SimpleData name="OBJECTID_1">6001</SimpleData>
            <SimpleData name="Shape_Leng">791.63826950300</SimpleData>
            <SimpleData name="Shape_Area">7237.64537600000</SimpleData>
          </SchemaData>
        </ExtendedData>
        <MultiGeometry>
          <Polygon>
            <outerBoundaryIs>
              <LinearRing>
                <coordinates>
                  -56.5852560996917,-24.1561077994531,0
                  -56.5866625005377,-24.156126598738,0
                  -56.5875430999494,-24.1562262999235,0
                  -56.5875078996636,-24.1560180996758,0
                  -56.5873612999973,-24.1559985989299,0
                  -56.5872174998029,-24.1560939992085,0
                  -56.5863666997439,-24.1560037990632,0
                  -56.5852435001303,-24.1559418989454,0
                  -56.5852560996917,-24.1561077994531,0
                </coordinates>
              </LinearRing>
            </outerBoundaryIs>
          </Polygon>
          <Polygon>
            <outerBoundaryIs>
              <LinearRing>
                <coordinates>
                  -56.5899580002673,-24.1562496991136,0
                  -56.5899925003717,-24.1558892996352,0
                  -56.588999800682,-24.155814799749,0
                  -56.5889252994134,-24.1561275985251,0
                  -56.5899580002673,-24.1562496991136,0
                </coordinates>
              </LinearRing>
            </outerBoundaryIs>
          </Polygon>
        </MultiGeometry>
      </Placemark>
      <Placemark id="Lote_I.281">
        <ExtendedData>
          <SchemaData schemaUrl="#Lote_I.schema">
            <SimpleData name="Cédula">4321550.00000000000</SimpleData>
            <SimpleData name="Nombres_y_">JORGE RAMON LESME RIOS</SimpleData>
            <SimpleData name="Sexo">Hombre</SimpleData>
            <SimpleData name="Cambio_de_">NO</SimpleData>
            <SimpleData name="Titular_se">NO</SimpleData>
            <SimpleData name="ci_UNIF">4321550.00000000000</SimpleData>
            <SimpleData name="Situación">NO</SimpleData>
            <SimpleData name="Comunidad">Campesina</SimpleData>
            <SimpleData name="Modelo_imp">Modelo 5</SimpleData>
            <SimpleData name="Departamen">SAN PEDRO</SimpleData>
            <SimpleData name="Distrito">CHORE</SimpleData>
            <SimpleData name="Localidad">LIBERACION NORTE</SimpleData>
            <SimpleData name="Teléfono">0982299891</SimpleData>
            <SimpleData name="Vivienda_L">-24.15509750000</SimpleData>
            <SimpleData name="Vivienda_1">-56.63477910000</SimpleData>
            <SimpleData name="Superficie">0.70000000000</SimpleData>
            <SimpleData name="Situaci_1">Par?metro</SimpleData>
            <SimpleData name="Plantado">SI</SimpleData>
            <SimpleData name="Fecha_Plan">2026/08/24</SimpleData>
            <SimpleData name="Jornales">0.00000000000</SimpleData>
            <SimpleData name="Monto">0.00000000000</SimpleData>
            <SimpleData name="Grupo_de_p">I-GN-XX-XX-XX</SimpleData>
            <SimpleData name="Estado_del">Activo</SimpleData>
            <SimpleData name="Empresa">Emilio Sol?s Grance</SimpleData>
            <SimpleData name="Lote">I</SimpleData>
            <SimpleData name="Parametro">0.00000000000</SimpleData>
            <SimpleData name="Sup_SIG">0.71223373968</SimpleData>
            <SimpleData name="X">-56.63304565000</SimpleData>
            <SimpleData name="Y">-24.15729421000</SimpleData>
            <SimpleData name="cedula">4321550</SimpleData>
            <SimpleData name="Cédula_1">4321550.00000000000</SimpleData>
            <SimpleData name="Estado_d_1">Activo</SimpleData>
            <SimpleData name="OBJECTID_1">5984</SimpleData>
            <SimpleData name="Shape_Leng">335.82781706500</SimpleData>
            <SimpleData name="Shape_Area">7122.33739682000</SimpleData>
          </SchemaData>
        </ExtendedData>
        <Polygon>
          <outerBoundaryIs>
            <LinearRing>
              <coordinates>
                -56.6331150005207,-24.1578082998607,0
                -56.6331634996028,-24.1578150992306,0
                -56.6334325997686,-24.1575716992028,0
                -56.6334799998106,-24.1574817001176,0
                -56.633407599544,-24.1573437993522,0
                -56.6335216998933,-24.1572282997328,0
                -56.63344500024,-24.1570816998914,0
                -56.6330200005701,-24.1567399993011,0
                -56.6324598714004,-24.1573359159862,0
                -56.6331150005207,-24.1578082998607,0
              </coordinates>
            </LinearRing>
          </outerBoundaryIs>
        </Polygon>
      </Placemark>
      <Placemark id="Lote_I.282">
        <ExtendedData>
          <SchemaData schemaUrl="#Lote_I.schema">
            <SimpleData name="Cédula">4860983.00000000000</SimpleData>
            <SimpleData name="Nombres_y_">LAURA LETIZIA FERREIRA</SimpleData>
            <SimpleData name="Sexo">Mujer</SimpleData>
            <SimpleData name="Cambio_de_">NO</SimpleData>
            <SimpleData name="Titular_se">NO</SimpleData>
            <SimpleData name="ci_UNIF">4860983.00000000000</SimpleData>
            <SimpleData name="Situación">NO</SimpleData>
            <SimpleData name="Comunidad">Campesina</SimpleData>
            <SimpleData name="Modelo_imp">Modelo 3</SimpleData>
            <SimpleData name="Departamen">SAN PEDRO</SimpleData>
            <SimpleData name="Distrito">SAN PABLO KOKUERE</SimpleData>
            <SimpleData name="Localidad">SAN RAMON</SimpleData>
            <SimpleData name="Teléfono">0983148914</SimpleData>
            <SimpleData name="Vivienda_L">-24.16606090000</SimpleData>
            <SimpleData name="Vivienda_1">-56.86268270000</SimpleData>
            <SimpleData name="Superficie">1.00000000000</SimpleData>
            <SimpleData name="Situaci_1">Par?metro</SimpleData>
            <SimpleData name="Plantado">SI</SimpleData>
            <SimpleData name="Fecha_Plan">2026/08/25</SimpleData>
            <SimpleData name="Jornales">0.00000000000</SimpleData>
            <SimpleData name="Monto">0.00000000000</SimpleData>
            <SimpleData name="Grupo_de_p">I-GN-XX-XX-XX</SimpleData>
            <SimpleData name="Estado_del">Activo</SimpleData>
            <SimpleData name="Empresa">Emilio Sol?s Grance</SimpleData>
            <SimpleData name="Lote">I</SimpleData>
            <SimpleData name="Parametro">0.00000000000</SimpleData>
            <SimpleData name="Sup_SIG">0.99673160666</SimpleData>
            <SimpleData name="X">-56.85994011000</SimpleData>
            <SimpleData name="Y">-24.17866638000</SimpleData>
            <SimpleData name="cedula">4860983</SimpleData>
            <SimpleData name="Cédula_1">4860983.00000000000</SimpleData>
            <SimpleData name="Estado_d_1">Activo</SimpleData>
            <SimpleData name="OBJECTID_1">7977</SimpleData>
            <SimpleData name="Shape_Leng">486.79330413500</SimpleData>
            <SimpleData name="Shape_Area">9967.31606660000</SimpleData>
          </SchemaData>
        </ExtendedData>
        <Polygon>
          <outerBoundaryIs>
            <LinearRing>
              <coordinates>
                -56.8588999997332,-24.1785332997586,0
                -56.8606980896087,-24.1792078368845,0
                -56.8608053773503,-24.1786114043876,0
                -56.8590516999837,-24.1782099993037,0
                -56.8588999997332,-24.1785332997586,0
              </coordinates>
            </LinearRing>
          </outerBoundaryIs>
        </Polygon>
      </Placemark>
      <Placemark id="Lote_I.283">
        <ExtendedData>
          <SchemaData schemaUrl="#Lote_I.schema">
            <SimpleData name="Cédula">5762159.00000000000</SimpleData>
            <SimpleData name="Nombres_y_">CELIA RODRIGUEZ RIVEROS</SimpleData>
            <SimpleData name="Sexo">Mujer</SimpleData>
            <SimpleData name="Cambio_de_">NO</SimpleData>
            <SimpleData name="Titular_se">NO</SimpleData>
            <SimpleData name="ci_UNIF">5762159.00000000000</SimpleData>
            <SimpleData name="Situación">NO</SimpleData>
            <SimpleData name="Comunidad">Campesina</SimpleData>
            <SimpleData name="Modelo_imp">Modelo 1</SimpleData>
            <SimpleData name="Departamen">SAN PEDRO</SimpleData>
            <SimpleData name="Distrito">CHORE</SimpleData>
            <SimpleData name="Localidad">BARRIO 25 DE MAYO</SimpleData>
            <SimpleData name="Teléfono">0971698103</SimpleData>
            <SimpleData name="Vivienda_L">-24.24808890000</SimpleData>
            <SimpleData name="Vivienda_1">-56.58202930000</SimpleData>
            <SimpleData name="Superficie">0.80000000000</SimpleData>
            <SimpleData name="Situaci_1">Par?metro</SimpleData>
            <SimpleData name="Plantado">SI</SimpleData>
            <SimpleData name="Fecha_Plan">2026/08/24</SimpleData>
            <SimpleData name="Jornales">0.00000000000</SimpleData>
            <SimpleData name="Monto">0.00000000000</SimpleData>
            <SimpleData name="Grupo_de_p">I-GN-XX-XX-XX</SimpleData>
            <SimpleData name="Estado_del">Activo</SimpleData>
            <SimpleData name="Empresa">Emilio Sol?s Grance</SimpleData>
            <SimpleData name="Lote">I</SimpleData>
            <SimpleData name="Parametro">0.00000000000</SimpleData>
            <SimpleData name="Sup_SIG">0.92831616384</SimpleData>
            <SimpleData name="X">-56.58476020000</SimpleData>
            <SimpleData name="Y">-24.24838252000</SimpleData>
            <SimpleData name="cedula">5762159</SimpleData>
            <SimpleData name="Cédula_1">5762159.00000000000</SimpleData>
            <SimpleData name="Estado_d_1">Activo</SimpleData>
            <SimpleData name="OBJECTID_1">5963</SimpleData>
            <SimpleData name="Shape_Leng">548.88590056200</SimpleData>
            <SimpleData name="Shape_Area">9283.16163838000</SimpleData>
          </SchemaData>
        </ExtendedData>
        <MultiGeometry>
          <Polygon>
            <outerBoundaryIs>
              <LinearRing>
                <coordinates>
                  -56.5851909997248,-24.2487631992253,0
                  -56.585227400053,-24.2480956994173,0
                  -56.5843232995797,-24.2480116990777,0
                  -56.5842896999989,-24.2486588990991,0
                  -56.5851909997248,-24.2487631992253,0
                </coordinates>
              </LinearRing>
            </outerBoundaryIs>
          </Polygon>
          <Polygon>
            <outerBoundaryIs>
              <LinearRing>
                <coordinates>
                  -56.58186029992,-24.2484028993859,0
                  -56.5819119999012,-24.2479067999593,0
                  -56.5815390003923,-24.2478866984547,0
                  -56.5815169000186,-24.248135299424,0
                  -56.5813291006707,-24.2481578997699,0
                  -56.5813474003292,-24.2483979991045,0
                  -56.58186029992,-24.2484028993859,0
                </coordinates>
              </LinearRing>
            </outerBoundaryIs>
          </Polygon>
        </MultiGeometry>
      </Placemark>
      <Placemark id="Lote_I.284">
        <ExtendedData>
          <SchemaData schemaUrl="#Lote_I.schema">
            <SimpleData name="Cédula">6075018.00000000000</SimpleData>
            <SimpleData name="Nombres_y_">CELMA CATALINA MENDEZ SANCHEZ</SimpleData>
            <SimpleData name="Sexo">Mujer</SimpleData>
            <SimpleData name="Cambio_de_">NO</SimpleData>
            <SimpleData name="Titular_se">NO</SimpleData>
            <SimpleData name="ci_UNIF">6075018.00000000000</SimpleData>
            <SimpleData name="Situación">NO</SimpleData>
            <SimpleData name="Comunidad">Campesina</SimpleData>
            <SimpleData name="Modelo_imp">Modelo 1</SimpleData>
            <SimpleData name="Departamen">SAN PEDRO</SimpleData>
            <SimpleData name="Distrito">CHORE</SimpleData>
            <SimpleData name="Localidad">BARRIO 25 DE MAYO</SimpleData>
            <SimpleData name="Teléfono">0973374589</SimpleData>
            <SimpleData name="Vivienda_L">-24.25709200000</SimpleData>
            <SimpleData name="Vivienda_1">-56.61492330000</SimpleData>
            <SimpleData name="Superficie">0.80000000000</SimpleData>
            <SimpleData name="Situaci_1">Par?metro</SimpleData>
            <SimpleData name="Plantado">SI</SimpleData>
            <SimpleData name="Fecha_Plan">2026/08/24</SimpleData>
            <SimpleData name="Jornales">0.00000000000</SimpleData>
            <SimpleData name="Monto">0.00000000000</SimpleData>
            <SimpleData name="Grupo_de_p">I-GN-XX-XX-XX</SimpleData>
            <SimpleData name="Estado_del">Activo</SimpleData>
            <SimpleData name="Empresa">Emilio Sol?s Grance</SimpleData>
            <SimpleData name="Lote">I</SimpleData>
            <SimpleData name="Parametro">0.00000000000</SimpleData>
            <SimpleData name="Sup_SIG">0.83857072013</SimpleData>
            <SimpleData name="X">-56.61879954000</SimpleData>
            <SimpleData name="Y">-24.25712433000</SimpleData>
            <SimpleData name="cedula">6075018</SimpleData>
            <SimpleData name="Cédula_1">6075018.00000000000</SimpleData>
            <SimpleData name="Estado_d_1">Activo</SimpleData>
            <SimpleData name="OBJECTID_1">5964</SimpleData>
            <SimpleData name="Shape_Leng">557.48828247500</SimpleData>
            <SimpleData name="Shape_Area">8385.70720125000</SimpleData>
          </SchemaData>
        </ExtendedData>
        <Polygon>
          <outerBoundaryIs>
            <LinearRing>
              <coordinates>
                -56.6175873004505,-24.2570010998401,0
                -56.6176054000144,-24.2573107996082,0
                -56.6200017003827,-24.257248100373,0
                -56.6200047000215,-24.2569381997441,0
                -56.6175873004505,-24.2570010998401,0
              </coordinates>
            </LinearRing>
          </outerBoundaryIs>
        </Polygon>
      </Placemark>
      <Placemark id="Lote_I.285">
        <ExtendedData>
          <SchemaData schemaUrl="#Lote_I.schema">
            <SimpleData name="Cédula">6310112.00000000000</SimpleData>
            <SimpleData name="Nombres_y_">FATIMA SANCHEZ MARTINEZ</SimpleData>
            <SimpleData name="Sexo">Mujer</SimpleData>
            <SimpleData name="Cambio_de_">NO</SimpleData>
            <SimpleData name="Titular_se">NO</SimpleData>
            <SimpleData name="ci_UNIF">6310112.00000000000</SimpleData>
            <SimpleData name="Situación">NO</SimpleData>
            <SimpleData name="Comunidad">Campesina</SimpleData>
            <SimpleData name="Modelo_imp">Modelo 4</SimpleData>
            <SimpleData name="Departamen">SAN PEDRO</SimpleData>
            <SimpleData name="Distrito">SAN PABLO KOKUERE</SimpleData>
            <SimpleData name="Localidad">RUTARA</SimpleData>
            <SimpleData name="Teléfono">0983966579</SimpleData>
            <SimpleData name="Vivienda_L">-24.12864560000</SimpleData>
            <SimpleData name="Vivienda_1">-56.83415630000</SimpleData>
            <SimpleData name="Superficie">0.80000000000</SimpleData>
            <SimpleData name="Situaci_1">Par?metro</SimpleData>
            <SimpleData name="Plantado">SI</SimpleData>
            <SimpleData name="Fecha_Plan">2026/08/27</SimpleData>
            <SimpleData name="Jornales">0.00000000000</SimpleData>
            <SimpleData name="Monto">0.00000000000</SimpleData>
            <SimpleData name="Grupo_de_p">I-GN-XX-XX-XX</SimpleData>
            <SimpleData name="Estado_del">Activo</SimpleData>
            <SimpleData name="Empresa">Emilio Sol?s Grance</SimpleData>
            <SimpleData name="Lote">I</SimpleData>
            <SimpleData name="Parametro">0.00000000000</SimpleData>
            <SimpleData name="Sup_SIG">0.98895494611</SimpleData>
            <SimpleData name="X">-56.83507136000</SimpleData>
            <SimpleData name="Y">-24.13495400000</SimpleData>
            <SimpleData name="cedula">6310112</SimpleData>
            <SimpleData name="Cédula_1">6310112.00000000000</SimpleData>
            <SimpleData name="Estado_d_1">Activo</SimpleData>
            <SimpleData name="OBJECTID_1">4984</SimpleData>
            <SimpleData name="Shape_Leng">398.29567070000</SimpleData>
            <SimpleData name="Shape_Area">9889.54946109000</SimpleData>
          </SchemaData>
        </ExtendedData>
        <Polygon>
          <outerBoundaryIs>
            <LinearRing>
              <coordinates>
                -56.8344981008692,-24.1346505999072,0
                -56.8346038997941,-24.1354026001432,0
                -56.8357220290625,-24.1353314375015,0
                -56.8353760239867,-24.1344153693585,0
                -56.8350316996441,-24.1344799999925,0
                -56.8344981008692,-24.1346505999072,0
              </coordinates>
            </LinearRing>
          </outerBoundaryIs>
        </Polygon>
      </Placemark>
      <Placemark id="Lote_I.286">
        <ExtendedData>
          <SchemaData schemaUrl="#Lote_I.schema">
            <SimpleData name="Cédula">6348318.00000000000</SimpleData>
            <SimpleData name="Nombres_y_">ROBERTA FLORES BENITEZ</SimpleData>
            <SimpleData name="Sexo">Mujer</SimpleData>
            <SimpleData name="Cambio_de_">NO</SimpleData>
            <SimpleData name="Titular_se">NO</SimpleData>
            <SimpleData name="ci_UNIF">6348318.00000000000</SimpleData>
            <SimpleData name="Situación">NO</SimpleData>
            <SimpleData name="Comunidad">Ind?gena</SimpleData>
            <SimpleData name="Modelo_imp">Modelo 4</SimpleData>
            <SimpleData name="Departamen">SAN PEDRO</SimpleData>
            <SimpleData name="Distrito">CHORE</SimpleData>
            <SimpleData name="Localidad"><![CDATA[COM INDIG ?U APU'A]]></SimpleData>
            <SimpleData name="Teléfono">0983523192</SimpleData>
            <SimpleData name="Vivienda_L">-24.33455620000</SimpleData>
            <SimpleData name="Vivienda_1">-56.54522860000</SimpleData>
            <SimpleData name="Superficie">0.80000000000</SimpleData>
            <SimpleData name="Situaci_1">Par?metro</SimpleData>
            <SimpleData name="Plantado">SI</SimpleData>
            <SimpleData name="Fecha_Plan">2026/08/27</SimpleData>
            <SimpleData name="Jornales">0.00000000000</SimpleData>
            <SimpleData name="Monto">0.00000000000</SimpleData>
            <SimpleData name="Grupo_de_p">I-GN-XX-XX-XX</SimpleData>
            <SimpleData name="Estado_del">Activo</SimpleData>
            <SimpleData name="Empresa">Emilio Sol?s Grance</SimpleData>
            <SimpleData name="Lote">I</SimpleData>
            <SimpleData name="Parametro">0.00000000000</SimpleData>
            <SimpleData name="Sup_SIG">0.81039022799</SimpleData>
            <SimpleData name="X">-56.54124925000</SimpleData>
            <SimpleData name="Y">-24.32201631000</SimpleData>
            <SimpleData name="cedula">6348318</SimpleData>
            <SimpleData name="Cédula_1">6348318.00000000000</SimpleData>
            <SimpleData name="Estado_d_1">Activo</SimpleData>
            <SimpleData name="OBJECTID_1">4976</SimpleData>
            <SimpleData name="Shape_Leng">451.29898321600</SimpleData>
            <SimpleData name="Shape_Area">8103.90227990000</SimpleData>
          </SchemaData>
        </ExtendedData>
        <Polygon>
          <outerBoundaryIs>
            <LinearRing>
              <coordinates>
                -56.5411450000317,-24.3212782998851,0
                -56.5408633004975,-24.3229133002354,0
                -56.5413927006088,-24.3226264998026,0
                -56.5416236004894,-24.3212267990716,0
                -56.5411450000317,-24.3212782998851,0
              </coordinates>
            </LinearRing>
          </outerBoundaryIs>
        </Polygon>
      </Placemark>
      <Placemark id="Lote_I.287">
        <ExtendedData>
          <SchemaData schemaUrl="#Lote_I.schema">
            <SimpleData name="Cédula">6348978.00000000000</SimpleData>
            <SimpleData name="Nombres_y_">OLGA  ARGUELLO MOLINEZ</SimpleData>
            <SimpleData name="Sexo">Mujer</SimpleData>
            <SimpleData name="Cambio_de_">NO</SimpleData>
            <SimpleData name="Titular_se">NO</SimpleData>
            <SimpleData name="ci_UNIF">6348978.00000000000</SimpleData>
            <SimpleData name="Situación">NO</SimpleData>
            <SimpleData name="Comunidad">Campesina</SimpleData>
            <SimpleData name="Modelo_imp">Modelo 5</SimpleData>
            <SimpleData name="Departamen">SAN PEDRO</SimpleData>
            <SimpleData name="Distrito">CHORE</SimpleData>
            <SimpleData name="Localidad">KOKUERA CALLE SAN BLAS</SimpleData>
            <SimpleData name="Teléfono">975316794</SimpleData>
            <SimpleData name="Vivienda_L">-24.16673360000</SimpleData>
            <SimpleData name="Vivienda_1">-56.76298660000</SimpleData>
            <SimpleData name="Superficie">0.70000000000</SimpleData>
            <SimpleData name="Situaci_1">Par?metro</SimpleData>
            <SimpleData name="Plantado">SI</SimpleData>
            <SimpleData name="Fecha_Plan">2026/08/24</SimpleData>
            <SimpleData name="Jornales">0.00000000000</SimpleData>
            <SimpleData name="Monto">0.00000000000</SimpleData>
            <SimpleData name="Grupo_de_p">I-GN-XX-XX-XX</SimpleData>
            <SimpleData name="Estado_del">Activo</SimpleData>
            <SimpleData name="Empresa">Emilio Sol?s Grance</SimpleData>
            <SimpleData name="Lote">I</SimpleData>
            <SimpleData name="Parametro">0.00000000000</SimpleData>
            <SimpleData name="Sup_SIG">0.72859297153</SimpleData>
            <SimpleData name="X">-56.75810000000</SimpleData>
            <SimpleData name="Y">-24.16128551000</SimpleData>
            <SimpleData name="cedula">6348978</SimpleData>
            <SimpleData name="Cédula_1">6348978.00000000000</SimpleData>
            <SimpleData name="Estado_d_1">Activo</SimpleData>
            <SimpleData name="OBJECTID_1">6404</SimpleData>
            <SimpleData name="Shape_Leng">369.74944286900</SimpleData>
            <SimpleData name="Shape_Area">7285.92971530000</SimpleData>
          </SchemaData>
        </ExtendedData>
        <Polygon>
          <outerBoundaryIs>
            <LinearRing>
              <coordinates>
                -56.757773399882,-24.1618265999938,0
                -56.7583459997096,-24.1618865992827,0
                -56.7584113999174,-24.16071789946,0
                -56.7578655997525,-24.1606906994909,0
                -56.757773399882,-24.1618265999938,0
              </coordinates>
            </LinearRing>
          </outerBoundaryIs>
        </Polygon>
      </Placemark>
      <Placemark id="Lote_I.288">
        <ExtendedData>
          <SchemaData schemaUrl="#Lote_I.schema">
            <SimpleData name="Cédula">6647508.00000000000</SimpleData>
            <SimpleData name="Nombres_y_">MARIA CRISTINA ARCE VERA</SimpleData>
            <SimpleData name="Sexo">Mujer</SimpleData>
            <SimpleData name="Cambio_de_">NO</SimpleData>
            <SimpleData name="Titular_se">NO</SimpleData>
            <SimpleData name="ci_UNIF">6647508.00000000000</SimpleData>
            <SimpleData name="Situación">NO</SimpleData>
            <SimpleData name="Comunidad">Campesina</SimpleData>
            <SimpleData name="Modelo_imp">Modelo 5</SimpleData>
            <SimpleData name="Departamen">SAN PEDRO</SimpleData>
            <SimpleData name="Distrito">LIMA</SimpleData>
            <SimpleData name="Localidad">CARUMBEY 2</SimpleData>
            <SimpleData name="Teléfono">0983185244</SimpleData>
            <SimpleData name="Vivienda_L">-23.93106260000</SimpleData>
            <SimpleData name="Vivienda_1">-56.38774520000</SimpleData>
            <SimpleData name="Superficie">0.70000000000</SimpleData>
            <SimpleData name="Situaci_1">Par?metro</SimpleData>
            <SimpleData name="Plantado">SI</SimpleData>
            <SimpleData name="Fecha_Plan">2026/06/05</SimpleData>
            <SimpleData name="Jornales">0.00000000000</SimpleData>
            <SimpleData name="Monto">0.00000000000</SimpleData>
            <SimpleData name="Grupo_de_p">I-GN-XX-XX-XX</SimpleData>
            <SimpleData name="Estado_del">Activo</SimpleData>
            <SimpleData name="Empresa">Emilio Sol?s Grance</SimpleData>
            <SimpleData name="Lote">I</SimpleData>
            <SimpleData name="Parametro">0.00000000000</SimpleData>
            <SimpleData name="Sup_SIG">0.76523555466</SimpleData>
            <SimpleData name="X">-56.38627696000</SimpleData>
            <SimpleData name="Y">-23.93185777000</SimpleData>
            <SimpleData name="cedula">6647508</SimpleData>
            <SimpleData name="Cédula_1">6647508.00000000000</SimpleData>
            <SimpleData name="Estado_d_1">Activo</SimpleData>
            <SimpleData name="OBJECTID_1">8536</SimpleData>
            <SimpleData name="Shape_Leng">350.29695575900</SimpleData>
            <SimpleData name="Shape_Area">7652.35554662000</SimpleData>
          </SchemaData>
        </ExtendedData>
        <Polygon>
          <outerBoundaryIs>
            <LinearRing>
              <coordinates>
                -56.3856811994289,-23.9317308995331,0
                -56.3861905008183,-23.9324314991134,0
                -56.3868664003892,-23.931924299553,0
                -56.3863917000858,-23.931318299881,0
                -56.3856811994289,-23.9317308995331,0
              </coordinates>
            </LinearRing>
          </outerBoundaryIs>
        </Polygon>
      </Placemark>
      <Placemark id="Lote_I.289">
        <ExtendedData>
          <SchemaData schemaUrl="#Lote_I.schema">
            <SimpleData name="Cédula">6754099.00000000000</SimpleData>
            <SimpleData name="Nombres_y_">TEODORO RAMON BARRIOS GONZALEZ</SimpleData>
            <SimpleData name="Sexo">Hombre</SimpleData>
            <SimpleData name="Cambio_de_">NO</SimpleData>
            <SimpleData name="Titular_se">NO</SimpleData>
            <SimpleData name="ci_UNIF">6754099.00000000000</SimpleData>
            <SimpleData name="Situación">NO</SimpleData>
            <SimpleData name="Comunidad">Campesina</SimpleData>
            <SimpleData name="Modelo_imp">Modelo 3</SimpleData>
            <SimpleData name="Departamen">SAN PEDRO</SimpleData>
            <SimpleData name="Distrito">SAN PABLO KOKUERE</SimpleData>
            <SimpleData name="Localidad">SAN RAMON</SimpleData>
            <SimpleData name="Teléfono">0984590841</SimpleData>
            <SimpleData name="Vivienda_L">-24.16556290000</SimpleData>
            <SimpleData name="Vivienda_1">-56.85775780000</SimpleData>
            <SimpleData name="Superficie">1.00000000000</SimpleData>
            <SimpleData name="Situaci_1">Par?metro</SimpleData>
            <SimpleData name="Plantado">SI</SimpleData>
            <SimpleData name="Fecha_Plan">2026/08/25</SimpleData>
            <SimpleData name="Jornales">0.00000000000</SimpleData>
            <SimpleData name="Monto">0.00000000000</SimpleData>
            <SimpleData name="Grupo_de_p">I-GN-XX-XX-XX</SimpleData>
            <SimpleData name="Estado_del">Activo</SimpleData>
            <SimpleData name="Empresa">Emilio Sol?s Grance</SimpleData>
            <SimpleData name="Lote">I</SimpleData>
            <SimpleData name="Parametro">0.00000000000</SimpleData>
            <SimpleData name="Sup_SIG">1.22632356548</SimpleData>
            <SimpleData name="X">-56.86398349000</SimpleData>
            <SimpleData name="Y">-24.17650718000</SimpleData>
            <SimpleData name="cedula">6754099</SimpleData>
            <SimpleData name="Cédula_1">6754099.00000000000</SimpleData>
            <SimpleData name="Estado_d_1">Activo</SimpleData>
            <SimpleData name="OBJECTID_1">7975</SimpleData>
            <SimpleData name="Shape_Leng">454.07372476500</SimpleData>
            <SimpleData name="Shape_Area">12263.23565480000</SimpleData>
          </SchemaData>
        </ExtendedData>
        <Polygon>
          <outerBoundaryIs>
            <LinearRing>
              <coordinates>
                -56.8634624402696,-24.1770600564797,0
                -56.864385791748,-24.1771652739073,0
                -56.864446899149,-24.1758576995947,0
                -56.8636086003252,-24.1758990993593,0
                -56.8634624402696,-24.1770600564797,0
              </coordinates>
            </LinearRing>
          </outerBoundaryIs>
        </Polygon>
      </Placemark>
      <Placemark id="Lote_I.290">
        <ExtendedData>
          <SchemaData schemaUrl="#Lote_I.schema">
            <SimpleData name="Cédula">6755248.00000000000</SimpleData>
            <SimpleData name="Nombres_y_">ARMINDA BARRIOS GONZALEZ</SimpleData>
            <SimpleData name="Sexo">Mujer</SimpleData>
            <SimpleData name="Cambio_de_">NO</SimpleData>
            <SimpleData name="Titular_se">NO</SimpleData>
            <SimpleData name="ci_UNIF">6755248.00000000000</SimpleData>
            <SimpleData name="Situación">NO</SimpleData>
            <SimpleData name="Comunidad">Campesina</SimpleData>
            <SimpleData name="Modelo_imp">Modelo 3</SimpleData>
            <SimpleData name="Departamen">SAN PEDRO</SimpleData>
            <SimpleData name="Distrito">SAN PABLO KOKUERE</SimpleData>
            <SimpleData name="Localidad">SAN RAMON</SimpleData>
            <SimpleData name="Teléfono">0986823151</SimpleData>
            <SimpleData name="Vivienda_L">-24.16560560000</SimpleData>
            <SimpleData name="Vivienda_1">-56.85790560000</SimpleData>
            <SimpleData name="Superficie">1.00000000000</SimpleData>
            <SimpleData name="Situaci_1">Par?metro</SimpleData>
            <SimpleData name="Plantado">SI</SimpleData>
            <SimpleData name="Fecha_Plan">2026/08/25</SimpleData>
            <SimpleData name="Jornales">0.00000000000</SimpleData>
            <SimpleData name="Monto">0.00000000000</SimpleData>
            <SimpleData name="Grupo_de_p">I-GN-XX-XX-XX</SimpleData>
            <SimpleData name="Estado_del">Activo</SimpleData>
            <SimpleData name="Empresa">Emilio Sol?s Grance</SimpleData>
            <SimpleData name="Lote">I</SimpleData>
            <SimpleData name="Parametro">0.00000000000</SimpleData>
            <SimpleData name="Sup_SIG">1.45545503812</SimpleData>
            <SimpleData name="X">-56.86238563000</SimpleData>
            <SimpleData name="Y">-24.17598979000</SimpleData>
            <SimpleData name="cedula">6755248</SimpleData>
            <SimpleData name="Cédula_1">6755248.00000000000</SimpleData>
            <SimpleData name="Estado_d_1">Activo</SimpleData>
            <SimpleData name="OBJECTID_1">7974</SimpleData>
            <SimpleData name="Shape_Leng">574.26396286300</SimpleData>
            <SimpleData name="Shape_Area">14554.55038120000</SimpleData>
          </SchemaData>
        </ExtendedData>
        <Polygon>
          <outerBoundaryIs>
            <LinearRing>
              <coordinates>
                -56.8613190209499,-24.1762663292546,0
                -56.8634708225901,-24.1763131268735,0
                -56.8635645997923,-24.1757994995643,0
                -56.8613747006924,-24.1755961999181,0
                -56.8613190209499,-24.1762663292546,0
              </coordinates>
            </LinearRing>
          </outerBoundaryIs>
        </Polygon>
      </Placemark>
      <Placemark id="Lote_I.291">
        <ExtendedData>
          <SchemaData schemaUrl="#Lote_I.schema">
            <SimpleData name="Cédula">6881130.00000000000</SimpleData>
            <SimpleData name="Nombres_y_">ALDO  ACOSTA MELO</SimpleData>
            <SimpleData name="Sexo">Hombre</SimpleData>
            <SimpleData name="Cambio_de_">NO</SimpleData>
            <SimpleData name="Titular_se">NO</SimpleData>
            <SimpleData name="ci_UNIF">6881130.00000000000</SimpleData>
            <SimpleData name="Comunidad">Campesina</SimpleData>
            <SimpleData name="Modelo_imp">Modelo 5</SimpleData>
            <SimpleData name="Departamen">SAN PEDRO</SimpleData>
            <SimpleData name="Distrito">CHORE</SimpleData>
            <SimpleData name="Localidad">LINEA CARAGUATAY</SimpleData>
            <SimpleData name="Teléfono">973812761</SimpleData>
            <SimpleData name="Vivienda_L">-24.15627170000</SimpleData>
            <SimpleData name="Vivienda_1">-56.58429000000</SimpleData>
            <SimpleData name="Superficie">0.70000000000</SimpleData>
            <SimpleData name="Situaci_1">Par?metro</SimpleData>
            <SimpleData name="Plantado">SI</SimpleData>
            <SimpleData name="Fecha_Plan">2026/08/24</SimpleData>
            <SimpleData name="Jornales">0.00000000000</SimpleData>
            <SimpleData name="Monto">0.00000000000</SimpleData>
            <SimpleData name="Grupo_de_p">I-GN-XX-XX-XX</SimpleData>
            <SimpleData name="Estado_del">Activo</SimpleData>
            <SimpleData name="Empresa">Emilio Sol?s Grance</SimpleData>
            <SimpleData name="Lote">I</SimpleData>
            <SimpleData name="Parametro">0.00000000000</SimpleData>
            <SimpleData name="Sup_SIG">0.76805054043</SimpleData>
            <SimpleData name="X">-56.57438801000</SimpleData>
            <SimpleData name="Y">-24.15534147000</SimpleData>
            <SimpleData name="cedula">6881130</SimpleData>
            <SimpleData name="Cédula_1">6881130.00000000000</SimpleData>
            <SimpleData name="Estado_d_1">Activo</SimpleData>
            <SimpleData name="OBJECTID_1">6425</SimpleData>
            <SimpleData name="Shape_Leng">457.91941580500</SimpleData>
            <SimpleData name="Shape_Area">7680.50540431000</SimpleData>
          </SchemaData>
        </ExtendedData>
        <Polygon>
          <outerBoundaryIs>
            <LinearRing>
              <coordinates>
                -56.5746256996199,-24.1548082996767,0
                -56.5746025991717,-24.1552321998922,0
                -56.5735684999192,-24.1552168991315,0
                -56.5735643998115,-24.1555600994825,0
                -56.5749323002181,-24.1556780996931,0
                -56.5749683000782,-24.1548356989425,0
                -56.5746256996199,-24.1548082996767,0
              </coordinates>
            </LinearRing>
          </outerBoundaryIs>
        </Polygon>
      </Placemark>
      <Placemark id="Lote_I.292">
        <ExtendedData>
          <SchemaData schemaUrl="#Lote_I.schema">
            <SimpleData name="Cédula">7391482.00000000000</SimpleData>
            <SimpleData name="Nombres_y_">VIRGINIA GARCIA LUGO</SimpleData>
            <SimpleData name="Sexo">Mujer</SimpleData>
            <SimpleData name="Cambio_de_">NO</SimpleData>
            <SimpleData name="Titular_se">NO</SimpleData>
            <SimpleData name="ci_UNIF">7391482.00000000000</SimpleData>
            <SimpleData name="Situación">NO</SimpleData>
            <SimpleData name="Comunidad">Campesina</SimpleData>
            <SimpleData name="Modelo_imp">Modelo 2</SimpleData>
            <SimpleData name="Departamen">SAN PEDRO</SimpleData>
            <SimpleData name="Distrito">CHORE</SimpleData>
            <SimpleData name="Localidad">JHUGUA POTI</SimpleData>
            <SimpleData name="Teléfono">0983024552</SimpleData>
            <SimpleData name="Vivienda_L">-24.26432100000</SimpleData>
            <SimpleData name="Vivienda_1">-56.57330260000</SimpleData>
            <SimpleData name="Superficie">0.80000000000</SimpleData>
            <SimpleData name="Situaci_1">Par?metro</SimpleData>
            <SimpleData name="Plantado">SI</SimpleData>
            <SimpleData name="Fecha_Plan">2026/08/24</SimpleData>
            <SimpleData name="Jornales">0.00000000000</SimpleData>
            <SimpleData name="Monto">0.00000000000</SimpleData>
            <SimpleData name="Grupo_de_p">I-GN-XX-XX-XX</SimpleData>
            <SimpleData name="Estado_del">Activo</SimpleData>
            <SimpleData name="Empresa">Emilio Sol?s Grance</SimpleData>
            <SimpleData name="Lote">I</SimpleData>
            <SimpleData name="Parametro">0.00000000000</SimpleData>
            <SimpleData name="Sup_SIG">0.89116902076</SimpleData>
            <SimpleData name="X">-56.57179679000</SimpleData>
            <SimpleData name="Y">-24.26414994000</SimpleData>
            <SimpleData name="cedula">7391482</SimpleData>
            <SimpleData name="Cédula_1">7391482.00000000000</SimpleData>
            <SimpleData name="Estado_d_1">Activo</SimpleData>
            <SimpleData name="OBJECTID_1">5966</SimpleData>
            <SimpleData name="Shape_Leng">542.55711899400</SimpleData>
            <SimpleData name="Shape_Area">8911.69020758000</SimpleData>
          </SchemaData>
        </ExtendedData>
        <MultiGeometry>
          <Polygon>
            <outerBoundaryIs>
              <LinearRing>
                <coordinates>
                  -56.572141899639,-24.264452898873,0
                  -56.5722767004133,-24.2638916992064,0
                  -56.571480200289,-24.2638773995309,0
                  -56.5713873006666,-24.2639999992243,0
                  -56.571303299738,-24.2643699997204,0
                  -56.572141899639,-24.264452898873,0
                </coordinates>
              </LinearRing>
            </outerBoundaryIs>
          </Polygon>
          <Polygon>
            <outerBoundaryIs>
              <LinearRing>
                <coordinates>
                  -56.5688508005663,-24.2644291992674,0
                  -56.5689256007071,-24.263756399101,0
                  -56.5684112002082,-24.2636776992662,0
                  -56.5683819000212,-24.2643854991923,0
                  -56.5688508005663,-24.2644291992674,0
                </coordinates>
              </LinearRing>
            </outerBoundaryIs>
          </Polygon>
        </MultiGeometry>
      </Placemark>
      <Placemark id="Lote_I.293">
        <ExtendedData>
          <SchemaData schemaUrl="#Lote_I.schema">
            <SimpleData name="Cédula">8384113.00000000000</SimpleData>
            <SimpleData name="Nombres_y_">EVELIN TAMARA NU?EZ PEREZ</SimpleData>
            <SimpleData name="Sexo">Mujer</SimpleData>
            <SimpleData name="Cambio_de_">NO</SimpleData>
            <SimpleData name="Titular_se">NO</SimpleData>
            <SimpleData name="ci_UNIF">8384113.00000000000</SimpleData>
            <SimpleData name="Situación">NO</SimpleData>
            <SimpleData name="Comunidad">Campesina</SimpleData>
            <SimpleData name="Modelo_imp">Modelo 3</SimpleData>
            <SimpleData name="Departamen">SAN PEDRO</SimpleData>
            <SimpleData name="Distrito">SAN PABLO KOKUERE</SimpleData>
            <SimpleData name="Localidad">SAN RAMON</SimpleData>
            <SimpleData name="Teléfono">0986966762</SimpleData>
            <SimpleData name="Vivienda_L">-24.16613470000</SimpleData>
            <SimpleData name="Vivienda_1">-56.86203610000</SimpleData>
            <SimpleData name="Superficie">1.00000000000</SimpleData>
            <SimpleData name="Situaci_1">Par?metro</SimpleData>
            <SimpleData name="Plantado">SI</SimpleData>
            <SimpleData name="Fecha_Plan">2026/08/25</SimpleData>
            <SimpleData name="Jornales">0.00000000000</SimpleData>
            <SimpleData name="Monto">0.00000000000</SimpleData>
            <SimpleData name="Grupo_de_p">I-GN-XX-XX-XX</SimpleData>
            <SimpleData name="Estado_del">Activo</SimpleData>
            <SimpleData name="Empresa">Emilio Sol?s Grance</SimpleData>
            <SimpleData name="Lote">I</SimpleData>
            <SimpleData name="Parametro">0.00000000000</SimpleData>
            <SimpleData name="Sup_SIG">1.21980507171</SimpleData>
            <SimpleData name="X">-56.85599006000</SimpleData>
            <SimpleData name="Y">-24.17874407000</SimpleData>
            <SimpleData name="cedula">8384113</SimpleData>
            <SimpleData name="Cédula_1">8384113.00000000000</SimpleData>
            <SimpleData name="Estado_d_1">Activo</SimpleData>
            <SimpleData name="OBJECTID_1">7976</SimpleData>
            <SimpleData name="Shape_Leng">446.48875298500</SimpleData>
            <SimpleData name="Shape_Area">12198.05071710000</SimpleData>
          </SchemaData>
        </ExtendedData>
        <Polygon>
          <outerBoundaryIs>
            <LinearRing>
              <coordinates>
                -56.8554158129715,-24.1792595281149,0
                -56.85640960039,-24.1793466989553,0
                -56.8565151005308,-24.1782104994174,0
                -56.8556303910028,-24.1781168220311,0
                -56.8554158129715,-24.1792595281149,0
              </coordinates>
            </LinearRing>
          </outerBoundaryIs>
        </Polygon>
      </Placemark>
    </Document>
  </Document>
</kml>
