<?xml version="1.0" encoding="UTF-8"?>
<kml xmlns="http://www.opengis.net/kml/2.2">
  <Document id="root_doc">
    <Schema id="Lote_D.schema">
      <SimpleField name="Cédula" type="double"/>
      <SimpleField name="Nombres_y_" type="string"/>
      <SimpleField name="Sexo" type="string"/>
      <SimpleField name="Cambio_de_" type="string"/>
      <SimpleField name="Titular_se" type="string"/>
      <SimpleField name="Cédula_Ti" type="string"/>
      <SimpleField name="ci_UNIF" type="double"/>
      <SimpleField name="Situación" type="string"/>
      <SimpleField name="Comunidad" type="string"/>
      <SimpleField name="Modelo_imp" type="string"/>
      <SimpleField name="Departamen" type="string"/>
      <SimpleField name="Distrito" type="string"/>
      <SimpleField name="Localidad" type="string"/>
      <SimpleField name="Teléfono" type="string"/>
      <SimpleField name="Vivienda_L" type="double"/>
      <SimpleField name="Vivienda_1" type="double"/>
      <SimpleField name="Superficie" type="double"/>
      <SimpleField name="Situaci_1" type="string"/>
      <SimpleField name="Plantado" type="string"/>
      <SimpleField name="Fecha_Plan" type="string"/>
      <SimpleField name="Jornales" type="double"/>
      <SimpleField name="Monto" type="double"/>
      <SimpleField name="Grupo_de_p" type="string"/>
      <SimpleField name="Estado_del" type="string"/>
      <SimpleField name="Empresa" type="string"/>
      <SimpleField name="Lote" type="string"/>
      <SimpleField name="Parametro" type="double"/>
      <SimpleField name="Sup_SIG" type="double"/>
      <SimpleField name="Situacion" type="string"/>
      <SimpleField name="X" type="double"/>
      <SimpleField name="Y" type="double"/>
      <SimpleField name="cedula" type="string"/>
      <SimpleField name="Cédula_1" type="double"/>
      <SimpleField name="Estado_d_1" type="string"/>
      <SimpleField name="OBJECTID_1" type="string"/>
      <SimpleField name="Shape_Leng" type="double"/>
      <SimpleField name="Shape_Area" type="double"/>
    </Schema>
    <Document id="Lote_D">
      <name>Lote_D</name>
      <Placemark id="Lote_D.1">
        <ExtendedData>
          <SchemaData schemaUrl="#Lote_D.schema">
            <SimpleData name="Cédula">5338313.00000000000</SimpleData>
            <SimpleData name="Nombres_y_">MAXIMINA CA?ETE MORAL</SimpleData>
            <SimpleData name="Sexo">Mujer</SimpleData>
            <SimpleData name="Cambio_de_">NO</SimpleData>
            <SimpleData name="Titular_se">NO</SimpleData>
            <SimpleData name="ci_UNIF">5338313.00000000000</SimpleData>
            <SimpleData name="Situación">NO</SimpleData>
            <SimpleData name="Comunidad">Campesina</SimpleData>
            <SimpleData name="Modelo_imp">Modelo 4</SimpleData>
            <SimpleData name="Departamen">CAAGUAZU</SimpleData>
            <SimpleData name="Distrito">SAN JOAQUIN</SimpleData>
            <SimpleData name="Localidad">TARUMA</SimpleData>
            <SimpleData name="Teléfono">0986667082</SimpleData>
            <SimpleData name="Vivienda_L">-25.11762710000</SimpleData>
            <SimpleData name="Vivienda_1">-56.02046080000</SimpleData>
            <SimpleData name="Superficie">0.70000000000</SimpleData>
            <SimpleData name="Situaci_1">Pol?gono</SimpleData>
            <SimpleData name="Plantado">SI</SimpleData>
            <SimpleData name="Fecha_Plan">2025/11/25</SimpleData>
            <SimpleData name="Jornales">0.00000000000</SimpleData>
            <SimpleData name="Monto">0.00000000000</SimpleData>
            <SimpleData name="Grupo_de_p">D-P1-XX-XX-XX</SimpleData>
            <SimpleData name="Estado_del">Activo</SimpleData>
            <SimpleData name="Empresa">Unique Wood Paraguay SA</SimpleData>
            <SimpleData name="Lote">D</SimpleData>
            <SimpleData name="Parametro">0.00000000000</SimpleData>
            <SimpleData name="Sup_SIG">0.73298024248</SimpleData>
            <SimpleData name="X">-56.01846485000</SimpleData>
            <SimpleData name="Y">-25.11555437000</SimpleData>
            <SimpleData name="cedula">5338313</SimpleData>
            <SimpleData name="Cédula_1">5338313.00000000000</SimpleData>
            <SimpleData name="Estado_d_1">Activo</SimpleData>
            <SimpleData name="OBJECTID_1">5718</SimpleData>
            <SimpleData name="Shape_Leng">345.53604418900</SimpleData>
            <SimpleData name="Shape_Area">7329.80242482000</SimpleData>
          </SchemaData>
        </ExtendedData>
        <Polygon>
          <outerBoundaryIs>
            <LinearRing>
              <coordinates>
                -56.0178258996439,-25.1154205000157,0
                -56.0182322997667,-25.1160466993395,0
                -56.0191228001705,-25.1156068998468,0
                -56.0188600998637,-25.1152635998163,0
                -56.0186702999447,-25.1151181004052,0
                -56.0178258996439,-25.1154205000157,0
              </coordinates>
            </LinearRing>
          </outerBoundaryIs>
        </Polygon>
      </Placemark>
      <Placemark id="Lote_D.2">
        <ExtendedData>
          <SchemaData schemaUrl="#Lote_D.schema">
            <SimpleData name="Cédula">6808140.00000000000</SimpleData>
            <SimpleData name="Nombres_y_">ADELAIDA  NU?EZ</SimpleData>
            <SimpleData name="Sexo">Mujer</SimpleData>
            <SimpleData name="Cambio_de_">NO</SimpleData>
            <SimpleData name="Titular_se">NO</SimpleData>
            <SimpleData name="ci_UNIF">6808140.00000000000</SimpleData>
            <SimpleData name="Situación">NO</SimpleData>
            <SimpleData name="Comunidad">Campesina</SimpleData>
            <SimpleData name="Modelo_imp">Modelo 1</SimpleData>
            <SimpleData name="Departamen">CAAGUAZU</SimpleData>
            <SimpleData name="Distrito">YH?</SimpleData>
            <SimpleData name="Localidad">GUAHORY-YHU</SimpleData>
            <SimpleData name="Teléfono">0983591632</SimpleData>
            <SimpleData name="Vivienda_L">-25.03556830000</SimpleData>
            <SimpleData name="Vivienda_1">-55.86151940000</SimpleData>
            <SimpleData name="Superficie">0.80000000000</SimpleData>
            <SimpleData name="Situaci_1">Pol?gono</SimpleData>
            <SimpleData name="Plantado">SI</SimpleData>
            <SimpleData name="Fecha_Plan">2025/10/28</SimpleData>
            <SimpleData name="Jornales">0.00000000000</SimpleData>
            <SimpleData name="Monto">0.00000000000</SimpleData>
            <SimpleData name="Grupo_de_p">D-P1-XX-XX-XX</SimpleData>
            <SimpleData name="Estado_del">Activo</SimpleData>
            <SimpleData name="Empresa">Unique Wood Paraguay SA</SimpleData>
            <SimpleData name="Lote">D</SimpleData>
            <SimpleData name="Parametro">0.00000000000</SimpleData>
            <SimpleData name="Sup_SIG">0.87774209622</SimpleData>
            <SimpleData name="X">-55.86202053000</SimpleData>
            <SimpleData name="Y">-25.03239405000</SimpleData>
            <SimpleData name="cedula">6808140</SimpleData>
            <SimpleData name="Cédula_1">6808140.00000000000</SimpleData>
            <SimpleData name="Estado_d_1">Activo</SimpleData>
            <SimpleData name="OBJECTID_1">7164</SimpleData>
            <SimpleData name="Shape_Leng">578.47528717500</SimpleData>
            <SimpleData name="Shape_Area">8777.42096223000</SimpleData>
          </SchemaData>
        </ExtendedData>
        <MultiGeometry>
          <Polygon>
            <outerBoundaryIs>
              <LinearRing>
                <coordinates>
                  -55.8618499990018,-25.0352032000547,0
                  -55.8620160003126,-25.0344898001241,0
                  -55.8615913993237,-25.0343639001245,0
                  -55.8614462996869,-25.0350901006368,0
                  -55.8618499990018,-25.0352032000547,0
                </coordinates>
              </LinearRing>
            </outerBoundaryIs>
          </Polygon>
          <Polygon>
            <outerBoundaryIs>
              <LinearRing>
                <coordinates>
                  -55.8620330999618,-25.0329853005118,0
                  -55.8624170990487,-25.0319110003532,0
                  -55.8619977985317,-25.0318380006207,0
                  -55.861628000167,-25.0328256003537,0
                  -55.8620330999618,-25.0329853005118,0
                </coordinates>
              </LinearRing>
            </outerBoundaryIs>
          </Polygon>
        </MultiGeometry>
      </Placemark>
      <Placemark id="Lote_D.3">
        <ExtendedData>
          <SchemaData schemaUrl="#Lote_D.schema">
            <SimpleData name="Cédula">6018912.00000000000</SimpleData>
            <SimpleData name="Nombres_y_">ESTELVINA BARRIOS GARAY</SimpleData>
            <SimpleData name="Sexo">Mujer</SimpleData>
            <SimpleData name="Cambio_de_">NO</SimpleData>
            <SimpleData name="Titular_se">NO</SimpleData>
            <SimpleData name="ci_UNIF">6018912.00000000000</SimpleData>
            <SimpleData name="Situación">NO</SimpleData>
            <SimpleData name="Comunidad">Campesina</SimpleData>
            <SimpleData name="Modelo_imp">Modelo 2</SimpleData>
            <SimpleData name="Departamen">CAAGUAZU</SimpleData>
            <SimpleData name="Distrito">SAN JOAQUIN</SimpleData>
            <SimpleData name="Localidad">CARPA CUE</SimpleData>
            <SimpleData name="Teléfono">0982431574</SimpleData>
            <SimpleData name="Vivienda_L">-25.14266630000</SimpleData>
            <SimpleData name="Vivienda_1">-56.08122480000</SimpleData>
            <SimpleData name="Superficie">0.80000000000</SimpleData>
            <SimpleData name="Situaci_1">Pol?gono</SimpleData>
            <SimpleData name="Plantado">SI</SimpleData>
            <SimpleData name="Fecha_Plan">2025/10/02</SimpleData>
            <SimpleData name="Jornales">0.00000000000</SimpleData>
            <SimpleData name="Monto">0.00000000000</SimpleData>
            <SimpleData name="Grupo_de_p">D-P1-XX-XX-XX</SimpleData>
            <SimpleData name="Estado_del">Activo</SimpleData>
            <SimpleData name="Empresa">Unique Wood Paraguay SA</SimpleData>
            <SimpleData name="Lote">D</SimpleData>
            <SimpleData name="Parametro">0.00000000000</SimpleData>
            <SimpleData name="Sup_SIG">0.88769746006</SimpleData>
            <SimpleData name="X">-56.07870084000</SimpleData>
            <SimpleData name="Y">-25.13927858000</SimpleData>
            <SimpleData name="cedula">6018912</SimpleData>
            <SimpleData name="Cédula_1">6018912.00000000000</SimpleData>
            <SimpleData name="Estado_d_1">Activo</SimpleData>
            <SimpleData name="OBJECTID_1">5741</SimpleData>
            <SimpleData name="Shape_Leng">400.17652704800</SimpleData>
            <SimpleData name="Shape_Area">8876.97460062000</SimpleData>
          </SchemaData>
        </ExtendedData>
        <Polygon>
          <outerBoundaryIs>
            <LinearRing>
              <coordinates>
                -56.0779483997645,-25.1393743999538,0
                -56.0783885993762,-25.1398607001066,0
                -56.0794672996867,-25.1391394004204,0
                -56.079022399356,-25.1387155999884,0
                -56.0779483997645,-25.1393743999538,0
              </coordinates>
            </LinearRing>
          </outerBoundaryIs>
        </Polygon>
      </Placemark>
      <Placemark id="Lote_D.4">
        <ExtendedData>
          <SchemaData schemaUrl="#Lote_D.schema">
            <SimpleData name="Cédula">1175333.00000000000</SimpleData>
            <SimpleData name="Nombres_y_">AURELIO GENES MARECO</SimpleData>
            <SimpleData name="Sexo">Hombre</SimpleData>
            <SimpleData name="Cambio_de_">NO</SimpleData>
            <SimpleData name="Titular_se">NO</SimpleData>
            <SimpleData name="ci_UNIF">1175333.00000000000</SimpleData>
            <SimpleData name="Situación">NO</SimpleData>
            <SimpleData name="Comunidad">Campesina</SimpleData>
            <SimpleData name="Modelo_imp">Modelo 2</SimpleData>
            <SimpleData name="Departamen">CAAGUAZU</SimpleData>
            <SimpleData name="Distrito">SAN JOAQUIN</SimpleData>
            <SimpleData name="Localidad">VIRGEN DEL CARMEN</SimpleData>
            <SimpleData name="Teléfono">0971563549</SimpleData>
            <SimpleData name="Vivienda_L">-25.05437040000</SimpleData>
            <SimpleData name="Vivienda_1">-56.12132940000</SimpleData>
            <SimpleData name="Superficie">0.80000000000</SimpleData>
            <SimpleData name="Situaci_1">Pol?gono</SimpleData>
            <SimpleData name="Plantado">SI</SimpleData>
            <SimpleData name="Fecha_Plan">2025/10/11</SimpleData>
            <SimpleData name="Jornales">0.00000000000</SimpleData>
            <SimpleData name="Monto">0.00000000000</SimpleData>
            <SimpleData name="Grupo_de_p">D-P1-XX-XX-XX</SimpleData>
            <SimpleData name="Estado_del">Activo</SimpleData>
            <SimpleData name="Empresa">Unique Wood Paraguay SA</SimpleData>
            <SimpleData name="Lote">D</SimpleData>
            <SimpleData name="Parametro">0.00000000000</SimpleData>
            <SimpleData name="Sup_SIG">0.89757271136</SimpleData>
            <SimpleData name="X">-56.12158961000</SimpleData>
            <SimpleData name="Y">-25.05163530000</SimpleData>
            <SimpleData name="cedula">1175333</SimpleData>
            <SimpleData name="Cédula_1">1175333.00000000000</SimpleData>
            <SimpleData name="Estado_d_1">Activo</SimpleData>
            <SimpleData name="OBJECTID_1">7162</SimpleData>
            <SimpleData name="Shape_Leng">379.82189129000</SimpleData>
            <SimpleData name="Shape_Area">8975.72711355000</SimpleData>
          </SchemaData>
        </ExtendedData>
        <Polygon>
          <outerBoundaryIs>
            <LinearRing>
              <coordinates>
                -56.1210342000314,-25.0519593996094,0
                -56.1219683001014,-25.05214330001,0
                -56.1221442999842,-25.051368699649,0
                -56.1212545998459,-25.0510755006866,0
                -56.1210342000314,-25.0519593996094,0
              </coordinates>
            </LinearRing>
          </outerBoundaryIs>
        </Polygon>
      </Placemark>
      <Placemark id="Lote_D.5">
        <ExtendedData>
          <SchemaData schemaUrl="#Lote_D.schema">
            <SimpleData name="Cédula">5682344.00000000000</SimpleData>
            <SimpleData name="Nombres_y_">LUZ NELIDA PORTILLO BARRETO</SimpleData>
            <SimpleData name="Sexo">Mujer</SimpleData>
            <SimpleData name="Cambio_de_">NO</SimpleData>
            <SimpleData name="Titular_se">NO</SimpleData>
            <SimpleData name="ci_UNIF">5682344.00000000000</SimpleData>
            <SimpleData name="Situación">NO</SimpleData>
            <SimpleData name="Comunidad">Campesina</SimpleData>
            <SimpleData name="Modelo_imp">Modelo 1</SimpleData>
            <SimpleData name="Departamen">CAAGUAZU</SimpleData>
            <SimpleData name="Distrito">YH?</SimpleData>
            <SimpleData name="Localidad">YATAITY</SimpleData>
            <SimpleData name="Teléfono">0975348371</SimpleData>
            <SimpleData name="Vivienda_L">-25.06727650000</SimpleData>
            <SimpleData name="Vivienda_1">-55.97186070000</SimpleData>
            <SimpleData name="Superficie">0.80000000000</SimpleData>
            <SimpleData name="Situaci_1">Pol?gono</SimpleData>
            <SimpleData name="Plantado">SI</SimpleData>
            <SimpleData name="Fecha_Plan">2025/10/19</SimpleData>
            <SimpleData name="Jornales">0.00000000000</SimpleData>
            <SimpleData name="Monto">0.00000000000</SimpleData>
            <SimpleData name="Grupo_de_p">D-P1-XX-XX-XX</SimpleData>
            <SimpleData name="Estado_del">Activo</SimpleData>
            <SimpleData name="Empresa">Unique Wood Paraguay SA</SimpleData>
            <SimpleData name="Lote">D</SimpleData>
            <SimpleData name="Parametro">0.00000000000</SimpleData>
            <SimpleData name="Sup_SIG">0.93636537316</SimpleData>
            <SimpleData name="X">-55.97331216000</SimpleData>
            <SimpleData name="Y">-25.06849129000</SimpleData>
            <SimpleData name="cedula">5682344</SimpleData>
            <SimpleData name="Cédula_1">5682344.00000000000</SimpleData>
            <SimpleData name="Estado_d_1">Activo</SimpleData>
            <SimpleData name="OBJECTID_1">7655</SimpleData>
            <SimpleData name="Shape_Leng">384.62000358500</SimpleData>
            <SimpleData name="Shape_Area">9363.65373158000</SimpleData>
          </SchemaData>
        </ExtendedData>
        <Polygon>
          <outerBoundaryIs>
            <LinearRing>
              <coordinates>
                -55.9726145999678,-25.0682792997008,0
                -55.9731232997033,-25.0690332996456,0
                -55.9738775001729,-25.0688073999674,0
                -55.973732199934,-25.068156199521,0
                -55.9736092992704,-25.067948499747,0
                -55.9726145999678,-25.0682792997008,0
              </coordinates>
            </LinearRing>
          </outerBoundaryIs>
        </Polygon>
      </Placemark>
      <Placemark id="Lote_D.6">
        <ExtendedData>
          <SchemaData schemaUrl="#Lote_D.schema">
            <SimpleData name="Cédula">6072714.00000000000</SimpleData>
            <SimpleData name="Nombres_y_">MARIA MARTA PENAYO FERREIRA</SimpleData>
            <SimpleData name="Sexo">Mujer</SimpleData>
            <SimpleData name="Cambio_de_">NO</SimpleData>
            <SimpleData name="Titular_se">NO</SimpleData>
            <SimpleData name="ci_UNIF">6072714.00000000000</SimpleData>
            <SimpleData name="Situación">NO</SimpleData>
            <SimpleData name="Comunidad">Campesina</SimpleData>
            <SimpleData name="Modelo_imp">Modelo 2</SimpleData>
            <SimpleData name="Departamen">CAAGUAZU</SimpleData>
            <SimpleData name="Distrito">YH?</SimpleData>
            <SimpleData name="Localidad">JUKERI</SimpleData>
            <SimpleData name="Teléfono">982765368</SimpleData>
            <SimpleData name="Vivienda_L">-25.15673170000</SimpleData>
            <SimpleData name="Vivienda_1">-55.90581000000</SimpleData>
            <SimpleData name="Superficie">0.80000000000</SimpleData>
            <SimpleData name="Situaci_1">Pol?gono</SimpleData>
            <SimpleData name="Plantado">SI</SimpleData>
            <SimpleData name="Fecha_Plan">2025/10/24</SimpleData>
            <SimpleData name="Jornales">0.00000000000</SimpleData>
            <SimpleData name="Monto">0.00000000000</SimpleData>
            <SimpleData name="Grupo_de_p">D-P1-XX-XX-XX</SimpleData>
            <SimpleData name="Estado_del">Activo</SimpleData>
            <SimpleData name="Empresa">Unique Wood Paraguay SA</SimpleData>
            <SimpleData name="Lote">D</SimpleData>
            <SimpleData name="Parametro">0.00000000000</SimpleData>
            <SimpleData name="Sup_SIG">0.90477110098</SimpleData>
            <SimpleData name="X">-55.89947359000</SimpleData>
            <SimpleData name="Y">-25.15641895000</SimpleData>
            <SimpleData name="cedula">6072714</SimpleData>
            <SimpleData name="Cédula_1">6072714.00000000000</SimpleData>
            <SimpleData name="Estado_d_1">Activo</SimpleData>
            <SimpleData name="OBJECTID_1">6350</SimpleData>
            <SimpleData name="Shape_Leng">380.67110191600</SimpleData>
            <SimpleData name="Shape_Area">9047.71100980000</SimpleData>
          </SchemaData>
        </ExtendedData>
        <Polygon>
          <outerBoundaryIs>
            <LinearRing>
              <coordinates>
                -55.8989947003147,-25.1568285997233,0
                -55.8999261002764,-25.1568752996875,0
                -55.8999623005061,-25.1560271996954,0
                -55.8990225001039,-25.1559483998262,0
                -55.8989947003147,-25.1568285997233,0
              </coordinates>
            </LinearRing>
          </outerBoundaryIs>
        </Polygon>
      </Placemark>
      <Placemark id="Lote_D.7">
        <ExtendedData>
          <SchemaData schemaUrl="#Lote_D.schema">
            <SimpleData name="Cédula">6084730.00000000000</SimpleData>
            <SimpleData name="Nombres_y_">JUANA MAIDANA ARAUJO</SimpleData>
            <SimpleData name="Sexo">Mujer</SimpleData>
            <SimpleData name="Cambio_de_">NO</SimpleData>
            <SimpleData name="Titular_se">NO</SimpleData>
            <SimpleData name="ci_UNIF">6084730.00000000000</SimpleData>
            <SimpleData name="Situación">NO</SimpleData>
            <SimpleData name="Comunidad">Campesina</SimpleData>
            <SimpleData name="Modelo_imp">Modelo 2</SimpleData>
            <SimpleData name="Departamen">CAAGUAZU</SimpleData>
            <SimpleData name="Distrito">SAN JOAQUIN</SimpleData>
            <SimpleData name="Localidad">CELANO</SimpleData>
            <SimpleData name="Teléfono">0982171310</SimpleData>
            <SimpleData name="Vivienda_L">-25.14233380000</SimpleData>
            <SimpleData name="Vivienda_1">-56.04834090000</SimpleData>
            <SimpleData name="Superficie">0.80000000000</SimpleData>
            <SimpleData name="Situaci_1">Pol?gono</SimpleData>
            <SimpleData name="Plantado">SI</SimpleData>
            <SimpleData name="Fecha_Plan">2025/10/02</SimpleData>
            <SimpleData name="Jornales">0.00000000000</SimpleData>
            <SimpleData name="Monto">0.00000000000</SimpleData>
            <SimpleData name="Grupo_de_p">D-P1-XX-XX-XX</SimpleData>
            <SimpleData name="Estado_del">Activo</SimpleData>
            <SimpleData name="Empresa">Unique Wood Paraguay SA</SimpleData>
            <SimpleData name="Lote">D</SimpleData>
            <SimpleData name="Parametro">0.00000000000</SimpleData>
            <SimpleData name="Sup_SIG">0.80678585323</SimpleData>
            <SimpleData name="X">-56.04867212000</SimpleData>
            <SimpleData name="Y">-25.14310954000</SimpleData>
            <SimpleData name="cedula">6084730</SimpleData>
            <SimpleData name="Cédula_1">6084730.00000000000</SimpleData>
            <SimpleData name="Estado_d_1">Activo</SimpleData>
            <SimpleData name="OBJECTID_1">5720</SimpleData>
            <SimpleData name="Shape_Leng">382.43662264000</SimpleData>
            <SimpleData name="Shape_Area">8067.85853232000</SimpleData>
          </SchemaData>
        </ExtendedData>
        <Polygon>
          <outerBoundaryIs>
            <LinearRing>
              <coordinates>
                -56.0479194000018,-25.1428883993245,0
                -56.048893100556,-25.1436733997941,0
                -56.04938620055,-25.1432605005194,0
                -56.0484915001034,-25.1425860995779,0
                -56.0479194000018,-25.1428883993245,0
              </coordinates>
            </LinearRing>
          </outerBoundaryIs>
        </Polygon>
      </Placemark>
      <Placemark id="Lote_D.8">
        <ExtendedData>
          <SchemaData schemaUrl="#Lote_D.schema">
            <SimpleData name="Cédula">3208440.00000000000</SimpleData>
            <SimpleData name="Nombres_y_">MARIANA ESTER GIMENEZ DE PANIAGUA</SimpleData>
            <SimpleData name="Sexo">Mujer</SimpleData>
            <SimpleData name="Cambio_de_">NO</SimpleData>
            <SimpleData name="Titular_se">NO</SimpleData>
            <SimpleData name="ci_UNIF">3208440.00000000000</SimpleData>
            <SimpleData name="Situación">NO</SimpleData>
            <SimpleData name="Comunidad">Campesina</SimpleData>
            <SimpleData name="Modelo_imp">Modelo 2</SimpleData>
            <SimpleData name="Departamen">CAAGUAZU</SimpleData>
            <SimpleData name="Distrito">SAN JOAQUIN</SimpleData>
            <SimpleData name="Localidad">JAHAPE</SimpleData>
            <SimpleData name="Teléfono">0982574802</SimpleData>
            <SimpleData name="Vivienda_L">-25.00072130000</SimpleData>
            <SimpleData name="Vivienda_1">-55.99588950000</SimpleData>
            <SimpleData name="Superficie">0.80000000000</SimpleData>
            <SimpleData name="Situaci_1">Pol?gono</SimpleData>
            <SimpleData name="Plantado">SI</SimpleData>
            <SimpleData name="Fecha_Plan">2025/10/01</SimpleData>
            <SimpleData name="Jornales">0.00000000000</SimpleData>
            <SimpleData name="Monto">0.00000000000</SimpleData>
            <SimpleData name="Grupo_de_p">D-P1-XX-XX-XX</SimpleData>
            <SimpleData name="Estado_del">Activo</SimpleData>
            <SimpleData name="Empresa">Unique Wood Paraguay SA</SimpleData>
            <SimpleData name="Lote">D</SimpleData>
            <SimpleData name="Parametro">0.00000000000</SimpleData>
            <SimpleData name="Sup_SIG">0.80538026307</SimpleData>
            <SimpleData name="X">-55.99259346000</SimpleData>
            <SimpleData name="Y">-25.00180702000</SimpleData>
            <SimpleData name="cedula">3208440</SimpleData>
            <SimpleData name="Cédula_1">3208440.00000000000</SimpleData>
            <SimpleData name="Estado_d_1">Activo</SimpleData>
            <SimpleData name="OBJECTID_1">7651</SimpleData>
            <SimpleData name="Shape_Leng">712.35279763000</SimpleData>
            <SimpleData name="Shape_Area">8053.80263069000</SimpleData>
          </SchemaData>
        </ExtendedData>
        <MultiGeometry>
          <Polygon>
            <outerBoundaryIs>
              <LinearRing>
                <coordinates>
                  -55.9925223004654,-25.0022376996632,0
                  -55.9929387001752,-25.0021086002413,0
                  -55.9926476003882,-25.0013786000293,0
                  -55.9922602004471,-25.0014805003022,0
                  -55.9925223004654,-25.0022376996632,0
                </coordinates>
              </LinearRing>
            </outerBoundaryIs>
          </Polygon>
          <Polygon>
            <outerBoundaryIs>
              <LinearRing>
                <coordinates>
                  -55.9937269998647,-25.0019039004527,0
                  -55.993463000322,-25.0011381999812,0
                  -55.9933160997834,-25.0011852997324,0
                  -55.9935476998521,-25.0019273000154,0
                  -55.9937269998647,-25.0019039004527,0
                </coordinates>
              </LinearRing>
            </outerBoundaryIs>
          </Polygon>
          <Polygon>
            <outerBoundaryIs>
              <LinearRing>
                <coordinates>
                  -55.9970245003738,-25.0010102992572,0
                  -55.996889099959,-25.0007124995666,0
                  -55.9962900000688,-25.0009233000462,0
                  -55.9962116997307,-25.0009917000429,0
                  -55.9960718007506,-25.0010658997418,0
                  -55.9961255001848,-25.0012615003722,0
                  -55.9970245003738,-25.0010102992572,0
                </coordinates>
              </LinearRing>
            </outerBoundaryIs>
          </Polygon>
        </MultiGeometry>
      </Placemark>
      <Placemark id="Lote_D.9">
        <ExtendedData>
          <SchemaData schemaUrl="#Lote_D.schema">
            <SimpleData name="Cédula">6931207.00000000000</SimpleData>
            <SimpleData name="Nombres_y_">RAMONA  MENDOZA BOGADO</SimpleData>
            <SimpleData name="Sexo">Mujer</SimpleData>
            <SimpleData name="Cambio_de_">NO</SimpleData>
            <SimpleData name="Titular_se">NO</SimpleData>
            <SimpleData name="ci_UNIF">6931207.00000000000</SimpleData>
            <SimpleData name="Situación">NO</SimpleData>
            <SimpleData name="Comunidad">Campesina</SimpleData>
            <SimpleData name="Modelo_imp">Modelo 5</SimpleData>
            <SimpleData name="Departamen">CAAGUAZU</SimpleData>
            <SimpleData name="Distrito">CARAYAO</SimpleData>
            <SimpleData name="Localidad">CALLE 14 MIL</SimpleData>
            <SimpleData name="Teléfono">0982061995</SimpleData>
            <SimpleData name="Vivienda_L">-25.19046100000</SimpleData>
            <SimpleData name="Vivienda_1">-56.23142790000</SimpleData>
            <SimpleData name="Superficie">0.70000000000</SimpleData>
            <SimpleData name="Situaci_1">Pol?gono</SimpleData>
            <SimpleData name="Plantado">SI</SimpleData>
            <SimpleData name="Fecha_Plan">2025/11/22</SimpleData>
            <SimpleData name="Jornales">0.00000000000</SimpleData>
            <SimpleData name="Monto">0.00000000000</SimpleData>
            <SimpleData name="Grupo_de_p">D-P1-XX-XX-XX</SimpleData>
            <SimpleData name="Estado_del">Activo</SimpleData>
            <SimpleData name="Empresa">Unique Wood Paraguay SA</SimpleData>
            <SimpleData name="Lote">D</SimpleData>
            <SimpleData name="Parametro">0.00000000000</SimpleData>
            <SimpleData name="Sup_SIG">0.77174595355</SimpleData>
            <SimpleData name="X">-56.23143907000</SimpleData>
            <SimpleData name="Y">-25.19146661000</SimpleData>
            <SimpleData name="cedula">6931207</SimpleData>
            <SimpleData name="Cédula_1">6931207.00000000000</SimpleData>
            <SimpleData name="Estado_d_1">Activo</SimpleData>
            <SimpleData name="OBJECTID_1">7186</SimpleData>
            <SimpleData name="Shape_Leng">445.85919528100</SimpleData>
            <SimpleData name="Shape_Area">7717.45953552000</SimpleData>
          </SchemaData>
        </ExtendedData>
        <Polygon>
          <outerBoundaryIs>
            <LinearRing>
              <coordinates>
                -56.2310377997085,-25.1919354000491,0
                -56.2311147000415,-25.1920059997972,0
                -56.2318066994047,-25.1919100002458,0
                -56.2317691001719,-25.1908707002461,0
                -56.2310197002728,-25.190968300459,0
                -56.2311304998847,-25.1911742000548,0
                -56.2313908002307,-25.1912002001139,0
                -56.2314315001175,-25.1914127996946,0
                -56.2310007997695,-25.1914526003356,0
                -56.2310377997085,-25.1919354000491,0
              </coordinates>
            </LinearRing>
          </outerBoundaryIs>
        </Polygon>
      </Placemark>
      <Placemark id="Lote_D.10">
        <ExtendedData>
          <SchemaData schemaUrl="#Lote_D.schema">
            <SimpleData name="Cédula">5180042.00000000000</SimpleData>
            <SimpleData name="Nombres_y_">HERNAN MEDINA GALEANO</SimpleData>
            <SimpleData name="Sexo">Hombre</SimpleData>
            <SimpleData name="Cambio_de_">NO</SimpleData>
            <SimpleData name="Titular_se">NO</SimpleData>
            <SimpleData name="ci_UNIF">5180042.00000000000</SimpleData>
            <SimpleData name="Situación">NO</SimpleData>
            <SimpleData name="Comunidad">Campesina</SimpleData>
            <SimpleData name="Modelo_imp">Modelo 1</SimpleData>
            <SimpleData name="Departamen">CAAGUAZU</SimpleData>
            <SimpleData name="Distrito">SAN JOAQUIN</SimpleData>
            <SimpleData name="Localidad">JAHAPE</SimpleData>
            <SimpleData name="Teléfono">0983127960</SimpleData>
            <SimpleData name="Vivienda_L">-25.00045870000</SimpleData>
            <SimpleData name="Vivienda_1">-55.99858360000</SimpleData>
            <SimpleData name="Superficie">0.80000000000</SimpleData>
            <SimpleData name="Situaci_1">Par?metro</SimpleData>
            <SimpleData name="Plantado">SI</SimpleData>
            <SimpleData name="Fecha_Plan">2025/10/01</SimpleData>
            <SimpleData name="Jornales">0.00000000000</SimpleData>
            <SimpleData name="Monto">0.00000000000</SimpleData>
            <SimpleData name="Grupo_de_p">D-P2-XX-XX-XX</SimpleData>
            <SimpleData name="Estado_del">Activo</SimpleData>
            <SimpleData name="Empresa">Unique Wood Paraguay SA</SimpleData>
            <SimpleData name="Lote">D</SimpleData>
            <SimpleData name="Parametro">0.00000000000</SimpleData>
            <SimpleData name="Sup_SIG">0.80161766378</SimpleData>
            <SimpleData name="X">-55.99710146000</SimpleData>
            <SimpleData name="Y">-25.00224492000</SimpleData>
            <SimpleData name="cedula">5180042</SimpleData>
            <SimpleData name="Cédula_1">5180042.00000000000</SimpleData>
            <SimpleData name="Estado_d_1">Activo</SimpleData>
            <SimpleData name="OBJECTID_1">8727</SimpleData>
            <SimpleData name="Shape_Leng">381.25654481000</SimpleData>
            <SimpleData name="Shape_Area">8016.17663777000</SimpleData>
          </SchemaData>
        </ExtendedData>
        <Polygon>
          <outerBoundaryIs>
            <LinearRing>
              <coordinates>
                -55.9964636001147,-25.0024749998648,0
                -55.99688159985,-25.0028766000645,0
                -55.9977651998812,-25.0020023004499,0
                -55.9972712004424,-25.0016329997769,0
                -55.9964636001147,-25.0024749998648,0
              </coordinates>
            </LinearRing>
          </outerBoundaryIs>
        </Polygon>
      </Placemark>
      <Placemark id="Lote_D.11">
        <ExtendedData>
          <SchemaData schemaUrl="#Lote_D.schema">
            <SimpleData name="Cédula">5302828.00000000000</SimpleData>
            <SimpleData name="Nombres_y_">RUMILDA GAMARRA ROLON</SimpleData>
            <SimpleData name="Sexo">Mujer</SimpleData>
            <SimpleData name="Cambio_de_">NO</SimpleData>
            <SimpleData name="Titular_se">NO</SimpleData>
            <SimpleData name="ci_UNIF">5302828.00000000000</SimpleData>
            <SimpleData name="Situación">NO</SimpleData>
            <SimpleData name="Comunidad">Campesina</SimpleData>
            <SimpleData name="Modelo_imp">Modelo 5</SimpleData>
            <SimpleData name="Departamen">CAAGUAZU</SimpleData>
            <SimpleData name="Distrito">YH?</SimpleData>
            <SimpleData name="Localidad">ASENT. TEKO PYAHU</SimpleData>
            <SimpleData name="Teléfono">0991749157</SimpleData>
            <SimpleData name="Vivienda_L">-25.04633790000</SimpleData>
            <SimpleData name="Vivienda_1">-55.88438620000</SimpleData>
            <SimpleData name="Superficie">0.70000000000</SimpleData>
            <SimpleData name="Situaci_1">Pol?gono</SimpleData>
            <SimpleData name="Plantado">SI</SimpleData>
            <SimpleData name="Fecha_Plan">2025/10/28</SimpleData>
            <SimpleData name="Jornales">0.00000000000</SimpleData>
            <SimpleData name="Monto">0.00000000000</SimpleData>
            <SimpleData name="Grupo_de_p">D-P1-XX-XX-XX</SimpleData>
            <SimpleData name="Estado_del">Activo</SimpleData>
            <SimpleData name="Empresa">Unique Wood Paraguay SA</SimpleData>
            <SimpleData name="Lote">D</SimpleData>
            <SimpleData name="Parametro">0.00000000000</SimpleData>
            <SimpleData name="Sup_SIG">0.76981535133</SimpleData>
            <SimpleData name="X">-55.88481084000</SimpleData>
            <SimpleData name="Y">-25.04578434000</SimpleData>
            <SimpleData name="cedula">5302828</SimpleData>
            <SimpleData name="Cédula_1">5302828.00000000000</SimpleData>
            <SimpleData name="Estado_d_1">Activo</SimpleData>
            <SimpleData name="OBJECTID_1">7163</SimpleData>
            <SimpleData name="Shape_Leng">427.49008925300</SimpleData>
            <SimpleData name="Shape_Area">7698.15351333000</SimpleData>
          </SchemaData>
        </ExtendedData>
        <Polygon>
          <outerBoundaryIs>
            <LinearRing>
              <coordinates>
                -55.8844354993836,-25.0465100005011,0
                -55.8846867002323,-25.0465816998997,0
                -55.8853574001096,-25.0453277006513,0
                -55.8847851005782,-25.0451555993611,0
                -55.8843266998573,-25.0460047994819,0
                -55.8846440001775,-25.0461512006227,0
                -55.8844354993836,-25.0465100005011,0
              </coordinates>
            </LinearRing>
          </outerBoundaryIs>
        </Polygon>
      </Placemark>
      <Placemark id="Lote_D.12">
        <ExtendedData>
          <SchemaData schemaUrl="#Lote_D.schema">
            <SimpleData name="Cédula">6309905.00000000000</SimpleData>
            <SimpleData name="Nombres_y_">MIRNA EVANNY BENITEZ ORTIZ</SimpleData>
            <SimpleData name="Sexo">Mujer</SimpleData>
            <SimpleData name="Cambio_de_">NO</SimpleData>
            <SimpleData name="Titular_se">NO</SimpleData>
            <SimpleData name="ci_UNIF">6309905.00000000000</SimpleData>
            <SimpleData name="Situación">NO</SimpleData>
            <SimpleData name="Comunidad">Campesina</SimpleData>
            <SimpleData name="Modelo_imp">Modelo 6</SimpleData>
            <SimpleData name="Departamen">CAAGUAZU</SimpleData>
            <SimpleData name="Distrito">SAN JOAQUIN</SimpleData>
            <SimpleData name="Localidad">TACUAPI I</SimpleData>
            <SimpleData name="Teléfono">0984245417</SimpleData>
            <SimpleData name="Vivienda_L">-25.00699630000</SimpleData>
            <SimpleData name="Vivienda_1">-56.04941190000</SimpleData>
            <SimpleData name="Superficie">0.90000000000</SimpleData>
            <SimpleData name="Situaci_1">Pol?gono</SimpleData>
            <SimpleData name="Plantado">SI</SimpleData>
            <SimpleData name="Fecha_Plan">2025/09/19</SimpleData>
            <SimpleData name="Jornales">0.00000000000</SimpleData>
            <SimpleData name="Monto">0.00000000000</SimpleData>
            <SimpleData name="Grupo_de_p">D-P1-XX-XX-XX</SimpleData>
            <SimpleData name="Estado_del">Activo</SimpleData>
            <SimpleData name="Empresa">Unique Wood Paraguay SA</SimpleData>
            <SimpleData name="Lote">D</SimpleData>
            <SimpleData name="Parametro">0.00000000000</SimpleData>
            <SimpleData name="Sup_SIG">0.92168037102</SimpleData>
            <SimpleData name="X">-56.05167132000</SimpleData>
            <SimpleData name="Y">-25.00739667000</SimpleData>
            <SimpleData name="cedula">6309905</SimpleData>
            <SimpleData name="Cédula_1">6309905.00000000000</SimpleData>
            <SimpleData name="Estado_d_1">Activo</SimpleData>
            <SimpleData name="OBJECTID_1">5763</SimpleData>
            <SimpleData name="Shape_Leng">386.60203086700</SimpleData>
            <SimpleData name="Shape_Area">9216.80371019000</SimpleData>
          </SchemaData>
        </ExtendedData>
        <Polygon>
          <outerBoundaryIs>
            <LinearRing>
              <coordinates>
                -56.0512043006795,-25.0077569996671,0
                -56.0521117999226,-25.0079177995394,0
                -56.0521703997155,-25.007045700441,0
                -56.0511933003388,-25.0068867001608,0
                -56.0512043006795,-25.0077569996671,0
              </coordinates>
            </LinearRing>
          </outerBoundaryIs>
        </Polygon>
      </Placemark>
      <Placemark id="Lote_D.13">
        <ExtendedData>
          <SchemaData schemaUrl="#Lote_D.schema">
            <SimpleData name="Cédula">7164967.00000000000</SimpleData>
            <SimpleData name="Nombres_y_">SEBASTIANA GAUTO ESQUIVEL</SimpleData>
            <SimpleData name="Sexo">Mujer</SimpleData>
            <SimpleData name="Cambio_de_">NO</SimpleData>
            <SimpleData name="Titular_se">NO</SimpleData>
            <SimpleData name="ci_UNIF">7164967.00000000000</SimpleData>
            <SimpleData name="Situación">NO</SimpleData>
            <SimpleData name="Comunidad">Ind?gena</SimpleData>
            <SimpleData name="Modelo_imp">Modelo 1</SimpleData>
            <SimpleData name="Departamen">CAAGUAZU</SimpleData>
            <SimpleData name="Distrito">SAN JOAQUIN</SimpleData>
            <SimpleData name="Localidad">COM INDIG SAN JORGE</SimpleData>
            <SimpleData name="Teléfono">ND</SimpleData>
            <SimpleData name="Vivienda_L">-25.06921760000</SimpleData>
            <SimpleData name="Vivienda_1">-56.08146780000</SimpleData>
            <SimpleData name="Superficie">0.80000000000</SimpleData>
            <SimpleData name="Situaci_1">Pol?gono</SimpleData>
            <SimpleData name="Plantado">SI</SimpleData>
            <SimpleData name="Fecha_Plan">2025/10/24</SimpleData>
            <SimpleData name="Jornales">0.00000000000</SimpleData>
            <SimpleData name="Monto">0.00000000000</SimpleData>
            <SimpleData name="Grupo_de_p">D-P1-XX-XX-XX</SimpleData>
            <SimpleData name="Estado_del">Activo</SimpleData>
            <SimpleData name="Empresa">Unique Wood Paraguay SA</SimpleData>
            <SimpleData name="Lote">D</SimpleData>
            <SimpleData name="Parametro">0.00000000000</SimpleData>
            <SimpleData name="Sup_SIG">0.79744887823</SimpleData>
            <SimpleData name="X">-56.08220841000</SimpleData>
            <SimpleData name="Y">-25.06757235000</SimpleData>
            <SimpleData name="cedula">7164967</SimpleData>
            <SimpleData name="Cédula_1">7164967.00000000000</SimpleData>
            <SimpleData name="Estado_d_1">Activo</SimpleData>
            <SimpleData name="OBJECTID_1">7646</SimpleData>
            <SimpleData name="Shape_Leng">505.30977683200</SimpleData>
            <SimpleData name="Shape_Area">7974.48878226000</SimpleData>
          </SchemaData>
        </ExtendedData>
        <MultiGeometry>
          <Polygon>
            <outerBoundaryIs>
              <LinearRing>
                <coordinates>
                  -56.0812537005404,-25.0700494999929,0
                  -56.0815467999248,-25.0700226001742,0
                  -56.0817279002117,-25.069940800179,0
                  -56.0815495002051,-25.0693597001686,0
                  -56.080998199842,-25.0695008004552,0
                  -56.0811450811604,-25.0699788576624,0
                  -56.0811623001782,-25.0700349003672,0
                  -56.0811645095088,-25.0700352526767,0
                  -56.0812537005404,-25.0700494999929,0
                </coordinates>
              </LinearRing>
            </outerBoundaryIs>
          </Polygon>
          <Polygon>
            <outerBoundaryIs>
              <LinearRing>
                <coordinates>
                  -56.081963300435,-25.0679087001929,0
                  -56.0826385997848,-25.0676956001327,0
                  -56.0826340822982,-25.0676811526944,0
                  -56.0824912004683,-25.0672241999069,0
                  -56.0817437879641,-25.0674796974214,0
                  -56.0817391003598,-25.0674813001958,0
                  -56.0817667152057,-25.0675339431392,0
                  -56.0819628908393,-25.0679079192515,0
                  -56.081963300435,-25.0679087001929,0
                </coordinates>
              </LinearRing>
            </outerBoundaryIs>
          </Polygon>
        </MultiGeometry>
      </Placemark>
      <Placemark id="Lote_D.14">
        <ExtendedData>
          <SchemaData schemaUrl="#Lote_D.schema">
            <SimpleData name="Cédula">2586295.00000000000</SimpleData>
            <SimpleData name="Nombres_y_">MARGARITA  CABRAL DE OLIVA</SimpleData>
            <SimpleData name="Sexo">Mujer</SimpleData>
            <SimpleData name="Cambio_de_">NO</SimpleData>
            <SimpleData name="Titular_se">NO</SimpleData>
            <SimpleData name="ci_UNIF">2586295.00000000000</SimpleData>
            <SimpleData name="Situación">NO</SimpleData>
            <SimpleData name="Comunidad">Campesina</SimpleData>
            <SimpleData name="Modelo_imp">Modelo 5</SimpleData>
            <SimpleData name="Departamen">CAAGUAZU</SimpleData>
            <SimpleData name="Distrito">YH?</SimpleData>
            <SimpleData name="Localidad">SAN MIGUEL I</SimpleData>
            <SimpleData name="Teléfono">981911518</SimpleData>
            <SimpleData name="Vivienda_L">-25.10061170000</SimpleData>
            <SimpleData name="Vivienda_1">-55.96461500000</SimpleData>
            <SimpleData name="Superficie">0.70000000000</SimpleData>
            <SimpleData name="Situaci_1">Pol?gono</SimpleData>
            <SimpleData name="Plantado">SI</SimpleData>
            <SimpleData name="Fecha_Plan">2025/10/10</SimpleData>
            <SimpleData name="Jornales">0.00000000000</SimpleData>
            <SimpleData name="Monto">0.00000000000</SimpleData>
            <SimpleData name="Grupo_de_p">D-P1-XX-XX-XX</SimpleData>
            <SimpleData name="Estado_del">Activo</SimpleData>
            <SimpleData name="Empresa">Unique Wood Paraguay SA</SimpleData>
            <SimpleData name="Lote">D</SimpleData>
            <SimpleData name="Parametro">0.00000000000</SimpleData>
            <SimpleData name="Sup_SIG">0.70846151119</SimpleData>
            <SimpleData name="X">-55.96568175000</SimpleData>
            <SimpleData name="Y">-25.10185178000</SimpleData>
            <SimpleData name="cedula">2586295</SimpleData>
            <SimpleData name="Cédula_1">2586295.00000000000</SimpleData>
            <SimpleData name="Estado_d_1">Activo</SimpleData>
            <SimpleData name="OBJECTID_1">7416</SimpleData>
            <SimpleData name="Shape_Leng">360.11247284900</SimpleData>
            <SimpleData name="Shape_Area">7084.61511186000</SimpleData>
          </SchemaData>
        </ExtendedData>
        <Polygon>
          <outerBoundaryIs>
            <LinearRing>
              <coordinates>
                -55.9651042000404,-25.1014865999407,0
                -55.9657393994888,-25.1024451997504,0
                -55.9662477005657,-25.102198799939,0
                -55.9656459000373,-25.1012773995338,0
                -55.9651042000404,-25.1014865999407,0
              </coordinates>
            </LinearRing>
          </outerBoundaryIs>
        </Polygon>
      </Placemark>
      <Placemark id="Lote_D.15">
        <ExtendedData>
          <SchemaData schemaUrl="#Lote_D.schema">
            <SimpleData name="Cédula">5702402.00000000000</SimpleData>
            <SimpleData name="Nombres_y_">MARICEL BOGADO AGUAYO</SimpleData>
            <SimpleData name="Sexo">Mujer</SimpleData>
            <SimpleData name="Cambio_de_">NO</SimpleData>
            <SimpleData name="Titular_se">NO</SimpleData>
            <SimpleData name="ci_UNIF">5702402.00000000000</SimpleData>
            <SimpleData name="Situación">NO</SimpleData>
            <SimpleData name="Comunidad">Ind?gena</SimpleData>
            <SimpleData name="Modelo_imp">Modelo 2</SimpleData>
            <SimpleData name="Departamen">CAAGUAZU</SimpleData>
            <SimpleData name="Distrito">YH?</SimpleData>
            <SimpleData name="Localidad">COM INDIG AMAMBAY ARROYO GUAZU</SimpleData>
            <SimpleData name="Teléfono">0987171121</SimpleData>
            <SimpleData name="Vivienda_L">-24.90083420000</SimpleData>
            <SimpleData name="Vivienda_1">-55.86108380000</SimpleData>
            <SimpleData name="Superficie">0.80000000000</SimpleData>
            <SimpleData name="Situaci_1">Pol?gono</SimpleData>
            <SimpleData name="Plantado">SI</SimpleData>
            <SimpleData name="Fecha_Plan">2025/10/22</SimpleData>
            <SimpleData name="Jornales">0.00000000000</SimpleData>
            <SimpleData name="Monto">0.00000000000</SimpleData>
            <SimpleData name="Grupo_de_p">D-P1-XX-XX-XX</SimpleData>
            <SimpleData name="Estado_del">Activo</SimpleData>
            <SimpleData name="Empresa">Unique Wood Paraguay SA</SimpleData>
            <SimpleData name="Lote">D</SimpleData>
            <SimpleData name="Parametro">0.00000000000</SimpleData>
            <SimpleData name="Sup_SIG">0.79635448721</SimpleData>
            <SimpleData name="X">-55.86111898000</SimpleData>
            <SimpleData name="Y">-24.90058956000</SimpleData>
            <SimpleData name="cedula">5702402</SimpleData>
            <SimpleData name="Cédula_1">5702402.00000000000</SimpleData>
            <SimpleData name="Estado_d_1">Activo</SimpleData>
            <SimpleData name="OBJECTID_1">5700</SimpleData>
            <SimpleData name="Shape_Leng">577.00131628200</SimpleData>
            <SimpleData name="Shape_Area">7963.54487211000</SimpleData>
          </SchemaData>
        </ExtendedData>
        <MultiGeometry>
          <Polygon>
            <outerBoundaryIs>
              <LinearRing>
                <coordinates>
                  -55.8599155999424,-24.9019624998619,0
                  -55.8604287000613,-24.9016292997676,0
                  -55.8602289998359,-24.9012378998554,0
                  -55.8596503003938,-24.9015747002089,0
                  -55.8599155999424,-24.9019624998619,0
                </coordinates>
              </LinearRing>
            </outerBoundaryIs>
          </Polygon>
          <Polygon>
            <outerBoundaryIs>
              <LinearRing>
                <coordinates>
                  -55.861229799765,-24.9012186994002,0
                  -55.8615176004484,-24.9011259008521,0
                  -55.8615288999627,-24.9010493995913,0
                  -55.8611055001046,-24.900184199503,0
                  -55.8609441994902,-24.8999468004927,0
                  -55.8606848998923,-24.9000312001075,0
                  -55.861229799765,-24.9012186994002,0
                </coordinates>
              </LinearRing>
            </outerBoundaryIs>
          </Polygon>
        </MultiGeometry>
      </Placemark>
      <Placemark id="Lote_D.16">
        <ExtendedData>
          <SchemaData schemaUrl="#Lote_D.schema">
            <SimpleData name="Cédula">5344127.00000000000</SimpleData>
            <SimpleData name="Nombres_y_">ELVA BEATRIZ GAMARRA MEZA</SimpleData>
            <SimpleData name="Sexo">Mujer</SimpleData>
            <SimpleData name="Cambio_de_">NO</SimpleData>
            <SimpleData name="Titular_se">NO</SimpleData>
            <SimpleData name="ci_UNIF">5344127.00000000000</SimpleData>
            <SimpleData name="Situación">NO</SimpleData>
            <SimpleData name="Comunidad">Campesina</SimpleData>
            <SimpleData name="Modelo_imp">Modelo 6</SimpleData>
            <SimpleData name="Departamen">CAAGUAZU</SimpleData>
            <SimpleData name="Distrito">SAN JOAQUIN</SimpleData>
            <SimpleData name="Localidad">JAHAPE</SimpleData>
            <SimpleData name="Teléfono">0982665946</SimpleData>
            <SimpleData name="Vivienda_L">-25.00255630000</SimpleData>
            <SimpleData name="Vivienda_1">-55.98904250000</SimpleData>
            <SimpleData name="Superficie">0.90000000000</SimpleData>
            <SimpleData name="Situaci_1">Pol?gono</SimpleData>
            <SimpleData name="Plantado">SI</SimpleData>
            <SimpleData name="Fecha_Plan">2025/10/01</SimpleData>
            <SimpleData name="Jornales">0.00000000000</SimpleData>
            <SimpleData name="Monto">0.00000000000</SimpleData>
            <SimpleData name="Grupo_de_p">D-P1-XX-XX-XX</SimpleData>
            <SimpleData name="Estado_del">Activo</SimpleData>
            <SimpleData name="Empresa">Unique Wood Paraguay SA</SimpleData>
            <SimpleData name="Lote">D</SimpleData>
            <SimpleData name="Parametro">0.00000000000</SimpleData>
            <SimpleData name="Sup_SIG">0.89956265015</SimpleData>
            <SimpleData name="X">-55.99059114000</SimpleData>
            <SimpleData name="Y">-25.00372848000</SimpleData>
            <SimpleData name="cedula">5344127</SimpleData>
            <SimpleData name="Cédula_1">5344127.00000000000</SimpleData>
            <SimpleData name="Estado_d_1">Activo</SimpleData>
            <SimpleData name="OBJECTID_1">5726</SimpleData>
            <SimpleData name="Shape_Leng">498.89760815000</SimpleData>
            <SimpleData name="Shape_Area">8995.62650151000</SimpleData>
          </SchemaData>
        </ExtendedData>
        <Polygon>
          <outerBoundaryIs>
            <LinearRing>
              <coordinates>
                -55.9901116997108,-25.0041700000505,0
                -55.9903432994621,-25.0044882996635,0
                -55.9912117000455,-25.0040016997432,0
                -55.9904617002813,-25.0029216997302,0
                -55.9900417000194,-25.0030482996733,0
                -55.9906049995315,-25.0038817001054,0
                -55.9901116997108,-25.0041700000505,0
              </coordinates>
            </LinearRing>
          </outerBoundaryIs>
        </Polygon>
      </Placemark>
      <Placemark id="Lote_D.17">
        <ExtendedData>
          <SchemaData schemaUrl="#Lote_D.schema">
            <SimpleData name="Cédula">5870649.00000000000</SimpleData>
            <SimpleData name="Nombres_y_">ELVIRA  VILLASANTI MERZARIO</SimpleData>
            <SimpleData name="Sexo">Mujer</SimpleData>
            <SimpleData name="Cambio_de_">NO</SimpleData>
            <SimpleData name="Titular_se">NO</SimpleData>
            <SimpleData name="ci_UNIF">5870649.00000000000</SimpleData>
            <SimpleData name="Situación">NO</SimpleData>
            <SimpleData name="Comunidad">Campesina</SimpleData>
            <SimpleData name="Modelo_imp">Modelo 5</SimpleData>
            <SimpleData name="Departamen">CAAGUAZU</SimpleData>
            <SimpleData name="Distrito">CARAYAO</SimpleData>
            <SimpleData name="Localidad">ARROYO HOVY</SimpleData>
            <SimpleData name="Teléfono">981214558</SimpleData>
            <SimpleData name="Vivienda_L">-25.14485000000</SimpleData>
            <SimpleData name="Vivienda_1">-56.29153110000</SimpleData>
            <SimpleData name="Superficie">0.70000000000</SimpleData>
            <SimpleData name="Situaci_1">Pol?gono</SimpleData>
            <SimpleData name="Plantado">SI</SimpleData>
            <SimpleData name="Fecha_Plan">2025/11/22</SimpleData>
            <SimpleData name="Jornales">0.00000000000</SimpleData>
            <SimpleData name="Monto">0.00000000000</SimpleData>
            <SimpleData name="Grupo_de_p">D-P1-XX-XX-XX</SimpleData>
            <SimpleData name="Estado_del">Activo</SimpleData>
            <SimpleData name="Empresa">Unique Wood Paraguay SA</SimpleData>
            <SimpleData name="Lote">D</SimpleData>
            <SimpleData name="Parametro">0.00000000000</SimpleData>
            <SimpleData name="Sup_SIG">0.79180768328</SimpleData>
            <SimpleData name="X">-56.29497375000</SimpleData>
            <SimpleData name="Y">-25.14397188000</SimpleData>
            <SimpleData name="cedula">5870649</SimpleData>
            <SimpleData name="Cédula_1">5870649.00000000000</SimpleData>
            <SimpleData name="Estado_d_1">Activo</SimpleData>
            <SimpleData name="OBJECTID_1">7356</SimpleData>
            <SimpleData name="Shape_Leng">603.31444252700</SimpleData>
            <SimpleData name="Shape_Area">7918.07683278000</SimpleData>
          </SchemaData>
        </ExtendedData>
        <MultiGeometry>
          <Polygon>
            <outerBoundaryIs>
              <LinearRing>
                <coordinates>
                  -56.2917004261703,-25.1445870626901,0
                  -56.2918046004395,-25.1445227996296,0
                  -56.2917109996957,-25.143886899412,0
                  -56.2915421993466,-25.1438934999256,0
                  -56.2915715638293,-25.144048114725,0
                  -56.2917004261703,-25.1445870626901,0
                </coordinates>
              </LinearRing>
            </outerBoundaryIs>
          </Polygon>
          <Polygon>
            <outerBoundaryIs>
              <LinearRing>
                <coordinates>
                  -56.2946601992057,-25.1437973003218,0
                  -56.2947881003617,-25.1437816995473,0
                  -56.2948977991061,-25.1447632999541,0
                  -56.2952798001349,-25.1447048998276,0
                  -56.2951062001576,-25.1432705993495,0
                  -56.2945965997098,-25.1433399000121,0
                  -56.2946601992057,-25.1437973003218,0
                </coordinates>
              </LinearRing>
            </outerBoundaryIs>
          </Polygon>
        </MultiGeometry>
      </Placemark>
      <Placemark id="Lote_D.18">
        <ExtendedData>
          <SchemaData schemaUrl="#Lote_D.schema">
            <SimpleData name="Cédula">5121282.00000000000</SimpleData>
            <SimpleData name="Nombres_y_">GLADYS MERCEDES GONZALEZ SOILAN</SimpleData>
            <SimpleData name="Sexo">Mujer</SimpleData>
            <SimpleData name="Cambio_de_">NO</SimpleData>
            <SimpleData name="Titular_se">NO</SimpleData>
            <SimpleData name="ci_UNIF">5121282.00000000000</SimpleData>
            <SimpleData name="Situación">NO</SimpleData>
            <SimpleData name="Comunidad">Campesina</SimpleData>
            <SimpleData name="Modelo_imp">Modelo 5</SimpleData>
            <SimpleData name="Departamen">CAAGUAZU</SimpleData>
            <SimpleData name="Distrito">SAN JOAQUIN</SimpleData>
            <SimpleData name="Localidad">VIRGEN DEL CARMEN</SimpleData>
            <SimpleData name="Teléfono">0975418008</SimpleData>
            <SimpleData name="Vivienda_L">-25.04919000000</SimpleData>
            <SimpleData name="Vivienda_1">-56.09308450000</SimpleData>
            <SimpleData name="Superficie">0.70000000000</SimpleData>
            <SimpleData name="Situaci_1">Pol?gono</SimpleData>
            <SimpleData name="Plantado">SI</SimpleData>
            <SimpleData name="Fecha_Plan">2025/10/30</SimpleData>
            <SimpleData name="Jornales">0.00000000000</SimpleData>
            <SimpleData name="Monto">0.00000000000</SimpleData>
            <SimpleData name="Grupo_de_p">D-P1-XX-XX-XX</SimpleData>
            <SimpleData name="Estado_del">Activo</SimpleData>
            <SimpleData name="Empresa">Unique Wood Paraguay SA</SimpleData>
            <SimpleData name="Lote">D</SimpleData>
            <SimpleData name="Parametro">0.00000000000</SimpleData>
            <SimpleData name="Sup_SIG">0.77236129803</SimpleData>
            <SimpleData name="X">-56.08981935000</SimpleData>
            <SimpleData name="Y">-25.05016902000</SimpleData>
            <SimpleData name="cedula">5121282</SimpleData>
            <SimpleData name="Cédula_1">5121282.00000000000</SimpleData>
            <SimpleData name="Estado_d_1">Activo</SimpleData>
            <SimpleData name="OBJECTID_1">5749</SimpleData>
            <SimpleData name="Shape_Leng">447.00429600500</SimpleData>
            <SimpleData name="Shape_Area">7723.61298027000</SimpleData>
          </SchemaData>
        </ExtendedData>
        <Polygon>
          <outerBoundaryIs>
            <LinearRing>
              <coordinates>
                -56.0889299994862,-25.0501128001528,0
                -56.0889956995321,-25.0505087001908,0
                -56.0903266995283,-25.0503017000443,0
                -56.0903900006143,-25.0502317001611,0
                -56.0907110997871,-25.050154199577,0
                -56.0907534996585,-25.0498288997654,0
                -56.0889299994862,-25.0501128001528,0
              </coordinates>
            </LinearRing>
          </outerBoundaryIs>
        </Polygon>
      </Placemark>
      <Placemark id="Lote_D.19">
        <ExtendedData>
          <SchemaData schemaUrl="#Lote_D.schema">
            <SimpleData name="Cédula">4722533.00000000000</SimpleData>
            <SimpleData name="Nombres_y_">ARNALDO FLECHA MOREL</SimpleData>
            <SimpleData name="Sexo">Hombre</SimpleData>
            <SimpleData name="Cambio_de_">NO</SimpleData>
            <SimpleData name="Titular_se">NO</SimpleData>
            <SimpleData name="ci_UNIF">4722533.00000000000</SimpleData>
            <SimpleData name="Situación">NO</SimpleData>
            <SimpleData name="Comunidad">Campesina</SimpleData>
            <SimpleData name="Modelo_imp">Modelo 5</SimpleData>
            <SimpleData name="Departamen">CAAGUAZU</SimpleData>
            <SimpleData name="Distrito">SAN JOAQUIN</SimpleData>
            <SimpleData name="Localidad">PIRI POTY</SimpleData>
            <SimpleData name="Teléfono">0981698442</SimpleData>
            <SimpleData name="Vivienda_L">-25.03867880000</SimpleData>
            <SimpleData name="Vivienda_1">-56.06320460000</SimpleData>
            <SimpleData name="Superficie">0.70000000000</SimpleData>
            <SimpleData name="Situaci_1">Pol?gono</SimpleData>
            <SimpleData name="Plantado">SI</SimpleData>
            <SimpleData name="Fecha_Plan">2025/10/30</SimpleData>
            <SimpleData name="Jornales">0.00000000000</SimpleData>
            <SimpleData name="Monto">0.00000000000</SimpleData>
            <SimpleData name="Grupo_de_p">D-P1-XX-XX-XX</SimpleData>
            <SimpleData name="Estado_del">Activo</SimpleData>
            <SimpleData name="Empresa">Unique Wood Paraguay SA</SimpleData>
            <SimpleData name="Lote">D</SimpleData>
            <SimpleData name="Parametro">0.00000000000</SimpleData>
            <SimpleData name="Sup_SIG">0.75610912007</SimpleData>
            <SimpleData name="X">-56.06637053000</SimpleData>
            <SimpleData name="Y">-25.04495048000</SimpleData>
            <SimpleData name="cedula">4722533</SimpleData>
            <SimpleData name="Cédula_1">4722533.00000000000</SimpleData>
            <SimpleData name="Estado_d_1">Activo</SimpleData>
            <SimpleData name="OBJECTID_1">5746</SimpleData>
            <SimpleData name="Shape_Leng">445.39379240000</SimpleData>
            <SimpleData name="Shape_Area">7561.09120074000</SimpleData>
          </SchemaData>
        </ExtendedData>
        <Polygon>
          <outerBoundaryIs>
            <LinearRing>
              <coordinates>
                -56.0655015006542,-25.0450050995177,0
                -56.0672331992653,-25.045281700036,0
                -56.067290299988,-25.0449223000454,0
                -56.0655050002095,-25.0446049996616,0
                -56.0655015006542,-25.0450050995177,0
              </coordinates>
            </LinearRing>
          </outerBoundaryIs>
        </Polygon>
      </Placemark>
      <Placemark id="Lote_D.20">
        <ExtendedData>
          <SchemaData schemaUrl="#Lote_D.schema">
            <SimpleData name="Cédula">7157455.00000000000</SimpleData>
            <SimpleData name="Nombres_y_">NATALICIO BOGADO MONTANIA</SimpleData>
            <SimpleData name="Sexo">Hombre</SimpleData>
            <SimpleData name="Cambio_de_">NO</SimpleData>
            <SimpleData name="Titular_se">NO</SimpleData>
            <SimpleData name="ci_UNIF">7157455.00000000000</SimpleData>
            <SimpleData name="Situación">NO</SimpleData>
            <SimpleData name="Comunidad">Ind?gena</SimpleData>
            <SimpleData name="Modelo_imp">Modelo 1</SimpleData>
            <SimpleData name="Departamen">CAAGUAZU</SimpleData>
            <SimpleData name="Distrito">SAN JOAQUIN</SimpleData>
            <SimpleData name="Localidad">COM INDIG SAN JORGE</SimpleData>
            <SimpleData name="Teléfono">0984209061</SimpleData>
            <SimpleData name="Vivienda_L">-25.06623170000</SimpleData>
            <SimpleData name="Vivienda_1">-56.08576650000</SimpleData>
            <SimpleData name="Superficie">0.80000000000</SimpleData>
            <SimpleData name="Situaci_1">Pol?gono</SimpleData>
            <SimpleData name="Plantado">SI</SimpleData>
            <SimpleData name="Fecha_Plan">2025/09/22</SimpleData>
            <SimpleData name="Jornales">0.00000000000</SimpleData>
            <SimpleData name="Monto">0.00000000000</SimpleData>
            <SimpleData name="Grupo_de_p">D-P1-XX-XX-XX</SimpleData>
            <SimpleData name="Estado_del">Activo</SimpleData>
            <SimpleData name="Empresa">Unique Wood Paraguay SA</SimpleData>
            <SimpleData name="Lote">D</SimpleData>
            <SimpleData name="Parametro">0.00000000000</SimpleData>
            <SimpleData name="Sup_SIG">0.90583404761</SimpleData>
            <SimpleData name="X">-56.08564727000</SimpleData>
            <SimpleData name="Y">-25.06680666000</SimpleData>
            <SimpleData name="cedula">7157455</SimpleData>
            <SimpleData name="Cédula_1">7157455.00000000000</SimpleData>
            <SimpleData name="Estado_d_1">Activo</SimpleData>
            <SimpleData name="OBJECTID_1">7649</SimpleData>
            <SimpleData name="Shape_Leng">418.65701503800</SimpleData>
            <SimpleData name="Shape_Area">9058.34047610000</SimpleData>
          </SchemaData>
        </ExtendedData>
        <Polygon>
          <outerBoundaryIs>
            <LinearRing>
              <coordinates>
                -56.0853190331885,-25.067372575572,0
                -56.0853433005239,-25.0673650005925,0
                -56.0853541054035,-25.0673932876498,0
                -56.0860069001476,-25.0672739003433,0
                -56.0859108004761,-25.066711100384,0
                -56.0859775473537,-25.0666911679381,0
                -56.0862348819671,-25.0666028908869,0
                -56.0861161003068,-25.0662410997667,0
                -56.0855678000071,-25.0663559001018,0
                -56.0852801998816,-25.0664379004212,0
                -56.0853063001569,-25.0665920002169,0
                -56.0851120993501,-25.0666782003511,0
                -56.0853190331885,-25.067372575572,0
              </coordinates>
            </LinearRing>
          </outerBoundaryIs>
        </Polygon>
      </Placemark>
      <Placemark id="Lote_D.21">
        <ExtendedData>
          <SchemaData schemaUrl="#Lote_D.schema">
            <SimpleData name="Cédula">5063135.00000000000</SimpleData>
            <SimpleData name="Nombres_y_">ESTELVINA FRANCO FRANCO</SimpleData>
            <SimpleData name="Sexo">Mujer</SimpleData>
            <SimpleData name="Cambio_de_">NO</SimpleData>
            <SimpleData name="Titular_se">NO</SimpleData>
            <SimpleData name="ci_UNIF">5063135.00000000000</SimpleData>
            <SimpleData name="Situación">NO</SimpleData>
            <SimpleData name="Comunidad">Ind?gena</SimpleData>
            <SimpleData name="Modelo_imp">Modelo 1</SimpleData>
            <SimpleData name="Departamen">CAAGUAZU</SimpleData>
            <SimpleData name="Distrito">SAN JOAQUIN</SimpleData>
            <SimpleData name="Localidad">COM INDIG SAN JORGE</SimpleData>
            <SimpleData name="Teléfono">09826966648</SimpleData>
            <SimpleData name="Vivienda_L">-25.06843900000</SimpleData>
            <SimpleData name="Vivienda_1">-56.08422020000</SimpleData>
            <SimpleData name="Superficie">0.80000000000</SimpleData>
            <SimpleData name="Situaci_1">Pol?gono</SimpleData>
            <SimpleData name="Plantado">SI</SimpleData>
            <SimpleData name="Fecha_Plan">2025/09/22</SimpleData>
            <SimpleData name="Jornales">0.00000000000</SimpleData>
            <SimpleData name="Monto">0.00000000000</SimpleData>
            <SimpleData name="Grupo_de_p">D-P1-XX-XX-XX</SimpleData>
            <SimpleData name="Estado_del">Activo</SimpleData>
            <SimpleData name="Empresa">Unique Wood Paraguay SA</SimpleData>
            <SimpleData name="Lote">D</SimpleData>
            <SimpleData name="Parametro">0.00000000000</SimpleData>
            <SimpleData name="Sup_SIG">0.82379588404</SimpleData>
            <SimpleData name="X">-56.08413091000</SimpleData>
            <SimpleData name="Y">-25.06805080000</SimpleData>
            <SimpleData name="cedula">5063135</SimpleData>
            <SimpleData name="Cédula_1">5063135.00000000000</SimpleData>
            <SimpleData name="Estado_d_1">Activo</SimpleData>
            <SimpleData name="OBJECTID_1">7641</SimpleData>
            <SimpleData name="Shape_Leng">545.00777727000</SimpleData>
            <SimpleData name="Shape_Area">8237.95884044000</SimpleData>
          </SchemaData>
        </ExtendedData>
        <MultiGeometry>
          <Polygon>
            <outerBoundaryIs>
              <LinearRing>
                <coordinates>
                  -56.0844193000237,-25.0692686001358,0
                  -56.0850251994928,-25.0689919000006,0
                  -56.0848099000349,-25.068572499593,0
                  -56.0842200000848,-25.0688946999592,0
                  -56.0844193000237,-25.0692686001358,0
                </coordinates>
              </LinearRing>
            </outerBoundaryIs>
          </Polygon>
          <Polygon>
            <outerBoundaryIs>
              <LinearRing>
                <coordinates>
                  -56.083834200364,-25.0683920004941,0
                  -56.0846911994129,-25.0681807997364,0
                  -56.084644000088,-25.0678835005733,0
                  -56.0842770002848,-25.0679473993392,0
                  -56.0841721008134,-25.0676969001715,0
                  -56.0836435007424,-25.0678390996629,0
                  -56.083834200364,-25.0683920004941,0
                </coordinates>
              </LinearRing>
            </outerBoundaryIs>
          </Polygon>
        </MultiGeometry>
      </Placemark>
      <Placemark id="Lote_D.22">
        <ExtendedData>
          <SchemaData schemaUrl="#Lote_D.schema">
            <SimpleData name="Cédula">3905186.00000000000</SimpleData>
            <SimpleData name="Nombres_y_">MARIA DE LA CRUZ FERNANDEZ GONZALEZ</SimpleData>
            <SimpleData name="Sexo">Mujer</SimpleData>
            <SimpleData name="Cambio_de_">NO</SimpleData>
            <SimpleData name="Titular_se">NO</SimpleData>
            <SimpleData name="ci_UNIF">3905186.00000000000</SimpleData>
            <SimpleData name="Situación">NO</SimpleData>
            <SimpleData name="Comunidad">Campesina</SimpleData>
            <SimpleData name="Modelo_imp">Modelo 5</SimpleData>
            <SimpleData name="Departamen">CAAGUAZU</SimpleData>
            <SimpleData name="Distrito">YH?</SimpleData>
            <SimpleData name="Localidad">CA?ADITA</SimpleData>
            <SimpleData name="Teléfono">982805819</SimpleData>
            <SimpleData name="Vivienda_L">-25.15575820000</SimpleData>
            <SimpleData name="Vivienda_1">-55.91683130000</SimpleData>
            <SimpleData name="Superficie">0.70000000000</SimpleData>
            <SimpleData name="Situaci_1">Pol?gono</SimpleData>
            <SimpleData name="Plantado">SI</SimpleData>
            <SimpleData name="Fecha_Plan">2025/11/23</SimpleData>
            <SimpleData name="Jornales">0.00000000000</SimpleData>
            <SimpleData name="Monto">0.00000000000</SimpleData>
            <SimpleData name="Grupo_de_p">D-P1-XX-XX-XX</SimpleData>
            <SimpleData name="Estado_del">Activo</SimpleData>
            <SimpleData name="Empresa">Unique Wood Paraguay SA</SimpleData>
            <SimpleData name="Lote">D</SimpleData>
            <SimpleData name="Parametro">0.00000000000</SimpleData>
            <SimpleData name="Sup_SIG">1.10793913677</SimpleData>
            <SimpleData name="X">-55.90499990000</SimpleData>
            <SimpleData name="Y">-25.16339812000</SimpleData>
            <SimpleData name="cedula">3905186</SimpleData>
            <SimpleData name="Cédula_1">3905186.00000000000</SimpleData>
            <SimpleData name="Estado_d_1">Activo</SimpleData>
            <SimpleData name="OBJECTID_1">6341</SimpleData>
            <SimpleData name="Shape_Leng">621.96103690800</SimpleData>
            <SimpleData name="Shape_Area">11079.39136770000</SimpleData>
          </SchemaData>
        </ExtendedData>
        <MultiGeometry>
          <Polygon>
            <outerBoundaryIs>
              <LinearRing>
                <coordinates>
                  -55.9054456993185,-25.163735100452,0
                  -55.9054417006866,-25.1630283003548,0
                  -55.904479099838,-25.1631819998013,0
                  -55.9045116994007,-25.1636595001759,0
                  -55.9054456993185,-25.163735100452,0
                </coordinates>
              </LinearRing>
            </outerBoundaryIs>
          </Polygon>
          <Polygon>
            <outerBoundaryIs>
              <LinearRing>
                <coordinates>
                  -55.9163154007202,-25.1558146995879,0
                  -55.9164027004029,-25.1554028000782,0
                  -55.915364600588,-25.1553167998801,0
                  -55.915352000076,-25.1557576998776,0
                  -55.9163154007202,-25.1558146995879,0
                </coordinates>
              </LinearRing>
            </outerBoundaryIs>
          </Polygon>
        </MultiGeometry>
      </Placemark>
      <Placemark id="Lote_D.23">
        <ExtendedData>
          <SchemaData schemaUrl="#Lote_D.schema">
            <SimpleData name="Cédula">2890107.00000000000</SimpleData>
            <SimpleData name="Nombres_y_">VIDAL BRITEZ BREJYUAGI</SimpleData>
            <SimpleData name="Sexo">Hombre</SimpleData>
            <SimpleData name="Cambio_de_">NO</SimpleData>
            <SimpleData name="Titular_se">NO</SimpleData>
            <SimpleData name="ci_UNIF">2890107.00000000000</SimpleData>
            <SimpleData name="Situación">NO</SimpleData>
            <SimpleData name="Comunidad">Ind?gena</SimpleData>
            <SimpleData name="Modelo_imp">Modelo 6</SimpleData>
            <SimpleData name="Departamen">CAAGUAZU</SimpleData>
            <SimpleData name="Distrito">SAN JOAQUIN</SimpleData>
            <SimpleData name="Localidad">COM INDIG CERRO MOROTI</SimpleData>
            <SimpleData name="Teléfono">0986676637</SimpleData>
            <SimpleData name="Vivienda_L">-25.01659600000</SimpleData>
            <SimpleData name="Vivienda_1">-56.14003870000</SimpleData>
            <SimpleData name="Superficie">0.90000000000</SimpleData>
            <SimpleData name="Situaci_1">Pol?gono</SimpleData>
            <SimpleData name="Plantado">SI</SimpleData>
            <SimpleData name="Fecha_Plan">2025/09/23</SimpleData>
            <SimpleData name="Jornales">0.00000000000</SimpleData>
            <SimpleData name="Monto">0.00000000000</SimpleData>
            <SimpleData name="Grupo_de_p">D-P1-XX-XX-XX</SimpleData>
            <SimpleData name="Estado_del">Activo</SimpleData>
            <SimpleData name="Empresa">Unique Wood Paraguay SA</SimpleData>
            <SimpleData name="Lote">D</SimpleData>
            <SimpleData name="Parametro">0.00000000000</SimpleData>
            <SimpleData name="Sup_SIG">0.95702537981</SimpleData>
            <SimpleData name="X">-56.14049020000</SimpleData>
            <SimpleData name="Y">-25.01381091000</SimpleData>
            <SimpleData name="cedula">2890107</SimpleData>
            <SimpleData name="Cédula_1">2890107.00000000000</SimpleData>
            <SimpleData name="Estado_d_1">Activo</SimpleData>
            <SimpleData name="OBJECTID_1">5717</SimpleData>
            <SimpleData name="Shape_Leng">471.72807678800</SimpleData>
            <SimpleData name="Shape_Area">9570.25379809000</SimpleData>
          </SchemaData>
        </ExtendedData>
        <Polygon>
          <outerBoundaryIs>
            <LinearRing>
              <coordinates>
                -56.1397268573428,-25.0138271149726,0
                -56.1406109190008,-25.0141961240667,0
                -56.1411299999515,-25.0143950002704,0
                -56.1411825561989,-25.0142767479858,0
                -56.1412216000379,-25.0140050007533,0
                -56.1412969599426,-25.0140193401126,0
                -56.1413099997669,-25.0139899997297,0
                -56.1408683001918,-25.0139749998644,0
                -56.140868300691,-25.0133433003915,0
                -56.1400932994264,-25.0134216999585,0
                -56.1397432992792,-25.0135650001958,0
                -56.1397268573428,-25.0138271149726,0
              </coordinates>
            </LinearRing>
          </outerBoundaryIs>
        </Polygon>
      </Placemark>
      <Placemark id="Lote_D.24">
        <ExtendedData>
          <SchemaData schemaUrl="#Lote_D.schema">
            <SimpleData name="Cédula">6585526.00000000000</SimpleData>
            <SimpleData name="Nombres_y_">ANTONIA LOPEZ MARTINEZ</SimpleData>
            <SimpleData name="Sexo">Mujer</SimpleData>
            <SimpleData name="Cambio_de_">NO</SimpleData>
            <SimpleData name="Titular_se">NO</SimpleData>
            <SimpleData name="ci_UNIF">6585526.00000000000</SimpleData>
            <SimpleData name="Situación">NO</SimpleData>
            <SimpleData name="Comunidad">Ind?gena</SimpleData>
            <SimpleData name="Modelo_imp">Modelo 1</SimpleData>
            <SimpleData name="Departamen">CAAGUAZU</SimpleData>
            <SimpleData name="Distrito">YH?</SimpleData>
            <SimpleData name="Localidad">COM INDIG AMAMBAY ARROYO GUAZU</SimpleData>
            <SimpleData name="Teléfono">0981880468</SimpleData>
            <SimpleData name="Vivienda_L">-24.90353970000</SimpleData>
            <SimpleData name="Vivienda_1">-55.86118100000</SimpleData>
            <SimpleData name="Superficie">0.80000000000</SimpleData>
            <SimpleData name="Situaci_1">Pol?gono</SimpleData>
            <SimpleData name="Plantado">SI</SimpleData>
            <SimpleData name="Fecha_Plan">2025/10/29</SimpleData>
            <SimpleData name="Jornales">0.00000000000</SimpleData>
            <SimpleData name="Monto">0.00000000000</SimpleData>
            <SimpleData name="Grupo_de_p">D-P1-XX-XX-XX</SimpleData>
            <SimpleData name="Estado_del">Activo</SimpleData>
            <SimpleData name="Empresa">Unique Wood Paraguay SA</SimpleData>
            <SimpleData name="Lote">D</SimpleData>
            <SimpleData name="Parametro">0.00000000000</SimpleData>
            <SimpleData name="Sup_SIG">0.80547670689</SimpleData>
            <SimpleData name="X">-55.86040063000</SimpleData>
            <SimpleData name="Y">-24.90416719000</SimpleData>
            <SimpleData name="cedula">6585526</SimpleData>
            <SimpleData name="Cédula_1">6585526.00000000000</SimpleData>
            <SimpleData name="Estado_d_1">Activo</SimpleData>
            <SimpleData name="OBJECTID_1">7143</SimpleData>
            <SimpleData name="Shape_Leng">361.23823822800</SimpleData>
            <SimpleData name="Shape_Area">8054.76706892000</SimpleData>
          </SchemaData>
        </ExtendedData>
        <Polygon>
          <outerBoundaryIs>
            <LinearRing>
              <coordinates>
                -55.8597318995955,-24.9040835001037,0
                -55.8602452000056,-24.9046790004386,0
                -55.8610635999662,-24.9042758996945,0
                -55.8605564005283,-24.9036424999085,0
                -55.8597318995955,-24.9040835001037,0
              </coordinates>
            </LinearRing>
          </outerBoundaryIs>
        </Polygon>
      </Placemark>
      <Placemark id="Lote_D.25">
        <ExtendedData>
          <SchemaData schemaUrl="#Lote_D.schema">
            <SimpleData name="Cédula">6889767.00000000000</SimpleData>
            <SimpleData name="Nombres_y_">FREDY ACOSTA ROJAS</SimpleData>
            <SimpleData name="Sexo">Hombre</SimpleData>
            <SimpleData name="Cambio_de_">NO</SimpleData>
            <SimpleData name="Titular_se">NO</SimpleData>
            <SimpleData name="ci_UNIF">6889767.00000000000</SimpleData>
            <SimpleData name="Situación">NO</SimpleData>
            <SimpleData name="Comunidad">Campesina</SimpleData>
            <SimpleData name="Modelo_imp">Modelo 1</SimpleData>
            <SimpleData name="Departamen">CAAGUAZU</SimpleData>
            <SimpleData name="Distrito">SAN JOAQUIN</SimpleData>
            <SimpleData name="Localidad">NACIENTE</SimpleData>
            <SimpleData name="Teléfono">0983356579</SimpleData>
            <SimpleData name="Vivienda_L">-25.00514220000</SimpleData>
            <SimpleData name="Vivienda_1">-56.04970140000</SimpleData>
            <SimpleData name="Superficie">0.80000000000</SimpleData>
            <SimpleData name="Situaci_1">Pol?gono</SimpleData>
            <SimpleData name="Plantado">SI</SimpleData>
            <SimpleData name="Fecha_Plan">2025/10/03</SimpleData>
            <SimpleData name="Jornales">0.00000000000</SimpleData>
            <SimpleData name="Monto">0.00000000000</SimpleData>
            <SimpleData name="Grupo_de_p">D-P1-XX-XX-XX</SimpleData>
            <SimpleData name="Estado_del">Activo</SimpleData>
            <SimpleData name="Empresa">Unique Wood Paraguay SA</SimpleData>
            <SimpleData name="Lote">D</SimpleData>
            <SimpleData name="Parametro">0.00000000000</SimpleData>
            <SimpleData name="Sup_SIG">0.84034524460</SimpleData>
            <SimpleData name="X">-56.05581327000</SimpleData>
            <SimpleData name="Y">-25.00622629000</SimpleData>
            <SimpleData name="cedula">6889767</SimpleData>
            <SimpleData name="Cédula_1">6889767.00000000000</SimpleData>
            <SimpleData name="Estado_d_1">Activo</SimpleData>
            <SimpleData name="OBJECTID_1">5757</SimpleData>
            <SimpleData name="Shape_Leng">563.29462974600</SimpleData>
            <SimpleData name="Shape_Area">8403.45244599000</SimpleData>
          </SchemaData>
        </ExtendedData>
        <MultiGeometry>
          <Polygon>
            <outerBoundaryIs>
              <LinearRing>
                <coordinates>
                  -56.0567687998175,-25.0068649003859,0
                  -56.056955800282,-25.005978300118,0
                  -56.0568592999614,-25.0060184003681,0
                  -56.0566714999666,-25.0068403999374,0
                  -56.0567687998175,-25.0068649003859,0
                </coordinates>
              </LinearRing>
            </outerBoundaryIs>
          </Polygon>
          <Polygon>
            <outerBoundaryIs>
              <LinearRing>
                <coordinates>
                  -56.0559500997154,-25.0067129002888,0
                  -56.0561728004497,-25.0058528997892,0
                  -56.0553692005321,-25.0057002998465,0
                  -56.0552680998861,-25.0065848004191,0
                  -56.0559500997154,-25.0067129002888,0
                </coordinates>
              </LinearRing>
            </outerBoundaryIs>
          </Polygon>
        </MultiGeometry>
      </Placemark>
      <Placemark id="Lote_D.26">
        <ExtendedData>
          <SchemaData schemaUrl="#Lote_D.schema">
            <SimpleData name="Cédula">1459323.00000000000</SimpleData>
            <SimpleData name="Nombres_y_">CLAUDIO ANICETO VELAZQUEZ</SimpleData>
            <SimpleData name="Sexo">Hombre</SimpleData>
            <SimpleData name="Cambio_de_">NO</SimpleData>
            <SimpleData name="Titular_se">NO</SimpleData>
            <SimpleData name="ci_UNIF">1459323.00000000000</SimpleData>
            <SimpleData name="Situación">NO</SimpleData>
            <SimpleData name="Comunidad">Campesina</SimpleData>
            <SimpleData name="Modelo_imp">Modelo 5</SimpleData>
            <SimpleData name="Departamen">CAAGUAZU</SimpleData>
            <SimpleData name="Distrito">YH?</SimpleData>
            <SimpleData name="Localidad">CA?ADITA</SimpleData>
            <SimpleData name="Teléfono">983415048</SimpleData>
            <SimpleData name="Vivienda_L">-25.16545000000</SimpleData>
            <SimpleData name="Vivienda_1">-55.91713320000</SimpleData>
            <SimpleData name="Superficie">0.70000000000</SimpleData>
            <SimpleData name="Situaci_1">Pol?gono</SimpleData>
            <SimpleData name="Plantado">SI</SimpleData>
            <SimpleData name="Fecha_Plan">2025/10/22</SimpleData>
            <SimpleData name="Jornales">0.00000000000</SimpleData>
            <SimpleData name="Monto">0.00000000000</SimpleData>
            <SimpleData name="Grupo_de_p">D-P1-XX-XX-XX</SimpleData>
            <SimpleData name="Estado_del">Activo</SimpleData>
            <SimpleData name="Empresa">Unique Wood Paraguay SA</SimpleData>
            <SimpleData name="Lote">D</SimpleData>
            <SimpleData name="Parametro">0.00000000000</SimpleData>
            <SimpleData name="Sup_SIG">0.78341551492</SimpleData>
            <SimpleData name="X">-55.91929578000</SimpleData>
            <SimpleData name="Y">-25.16570515000</SimpleData>
            <SimpleData name="cedula">1459323</SimpleData>
            <SimpleData name="Cédula_1">1459323.00000000000</SimpleData>
            <SimpleData name="Estado_d_1">Activo</SimpleData>
            <SimpleData name="OBJECTID_1">6338</SimpleData>
            <SimpleData name="Shape_Leng">525.72931047400</SimpleData>
            <SimpleData name="Shape_Area">7834.15514915000</SimpleData>
          </SchemaData>
        </ExtendedData>
        <MultiGeometry>
          <Polygon>
            <outerBoundaryIs>
              <LinearRing>
                <coordinates>
                  -55.9197594003025,-25.1659626007023,0
                  -55.919760099916,-25.1655235000252,0
                  -55.9188482991974,-25.1654299998468,0
                  -55.9188399000476,-25.1659053008883,0
                  -55.9197594003025,-25.1659626007023,0
                </coordinates>
              </LinearRing>
            </outerBoundaryIs>
          </Polygon>
          <Polygon>
            <outerBoundaryIs>
              <LinearRing>
                <coordinates>
                  -55.9161468000743,-25.1654127012662,0
                  -55.9161767994335,-25.1651772011218,0
                  -55.9157361988899,-25.1650240005657,0
                  -55.9153299995079,-25.1650373002809,0
                  -55.9152925999963,-25.1653801000831,0
                  -55.9161468000743,-25.1654127012662,0
                </coordinates>
              </LinearRing>
            </outerBoundaryIs>
          </Polygon>
        </MultiGeometry>
      </Placemark>
      <Placemark id="Lote_D.27">
        <ExtendedData>
          <SchemaData schemaUrl="#Lote_D.schema">
            <SimpleData name="Cédula">4335532.00000000000</SimpleData>
            <SimpleData name="Nombres_y_">MARIA ELBA MARTINEZ SAUCEDO</SimpleData>
            <SimpleData name="Sexo">Mujer</SimpleData>
            <SimpleData name="Cambio_de_">NO</SimpleData>
            <SimpleData name="Titular_se">NO</SimpleData>
            <SimpleData name="ci_UNIF">4335532.00000000000</SimpleData>
            <SimpleData name="Situación">NO</SimpleData>
            <SimpleData name="Comunidad">Ind?gena</SimpleData>
            <SimpleData name="Modelo_imp">Modelo 1</SimpleData>
            <SimpleData name="Departamen">CAAGUAZU</SimpleData>
            <SimpleData name="Distrito">SAN JOAQUIN</SimpleData>
            <SimpleData name="Localidad">COM INDIG SAN JORGE</SimpleData>
            <SimpleData name="Teléfono">0984209061</SimpleData>
            <SimpleData name="Vivienda_L">-25.06910280000</SimpleData>
            <SimpleData name="Vivienda_1">-56.08095750000</SimpleData>
            <SimpleData name="Superficie">0.80000000000</SimpleData>
            <SimpleData name="Situaci_1">Pol?gono</SimpleData>
            <SimpleData name="Plantado">SI</SimpleData>
            <SimpleData name="Fecha_Plan">2025/09/22</SimpleData>
            <SimpleData name="Jornales">0.00000000000</SimpleData>
            <SimpleData name="Monto">0.00000000000</SimpleData>
            <SimpleData name="Grupo_de_p">D-P1-XX-XX-XX</SimpleData>
            <SimpleData name="Estado_del">Activo</SimpleData>
            <SimpleData name="Empresa">Unique Wood Paraguay SA</SimpleData>
            <SimpleData name="Lote">D</SimpleData>
            <SimpleData name="Parametro">0.00000000000</SimpleData>
            <SimpleData name="Sup_SIG">0.80505019125</SimpleData>
            <SimpleData name="X">-56.08096683000</SimpleData>
            <SimpleData name="Y">-25.06801537000</SimpleData>
            <SimpleData name="cedula">4335532</SimpleData>
            <SimpleData name="Cédula_1">4335532.00000000000</SimpleData>
            <SimpleData name="Estado_d_1">Activo</SimpleData>
            <SimpleData name="OBJECTID_1">7645</SimpleData>
            <SimpleData name="Shape_Leng">451.84706033200</SimpleData>
            <SimpleData name="Shape_Area">8050.50191253000</SimpleData>
          </SchemaData>
        </ExtendedData>
        <Polygon>
          <outerBoundaryIs>
            <LinearRing>
              <coordinates>
                -56.0805182999161,-25.0677866996181,0
                -56.080882900283,-25.0689149006202,0
                -56.0811147997606,-25.0688441004391,0
                -56.0809488991963,-25.0682124001754,0
                -56.0813950004017,-25.0681182998996,0
                -56.0814050992862,-25.0681085997733,0
                -56.0812996005837,-25.0673621007009,0
                -56.08079069962,-25.0675332996985,0
                -56.0805182999161,-25.0677866996181,0
              </coordinates>
            </LinearRing>
          </outerBoundaryIs>
        </Polygon>
      </Placemark>
      <Placemark id="Lote_D.28">
        <ExtendedData>
          <SchemaData schemaUrl="#Lote_D.schema">
            <SimpleData name="Cédula">7206471.00000000000</SimpleData>
            <SimpleData name="Nombres_y_">ROSANA  MARTINEZ VILLALBA</SimpleData>
            <SimpleData name="Sexo">Mujer</SimpleData>
            <SimpleData name="Cambio_de_">NO</SimpleData>
            <SimpleData name="Titular_se">NO</SimpleData>
            <SimpleData name="ci_UNIF">7206471.00000000000</SimpleData>
            <SimpleData name="Situación">NO</SimpleData>
            <SimpleData name="Comunidad">Campesina</SimpleData>
            <SimpleData name="Modelo_imp">Modelo 2</SimpleData>
            <SimpleData name="Departamen">CAAGUAZU</SimpleData>
            <SimpleData name="Distrito">YH?</SimpleData>
            <SimpleData name="Localidad">JUKERI</SimpleData>
            <SimpleData name="Teléfono">984568985</SimpleData>
            <SimpleData name="Vivienda_L">-25.14765690000</SimpleData>
            <SimpleData name="Vivienda_1">-55.91782240000</SimpleData>
            <SimpleData name="Superficie">0.80000000000</SimpleData>
            <SimpleData name="Situaci_1">Pol?gono</SimpleData>
            <SimpleData name="Plantado">SI</SimpleData>
            <SimpleData name="Fecha_Plan">2025/10/30</SimpleData>
            <SimpleData name="Jornales">0.00000000000</SimpleData>
            <SimpleData name="Monto">0.00000000000</SimpleData>
            <SimpleData name="Grupo_de_p">D-P1-XX-XX-XX</SimpleData>
            <SimpleData name="Estado_del">Activo</SimpleData>
            <SimpleData name="Empresa">Unique Wood Paraguay SA</SimpleData>
            <SimpleData name="Lote">D</SimpleData>
            <SimpleData name="Parametro">0.00000000000</SimpleData>
            <SimpleData name="Sup_SIG">0.87162282172</SimpleData>
            <SimpleData name="X">-55.91078535000</SimpleData>
            <SimpleData name="Y">-25.14688938000</SimpleData>
            <SimpleData name="cedula">7206471</SimpleData>
            <SimpleData name="Cédula_1">7206471.00000000000</SimpleData>
            <SimpleData name="Estado_d_1">Activo</SimpleData>
            <SimpleData name="OBJECTID_1">6340</SimpleData>
            <SimpleData name="Shape_Leng">580.53384746200</SimpleData>
            <SimpleData name="Shape_Area">8716.22821724000</SimpleData>
          </SchemaData>
        </ExtendedData>
        <Polygon>
          <outerBoundaryIs>
            <LinearRing>
              <coordinates>
                -55.9109500996041,-25.1471546993959,0
                -55.9118149999466,-25.1472265996366,0
                -55.9118307996443,-25.1467782998108,0
                -55.9094100003504,-25.1466350005253,0
                -55.9093567005103,-25.1468549998839,0
                -55.91089180007,-25.1469985994766,0
                -55.9109500996041,-25.1471546993959,0
              </coordinates>
            </LinearRing>
          </outerBoundaryIs>
        </Polygon>
      </Placemark>
      <Placemark id="Lote_D.29">
        <ExtendedData>
          <SchemaData schemaUrl="#Lote_D.schema">
            <SimpleData name="Cédula">4534534.00000000000</SimpleData>
            <SimpleData name="Nombres_y_">EVA GRACIELA MENDOZA BAEZ</SimpleData>
            <SimpleData name="Sexo">Mujer</SimpleData>
            <SimpleData name="Cambio_de_">NO</SimpleData>
            <SimpleData name="Titular_se">NO</SimpleData>
            <SimpleData name="ci_UNIF">4534534.00000000000</SimpleData>
            <SimpleData name="Situación">NO</SimpleData>
            <SimpleData name="Comunidad">Campesina</SimpleData>
            <SimpleData name="Modelo_imp">Modelo 1</SimpleData>
            <SimpleData name="Departamen">CAAGUAZU</SimpleData>
            <SimpleData name="Distrito">SAN JOAQUIN</SimpleData>
            <SimpleData name="Localidad">TACUAPI I</SimpleData>
            <SimpleData name="Teléfono">0982822073</SimpleData>
            <SimpleData name="Vivienda_L">-24.99784180000</SimpleData>
            <SimpleData name="Vivienda_1">-56.05141980000</SimpleData>
            <SimpleData name="Superficie">0.80000000000</SimpleData>
            <SimpleData name="Situaci_1">Pol?gono</SimpleData>
            <SimpleData name="Plantado">SI</SimpleData>
            <SimpleData name="Fecha_Plan">2025/09/26</SimpleData>
            <SimpleData name="Jornales">0.00000000000</SimpleData>
            <SimpleData name="Monto">0.00000000000</SimpleData>
            <SimpleData name="Grupo_de_p">D-P1-XX-XX-XX</SimpleData>
            <SimpleData name="Estado_del">Activo</SimpleData>
            <SimpleData name="Empresa">Unique Wood Paraguay SA</SimpleData>
            <SimpleData name="Lote">D</SimpleData>
            <SimpleData name="Parametro">0.00000000000</SimpleData>
            <SimpleData name="Sup_SIG">0.83692264747</SimpleData>
            <SimpleData name="X">-56.05834532000</SimpleData>
            <SimpleData name="Y">-24.99950050000</SimpleData>
            <SimpleData name="cedula">4534534</SimpleData>
            <SimpleData name="Cédula_1">4534534.00000000000</SimpleData>
            <SimpleData name="Estado_d_1">Activo</SimpleData>
            <SimpleData name="OBJECTID_1">7654</SimpleData>
            <SimpleData name="Shape_Leng">366.98176231900</SimpleData>
            <SimpleData name="Shape_Area">8369.22647474000</SimpleData>
          </SchemaData>
        </ExtendedData>
        <Polygon>
          <outerBoundaryIs>
            <LinearRing>
              <coordinates>
                -56.0578017002959,-24.9997799998719,0
                -56.0587330003622,-24.9999846997513,0
                -56.0588985005459,-24.9992233002625,0
                -56.0579447003942,-24.9990192997568,0
                -56.0578017002959,-24.9997799998719,0
              </coordinates>
            </LinearRing>
          </outerBoundaryIs>
        </Polygon>
      </Placemark>
      <Placemark id="Lote_D.30">
        <ExtendedData>
          <SchemaData schemaUrl="#Lote_D.schema">
            <SimpleData name="Cédula">7195194.00000000000</SimpleData>
            <SimpleData name="Nombres_y_">SARA  GALEANO MOLINA</SimpleData>
            <SimpleData name="Sexo">Mujer</SimpleData>
            <SimpleData name="Cambio_de_">NO</SimpleData>
            <SimpleData name="Titular_se">NO</SimpleData>
            <SimpleData name="ci_UNIF">7195194.00000000000</SimpleData>
            <SimpleData name="Situación">NO</SimpleData>
            <SimpleData name="Comunidad">Campesina</SimpleData>
            <SimpleData name="Modelo_imp">Modelo 2</SimpleData>
            <SimpleData name="Departamen">CAAGUAZU</SimpleData>
            <SimpleData name="Distrito">SAN JOAQUIN</SimpleData>
            <SimpleData name="Localidad">NOGUEIRA</SimpleData>
            <SimpleData name="Teléfono">0982388062</SimpleData>
            <SimpleData name="Vivienda_L">-25.03897000000</SimpleData>
            <SimpleData name="Vivienda_1">-56.09514560000</SimpleData>
            <SimpleData name="Superficie">0.80000000000</SimpleData>
            <SimpleData name="Situaci_1">Pol?gono</SimpleData>
            <SimpleData name="Plantado">SI</SimpleData>
            <SimpleData name="Fecha_Plan">2025/10/13</SimpleData>
            <SimpleData name="Jornales">0.00000000000</SimpleData>
            <SimpleData name="Monto">0.00000000000</SimpleData>
            <SimpleData name="Grupo_de_p">D-P2-XX-XX-XX</SimpleData>
            <SimpleData name="Estado_del">Activo</SimpleData>
            <SimpleData name="Empresa">Unique Wood Paraguay SA</SimpleData>
            <SimpleData name="Lote">D</SimpleData>
            <SimpleData name="Parametro">0.00000000000</SimpleData>
            <SimpleData name="Sup_SIG">0.83629802517</SimpleData>
            <SimpleData name="X">-56.10183175000</SimpleData>
            <SimpleData name="Y">-25.03551105000</SimpleData>
            <SimpleData name="cedula">7195194</SimpleData>
            <SimpleData name="Cédula_1">7195194.00000000000</SimpleData>
            <SimpleData name="Estado_d_1">Activo</SimpleData>
            <SimpleData name="OBJECTID_1">8735</SimpleData>
            <SimpleData name="Shape_Leng">372.52880347300</SimpleData>
            <SimpleData name="Shape_Area">8362.98025167000</SimpleData>
          </SchemaData>
        </ExtendedData>
        <Polygon>
          <outerBoundaryIs>
            <LinearRing>
              <coordinates>
                -56.101224799727,-25.0358171002542,0
                -56.101971699776,-25.0360676003481,0
                -56.1024328001326,-25.0351527003493,0
                -56.1016843001535,-25.0349863999191,0
                -56.101224799727,-25.0358171002542,0
              </coordinates>
            </LinearRing>
          </outerBoundaryIs>
        </Polygon>
      </Placemark>
      <Placemark id="Lote_D.31">
        <ExtendedData>
          <SchemaData schemaUrl="#Lote_D.schema">
            <SimpleData name="Cédula">7030950.00000000000</SimpleData>
            <SimpleData name="Nombres_y_">AIDA CAROLINA TABOADA AQUINO</SimpleData>
            <SimpleData name="Sexo">Mujer</SimpleData>
            <SimpleData name="Cambio_de_">NO</SimpleData>
            <SimpleData name="Titular_se">NO</SimpleData>
            <SimpleData name="ci_UNIF">7030950.00000000000</SimpleData>
            <SimpleData name="Situación">NO</SimpleData>
            <SimpleData name="Comunidad">Ind?gena</SimpleData>
            <SimpleData name="Modelo_imp">Modelo 2</SimpleData>
            <SimpleData name="Departamen">CAAGUAZU</SimpleData>
            <SimpleData name="Distrito">YH?</SimpleData>
            <SimpleData name="Localidad">COM INDIG AMAMBAY ARROYO GUAZU</SimpleData>
            <SimpleData name="Teléfono">0984174722</SimpleData>
            <SimpleData name="Vivienda_L">-24.89767180000</SimpleData>
            <SimpleData name="Vivienda_1">-55.85261010000</SimpleData>
            <SimpleData name="Superficie">0.80000000000</SimpleData>
            <SimpleData name="Situaci_1">Pol?gono</SimpleData>
            <SimpleData name="Plantado">SI</SimpleData>
            <SimpleData name="Fecha_Plan">2025/10/22</SimpleData>
            <SimpleData name="Jornales">0.00000000000</SimpleData>
            <SimpleData name="Monto">0.00000000000</SimpleData>
            <SimpleData name="Grupo_de_p">D-P1-XX-XX-XX</SimpleData>
            <SimpleData name="Estado_del">Activo</SimpleData>
            <SimpleData name="Empresa">Unique Wood Paraguay SA</SimpleData>
            <SimpleData name="Lote">D</SimpleData>
            <SimpleData name="Parametro">0.00000000000</SimpleData>
            <SimpleData name="Sup_SIG">0.95465431274</SimpleData>
            <SimpleData name="X">-55.85796183000</SimpleData>
            <SimpleData name="Y">-24.89995538000</SimpleData>
            <SimpleData name="cedula">7030950</SimpleData>
            <SimpleData name="Cédula_1">7030950.00000000000</SimpleData>
            <SimpleData name="Estado_d_1">Activo</SimpleData>
            <SimpleData name="OBJECTID_1">7150</SimpleData>
            <SimpleData name="Shape_Leng">529.28604431800</SimpleData>
            <SimpleData name="Shape_Area">9546.54312743000</SimpleData>
          </SchemaData>
        </ExtendedData>
        <MultiGeometry>
          <Polygon>
            <outerBoundaryIs>
              <LinearRing>
                <coordinates>
                  -55.8567025002445,-24.9011985999363,0
                  -55.8570922002482,-24.9008716996253,0
                  -55.8568655001293,-24.9006285001345,0
                  -55.8564693999869,-24.9009690006208,0
                  -55.8567025002445,-24.9011985999363,0
                </coordinates>
              </LinearRing>
            </outerBoundaryIs>
          </Polygon>
          <Polygon>
            <outerBoundaryIs>
              <LinearRing>
                <coordinates>
                  -55.8581467005673,-24.9002600995753,0
                  -55.8588616001096,-24.8997723006739,0
                  -55.8584233001537,-24.8991878004921,0
                  -55.8576191007227,-24.8996445997126,0
                  -55.8581467005673,-24.9002600995753,0
                </coordinates>
              </LinearRing>
            </outerBoundaryIs>
          </Polygon>
        </MultiGeometry>
      </Placemark>
      <Placemark id="Lote_D.32">
        <ExtendedData>
          <SchemaData schemaUrl="#Lote_D.schema">
            <SimpleData name="Cédula">4887483.00000000000</SimpleData>
            <SimpleData name="Nombres_y_">MARIO ESTECHE ROJAS</SimpleData>
            <SimpleData name="Sexo">Hombre</SimpleData>
            <SimpleData name="Cambio_de_">NO</SimpleData>
            <SimpleData name="Titular_se">NO</SimpleData>
            <SimpleData name="ci_UNIF">4887483.00000000000</SimpleData>
            <SimpleData name="Situación">NO</SimpleData>
            <SimpleData name="Comunidad">Campesina</SimpleData>
            <SimpleData name="Modelo_imp">Modelo 1</SimpleData>
            <SimpleData name="Departamen">CAAGUAZU</SimpleData>
            <SimpleData name="Distrito">SAN JOAQUIN</SimpleData>
            <SimpleData name="Localidad">JAHAPE</SimpleData>
            <SimpleData name="Teléfono">0986719104</SimpleData>
            <SimpleData name="Vivienda_L">-24.99993800000</SimpleData>
            <SimpleData name="Vivienda_1">-55.99720860000</SimpleData>
            <SimpleData name="Superficie">0.80000000000</SimpleData>
            <SimpleData name="Situaci_1">Pol?gono</SimpleData>
            <SimpleData name="Plantado">SI</SimpleData>
            <SimpleData name="Fecha_Plan">2025/10/01</SimpleData>
            <SimpleData name="Jornales">0.00000000000</SimpleData>
            <SimpleData name="Monto">0.00000000000</SimpleData>
            <SimpleData name="Grupo_de_p">D-P1-XX-XX-XX</SimpleData>
            <SimpleData name="Estado_del">Activo</SimpleData>
            <SimpleData name="Empresa">Unique Wood Paraguay SA</SimpleData>
            <SimpleData name="Lote">D</SimpleData>
            <SimpleData name="Parametro">0.00000000000</SimpleData>
            <SimpleData name="Sup_SIG">0.82182156964</SimpleData>
            <SimpleData name="X">-55.99514575000</SimpleData>
            <SimpleData name="Y">-25.00020268000</SimpleData>
            <SimpleData name="cedula">4887483</SimpleData>
            <SimpleData name="Cédula_1">4887483.00000000000</SimpleData>
            <SimpleData name="Estado_d_1">Activo</SimpleData>
            <SimpleData name="OBJECTID_1">7653</SimpleData>
            <SimpleData name="Shape_Leng">362.87352482400</SimpleData>
            <SimpleData name="Shape_Area">8218.21569642000</SimpleData>
          </SchemaData>
        </ExtendedData>
        <Polygon>
          <outerBoundaryIs>
            <LinearRing>
              <coordinates>
                -55.9946085000052,-24.999928200392,0
                -55.9948307000028,-25.0007197996438,0
                -55.9956867995963,-25.0004862000538,0
                -55.9954484003427,-24.9996756004673,0
                -55.9946085000052,-24.999928200392,0
              </coordinates>
            </LinearRing>
          </outerBoundaryIs>
        </Polygon>
      </Placemark>
      <Placemark id="Lote_D.33">
        <ExtendedData>
          <SchemaData schemaUrl="#Lote_D.schema">
            <SimpleData name="Cédula">5401661.00000000000</SimpleData>
            <SimpleData name="Nombres_y_">ANGELINA  CACERES RIVEROS</SimpleData>
            <SimpleData name="Sexo">Mujer</SimpleData>
            <SimpleData name="Cambio_de_">NO</SimpleData>
            <SimpleData name="Titular_se">NO</SimpleData>
            <SimpleData name="ci_UNIF">5401661.00000000000</SimpleData>
            <SimpleData name="Situación">NO</SimpleData>
            <SimpleData name="Comunidad">Campesina</SimpleData>
            <SimpleData name="Modelo_imp">Modelo 5</SimpleData>
            <SimpleData name="Departamen">CAAGUAZU</SimpleData>
            <SimpleData name="Distrito">YH?</SimpleData>
            <SimpleData name="Localidad">JUAN SINFORIANO BOGARIN</SimpleData>
            <SimpleData name="Teléfono">982769275</SimpleData>
            <SimpleData name="Vivienda_L">-25.15374330000</SimpleData>
            <SimpleData name="Vivienda_1">-55.93701830000</SimpleData>
            <SimpleData name="Superficie">0.70000000000</SimpleData>
            <SimpleData name="Situaci_1">Pol?gono</SimpleData>
            <SimpleData name="Plantado">SI</SimpleData>
            <SimpleData name="Fecha_Plan">2025/10/21</SimpleData>
            <SimpleData name="Jornales">0.00000000000</SimpleData>
            <SimpleData name="Monto">0.00000000000</SimpleData>
            <SimpleData name="Grupo_de_p">D-P1-XX-XX-XX</SimpleData>
            <SimpleData name="Estado_del">Activo</SimpleData>
            <SimpleData name="Empresa">Unique Wood Paraguay SA</SimpleData>
            <SimpleData name="Lote">D</SimpleData>
            <SimpleData name="Parametro">0.00000000000</SimpleData>
            <SimpleData name="Sup_SIG">0.73445046060</SimpleData>
            <SimpleData name="X">-55.93497655000</SimpleData>
            <SimpleData name="Y">-25.15360677000</SimpleData>
            <SimpleData name="cedula">5401661</SimpleData>
            <SimpleData name="Cédula_1">5401661.00000000000</SimpleData>
            <SimpleData name="Estado_d_1">Activo</SimpleData>
            <SimpleData name="OBJECTID_1">7415</SimpleData>
            <SimpleData name="Shape_Leng">542.33569991800</SimpleData>
            <SimpleData name="Shape_Area">7344.50460601000</SimpleData>
          </SchemaData>
        </ExtendedData>
        <Polygon>
          <outerBoundaryIs>
            <LinearRing>
              <coordinates>
                -55.933772199943,-25.1536126003085,0
                -55.9361426998801,-25.1538742999184,0
                -55.9361862995718,-25.1536037006627,0
                -55.9338175000478,-25.1533377998614,0
                -55.933772199943,-25.1536126003085,0
              </coordinates>
            </LinearRing>
          </outerBoundaryIs>
        </Polygon>
      </Placemark>
      <Placemark id="Lote_D.34">
        <ExtendedData>
          <SchemaData schemaUrl="#Lote_D.schema">
            <SimpleData name="Cédula">6381928.00000000000</SimpleData>
            <SimpleData name="Nombres_y_">EMIDONIA BENITEZ NOCEDA</SimpleData>
            <SimpleData name="Sexo">Mujer</SimpleData>
            <SimpleData name="Cambio_de_">NO</SimpleData>
            <SimpleData name="Titular_se">NO</SimpleData>
            <SimpleData name="ci_UNIF">6381928.00000000000</SimpleData>
            <SimpleData name="Situación">NO</SimpleData>
            <SimpleData name="Comunidad">Ind?gena</SimpleData>
            <SimpleData name="Modelo_imp">Modelo 2</SimpleData>
            <SimpleData name="Departamen">CAAGUAZU</SimpleData>
            <SimpleData name="Distrito">SAN JOAQUIN</SimpleData>
            <SimpleData name="Localidad">COM INDIG SAN JORGE</SimpleData>
            <SimpleData name="Teléfono">0975261889</SimpleData>
            <SimpleData name="Vivienda_L">-25.06768120000</SimpleData>
            <SimpleData name="Vivienda_1">-56.08646010000</SimpleData>
            <SimpleData name="Superficie">0.80000000000</SimpleData>
            <SimpleData name="Situaci_1">Pol?gono</SimpleData>
            <SimpleData name="Plantado">SI</SimpleData>
            <SimpleData name="Fecha_Plan">2025/10/24</SimpleData>
            <SimpleData name="Jornales">0.00000000000</SimpleData>
            <SimpleData name="Monto">0.00000000000</SimpleData>
            <SimpleData name="Grupo_de_p">D-P1-XX-XX-XX</SimpleData>
            <SimpleData name="Estado_del">Activo</SimpleData>
            <SimpleData name="Empresa">Unique Wood Paraguay SA</SimpleData>
            <SimpleData name="Lote">D</SimpleData>
            <SimpleData name="Parametro">0.00000000000</SimpleData>
            <SimpleData name="Sup_SIG">0.83052013225</SimpleData>
            <SimpleData name="X">-56.08679449000</SimpleData>
            <SimpleData name="Y">-25.06690820000</SimpleData>
            <SimpleData name="cedula">6381928</SimpleData>
            <SimpleData name="Cédula_1">6381928.00000000000</SimpleData>
            <SimpleData name="Estado_d_1">Activo</SimpleData>
            <SimpleData name="OBJECTID_1">7643</SimpleData>
            <SimpleData name="Shape_Leng">631.87195187400</SimpleData>
            <SimpleData name="Shape_Area">8305.20132252000</SimpleData>
          </SchemaData>
        </ExtendedData>
        <MultiGeometry>
          <Polygon>
            <outerBoundaryIs>
              <LinearRing>
                <coordinates>
                  -56.0862634409887,-25.0674678422955,0
                  -56.0865940362015,-25.0674077339565,0
                  -56.0864096849894,-25.0668865870247,0
                  -56.0861086203956,-25.066981675817,0
                  -56.0862634409887,-25.0674678422955,0
                </coordinates>
              </LinearRing>
            </outerBoundaryIs>
          </Polygon>
          <Polygon>
            <outerBoundaryIs>
              <LinearRing>
                <coordinates>
                  -56.0871999994386,-25.0675117005341,0
                  -56.0872625998629,-25.0666411004152,0
                  -56.0866370003981,-25.0668445013097,0
                  -56.0867519999889,-25.067588399989,0
                  -56.0871999994386,-25.0675117005341,0
                </coordinates>
              </LinearRing>
            </outerBoundaryIs>
          </Polygon>
          <Polygon>
            <outerBoundaryIs>
              <LinearRing>
                <coordinates>
                  -56.0870029238604,-25.0659591441045,0
                  -56.0870318646526,-25.0659514061367,0
                  -56.0870610329377,-25.0659436063501,0
                  -56.0870719007591,-25.0659407004115,0
                  -56.0869698997573,-25.065656399811,0
                  -56.0865578994342,-25.0657472006541,0
                  -56.0865712227092,-25.0657959413396,0
                  -56.0866422002167,-25.0660556000736,0
                  -56.0870029238604,-25.0659591441045,0
                </coordinates>
              </LinearRing>
            </outerBoundaryIs>
          </Polygon>
        </MultiGeometry>
      </Placemark>
      <Placemark id="Lote_D.35">
        <ExtendedData>
          <SchemaData schemaUrl="#Lote_D.schema">
            <SimpleData name="Cédula">5427832.00000000000</SimpleData>
            <SimpleData name="Nombres_y_">FIDELINA  VELAZQUEZ</SimpleData>
            <SimpleData name="Sexo">Mujer</SimpleData>
            <SimpleData name="Cambio_de_">NO</SimpleData>
            <SimpleData name="Titular_se">NO</SimpleData>
            <SimpleData name="ci_UNIF">5427832.00000000000</SimpleData>
            <SimpleData name="Situación">NO</SimpleData>
            <SimpleData name="Comunidad">Campesina</SimpleData>
            <SimpleData name="Modelo_imp">Modelo 1</SimpleData>
            <SimpleData name="Departamen">CAAGUAZU</SimpleData>
            <SimpleData name="Distrito">YH?</SimpleData>
            <SimpleData name="Localidad">SAN RAMON</SimpleData>
            <SimpleData name="Teléfono">984137751</SimpleData>
            <SimpleData name="Vivienda_L">-25.09596180000</SimpleData>
            <SimpleData name="Vivienda_1">-55.97805840000</SimpleData>
            <SimpleData name="Superficie">0.80000000000</SimpleData>
            <SimpleData name="Situaci_1">Pol?gono</SimpleData>
            <SimpleData name="Plantado">SI</SimpleData>
            <SimpleData name="Fecha_Plan">2025/10/19</SimpleData>
            <SimpleData name="Jornales">0.00000000000</SimpleData>
            <SimpleData name="Monto">0.00000000000</SimpleData>
            <SimpleData name="Grupo_de_p">D-P1-XX-XX-XX</SimpleData>
            <SimpleData name="Estado_del">Activo</SimpleData>
            <SimpleData name="Empresa">Unique Wood Paraguay SA</SimpleData>
            <SimpleData name="Lote">D</SimpleData>
            <SimpleData name="Parametro">0.00000000000</SimpleData>
            <SimpleData name="Sup_SIG">0.91164364661</SimpleData>
            <SimpleData name="X">-55.97339677000</SimpleData>
            <SimpleData name="Y">-25.08860668000</SimpleData>
            <SimpleData name="cedula">5427832</SimpleData>
            <SimpleData name="Cédula_1">5427832.00000000000</SimpleData>
            <SimpleData name="Estado_d_1">Activo</SimpleData>
            <SimpleData name="OBJECTID_1">7417</SimpleData>
            <SimpleData name="Shape_Leng">395.92576872800</SimpleData>
            <SimpleData name="Shape_Area">9116.43646609000</SimpleData>
          </SchemaData>
        </ExtendedData>
        <Polygon>
          <outerBoundaryIs>
            <LinearRing>
              <coordinates>
                -55.972664700043,-25.0882861997671,0
                -55.973168400157,-25.0890699000803,0
                -55.9741349999017,-25.0889100004309,0
                -55.9736250003858,-25.0881533001569,0
                -55.972664700043,-25.0882861997671,0
              </coordinates>
            </LinearRing>
          </outerBoundaryIs>
        </Polygon>
      </Placemark>
      <Placemark id="Lote_D.36">
        <ExtendedData>
          <SchemaData schemaUrl="#Lote_D.schema">
            <SimpleData name="Cédula">6151804.00000000000</SimpleData>
            <SimpleData name="Nombres_y_">MARIA ERCILIA BOGADO ORTEGA</SimpleData>
            <SimpleData name="Sexo">Mujer</SimpleData>
            <SimpleData name="Cambio_de_">NO</SimpleData>
            <SimpleData name="Titular_se">NO</SimpleData>
            <SimpleData name="ci_UNIF">6151804.00000000000</SimpleData>
            <SimpleData name="Situación">NO</SimpleData>
            <SimpleData name="Comunidad">Campesina</SimpleData>
            <SimpleData name="Modelo_imp">Modelo 5</SimpleData>
            <SimpleData name="Departamen">CAAGUAZU</SimpleData>
            <SimpleData name="Distrito">SAN JOAQUIN</SimpleData>
            <SimpleData name="Localidad">PIRI POTY</SimpleData>
            <SimpleData name="Teléfono">0982545193</SimpleData>
            <SimpleData name="Vivienda_L">-25.05548150000</SimpleData>
            <SimpleData name="Vivienda_1">-56.07506950000</SimpleData>
            <SimpleData name="Superficie">0.70000000000</SimpleData>
            <SimpleData name="Situaci_1">Pol?gono</SimpleData>
            <SimpleData name="Plantado">SI</SimpleData>
            <SimpleData name="Fecha_Plan">2025/10/24</SimpleData>
            <SimpleData name="Jornales">0.00000000000</SimpleData>
            <SimpleData name="Monto">0.00000000000</SimpleData>
            <SimpleData name="Grupo_de_p">D-P1-XX-XX-XX</SimpleData>
            <SimpleData name="Estado_del">Activo</SimpleData>
            <SimpleData name="Empresa">Unique Wood Paraguay SA</SimpleData>
            <SimpleData name="Lote">D</SimpleData>
            <SimpleData name="Parametro">0.00000000000</SimpleData>
            <SimpleData name="Sup_SIG">0.74813392866</SimpleData>
            <SimpleData name="X">-56.07521148000</SimpleData>
            <SimpleData name="Y">-25.06525067000</SimpleData>
            <SimpleData name="cedula">6151804</SimpleData>
            <SimpleData name="Cédula_1">6151804.00000000000</SimpleData>
            <SimpleData name="Estado_d_1">Activo</SimpleData>
            <SimpleData name="OBJECTID_1">5732</SimpleData>
            <SimpleData name="Shape_Leng">353.62889700000</SimpleData>
            <SimpleData name="Shape_Area">7481.33928660000</SimpleData>
          </SchemaData>
        </ExtendedData>
        <Polygon>
          <outerBoundaryIs>
            <LinearRing>
              <coordinates>
                -56.0746416992158,-25.064984999798,0
                -56.0747399999878,-25.0655917004278,0
                -56.0758325997245,-25.0655426994732,0
                -56.0755776996031,-25.0648592001546,0
                -56.0746416992158,-25.064984999798,0
              </coordinates>
            </LinearRing>
          </outerBoundaryIs>
        </Polygon>
      </Placemark>
      <Placemark id="Lote_D.37">
        <ExtendedData>
          <SchemaData schemaUrl="#Lote_D.schema">
            <SimpleData name="Cédula">2899392.00000000000</SimpleData>
            <SimpleData name="Nombres_y_">CATALINA TROCHE DE ALCARAZ</SimpleData>
            <SimpleData name="Sexo">Mujer</SimpleData>
            <SimpleData name="Cambio_de_">NO</SimpleData>
            <SimpleData name="Titular_se">NO</SimpleData>
            <SimpleData name="ci_UNIF">2899392.00000000000</SimpleData>
            <SimpleData name="Situación">NO</SimpleData>
            <SimpleData name="Comunidad">Campesina</SimpleData>
            <SimpleData name="Modelo_imp">Modelo 1</SimpleData>
            <SimpleData name="Departamen">CAAGUAZU</SimpleData>
            <SimpleData name="Distrito">SAN JOAQUIN</SimpleData>
            <SimpleData name="Localidad">OLLA RUGUA</SimpleData>
            <SimpleData name="Teléfono">0975492693</SimpleData>
            <SimpleData name="Vivienda_L">-24.93412520000</SimpleData>
            <SimpleData name="Vivienda_1">-56.07804800000</SimpleData>
            <SimpleData name="Superficie">0.80000000000</SimpleData>
            <SimpleData name="Situaci_1">Pol?gono</SimpleData>
            <SimpleData name="Plantado">SI</SimpleData>
            <SimpleData name="Fecha_Plan">2025/10/13</SimpleData>
            <SimpleData name="Jornales">0.00000000000</SimpleData>
            <SimpleData name="Monto">0.00000000000</SimpleData>
            <SimpleData name="Grupo_de_p">D-P1-XX-XX-XX</SimpleData>
            <SimpleData name="Estado_del">Activo</SimpleData>
            <SimpleData name="Empresa">Unique Wood Paraguay SA</SimpleData>
            <SimpleData name="Lote">D</SimpleData>
            <SimpleData name="Parametro">0.00000000000</SimpleData>
            <SimpleData name="Sup_SIG">0.90568093874</SimpleData>
            <SimpleData name="X">-56.07320537000</SimpleData>
            <SimpleData name="Y">-24.92879861000</SimpleData>
            <SimpleData name="cedula">2899392</SimpleData>
            <SimpleData name="Cédula_1">2899392.00000000000</SimpleData>
            <SimpleData name="Estado_d_1">Activo</SimpleData>
            <SimpleData name="OBJECTID_1">7157</SimpleData>
            <SimpleData name="Shape_Leng">396.83848868200</SimpleData>
            <SimpleData name="Shape_Area">9056.80938739000</SimpleData>
          </SchemaData>
        </ExtendedData>
        <Polygon>
          <outerBoundaryIs>
            <LinearRing>
              <coordinates>
                -56.0723857000559,-24.928680600102,0
                -56.0730205999715,-24.9292654002062,0
                -56.073986300167,-24.9289450001399,0
                -56.0734457003758,-24.9283235993894,0
                -56.0723857000559,-24.928680600102,0
              </coordinates>
            </LinearRing>
          </outerBoundaryIs>
        </Polygon>
      </Placemark>
      <Placemark id="Lote_D.38">
        <ExtendedData>
          <SchemaData schemaUrl="#Lote_D.schema">
            <SimpleData name="Cédula">6114239.00000000000</SimpleData>
            <SimpleData name="Nombres_y_">LUCILA  ARAUJO GONZALEZ</SimpleData>
            <SimpleData name="Sexo">Mujer</SimpleData>
            <SimpleData name="Cambio_de_">NO</SimpleData>
            <SimpleData name="Titular_se">NO</SimpleData>
            <SimpleData name="ci_UNIF">6114239.00000000000</SimpleData>
            <SimpleData name="Situación">NO</SimpleData>
            <SimpleData name="Comunidad">Campesina</SimpleData>
            <SimpleData name="Modelo_imp">Modelo 1</SimpleData>
            <SimpleData name="Departamen">CAAGUAZU</SimpleData>
            <SimpleData name="Distrito">YH?</SimpleData>
            <SimpleData name="Localidad">JUAN SINFORIANO BOGARIN</SimpleData>
            <SimpleData name="Teléfono">984675860</SimpleData>
            <SimpleData name="Vivienda_L">-25.14744090000</SimpleData>
            <SimpleData name="Vivienda_1">-55.93976260000</SimpleData>
            <SimpleData name="Superficie">0.80000000000</SimpleData>
            <SimpleData name="Situaci_1">Pol?gono</SimpleData>
            <SimpleData name="Plantado">SI</SimpleData>
            <SimpleData name="Fecha_Plan">2025/10/21</SimpleData>
            <SimpleData name="Jornales">0.00000000000</SimpleData>
            <SimpleData name="Monto">0.00000000000</SimpleData>
            <SimpleData name="Grupo_de_p">D-P1-XX-XX-XX</SimpleData>
            <SimpleData name="Estado_del">Activo</SimpleData>
            <SimpleData name="Empresa">Unique Wood Paraguay SA</SimpleData>
            <SimpleData name="Lote">D</SimpleData>
            <SimpleData name="Parametro">0.00000000000</SimpleData>
            <SimpleData name="Sup_SIG">0.84631677687</SimpleData>
            <SimpleData name="X">-55.94034818000</SimpleData>
            <SimpleData name="Y">-25.14326115000</SimpleData>
            <SimpleData name="cedula">6114239</SimpleData>
            <SimpleData name="Cédula_1">6114239.00000000000</SimpleData>
            <SimpleData name="Estado_d_1">Activo</SimpleData>
            <SimpleData name="OBJECTID_1">7418</SimpleData>
            <SimpleData name="Shape_Leng">408.90423607600</SimpleData>
            <SimpleData name="Shape_Area">8463.16776873000</SimpleData>
          </SchemaData>
        </ExtendedData>
        <Polygon>
          <outerBoundaryIs>
            <LinearRing>
              <coordinates>
                -55.9395847004686,-25.143439999305,0
                -55.9410658995678,-25.1435982003427,0
                -55.9410547008856,-25.1430496001684,0
                -55.9396456008317,-25.1429439998904,0
                -55.9395847004686,-25.143439999305,0
              </coordinates>
            </LinearRing>
          </outerBoundaryIs>
        </Polygon>
      </Placemark>
      <Placemark id="Lote_D.39">
        <ExtendedData>
          <SchemaData schemaUrl="#Lote_D.schema">
            <SimpleData name="Cédula">5167811.00000000000</SimpleData>
            <SimpleData name="Nombres_y_">ELIZABET  BENITEZ MARTINEZ</SimpleData>
            <SimpleData name="Sexo">Mujer</SimpleData>
            <SimpleData name="Cambio_de_">NO</SimpleData>
            <SimpleData name="Titular_se">NO</SimpleData>
            <SimpleData name="ci_UNIF">5167811.00000000000</SimpleData>
            <SimpleData name="Situación">NO</SimpleData>
            <SimpleData name="Comunidad">Campesina</SimpleData>
            <SimpleData name="Modelo_imp">Modelo 5</SimpleData>
            <SimpleData name="Departamen">CAAGUAZU</SimpleData>
            <SimpleData name="Distrito">YH?</SimpleData>
            <SimpleData name="Localidad">JUKERI</SimpleData>
            <SimpleData name="Teléfono">981535970</SimpleData>
            <SimpleData name="Vivienda_L">-25.14944670000</SimpleData>
            <SimpleData name="Vivienda_1">-55.90745170000</SimpleData>
            <SimpleData name="Superficie">0.70000000000</SimpleData>
            <SimpleData name="Situaci_1">Pol?gono</SimpleData>
            <SimpleData name="Plantado">SI</SimpleData>
            <SimpleData name="Fecha_Plan">2025/10/22</SimpleData>
            <SimpleData name="Jornales">0.00000000000</SimpleData>
            <SimpleData name="Monto">0.00000000000</SimpleData>
            <SimpleData name="Grupo_de_p">D-P1-XX-XX-XX</SimpleData>
            <SimpleData name="Estado_del">Activo</SimpleData>
            <SimpleData name="Empresa">Unique Wood Paraguay SA</SimpleData>
            <SimpleData name="Lote">D</SimpleData>
            <SimpleData name="Parametro">0.00000000000</SimpleData>
            <SimpleData name="Sup_SIG">0.78196067999</SimpleData>
            <SimpleData name="X">-55.90639449000</SimpleData>
            <SimpleData name="Y">-25.14938114000</SimpleData>
            <SimpleData name="cedula">5167811</SimpleData>
            <SimpleData name="Cédula_1">5167811.00000000000</SimpleData>
            <SimpleData name="Estado_d_1">Activo</SimpleData>
            <SimpleData name="OBJECTID_1">6348</SimpleData>
            <SimpleData name="Shape_Leng">553.91874955700</SimpleData>
            <SimpleData name="Shape_Area">7819.60679993000</SimpleData>
          </SchemaData>
        </ExtendedData>
        <MultiGeometry>
          <Polygon>
            <outerBoundaryIs>
              <LinearRing>
                <coordinates>
                  -55.9068944988595,-25.1496237004178,0
                  -55.9069024002306,-25.1492232007631,0
                  -55.9059093004192,-25.1491405009745,0
                  -55.9058670989749,-25.1495322003467,0
                  -55.9068944988595,-25.1496237004178,0
                </coordinates>
              </LinearRing>
            </outerBoundaryIs>
          </Polygon>
          <Polygon>
            <outerBoundaryIs>
              <LinearRing>
                <coordinates>
                  -55.8916509993143,-25.1412042012096,0
                  -55.8924337988931,-25.1410488002769,0
                  -55.8924406993287,-25.1406938005541,0
                  -55.8914366988789,-25.1409383007885,0
                  -55.8916509993143,-25.1412042012096,0
                </coordinates>
              </LinearRing>
            </outerBoundaryIs>
          </Polygon>
        </MultiGeometry>
      </Placemark>
      <Placemark id="Lote_D.40">
        <ExtendedData>
          <SchemaData schemaUrl="#Lote_D.schema">
            <SimpleData name="Cédula">5514489.00000000000</SimpleData>
            <SimpleData name="Nombres_y_">MIRNA BEATRIZ RAMOS ROMERO</SimpleData>
            <SimpleData name="Sexo">Mujer</SimpleData>
            <SimpleData name="Cambio_de_">NO</SimpleData>
            <SimpleData name="Titular_se">NO</SimpleData>
            <SimpleData name="ci_UNIF">5514489.00000000000</SimpleData>
            <SimpleData name="Situación">NO</SimpleData>
            <SimpleData name="Comunidad">Campesina</SimpleData>
            <SimpleData name="Modelo_imp">Modelo 3</SimpleData>
            <SimpleData name="Departamen">CAAGUAZU</SimpleData>
            <SimpleData name="Distrito">SAN JOAQUIN</SimpleData>
            <SimpleData name="Localidad">CELANO</SimpleData>
            <SimpleData name="Teléfono">0983445187</SimpleData>
            <SimpleData name="Vivienda_L">-25.14558370000</SimpleData>
            <SimpleData name="Vivienda_1">-56.04342470000</SimpleData>
            <SimpleData name="Superficie">1.00000000000</SimpleData>
            <SimpleData name="Situaci_1">Pol?gono</SimpleData>
            <SimpleData name="Plantado">SI</SimpleData>
            <SimpleData name="Fecha_Plan">2025/10/31</SimpleData>
            <SimpleData name="Jornales">0.00000000000</SimpleData>
            <SimpleData name="Monto">0.00000000000</SimpleData>
            <SimpleData name="Grupo_de_p">D-P1-XX-XX-XX</SimpleData>
            <SimpleData name="Estado_del">Activo</SimpleData>
            <SimpleData name="Empresa">Unique Wood Paraguay SA</SimpleData>
            <SimpleData name="Lote">D</SimpleData>
            <SimpleData name="Parametro">0.00000000000</SimpleData>
            <SimpleData name="Sup_SIG">1.40473001308</SimpleData>
            <SimpleData name="X">-56.04088227000</SimpleData>
            <SimpleData name="Y">-25.14574418000</SimpleData>
            <SimpleData name="cedula">5514489</SimpleData>
            <SimpleData name="Cédula_1">5514489.00000000000</SimpleData>
            <SimpleData name="Estado_d_1">Activo</SimpleData>
            <SimpleData name="OBJECTID_1">5723</SimpleData>
            <SimpleData name="Shape_Leng">484.68241114100</SimpleData>
            <SimpleData name="Shape_Area">14047.30013080000</SimpleData>
          </SchemaData>
        </ExtendedData>
        <Polygon>
          <outerBoundaryIs>
            <LinearRing>
              <coordinates>
                -56.0400269997368,-25.1456378001701,0
                -56.0409240993504,-25.1464318002065,0
                -56.0418065005461,-25.1459732004467,0
                -56.0407255992294,-25.1449801000048,0
                -56.0400269997368,-25.1456378001701,0
              </coordinates>
            </LinearRing>
          </outerBoundaryIs>
        </Polygon>
      </Placemark>
      <Placemark id="Lote_D.41">
        <ExtendedData>
          <SchemaData schemaUrl="#Lote_D.schema">
            <SimpleData name="Cédula">6554482.00000000000</SimpleData>
            <SimpleData name="Nombres_y_">MARIA CRISTINA LOPEZ</SimpleData>
            <SimpleData name="Sexo">Mujer</SimpleData>
            <SimpleData name="Cambio_de_">NO</SimpleData>
            <SimpleData name="Titular_se">NO</SimpleData>
            <SimpleData name="ci_UNIF">6554482.00000000000</SimpleData>
            <SimpleData name="Situación">NO</SimpleData>
            <SimpleData name="Comunidad">Campesina</SimpleData>
            <SimpleData name="Modelo_imp">Modelo 1</SimpleData>
            <SimpleData name="Departamen">CAAGUAZU</SimpleData>
            <SimpleData name="Distrito">SAN JOAQUIN</SimpleData>
            <SimpleData name="Localidad">CARPA CUE</SimpleData>
            <SimpleData name="Teléfono">0982217017</SimpleData>
            <SimpleData name="Vivienda_L">-25.12701110000</SimpleData>
            <SimpleData name="Vivienda_1">-56.07573440000</SimpleData>
            <SimpleData name="Superficie">0.80000000000</SimpleData>
            <SimpleData name="Situaci_1">Pol?gono</SimpleData>
            <SimpleData name="Plantado">SI</SimpleData>
            <SimpleData name="Fecha_Plan">2025/10/02</SimpleData>
            <SimpleData name="Jornales">0.00000000000</SimpleData>
            <SimpleData name="Monto">0.00000000000</SimpleData>
            <SimpleData name="Grupo_de_p">D-P1-XX-XX-XX</SimpleData>
            <SimpleData name="Estado_del">Activo</SimpleData>
            <SimpleData name="Empresa">Unique Wood Paraguay SA</SimpleData>
            <SimpleData name="Lote">D</SimpleData>
            <SimpleData name="Parametro">0.00000000000</SimpleData>
            <SimpleData name="Sup_SIG">0.80180945844</SimpleData>
            <SimpleData name="X">-56.08032195000</SimpleData>
            <SimpleData name="Y">-25.12988157000</SimpleData>
            <SimpleData name="cedula">6554482</SimpleData>
            <SimpleData name="Cédula_1">6554482.00000000000</SimpleData>
            <SimpleData name="Estado_d_1">Activo</SimpleData>
            <SimpleData name="OBJECTID_1">5725</SimpleData>
            <SimpleData name="Shape_Leng">408.11076514600</SimpleData>
            <SimpleData name="Shape_Area">8018.09458442000</SimpleData>
          </SchemaData>
        </ExtendedData>
        <Polygon>
          <outerBoundaryIs>
            <LinearRing>
              <coordinates>
                -56.0803517000419,-25.130349300231,0
                -56.0805436003103,-25.1305435003871,0
                -56.0808049003476,-25.1303148002238,0
                -56.080533499761,-25.1300295000764,0
                -56.0808760000017,-25.1298176996472,0
                -56.0803187002242,-25.1292963004313,0
                -56.0796649997657,-25.1297850003916,0
                -56.0803517000419,-25.130349300231,0
              </coordinates>
            </LinearRing>
          </outerBoundaryIs>
        </Polygon>
      </Placemark>
      <Placemark id="Lote_D.42">
        <ExtendedData>
          <SchemaData schemaUrl="#Lote_D.schema">
            <SimpleData name="Cédula">4244697.00000000000</SimpleData>
            <SimpleData name="Nombres_y_">RUBEN FLEITAS DIAZ</SimpleData>
            <SimpleData name="Sexo">Hombre</SimpleData>
            <SimpleData name="Cambio_de_">NO</SimpleData>
            <SimpleData name="Titular_se">NO</SimpleData>
            <SimpleData name="ci_UNIF">4244697.00000000000</SimpleData>
            <SimpleData name="Situación">NO</SimpleData>
            <SimpleData name="Comunidad">Campesina</SimpleData>
            <SimpleData name="Modelo_imp">Modelo 5</SimpleData>
            <SimpleData name="Departamen">CAAGUAZU</SimpleData>
            <SimpleData name="Distrito">CARAYAO</SimpleData>
            <SimpleData name="Localidad">ARROYO GUAZU</SimpleData>
            <SimpleData name="Teléfono">0972232657</SimpleData>
            <SimpleData name="Vivienda_L">-25.15074950000</SimpleData>
            <SimpleData name="Vivienda_1">-56.25203160000</SimpleData>
            <SimpleData name="Superficie">0.70000000000</SimpleData>
            <SimpleData name="Situaci_1">Pol?gono</SimpleData>
            <SimpleData name="Plantado">SI</SimpleData>
            <SimpleData name="Fecha_Plan">2025/11/20</SimpleData>
            <SimpleData name="Jornales">0.00000000000</SimpleData>
            <SimpleData name="Monto">0.00000000000</SimpleData>
            <SimpleData name="Grupo_de_p">D-P1-XX-XX-XX</SimpleData>
            <SimpleData name="Estado_del">Activo</SimpleData>
            <SimpleData name="Empresa">Unique Wood Paraguay SA</SimpleData>
            <SimpleData name="Lote">D</SimpleData>
            <SimpleData name="Parametro">0.00000000000</SimpleData>
            <SimpleData name="Sup_SIG">0.69887244116</SimpleData>
            <SimpleData name="X">-56.25216767000</SimpleData>
            <SimpleData name="Y">-25.17127259000</SimpleData>
            <SimpleData name="cedula">4244697</SimpleData>
            <SimpleData name="Cédula_1">4244697.00000000000</SimpleData>
            <SimpleData name="Estado_d_1">Activo</SimpleData>
            <SimpleData name="OBJECTID_1">7181</SimpleData>
            <SimpleData name="Shape_Leng">378.27843935100</SimpleData>
            <SimpleData name="Shape_Area">6988.72441157000</SimpleData>
          </SchemaData>
        </ExtendedData>
        <Polygon>
          <outerBoundaryIs>
            <LinearRing>
              <coordinates>
                -56.2517315999833,-25.170789399788,0
                -56.2517817002115,-25.171638100538,0
                -56.2527540002025,-25.1716106997173,0
                -56.2527146996128,-25.171154599356,0
                -56.2523367003298,-25.1712250004643,0
                -56.252184699963,-25.1707864998178,0
                -56.2517315999833,-25.170789399788,0
              </coordinates>
            </LinearRing>
          </outerBoundaryIs>
        </Polygon>
      </Placemark>
      <Placemark id="Lote_D.43">
        <ExtendedData>
          <SchemaData schemaUrl="#Lote_D.schema">
            <SimpleData name="Cédula">5594545.00000000000</SimpleData>
            <SimpleData name="Nombres_y_">LIZ PAOLA VALDEZ CABRERA</SimpleData>
            <SimpleData name="Sexo">Mujer</SimpleData>
            <SimpleData name="Cambio_de_">NO</SimpleData>
            <SimpleData name="Titular_se">NO</SimpleData>
            <SimpleData name="ci_UNIF">5594545.00000000000</SimpleData>
            <SimpleData name="Situación">NO</SimpleData>
            <SimpleData name="Comunidad">Campesina</SimpleData>
            <SimpleData name="Modelo_imp">Modelo 1</SimpleData>
            <SimpleData name="Departamen">CAAGUAZU</SimpleData>
            <SimpleData name="Distrito">SAN JOAQUIN</SimpleData>
            <SimpleData name="Localidad">NOGUEIRA</SimpleData>
            <SimpleData name="Teléfono">0984369089</SimpleData>
            <SimpleData name="Vivienda_L">-25.03841310000</SimpleData>
            <SimpleData name="Vivienda_1">-56.09440170000</SimpleData>
            <SimpleData name="Superficie">0.80000000000</SimpleData>
            <SimpleData name="Situaci_1">Pol?gono</SimpleData>
            <SimpleData name="Plantado">SI</SimpleData>
            <SimpleData name="Fecha_Plan">2025/10/13</SimpleData>
            <SimpleData name="Jornales">0.00000000000</SimpleData>
            <SimpleData name="Monto">0.00000000000</SimpleData>
            <SimpleData name="Grupo_de_p">D-P1-XX-XX-XX</SimpleData>
            <SimpleData name="Estado_del">Activo</SimpleData>
            <SimpleData name="Empresa">Unique Wood Paraguay SA</SimpleData>
            <SimpleData name="Lote">D</SimpleData>
            <SimpleData name="Parametro">0.00000000000</SimpleData>
            <SimpleData name="Sup_SIG">0.81751934198</SimpleData>
            <SimpleData name="X">-56.09835597000</SimpleData>
            <SimpleData name="Y">-25.02879037000</SimpleData>
            <SimpleData name="cedula">5594545</SimpleData>
            <SimpleData name="Cédula_1">5594545.00000000000</SimpleData>
            <SimpleData name="Estado_d_1">Activo</SimpleData>
            <SimpleData name="OBJECTID_1">5767</SimpleData>
            <SimpleData name="Shape_Leng">442.11902121600</SimpleData>
            <SimpleData name="Shape_Area">8175.19341976000</SimpleData>
          </SchemaData>
        </ExtendedData>
        <Polygon>
          <outerBoundaryIs>
            <LinearRing>
              <coordinates>
                -56.0977314998224,-25.0293446001783,0
                -56.098138999587,-25.0295755002458,0
                -56.0989566998401,-25.0282350004043,0
                -56.0989816997718,-25.0280482998561,0
                -56.0985205997909,-25.0281501998034,0
                -56.0984276001778,-25.0282187999502,0
                -56.0977314998224,-25.0293446001783,0
              </coordinates>
            </LinearRing>
          </outerBoundaryIs>
        </Polygon>
      </Placemark>
      <Placemark id="Lote_D.44">
        <ExtendedData>
          <SchemaData schemaUrl="#Lote_D.schema">
            <SimpleData name="Cédula">6579048.00000000000</SimpleData>
            <SimpleData name="Nombres_y_">LUZ MARIA ROA RUIZ DIAZ</SimpleData>
            <SimpleData name="Sexo">Mujer</SimpleData>
            <SimpleData name="Cambio_de_">NO</SimpleData>
            <SimpleData name="Titular_se">NO</SimpleData>
            <SimpleData name="ci_UNIF">6579048.00000000000</SimpleData>
            <SimpleData name="Situación">NO</SimpleData>
            <SimpleData name="Comunidad">Ind?gena</SimpleData>
            <SimpleData name="Modelo_imp">Modelo 2</SimpleData>
            <SimpleData name="Departamen">CAAGUAZU</SimpleData>
            <SimpleData name="Distrito">YH?</SimpleData>
            <SimpleData name="Localidad">COM INDIG AMAMBAY ARROYO GUAZU</SimpleData>
            <SimpleData name="Teléfono">0982902626</SimpleData>
            <SimpleData name="Vivienda_L">-24.90121880000</SimpleData>
            <SimpleData name="Vivienda_1">-55.87046240000</SimpleData>
            <SimpleData name="Superficie">0.80000000000</SimpleData>
            <SimpleData name="Situaci_1">Pol?gono</SimpleData>
            <SimpleData name="Plantado">SI</SimpleData>
            <SimpleData name="Fecha_Plan">2025/10/23</SimpleData>
            <SimpleData name="Jornales">0.00000000000</SimpleData>
            <SimpleData name="Monto">0.00000000000</SimpleData>
            <SimpleData name="Grupo_de_p">D-P1-XX-XX-XX</SimpleData>
            <SimpleData name="Estado_del">Activo</SimpleData>
            <SimpleData name="Empresa">Unique Wood Paraguay SA</SimpleData>
            <SimpleData name="Lote">D</SimpleData>
            <SimpleData name="Parametro">0.00000000000</SimpleData>
            <SimpleData name="Sup_SIG">0.87765162630</SimpleData>
            <SimpleData name="X">-55.87071829000</SimpleData>
            <SimpleData name="Y">-24.90090023000</SimpleData>
            <SimpleData name="cedula">6579048</SimpleData>
            <SimpleData name="Cédula_1">6579048.00000000000</SimpleData>
            <SimpleData name="Estado_d_1">Activo</SimpleData>
            <SimpleData name="OBJECTID_1">7151</SimpleData>
            <SimpleData name="Shape_Leng">472.13111555500</SimpleData>
            <SimpleData name="Shape_Area">8776.51626301000</SimpleData>
          </SchemaData>
        </ExtendedData>
        <Polygon>
          <outerBoundaryIs>
            <LinearRing>
              <coordinates>
                -55.8705091004393,-24.9015264996956,0
                -55.8709883000092,-24.9019024000568,0
                -55.8709281996645,-24.9001157001932,0
                -55.8704107998945,-24.9001022006752,0
                -55.8705091004393,-24.9015264996956,0
              </coordinates>
            </LinearRing>
          </outerBoundaryIs>
        </Polygon>
      </Placemark>
      <Placemark id="Lote_D.45">
        <ExtendedData>
          <SchemaData schemaUrl="#Lote_D.schema">
            <SimpleData name="Cédula">4470779.00000000000</SimpleData>
            <SimpleData name="Nombres_y_">MARICEL  GOMEZ MARTINEZ</SimpleData>
            <SimpleData name="Sexo">Mujer</SimpleData>
            <SimpleData name="Cambio_de_">NO</SimpleData>
            <SimpleData name="Titular_se">NO</SimpleData>
            <SimpleData name="ci_UNIF">4470779.00000000000</SimpleData>
            <SimpleData name="Situación">NO</SimpleData>
            <SimpleData name="Comunidad">Campesina</SimpleData>
            <SimpleData name="Modelo_imp">Modelo 1</SimpleData>
            <SimpleData name="Departamen">CAAGUAZU</SimpleData>
            <SimpleData name="Distrito">YH?</SimpleData>
            <SimpleData name="Localidad">JUAN SINFORIANO BOGARIN</SimpleData>
            <SimpleData name="Teléfono">981424802</SimpleData>
            <SimpleData name="Vivienda_L">-25.16374390000</SimpleData>
            <SimpleData name="Vivienda_1">-55.93679150000</SimpleData>
            <SimpleData name="Superficie">0.80000000000</SimpleData>
            <SimpleData name="Situaci_1">Pol?gono</SimpleData>
            <SimpleData name="Plantado">SI</SimpleData>
            <SimpleData name="Fecha_Plan">2025/10/21</SimpleData>
            <SimpleData name="Jornales">0.00000000000</SimpleData>
            <SimpleData name="Monto">0.00000000000</SimpleData>
            <SimpleData name="Grupo_de_p">D-P1-XX-XX-XX</SimpleData>
            <SimpleData name="Estado_del">Activo</SimpleData>
            <SimpleData name="Empresa">Unique Wood Paraguay SA</SimpleData>
            <SimpleData name="Lote">D</SimpleData>
            <SimpleData name="Parametro">0.00000000000</SimpleData>
            <SimpleData name="Sup_SIG">0.87739744917</SimpleData>
            <SimpleData name="X">-55.93352497000</SimpleData>
            <SimpleData name="Y">-25.16356257000</SimpleData>
            <SimpleData name="cedula">4470779</SimpleData>
            <SimpleData name="Cédula_1">4470779.00000000000</SimpleData>
            <SimpleData name="Estado_d_1">Activo</SimpleData>
            <SimpleData name="OBJECTID_1">7383</SimpleData>
            <SimpleData name="Shape_Leng">593.66746364900</SimpleData>
            <SimpleData name="Shape_Area">8773.97449169000</SimpleData>
          </SchemaData>
        </ExtendedData>
        <MultiGeometry>
          <Polygon>
            <outerBoundaryIs>
              <LinearRing>
                <coordinates>
                  -55.9286137997809,-25.1646683015293,0
                  -55.9286730995992,-25.1637863996722,0
                  -55.928265599392,-25.1637530998568,0
                  -55.9281870993723,-25.1646222007767,0
                  -55.9286137997809,-25.1646683015293,0
                </coordinates>
              </LinearRing>
            </outerBoundaryIs>
          </Polygon>
          <Polygon>
            <outerBoundaryIs>
              <LinearRing>
                <coordinates>
                  -55.9340939996611,-25.1638061992617,0
                  -55.9341310993402,-25.1634677001717,0
                  -55.9329696998124,-25.1633027005689,0
                  -55.9329448992573,-25.1636803006647,0
                  -55.9340939996611,-25.1638061992617,0
                </coordinates>
              </LinearRing>
            </outerBoundaryIs>
          </Polygon>
        </MultiGeometry>
      </Placemark>
      <Placemark id="Lote_D.46">
        <ExtendedData>
          <SchemaData schemaUrl="#Lote_D.schema">
            <SimpleData name="Cédula">7539972.00000000000</SimpleData>
            <SimpleData name="Nombres_y_">LORENA MEDINA MARTINEZ</SimpleData>
            <SimpleData name="Sexo">Mujer</SimpleData>
            <SimpleData name="Cambio_de_">NO</SimpleData>
            <SimpleData name="Titular_se">NO</SimpleData>
            <SimpleData name="ci_UNIF">7539972.00000000000</SimpleData>
            <SimpleData name="Situación">NO</SimpleData>
            <SimpleData name="Comunidad">Ind?gena</SimpleData>
            <SimpleData name="Modelo_imp">Modelo 4</SimpleData>
            <SimpleData name="Departamen">CAAGUAZU</SimpleData>
            <SimpleData name="Distrito">SAN JOAQUIN</SimpleData>
            <SimpleData name="Localidad">COM INDIG TEKOHA MIRI</SimpleData>
            <SimpleData name="Teléfono">0981192883</SimpleData>
            <SimpleData name="Vivienda_L">-25.10434750000</SimpleData>
            <SimpleData name="Vivienda_1">-56.01938700000</SimpleData>
            <SimpleData name="Superficie">0.70000000000</SimpleData>
            <SimpleData name="Situaci_1">Par?metro</SimpleData>
            <SimpleData name="Plantado">SI</SimpleData>
            <SimpleData name="Fecha_Plan">2025/11/25</SimpleData>
            <SimpleData name="Jornales">0.00000000000</SimpleData>
            <SimpleData name="Monto">0.00000000000</SimpleData>
            <SimpleData name="Grupo_de_p">D-P1-XX-XX-XX</SimpleData>
            <SimpleData name="Estado_del">Activo</SimpleData>
            <SimpleData name="Empresa">Unique Wood Paraguay SA</SimpleData>
            <SimpleData name="Lote">D</SimpleData>
            <SimpleData name="Parametro">0.00000000000</SimpleData>
            <SimpleData name="Sup_SIG">0.74314677944</SimpleData>
            <SimpleData name="X">-56.02020812000</SimpleData>
            <SimpleData name="Y">-25.10423027000</SimpleData>
            <SimpleData name="cedula">7539972</SimpleData>
            <SimpleData name="Cédula_1">7539972.00000000000</SimpleData>
            <SimpleData name="Estado_d_1">Activo</SimpleData>
            <SimpleData name="OBJECTID_1">7134</SimpleData>
            <SimpleData name="Shape_Leng">348.65289844100</SimpleData>
            <SimpleData name="Shape_Area">7431.46779438000</SimpleData>
          </SchemaData>
        </ExtendedData>
        <Polygon>
          <outerBoundaryIs>
            <LinearRing>
              <coordinates>
                -56.019580600161,-25.1039389998045,0
                -56.0200000001658,-25.1046667003953,0
                -56.020710299656,-25.1045698001666,0
                -56.0206497000429,-25.1040196998452,0
                -56.0205448001317,-25.1039907996983,0
                -56.0204874996948,-25.103813700081,0
                -56.019580600161,-25.1039389998045,0
              </coordinates>
            </LinearRing>
          </outerBoundaryIs>
        </Polygon>
      </Placemark>
      <Placemark id="Lote_D.47">
        <ExtendedData>
          <SchemaData schemaUrl="#Lote_D.schema">
            <SimpleData name="Cédula">6636995.00000000000</SimpleData>
            <SimpleData name="Nombres_y_">FATIMA VERA SOSA</SimpleData>
            <SimpleData name="Sexo">Mujer</SimpleData>
            <SimpleData name="Cambio_de_">NO</SimpleData>
            <SimpleData name="Titular_se">NO</SimpleData>
            <SimpleData name="ci_UNIF">6636995.00000000000</SimpleData>
            <SimpleData name="Situación">NO</SimpleData>
            <SimpleData name="Comunidad">Ind?gena</SimpleData>
            <SimpleData name="Modelo_imp">Modelo 1</SimpleData>
            <SimpleData name="Departamen">CAAGUAZU</SimpleData>
            <SimpleData name="Distrito">YH?</SimpleData>
            <SimpleData name="Localidad">COM INDIG AMAMBAY ARROYO GUAZU</SimpleData>
            <SimpleData name="Teléfono">0982018652</SimpleData>
            <SimpleData name="Vivienda_L">-24.89754360000</SimpleData>
            <SimpleData name="Vivienda_1">-55.85445700000</SimpleData>
            <SimpleData name="Superficie">0.80000000000</SimpleData>
            <SimpleData name="Situaci_1">Pol?gono</SimpleData>
            <SimpleData name="Plantado">SI</SimpleData>
            <SimpleData name="Fecha_Plan">2025/10/23</SimpleData>
            <SimpleData name="Jornales">0.00000000000</SimpleData>
            <SimpleData name="Monto">0.00000000000</SimpleData>
            <SimpleData name="Grupo_de_p">D-P1-XX-XX-XX</SimpleData>
            <SimpleData name="Estado_del">Activo</SimpleData>
            <SimpleData name="Empresa">Unique Wood Paraguay SA</SimpleData>
            <SimpleData name="Lote">D</SimpleData>
            <SimpleData name="Parametro">0.00000000000</SimpleData>
            <SimpleData name="Sup_SIG">1.03748886504</SimpleData>
            <SimpleData name="X">-55.86300883000</SimpleData>
            <SimpleData name="Y">-24.90541993000</SimpleData>
            <SimpleData name="cedula">6636995</SimpleData>
            <SimpleData name="Cédula_1">6636995.00000000000</SimpleData>
            <SimpleData name="Estado_d_1">Activo</SimpleData>
            <SimpleData name="OBJECTID_1">7147</SimpleData>
            <SimpleData name="Shape_Leng">496.90566111900</SimpleData>
            <SimpleData name="Shape_Area">10374.88865040000</SimpleData>
          </SchemaData>
        </ExtendedData>
        <Polygon>
          <outerBoundaryIs>
            <LinearRing>
              <coordinates>
                -55.8623371130344,-24.9047719469385,0
                -55.8631282003249,-24.906186100399,0
                -55.8631019960851,-24.9062064187468,0
                -55.8631132001433,-24.906226299824,0
                -55.8632800995153,-24.9061497003233,0
                -55.8634180999356,-24.9062584001157,0
                -55.8636811999996,-24.9060469993385,0
                -55.8627999997468,-24.9045449999726,0
                -55.8627995002304,-24.9045469999328,0
                -55.8627950003106,-24.9045417002023,0
                -55.8623371130344,-24.9047719469385,0
              </coordinates>
            </LinearRing>
          </outerBoundaryIs>
        </Polygon>
      </Placemark>
      <Placemark id="Lote_D.48">
        <ExtendedData>
          <SchemaData schemaUrl="#Lote_D.schema">
            <SimpleData name="Cédula">3859046.00000000000</SimpleData>
            <SimpleData name="Nombres_y_">ALBINO CANDIA PAREDES</SimpleData>
            <SimpleData name="Sexo">Hombre</SimpleData>
            <SimpleData name="Cambio_de_">NO</SimpleData>
            <SimpleData name="Titular_se">NO</SimpleData>
            <SimpleData name="ci_UNIF">3859046.00000000000</SimpleData>
            <SimpleData name="Situación">NO</SimpleData>
            <SimpleData name="Comunidad">Campesina</SimpleData>
            <SimpleData name="Modelo_imp">Modelo 1</SimpleData>
            <SimpleData name="Departamen">CAAGUAZU</SimpleData>
            <SimpleData name="Distrito">CARAYAO</SimpleData>
            <SimpleData name="Localidad">SANTA MAGDALENA</SimpleData>
            <SimpleData name="Teléfono">0986758133</SimpleData>
            <SimpleData name="Vivienda_L">-25.15980720000</SimpleData>
            <SimpleData name="Vivienda_1">-56.26210080000</SimpleData>
            <SimpleData name="Superficie">0.80000000000</SimpleData>
            <SimpleData name="Situaci_1">Pol?gono</SimpleData>
            <SimpleData name="Plantado">SI</SimpleData>
            <SimpleData name="Fecha_Plan">2025/11/22</SimpleData>
            <SimpleData name="Jornales">0.00000000000</SimpleData>
            <SimpleData name="Monto">0.00000000000</SimpleData>
            <SimpleData name="Grupo_de_p">D-P1-XX-XX-XX</SimpleData>
            <SimpleData name="Estado_del">Activo</SimpleData>
            <SimpleData name="Empresa">Unique Wood Paraguay SA</SimpleData>
            <SimpleData name="Lote">D</SimpleData>
            <SimpleData name="Parametro">0.00000000000</SimpleData>
            <SimpleData name="Sup_SIG">1.03976569972</SimpleData>
            <SimpleData name="X">-56.26650270000</SimpleData>
            <SimpleData name="Y">-25.15918969000</SimpleData>
            <SimpleData name="cedula">3859046</SimpleData>
            <SimpleData name="Cédula_1">3859046.00000000000</SimpleData>
            <SimpleData name="Estado_d_1">Activo</SimpleData>
            <SimpleData name="OBJECTID_1">7192</SimpleData>
            <SimpleData name="Shape_Leng">411.38684580000</SimpleData>
            <SimpleData name="Shape_Area">10397.65699720000</SimpleData>
          </SchemaData>
        </ExtendedData>
        <Polygon>
          <outerBoundaryIs>
            <LinearRing>
              <coordinates>
                -56.2659526001793,-25.1587425001859,0
                -56.2661716998155,-25.1597652998886,0
                -56.26706649994,-25.1596326996694,0
                -56.2668150006047,-25.1586067001785,0
                -56.2659526001793,-25.1587425001859,0
              </coordinates>
            </LinearRing>
          </outerBoundaryIs>
        </Polygon>
      </Placemark>
      <Placemark id="Lote_D.49">
        <ExtendedData>
          <SchemaData schemaUrl="#Lote_D.schema">
            <SimpleData name="Cédula">6175654.00000000000</SimpleData>
            <SimpleData name="Nombres_y_">MARISA FAGI MBEPEGI MIRANDA</SimpleData>
            <SimpleData name="Sexo">Mujer</SimpleData>
            <SimpleData name="Cambio_de_">NO</SimpleData>
            <SimpleData name="Titular_se">NO</SimpleData>
            <SimpleData name="ci_UNIF">6175654.00000000000</SimpleData>
            <SimpleData name="Situación">NO</SimpleData>
            <SimpleData name="Comunidad">Ind?gena</SimpleData>
            <SimpleData name="Modelo_imp">Modelo 1</SimpleData>
            <SimpleData name="Departamen">CAAGUAZU</SimpleData>
            <SimpleData name="Distrito">SAN JOAQUIN</SimpleData>
            <SimpleData name="Localidad">COM INDIG CERRO MOROTI</SimpleData>
            <SimpleData name="Teléfono">0987103905</SimpleData>
            <SimpleData name="Vivienda_L">-25.01909930000</SimpleData>
            <SimpleData name="Vivienda_1">-56.14207980000</SimpleData>
            <SimpleData name="Superficie">0.80000000000</SimpleData>
            <SimpleData name="Situaci_1">Pol?gono</SimpleData>
            <SimpleData name="Plantado">SI</SimpleData>
            <SimpleData name="Fecha_Plan">2025/10/07</SimpleData>
            <SimpleData name="Jornales">0.00000000000</SimpleData>
            <SimpleData name="Monto">0.00000000000</SimpleData>
            <SimpleData name="Grupo_de_p">D-P1-XX-XX-XX</SimpleData>
            <SimpleData name="Estado_del">Activo</SimpleData>
            <SimpleData name="Empresa">Unique Wood Paraguay SA</SimpleData>
            <SimpleData name="Lote">D</SimpleData>
            <SimpleData name="Parametro">0.00000000000</SimpleData>
            <SimpleData name="Sup_SIG">0.97342189137</SimpleData>
            <SimpleData name="X">-56.14362614000</SimpleData>
            <SimpleData name="Y">-25.01452552000</SimpleData>
            <SimpleData name="cedula">6175654</SimpleData>
            <SimpleData name="Cédula_1">6175654.00000000000</SimpleData>
            <SimpleData name="Estado_d_1">Activo</SimpleData>
            <SimpleData name="OBJECTID_1">5708</SimpleData>
            <SimpleData name="Shape_Leng">439.65167721900</SimpleData>
            <SimpleData name="Shape_Area">9734.21891373000</SimpleData>
          </SchemaData>
        </ExtendedData>
        <Polygon>
          <outerBoundaryIs>
            <LinearRing>
              <coordinates>
                -56.1433825054152,-25.0151979094575,0
                -56.1435895755584,-25.0151980132123,0
                -56.1436303001989,-25.015098999829,0
                -56.1437750994654,-25.0151063997485,0
                -56.1438527000968,-25.0151699006097,0
                -56.1440428001335,-25.0151900998467,0
                -56.1440546995254,-25.0146006000699,0
                -56.1439523004047,-25.0143982004898,0
                -56.1438486006214,-25.0141668996108,0
                -56.1436194997207,-25.0137796001666,0
                -56.1432159008583,-25.0138027996426,0
                -56.1433825054152,-25.0151979094575,0
              </coordinates>
            </LinearRing>
          </outerBoundaryIs>
        </Polygon>
      </Placemark>
      <Placemark id="Lote_D.50">
        <ExtendedData>
          <SchemaData schemaUrl="#Lote_D.schema">
            <SimpleData name="Cédula">2890099.00000000000</SimpleData>
            <SimpleData name="Nombres_y_">SIXTO  BAZQUEZ</SimpleData>
            <SimpleData name="Sexo">Hombre</SimpleData>
            <SimpleData name="Cambio_de_">NO</SimpleData>
            <SimpleData name="Titular_se">NO</SimpleData>
            <SimpleData name="ci_UNIF">2890099.00000000000</SimpleData>
            <SimpleData name="Situación">NO</SimpleData>
            <SimpleData name="Comunidad">Campesina</SimpleData>
            <SimpleData name="Modelo_imp">Modelo 5</SimpleData>
            <SimpleData name="Departamen">CAAGUAZU</SimpleData>
            <SimpleData name="Distrito">SAN JOAQUIN</SimpleData>
            <SimpleData name="Localidad">PIRI POTY</SimpleData>
            <SimpleData name="Teléfono">984812163</SimpleData>
            <SimpleData name="Vivienda_L">-25.03041500000</SimpleData>
            <SimpleData name="Vivienda_1">-56.05536170000</SimpleData>
            <SimpleData name="Superficie">0.70000000000</SimpleData>
            <SimpleData name="Situaci_1">Pol?gono</SimpleData>
            <SimpleData name="Plantado">SI</SimpleData>
            <SimpleData name="Fecha_Plan">2025/10/29</SimpleData>
            <SimpleData name="Jornales">0.00000000000</SimpleData>
            <SimpleData name="Monto">0.00000000000</SimpleData>
            <SimpleData name="Grupo_de_p">D-P1-XX-XX-XX</SimpleData>
            <SimpleData name="Estado_del">Activo</SimpleData>
            <SimpleData name="Empresa">Unique Wood Paraguay SA</SimpleData>
            <SimpleData name="Lote">D</SimpleData>
            <SimpleData name="Parametro">0.00000000000</SimpleData>
            <SimpleData name="Sup_SIG">0.74890190726</SimpleData>
            <SimpleData name="X">-56.05494960000</SimpleData>
            <SimpleData name="Y">-25.02845851000</SimpleData>
            <SimpleData name="cedula">2890099</SimpleData>
            <SimpleData name="Cédula_1">2890099.00000000000</SimpleData>
            <SimpleData name="Estado_d_1">Activo</SimpleData>
            <SimpleData name="OBJECTID_1">7665</SimpleData>
            <SimpleData name="Shape_Leng">356.39118091800</SimpleData>
            <SimpleData name="Shape_Area">7489.01907260000</SimpleData>
          </SchemaData>
        </ExtendedData>
        <Polygon>
          <outerBoundaryIs>
            <LinearRing>
              <coordinates>
                -56.0545530995062,-25.0283079998892,0
                -56.054681800075,-25.028999799777,0
                -56.0553847559046,-25.0288710637735,0
                -56.0551618003059,-25.0278986999594,0
                -56.0546746993414,-25.0279219006124,0
                -56.0546804998432,-25.0281565004062,0
                -56.0545530995062,-25.0283079998892,0
              </coordinates>
            </LinearRing>
          </outerBoundaryIs>
        </Polygon>
      </Placemark>
      <Placemark id="Lote_D.51">
        <ExtendedData>
          <SchemaData schemaUrl="#Lote_D.schema">
            <SimpleData name="Cédula">5338468.00000000000</SimpleData>
            <SimpleData name="Nombres_y_">ALICE NOEMI GUTIERREZ LOPEZ</SimpleData>
            <SimpleData name="Sexo">Mujer</SimpleData>
            <SimpleData name="Cambio_de_">NO</SimpleData>
            <SimpleData name="Titular_se">NO</SimpleData>
            <SimpleData name="ci_UNIF">5338468.00000000000</SimpleData>
            <SimpleData name="Situación">NO</SimpleData>
            <SimpleData name="Comunidad">Campesina</SimpleData>
            <SimpleData name="Modelo_imp">Modelo 5</SimpleData>
            <SimpleData name="Departamen">CAAGUAZU</SimpleData>
            <SimpleData name="Distrito">CARAYAO</SimpleData>
            <SimpleData name="Localidad">CALLE 14 MIL</SimpleData>
            <SimpleData name="Teléfono">0975316686</SimpleData>
            <SimpleData name="Vivienda_L">-25.18977840000</SimpleData>
            <SimpleData name="Vivienda_1">-56.24682510000</SimpleData>
            <SimpleData name="Superficie">0.70000000000</SimpleData>
            <SimpleData name="Situaci_1">Pol?gono</SimpleData>
            <SimpleData name="Plantado">SI</SimpleData>
            <SimpleData name="Fecha_Plan">2025/11/22</SimpleData>
            <SimpleData name="Jornales">0.00000000000</SimpleData>
            <SimpleData name="Monto">0.00000000000</SimpleData>
            <SimpleData name="Grupo_de_p">D-P1-XX-XX-XX</SimpleData>
            <SimpleData name="Estado_del">Activo</SimpleData>
            <SimpleData name="Empresa">Unique Wood Paraguay SA</SimpleData>
            <SimpleData name="Lote">D</SimpleData>
            <SimpleData name="Parametro">0.00000000000</SimpleData>
            <SimpleData name="Sup_SIG">0.75975965783</SimpleData>
            <SimpleData name="X">-56.24583173000</SimpleData>
            <SimpleData name="Y">-25.18657658000</SimpleData>
            <SimpleData name="cedula">5338468</SimpleData>
            <SimpleData name="Cédula_1">5338468.00000000000</SimpleData>
            <SimpleData name="Estado_d_1">Activo</SimpleData>
            <SimpleData name="OBJECTID_1">7189</SimpleData>
            <SimpleData name="Shape_Leng">617.71960708000</SimpleData>
            <SimpleData name="Shape_Area">7597.59657827000</SimpleData>
          </SchemaData>
        </ExtendedData>
        <MultiGeometry>
          <Polygon>
            <outerBoundaryIs>
              <LinearRing>
                <coordinates>
                  -56.2466697993186,-25.1886862006591,0
                  -56.2471440004093,-25.1886195006448,0
                  -56.2470514998539,-25.1882594995804,0
                  -56.2466222002078,-25.1883476999015,0
                  -56.2466697993186,-25.1886862006591,0
                </coordinates>
              </LinearRing>
            </outerBoundaryIs>
          </Polygon>
          <Polygon>
            <outerBoundaryIs>
              <LinearRing>
                <coordinates>
                  -56.2475025995251,-25.1881989993516,0
                  -56.2474943996654,-25.1877606003331,0
                  -56.2470729002873,-25.1877992993028,0
                  -56.2471697003567,-25.1882574001136,0
                  -56.2475025995251,-25.1881989993516,0
                </coordinates>
              </LinearRing>
            </outerBoundaryIs>
          </Polygon>
          <Polygon>
            <outerBoundaryIs>
              <LinearRing>
                <coordinates>
                  -56.2462922007884,-25.1867413002553,0
                  -56.2463081006472,-25.186383200016,0
                  -56.2453767003718,-25.186395400637,0
                  -56.2453785999415,-25.1867880008029,0
                  -56.2462922007884,-25.1867413002553,0
                </coordinates>
              </LinearRing>
            </outerBoundaryIs>
          </Polygon>
        </MultiGeometry>
      </Placemark>
      <Placemark id="Lote_D.52">
        <ExtendedData>
          <SchemaData schemaUrl="#Lote_D.schema">
            <SimpleData name="Cédula">5960989.00000000000</SimpleData>
            <SimpleData name="Nombres_y_">KARINA MABEL ALVARENGA ESCOBAR</SimpleData>
            <SimpleData name="Sexo">Mujer</SimpleData>
            <SimpleData name="Cambio_de_">NO</SimpleData>
            <SimpleData name="Titular_se">NO</SimpleData>
            <SimpleData name="ci_UNIF">5960989.00000000000</SimpleData>
            <SimpleData name="Situación">NO</SimpleData>
            <SimpleData name="Comunidad">Campesina</SimpleData>
            <SimpleData name="Modelo_imp">Modelo 1</SimpleData>
            <SimpleData name="Departamen">CAAGUAZU</SimpleData>
            <SimpleData name="Distrito">SAN JOAQUIN</SimpleData>
            <SimpleData name="Localidad">SANTO DOMINGO</SimpleData>
            <SimpleData name="Teléfono">0984421869</SimpleData>
            <SimpleData name="Vivienda_L">-25.08252380000</SimpleData>
            <SimpleData name="Vivienda_1">-56.06052410000</SimpleData>
            <SimpleData name="Superficie">0.80000000000</SimpleData>
            <SimpleData name="Situaci_1">Pol?gono</SimpleData>
            <SimpleData name="Plantado">SI</SimpleData>
            <SimpleData name="Fecha_Plan">2025/10/11</SimpleData>
            <SimpleData name="Jornales">0.00000000000</SimpleData>
            <SimpleData name="Monto">0.00000000000</SimpleData>
            <SimpleData name="Grupo_de_p">D-P1-XX-XX-XX</SimpleData>
            <SimpleData name="Estado_del">Activo</SimpleData>
            <SimpleData name="Empresa">Unique Wood Paraguay SA</SimpleData>
            <SimpleData name="Lote">D</SimpleData>
            <SimpleData name="Parametro">0.00000000000</SimpleData>
            <SimpleData name="Sup_SIG">0.91660012502</SimpleData>
            <SimpleData name="X">-56.06131714000</SimpleData>
            <SimpleData name="Y">-25.08348787000</SimpleData>
            <SimpleData name="cedula">5960989</SimpleData>
            <SimpleData name="Cédula_1">5960989.00000000000</SimpleData>
            <SimpleData name="Estado_d_1">Activo</SimpleData>
            <SimpleData name="OBJECTID_1">5721</SimpleData>
            <SimpleData name="Shape_Leng">573.92159728700</SimpleData>
            <SimpleData name="Shape_Area">9166.00125019000</SimpleData>
          </SchemaData>
        </ExtendedData>
        <MultiGeometry>
          <Polygon>
            <outerBoundaryIs>
              <LinearRing>
                <coordinates>
                  -56.0654971004693,-25.0898291005037,0
                  -56.0659011002289,-25.0895457996907,0
                  -56.0654654004554,-25.0889139004573,0
                  -56.065014800444,-25.089162800275,0
                  -56.0654971004693,-25.0898291005037,0
                </coordinates>
              </LinearRing>
            </outerBoundaryIs>
          </Polygon>
          <Polygon>
            <outerBoundaryIs>
              <LinearRing>
                <coordinates>
                  -56.0614133003652,-25.083998199905,0
                  -56.0617798999149,-25.0837692004272,0
                  -56.0612353000429,-25.082986700089,0
                  -56.0608471001815,-25.0832011999263,0
                  -56.0614133003652,-25.083998199905,0
                </coordinates>
              </LinearRing>
            </outerBoundaryIs>
          </Polygon>
        </MultiGeometry>
      </Placemark>
      <Placemark id="Lote_D.53">
        <ExtendedData>
          <SchemaData schemaUrl="#Lote_D.schema">
            <SimpleData name="Cédula">2867019.00000000000</SimpleData>
            <SimpleData name="Nombres_y_">CATALINO ROA</SimpleData>
            <SimpleData name="Sexo">Hombre</SimpleData>
            <SimpleData name="Cambio_de_">NO</SimpleData>
            <SimpleData name="Titular_se">NO</SimpleData>
            <SimpleData name="ci_UNIF">2867019.00000000000</SimpleData>
            <SimpleData name="Situación">NO</SimpleData>
            <SimpleData name="Comunidad">Ind?gena</SimpleData>
            <SimpleData name="Modelo_imp">Modelo 4</SimpleData>
            <SimpleData name="Departamen">CAAGUAZU</SimpleData>
            <SimpleData name="Distrito">YH?</SimpleData>
            <SimpleData name="Localidad">COM INDIG AMAMBAY ARROYO GUAZU</SimpleData>
            <SimpleData name="Teléfono">0982902626</SimpleData>
            <SimpleData name="Vivienda_L">-24.90107830000</SimpleData>
            <SimpleData name="Vivienda_1">-55.87029670000</SimpleData>
            <SimpleData name="Superficie">0.70000000000</SimpleData>
            <SimpleData name="Situaci_1">Pol?gono</SimpleData>
            <SimpleData name="Plantado">SI</SimpleData>
            <SimpleData name="Fecha_Plan">2025/10/31</SimpleData>
            <SimpleData name="Jornales">0.00000000000</SimpleData>
            <SimpleData name="Monto">0.00000000000</SimpleData>
            <SimpleData name="Grupo_de_p">D-P1-XX-XX-XX</SimpleData>
            <SimpleData name="Estado_del">Activo</SimpleData>
            <SimpleData name="Empresa">Unique Wood Paraguay SA</SimpleData>
            <SimpleData name="Lote">D</SimpleData>
            <SimpleData name="Parametro">0.00000000000</SimpleData>
            <SimpleData name="Sup_SIG">0.85056003049</SimpleData>
            <SimpleData name="X">-55.86520547000</SimpleData>
            <SimpleData name="Y">-24.89917520000</SimpleData>
            <SimpleData name="cedula">2867019</SimpleData>
            <SimpleData name="Cédula_1">2867019.00000000000</SimpleData>
            <SimpleData name="Estado_d_1">Activo</SimpleData>
            <SimpleData name="OBJECTID_1">7144</SimpleData>
            <SimpleData name="Shape_Leng">403.75813016300</SimpleData>
            <SimpleData name="Shape_Area">8505.60030487000</SimpleData>
          </SchemaData>
        </ExtendedData>
        <Polygon>
          <outerBoundaryIs>
            <LinearRing>
              <coordinates>
                -55.8645249994411,-24.898782500258,0
                -55.8650475003184,-24.8996128000267,0
                -55.8659234002247,-24.8995798001425,0
                -55.8659635005608,-24.8993553999501,0
                -55.8657086000148,-24.8992833996309,0
                -55.8650431003579,-24.8986022004723,0
                -55.8645249994411,-24.898782500258,0
              </coordinates>
            </LinearRing>
          </outerBoundaryIs>
        </Polygon>
      </Placemark>
      <Placemark id="Lote_D.54">
        <ExtendedData>
          <SchemaData schemaUrl="#Lote_D.schema">
            <SimpleData name="Cédula">5519526.00000000000</SimpleData>
            <SimpleData name="Nombres_y_">GLORIA ESTER ORQUIOLA DE FLECHA</SimpleData>
            <SimpleData name="Sexo">Mujer</SimpleData>
            <SimpleData name="Cambio_de_">NO</SimpleData>
            <SimpleData name="Titular_se">NO</SimpleData>
            <SimpleData name="ci_UNIF">5519526.00000000000</SimpleData>
            <SimpleData name="Situación">NO</SimpleData>
            <SimpleData name="Comunidad">Campesina</SimpleData>
            <SimpleData name="Modelo_imp">Modelo 5</SimpleData>
            <SimpleData name="Departamen">CAAGUAZU</SimpleData>
            <SimpleData name="Distrito">SAN JOAQUIN</SimpleData>
            <SimpleData name="Localidad">PIRI POTY</SimpleData>
            <SimpleData name="Teléfono">0983702430</SimpleData>
            <SimpleData name="Vivienda_L">-25.04981090000</SimpleData>
            <SimpleData name="Vivienda_1">-56.06620070000</SimpleData>
            <SimpleData name="Superficie">0.70000000000</SimpleData>
            <SimpleData name="Situaci_1">Pol?gono</SimpleData>
            <SimpleData name="Plantado">SI</SimpleData>
            <SimpleData name="Fecha_Plan">2025/10/24</SimpleData>
            <SimpleData name="Jornales">0.00000000000</SimpleData>
            <SimpleData name="Monto">0.00000000000</SimpleData>
            <SimpleData name="Grupo_de_p">D-P1-XX-XX-XX</SimpleData>
            <SimpleData name="Estado_del">Activo</SimpleData>
            <SimpleData name="Empresa">Unique Wood Paraguay SA</SimpleData>
            <SimpleData name="Lote">D</SimpleData>
            <SimpleData name="Parametro">0.00000000000</SimpleData>
            <SimpleData name="Sup_SIG">0.73500454236</SimpleData>
            <SimpleData name="X">-56.06889237000</SimpleData>
            <SimpleData name="Y">-25.04980885000</SimpleData>
            <SimpleData name="cedula">5519526</SimpleData>
            <SimpleData name="Cédula_1">5519526.00000000000</SimpleData>
            <SimpleData name="Estado_d_1">Activo</SimpleData>
            <SimpleData name="OBJECTID_1">5745</SimpleData>
            <SimpleData name="Shape_Leng">512.64353228000</SimpleData>
            <SimpleData name="Shape_Area">7350.04542359000</SimpleData>
          </SchemaData>
        </ExtendedData>
        <MultiGeometry>
          <Polygon>
            <outerBoundaryIs>
              <LinearRing>
                <coordinates>
                  -56.0659035001704,-25.0507460998809,0
                  -56.0663142990367,-25.0506626000468,0
                  -56.0661244991069,-25.0501325002067,0
                  -56.0660088986406,-25.050087200006,0
                  -56.0659306999859,-25.0499370010681,0
                  -56.0656988002396,-25.0500054999719,0
                  -56.0659035001704,-25.0507460998809,0
                </coordinates>
              </LinearRing>
            </outerBoundaryIs>
          </Polygon>
          <Polygon>
            <outerBoundaryIs>
              <LinearRing>
                <coordinates>
                  -56.0686136986061,-25.0501858002302,0
                  -56.0691263006076,-25.0501816006795,0
                  -56.0691581990664,-25.0494617004093,0
                  -56.0686901990789,-25.04938750093,0
                  -56.0686136986061,-25.0501858002302,0
                </coordinates>
              </LinearRing>
            </outerBoundaryIs>
          </Polygon>
        </MultiGeometry>
      </Placemark>
      <Placemark id="Lote_D.55">
        <ExtendedData>
          <SchemaData schemaUrl="#Lote_D.schema">
            <SimpleData name="Cédula">7159493.00000000000</SimpleData>
            <SimpleData name="Nombres_y_">VERONICA  GIMENEZ MERELES</SimpleData>
            <SimpleData name="Sexo">Mujer</SimpleData>
            <SimpleData name="Cambio_de_">NO</SimpleData>
            <SimpleData name="Titular_se">NO</SimpleData>
            <SimpleData name="ci_UNIF">7159493.00000000000</SimpleData>
            <SimpleData name="Situación">NO</SimpleData>
            <SimpleData name="Comunidad">Campesina</SimpleData>
            <SimpleData name="Modelo_imp">Modelo 5</SimpleData>
            <SimpleData name="Departamen">CAAGUAZU</SimpleData>
            <SimpleData name="Distrito">YH?</SimpleData>
            <SimpleData name="Localidad">CA?ADITA</SimpleData>
            <SimpleData name="Teléfono">981082052</SimpleData>
            <SimpleData name="Vivienda_L">-25.17418500000</SimpleData>
            <SimpleData name="Vivienda_1">-55.91607000000</SimpleData>
            <SimpleData name="Superficie">0.70000000000</SimpleData>
            <SimpleData name="Situaci_1">Pol?gono</SimpleData>
            <SimpleData name="Plantado">SI</SimpleData>
            <SimpleData name="Fecha_Plan">2025/10/22</SimpleData>
            <SimpleData name="Jornales">0.00000000000</SimpleData>
            <SimpleData name="Monto">0.00000000000</SimpleData>
            <SimpleData name="Grupo_de_p">D-P1-XX-XX-XX</SimpleData>
            <SimpleData name="Estado_del">Activo</SimpleData>
            <SimpleData name="Empresa">Unique Wood Paraguay SA</SimpleData>
            <SimpleData name="Lote">D</SimpleData>
            <SimpleData name="Parametro">0.00000000000</SimpleData>
            <SimpleData name="Sup_SIG">0.72689719899</SimpleData>
            <SimpleData name="X">-55.90746331000</SimpleData>
            <SimpleData name="Y">-25.17474081000</SimpleData>
            <SimpleData name="cedula">7159493</SimpleData>
            <SimpleData name="Cédula_1">7159493.00000000000</SimpleData>
            <SimpleData name="Estado_d_1">Activo</SimpleData>
            <SimpleData name="OBJECTID_1">7427</SimpleData>
            <SimpleData name="Shape_Leng">498.28257253800</SimpleData>
            <SimpleData name="Shape_Area">7268.97198988000</SimpleData>
          </SchemaData>
        </ExtendedData>
        <MultiGeometry>
          <Polygon>
            <outerBoundaryIs>
              <LinearRing>
                <coordinates>
                  -55.9079788996629,-25.1749986001174,0
                  -55.9079664001035,-25.1745332000684,0
                  -55.9068734998414,-25.1745112998175,0
                  -55.9068815998241,-25.1746467997776,0
                  -55.9069802000261,-25.1747453002476,0
                  -55.907000999951,-25.1749416999252,0
                  -55.9079788996629,-25.1749986001174,0
                </coordinates>
              </LinearRing>
            </outerBoundaryIs>
          </Polygon>
          <Polygon>
            <outerBoundaryIs>
              <LinearRing>
                <coordinates>
                  -55.9174977999596,-25.1710799999241,0
                  -55.917488699634,-25.1706714004472,0
                  -55.9169990004672,-25.1706395998678,0
                  -55.9170346999282,-25.1710405000647,0
                  -55.9174977999596,-25.1710799999241,0
                </coordinates>
              </LinearRing>
            </outerBoundaryIs>
          </Polygon>
        </MultiGeometry>
      </Placemark>
      <Placemark id="Lote_D.56">
        <ExtendedData>
          <SchemaData schemaUrl="#Lote_D.schema">
            <SimpleData name="Cédula">6330328.00000000000</SimpleData>
            <SimpleData name="Nombres_y_">JULIA GRACIELA SANTANDER ACHUCARRO</SimpleData>
            <SimpleData name="Sexo">Mujer</SimpleData>
            <SimpleData name="Cambio_de_">NO</SimpleData>
            <SimpleData name="Titular_se">NO</SimpleData>
            <SimpleData name="ci_UNIF">6330328.00000000000</SimpleData>
            <SimpleData name="Situación">NO</SimpleData>
            <SimpleData name="Comunidad">Campesina</SimpleData>
            <SimpleData name="Modelo_imp">Modelo 1</SimpleData>
            <SimpleData name="Departamen">CAAGUAZU</SimpleData>
            <SimpleData name="Distrito">YH?</SimpleData>
            <SimpleData name="Localidad">JUAN SINFORIANO BOGARIN</SimpleData>
            <SimpleData name="Teléfono">981641380</SimpleData>
            <SimpleData name="Vivienda_L">-25.16138500000</SimpleData>
            <SimpleData name="Vivienda_1">-55.93788670000</SimpleData>
            <SimpleData name="Superficie">0.80000000000</SimpleData>
            <SimpleData name="Situaci_1">Pol?gono</SimpleData>
            <SimpleData name="Plantado">SI</SimpleData>
            <SimpleData name="Fecha_Plan">2025/10/22</SimpleData>
            <SimpleData name="Jornales">0.00000000000</SimpleData>
            <SimpleData name="Monto">0.00000000000</SimpleData>
            <SimpleData name="Grupo_de_p">D-P1-XX-XX-XX</SimpleData>
            <SimpleData name="Estado_del">Activo</SimpleData>
            <SimpleData name="Empresa">Unique Wood Paraguay SA</SimpleData>
            <SimpleData name="Lote">D</SimpleData>
            <SimpleData name="Parametro">0.00000000000</SimpleData>
            <SimpleData name="Sup_SIG">0.82660463753</SimpleData>
            <SimpleData name="X">-55.94183202000</SimpleData>
            <SimpleData name="Y">-25.16185740000</SimpleData>
            <SimpleData name="cedula">6330328</SimpleData>
            <SimpleData name="Cédula_1">6330328.00000000000</SimpleData>
            <SimpleData name="Estado_d_1">Activo</SimpleData>
            <SimpleData name="OBJECTID_1">7666</SimpleData>
            <SimpleData name="Shape_Leng">416.82373590900</SimpleData>
            <SimpleData name="Shape_Area">8266.04637525000</SimpleData>
          </SchemaData>
        </ExtendedData>
        <Polygon>
          <outerBoundaryIs>
            <LinearRing>
              <coordinates>
                -55.9410541999437,-25.1620232000438,0
                -55.942571200052,-25.1621732993142,0
                -55.9426188006713,-25.1616903993259,0
                -55.9410765997581,-25.1615446001763,0
                -55.9410541999437,-25.1620232000438,0
              </coordinates>
            </LinearRing>
          </outerBoundaryIs>
        </Polygon>
      </Placemark>
      <Placemark id="Lote_D.57">
        <ExtendedData>
          <SchemaData schemaUrl="#Lote_D.schema">
            <SimpleData name="Cédula">6961237.00000000000</SimpleData>
            <SimpleData name="Nombres_y_">LUCAS ESTECHE ROJAS</SimpleData>
            <SimpleData name="Sexo">Hombre</SimpleData>
            <SimpleData name="Cambio_de_">NO</SimpleData>
            <SimpleData name="Titular_se">NO</SimpleData>
            <SimpleData name="ci_UNIF">6961237.00000000000</SimpleData>
            <SimpleData name="Situación">NO</SimpleData>
            <SimpleData name="Comunidad">Campesina</SimpleData>
            <SimpleData name="Modelo_imp">Modelo 2</SimpleData>
            <SimpleData name="Departamen">CAAGUAZU</SimpleData>
            <SimpleData name="Distrito">SAN JOAQUIN</SimpleData>
            <SimpleData name="Localidad">JAHAPE</SimpleData>
            <SimpleData name="Teléfono">097568605</SimpleData>
            <SimpleData name="Vivienda_L">-24.99916200000</SimpleData>
            <SimpleData name="Vivienda_1">-55.99769280000</SimpleData>
            <SimpleData name="Superficie">0.80000000000</SimpleData>
            <SimpleData name="Situaci_1">Pol?gono</SimpleData>
            <SimpleData name="Plantado">SI</SimpleData>
            <SimpleData name="Fecha_Plan">2025/10/01</SimpleData>
            <SimpleData name="Jornales">0.00000000000</SimpleData>
            <SimpleData name="Monto">0.00000000000</SimpleData>
            <SimpleData name="Grupo_de_p">D-P1-XX-XX-XX</SimpleData>
            <SimpleData name="Estado_del">Activo</SimpleData>
            <SimpleData name="Empresa">Unique Wood Paraguay SA</SimpleData>
            <SimpleData name="Lote">D</SimpleData>
            <SimpleData name="Parametro">0.00000000000</SimpleData>
            <SimpleData name="Sup_SIG">0.86976702738</SimpleData>
            <SimpleData name="X">-55.99755072000</SimpleData>
            <SimpleData name="Y">-25.00270751000</SimpleData>
            <SimpleData name="cedula">6961237</SimpleData>
            <SimpleData name="Cédula_1">6961237.00000000000</SimpleData>
            <SimpleData name="Estado_d_1">Activo</SimpleData>
            <SimpleData name="OBJECTID_1">7652</SimpleData>
            <SimpleData name="Shape_Leng">529.14327052400</SimpleData>
            <SimpleData name="Shape_Area">8697.67027382000</SimpleData>
          </SchemaData>
        </ExtendedData>
        <MultiGeometry>
          <Polygon>
            <outerBoundaryIs>
              <LinearRing>
                <coordinates>
                  -55.9975663000357,-25.0031452997761,0
                  -55.9980132996663,-25.0026812005222,0
                  -55.9975419000581,-25.0022587007418,0
                  -55.997085199439,-25.0027550016798,0
                  -55.9975663000357,-25.0031452997761,0
                </coordinates>
              </LinearRing>
            </outerBoundaryIs>
          </Polygon>
          <Polygon>
            <outerBoundaryIs>
              <LinearRing>
                <coordinates>
                  -55.9975200997314,-25.0000152002327,0
                  -55.9981865005778,-24.9997755006466,0
                  -55.9979099997084,-24.999318300359,0
                  -55.9973002987878,-24.9994826013658,0
                  -55.9975200997314,-25.0000152002327,0
                </coordinates>
              </LinearRing>
            </outerBoundaryIs>
          </Polygon>
        </MultiGeometry>
      </Placemark>
      <Placemark id="Lote_D.58">
        <ExtendedData>
          <SchemaData schemaUrl="#Lote_D.schema">
            <SimpleData name="Cédula">7169257.00000000000</SimpleData>
            <SimpleData name="Nombres_y_">JUAN CARLOS RAMIREZ BENITEZ</SimpleData>
            <SimpleData name="Sexo">Hombre</SimpleData>
            <SimpleData name="Cambio_de_">NO</SimpleData>
            <SimpleData name="Titular_se">NO</SimpleData>
            <SimpleData name="ci_UNIF">7169257.00000000000</SimpleData>
            <SimpleData name="Situación">NO</SimpleData>
            <SimpleData name="Comunidad">Ind?gena</SimpleData>
            <SimpleData name="Modelo_imp">Modelo 1</SimpleData>
            <SimpleData name="Departamen">CAAGUAZU</SimpleData>
            <SimpleData name="Distrito">SAN JOAQUIN</SimpleData>
            <SimpleData name="Localidad">COM INDIG SAN JORGE</SimpleData>
            <SimpleData name="Teléfono">0975261089</SimpleData>
            <SimpleData name="Vivienda_L">-25.06715560000</SimpleData>
            <SimpleData name="Vivienda_1">-56.08663620000</SimpleData>
            <SimpleData name="Superficie">0.80000000000</SimpleData>
            <SimpleData name="Situaci_1">Pol?gono</SimpleData>
            <SimpleData name="Plantado">SI</SimpleData>
            <SimpleData name="Fecha_Plan">2025/09/22</SimpleData>
            <SimpleData name="Jornales">0.00000000000</SimpleData>
            <SimpleData name="Monto">0.00000000000</SimpleData>
            <SimpleData name="Grupo_de_p">D-P1-XX-XX-XX</SimpleData>
            <SimpleData name="Estado_del">Activo</SimpleData>
            <SimpleData name="Empresa">Unique Wood Paraguay SA</SimpleData>
            <SimpleData name="Lote">D</SimpleData>
            <SimpleData name="Parametro">0.00000000000</SimpleData>
            <SimpleData name="Sup_SIG">0.87148252431</SimpleData>
            <SimpleData name="X">-56.08667526000</SimpleData>
            <SimpleData name="Y">-25.06635239000</SimpleData>
            <SimpleData name="cedula">7169257</SimpleData>
            <SimpleData name="Cédula_1">7169257.00000000000</SimpleData>
            <SimpleData name="Estado_d_1">Activo</SimpleData>
            <SimpleData name="OBJECTID_1">7648</SimpleData>
            <SimpleData name="Shape_Leng">470.91411606100</SimpleData>
            <SimpleData name="Shape_Area">8714.82524305000</SimpleData>
          </SchemaData>
        </ExtendedData>
        <Polygon>
          <outerBoundaryIs>
            <LinearRing>
              <coordinates>
                -56.0862348819671,-25.0666028908869,0
                -56.0859775473537,-25.0666911679381,0
                -56.0859380996746,-25.0667046998445,0
                -56.0862312999185,-25.0667265004598,0
                -56.0862668996945,-25.0668080001225,0
                -56.0863935997279,-25.0667754003679,0
                -56.0863969000477,-25.0668337002341,0
                -56.0873204004612,-25.0665808003224,0
                -56.0870610329377,-25.0659436063501,0
                -56.0870318646526,-25.0659514061367,0
                -56.0870029238604,-25.0659591441045,0
                -56.0866422002167,-25.0660556000736,0
                -56.0865712227092,-25.0657959413396,0
                -56.086559700368,-25.0657592996557,0
                -56.0862908997513,-25.0658372998442,0
                -56.0863410002934,-25.066114300185,0
                -56.0861696004346,-25.0661975004254,0
                -56.0862882004096,-25.0665846004303,0
                -56.0862348819671,-25.0666028908869,0
              </coordinates>
            </LinearRing>
          </outerBoundaryIs>
        </Polygon>
      </Placemark>
      <Placemark id="Lote_D.59">
        <ExtendedData>
          <SchemaData schemaUrl="#Lote_D.schema">
            <SimpleData name="Cédula">3891980.00000000000</SimpleData>
            <SimpleData name="Nombres_y_">RAFAELA DIAZ DE MARTINEZ</SimpleData>
            <SimpleData name="Sexo">Mujer</SimpleData>
            <SimpleData name="Cambio_de_">NO</SimpleData>
            <SimpleData name="Titular_se">NO</SimpleData>
            <SimpleData name="ci_UNIF">3891980.00000000000</SimpleData>
            <SimpleData name="Situación">NO</SimpleData>
            <SimpleData name="Comunidad">Campesina</SimpleData>
            <SimpleData name="Modelo_imp">Modelo 5</SimpleData>
            <SimpleData name="Departamen">CAAGUAZU</SimpleData>
            <SimpleData name="Distrito">CARAYAO</SimpleData>
            <SimpleData name="Localidad">CALLE 14 MIL</SimpleData>
            <SimpleData name="Teléfono">0983923133</SimpleData>
            <SimpleData name="Vivienda_L">-25.19030450000</SimpleData>
            <SimpleData name="Vivienda_1">-56.24589090000</SimpleData>
            <SimpleData name="Superficie">0.70000000000</SimpleData>
            <SimpleData name="Situaci_1">Pol?gono</SimpleData>
            <SimpleData name="Plantado">SI</SimpleData>
            <SimpleData name="Fecha_Plan">2025/11/22</SimpleData>
            <SimpleData name="Jornales">0.00000000000</SimpleData>
            <SimpleData name="Monto">0.00000000000</SimpleData>
            <SimpleData name="Grupo_de_p">D-P1-XX-XX-XX</SimpleData>
            <SimpleData name="Estado_del">Activo</SimpleData>
            <SimpleData name="Empresa">Unique Wood Paraguay SA</SimpleData>
            <SimpleData name="Lote">D</SimpleData>
            <SimpleData name="Parametro">0.00000000000</SimpleData>
            <SimpleData name="Sup_SIG">0.80053316414</SimpleData>
            <SimpleData name="X">-56.24571908000</SimpleData>
            <SimpleData name="Y">-25.19236816000</SimpleData>
            <SimpleData name="cedula">3891980</SimpleData>
            <SimpleData name="Cédula_1">3891980.00000000000</SimpleData>
            <SimpleData name="Estado_d_1">Activo</SimpleData>
            <SimpleData name="OBJECTID_1">7656</SimpleData>
            <SimpleData name="Shape_Leng">500.44963432500</SimpleData>
            <SimpleData name="Shape_Area">8005.33164135000</SimpleData>
          </SchemaData>
        </ExtendedData>
        <MultiGeometry>
          <Polygon>
            <outerBoundaryIs>
              <LinearRing>
                <coordinates>
                  -56.2459536997056,-25.1938921999714,0
                  -56.2460297004072,-25.1934982995203,0
                  -56.2454011993783,-25.1934911999171,0
                  -56.2454269000563,-25.1938800001514,0
                  -56.2459536997056,-25.1938921999714,0
                </coordinates>
              </LinearRing>
            </outerBoundaryIs>
          </Polygon>
          <Polygon>
            <outerBoundaryIs>
              <LinearRing>
                <coordinates>
                  -56.2453470007413,-25.1927081000758,0
                  -56.2460725998283,-25.1927069000764,0
                  -56.2460778003332,-25.1919953002028,0
                  -56.2453554995869,-25.1920622003241,0
                  -56.2453470007413,-25.1927081000758,0
                </coordinates>
              </LinearRing>
            </outerBoundaryIs>
          </Polygon>
        </MultiGeometry>
      </Placemark>
      <Placemark id="Lote_D.60">
        <ExtendedData>
          <SchemaData schemaUrl="#Lote_D.schema">
            <SimpleData name="Cédula">7314091.00000000000</SimpleData>
            <SimpleData name="Nombres_y_">ISABEL WACHUGI MENDOZA DUARTE</SimpleData>
            <SimpleData name="Sexo">Mujer</SimpleData>
            <SimpleData name="Cambio_de_">NO</SimpleData>
            <SimpleData name="Titular_se">NO</SimpleData>
            <SimpleData name="ci_UNIF">7314091.00000000000</SimpleData>
            <SimpleData name="Situación">NO</SimpleData>
            <SimpleData name="Comunidad">Ind?gena</SimpleData>
            <SimpleData name="Modelo_imp">Modelo 2</SimpleData>
            <SimpleData name="Departamen">CAAGUAZU</SimpleData>
            <SimpleData name="Distrito">SAN JOAQUIN</SimpleData>
            <SimpleData name="Localidad">COM INDIG CERRO MOROTI</SimpleData>
            <SimpleData name="Teléfono">0983078394</SimpleData>
            <SimpleData name="Vivienda_L">-25.01920980000</SimpleData>
            <SimpleData name="Vivienda_1">-56.14213640000</SimpleData>
            <SimpleData name="Superficie">0.80000000000</SimpleData>
            <SimpleData name="Situaci_1">Pol?gono</SimpleData>
            <SimpleData name="Plantado">SI</SimpleData>
            <SimpleData name="Fecha_Plan">2025/10/07</SimpleData>
            <SimpleData name="Jornales">0.00000000000</SimpleData>
            <SimpleData name="Monto">0.00000000000</SimpleData>
            <SimpleData name="Grupo_de_p">D-P1-XX-XX-XX</SimpleData>
            <SimpleData name="Estado_del">Activo</SimpleData>
            <SimpleData name="Empresa">Unique Wood Paraguay SA</SimpleData>
            <SimpleData name="Lote">D</SimpleData>
            <SimpleData name="Parametro">0.00000000000</SimpleData>
            <SimpleData name="Sup_SIG">0.80035940306</SimpleData>
            <SimpleData name="X">-56.14444068000</SimpleData>
            <SimpleData name="Y">-25.01468109000</SimpleData>
            <SimpleData name="cedula">7314091</SimpleData>
            <SimpleData name="Cédula_1">7314091.00000000000</SimpleData>
            <SimpleData name="Estado_d_1">Activo</SimpleData>
            <SimpleData name="OBJECTID_1">5709</SimpleData>
            <SimpleData name="Shape_Leng">367.79355017900</SimpleData>
            <SimpleData name="Shape_Area">8003.59403057000</SimpleData>
          </SchemaData>
        </ExtendedData>
        <Polygon>
          <outerBoundaryIs>
            <LinearRing>
              <coordinates>
                -56.144081700419,-25.0141749999549,0
                -56.1440982995278,-25.0151979001333,0
                -56.1447682006242,-25.0152004995889,0
                -56.1448149001438,-25.0141817002271,0
                -56.144081700419,-25.0141749999549,0
              </coordinates>
            </LinearRing>
          </outerBoundaryIs>
        </Polygon>
      </Placemark>
      <Placemark id="Lote_D.61">
        <ExtendedData>
          <SchemaData schemaUrl="#Lote_D.schema">
            <SimpleData name="Cédula">4595463.00000000000</SimpleData>
            <SimpleData name="Nombres_y_">EULALIO  BAREIRO YBA?EZ</SimpleData>
            <SimpleData name="Sexo">Hombre</SimpleData>
            <SimpleData name="Cambio_de_">NO</SimpleData>
            <SimpleData name="Titular_se">NO</SimpleData>
            <SimpleData name="ci_UNIF">4595463.00000000000</SimpleData>
            <SimpleData name="Situación">NO</SimpleData>
            <SimpleData name="Comunidad">Campesina</SimpleData>
            <SimpleData name="Modelo_imp">Modelo 1</SimpleData>
            <SimpleData name="Departamen">CAAGUAZU</SimpleData>
            <SimpleData name="Distrito">YH?</SimpleData>
            <SimpleData name="Localidad">JUAN SINFORIANO BOGARIN</SimpleData>
            <SimpleData name="Teléfono">983820176</SimpleData>
            <SimpleData name="Vivienda_L">-25.17252250000</SimpleData>
            <SimpleData name="Vivienda_1">-55.93538080000</SimpleData>
            <SimpleData name="Superficie">0.80000000000</SimpleData>
            <SimpleData name="Situaci_1">Pol?gono</SimpleData>
            <SimpleData name="Plantado">SI</SimpleData>
            <SimpleData name="Fecha_Plan">2025/10/30</SimpleData>
            <SimpleData name="Jornales">0.00000000000</SimpleData>
            <SimpleData name="Monto">0.00000000000</SimpleData>
            <SimpleData name="Grupo_de_p">D-P1-XX-XX-XX</SimpleData>
            <SimpleData name="Estado_del">Activo</SimpleData>
            <SimpleData name="Empresa">Unique Wood Paraguay SA</SimpleData>
            <SimpleData name="Lote">D</SimpleData>
            <SimpleData name="Parametro">0.00000000000</SimpleData>
            <SimpleData name="Sup_SIG">0.83341625632</SimpleData>
            <SimpleData name="X">-55.92635743000</SimpleData>
            <SimpleData name="Y">-25.17136558000</SimpleData>
            <SimpleData name="cedula">4595463</SimpleData>
            <SimpleData name="Cédula_1">4595463.00000000000</SimpleData>
            <SimpleData name="Estado_d_1">Activo</SimpleData>
            <SimpleData name="OBJECTID_1">7674</SimpleData>
            <SimpleData name="Shape_Leng">375.06705277800</SimpleData>
            <SimpleData name="Shape_Area">8334.16256315000</SimpleData>
          </SchemaData>
        </ExtendedData>
        <Polygon>
          <outerBoundaryIs>
            <LinearRing>
              <coordinates>
                -55.9259300004879,-25.1718167005896,0
                -55.9266861995003,-25.1719253001194,0
                -55.9267430002088,-25.170875700292,0
                -55.9260683998217,-25.1708034994046,0
                -55.9259300004879,-25.1718167005896,0
              </coordinates>
            </LinearRing>
          </outerBoundaryIs>
        </Polygon>
      </Placemark>
      <Placemark id="Lote_D.62">
        <ExtendedData>
          <SchemaData schemaUrl="#Lote_D.schema">
            <SimpleData name="Cédula">7252753.00000000000</SimpleData>
            <SimpleData name="Nombres_y_">NORMA FERNANDEZ VAZQUEZ</SimpleData>
            <SimpleData name="Sexo">Mujer</SimpleData>
            <SimpleData name="Cambio_de_">NO</SimpleData>
            <SimpleData name="Titular_se">NO</SimpleData>
            <SimpleData name="ci_UNIF">7252753.00000000000</SimpleData>
            <SimpleData name="Situación">NO</SimpleData>
            <SimpleData name="Comunidad">Ind?gena</SimpleData>
            <SimpleData name="Modelo_imp">Modelo 5</SimpleData>
            <SimpleData name="Departamen">CAAGUAZU</SimpleData>
            <SimpleData name="Distrito">YH?</SimpleData>
            <SimpleData name="Localidad">COM INDIG AMAMBAY ARROYO GUAZU</SimpleData>
            <SimpleData name="Teléfono">0983062458</SimpleData>
            <SimpleData name="Vivienda_L">-24.89157240000</SimpleData>
            <SimpleData name="Vivienda_1">-55.87104220000</SimpleData>
            <SimpleData name="Superficie">0.70000000000</SimpleData>
            <SimpleData name="Situaci_1">Pol?gono</SimpleData>
            <SimpleData name="Plantado">SI</SimpleData>
            <SimpleData name="Fecha_Plan">2025/10/22</SimpleData>
            <SimpleData name="Jornales">0.00000000000</SimpleData>
            <SimpleData name="Monto">0.00000000000</SimpleData>
            <SimpleData name="Grupo_de_p">D-P1-XX-XX-XX</SimpleData>
            <SimpleData name="Estado_del">Activo</SimpleData>
            <SimpleData name="Empresa">Unique Wood Paraguay SA</SimpleData>
            <SimpleData name="Lote">D</SimpleData>
            <SimpleData name="Parametro">0.00000000000</SimpleData>
            <SimpleData name="Sup_SIG">0.70008909053</SimpleData>
            <SimpleData name="X">-55.86053352000</SimpleData>
            <SimpleData name="Y">-24.90594723000</SimpleData>
            <SimpleData name="cedula">7252753</SimpleData>
            <SimpleData name="Cédula_1">7252753.00000000000</SimpleData>
            <SimpleData name="Estado_d_1">Activo</SimpleData>
            <SimpleData name="OBJECTID_1">5696</SimpleData>
            <SimpleData name="Shape_Leng">394.66816291800</SimpleData>
            <SimpleData name="Shape_Area">7000.89090532000</SimpleData>
          </SchemaData>
        </ExtendedData>
        <Polygon>
          <outerBoundaryIs>
            <LinearRing>
              <coordinates>
                -55.8598136001368,-24.9063182002569,0
                -55.8602343994594,-24.9065419996238,0
                -55.8611925999413,-24.9056353000689,0
                -55.8609214996735,-24.9052940000092,0
                -55.8598136001368,-24.9063182002569,0
              </coordinates>
            </LinearRing>
          </outerBoundaryIs>
        </Polygon>
      </Placemark>
      <Placemark id="Lote_D.63">
        <ExtendedData>
          <SchemaData schemaUrl="#Lote_D.schema">
            <SimpleData name="Cédula">4392719.00000000000</SimpleData>
            <SimpleData name="Nombres_y_">ANA LIZ RAMIREZ</SimpleData>
            <SimpleData name="Sexo">Mujer</SimpleData>
            <SimpleData name="Cambio_de_">NO</SimpleData>
            <SimpleData name="Titular_se">NO</SimpleData>
            <SimpleData name="ci_UNIF">4392719.00000000000</SimpleData>
            <SimpleData name="Situación">NO</SimpleData>
            <SimpleData name="Comunidad">Campesina</SimpleData>
            <SimpleData name="Modelo_imp">Modelo 2</SimpleData>
            <SimpleData name="Departamen">CAAGUAZU</SimpleData>
            <SimpleData name="Distrito">SAN JOAQUIN</SimpleData>
            <SimpleData name="Localidad">CELANO</SimpleData>
            <SimpleData name="Teléfono">0986102621</SimpleData>
            <SimpleData name="Vivienda_L">-25.13860410000</SimpleData>
            <SimpleData name="Vivienda_1">-56.05729350000</SimpleData>
            <SimpleData name="Superficie">0.80000000000</SimpleData>
            <SimpleData name="Situaci_1">Pol?gono</SimpleData>
            <SimpleData name="Plantado">SI</SimpleData>
            <SimpleData name="Fecha_Plan">2025/10/02</SimpleData>
            <SimpleData name="Jornales">0.00000000000</SimpleData>
            <SimpleData name="Monto">0.00000000000</SimpleData>
            <SimpleData name="Grupo_de_p">D-P1-XX-XX-XX</SimpleData>
            <SimpleData name="Estado_del">Activo</SimpleData>
            <SimpleData name="Empresa">Unique Wood Paraguay SA</SimpleData>
            <SimpleData name="Lote">D</SimpleData>
            <SimpleData name="Parametro">0.00000000000</SimpleData>
            <SimpleData name="Sup_SIG">0.88452679804</SimpleData>
            <SimpleData name="X">-56.05860540000</SimpleData>
            <SimpleData name="Y">-25.13978278000</SimpleData>
            <SimpleData name="cedula">4392719</SimpleData>
            <SimpleData name="Cédula_1">4392719.00000000000</SimpleData>
            <SimpleData name="Estado_d_1">Activo</SimpleData>
            <SimpleData name="OBJECTID_1">5728</SimpleData>
            <SimpleData name="Shape_Leng">500.82750459900</SimpleData>
            <SimpleData name="Shape_Area">8845.26798042000</SimpleData>
          </SchemaData>
        </ExtendedData>
        <Polygon>
          <outerBoundaryIs>
            <LinearRing>
              <coordinates>
                -56.0576727000054,-25.1392692004661,0
                -56.0591899001206,-25.1405301998749,0
                -56.0595192003821,-25.1402310001823,0
                -56.0579371999055,-25.139019499834,0
                -56.0576727000054,-25.1392692004661,0
              </coordinates>
            </LinearRing>
          </outerBoundaryIs>
        </Polygon>
      </Placemark>
      <Placemark id="Lote_D.64">
        <ExtendedData>
          <SchemaData schemaUrl="#Lote_D.schema">
            <SimpleData name="Cédula">7889543.00000000000</SimpleData>
            <SimpleData name="Nombres_y_">MARINES  PEREIRA BARRIOS</SimpleData>
            <SimpleData name="Sexo">Mujer</SimpleData>
            <SimpleData name="Cambio_de_">NO</SimpleData>
            <SimpleData name="Titular_se">NO</SimpleData>
            <SimpleData name="ci_UNIF">7889543.00000000000</SimpleData>
            <SimpleData name="Situación">NO</SimpleData>
            <SimpleData name="Comunidad">Campesina</SimpleData>
            <SimpleData name="Modelo_imp">Modelo 5</SimpleData>
            <SimpleData name="Departamen">CAAGUAZU</SimpleData>
            <SimpleData name="Distrito">CARAYAO</SimpleData>
            <SimpleData name="Localidad">ARROYO HOVY</SimpleData>
            <SimpleData name="Teléfono">986962636</SimpleData>
            <SimpleData name="Vivienda_L">-25.14510860000</SimpleData>
            <SimpleData name="Vivienda_1">-56.29045250000</SimpleData>
            <SimpleData name="Superficie">0.70000000000</SimpleData>
            <SimpleData name="Situaci_1">Pol?gono</SimpleData>
            <SimpleData name="Plantado">SI</SimpleData>
            <SimpleData name="Fecha_Plan">2025/11/22</SimpleData>
            <SimpleData name="Jornales">0.00000000000</SimpleData>
            <SimpleData name="Monto">0.00000000000</SimpleData>
            <SimpleData name="Grupo_de_p">D-P1-XX-XX-XX</SimpleData>
            <SimpleData name="Estado_del">Activo</SimpleData>
            <SimpleData name="Empresa">Unique Wood Paraguay SA</SimpleData>
            <SimpleData name="Lote">D</SimpleData>
            <SimpleData name="Parametro">0.00000000000</SimpleData>
            <SimpleData name="Sup_SIG">0.77736192725</SimpleData>
            <SimpleData name="X">-56.29121892000</SimpleData>
            <SimpleData name="Y">-25.14436768000</SimpleData>
            <SimpleData name="cedula">7889543</SimpleData>
            <SimpleData name="Cédula_1">7889543.00000000000</SimpleData>
            <SimpleData name="Estado_d_1">Activo</SimpleData>
            <SimpleData name="OBJECTID_1">7357</SimpleData>
            <SimpleData name="Shape_Leng">347.21855916500</SimpleData>
            <SimpleData name="Shape_Area">7773.61927246000</SimpleData>
          </SchemaData>
        </ExtendedData>
        <Polygon>
          <outerBoundaryIs>
            <LinearRing>
              <coordinates>
                -56.2917004261703,-25.1445870626901,0
                -56.2915715638293,-25.144048114725,0
                -56.2915333995608,-25.143888499208,0
                -56.2907111997467,-25.1440198999132,0
                -56.2909416998935,-25.1448683000319,0
                -56.2914317000971,-25.1447916993898,0
                -56.2917067005893,-25.1446133000249,0
                -56.2917004261703,-25.1445870626901,0
              </coordinates>
            </LinearRing>
          </outerBoundaryIs>
        </Polygon>
      </Placemark>
      <Placemark id="Lote_D.65">
        <ExtendedData>
          <SchemaData schemaUrl="#Lote_D.schema">
            <SimpleData name="Cédula">2122761.00000000000</SimpleData>
            <SimpleData name="Nombres_y_">PEDRO AMARILLA BENITEZ</SimpleData>
            <SimpleData name="Sexo">Hombre</SimpleData>
            <SimpleData name="Cambio_de_">NO</SimpleData>
            <SimpleData name="Titular_se">NO</SimpleData>
            <SimpleData name="ci_UNIF">2122761.00000000000</SimpleData>
            <SimpleData name="Situación">NO</SimpleData>
            <SimpleData name="Comunidad">Campesina</SimpleData>
            <SimpleData name="Modelo_imp">Modelo 2</SimpleData>
            <SimpleData name="Departamen">CAAGUAZU</SimpleData>
            <SimpleData name="Distrito">SAN JOAQUIN</SimpleData>
            <SimpleData name="Localidad">CELANO</SimpleData>
            <SimpleData name="Teléfono">0983245456</SimpleData>
            <SimpleData name="Vivienda_L">-25.14417270000</SimpleData>
            <SimpleData name="Vivienda_1">-56.06633550000</SimpleData>
            <SimpleData name="Superficie">0.80000000000</SimpleData>
            <SimpleData name="Situaci_1">Pol?gono</SimpleData>
            <SimpleData name="Plantado">SI</SimpleData>
            <SimpleData name="Fecha_Plan">2025/10/02</SimpleData>
            <SimpleData name="Jornales">0.00000000000</SimpleData>
            <SimpleData name="Monto">0.00000000000</SimpleData>
            <SimpleData name="Grupo_de_p">D-P1-XX-XX-XX</SimpleData>
            <SimpleData name="Estado_del">Activo</SimpleData>
            <SimpleData name="Empresa">Unique Wood Paraguay SA</SimpleData>
            <SimpleData name="Lote">D</SimpleData>
            <SimpleData name="Parametro">0.00000000000</SimpleData>
            <SimpleData name="Sup_SIG">0.86855263240</SimpleData>
            <SimpleData name="X">-56.06716491000</SimpleData>
            <SimpleData name="Y">-25.14488770000</SimpleData>
            <SimpleData name="cedula">2122761</SimpleData>
            <SimpleData name="Cédula_1">2122761.00000000000</SimpleData>
            <SimpleData name="Estado_d_1">Activo</SimpleData>
            <SimpleData name="OBJECTID_1">5729</SimpleData>
            <SimpleData name="Shape_Leng">558.32382770000</SimpleData>
            <SimpleData name="Shape_Area">8685.52632396000</SimpleData>
          </SchemaData>
        </ExtendedData>
        <MultiGeometry>
          <Polygon>
            <outerBoundaryIs>
              <LinearRing>
                <coordinates>
                  -56.0672403001511,-25.1455414999639,0
                  -56.0679604001482,-25.1450175001009,0
                  -56.0677723001423,-25.1448989001301,0
                  -56.0670302997317,-25.1453055001949,0
                  -56.0672403001511,-25.1455414999639,0
                </coordinates>
              </LinearRing>
            </outerBoundaryIs>
          </Polygon>
          <Polygon>
            <outerBoundaryIs>
              <LinearRing>
                <coordinates>
                  -56.0668909002545,-25.1452153004389,0
                  -56.0676512000653,-25.1447446001642,0
                  -56.0671901002107,-25.1442970997259,0
                  -56.0664269001099,-25.144786400466,0
                  -56.0668909002545,-25.1452153004389,0
                </coordinates>
              </LinearRing>
            </outerBoundaryIs>
          </Polygon>
        </MultiGeometry>
      </Placemark>
      <Placemark id="Lote_D.66">
        <ExtendedData>
          <SchemaData schemaUrl="#Lote_D.schema">
            <SimpleData name="Cédula">5653765.00000000000</SimpleData>
            <SimpleData name="Nombres_y_">INOCENCIA RAMIREZ BENITEZ</SimpleData>
            <SimpleData name="Sexo">Mujer</SimpleData>
            <SimpleData name="Cambio_de_">NO</SimpleData>
            <SimpleData name="Titular_se">NO</SimpleData>
            <SimpleData name="ci_UNIF">5653765.00000000000</SimpleData>
            <SimpleData name="Situación">NO</SimpleData>
            <SimpleData name="Comunidad">Ind?gena</SimpleData>
            <SimpleData name="Modelo_imp">Modelo 2</SimpleData>
            <SimpleData name="Departamen">CAAGUAZU</SimpleData>
            <SimpleData name="Distrito">SAN JOAQUIN</SimpleData>
            <SimpleData name="Localidad">COM INDIG SAN JORGE</SimpleData>
            <SimpleData name="Teléfono">ND</SimpleData>
            <SimpleData name="Vivienda_L">-25.06937880000</SimpleData>
            <SimpleData name="Vivienda_1">-56.08272550000</SimpleData>
            <SimpleData name="Superficie">0.80000000000</SimpleData>
            <SimpleData name="Situaci_1">Pol?gono</SimpleData>
            <SimpleData name="Plantado">SI</SimpleData>
            <SimpleData name="Fecha_Plan">2025/10/24</SimpleData>
            <SimpleData name="Jornales">0.00000000000</SimpleData>
            <SimpleData name="Monto">0.00000000000</SimpleData>
            <SimpleData name="Grupo_de_p">D-P1-XX-XX-XX</SimpleData>
            <SimpleData name="Estado_del">Activo</SimpleData>
            <SimpleData name="Empresa">Unique Wood Paraguay SA</SimpleData>
            <SimpleData name="Lote">D</SimpleData>
            <SimpleData name="Parametro">0.00000000000</SimpleData>
            <SimpleData name="Sup_SIG">0.80096996984</SimpleData>
            <SimpleData name="X">-56.08313285000</SimpleData>
            <SimpleData name="Y">-25.06913652000</SimpleData>
            <SimpleData name="cedula">5653765</SimpleData>
            <SimpleData name="Cédula_1">5653765.00000000000</SimpleData>
            <SimpleData name="Estado_d_1">Activo</SimpleData>
            <SimpleData name="OBJECTID_1">7640</SimpleData>
            <SimpleData name="Shape_Leng">710.32810821700</SimpleData>
            <SimpleData name="Shape_Area">8009.69969838000</SimpleData>
          </SchemaData>
        </ExtendedData>
        <MultiGeometry>
          <Polygon>
            <outerBoundaryIs>
              <LinearRing>
                <coordinates>
                  -56.0824582992836,-25.0694977009029,0
                  -56.0826210996197,-25.069449200444,0
                  -56.0826078000962,-25.0692324001232,0
                  -56.0824699992712,-25.0688816005934,0
                  -56.082217200442,-25.0689580006947,0
                  -56.0824582992836,-25.0694977009029,0
                </coordinates>
              </LinearRing>
            </outerBoundaryIs>
          </Polygon>
          <Polygon>
            <outerBoundaryIs>
              <LinearRing>
                <coordinates>
                  -56.0829039993063,-25.0692532001201,0
                  -56.0831229002381,-25.0694871004665,0
                  -56.0836389994687,-25.0693504002472,0
                  -56.0834327992692,-25.0689026999969,0
                  -56.0828895992308,-25.0689040012446,0
                  -56.0828342988468,-25.0687879006763,0
                  -56.0826124999025,-25.0688749996878,0
                  -56.0827306990464,-25.0692008998457,0
                  -56.0829039993063,-25.0692532001201,0
                </coordinates>
              </LinearRing>
            </outerBoundaryIs>
          </Polygon>
          <Polygon>
            <outerBoundaryIs>
              <LinearRing>
                <coordinates>
                  -56.0851427003317,-25.0674024005709,0
                  -56.0848199994664,-25.0665149000191,0
                  -56.084650799853,-25.0665488997803,0
                  -56.0849803991843,-25.0674596004058,0
                  -56.0851427003317,-25.0674024005709,0
                </coordinates>
              </LinearRing>
            </outerBoundaryIs>
          </Polygon>
        </MultiGeometry>
      </Placemark>
      <Placemark id="Lote_D.67">
        <ExtendedData>
          <SchemaData schemaUrl="#Lote_D.schema">
            <SimpleData name="Cédula">5063100.00000000000</SimpleData>
            <SimpleData name="Nombres_y_">MARICEL SOSA VELAZQUEZ</SimpleData>
            <SimpleData name="Sexo">Mujer</SimpleData>
            <SimpleData name="Cambio_de_">NO</SimpleData>
            <SimpleData name="Titular_se">NO</SimpleData>
            <SimpleData name="ci_UNIF">5063100.00000000000</SimpleData>
            <SimpleData name="Situación">NO</SimpleData>
            <SimpleData name="Comunidad">Ind?gena</SimpleData>
            <SimpleData name="Modelo_imp">Modelo 2</SimpleData>
            <SimpleData name="Departamen">CAAGUAZU</SimpleData>
            <SimpleData name="Distrito">YH?</SimpleData>
            <SimpleData name="Localidad">COM INDIG AMAMBAY ARROYO GUAZU</SimpleData>
            <SimpleData name="Teléfono">0984283914</SimpleData>
            <SimpleData name="Vivienda_L">-24.89820970000</SimpleData>
            <SimpleData name="Vivienda_1">-55.85531820000</SimpleData>
            <SimpleData name="Superficie">0.80000000000</SimpleData>
            <SimpleData name="Situaci_1">Pol?gono</SimpleData>
            <SimpleData name="Plantado">SI</SimpleData>
            <SimpleData name="Fecha_Plan">2025/10/23</SimpleData>
            <SimpleData name="Jornales">0.00000000000</SimpleData>
            <SimpleData name="Monto">0.00000000000</SimpleData>
            <SimpleData name="Grupo_de_p">D-P1-XX-XX-XX</SimpleData>
            <SimpleData name="Estado_del">Activo</SimpleData>
            <SimpleData name="Empresa">Unique Wood Paraguay SA</SimpleData>
            <SimpleData name="Lote">D</SimpleData>
            <SimpleData name="Parametro">0.00000000000</SimpleData>
            <SimpleData name="Sup_SIG">0.80401920838</SimpleData>
            <SimpleData name="X">-55.85541335000</SimpleData>
            <SimpleData name="Y">-24.89773437000</SimpleData>
            <SimpleData name="cedula">5063100</SimpleData>
            <SimpleData name="Cédula_1">5063100.00000000000</SimpleData>
            <SimpleData name="Estado_d_1">Activo</SimpleData>
            <SimpleData name="OBJECTID_1">7145</SimpleData>
            <SimpleData name="Shape_Leng">418.78256897600</SimpleData>
            <SimpleData name="Shape_Area">8040.19208382000</SimpleData>
          </SchemaData>
        </ExtendedData>
        <Polygon>
          <outerBoundaryIs>
            <LinearRing>
              <coordinates>
                -55.8546716999024,-24.8977345005993,0
                -55.8549754002492,-24.8980810001475,0
                -55.8552526994821,-24.8978068999926,0
                -55.8556779005818,-24.8982218001818,0
                -55.8561630995726,-24.897936700393,0
                -55.8553666994628,-24.8971949994271,0
                -55.8546716999024,-24.8977345005993,0
              </coordinates>
            </LinearRing>
          </outerBoundaryIs>
        </Polygon>
      </Placemark>
      <Placemark id="Lote_D.68">
        <ExtendedData>
          <SchemaData schemaUrl="#Lote_D.schema">
            <SimpleData name="Cédula">6175666.00000000000</SimpleData>
            <SimpleData name="Nombres_y_">LAURA JANAGI VELAZQUEZ GARCETE</SimpleData>
            <SimpleData name="Sexo">Mujer</SimpleData>
            <SimpleData name="Cambio_de_">NO</SimpleData>
            <SimpleData name="Titular_se">NO</SimpleData>
            <SimpleData name="ci_UNIF">6175666.00000000000</SimpleData>
            <SimpleData name="Situación">NO</SimpleData>
            <SimpleData name="Comunidad">Ind?gena</SimpleData>
            <SimpleData name="Modelo_imp">Modelo 1</SimpleData>
            <SimpleData name="Departamen">CAAGUAZU</SimpleData>
            <SimpleData name="Distrito">SAN JOAQUIN</SimpleData>
            <SimpleData name="Localidad">COM INDIG CERRO MOROTI</SimpleData>
            <SimpleData name="Teléfono">0984448466</SimpleData>
            <SimpleData name="Vivienda_L">-25.01615970000</SimpleData>
            <SimpleData name="Vivienda_1">-56.14131030000</SimpleData>
            <SimpleData name="Superficie">0.80000000000</SimpleData>
            <SimpleData name="Situaci_1">Pol?gono</SimpleData>
            <SimpleData name="Plantado">SI</SimpleData>
            <SimpleData name="Fecha_Plan">2025/09/23</SimpleData>
            <SimpleData name="Jornales">0.00000000000</SimpleData>
            <SimpleData name="Monto">0.00000000000</SimpleData>
            <SimpleData name="Grupo_de_p">D-P1-XX-XX-XX</SimpleData>
            <SimpleData name="Estado_del">Activo</SimpleData>
            <SimpleData name="Empresa">Unique Wood Paraguay SA</SimpleData>
            <SimpleData name="Lote">D</SimpleData>
            <SimpleData name="Parametro">0.00000000000</SimpleData>
            <SimpleData name="Sup_SIG">0.84690904941</SimpleData>
            <SimpleData name="X">-56.14137220000</SimpleData>
            <SimpleData name="Y">-25.01479556000</SimpleData>
            <SimpleData name="cedula">6175666</SimpleData>
            <SimpleData name="Cédula_1">6175666.00000000000</SimpleData>
            <SimpleData name="Estado_d_1">Activo</SimpleData>
            <SimpleData name="OBJECTID_1">7138</SimpleData>
            <SimpleData name="Shape_Leng">425.13267198000</SimpleData>
            <SimpleData name="Shape_Area">8469.09049407000</SimpleData>
          </SchemaData>
        </ExtendedData>
        <Polygon>
          <outerBoundaryIs>
            <LinearRing>
              <coordinates>
                -56.1411825561989,-25.0142767479858,0
                -56.1411612542607,-25.014425024525,0
                -56.141153861017,-25.0144764777825,0
                -56.1410919035864,-25.0149077151845,0
                -56.1411013002002,-25.0149109003099,0
                -56.1410218001023,-25.0154121999444,0
                -56.1410195100979,-25.0154115898043,0
                -56.1410129998634,-25.015456900239,0
                -56.1415546994565,-25.0155547000248,0
                -56.1416977999553,-25.0142356004188,0
                -56.1416068004336,-25.0140782998041,0
                -56.1412969599426,-25.0140193401126,0
                -56.1412216000379,-25.0140050007533,0
                -56.1411825561989,-25.0142767479858,0
              </coordinates>
            </LinearRing>
          </outerBoundaryIs>
        </Polygon>
      </Placemark>
      <Placemark id="Lote_D.69">
        <ExtendedData>
          <SchemaData schemaUrl="#Lote_D.schema">
            <SimpleData name="Cédula">5686180.00000000000</SimpleData>
            <SimpleData name="Nombres_y_">BLAS ANTONIO CHAPARRO FLECHA</SimpleData>
            <SimpleData name="Sexo">Hombre</SimpleData>
            <SimpleData name="Cambio_de_">NO</SimpleData>
            <SimpleData name="Titular_se">NO</SimpleData>
            <SimpleData name="ci_UNIF">5686180.00000000000</SimpleData>
            <SimpleData name="Situación">NO</SimpleData>
            <SimpleData name="Comunidad">Campesina</SimpleData>
            <SimpleData name="Modelo_imp">Modelo 1</SimpleData>
            <SimpleData name="Departamen">CAAGUAZU</SimpleData>
            <SimpleData name="Distrito">SAN JOAQUIN</SimpleData>
            <SimpleData name="Localidad">PIRI POTY</SimpleData>
            <SimpleData name="Teléfono">0985800666</SimpleData>
            <SimpleData name="Vivienda_L">-25.04670520000</SimpleData>
            <SimpleData name="Vivienda_1">-56.07505960000</SimpleData>
            <SimpleData name="Superficie">0.80000000000</SimpleData>
            <SimpleData name="Situaci_1">Pol?gono</SimpleData>
            <SimpleData name="Plantado">SI</SimpleData>
            <SimpleData name="Fecha_Plan">2025/10/11</SimpleData>
            <SimpleData name="Jornales">0.00000000000</SimpleData>
            <SimpleData name="Monto">0.00000000000</SimpleData>
            <SimpleData name="Grupo_de_p">D-P1-XX-XX-XX</SimpleData>
            <SimpleData name="Estado_del">Activo</SimpleData>
            <SimpleData name="Empresa">Unique Wood Paraguay SA</SimpleData>
            <SimpleData name="Lote">D</SimpleData>
            <SimpleData name="Parametro">0.00000000000</SimpleData>
            <SimpleData name="Sup_SIG">0.92790906476</SimpleData>
            <SimpleData name="X">-56.07837124000</SimpleData>
            <SimpleData name="Y">-25.05650227000</SimpleData>
            <SimpleData name="cedula">5686180</SimpleData>
            <SimpleData name="Cédula_1">5686180.00000000000</SimpleData>
            <SimpleData name="Estado_d_1">Activo</SimpleData>
            <SimpleData name="OBJECTID_1">5738</SimpleData>
            <SimpleData name="Shape_Leng">474.95104422000</SimpleData>
            <SimpleData name="Shape_Area">9279.09064759000</SimpleData>
          </SchemaData>
        </ExtendedData>
        <Polygon>
          <outerBoundaryIs>
            <LinearRing>
              <coordinates>
                -56.0774309997557,-25.0564128003537,0
                -56.0775000998632,-25.0568729993581,0
                -56.0793676004216,-25.0565614003398,0
                -56.0792352005221,-25.0561482997806,0
                -56.0774309997557,-25.0564128003537,0
              </coordinates>
            </LinearRing>
          </outerBoundaryIs>
        </Polygon>
      </Placemark>
      <Placemark id="Lote_D.70">
        <ExtendedData>
          <SchemaData schemaUrl="#Lote_D.schema">
            <SimpleData name="Cédula">6626173.00000000000</SimpleData>
            <SimpleData name="Nombres_y_">ANGELA AQUINO VAZQUEZ</SimpleData>
            <SimpleData name="Sexo">Mujer</SimpleData>
            <SimpleData name="Cambio_de_">NO</SimpleData>
            <SimpleData name="Titular_se">NO</SimpleData>
            <SimpleData name="ci_UNIF">6626173.00000000000</SimpleData>
            <SimpleData name="Situación">NO</SimpleData>
            <SimpleData name="Comunidad">Ind?gena</SimpleData>
            <SimpleData name="Modelo_imp">Modelo 2</SimpleData>
            <SimpleData name="Departamen">CAAGUAZU</SimpleData>
            <SimpleData name="Distrito">YH?</SimpleData>
            <SimpleData name="Localidad">COM INDIG AMAMBAY ARROYO GUAZU</SimpleData>
            <SimpleData name="Teléfono">0984174722</SimpleData>
            <SimpleData name="Vivienda_L">-24.90041580000</SimpleData>
            <SimpleData name="Vivienda_1">-55.85745990000</SimpleData>
            <SimpleData name="Superficie">0.80000000000</SimpleData>
            <SimpleData name="Situaci_1">Pol?gono</SimpleData>
            <SimpleData name="Plantado">SI</SimpleData>
            <SimpleData name="Fecha_Plan">2025/10/22</SimpleData>
            <SimpleData name="Jornales">0.00000000000</SimpleData>
            <SimpleData name="Monto">0.00000000000</SimpleData>
            <SimpleData name="Grupo_de_p">D-P1-XX-XX-XX</SimpleData>
            <SimpleData name="Estado_del">Activo</SimpleData>
            <SimpleData name="Empresa">Unique Wood Paraguay SA</SimpleData>
            <SimpleData name="Lote">D</SimpleData>
            <SimpleData name="Parametro">0.00000000000</SimpleData>
            <SimpleData name="Sup_SIG">0.87399289723</SimpleData>
            <SimpleData name="X">-55.85626364000</SimpleData>
            <SimpleData name="Y">-24.90059034000</SimpleData>
            <SimpleData name="cedula">6626173</SimpleData>
            <SimpleData name="Cédula_1">6626173.00000000000</SimpleData>
            <SimpleData name="Estado_d_1">Activo</SimpleData>
            <SimpleData name="OBJECTID_1">7149</SimpleData>
            <SimpleData name="Shape_Leng">408.00184361100</SimpleData>
            <SimpleData name="Shape_Area">8739.92897230000</SimpleData>
          </SchemaData>
        </ExtendedData>
        <Polygon>
          <outerBoundaryIs>
            <LinearRing>
              <coordinates>
                -55.855570000488,-24.9008388000829,0
                -55.8559946001498,-24.9012615004833,0
                -55.85694470058,-24.9003319995761,0
                -55.8565688001338,-24.8999131001966,0
                -55.855570000488,-24.9008388000829,0
              </coordinates>
            </LinearRing>
          </outerBoundaryIs>
        </Polygon>
      </Placemark>
      <Placemark id="Lote_D.71">
        <ExtendedData>
          <SchemaData schemaUrl="#Lote_D.schema">
            <SimpleData name="Cédula">5592793.00000000000</SimpleData>
            <SimpleData name="Nombres_y_">DIANA  GARAY BAREIRO</SimpleData>
            <SimpleData name="Sexo">Mujer</SimpleData>
            <SimpleData name="Cambio_de_">NO</SimpleData>
            <SimpleData name="Titular_se">NO</SimpleData>
            <SimpleData name="ci_UNIF">5592793.00000000000</SimpleData>
            <SimpleData name="Situación">NO</SimpleData>
            <SimpleData name="Comunidad">Campesina</SimpleData>
            <SimpleData name="Modelo_imp">Modelo 5</SimpleData>
            <SimpleData name="Departamen">CAAGUAZU</SimpleData>
            <SimpleData name="Distrito">YH?</SimpleData>
            <SimpleData name="Localidad">JUKERI</SimpleData>
            <SimpleData name="Teléfono">981066476</SimpleData>
            <SimpleData name="Vivienda_L">-25.14400670000</SimpleData>
            <SimpleData name="Vivienda_1">-55.90772330000</SimpleData>
            <SimpleData name="Superficie">0.70000000000</SimpleData>
            <SimpleData name="Situaci_1">Pol?gono</SimpleData>
            <SimpleData name="Plantado">SI</SimpleData>
            <SimpleData name="Fecha_Plan">2025/10/22</SimpleData>
            <SimpleData name="Jornales">0.00000000000</SimpleData>
            <SimpleData name="Monto">0.00000000000</SimpleData>
            <SimpleData name="Grupo_de_p">D-P1-XX-XX-XX</SimpleData>
            <SimpleData name="Estado_del">Activo</SimpleData>
            <SimpleData name="Empresa">Unique Wood Paraguay SA</SimpleData>
            <SimpleData name="Lote">D</SimpleData>
            <SimpleData name="Parametro">0.00000000000</SimpleData>
            <SimpleData name="Sup_SIG">0.77857851338</SimpleData>
            <SimpleData name="X">-55.90695818000</SimpleData>
            <SimpleData name="Y">-25.14426357000</SimpleData>
            <SimpleData name="cedula">5592793</SimpleData>
            <SimpleData name="Cédula_1">5592793.00000000000</SimpleData>
            <SimpleData name="Estado_d_1">Activo</SimpleData>
            <SimpleData name="OBJECTID_1">6346</SimpleData>
            <SimpleData name="Shape_Leng">480.46162147300</SimpleData>
            <SimpleData name="Shape_Area">7785.78513376000</SimpleData>
          </SchemaData>
        </ExtendedData>
        <Polygon>
          <outerBoundaryIs>
            <LinearRing>
              <coordinates>
                -55.9059517002285,-25.1443684999028,0
                -55.9079785996786,-25.1445073997215,0
                -55.9079782998493,-25.1441849998556,0
                -55.9074453992639,-25.1441547996245,0
                -55.9072709993046,-25.1440833999147,0
                -55.905996900153,-25.1440263998673,0
                -55.9059517002285,-25.1443684999028,0
              </coordinates>
            </LinearRing>
          </outerBoundaryIs>
        </Polygon>
      </Placemark>
      <Placemark id="Lote_D.72">
        <ExtendedData>
          <SchemaData schemaUrl="#Lote_D.schema">
            <SimpleData name="Cédula">5484971.00000000000</SimpleData>
            <SimpleData name="Nombres_y_">GRACIELA PORTILLO CENTURION</SimpleData>
            <SimpleData name="Sexo">Mujer</SimpleData>
            <SimpleData name="Cambio_de_">NO</SimpleData>
            <SimpleData name="Titular_se">NO</SimpleData>
            <SimpleData name="ci_UNIF">5484971.00000000000</SimpleData>
            <SimpleData name="Situación">NO</SimpleData>
            <SimpleData name="Comunidad">Ind?gena</SimpleData>
            <SimpleData name="Modelo_imp">Modelo 5</SimpleData>
            <SimpleData name="Departamen">CAAGUAZU</SimpleData>
            <SimpleData name="Distrito">YH?</SimpleData>
            <SimpleData name="Localidad">COM INDIG ARROYO GUAZU - GUAYAYVI</SimpleData>
            <SimpleData name="Teléfono">0982137964</SimpleData>
            <SimpleData name="Vivienda_L">-24.89039540000</SimpleData>
            <SimpleData name="Vivienda_1">-55.82069400000</SimpleData>
            <SimpleData name="Superficie">0.70000000000</SimpleData>
            <SimpleData name="Situaci_1">Pol?gono</SimpleData>
            <SimpleData name="Plantado">SI</SimpleData>
            <SimpleData name="Fecha_Plan">2025/10/29</SimpleData>
            <SimpleData name="Jornales">0.00000000000</SimpleData>
            <SimpleData name="Monto">0.00000000000</SimpleData>
            <SimpleData name="Grupo_de_p">D-P1-XX-XX-XX</SimpleData>
            <SimpleData name="Estado_del">Activo</SimpleData>
            <SimpleData name="Empresa">Unique Wood Paraguay SA</SimpleData>
            <SimpleData name="Lote">D</SimpleData>
            <SimpleData name="Parametro">0.00000000000</SimpleData>
            <SimpleData name="Sup_SIG">0.77334385795</SimpleData>
            <SimpleData name="X">-55.82095160000</SimpleData>
            <SimpleData name="Y">-24.89038533000</SimpleData>
            <SimpleData name="cedula">5484971</SimpleData>
            <SimpleData name="Cédula_1">5484971.00000000000</SimpleData>
            <SimpleData name="Estado_d_1">Activo</SimpleData>
            <SimpleData name="OBJECTID_1">7142</SimpleData>
            <SimpleData name="Shape_Leng">607.99553351300</SimpleData>
            <SimpleData name="Shape_Area">7733.43857946000</SimpleData>
          </SchemaData>
        </ExtendedData>
        <MultiGeometry>
          <Polygon>
            <outerBoundaryIs>
              <LinearRing>
                <coordinates>
                  -55.821238899453,-24.8910495015464,0
                  -55.8212639007835,-24.8907722004757,0
                  -55.8208728980975,-24.8906685001791,0
                  -55.8208363996884,-24.8909516005683,0
                  -55.821238899453,-24.8910495015464,0
                </coordinates>
              </LinearRing>
            </outerBoundaryIs>
          </Polygon>
          <Polygon>
            <outerBoundaryIs>
              <LinearRing>
                <coordinates>
                  -55.8217009997009,-24.8903127007098,0
                  -55.8209162000364,-24.8902371008558,0
                  -55.8208614000197,-24.8906180003547,0
                  -55.8216497987594,-24.8907303006465,0
                  -55.8217009997009,-24.8903127007098,0
                </coordinates>
              </LinearRing>
            </outerBoundaryIs>
          </Polygon>
          <Polygon>
            <outerBoundaryIs>
              <LinearRing>
                <coordinates>
                  -55.8207321994963,-24.8902553006211,0
                  -55.8208682997449,-24.8898865008336,0
                  -55.8202481994664,-24.8898211999521,0
                  -55.8201608994411,-24.8902358996867,0
                  -55.8203349000023,-24.8903114006327,0
                  -55.8207321994963,-24.8902553006211,0
                </coordinates>
              </LinearRing>
            </outerBoundaryIs>
          </Polygon>
        </MultiGeometry>
      </Placemark>
      <Placemark id="Lote_D.73">
        <ExtendedData>
          <SchemaData schemaUrl="#Lote_D.schema">
            <SimpleData name="Cédula">3618939.00000000000</SimpleData>
            <SimpleData name="Nombres_y_">YLSIA DINA MARTINEZ PANIAGUA</SimpleData>
            <SimpleData name="Sexo">Mujer</SimpleData>
            <SimpleData name="Cambio_de_">NO</SimpleData>
            <SimpleData name="Titular_se">NO</SimpleData>
            <SimpleData name="ci_UNIF">3618939.00000000000</SimpleData>
            <SimpleData name="Situación">NO</SimpleData>
            <SimpleData name="Comunidad">Campesina</SimpleData>
            <SimpleData name="Modelo_imp">Modelo 3</SimpleData>
            <SimpleData name="Departamen">CAAGUAZU</SimpleData>
            <SimpleData name="Distrito">SAN JOAQUIN</SimpleData>
            <SimpleData name="Localidad">CELANO</SimpleData>
            <SimpleData name="Teléfono">0982496391</SimpleData>
            <SimpleData name="Vivienda_L">-25.12658730000</SimpleData>
            <SimpleData name="Vivienda_1">-56.07582550000</SimpleData>
            <SimpleData name="Superficie">1.00000000000</SimpleData>
            <SimpleData name="Situaci_1">Par?metro</SimpleData>
            <SimpleData name="Plantado">SI</SimpleData>
            <SimpleData name="Fecha_Plan">2025/11/26</SimpleData>
            <SimpleData name="Jornales">0.00000000000</SimpleData>
            <SimpleData name="Monto">0.00000000000</SimpleData>
            <SimpleData name="Grupo_de_p">D-P1-XX-XX-XX</SimpleData>
            <SimpleData name="Estado_del">Activo</SimpleData>
            <SimpleData name="Empresa">Unique Wood Paraguay SA</SimpleData>
            <SimpleData name="Lote">D</SimpleData>
            <SimpleData name="Parametro">0.00000000000</SimpleData>
            <SimpleData name="Sup_SIG">0.99537219938</SimpleData>
            <SimpleData name="X">-56.08248491000</SimpleData>
            <SimpleData name="Y">-25.13288461000</SimpleData>
            <SimpleData name="cedula">3618939</SimpleData>
            <SimpleData name="Cédula_1">3618939.00000000000</SimpleData>
            <SimpleData name="Estado_d_1">Activo</SimpleData>
            <SimpleData name="OBJECTID_1">5724</SimpleData>
            <SimpleData name="Shape_Leng">404.09635648500</SimpleData>
            <SimpleData name="Shape_Area">9953.72199377000</SimpleData>
          </SchemaData>
        </ExtendedData>
        <Polygon>
          <outerBoundaryIs>
            <LinearRing>
              <coordinates>
                -56.0817721998742,-25.1330172998689,0
                -56.0824556002956,-25.1335215001908,0
                -56.0831399999252,-25.1328349995984,0
                -56.082615600367,-25.1321965002261,0
                -56.0817721998742,-25.1330172998689,0
              </coordinates>
            </LinearRing>
          </outerBoundaryIs>
        </Polygon>
      </Placemark>
      <Placemark id="Lote_D.74">
        <ExtendedData>
          <SchemaData schemaUrl="#Lote_D.schema">
            <SimpleData name="Cédula">6676972.00000000000</SimpleData>
            <SimpleData name="Nombres_y_">GLORIA MABEL LOVERA DUARTE</SimpleData>
            <SimpleData name="Sexo">Mujer</SimpleData>
            <SimpleData name="Cambio_de_">NO</SimpleData>
            <SimpleData name="Titular_se">NO</SimpleData>
            <SimpleData name="ci_UNIF">6676972.00000000000</SimpleData>
            <SimpleData name="Situación">NO</SimpleData>
            <SimpleData name="Comunidad">Campesina</SimpleData>
            <SimpleData name="Modelo_imp">Modelo 5</SimpleData>
            <SimpleData name="Departamen">CAAGUAZU</SimpleData>
            <SimpleData name="Distrito">SAN JOAQUIN</SimpleData>
            <SimpleData name="Localidad">VIRGEN DEL CARMEN</SimpleData>
            <SimpleData name="Teléfono">0986977185</SimpleData>
            <SimpleData name="Vivienda_L">-25.04174880000</SimpleData>
            <SimpleData name="Vivienda_1">-56.11279080000</SimpleData>
            <SimpleData name="Superficie">0.70000000000</SimpleData>
            <SimpleData name="Situaci_1">Pol?gono</SimpleData>
            <SimpleData name="Plantado">SI</SimpleData>
            <SimpleData name="Fecha_Plan">2025/10/13</SimpleData>
            <SimpleData name="Jornales">0.00000000000</SimpleData>
            <SimpleData name="Monto">0.00000000000</SimpleData>
            <SimpleData name="Grupo_de_p">D-P1-XX-XX-XX</SimpleData>
            <SimpleData name="Estado_del">Activo</SimpleData>
            <SimpleData name="Empresa">Unique Wood Paraguay SA</SimpleData>
            <SimpleData name="Lote">D</SimpleData>
            <SimpleData name="Parametro">0.00000000000</SimpleData>
            <SimpleData name="Sup_SIG">0.78471771945</SimpleData>
            <SimpleData name="X">-56.11330990000</SimpleData>
            <SimpleData name="Y">-25.04142583000</SimpleData>
            <SimpleData name="cedula">6676972</SimpleData>
            <SimpleData name="Cédula_1">6676972.00000000000</SimpleData>
            <SimpleData name="Estado_d_1">Activo</SimpleData>
            <SimpleData name="OBJECTID_1">5764</SimpleData>
            <SimpleData name="Shape_Leng">507.48022062800</SimpleData>
            <SimpleData name="Shape_Area">7847.17719453000</SimpleData>
          </SchemaData>
        </ExtendedData>
        <MultiGeometry>
          <Polygon>
            <outerBoundaryIs>
              <LinearRing>
                <coordinates>
                  -56.1136489994229,-25.0420566997326,0
                  -56.1138392995127,-25.0411351008365,0
                  -56.113263300091,-25.041050000119,0
                  -56.1131532996004,-25.0419767001735,0
                  -56.1136489994229,-25.0420566997326,0
                </coordinates>
              </LinearRing>
            </outerBoundaryIs>
          </Polygon>
          <Polygon>
            <outerBoundaryIs>
              <LinearRing>
                <coordinates>
                  -56.1131492004417,-25.0413017009359,0
                  -56.1131685989237,-25.0409752000453,0
                  -56.1126165998057,-25.040921200627,0
                  -56.1125661992243,-25.0412763004601,0
                  -56.1131492004417,-25.0413017009359,0
                </coordinates>
              </LinearRing>
            </outerBoundaryIs>
          </Polygon>
        </MultiGeometry>
      </Placemark>
      <Placemark id="Lote_D.75">
        <ExtendedData>
          <SchemaData schemaUrl="#Lote_D.schema">
            <SimpleData name="Cédula">7176752.00000000000</SimpleData>
            <SimpleData name="Nombres_y_">RUMILDA  FLORES GONZALEZ</SimpleData>
            <SimpleData name="Sexo">Mujer</SimpleData>
            <SimpleData name="Cambio_de_">NO</SimpleData>
            <SimpleData name="Titular_se">NO</SimpleData>
            <SimpleData name="ci_UNIF">7176752.00000000000</SimpleData>
            <SimpleData name="Situación">NO</SimpleData>
            <SimpleData name="Comunidad">Campesina</SimpleData>
            <SimpleData name="Modelo_imp">Modelo 6</SimpleData>
            <SimpleData name="Departamen">CAAGUAZU</SimpleData>
            <SimpleData name="Distrito">SAN JOAQUIN</SimpleData>
            <SimpleData name="Localidad">PIRI POTY</SimpleData>
            <SimpleData name="Teléfono">0983297580</SimpleData>
            <SimpleData name="Vivienda_L">-25.04952430000</SimpleData>
            <SimpleData name="Vivienda_1">-56.06559230000</SimpleData>
            <SimpleData name="Superficie">0.90000000000</SimpleData>
            <SimpleData name="Situaci_1">Pol?gono</SimpleData>
            <SimpleData name="Plantado">SI</SimpleData>
            <SimpleData name="Fecha_Plan">2025/09/23</SimpleData>
            <SimpleData name="Jornales">0.00000000000</SimpleData>
            <SimpleData name="Monto">0.00000000000</SimpleData>
            <SimpleData name="Grupo_de_p">D-P1-XX-XX-XX</SimpleData>
            <SimpleData name="Estado_del">Activo</SimpleData>
            <SimpleData name="Empresa">Unique Wood Paraguay SA</SimpleData>
            <SimpleData name="Lote">D</SimpleData>
            <SimpleData name="Parametro">0.00000000000</SimpleData>
            <SimpleData name="Sup_SIG">0.90909335034</SimpleData>
            <SimpleData name="X">-56.06532377000</SimpleData>
            <SimpleData name="Y">-25.05034748000</SimpleData>
            <SimpleData name="cedula">7176752</SimpleData>
            <SimpleData name="Cédula_1">7176752.00000000000</SimpleData>
            <SimpleData name="Estado_d_1">Activo</SimpleData>
            <SimpleData name="OBJECTID_1">5747</SimpleData>
            <SimpleData name="Shape_Leng">395.67548826000</SimpleData>
            <SimpleData name="Shape_Area">9090.93350341000</SimpleData>
          </SchemaData>
        </ExtendedData>
        <Polygon>
          <outerBoundaryIs>
            <LinearRing>
              <coordinates>
                -56.0655905997017,-25.0497882999907,0
                -56.0651771998339,-25.0498707999286,0
                -56.0648016002696,-25.0498457001113,0
                -56.0650659998636,-25.0509239993645,0
                -56.0658522995838,-25.0507653997205,0
                -56.065636699928,-25.0499867002619,0
                -56.0655905997017,-25.0497882999907,0
              </coordinates>
            </LinearRing>
          </outerBoundaryIs>
        </Polygon>
      </Placemark>
      <Placemark id="Lote_D.76">
        <ExtendedData>
          <SchemaData schemaUrl="#Lote_D.schema">
            <SimpleData name="Cédula">5484987.00000000000</SimpleData>
            <SimpleData name="Nombres_y_">OSVALDA AQUINO VAZQUEZ</SimpleData>
            <SimpleData name="Sexo">Mujer</SimpleData>
            <SimpleData name="Cambio_de_">NO</SimpleData>
            <SimpleData name="Titular_se">NO</SimpleData>
            <SimpleData name="ci_UNIF">5484987.00000000000</SimpleData>
            <SimpleData name="Situación">NO</SimpleData>
            <SimpleData name="Comunidad">Ind?gena</SimpleData>
            <SimpleData name="Modelo_imp">Modelo 5</SimpleData>
            <SimpleData name="Departamen">CAAGUAZU</SimpleData>
            <SimpleData name="Distrito">YH?</SimpleData>
            <SimpleData name="Localidad">COM INDIG AMAMBAY ARROYO GUAZU</SimpleData>
            <SimpleData name="Teléfono">0985931261</SimpleData>
            <SimpleData name="Vivienda_L">-24.90169590000</SimpleData>
            <SimpleData name="Vivienda_1">-55.85867220000</SimpleData>
            <SimpleData name="Superficie">0.70000000000</SimpleData>
            <SimpleData name="Situaci_1">Pol?gono</SimpleData>
            <SimpleData name="Plantado">SI</SimpleData>
            <SimpleData name="Fecha_Plan">2025/10/22</SimpleData>
            <SimpleData name="Jornales">0.00000000000</SimpleData>
            <SimpleData name="Monto">0.00000000000</SimpleData>
            <SimpleData name="Grupo_de_p">D-P1-XX-XX-XX</SimpleData>
            <SimpleData name="Estado_del">Activo</SimpleData>
            <SimpleData name="Empresa">Unique Wood Paraguay SA</SimpleData>
            <SimpleData name="Lote">D</SimpleData>
            <SimpleData name="Parametro">0.00000000000</SimpleData>
            <SimpleData name="Sup_SIG">0.75531376404</SimpleData>
            <SimpleData name="X">-55.85778473000</SimpleData>
            <SimpleData name="Y">-24.90265993000</SimpleData>
            <SimpleData name="cedula">5484987</SimpleData>
            <SimpleData name="Cédula_1">5484987.00000000000</SimpleData>
            <SimpleData name="Estado_d_1">Activo</SimpleData>
            <SimpleData name="OBJECTID_1">7146</SimpleData>
            <SimpleData name="Shape_Leng">352.37378159200</SimpleData>
            <SimpleData name="Shape_Area">7553.13764042000</SimpleData>
          </SchemaData>
        </ExtendedData>
        <Polygon>
          <outerBoundaryIs>
            <LinearRing>
              <coordinates>
                -55.8571711002733,-24.9025648006923,0
                -55.8578357998195,-24.903202200583,0
                -55.8584022005817,-24.9028236995123,0
                -55.857735300235,-24.9020841003519,0
                -55.8571711002733,-24.9025648006923,0
              </coordinates>
            </LinearRing>
          </outerBoundaryIs>
        </Polygon>
      </Placemark>
      <Placemark id="Lote_D.77">
        <ExtendedData>
          <SchemaData schemaUrl="#Lote_D.schema">
            <SimpleData name="Cédula">7840370.00000000000</SimpleData>
            <SimpleData name="Nombres_y_">NOELIA  RAMOS COLMAN</SimpleData>
            <SimpleData name="Sexo">Mujer</SimpleData>
            <SimpleData name="Cambio_de_">NO</SimpleData>
            <SimpleData name="Titular_se">NO</SimpleData>
            <SimpleData name="ci_UNIF">7840370.00000000000</SimpleData>
            <SimpleData name="Situación">NO</SimpleData>
            <SimpleData name="Comunidad">Campesina</SimpleData>
            <SimpleData name="Modelo_imp">Modelo 6</SimpleData>
            <SimpleData name="Departamen">CAAGUAZU</SimpleData>
            <SimpleData name="Distrito">SAN JOAQUIN</SimpleData>
            <SimpleData name="Localidad">JAHAPE</SimpleData>
            <SimpleData name="Teléfono">0984556802</SimpleData>
            <SimpleData name="Vivienda_L">-24.99722810000</SimpleData>
            <SimpleData name="Vivienda_1">-55.98583430000</SimpleData>
            <SimpleData name="Superficie">0.90000000000</SimpleData>
            <SimpleData name="Situaci_1">Pol?gono</SimpleData>
            <SimpleData name="Plantado">SI</SimpleData>
            <SimpleData name="Fecha_Plan">2025/10/30</SimpleData>
            <SimpleData name="Jornales">0.00000000000</SimpleData>
            <SimpleData name="Monto">0.00000000000</SimpleData>
            <SimpleData name="Grupo_de_p">D-P1-XX-XX-XX</SimpleData>
            <SimpleData name="Estado_del">Activo</SimpleData>
            <SimpleData name="Empresa">Unique Wood Paraguay SA</SimpleData>
            <SimpleData name="Lote">D</SimpleData>
            <SimpleData name="Parametro">0.00000000000</SimpleData>
            <SimpleData name="Sup_SIG">0.98838057079</SimpleData>
            <SimpleData name="X">-55.98840679000</SimpleData>
            <SimpleData name="Y">-24.99699657000</SimpleData>
            <SimpleData name="cedula">7840370</SimpleData>
            <SimpleData name="Cédula_1">7840370.00000000000</SimpleData>
            <SimpleData name="Estado_d_1">Activo</SimpleData>
            <SimpleData name="OBJECTID_1">5727</SimpleData>
            <SimpleData name="Shape_Leng">398.52852719900</SimpleData>
            <SimpleData name="Shape_Area">9883.80570793000</SimpleData>
          </SchemaData>
        </ExtendedData>
        <Polygon>
          <outerBoundaryIs>
            <LinearRing>
              <coordinates>
                -55.9878198006897,-24.9966283001934,0
                -55.9878676995888,-24.9974309994481,0
                -55.988384600083,-24.9974138995095,0
                -55.9890238001794,-24.9972506003908,0
                -55.9890000007735,-24.9966082994228,0
                -55.9878198006897,-24.9966283001934,0
              </coordinates>
            </LinearRing>
          </outerBoundaryIs>
        </Polygon>
      </Placemark>
      <Placemark id="Lote_D.78">
        <ExtendedData>
          <SchemaData schemaUrl="#Lote_D.schema">
            <SimpleData name="Cédula">6211421.00000000000</SimpleData>
            <SimpleData name="Nombres_y_">LORENA SOSA ARAUJO</SimpleData>
            <SimpleData name="Sexo">Mujer</SimpleData>
            <SimpleData name="Cambio_de_">NO</SimpleData>
            <SimpleData name="Titular_se">NO</SimpleData>
            <SimpleData name="ci_UNIF">6211421.00000000000</SimpleData>
            <SimpleData name="Situación">NO</SimpleData>
            <SimpleData name="Comunidad">Campesina</SimpleData>
            <SimpleData name="Modelo_imp">Modelo 2</SimpleData>
            <SimpleData name="Departamen">CAAGUAZU</SimpleData>
            <SimpleData name="Distrito">SAN JOAQUIN</SimpleData>
            <SimpleData name="Localidad">CARPA CUE</SimpleData>
            <SimpleData name="Teléfono">0982181302</SimpleData>
            <SimpleData name="Vivienda_L">-25.14590600000</SimpleData>
            <SimpleData name="Vivienda_1">-56.06185450000</SimpleData>
            <SimpleData name="Superficie">0.80000000000</SimpleData>
            <SimpleData name="Situaci_1">Pol?gono</SimpleData>
            <SimpleData name="Plantado">SI</SimpleData>
            <SimpleData name="Fecha_Plan">2025/10/02</SimpleData>
            <SimpleData name="Jornales">0.00000000000</SimpleData>
            <SimpleData name="Monto">0.00000000000</SimpleData>
            <SimpleData name="Grupo_de_p">D-P1-XX-XX-XX</SimpleData>
            <SimpleData name="Estado_del">Activo</SimpleData>
            <SimpleData name="Empresa">Unique Wood Paraguay SA</SimpleData>
            <SimpleData name="Lote">D</SimpleData>
            <SimpleData name="Parametro">0.00000000000</SimpleData>
            <SimpleData name="Sup_SIG">0.94016760567</SimpleData>
            <SimpleData name="X">-56.06550013000</SimpleData>
            <SimpleData name="Y">-25.14928551000</SimpleData>
            <SimpleData name="cedula">6211421</SimpleData>
            <SimpleData name="Cédula_1">6211421.00000000000</SimpleData>
            <SimpleData name="Estado_d_1">Activo</SimpleData>
            <SimpleData name="OBJECTID_1">5742</SimpleData>
            <SimpleData name="Shape_Leng">569.77566288100</SimpleData>
            <SimpleData name="Shape_Area">9401.67605668000</SimpleData>
          </SchemaData>
        </ExtendedData>
        <MultiGeometry>
          <Polygon>
            <outerBoundaryIs>
              <LinearRing>
                <coordinates>
                  -56.0653806997046,-25.1497215996998,0
                  -56.0661312997768,-25.1493010004482,0
                  -56.0656237999466,-25.1488438003897,0
                  -56.0648645004966,-25.1492812998853,0
                  -56.0653806997046,-25.1497215996998,0
                </coordinates>
              </LinearRing>
            </outerBoundaryIs>
          </Polygon>
          <Polygon>
            <outerBoundaryIs>
              <LinearRing>
                <coordinates>
                  -56.0623930998618,-25.1469658002088,0
                  -56.0630719997119,-25.146457000183,0
                  -56.0628337004979,-25.1462477001557,0
                  -56.06214169979,-25.146684799957,0
                  -56.0623930998618,-25.1469658002088,0
                </coordinates>
              </LinearRing>
            </outerBoundaryIs>
          </Polygon>
        </MultiGeometry>
      </Placemark>
      <Placemark id="Lote_D.79">
        <ExtendedData>
          <SchemaData schemaUrl="#Lote_D.schema">
            <SimpleData name="Cédula">3248240.00000000000</SimpleData>
            <SimpleData name="Nombres_y_">NANCY DOLORES CASTILLO MILTOS</SimpleData>
            <SimpleData name="Sexo">Mujer</SimpleData>
            <SimpleData name="Cambio_de_">NO</SimpleData>
            <SimpleData name="Titular_se">NO</SimpleData>
            <SimpleData name="ci_UNIF">3248240.00000000000</SimpleData>
            <SimpleData name="Situación">NO</SimpleData>
            <SimpleData name="Comunidad">Campesina</SimpleData>
            <SimpleData name="Modelo_imp">Modelo 5</SimpleData>
            <SimpleData name="Departamen">CAAGUAZU</SimpleData>
            <SimpleData name="Distrito">SAN JOAQUIN</SimpleData>
            <SimpleData name="Localidad">R I 6 BOQUERON</SimpleData>
            <SimpleData name="Teléfono">0982699523</SimpleData>
            <SimpleData name="Vivienda_L">-25.08073920000</SimpleData>
            <SimpleData name="Vivienda_1">-56.08196380000</SimpleData>
            <SimpleData name="Superficie">0.70000000000</SimpleData>
            <SimpleData name="Situaci_1">Pol?gono</SimpleData>
            <SimpleData name="Plantado">SI</SimpleData>
            <SimpleData name="Fecha_Plan">2025/10/24</SimpleData>
            <SimpleData name="Jornales">0.00000000000</SimpleData>
            <SimpleData name="Monto">0.00000000000</SimpleData>
            <SimpleData name="Grupo_de_p">D-P1-XX-XX-XX</SimpleData>
            <SimpleData name="Estado_del">Activo</SimpleData>
            <SimpleData name="Empresa">Unique Wood Paraguay SA</SimpleData>
            <SimpleData name="Lote">D</SimpleData>
            <SimpleData name="Parametro">0.00000000000</SimpleData>
            <SimpleData name="Sup_SIG">0.83204860498</SimpleData>
            <SimpleData name="X">-56.08323410000</SimpleData>
            <SimpleData name="Y">-25.08063464000</SimpleData>
            <SimpleData name="cedula">3248240</SimpleData>
            <SimpleData name="Cédula_1">3248240.00000000000</SimpleData>
            <SimpleData name="Estado_d_1">Activo</SimpleData>
            <SimpleData name="OBJECTID_1">7650</SimpleData>
            <SimpleData name="Shape_Leng">536.07116320900</SimpleData>
            <SimpleData name="Shape_Area">8320.48604982000</SimpleData>
          </SchemaData>
        </ExtendedData>
        <MultiGeometry>
          <Polygon>
            <outerBoundaryIs>
              <LinearRing>
                <coordinates>
                  -56.0828430991529,-25.0809986013099,0
                  -56.08378179951,-25.0806796999554,0
                  -56.0836237003769,-25.0802823003617,0
                  -56.0827043997056,-25.0805679006594,0
                  -56.0828430991529,-25.0809986013099,0
                </coordinates>
              </LinearRing>
            </outerBoundaryIs>
          </Polygon>
          <Polygon>
            <outerBoundaryIs>
              <LinearRing>
                <coordinates>
                  -56.0891287988309,-25.0791037995777,0
                  -56.0898027993031,-25.0789273006236,0
                  -56.089630799739,-25.0785021999463,0
                  -56.0889780002093,-25.0786589012425,0
                  -56.0891287988309,-25.0791037995777,0
                </coordinates>
              </LinearRing>
            </outerBoundaryIs>
          </Polygon>
        </MultiGeometry>
      </Placemark>
      <Placemark id="Lote_D.80">
        <ExtendedData>
          <SchemaData schemaUrl="#Lote_D.schema">
            <SimpleData name="Cédula">5147451.00000000000</SimpleData>
            <SimpleData name="Nombres_y_">ROSA SOSA BENITEZ</SimpleData>
            <SimpleData name="Sexo">Mujer</SimpleData>
            <SimpleData name="Cambio_de_">NO</SimpleData>
            <SimpleData name="Titular_se">NO</SimpleData>
            <SimpleData name="ci_UNIF">5147451.00000000000</SimpleData>
            <SimpleData name="Situación">NO</SimpleData>
            <SimpleData name="Comunidad">Ind?gena</SimpleData>
            <SimpleData name="Modelo_imp">Modelo 5</SimpleData>
            <SimpleData name="Departamen">CAAGUAZU</SimpleData>
            <SimpleData name="Distrito">SAN JOAQUIN</SimpleData>
            <SimpleData name="Localidad">COM INDIG SAN JORGE</SimpleData>
            <SimpleData name="Teléfono">0986342288</SimpleData>
            <SimpleData name="Vivienda_L">-25.06808090000</SimpleData>
            <SimpleData name="Vivienda_1">-56.08586210000</SimpleData>
            <SimpleData name="Superficie">0.70000000000</SimpleData>
            <SimpleData name="Situaci_1">Pol?gono</SimpleData>
            <SimpleData name="Plantado">SI</SimpleData>
            <SimpleData name="Fecha_Plan">2025/10/24</SimpleData>
            <SimpleData name="Jornales">0.00000000000</SimpleData>
            <SimpleData name="Monto">0.00000000000</SimpleData>
            <SimpleData name="Grupo_de_p">D-P1-XX-XX-XX</SimpleData>
            <SimpleData name="Estado_del">Activo</SimpleData>
            <SimpleData name="Empresa">Unique Wood Paraguay SA</SimpleData>
            <SimpleData name="Lote">D</SimpleData>
            <SimpleData name="Parametro">0.00000000000</SimpleData>
            <SimpleData name="Sup_SIG">0.71010441228</SimpleData>
            <SimpleData name="X">-56.08624890000</SimpleData>
            <SimpleData name="Y">-25.06843284000</SimpleData>
            <SimpleData name="cedula">5147451</SimpleData>
            <SimpleData name="Cédula_1">5147451.00000000000</SimpleData>
            <SimpleData name="Estado_d_1">Activo</SimpleData>
            <SimpleData name="OBJECTID_1">7642</SimpleData>
            <SimpleData name="Shape_Leng">399.83274613900</SimpleData>
            <SimpleData name="Shape_Area">7101.04412278000</SimpleData>
          </SchemaData>
        </ExtendedData>
        <Polygon>
          <outerBoundaryIs>
            <LinearRing>
              <coordinates>
                -56.0855548997053,-25.0685079998867,0
                -56.0856913000472,-25.0689133002357,0
                -56.0865239999792,-25.0686603006964,0
                -56.0866435003751,-25.0685862003203,0
                -56.0868483004407,-25.0684217005764,0
                -56.0866819009359,-25.068078900252,0
                -56.0865755996145,-25.0678999002382,0
                -56.0861726993311,-25.0679380000722,0
                -56.0862694007129,-25.0683017005626,0
                -56.0858550992556,-25.0684476003858,0
                -56.085824100479,-25.0684480000815,0
                -56.0855548997053,-25.0685079998867,0
              </coordinates>
            </LinearRing>
          </outerBoundaryIs>
        </Polygon>
      </Placemark>
      <Placemark id="Lote_D.81">
        <ExtendedData>
          <SchemaData schemaUrl="#Lote_D.schema">
            <SimpleData name="Cédula">6212855.00000000000</SimpleData>
            <SimpleData name="Nombres_y_">CEFERINA KRYPURANGI</SimpleData>
            <SimpleData name="Sexo">Mujer</SimpleData>
            <SimpleData name="Cambio_de_">NO</SimpleData>
            <SimpleData name="Titular_se">NO</SimpleData>
            <SimpleData name="ci_UNIF">6212855.00000000000</SimpleData>
            <SimpleData name="Situación">NO</SimpleData>
            <SimpleData name="Comunidad">Ind?gena</SimpleData>
            <SimpleData name="Modelo_imp">Modelo 2</SimpleData>
            <SimpleData name="Departamen">CAAGUAZU</SimpleData>
            <SimpleData name="Distrito">SAN JOAQUIN</SimpleData>
            <SimpleData name="Localidad">COM INDIG CERRO MOROTI</SimpleData>
            <SimpleData name="Teléfono">ND</SimpleData>
            <SimpleData name="Vivienda_L">-25.01729720000</SimpleData>
            <SimpleData name="Vivienda_1">-56.14248120000</SimpleData>
            <SimpleData name="Superficie">0.80000000000</SimpleData>
            <SimpleData name="Situaci_1">Pol?gono</SimpleData>
            <SimpleData name="Plantado">SI</SimpleData>
            <SimpleData name="Fecha_Plan">2025/10/08</SimpleData>
            <SimpleData name="Jornales">0.00000000000</SimpleData>
            <SimpleData name="Monto">0.00000000000</SimpleData>
            <SimpleData name="Grupo_de_p">D-P1-XX-XX-XX</SimpleData>
            <SimpleData name="Estado_del">Activo</SimpleData>
            <SimpleData name="Empresa">Unique Wood Paraguay SA</SimpleData>
            <SimpleData name="Lote">D</SimpleData>
            <SimpleData name="Parametro">0.00000000000</SimpleData>
            <SimpleData name="Sup_SIG">0.82655138608</SimpleData>
            <SimpleData name="X">-56.14283330000</SimpleData>
            <SimpleData name="Y">-25.01619327000</SimpleData>
            <SimpleData name="cedula">6212855</SimpleData>
            <SimpleData name="Cédula_1">6212855.00000000000</SimpleData>
            <SimpleData name="Estado_d_1">Activo</SimpleData>
            <SimpleData name="OBJECTID_1">7136</SimpleData>
            <SimpleData name="Shape_Leng">415.26859930900</SimpleData>
            <SimpleData name="Shape_Area">8265.51386078000</SimpleData>
          </SchemaData>
        </ExtendedData>
        <Polygon>
          <outerBoundaryIs>
            <LinearRing>
              <coordinates>
                -56.1428041002038,-25.0168235001884,0
                -56.1431012993795,-25.0169498999462,0
                -56.1432583000819,-25.0157417001931,0
                -56.1424529006016,-25.015701399704,0
                -56.1423150002924,-25.0163682998815,0
                -56.1427567002526,-25.0164750004308,0
                -56.1428450001149,-25.0165082998592,0
                -56.1428041002038,-25.0168235001884,0
              </coordinates>
            </LinearRing>
          </outerBoundaryIs>
        </Polygon>
      </Placemark>
      <Placemark id="Lote_D.82">
        <ExtendedData>
          <SchemaData schemaUrl="#Lote_D.schema">
            <SimpleData name="Cédula">7110634.00000000000</SimpleData>
            <SimpleData name="Nombres_y_">GESSICA ROCIO GARAY RUIZ</SimpleData>
            <SimpleData name="Sexo">Mujer</SimpleData>
            <SimpleData name="Cambio_de_">NO</SimpleData>
            <SimpleData name="Titular_se">NO</SimpleData>
            <SimpleData name="ci_UNIF">7110634.00000000000</SimpleData>
            <SimpleData name="Situación">NO</SimpleData>
            <SimpleData name="Comunidad">Campesina</SimpleData>
            <SimpleData name="Modelo_imp">Modelo 1</SimpleData>
            <SimpleData name="Departamen">CAAGUAZU</SimpleData>
            <SimpleData name="Distrito">SAN JOAQUIN</SimpleData>
            <SimpleData name="Localidad">TACUAPI GUAZU</SimpleData>
            <SimpleData name="Teléfono">0983737924</SimpleData>
            <SimpleData name="Vivienda_L">-24.97814220000</SimpleData>
            <SimpleData name="Vivienda_1">-56.02560950000</SimpleData>
            <SimpleData name="Superficie">0.80000000000</SimpleData>
            <SimpleData name="Situaci_1">Pol?gono</SimpleData>
            <SimpleData name="Plantado">SI</SimpleData>
            <SimpleData name="Fecha_Plan">2025/10/01</SimpleData>
            <SimpleData name="Jornales">0.00000000000</SimpleData>
            <SimpleData name="Monto">0.00000000000</SimpleData>
            <SimpleData name="Grupo_de_p">D-P1-XX-XX-XX</SimpleData>
            <SimpleData name="Estado_del">Activo</SimpleData>
            <SimpleData name="Empresa">Unique Wood Paraguay SA</SimpleData>
            <SimpleData name="Lote">D</SimpleData>
            <SimpleData name="Parametro">0.00000000000</SimpleData>
            <SimpleData name="Sup_SIG">0.83946607394</SimpleData>
            <SimpleData name="X">-56.02694496000</SimpleData>
            <SimpleData name="Y">-24.97863272000</SimpleData>
            <SimpleData name="cedula">7110634</SimpleData>
            <SimpleData name="Cédula_1">7110634.00000000000</SimpleData>
            <SimpleData name="Estado_d_1">Activo</SimpleData>
            <SimpleData name="OBJECTID_1">7169</SimpleData>
            <SimpleData name="Shape_Leng">367.02927022800</SimpleData>
            <SimpleData name="Shape_Area">8394.66073935000</SimpleData>
          </SchemaData>
        </ExtendedData>
        <Polygon>
          <outerBoundaryIs>
            <LinearRing>
              <coordinates>
                -56.0263755000543,-24.9789645001353,0
                -56.0273133000479,-24.9790963998831,0
                -56.0274827004594,-24.9783196000814,0
                -56.0266402005757,-24.9781318999924,0
                -56.0263755000543,-24.9789645001353,0
              </coordinates>
            </LinearRing>
          </outerBoundaryIs>
        </Polygon>
      </Placemark>
      <Placemark id="Lote_D.83">
        <ExtendedData>
          <SchemaData schemaUrl="#Lote_D.schema">
            <SimpleData name="Cédula">6598196.00000000000</SimpleData>
            <SimpleData name="Nombres_y_">BLANCA AMADA MAIDANA MERELES</SimpleData>
            <SimpleData name="Sexo">Mujer</SimpleData>
            <SimpleData name="Cambio_de_">NO</SimpleData>
            <SimpleData name="Titular_se">NO</SimpleData>
            <SimpleData name="ci_UNIF">6598196.00000000000</SimpleData>
            <SimpleData name="Situación">NO</SimpleData>
            <SimpleData name="Comunidad">Campesina</SimpleData>
            <SimpleData name="Modelo_imp">Modelo 1</SimpleData>
            <SimpleData name="Departamen">CAAGUAZU</SimpleData>
            <SimpleData name="Distrito">SAN JOAQUIN</SimpleData>
            <SimpleData name="Localidad">PIRI POTY</SimpleData>
            <SimpleData name="Teléfono">0982389423</SimpleData>
            <SimpleData name="Vivienda_L">-25.04520680000</SimpleData>
            <SimpleData name="Vivienda_1">-56.07139600000</SimpleData>
            <SimpleData name="Superficie">0.80000000000</SimpleData>
            <SimpleData name="Situaci_1">Pol?gono</SimpleData>
            <SimpleData name="Plantado">SI</SimpleData>
            <SimpleData name="Fecha_Plan">2025/10/11</SimpleData>
            <SimpleData name="Jornales">0.00000000000</SimpleData>
            <SimpleData name="Monto">0.00000000000</SimpleData>
            <SimpleData name="Grupo_de_p">D-P1-XX-XX-XX</SimpleData>
            <SimpleData name="Estado_del">Activo</SimpleData>
            <SimpleData name="Empresa">Unique Wood Paraguay SA</SimpleData>
            <SimpleData name="Lote">D</SimpleData>
            <SimpleData name="Parametro">0.00000000000</SimpleData>
            <SimpleData name="Sup_SIG">0.88923790783</SimpleData>
            <SimpleData name="X">-56.07172848000</SimpleData>
            <SimpleData name="Y">-25.04446141000</SimpleData>
            <SimpleData name="cedula">6598196</SimpleData>
            <SimpleData name="Cédula_1">6598196.00000000000</SimpleData>
            <SimpleData name="Estado_d_1">Activo</SimpleData>
            <SimpleData name="OBJECTID_1">5733</SimpleData>
            <SimpleData name="Shape_Leng">528.01061522300</SimpleData>
            <SimpleData name="Shape_Area">8892.37907826000</SimpleData>
          </SchemaData>
        </ExtendedData>
        <Polygon>
          <outerBoundaryIs>
            <LinearRing>
              <coordinates>
                -56.0710754998373,-25.0440894000823,0
                -56.0709331996015,-25.0446838001676,0
                -56.071382500254,-25.044733499953,0
                -56.0713943004947,-25.0447865001362,0
                -56.0719264998788,-25.0448524002262,0
                -56.0720204001787,-25.0444623001898,0
                -56.0729634997777,-25.0445839997592,0
                -56.07297740009,-25.0444095999228,0
                -56.0710754998373,-25.0440894000823,0
              </coordinates>
            </LinearRing>
          </outerBoundaryIs>
        </Polygon>
      </Placemark>
      <Placemark id="Lote_D.84">
        <ExtendedData>
          <SchemaData schemaUrl="#Lote_D.schema">
            <SimpleData name="Cédula">7077977.00000000000</SimpleData>
            <SimpleData name="Nombres_y_">ALICIO ESCOBAR GAUTO</SimpleData>
            <SimpleData name="Sexo">Hombre</SimpleData>
            <SimpleData name="Cambio_de_">NO</SimpleData>
            <SimpleData name="Titular_se">NO</SimpleData>
            <SimpleData name="ci_UNIF">7077977.00000000000</SimpleData>
            <SimpleData name="Situación">NO</SimpleData>
            <SimpleData name="Comunidad">Ind?gena</SimpleData>
            <SimpleData name="Modelo_imp">Modelo 5</SimpleData>
            <SimpleData name="Departamen">CAAGUAZU</SimpleData>
            <SimpleData name="Distrito">SAN JOAQUIN</SimpleData>
            <SimpleData name="Localidad">COM INDIG SAN JORGE</SimpleData>
            <SimpleData name="Teléfono">0984954098</SimpleData>
            <SimpleData name="Vivienda_L">-25.06865600000</SimpleData>
            <SimpleData name="Vivienda_1">-56.08262140000</SimpleData>
            <SimpleData name="Superficie">0.70000000000</SimpleData>
            <SimpleData name="Situaci_1">Pol?gono</SimpleData>
            <SimpleData name="Plantado">SI</SimpleData>
            <SimpleData name="Fecha_Plan">2025/10/24</SimpleData>
            <SimpleData name="Jornales">0.00000000000</SimpleData>
            <SimpleData name="Monto">0.00000000000</SimpleData>
            <SimpleData name="Grupo_de_p">D-P1-XX-XX-XX</SimpleData>
            <SimpleData name="Estado_del">Activo</SimpleData>
            <SimpleData name="Empresa">Unique Wood Paraguay SA</SimpleData>
            <SimpleData name="Lote">D</SimpleData>
            <SimpleData name="Parametro">0.00000000000</SimpleData>
            <SimpleData name="Sup_SIG">0.75011522860</SimpleData>
            <SimpleData name="X">-56.08527732000</SimpleData>
            <SimpleData name="Y">-25.06872953000</SimpleData>
            <SimpleData name="cedula">7077977</SimpleData>
            <SimpleData name="Cédula_1">7077977.00000000000</SimpleData>
            <SimpleData name="Estado_d_1">Activo</SimpleData>
            <SimpleData name="OBJECTID_1">7137</SimpleData>
            <SimpleData name="Shape_Leng">559.15258061600</SimpleData>
            <SimpleData name="Shape_Area">7501.15228600000</SimpleData>
          </SchemaData>
        </ExtendedData>
        <MultiGeometry>
          <Polygon>
            <outerBoundaryIs>
              <LinearRing>
                <coordinates>
                  -56.0850817003431,-25.069088300448,0
                  -56.08567590022,-25.068911900516,0
                  -56.0855282990979,-25.0684949010782,0
                  -56.0855516995834,-25.0684667010198,0
                  -56.085436498399,-25.0680913003154,0
                  -56.0852399992791,-25.0681421003884,0
                  -56.0853405995211,-25.0684090002158,0
                  -56.0848786986773,-25.0685540007818,0
                  -56.0850817003431,-25.069088300448,0
                </coordinates>
              </LinearRing>
            </outerBoundaryIs>
          </Polygon>
          <Polygon>
            <outerBoundaryIs>
              <LinearRing>
                <coordinates>
                  -56.0846486001259,-25.0678734005896,0
                  -56.0854602998389,-25.0676713011147,0
                  -56.0853541054035,-25.0673932876498,0
                  -56.0853433005239,-25.0673650005925,0
                  -56.0853190331885,-25.067372575572,0
                  -56.084542099244,-25.0676151004783,0
                  -56.0846486001259,-25.0678734005896,0
                </coordinates>
              </LinearRing>
            </outerBoundaryIs>
          </Polygon>
        </MultiGeometry>
      </Placemark>
      <Placemark id="Lote_D.85">
        <ExtendedData>
          <SchemaData schemaUrl="#Lote_D.schema">
            <SimpleData name="Cédula">2568301.00000000000</SimpleData>
            <SimpleData name="Nombres_y_">ALICIA BENITEZ GIMENEZ</SimpleData>
            <SimpleData name="Sexo">Mujer</SimpleData>
            <SimpleData name="Cambio_de_">NO</SimpleData>
            <SimpleData name="Titular_se">NO</SimpleData>
            <SimpleData name="ci_UNIF">2568301.00000000000</SimpleData>
            <SimpleData name="Situación">NO</SimpleData>
            <SimpleData name="Comunidad">Campesina</SimpleData>
            <SimpleData name="Modelo_imp">Modelo 5</SimpleData>
            <SimpleData name="Departamen">CAAGUAZU</SimpleData>
            <SimpleData name="Distrito">SAN JOAQUIN</SimpleData>
            <SimpleData name="Localidad">VIRGEN DEL CARMEN</SimpleData>
            <SimpleData name="Teléfono">0982064294</SimpleData>
            <SimpleData name="Vivienda_L">-25.05238040000</SimpleData>
            <SimpleData name="Vivienda_1">-56.10894850000</SimpleData>
            <SimpleData name="Superficie">0.70000000000</SimpleData>
            <SimpleData name="Situaci_1">Pol?gono</SimpleData>
            <SimpleData name="Plantado">SI</SimpleData>
            <SimpleData name="Fecha_Plan">2025/10/30</SimpleData>
            <SimpleData name="Jornales">0.00000000000</SimpleData>
            <SimpleData name="Monto">0.00000000000</SimpleData>
            <SimpleData name="Grupo_de_p">D-P1-XX-XX-XX</SimpleData>
            <SimpleData name="Estado_del">Activo</SimpleData>
            <SimpleData name="Empresa">Unique Wood Paraguay SA</SimpleData>
            <SimpleData name="Lote">D</SimpleData>
            <SimpleData name="Parametro">0.00000000000</SimpleData>
            <SimpleData name="Sup_SIG">0.71212473277</SimpleData>
            <SimpleData name="X">-56.10933140000</SimpleData>
            <SimpleData name="Y">-25.04841964000</SimpleData>
            <SimpleData name="cedula">2568301</SimpleData>
            <SimpleData name="Cédula_1">2568301.00000000000</SimpleData>
            <SimpleData name="Estado_d_1">Activo</SimpleData>
            <SimpleData name="OBJECTID_1">5748</SimpleData>
            <SimpleData name="Shape_Leng">370.71790783200</SimpleData>
            <SimpleData name="Shape_Area">7121.24732768000</SimpleData>
          </SchemaData>
        </ExtendedData>
        <Polygon>
          <outerBoundaryIs>
            <LinearRing>
              <coordinates>
                -56.1089932995395,-25.0489082999409,0
                -56.1094899993829,-25.0491032994062,0
                -56.1096917998712,-25.0478790004098,0
                -56.1091224003174,-25.0478197999567,0
                -56.1089932995395,-25.0489082999409,0
              </coordinates>
            </LinearRing>
          </outerBoundaryIs>
        </Polygon>
      </Placemark>
      <Placemark id="Lote_D.86">
        <ExtendedData>
          <SchemaData schemaUrl="#Lote_D.schema">
            <SimpleData name="Cédula">4666567.00000000000</SimpleData>
            <SimpleData name="Nombres_y_">ALICIA  MARTINEZ</SimpleData>
            <SimpleData name="Sexo">Mujer</SimpleData>
            <SimpleData name="Cambio_de_">NO</SimpleData>
            <SimpleData name="Titular_se">NO</SimpleData>
            <SimpleData name="ci_UNIF">4666567.00000000000</SimpleData>
            <SimpleData name="Situación">NO</SimpleData>
            <SimpleData name="Comunidad">Campesina</SimpleData>
            <SimpleData name="Modelo_imp">Modelo 1</SimpleData>
            <SimpleData name="Departamen">CAAGUAZU</SimpleData>
            <SimpleData name="Distrito">YH?</SimpleData>
            <SimpleData name="Localidad">JUKERI</SimpleData>
            <SimpleData name="Teléfono">981494770</SimpleData>
            <SimpleData name="Vivienda_L">-25.14853500000</SimpleData>
            <SimpleData name="Vivienda_1">-55.91758830000</SimpleData>
            <SimpleData name="Superficie">0.80000000000</SimpleData>
            <SimpleData name="Situaci_1">Pol?gono</SimpleData>
            <SimpleData name="Plantado">SI</SimpleData>
            <SimpleData name="Fecha_Plan">2025/10/24</SimpleData>
            <SimpleData name="Jornales">0.00000000000</SimpleData>
            <SimpleData name="Monto">0.00000000000</SimpleData>
            <SimpleData name="Grupo_de_p">D-P1-XX-XX-XX</SimpleData>
            <SimpleData name="Estado_del">Activo</SimpleData>
            <SimpleData name="Empresa">Unique Wood Paraguay SA</SimpleData>
            <SimpleData name="Lote">D</SimpleData>
            <SimpleData name="Parametro">0.00000000000</SimpleData>
            <SimpleData name="Sup_SIG">0.85098371382</SimpleData>
            <SimpleData name="X">-55.91099548000</SimpleData>
            <SimpleData name="Y">-25.14448006000</SimpleData>
            <SimpleData name="cedula">4666567</SimpleData>
            <SimpleData name="Cédula_1">4666567.00000000000</SimpleData>
            <SimpleData name="Estado_d_1">Activo</SimpleData>
            <SimpleData name="OBJECTID_1">6343</SimpleData>
            <SimpleData name="Shape_Leng">369.28230909200</SimpleData>
            <SimpleData name="Shape_Area">8509.83713819000</SimpleData>
          </SchemaData>
        </ExtendedData>
        <Polygon>
          <outerBoundaryIs>
            <LinearRing>
              <coordinates>
                -55.9105076002088,-25.1448720996652,0
                -55.911428499398,-25.1449316002575,0
                -55.9114467001325,-25.1440569998782,0
                -55.9105868999367,-25.1440386998234,0
                -55.9105076002088,-25.1448720996652,0
              </coordinates>
            </LinearRing>
          </outerBoundaryIs>
        </Polygon>
      </Placemark>
      <Placemark id="Lote_D.87">
        <ExtendedData>
          <SchemaData schemaUrl="#Lote_D.schema">
            <SimpleData name="Cédula">2459590.00000000000</SimpleData>
            <SimpleData name="Nombres_y_">JUANA BAUTISTA MEZA ACOSTA</SimpleData>
            <SimpleData name="Sexo">Mujer</SimpleData>
            <SimpleData name="Cambio_de_">NO</SimpleData>
            <SimpleData name="Titular_se">NO</SimpleData>
            <SimpleData name="ci_UNIF">2459590.00000000000</SimpleData>
            <SimpleData name="Situación">NO</SimpleData>
            <SimpleData name="Comunidad">Campesina</SimpleData>
            <SimpleData name="Modelo_imp">Modelo 2</SimpleData>
            <SimpleData name="Departamen">CAAGUAZU</SimpleData>
            <SimpleData name="Distrito">SAN JOAQUIN</SimpleData>
            <SimpleData name="Localidad">JUAN SINFORIANO BOGARIN</SimpleData>
            <SimpleData name="Teléfono">0981317509</SimpleData>
            <SimpleData name="Vivienda_L">-25.11427450000</SimpleData>
            <SimpleData name="Vivienda_1">-56.05022870000</SimpleData>
            <SimpleData name="Superficie">0.80000000000</SimpleData>
            <SimpleData name="Situaci_1">Pol?gono</SimpleData>
            <SimpleData name="Plantado">SI</SimpleData>
            <SimpleData name="Fecha_Plan">2025/10/02</SimpleData>
            <SimpleData name="Jornales">0.00000000000</SimpleData>
            <SimpleData name="Monto">0.00000000000</SimpleData>
            <SimpleData name="Grupo_de_p">D-P1-XX-XX-XX</SimpleData>
            <SimpleData name="Estado_del">Activo</SimpleData>
            <SimpleData name="Empresa">Unique Wood Paraguay SA</SimpleData>
            <SimpleData name="Lote">D</SimpleData>
            <SimpleData name="Parametro">0.00000000000</SimpleData>
            <SimpleData name="Sup_SIG">1.12766919880</SimpleData>
            <SimpleData name="X">-56.07469358000</SimpleData>
            <SimpleData name="Y">-25.09960959000</SimpleData>
            <SimpleData name="cedula">2459590</SimpleData>
            <SimpleData name="Cédula_1">2459590.00000000000</SimpleData>
            <SimpleData name="Estado_d_1">Activo</SimpleData>
            <SimpleData name="OBJECTID_1">5730</SimpleData>
            <SimpleData name="Shape_Leng">746.14484271100</SimpleData>
            <SimpleData name="Shape_Area">11276.69198800000</SimpleData>
          </SchemaData>
        </ExtendedData>
        <MultiGeometry>
          <Polygon>
            <outerBoundaryIs>
              <LinearRing>
                <coordinates>
                  -56.0755132997446,-25.1001467002584,0
                  -56.0761282999734,-25.0998216998012,0
                  -56.0759800002751,-25.0996083004674,0
                  -56.0754033002569,-25.0999200000959,0
                  -56.0755132997446,-25.1001467002584,0
                </coordinates>
              </LinearRing>
            </outerBoundaryIs>
          </Polygon>
          <Polygon>
            <outerBoundaryIs>
              <LinearRing>
                <coordinates>
                  -56.075145000256,-25.0995983002516,0
                  -56.0743979997229,-25.0991093998723,0
                  -56.0736185000027,-25.0994692004154,0
                  -56.073956999648,-25.1000148001505,0
                  -56.075145000256,-25.0995983002516,0
                </coordinates>
              </LinearRing>
            </outerBoundaryIs>
          </Polygon>
          <Polygon>
            <outerBoundaryIs>
              <LinearRing>
                <coordinates>
                  -56.0758435995942,-25.0994584999783,0
                  -56.0757668998951,-25.0993241003759,0
                  -56.0751831003938,-25.0995722003001,0
                  -56.0752633004734,-25.0997683001729,0
                  -56.0758435995942,-25.0994584999783,0
                </coordinates>
              </LinearRing>
            </outerBoundaryIs>
          </Polygon>
        </MultiGeometry>
      </Placemark>
      <Placemark id="Lote_D.88">
        <ExtendedData>
          <SchemaData schemaUrl="#Lote_D.schema">
            <SimpleData name="Cédula">6738105.00000000000</SimpleData>
            <SimpleData name="Nombres_y_">ROGELIA PYVUGI</SimpleData>
            <SimpleData name="Sexo">Mujer</SimpleData>
            <SimpleData name="Cambio_de_">NO</SimpleData>
            <SimpleData name="Titular_se">NO</SimpleData>
            <SimpleData name="ci_UNIF">6738105.00000000000</SimpleData>
            <SimpleData name="Situación">NO</SimpleData>
            <SimpleData name="Comunidad">Ind?gena</SimpleData>
            <SimpleData name="Modelo_imp">Modelo 2</SimpleData>
            <SimpleData name="Departamen">CAAGUAZU</SimpleData>
            <SimpleData name="Distrito">SAN JOAQUIN</SimpleData>
            <SimpleData name="Localidad">COM INDIG CERRO MOROTI</SimpleData>
            <SimpleData name="Teléfono">0983833063</SimpleData>
            <SimpleData name="Vivienda_L">-25.01615890000</SimpleData>
            <SimpleData name="Vivienda_1">-56.13975620000</SimpleData>
            <SimpleData name="Superficie">0.80000000000</SimpleData>
            <SimpleData name="Situaci_1">Pol?gono</SimpleData>
            <SimpleData name="Plantado">SI</SimpleData>
            <SimpleData name="Fecha_Plan">2025/09/23</SimpleData>
            <SimpleData name="Jornales">0.00000000000</SimpleData>
            <SimpleData name="Monto">0.00000000000</SimpleData>
            <SimpleData name="Grupo_de_p">D-P1-XX-XX-XX</SimpleData>
            <SimpleData name="Estado_del">Activo</SimpleData>
            <SimpleData name="Empresa">Unique Wood Paraguay SA</SimpleData>
            <SimpleData name="Lote">D</SimpleData>
            <SimpleData name="Parametro">0.00000000000</SimpleData>
            <SimpleData name="Sup_SIG">0.86305950997</SimpleData>
            <SimpleData name="X">-56.14037013000</SimpleData>
            <SimpleData name="Y">-25.01494902000</SimpleData>
            <SimpleData name="cedula">6738105</SimpleData>
            <SimpleData name="Cédula_1">6738105.00000000000</SimpleData>
            <SimpleData name="Estado_d_1">Activo</SimpleData>
            <SimpleData name="OBJECTID_1">7140</SimpleData>
            <SimpleData name="Shape_Leng">411.01647372700</SimpleData>
            <SimpleData name="Shape_Area">8630.59509974000</SimpleData>
          </SchemaData>
        </ExtendedData>
        <Polygon>
          <outerBoundaryIs>
            <LinearRing>
              <coordinates>
                -56.1410195100979,-25.0154115898043,0
                -56.1410218001023,-25.0154121999444,0
                -56.1411013002002,-25.0149109003099,0
                -56.1410919035864,-25.0149077151845,0
                -56.1397220999094,-25.0144435994072,0
                -56.1397105998315,-25.0150629995308,0
                -56.1410195100979,-25.0154115898043,0
              </coordinates>
            </LinearRing>
          </outerBoundaryIs>
        </Polygon>
      </Placemark>
      <Placemark id="Lote_D.89">
        <ExtendedData>
          <SchemaData schemaUrl="#Lote_D.schema">
            <SimpleData name="Cédula">7940551.00000000000</SimpleData>
            <SimpleData name="Nombres_y_">MARIA ESCOBAR GAUTO</SimpleData>
            <SimpleData name="Sexo">Mujer</SimpleData>
            <SimpleData name="Cambio_de_">NO</SimpleData>
            <SimpleData name="Titular_se">NO</SimpleData>
            <SimpleData name="ci_UNIF">7940551.00000000000</SimpleData>
            <SimpleData name="Situación">NO</SimpleData>
            <SimpleData name="Comunidad">Ind?gena</SimpleData>
            <SimpleData name="Modelo_imp">Modelo 1</SimpleData>
            <SimpleData name="Departamen">CAAGUAZU</SimpleData>
            <SimpleData name="Distrito">SAN JOAQUIN</SimpleData>
            <SimpleData name="Localidad">COM INDIG SAN JORGE</SimpleData>
            <SimpleData name="Teléfono">0982622261</SimpleData>
            <SimpleData name="Vivienda_L">-25.06837770000</SimpleData>
            <SimpleData name="Vivienda_1">-56.08355060000</SimpleData>
            <SimpleData name="Superficie">0.80000000000</SimpleData>
            <SimpleData name="Situaci_1">Par?metro</SimpleData>
            <SimpleData name="Plantado">SI</SimpleData>
            <SimpleData name="Fecha_Plan">2025/10/01</SimpleData>
            <SimpleData name="Jornales">0.00000000000</SimpleData>
            <SimpleData name="Monto">0.00000000000</SimpleData>
            <SimpleData name="Grupo_de_p">D-P2-XX-XX-XX</SimpleData>
            <SimpleData name="Estado_del">Activo</SimpleData>
            <SimpleData name="Empresa">Unique Wood Paraguay SA</SimpleData>
            <SimpleData name="Lote">D</SimpleData>
            <SimpleData name="Parametro">0.00000000000</SimpleData>
            <SimpleData name="Sup_SIG">0.80531151498</SimpleData>
            <SimpleData name="X">-56.08327935000</SimpleData>
            <SimpleData name="Y">-25.06746703000</SimpleData>
            <SimpleData name="cedula">7940551</SimpleData>
            <SimpleData name="Cédula_1">7940551.00000000000</SimpleData>
            <SimpleData name="Estado_d_1">Activo</SimpleData>
            <SimpleData name="OBJECTID_1">8719</SimpleData>
            <SimpleData name="Shape_Leng">359.31385650900</SimpleData>
            <SimpleData name="Shape_Area">8053.11514976000</SimpleData>
          </SchemaData>
        </ExtendedData>
        <Polygon>
          <outerBoundaryIs>
            <LinearRing>
              <coordinates>
                -56.08270250026,-25.067205099929,0
                -56.082989899691,-25.0679673003555,0
                -56.0838695002292,-25.067706899826,0
                -56.0835615004889,-25.0669774999611,0
                -56.08270250026,-25.067205099929,0
              </coordinates>
            </LinearRing>
          </outerBoundaryIs>
        </Polygon>
      </Placemark>
      <Placemark id="Lote_D.90">
        <ExtendedData>
          <SchemaData schemaUrl="#Lote_D.schema">
            <SimpleData name="Cédula">6902533.00000000000</SimpleData>
            <SimpleData name="Nombres_y_">LIZA KRYGI MARTINEZ AYALA</SimpleData>
            <SimpleData name="Sexo">Mujer</SimpleData>
            <SimpleData name="Cambio_de_">NO</SimpleData>
            <SimpleData name="Titular_se">NO</SimpleData>
            <SimpleData name="ci_UNIF">6902533.00000000000</SimpleData>
            <SimpleData name="Situación">NO</SimpleData>
            <SimpleData name="Comunidad">Ind?gena</SimpleData>
            <SimpleData name="Modelo_imp">Modelo 2</SimpleData>
            <SimpleData name="Departamen">CAAGUAZU</SimpleData>
            <SimpleData name="Distrito">SAN JOAQUIN</SimpleData>
            <SimpleData name="Localidad">COM INDIG CERRO MOROTI</SimpleData>
            <SimpleData name="Teléfono">ND</SimpleData>
            <SimpleData name="Vivienda_L">-25.01596280000</SimpleData>
            <SimpleData name="Vivienda_1">-56.13934300000</SimpleData>
            <SimpleData name="Superficie">0.80000000000</SimpleData>
            <SimpleData name="Situaci_1">Pol?gono</SimpleData>
            <SimpleData name="Plantado">SI</SimpleData>
            <SimpleData name="Fecha_Plan">2025/09/23</SimpleData>
            <SimpleData name="Jornales">0.00000000000</SimpleData>
            <SimpleData name="Monto">0.00000000000</SimpleData>
            <SimpleData name="Grupo_de_p">D-P2-XX-XX-XX</SimpleData>
            <SimpleData name="Estado_del">Activo</SimpleData>
            <SimpleData name="Empresa">Unique Wood Paraguay SA</SimpleData>
            <SimpleData name="Lote">D</SimpleData>
            <SimpleData name="Parametro">0.00000000000</SimpleData>
            <SimpleData name="Sup_SIG">0.84692431205</SimpleData>
            <SimpleData name="X">-56.14038337000</SimpleData>
            <SimpleData name="Y">-25.01437097000</SimpleData>
            <SimpleData name="cedula">6902533</SimpleData>
            <SimpleData name="Cédula_1">6902533.00000000000</SimpleData>
            <SimpleData name="Estado_d_1">Activo</SimpleData>
            <SimpleData name="OBJECTID_1">8717</SimpleData>
            <SimpleData name="Shape_Leng">423.33019733600</SimpleData>
            <SimpleData name="Shape_Area">8469.24312045000</SimpleData>
          </SchemaData>
        </ExtendedData>
        <Polygon>
          <outerBoundaryIs>
            <LinearRing>
              <coordinates>
                -56.1406109190008,-25.0141961240667,0
                -56.1397268573428,-25.0138271149726,0
                -56.1397157999479,-25.0138224996691,0
                -56.1397071999754,-25.0144312002278,0
                -56.1410884996714,-25.0148638004668,0
                -56.1411492000365,-25.0144208000039,0
                -56.1406109190008,-25.0141961240667,0
              </coordinates>
            </LinearRing>
          </outerBoundaryIs>
        </Polygon>
      </Placemark>
      <Placemark id="Lote_D.91">
        <ExtendedData>
          <SchemaData schemaUrl="#Lote_D.schema">
            <SimpleData name="Cédula">6666005.00000000000</SimpleData>
            <SimpleData name="Nombres_y_">ALEXI  AMARILLA ROMAN</SimpleData>
            <SimpleData name="Sexo">Hombre</SimpleData>
            <SimpleData name="Cambio_de_">NO</SimpleData>
            <SimpleData name="Titular_se">NO</SimpleData>
            <SimpleData name="ci_UNIF">6666005.00000000000</SimpleData>
            <SimpleData name="Situación">NO</SimpleData>
            <SimpleData name="Comunidad">Campesina</SimpleData>
            <SimpleData name="Modelo_imp">Modelo 5</SimpleData>
            <SimpleData name="Departamen">CAAGUAZU</SimpleData>
            <SimpleData name="Distrito">CARAYAO</SimpleData>
            <SimpleData name="Localidad"><![CDATA[PARA'I]]></SimpleData>
            <SimpleData name="Teléfono">975353127</SimpleData>
            <SimpleData name="Vivienda_L">-25.17771330000</SimpleData>
            <SimpleData name="Vivienda_1">-56.23957580000</SimpleData>
            <SimpleData name="Superficie">0.70000000000</SimpleData>
            <SimpleData name="Situaci_1">Pol?gono</SimpleData>
            <SimpleData name="Plantado">SI</SimpleData>
            <SimpleData name="Fecha_Plan">2025/11/22</SimpleData>
            <SimpleData name="Jornales">0.00000000000</SimpleData>
            <SimpleData name="Monto">0.00000000000</SimpleData>
            <SimpleData name="Grupo_de_p">D-P1-XX-XX-XX</SimpleData>
            <SimpleData name="Estado_del">Activo</SimpleData>
            <SimpleData name="Empresa">Unique Wood Paraguay SA</SimpleData>
            <SimpleData name="Lote">D</SimpleData>
            <SimpleData name="Parametro">0.00000000000</SimpleData>
            <SimpleData name="Sup_SIG">0.85785059346</SimpleData>
            <SimpleData name="X">-56.23852387000</SimpleData>
            <SimpleData name="Y">-25.17727698000</SimpleData>
            <SimpleData name="cedula">6666005</SimpleData>
            <SimpleData name="Cédula_1">6666005.00000000000</SimpleData>
            <SimpleData name="Estado_d_1">Activo</SimpleData>
            <SimpleData name="OBJECTID_1">7354</SimpleData>
            <SimpleData name="Shape_Leng">551.00649635700</SimpleData>
            <SimpleData name="Shape_Area">8578.50593463000</SimpleData>
          </SchemaData>
        </ExtendedData>
        <Polygon>
          <outerBoundaryIs>
            <LinearRing>
              <coordinates>
                -56.2373300002634,-25.1771277000735,0
                -56.2373507000157,-25.1774147004603,0
                -56.2391067001981,-25.1774933001383,0
                -56.2391383000972,-25.1773832993787,0
                -56.2397217005738,-25.1773912995359,0
                -56.2396912993319,-25.1770979996219,0
                -56.2373300002634,-25.1771277000735,0
              </coordinates>
            </LinearRing>
          </outerBoundaryIs>
        </Polygon>
      </Placemark>
      <Placemark id="Lote_D.92">
        <ExtendedData>
          <SchemaData schemaUrl="#Lote_D.schema">
            <SimpleData name="Cédula">4128098.00000000000</SimpleData>
            <SimpleData name="Nombres_y_">MARIA FELICIA GODOY</SimpleData>
            <SimpleData name="Sexo">Mujer</SimpleData>
            <SimpleData name="Cambio_de_">NO</SimpleData>
            <SimpleData name="Titular_se">NO</SimpleData>
            <SimpleData name="ci_UNIF">4128098.00000000000</SimpleData>
            <SimpleData name="Situación">NO</SimpleData>
            <SimpleData name="Comunidad">Campesina</SimpleData>
            <SimpleData name="Modelo_imp">Modelo 4</SimpleData>
            <SimpleData name="Departamen">CAAGUAZU</SimpleData>
            <SimpleData name="Distrito">SAN JOAQUIN</SimpleData>
            <SimpleData name="Localidad">?UAI</SimpleData>
            <SimpleData name="Teléfono">0982807439</SimpleData>
            <SimpleData name="Vivienda_L">-25.01043780000</SimpleData>
            <SimpleData name="Vivienda_1">-56.09418130000</SimpleData>
            <SimpleData name="Superficie">0.70000000000</SimpleData>
            <SimpleData name="Situaci_1">Pol?gono</SimpleData>
            <SimpleData name="Plantado">SI</SimpleData>
            <SimpleData name="Fecha_Plan">2025/11/26</SimpleData>
            <SimpleData name="Jornales">0.00000000000</SimpleData>
            <SimpleData name="Monto">0.00000000000</SimpleData>
            <SimpleData name="Grupo_de_p">D-P1-XX-XX-XX</SimpleData>
            <SimpleData name="Estado_del">Activo</SimpleData>
            <SimpleData name="Empresa">Unique Wood Paraguay SA</SimpleData>
            <SimpleData name="Lote">D</SimpleData>
            <SimpleData name="Parametro">0.00000000000</SimpleData>
            <SimpleData name="Sup_SIG">0.75519049825</SimpleData>
            <SimpleData name="X">-56.09461294000</SimpleData>
            <SimpleData name="Y">-25.00703291000</SimpleData>
            <SimpleData name="cedula">4128098</SimpleData>
            <SimpleData name="Cédula_1">4128098.00000000000</SimpleData>
            <SimpleData name="Estado_d_1">Activo</SimpleData>
            <SimpleData name="OBJECTID_1">7178</SimpleData>
            <SimpleData name="Shape_Leng">360.63072008200</SimpleData>
            <SimpleData name="Shape_Area">7551.90498252000</SimpleData>
          </SchemaData>
        </ExtendedData>
        <Polygon>
          <outerBoundaryIs>
            <LinearRing>
              <coordinates>
                -56.0941597004527,-25.0075152999761,0
                -56.0948216998753,-25.0075495001935,0
                -56.0950725000043,-25.0066230003845,0
                -56.0944233003,-25.0064582994974,0
                -56.0941597004527,-25.0075152999761,0
              </coordinates>
            </LinearRing>
          </outerBoundaryIs>
        </Polygon>
      </Placemark>
      <Placemark id="Lote_D.93">
        <ExtendedData>
          <SchemaData schemaUrl="#Lote_D.schema">
            <SimpleData name="Cédula">5080197.00000000000</SimpleData>
            <SimpleData name="Nombres_y_">AIDEE SIMEONA RIOS RUIZ DIAZ</SimpleData>
            <SimpleData name="Sexo">Mujer</SimpleData>
            <SimpleData name="Cambio_de_">NO</SimpleData>
            <SimpleData name="Titular_se">NO</SimpleData>
            <SimpleData name="ci_UNIF">5080197.00000000000</SimpleData>
            <SimpleData name="Situación">NO</SimpleData>
            <SimpleData name="Comunidad">Campesina</SimpleData>
            <SimpleData name="Modelo_imp">Modelo 2</SimpleData>
            <SimpleData name="Departamen">CAAGUAZU</SimpleData>
            <SimpleData name="Distrito">CARAYAO</SimpleData>
            <SimpleData name="Localidad">PARA-I</SimpleData>
            <SimpleData name="Teléfono">0971460255</SimpleData>
            <SimpleData name="Vivienda_L">-25.17867140000</SimpleData>
            <SimpleData name="Vivienda_1">-56.24325210000</SimpleData>
            <SimpleData name="Superficie">0.80000000000</SimpleData>
            <SimpleData name="Situaci_1">Pol?gono</SimpleData>
            <SimpleData name="Plantado">SI</SimpleData>
            <SimpleData name="Fecha_Plan">2025/11/22</SimpleData>
            <SimpleData name="Jornales">0.00000000000</SimpleData>
            <SimpleData name="Monto">0.00000000000</SimpleData>
            <SimpleData name="Grupo_de_p">D-P1-XX-XX-XX</SimpleData>
            <SimpleData name="Estado_del">Activo</SimpleData>
            <SimpleData name="Empresa">Unique Wood Paraguay SA</SimpleData>
            <SimpleData name="Lote">D</SimpleData>
            <SimpleData name="Parametro">0.00000000000</SimpleData>
            <SimpleData name="Sup_SIG">0.80365252123</SimpleData>
            <SimpleData name="X">-56.24338599000</SimpleData>
            <SimpleData name="Y">-25.17420862000</SimpleData>
            <SimpleData name="cedula">5080197</SimpleData>
            <SimpleData name="Cédula_1">5080197.00000000000</SimpleData>
            <SimpleData name="Estado_d_1">Activo</SimpleData>
            <SimpleData name="OBJECTID_1">7177</SimpleData>
            <SimpleData name="Shape_Leng">380.81949160000</SimpleData>
            <SimpleData name="Shape_Area">8036.52521230000</SimpleData>
          </SchemaData>
        </ExtendedData>
        <Polygon>
          <outerBoundaryIs>
            <LinearRing>
              <coordinates>
                -56.243074700384,-25.174783599817,0
                -56.2436825000309,-25.1747933000725,0
                -56.2437131999942,-25.1736246004632,0
                -56.2430657993415,-25.1736569998051,0
                -56.243074700384,-25.174783599817,0
              </coordinates>
            </LinearRing>
          </outerBoundaryIs>
        </Polygon>
      </Placemark>
      <Placemark id="Lote_D.94">
        <ExtendedData>
          <SchemaData schemaUrl="#Lote_D.schema">
            <SimpleData name="Cédula">6212860.00000000000</SimpleData>
            <SimpleData name="Nombres_y_">HIGINIA ROKOGI DUARTE</SimpleData>
            <SimpleData name="Sexo">Mujer</SimpleData>
            <SimpleData name="Cambio_de_">NO</SimpleData>
            <SimpleData name="Titular_se">NO</SimpleData>
            <SimpleData name="ci_UNIF">6212860.00000000000</SimpleData>
            <SimpleData name="Situación">NO</SimpleData>
            <SimpleData name="Comunidad">Ind?gena</SimpleData>
            <SimpleData name="Modelo_imp">Modelo 2</SimpleData>
            <SimpleData name="Departamen">CAAGUAZU</SimpleData>
            <SimpleData name="Distrito">SAN JOAQUIN</SimpleData>
            <SimpleData name="Localidad">COM INDIG CERRO MOROTI</SimpleData>
            <SimpleData name="Teléfono">0984247251</SimpleData>
            <SimpleData name="Vivienda_L">-25.01655790000</SimpleData>
            <SimpleData name="Vivienda_1">-56.14060790000</SimpleData>
            <SimpleData name="Superficie">0.80000000000</SimpleData>
            <SimpleData name="Situaci_1">Pol?gono</SimpleData>
            <SimpleData name="Plantado">SI</SimpleData>
            <SimpleData name="Fecha_Plan">2025/09/23</SimpleData>
            <SimpleData name="Jornales">0.00000000000</SimpleData>
            <SimpleData name="Monto">0.00000000000</SimpleData>
            <SimpleData name="Grupo_de_p">D-P1-XX-XX-XX</SimpleData>
            <SimpleData name="Estado_del">Activo</SimpleData>
            <SimpleData name="Empresa">Unique Wood Paraguay SA</SimpleData>
            <SimpleData name="Lote">D</SimpleData>
            <SimpleData name="Parametro">0.00000000000</SimpleData>
            <SimpleData name="Sup_SIG">0.89107437845</SimpleData>
            <SimpleData name="X">-56.14036820000</SimpleData>
            <SimpleData name="Y">-25.01555653000</SimpleData>
            <SimpleData name="cedula">6212860</SimpleData>
            <SimpleData name="Cédula_1">6212860.00000000000</SimpleData>
            <SimpleData name="Estado_d_1">Activo</SimpleData>
            <SimpleData name="OBJECTID_1">7139</SimpleData>
            <SimpleData name="Shape_Leng">408.07802950200</SimpleData>
            <SimpleData name="Shape_Area">8910.74378451000</SimpleData>
          </SchemaData>
        </ExtendedData>
        <Polygon>
          <outerBoundaryIs>
            <LinearRing>
              <coordinates>
                -56.1397097004634,-25.0156162996025,0
                -56.1408980005086,-25.0160990994318,0
                -56.1410268004612,-25.0154708001168,0
                -56.1409980999673,-25.0154643997094,0
                -56.1410166996387,-25.0154167001357,0
                -56.1397167003636,-25.0150683004627,0
                -56.1397097004634,-25.0156162996025,0
              </coordinates>
            </LinearRing>
          </outerBoundaryIs>
        </Polygon>
      </Placemark>
      <Placemark id="Lote_D.95">
        <ExtendedData>
          <SchemaData schemaUrl="#Lote_D.schema">
            <SimpleData name="Cédula">7342282.00000000000</SimpleData>
            <SimpleData name="Nombres_y_">VILMA OLMEDO VERA</SimpleData>
            <SimpleData name="Sexo">Mujer</SimpleData>
            <SimpleData name="Cambio_de_">NO</SimpleData>
            <SimpleData name="Titular_se">NO</SimpleData>
            <SimpleData name="ci_UNIF">7342282.00000000000</SimpleData>
            <SimpleData name="Situación">NO</SimpleData>
            <SimpleData name="Comunidad">Ind?gena</SimpleData>
            <SimpleData name="Modelo_imp">Modelo 2</SimpleData>
            <SimpleData name="Departamen">CAAGUAZU</SimpleData>
            <SimpleData name="Distrito">YH?</SimpleData>
            <SimpleData name="Localidad">COM INDIG AMAMBAY ARROYO GUAZU</SimpleData>
            <SimpleData name="Teléfono">ND</SimpleData>
            <SimpleData name="Vivienda_L">-24.89706860000</SimpleData>
            <SimpleData name="Vivienda_1">-55.85402670000</SimpleData>
            <SimpleData name="Superficie">0.80000000000</SimpleData>
            <SimpleData name="Situaci_1">Par?metro</SimpleData>
            <SimpleData name="Plantado">SI</SimpleData>
            <SimpleData name="Fecha_Plan">2025/10/23</SimpleData>
            <SimpleData name="Jornales">0.00000000000</SimpleData>
            <SimpleData name="Monto">0.00000000000</SimpleData>
            <SimpleData name="Grupo_de_p">D-P2-XX-XX-XX</SimpleData>
            <SimpleData name="Estado_del">Activo</SimpleData>
            <SimpleData name="Empresa">Unique Wood Paraguay SA</SimpleData>
            <SimpleData name="Lote">D</SimpleData>
            <SimpleData name="Parametro">0.00000000000</SimpleData>
            <SimpleData name="Sup_SIG">0.83396675763</SimpleData>
            <SimpleData name="X">-55.86250680000</SimpleData>
            <SimpleData name="Y">-24.90557858000</SimpleData>
            <SimpleData name="cedula">7342282</SimpleData>
            <SimpleData name="Cédula_1">7342282.00000000000</SimpleData>
            <SimpleData name="Estado_d_1">Activo</SimpleData>
            <SimpleData name="OBJECTID_1">7148</SimpleData>
            <SimpleData name="Shape_Leng">457.06765908200</SimpleData>
            <SimpleData name="Shape_Area">8339.66757632000</SimpleData>
          </SchemaData>
        </ExtendedData>
        <Polygon>
          <outerBoundaryIs>
            <LinearRing>
              <coordinates>
                -55.8631019960851,-24.9062064187468,0
                -55.8631282003249,-24.906186100399,0
                -55.8623371130344,-24.9047719469385,0
                -55.8623278003523,-24.9047553003483,0
                -55.8620837003357,-24.9048980997678,0
                -55.8621641003885,-24.9051004001778,0
                -55.8619802998859,-24.9052097000636,0
                -55.8625810999918,-24.9062906999038,0
                -55.8628483999553,-24.9061161996528,0
                -55.862909899907,-24.9061759995563,0
                -55.8630405001665,-24.9062541000308,0
                -55.8631019960851,-24.9062064187468,0
              </coordinates>
            </LinearRing>
          </outerBoundaryIs>
        </Polygon>
      </Placemark>
      <Placemark id="Lote_D.96">
        <ExtendedData>
          <SchemaData schemaUrl="#Lote_D.schema">
            <SimpleData name="Cédula">4009774.00000000000</SimpleData>
            <SimpleData name="Nombres_y_">WILMA ALMADA</SimpleData>
            <SimpleData name="Sexo">Mujer</SimpleData>
            <SimpleData name="Cambio_de_">NO</SimpleData>
            <SimpleData name="Titular_se">NO</SimpleData>
            <SimpleData name="ci_UNIF">4009774.00000000000</SimpleData>
            <SimpleData name="Situación">NO</SimpleData>
            <SimpleData name="Comunidad">Campesina</SimpleData>
            <SimpleData name="Modelo_imp">Modelo 3</SimpleData>
            <SimpleData name="Departamen">CAAGUAZU</SimpleData>
            <SimpleData name="Distrito">CARAYAO</SimpleData>
            <SimpleData name="Localidad">PARA-I</SimpleData>
            <SimpleData name="Teléfono">0975974115</SimpleData>
            <SimpleData name="Vivienda_L">-25.17404460000</SimpleData>
            <SimpleData name="Vivienda_1">-56.24219550000</SimpleData>
            <SimpleData name="Superficie">1.00000000000</SimpleData>
            <SimpleData name="Situaci_1">Pol?gono</SimpleData>
            <SimpleData name="Plantado">SI</SimpleData>
            <SimpleData name="Fecha_Plan">2025/11/22</SimpleData>
            <SimpleData name="Jornales">0.00000000000</SimpleData>
            <SimpleData name="Monto">0.00000000000</SimpleData>
            <SimpleData name="Grupo_de_p">D-P1-XX-XX-XX</SimpleData>
            <SimpleData name="Estado_del">Activo</SimpleData>
            <SimpleData name="Empresa">Unique Wood Paraguay SA</SimpleData>
            <SimpleData name="Lote">D</SimpleData>
            <SimpleData name="Parametro">0.00000000000</SimpleData>
            <SimpleData name="Sup_SIG">1.01863460569</SimpleData>
            <SimpleData name="X">-56.24263015000</SimpleData>
            <SimpleData name="Y">-25.17456075000</SimpleData>
            <SimpleData name="cedula">4009774</SimpleData>
            <SimpleData name="Cédula_1">4009774.00000000000</SimpleData>
            <SimpleData name="Estado_d_1">Activo</SimpleData>
            <SimpleData name="OBJECTID_1">7183</SimpleData>
            <SimpleData name="Shape_Leng">412.80318803300</SimpleData>
            <SimpleData name="Shape_Area">10186.34605690000</SimpleData>
          </SchemaData>
        </ExtendedData>
        <Polygon>
          <outerBoundaryIs>
            <LinearRing>
              <coordinates>
                -56.2422493000031,-25.1739834003592,0
                -56.2422049998634,-25.1751317005469,0
                -56.2430333001457,-25.1751066998141,0
                -56.2430449998034,-25.174006699429,0
                -56.2422493000031,-25.1739834003592,0
              </coordinates>
            </LinearRing>
          </outerBoundaryIs>
        </Polygon>
      </Placemark>
      <Placemark id="Lote_D.97">
        <ExtendedData>
          <SchemaData schemaUrl="#Lote_D.schema">
            <SimpleData name="Cédula">6618860.00000000000</SimpleData>
            <SimpleData name="Nombres_y_">IGNACIA FLORES MARTINEZ</SimpleData>
            <SimpleData name="Sexo">Mujer</SimpleData>
            <SimpleData name="Cambio_de_">NO</SimpleData>
            <SimpleData name="Titular_se">NO</SimpleData>
            <SimpleData name="ci_UNIF">6618860.00000000000</SimpleData>
            <SimpleData name="Situación">NO</SimpleData>
            <SimpleData name="Comunidad">Ind?gena</SimpleData>
            <SimpleData name="Modelo_imp">Modelo 4</SimpleData>
            <SimpleData name="Departamen">CAAGUAZU</SimpleData>
            <SimpleData name="Distrito">SAN JOAQUIN</SimpleData>
            <SimpleData name="Localidad">COM INDIG TEKOHA MIRI</SimpleData>
            <SimpleData name="Teléfono">0982967165</SimpleData>
            <SimpleData name="Vivienda_L">-25.10469650000</SimpleData>
            <SimpleData name="Vivienda_1">-56.01982920000</SimpleData>
            <SimpleData name="Superficie">0.70000000000</SimpleData>
            <SimpleData name="Situaci_1">Par?metro</SimpleData>
            <SimpleData name="Plantado">SI</SimpleData>
            <SimpleData name="Fecha_Plan">2025/11/25</SimpleData>
            <SimpleData name="Jornales">0.00000000000</SimpleData>
            <SimpleData name="Monto">0.00000000000</SimpleData>
            <SimpleData name="Grupo_de_p">D-P1-XX-XX-XX</SimpleData>
            <SimpleData name="Estado_del">Activo</SimpleData>
            <SimpleData name="Empresa">Unique Wood Paraguay SA</SimpleData>
            <SimpleData name="Lote">D</SimpleData>
            <SimpleData name="Parametro">0.00000000000</SimpleData>
            <SimpleData name="Sup_SIG">0.70144286201</SimpleData>
            <SimpleData name="X">-56.02089806000</SimpleData>
            <SimpleData name="Y">-25.10620908000</SimpleData>
            <SimpleData name="cedula">6618860</SimpleData>
            <SimpleData name="Cédula_1">6618860.00000000000</SimpleData>
            <SimpleData name="Estado_d_1">Activo</SimpleData>
            <SimpleData name="OBJECTID_1">7827</SimpleData>
            <SimpleData name="Shape_Leng">344.65188709000</SimpleData>
            <SimpleData name="Shape_Area">7014.42862005000</SimpleData>
          </SchemaData>
        </ExtendedData>
        <Polygon>
          <outerBoundaryIs>
            <LinearRing>
              <coordinates>
                -56.0203850004531,-25.1061166999529,0
                -56.020886799648,-25.1067700999553,0
                -56.021439800192,-25.106434499694,0
                -56.020856700438,-25.1055699996124,0
                -56.0203850004531,-25.1061166999529,0
              </coordinates>
            </LinearRing>
          </outerBoundaryIs>
        </Polygon>
      </Placemark>
      <Placemark id="Lote_D.98">
        <ExtendedData>
          <SchemaData schemaUrl="#Lote_D.schema">
            <SimpleData name="Cédula">4460812.00000000000</SimpleData>
            <SimpleData name="Nombres_y_">ISABELINO ESCOBAR SAUCEDO</SimpleData>
            <SimpleData name="Sexo">Hombre</SimpleData>
            <SimpleData name="Cambio_de_">NO</SimpleData>
            <SimpleData name="Titular_se">NO</SimpleData>
            <SimpleData name="ci_UNIF">4460812.00000000000</SimpleData>
            <SimpleData name="Situación">NO</SimpleData>
            <SimpleData name="Comunidad">Ind?gena</SimpleData>
            <SimpleData name="Modelo_imp">Modelo 2</SimpleData>
            <SimpleData name="Departamen">CAAGUAZU</SimpleData>
            <SimpleData name="Distrito">SAN JOAQUIN</SimpleData>
            <SimpleData name="Localidad">COM INDIG SAN JORGE</SimpleData>
            <SimpleData name="Teléfono">0986146033</SimpleData>
            <SimpleData name="Vivienda_L">-25.06897970000</SimpleData>
            <SimpleData name="Vivienda_1">-56.08152070000</SimpleData>
            <SimpleData name="Superficie">0.80000000000</SimpleData>
            <SimpleData name="Situaci_1">Pol?gono</SimpleData>
            <SimpleData name="Plantado">SI</SimpleData>
            <SimpleData name="Fecha_Plan">2025/09/22</SimpleData>
            <SimpleData name="Jornales">0.00000000000</SimpleData>
            <SimpleData name="Monto">0.00000000000</SimpleData>
            <SimpleData name="Grupo_de_p">D-P1-XX-XX-XX</SimpleData>
            <SimpleData name="Estado_del">Activo</SimpleData>
            <SimpleData name="Empresa">Unique Wood Paraguay SA</SimpleData>
            <SimpleData name="Lote">D</SimpleData>
            <SimpleData name="Parametro">0.00000000000</SimpleData>
            <SimpleData name="Sup_SIG">0.95133971695</SimpleData>
            <SimpleData name="X">-56.08179392000</SimpleData>
            <SimpleData name="Y">-25.06802207000</SimpleData>
            <SimpleData name="cedula">4460812</SimpleData>
            <SimpleData name="Cédula_1">4460812.00000000000</SimpleData>
            <SimpleData name="Estado_d_1">Activo</SimpleData>
            <SimpleData name="OBJECTID_1">7647</SimpleData>
            <SimpleData name="Shape_Leng">614.34868546000</SimpleData>
            <SimpleData name="Shape_Area">9513.39716954000</SimpleData>
          </SchemaData>
        </ExtendedData>
        <Polygon>
          <outerBoundaryIs>
            <LinearRing>
              <coordinates>
                -56.0817667152057,-25.0675339431392,0
                -56.0817391003598,-25.0674813001958,0
                -56.0817437879641,-25.0674796974214,0
                -56.0816402001666,-25.0672345993633,0
                -56.0813166996149,-25.0673583000208,0
                -56.0814267008687,-25.068103299926,0
                -56.0818268994122,-25.0684716998269,0
                -56.0820907001128,-25.0684373997445,0
                -56.0821997002961,-25.0686704999366,0
                -56.0832383000964,-25.0683083001508,0
                -56.0831854996459,-25.0681238000605,0
                -56.082965000069,-25.0681017001789,0
                -56.0821280995213,-25.0683890003162,0
                -56.0817667152057,-25.0675339431392,0
              </coordinates>
            </LinearRing>
          </outerBoundaryIs>
        </Polygon>
      </Placemark>
      <Placemark id="Lote_D.99">
        <ExtendedData>
          <SchemaData schemaUrl="#Lote_D.schema">
            <SimpleData name="Cédula">5451979.00000000000</SimpleData>
            <SimpleData name="Nombres_y_">ROSALBA KANEGI</SimpleData>
            <SimpleData name="Sexo">Mujer</SimpleData>
            <SimpleData name="Cambio_de_">NO</SimpleData>
            <SimpleData name="Titular_se">NO</SimpleData>
            <SimpleData name="ci_UNIF">5451979.00000000000</SimpleData>
            <SimpleData name="Situación">NO</SimpleData>
            <SimpleData name="Comunidad">Ind?gena</SimpleData>
            <SimpleData name="Modelo_imp">Modelo 6</SimpleData>
            <SimpleData name="Departamen">CAAGUAZU</SimpleData>
            <SimpleData name="Distrito">SAN JOAQUIN</SimpleData>
            <SimpleData name="Localidad">COM INDIG CERRO MOROTI</SimpleData>
            <SimpleData name="Teléfono">0981089078</SimpleData>
            <SimpleData name="Vivienda_L">-25.01209780000</SimpleData>
            <SimpleData name="Vivienda_1">-56.13911770000</SimpleData>
            <SimpleData name="Superficie">0.90000000000</SimpleData>
            <SimpleData name="Situaci_1">Pol?gono</SimpleData>
            <SimpleData name="Plantado">SI</SimpleData>
            <SimpleData name="Fecha_Plan">2025/09/23</SimpleData>
            <SimpleData name="Jornales">0.00000000000</SimpleData>
            <SimpleData name="Monto">0.00000000000</SimpleData>
            <SimpleData name="Grupo_de_p">D-P1-XX-XX-XX</SimpleData>
            <SimpleData name="Estado_del">Activo</SimpleData>
            <SimpleData name="Empresa">Unique Wood Paraguay SA</SimpleData>
            <SimpleData name="Lote">D</SimpleData>
            <SimpleData name="Parametro">0.00000000000</SimpleData>
            <SimpleData name="Sup_SIG">0.89602167260</SimpleData>
            <SimpleData name="X">-56.13861326000</SimpleData>
            <SimpleData name="Y">-25.01175963000</SimpleData>
            <SimpleData name="cedula">5451979</SimpleData>
            <SimpleData name="Cédula_1">5451979.00000000000</SimpleData>
            <SimpleData name="Estado_d_1">Activo</SimpleData>
            <SimpleData name="OBJECTID_1">5646</SimpleData>
            <SimpleData name="Shape_Leng">420.66435659200</SimpleData>
            <SimpleData name="Shape_Area">8960.21672595000</SimpleData>
          </SchemaData>
        </ExtendedData>
        <Polygon>
          <outerBoundaryIs>
            <LinearRing>
              <coordinates>
                -56.1383181993097,-25.0123507997976,0
                -56.1387867001296,-25.0124967002048,0
                -56.1387409996079,-25.0119928994466,0
                -56.1391255004794,-25.011834500067,0
                -56.1390246005379,-25.0112610992891,0
                -56.1381736007305,-25.0112573996563,0
                -56.1383181993097,-25.0123507997976,0
              </coordinates>
            </LinearRing>
          </outerBoundaryIs>
        </Polygon>
      </Placemark>
      <Placemark id="Lote_D.100">
        <ExtendedData>
          <SchemaData schemaUrl="#Lote_D.schema">
            <SimpleData name="Cédula">6591244.00000000000</SimpleData>
            <SimpleData name="Nombres_y_">DELIA  BENITEZ GONZALEZ</SimpleData>
            <SimpleData name="Sexo">Mujer</SimpleData>
            <SimpleData name="Cambio_de_">NO</SimpleData>
            <SimpleData name="Titular_se">NO</SimpleData>
            <SimpleData name="ci_UNIF">6591244.00000000000</SimpleData>
            <SimpleData name="Situación">NO</SimpleData>
            <SimpleData name="Comunidad">Campesina</SimpleData>
            <SimpleData name="Modelo_imp">Modelo 2</SimpleData>
            <SimpleData name="Departamen">CAAGUAZU</SimpleData>
            <SimpleData name="Distrito">SAN JOAQUIN</SimpleData>
            <SimpleData name="Localidad">SEGUNDA TAYI</SimpleData>
            <SimpleData name="Teléfono">0983250765</SimpleData>
            <SimpleData name="Vivienda_L">-24.98052950000</SimpleData>
            <SimpleData name="Vivienda_1">-56.04496420000</SimpleData>
            <SimpleData name="Superficie">0.80000000000</SimpleData>
            <SimpleData name="Situaci_1">Pol?gono</SimpleData>
            <SimpleData name="Plantado">SI</SimpleData>
            <SimpleData name="Fecha_Plan">2025/09/26</SimpleData>
            <SimpleData name="Jornales">0.00000000000</SimpleData>
            <SimpleData name="Monto">0.00000000000</SimpleData>
            <SimpleData name="Grupo_de_p">D-P1-XX-XX-XX</SimpleData>
            <SimpleData name="Estado_del">Activo</SimpleData>
            <SimpleData name="Empresa">Unique Wood Paraguay SA</SimpleData>
            <SimpleData name="Lote">D</SimpleData>
            <SimpleData name="Parametro">0.00000000000</SimpleData>
            <SimpleData name="Sup_SIG">0.80867810262</SimpleData>
            <SimpleData name="X">-56.04360731000</SimpleData>
            <SimpleData name="Y">-24.98018077000</SimpleData>
            <SimpleData name="cedula">6591244</SimpleData>
            <SimpleData name="Cédula_1">6591244.00000000000</SimpleData>
            <SimpleData name="Estado_d_1">Activo</SimpleData>
            <SimpleData name="OBJECTID_1">5761</SimpleData>
            <SimpleData name="Shape_Leng">464.92402942100</SimpleData>
            <SimpleData name="Shape_Area">8086.78102618000</SimpleData>
          </SchemaData>
        </ExtendedData>
        <Polygon>
          <outerBoundaryIs>
            <LinearRing>
              <coordinates>
                -56.0426800003163,-24.9801750000142,0
                -56.0445210000743,-24.9805849994413,0
                -56.0445492007542,-24.9803143002982,0
                -56.0443209999366,-24.9802328005311,0
                -56.0443506002166,-24.980130500269,0
                -56.0427849998302,-24.9797850001679,0
                -56.0426800003163,-24.9801750000142,0
              </coordinates>
            </LinearRing>
          </outerBoundaryIs>
        </Polygon>
      </Placemark>
      <Placemark id="Lote_D.101">
        <ExtendedData>
          <SchemaData schemaUrl="#Lote_D.schema">
            <SimpleData name="Cédula">1928818.00000000000</SimpleData>
            <SimpleData name="Nombres_y_">JUAN BAUTISTA GALEANO SALDIVAR</SimpleData>
            <SimpleData name="Sexo">Hombre</SimpleData>
            <SimpleData name="Cambio_de_">NO</SimpleData>
            <SimpleData name="Titular_se">NO</SimpleData>
            <SimpleData name="ci_UNIF">1928818.00000000000</SimpleData>
            <SimpleData name="Situación">NO</SimpleData>
            <SimpleData name="Comunidad">Campesina</SimpleData>
            <SimpleData name="Modelo_imp">Modelo 3</SimpleData>
            <SimpleData name="Departamen">CAAGUAZU</SimpleData>
            <SimpleData name="Distrito">SAN JOAQUIN</SimpleData>
            <SimpleData name="Localidad">SANTO DOMINGO</SimpleData>
            <SimpleData name="Teléfono">0981195491</SimpleData>
            <SimpleData name="Vivienda_L">-25.07557430000</SimpleData>
            <SimpleData name="Vivienda_1">-56.07357090000</SimpleData>
            <SimpleData name="Superficie">1.00000000000</SimpleData>
            <SimpleData name="Situaci_1">Pol?gono</SimpleData>
            <SimpleData name="Plantado">SI</SimpleData>
            <SimpleData name="Fecha_Plan">2025/10/31</SimpleData>
            <SimpleData name="Jornales">0.00000000000</SimpleData>
            <SimpleData name="Monto">0.00000000000</SimpleData>
            <SimpleData name="Grupo_de_p">D-P1-XX-XX-XX</SimpleData>
            <SimpleData name="Estado_del">Activo</SimpleData>
            <SimpleData name="Empresa">Unique Wood Paraguay SA</SimpleData>
            <SimpleData name="Lote">D</SimpleData>
            <SimpleData name="Parametro">0.00000000000</SimpleData>
            <SimpleData name="Sup_SIG">1.14154524431</SimpleData>
            <SimpleData name="X">-56.08249160000</SimpleData>
            <SimpleData name="Y">-25.09144826000</SimpleData>
            <SimpleData name="cedula">1928818</SimpleData>
            <SimpleData name="Cédula_1">1928818.00000000000</SimpleData>
            <SimpleData name="Estado_d_1">Activo</SimpleData>
            <SimpleData name="OBJECTID_1">5722</SimpleData>
            <SimpleData name="Shape_Leng">661.65650442900</SimpleData>
            <SimpleData name="Shape_Area">11415.45244310000</SimpleData>
          </SchemaData>
        </ExtendedData>
        <Polygon>
          <outerBoundaryIs>
            <LinearRing>
              <coordinates>
                -56.0823377997822,-25.0901724999226,0
                -56.0822002000795,-25.0902353001872,0
                -56.0821356002311,-25.0901911996235,0
                -56.0815094003554,-25.090347900755,0
                -56.081897899676,-25.0909866994373,0
                -56.082197899656,-25.0907868003418,0
                -56.0822896997361,-25.0906664000939,0
                -56.0824732996319,-25.0906302001643,0
                -56.0826041995686,-25.0908295998806,0
                -56.082508699976,-25.0910186000082,0
                -56.0820762991603,-25.091236899637,0
                -56.082469799934,-25.0918785001017,0
                -56.0828196004033,-25.0917353991326,0
                -56.0827108998485,-25.0904115005084,0
                -56.0825780003086,-25.0903387998852,0
                -56.0824131005758,-25.0903490001728,0
                -56.0823377997822,-25.0901724999226,0
              </coordinates>
            </LinearRing>
          </outerBoundaryIs>
        </Polygon>
      </Placemark>
      <Placemark id="Lote_D.102">
        <ExtendedData>
          <SchemaData schemaUrl="#Lote_D.schema">
            <SimpleData name="Cédula">3744397.00000000000</SimpleData>
            <SimpleData name="Nombres_y_">JUAN BAUTISTA CABRERA</SimpleData>
            <SimpleData name="Sexo">Hombre</SimpleData>
            <SimpleData name="Cambio_de_">NO</SimpleData>
            <SimpleData name="Titular_se">NO</SimpleData>
            <SimpleData name="ci_UNIF">3744397.00000000000</SimpleData>
            <SimpleData name="Situación">NO</SimpleData>
            <SimpleData name="Comunidad">Campesina</SimpleData>
            <SimpleData name="Modelo_imp">Modelo 3</SimpleData>
            <SimpleData name="Departamen">CAAGUAZU</SimpleData>
            <SimpleData name="Distrito">CARAYAO</SimpleData>
            <SimpleData name="Localidad">CALLE 14 MIL</SimpleData>
            <SimpleData name="Teléfono">0972832715</SimpleData>
            <SimpleData name="Vivienda_L">-25.18999010000</SimpleData>
            <SimpleData name="Vivienda_1">-56.22964510000</SimpleData>
            <SimpleData name="Superficie">1.00000000000</SimpleData>
            <SimpleData name="Situaci_1">Pol?gono</SimpleData>
            <SimpleData name="Plantado">SI</SimpleData>
            <SimpleData name="Fecha_Plan">2025/11/22</SimpleData>
            <SimpleData name="Jornales">0.00000000000</SimpleData>
            <SimpleData name="Monto">0.00000000000</SimpleData>
            <SimpleData name="Grupo_de_p">D-P1-XX-XX-XX</SimpleData>
            <SimpleData name="Estado_del">Activo</SimpleData>
            <SimpleData name="Empresa">Unique Wood Paraguay SA</SimpleData>
            <SimpleData name="Lote">D</SimpleData>
            <SimpleData name="Parametro">0.00000000000</SimpleData>
            <SimpleData name="Sup_SIG">1.00390446759</SimpleData>
            <SimpleData name="X">-56.22960657000</SimpleData>
            <SimpleData name="Y">-25.18600080000</SimpleData>
            <SimpleData name="cedula">3744397</SimpleData>
            <SimpleData name="Cédula_1">3744397.00000000000</SimpleData>
            <SimpleData name="Estado_d_1">Activo</SimpleData>
            <SimpleData name="OBJECTID_1">7187</SimpleData>
            <SimpleData name="Shape_Leng">480.42995385600</SimpleData>
            <SimpleData name="Shape_Area">10039.04467590000</SimpleData>
          </SchemaData>
        </ExtendedData>
        <Polygon>
          <outerBoundaryIs>
            <LinearRing>
              <coordinates>
                -56.228686500322,-25.1855865994961,0
                -56.2300561995905,-25.1868550997942,0
                -56.2300770004309,-25.1855607003934,0
                -56.228686500322,-25.1855865994961,0
              </coordinates>
            </LinearRing>
          </outerBoundaryIs>
        </Polygon>
      </Placemark>
      <Placemark id="Lote_D.103">
        <ExtendedData>
          <SchemaData schemaUrl="#Lote_D.schema">
            <SimpleData name="Cédula">2239336.00000000000</SimpleData>
            <SimpleData name="Nombres_y_">LORENZA  VERA ESCOBAR</SimpleData>
            <SimpleData name="Sexo">Mujer</SimpleData>
            <SimpleData name="Cambio_de_">NO</SimpleData>
            <SimpleData name="Titular_se">NO</SimpleData>
            <SimpleData name="ci_UNIF">2239336.00000000000</SimpleData>
            <SimpleData name="Situación">NO</SimpleData>
            <SimpleData name="Comunidad">Campesina</SimpleData>
            <SimpleData name="Modelo_imp">Modelo 1</SimpleData>
            <SimpleData name="Departamen">CAAGUAZU</SimpleData>
            <SimpleData name="Distrito">YH?</SimpleData>
            <SimpleData name="Localidad">CA?ADITA</SimpleData>
            <SimpleData name="Teléfono">984307595</SimpleData>
            <SimpleData name="Vivienda_L">-25.13801820000</SimpleData>
            <SimpleData name="Vivienda_1">-55.88963530000</SimpleData>
            <SimpleData name="Superficie">0.80000000000</SimpleData>
            <SimpleData name="Situaci_1">Pol?gono</SimpleData>
            <SimpleData name="Plantado">SI</SimpleData>
            <SimpleData name="Fecha_Plan">2025/10/24</SimpleData>
            <SimpleData name="Jornales">0.00000000000</SimpleData>
            <SimpleData name="Monto">0.00000000000</SimpleData>
            <SimpleData name="Grupo_de_p">D-P1-XX-XX-XX</SimpleData>
            <SimpleData name="Estado_del">Activo</SimpleData>
            <SimpleData name="Empresa">Unique Wood Paraguay SA</SimpleData>
            <SimpleData name="Lote">D</SimpleData>
            <SimpleData name="Parametro">0.00000000000</SimpleData>
            <SimpleData name="Sup_SIG">0.80761331375</SimpleData>
            <SimpleData name="X">-55.89189606000</SimpleData>
            <SimpleData name="Y">-25.14046108000</SimpleData>
            <SimpleData name="cedula">2239336</SimpleData>
            <SimpleData name="Cédula_1">2239336.00000000000</SimpleData>
            <SimpleData name="Estado_d_1">Activo</SimpleData>
            <SimpleData name="OBJECTID_1">6347</SimpleData>
            <SimpleData name="Shape_Leng">358.57313555400</SimpleData>
            <SimpleData name="Shape_Area">8076.13313748000</SimpleData>
          </SchemaData>
        </ExtendedData>
        <Polygon>
          <outerBoundaryIs>
            <LinearRing>
              <coordinates>
                -55.8912649002114,-25.1402707000647,0
                -55.8914408003679,-25.1408964998759,0
                -55.8924770003166,-25.140659300765,0
                -55.8925065998574,-25.1403876996179,0
                -55.8924567006911,-25.1402474995572,0
                -55.8922374999238,-25.140044000424,0
                -55.8912649002114,-25.1402707000647,0
              </coordinates>
            </LinearRing>
          </outerBoundaryIs>
        </Polygon>
      </Placemark>
      <Placemark id="Lote_D.104">
        <ExtendedData>
          <SchemaData schemaUrl="#Lote_D.schema">
            <SimpleData name="Cédula">2968221.00000000000</SimpleData>
            <SimpleData name="Nombres_y_">DANIEL GONZALEZ DUARTE</SimpleData>
            <SimpleData name="Sexo">Hombre</SimpleData>
            <SimpleData name="Cambio_de_">NO</SimpleData>
            <SimpleData name="Titular_se">NO</SimpleData>
            <SimpleData name="ci_UNIF">2968221.00000000000</SimpleData>
            <SimpleData name="Situación">NO</SimpleData>
            <SimpleData name="Comunidad">Ind?gena</SimpleData>
            <SimpleData name="Modelo_imp">Modelo 5</SimpleData>
            <SimpleData name="Departamen">CAAGUAZU</SimpleData>
            <SimpleData name="Distrito">SAN JOAQUIN</SimpleData>
            <SimpleData name="Localidad">COM INDIG SAN JORGE</SimpleData>
            <SimpleData name="Teléfono">0984209061</SimpleData>
            <SimpleData name="Vivienda_L">-25.06925380000</SimpleData>
            <SimpleData name="Vivienda_1">-56.08029290000</SimpleData>
            <SimpleData name="Superficie">0.70000000000</SimpleData>
            <SimpleData name="Situaci_1">Pol?gono</SimpleData>
            <SimpleData name="Plantado">SI</SimpleData>
            <SimpleData name="Fecha_Plan">2025/10/24</SimpleData>
            <SimpleData name="Jornales">0.00000000000</SimpleData>
            <SimpleData name="Monto">0.00000000000</SimpleData>
            <SimpleData name="Grupo_de_p">D-P1-XX-XX-XX</SimpleData>
            <SimpleData name="Estado_del">Activo</SimpleData>
            <SimpleData name="Empresa">Unique Wood Paraguay SA</SimpleData>
            <SimpleData name="Lote">D</SimpleData>
            <SimpleData name="Parametro">0.00000000000</SimpleData>
            <SimpleData name="Sup_SIG">0.73809099812</SimpleData>
            <SimpleData name="X">-56.08077729000</SimpleData>
            <SimpleData name="Y">-25.06974480000</SimpleData>
            <SimpleData name="cedula">2968221</SimpleData>
            <SimpleData name="Cédula_1">2968221.00000000000</SimpleData>
            <SimpleData name="Estado_d_1">Activo</SimpleData>
            <SimpleData name="OBJECTID_1">7644</SimpleData>
            <SimpleData name="Shape_Leng">697.25637277600</SimpleData>
            <SimpleData name="Shape_Area">7380.90998120000</SimpleData>
          </SchemaData>
        </ExtendedData>
        <MultiGeometry>
          <Polygon>
            <outerBoundaryIs>
              <LinearRing>
                <coordinates>
                  -56.0804570997202,-25.070039800645,0
                  -56.08082039948,-25.0699576998714,0
                  -56.0808463002204,-25.0700567000206,0
                  -56.080954199534,-25.0700895004278,0
                  -56.0811699003416,-25.0700509011651,0
                  -56.0811645095088,-25.0700352526767,0
                  -56.0811623001782,-25.0700349003672,0
                  -56.0811450811604,-25.0699788576624,0
                  -56.0809014994713,-25.0692718003775,0
                  -56.0806503997452,-25.0693832005344,0
                  -56.0806057988752,-25.0696597008046,0
                  -56.0804424990787,-25.0696682000226,0
                  -56.0803391002674,-25.0697362011871,0
                  -56.0804570997202,-25.070039800645,0
                </coordinates>
              </LinearRing>
            </outerBoundaryIs>
          </Polygon>
          <Polygon>
            <outerBoundaryIs>
              <LinearRing>
                <coordinates>
                  -56.0808103982405,-25.0692366007686,0
                  -56.0806607998167,-25.0686889004043,0
                  -56.0805636989787,-25.0686894007459,0
                  -56.0804822002244,-25.0687043006887,0
                  -56.0806443997541,-25.0692623006017,0
                  -56.0808103982405,-25.0692366007686,0
                </coordinates>
              </LinearRing>
            </outerBoundaryIs>
          </Polygon>
          <Polygon>
            <outerBoundaryIs>
              <LinearRing>
                <coordinates>
                  -56.0819628908393,-25.0679079192515,0
                  -56.0819516989435,-25.0679117005461,0
                  -56.0820316999564,-25.0680913998783,0
                  -56.0829213595156,-25.0678050365985,0
                  -56.0828537268009,-25.0676069436226,0
                  -56.0826340822982,-25.0676811526944,0
                  -56.0826385997848,-25.0676956001327,0
                  -56.081963300435,-25.0679087001929,0
                  -56.0819628908393,-25.0679079192515,0
                </coordinates>
              </LinearRing>
            </outerBoundaryIs>
          </Polygon>
        </MultiGeometry>
      </Placemark>
      <Placemark id="Lote_D.105">
        <ExtendedData>
          <SchemaData schemaUrl="#Lote_D.schema">
            <SimpleData name="Cédula">5464942.00000000000</SimpleData>
            <SimpleData name="Nombres_y_">CHENI ROSA PAREDES ALVARES</SimpleData>
            <SimpleData name="Sexo">Mujer</SimpleData>
            <SimpleData name="Cambio_de_">NO</SimpleData>
            <SimpleData name="Titular_se">NO</SimpleData>
            <SimpleData name="ci_UNIF">5464942.00000000000</SimpleData>
            <SimpleData name="Situación">NO</SimpleData>
            <SimpleData name="Comunidad">Campesina</SimpleData>
            <SimpleData name="Modelo_imp">Modelo 1</SimpleData>
            <SimpleData name="Departamen">CAAGUAZU</SimpleData>
            <SimpleData name="Distrito">YH?</SimpleData>
            <SimpleData name="Localidad">JUAN SINFORIANO BOGARIN</SimpleData>
            <SimpleData name="Teléfono">986806006</SimpleData>
            <SimpleData name="Vivienda_L">-25.15626670000</SimpleData>
            <SimpleData name="Vivienda_1">-55.93754830000</SimpleData>
            <SimpleData name="Superficie">0.80000000000</SimpleData>
            <SimpleData name="Situaci_1">Pol?gono</SimpleData>
            <SimpleData name="Plantado">SI</SimpleData>
            <SimpleData name="Fecha_Plan">2025/10/21</SimpleData>
            <SimpleData name="Jornales">0.00000000000</SimpleData>
            <SimpleData name="Monto">0.00000000000</SimpleData>
            <SimpleData name="Grupo_de_p">D-P1-XX-XX-XX</SimpleData>
            <SimpleData name="Estado_del">Activo</SimpleData>
            <SimpleData name="Empresa">Unique Wood Paraguay SA</SimpleData>
            <SimpleData name="Lote">D</SimpleData>
            <SimpleData name="Parametro">0.00000000000</SimpleData>
            <SimpleData name="Sup_SIG">0.83727839113</SimpleData>
            <SimpleData name="X">-55.93545769000</SimpleData>
            <SimpleData name="Y">-25.15586958000</SimpleData>
            <SimpleData name="cedula">5464942</SimpleData>
            <SimpleData name="Cédula_1">5464942.00000000000</SimpleData>
            <SimpleData name="Estado_d_1">Activo</SimpleData>
            <SimpleData name="OBJECTID_1">7384</SimpleData>
            <SimpleData name="Shape_Leng">444.92693276500</SimpleData>
            <SimpleData name="Shape_Area">8372.78391132000</SimpleData>
          </SchemaData>
        </ExtendedData>
        <Polygon>
          <outerBoundaryIs>
            <LinearRing>
              <coordinates>
                -55.9345633001924,-25.1559916995005,0
                -55.9362949997092,-25.1561766999298,0
                -55.9363266997996,-25.1557333003104,0
                -55.9346182997749,-25.1555717001607,0
                -55.9345633001924,-25.1559916995005,0
              </coordinates>
            </LinearRing>
          </outerBoundaryIs>
        </Polygon>
      </Placemark>
      <Placemark id="Lote_D.106">
        <ExtendedData>
          <SchemaData schemaUrl="#Lote_D.schema">
            <SimpleData name="Cédula">5658434.00000000000</SimpleData>
            <SimpleData name="Nombres_y_">ROSA NILDA VENIALGO SOSA</SimpleData>
            <SimpleData name="Sexo">Mujer</SimpleData>
            <SimpleData name="Cambio_de_">NO</SimpleData>
            <SimpleData name="Titular_se">NO</SimpleData>
            <SimpleData name="ci_UNIF">5658434.00000000000</SimpleData>
            <SimpleData name="Situación">NO</SimpleData>
            <SimpleData name="Comunidad">Campesina</SimpleData>
            <SimpleData name="Modelo_imp">Modelo 5</SimpleData>
            <SimpleData name="Departamen">CAAGUAZU</SimpleData>
            <SimpleData name="Distrito">YH?</SimpleData>
            <SimpleData name="Localidad">ASENT. TEKO PYAHU</SimpleData>
            <SimpleData name="Teléfono">0975932038</SimpleData>
            <SimpleData name="Vivienda_L">-25.04076760000</SimpleData>
            <SimpleData name="Vivienda_1">-55.86656850000</SimpleData>
            <SimpleData name="Superficie">0.70000000000</SimpleData>
            <SimpleData name="Situaci_1">Pol?gono</SimpleData>
            <SimpleData name="Plantado">SI</SimpleData>
            <SimpleData name="Fecha_Plan">2025/10/28</SimpleData>
            <SimpleData name="Jornales">0.00000000000</SimpleData>
            <SimpleData name="Monto">0.00000000000</SimpleData>
            <SimpleData name="Grupo_de_p">D-P1-XX-XX-XX</SimpleData>
            <SimpleData name="Estado_del">Activo</SimpleData>
            <SimpleData name="Empresa">Unique Wood Paraguay SA</SimpleData>
            <SimpleData name="Lote">D</SimpleData>
            <SimpleData name="Parametro">0.00000000000</SimpleData>
            <SimpleData name="Sup_SIG">0.70855602342</SimpleData>
            <SimpleData name="X">-55.86620391000</SimpleData>
            <SimpleData name="Y">-25.04154522000</SimpleData>
            <SimpleData name="cedula">5658434</SimpleData>
            <SimpleData name="Cédula_1">5658434.00000000000</SimpleData>
            <SimpleData name="Estado_d_1">Activo</SimpleData>
            <SimpleData name="OBJECTID_1">7160</SimpleData>
            <SimpleData name="Shape_Leng">334.62959772600</SimpleData>
            <SimpleData name="Shape_Area">7085.56023419000</SimpleData>
          </SchemaData>
        </ExtendedData>
        <Polygon>
          <outerBoundaryIs>
            <LinearRing>
              <coordinates>
                -55.8657144993312,-25.0418208996228,0
                -55.8664282996324,-25.0420706002192,0
                -55.8666848998831,-25.0412342003169,0
                -55.866205300156,-25.0410927998129,0
                -55.8659503995424,-25.0410866996581,0
                -55.8657144993312,-25.0418208996228,0
              </coordinates>
            </LinearRing>
          </outerBoundaryIs>
        </Polygon>
      </Placemark>
      <Placemark id="Lote_D.107">
        <ExtendedData>
          <SchemaData schemaUrl="#Lote_D.schema">
            <SimpleData name="Cédula">5263809.00000000000</SimpleData>
            <SimpleData name="Nombres_y_">SARA  AQUINO GOMEZ</SimpleData>
            <SimpleData name="Sexo">Mujer</SimpleData>
            <SimpleData name="Cambio_de_">NO</SimpleData>
            <SimpleData name="Titular_se">NO</SimpleData>
            <SimpleData name="ci_UNIF">5263809.00000000000</SimpleData>
            <SimpleData name="Situación">NO</SimpleData>
            <SimpleData name="Comunidad">Campesina</SimpleData>
            <SimpleData name="Modelo_imp">Modelo 5</SimpleData>
            <SimpleData name="Departamen">CAAGUAZU</SimpleData>
            <SimpleData name="Distrito">YH?</SimpleData>
            <SimpleData name="Localidad">JUAN SINFORIANO BOGARIN</SimpleData>
            <SimpleData name="Teléfono">983580200</SimpleData>
            <SimpleData name="Vivienda_L">-25.15605080000</SimpleData>
            <SimpleData name="Vivienda_1">-55.93733900000</SimpleData>
            <SimpleData name="Superficie">0.70000000000</SimpleData>
            <SimpleData name="Situaci_1">Pol?gono</SimpleData>
            <SimpleData name="Plantado">SI</SimpleData>
            <SimpleData name="Fecha_Plan">2025/11/20</SimpleData>
            <SimpleData name="Jornales">0.00000000000</SimpleData>
            <SimpleData name="Monto">0.00000000000</SimpleData>
            <SimpleData name="Grupo_de_p">D-P1-XX-XX-XX</SimpleData>
            <SimpleData name="Estado_del">Activo</SimpleData>
            <SimpleData name="Empresa">Unique Wood Paraguay SA</SimpleData>
            <SimpleData name="Lote">D</SimpleData>
            <SimpleData name="Parametro">0.00000000000</SimpleData>
            <SimpleData name="Sup_SIG">0.86445144328</SimpleData>
            <SimpleData name="X">-55.91943502000</SimpleData>
            <SimpleData name="Y">-25.14890167000</SimpleData>
            <SimpleData name="cedula">5263809</SimpleData>
            <SimpleData name="Cédula_1">5263809.00000000000</SimpleData>
            <SimpleData name="Estado_d_1">Activo</SimpleData>
            <SimpleData name="OBJECTID_1">6327</SimpleData>
            <SimpleData name="Shape_Leng">402.42024696400</SimpleData>
            <SimpleData name="Shape_Area">8644.51443279000</SimpleData>
          </SchemaData>
        </ExtendedData>
        <Polygon>
          <outerBoundaryIs>
            <LinearRing>
              <coordinates>
                -55.9187207005129,-25.1490718993182,0
                -55.9200795999971,-25.1492909000592,0
                -55.9201334005014,-25.1487092001403,0
                -55.918775299903,-25.1485294993843,0
                -55.9187207005129,-25.1490718993182,0
              </coordinates>
            </LinearRing>
          </outerBoundaryIs>
        </Polygon>
      </Placemark>
      <Placemark id="Lote_D.108">
        <ExtendedData>
          <SchemaData schemaUrl="#Lote_D.schema">
            <SimpleData name="Cédula">4388063.00000000000</SimpleData>
            <SimpleData name="Nombres_y_">PERLA  MALLORQUIN DE GOMEZ</SimpleData>
            <SimpleData name="Sexo">Mujer</SimpleData>
            <SimpleData name="Cambio_de_">NO</SimpleData>
            <SimpleData name="Titular_se">NO</SimpleData>
            <SimpleData name="ci_UNIF">4388063.00000000000</SimpleData>
            <SimpleData name="Situación">NO</SimpleData>
            <SimpleData name="Comunidad">Campesina</SimpleData>
            <SimpleData name="Modelo_imp">Modelo 1</SimpleData>
            <SimpleData name="Departamen">CAAGUAZU</SimpleData>
            <SimpleData name="Distrito">YH?</SimpleData>
            <SimpleData name="Localidad">JUAN SINFORIANO BOGARIN</SimpleData>
            <SimpleData name="Teléfono">982699410</SimpleData>
            <SimpleData name="Vivienda_L">-25.16125670000</SimpleData>
            <SimpleData name="Vivienda_1">-55.93696500000</SimpleData>
            <SimpleData name="Superficie">0.80000000000</SimpleData>
            <SimpleData name="Situaci_1">Pol?gono</SimpleData>
            <SimpleData name="Plantado">SI</SimpleData>
            <SimpleData name="Fecha_Plan">2025/10/21</SimpleData>
            <SimpleData name="Jornales">0.00000000000</SimpleData>
            <SimpleData name="Monto">0.00000000000</SimpleData>
            <SimpleData name="Grupo_de_p">D-P1-XX-XX-XX</SimpleData>
            <SimpleData name="Estado_del">Activo</SimpleData>
            <SimpleData name="Empresa">Unique Wood Paraguay SA</SimpleData>
            <SimpleData name="Lote">D</SimpleData>
            <SimpleData name="Parametro">0.00000000000</SimpleData>
            <SimpleData name="Sup_SIG">0.84284369657</SimpleData>
            <SimpleData name="X">-55.93575264000</SimpleData>
            <SimpleData name="Y">-25.15628058000</SimpleData>
            <SimpleData name="cedula">4388063</SimpleData>
            <SimpleData name="Cédula_1">4388063.00000000000</SimpleData>
            <SimpleData name="Estado_d_1">Activo</SimpleData>
            <SimpleData name="OBJECTID_1">7382</SimpleData>
            <SimpleData name="Shape_Leng">618.45249580900</SimpleData>
            <SimpleData name="Shape_Area">8428.43696566000</SimpleData>
          </SchemaData>
        </ExtendedData>
        <MultiGeometry>
          <Polygon>
            <outerBoundaryIs>
              <LinearRing>
                <coordinates>
                  -55.9298831996071,-25.1609262011312,0
                  -55.9299007991972,-25.160493499808,0
                  -55.9290650000602,-25.1604283000074,0
                  -55.9290124998099,-25.1608667002964,0
                  -55.9298831996071,-25.1609262011312,0
                </coordinates>
              </LinearRing>
            </outerBoundaryIs>
          </Polygon>
          <Polygon>
            <outerBoundaryIs>
              <LinearRing>
                <coordinates>
                  -55.9364711985101,-25.1564765004295,0
                  -55.9365012999706,-25.156233100718,0
                  -55.9350820981335,-25.1560691000888,0
                  -55.9350272991683,-25.1563497001831,0
                  -55.9364711985101,-25.1564765004295,0
                </coordinates>
              </LinearRing>
            </outerBoundaryIs>
          </Polygon>
        </MultiGeometry>
      </Placemark>
      <Placemark id="Lote_D.109">
        <ExtendedData>
          <SchemaData schemaUrl="#Lote_D.schema">
            <SimpleData name="Cédula">5947429.00000000000</SimpleData>
            <SimpleData name="Nombres_y_">MIRTHA ESTELA VERA GODOY</SimpleData>
            <SimpleData name="Sexo">Mujer</SimpleData>
            <SimpleData name="Cambio_de_">NO</SimpleData>
            <SimpleData name="Titular_se">NO</SimpleData>
            <SimpleData name="ci_UNIF">5947429.00000000000</SimpleData>
            <SimpleData name="Situación">NO</SimpleData>
            <SimpleData name="Comunidad">Campesina</SimpleData>
            <SimpleData name="Modelo_imp">Modelo 1</SimpleData>
            <SimpleData name="Departamen">CAAGUAZU</SimpleData>
            <SimpleData name="Distrito">SAN JOAQUIN</SimpleData>
            <SimpleData name="Localidad">ASENT. ARSENIO VAZQUEZ</SimpleData>
            <SimpleData name="Teléfono">0975490266</SimpleData>
            <SimpleData name="Vivienda_L">-24.93387480000</SimpleData>
            <SimpleData name="Vivienda_1">-56.07859500000</SimpleData>
            <SimpleData name="Superficie">0.80000000000</SimpleData>
            <SimpleData name="Situaci_1">Pol?gono</SimpleData>
            <SimpleData name="Plantado">SI</SimpleData>
            <SimpleData name="Fecha_Plan">2025/10/13</SimpleData>
            <SimpleData name="Jornales">0.00000000000</SimpleData>
            <SimpleData name="Monto">0.00000000000</SimpleData>
            <SimpleData name="Grupo_de_p">D-P1-XX-XX-XX</SimpleData>
            <SimpleData name="Estado_del">Activo</SimpleData>
            <SimpleData name="Empresa">Unique Wood Paraguay SA</SimpleData>
            <SimpleData name="Lote">D</SimpleData>
            <SimpleData name="Parametro">0.00000000000</SimpleData>
            <SimpleData name="Sup_SIG">0.81525450987</SimpleData>
            <SimpleData name="X">-56.07451536000</SimpleData>
            <SimpleData name="Y">-24.92646639000</SimpleData>
            <SimpleData name="cedula">5947429</SimpleData>
            <SimpleData name="Cédula_1">5947429.00000000000</SimpleData>
            <SimpleData name="Estado_d_1">Activo</SimpleData>
            <SimpleData name="OBJECTID_1">7158</SimpleData>
            <SimpleData name="Shape_Leng">445.33612541000</SimpleData>
            <SimpleData name="Shape_Area">8152.54509873000</SimpleData>
          </SchemaData>
        </ExtendedData>
        <Polygon>
          <outerBoundaryIs>
            <LinearRing>
              <coordinates>
                -56.0736598002935,-24.9262380997585,0
                -56.0739770000579,-24.9268367001162,0
                -56.0755448999993,-24.9264911993426,0
                -56.0755086001965,-24.9263750001805,0
                -56.0753201002216,-24.9263616002616,0
                -56.07525200014,-24.9262354003633,0
                -56.0736598002935,-24.9262380997585,0
              </coordinates>
            </LinearRing>
          </outerBoundaryIs>
        </Polygon>
      </Placemark>
      <Placemark id="Lote_D.110">
        <ExtendedData>
          <SchemaData schemaUrl="#Lote_D.schema">
            <SimpleData name="Cédula">4375738.00000000000</SimpleData>
            <SimpleData name="Nombres_y_">GRACIELA CORONEL AQUINO</SimpleData>
            <SimpleData name="Sexo">Mujer</SimpleData>
            <SimpleData name="Cambio_de_">SI</SimpleData>
            <SimpleData name="Titular_se">EDGAR DAVID CORONEL AQUINO</SimpleData>
            <SimpleData name="Cédula_Ti">6540758</SimpleData>
            <SimpleData name="ci_UNIF">6540758.00000000000</SimpleData>
            <SimpleData name="Situación">NA</SimpleData>
            <SimpleData name="Comunidad">Campesina</SimpleData>
            <SimpleData name="Modelo_imp">Modelo 2</SimpleData>
            <SimpleData name="Departamen">CAAGUAZU</SimpleData>
            <SimpleData name="Distrito">SAN JOAQUIN</SimpleData>
            <SimpleData name="Localidad">TACUAPI I</SimpleData>
            <SimpleData name="Teléfono">0972696324</SimpleData>
            <SimpleData name="Vivienda_L">-24.99280680000</SimpleData>
            <SimpleData name="Vivienda_1">-56.05205320000</SimpleData>
            <SimpleData name="Superficie">0.80000000000</SimpleData>
            <SimpleData name="Situaci_1">Pol?gono</SimpleData>
            <SimpleData name="Plantado">SI</SimpleData>
            <SimpleData name="Fecha_Plan">2025/09/26</SimpleData>
            <SimpleData name="Jornales">0.00000000000</SimpleData>
            <SimpleData name="Monto">0.00000000000</SimpleData>
            <SimpleData name="Grupo_de_p">D-P1-XX-XX-XX</SimpleData>
            <SimpleData name="Estado_del">Activo</SimpleData>
            <SimpleData name="Empresa">Unique Wood Paraguay SA</SimpleData>
            <SimpleData name="Lote">D</SimpleData>
            <SimpleData name="Parametro">0.00000000000</SimpleData>
            <SimpleData name="Sup_SIG">0.83022196896</SimpleData>
            <SimpleData name="X">-56.05029905000</SimpleData>
            <SimpleData name="Y">-24.99237213000</SimpleData>
            <SimpleData name="cedula">4375738</SimpleData>
            <SimpleData name="Cédula_1">4375738.00000000000</SimpleData>
            <SimpleData name="Estado_d_1">Activo</SimpleData>
            <SimpleData name="OBJECTID_1">7843</SimpleData>
            <SimpleData name="Shape_Leng">364.81156514000</SimpleData>
            <SimpleData name="Shape_Area">8302.21968959000</SimpleData>
          </SchemaData>
        </ExtendedData>
        <Polygon>
          <outerBoundaryIs>
            <LinearRing>
              <coordinates>
                -56.0497462998369,-24.9927042999741,0
                -56.0506579001725,-24.9928469004566,0
                -56.0508201998183,-24.9920423998717,0
                -56.0499911001171,-24.9918744997391,0
                -56.0497462998369,-24.9927042999741,0
              </coordinates>
            </LinearRing>
          </outerBoundaryIs>
        </Polygon>
      </Placemark>
      <Placemark id="Lote_D.111">
        <ExtendedData>
          <SchemaData schemaUrl="#Lote_D.schema">
            <SimpleData name="Cédula">1608859.00000000000</SimpleData>
            <SimpleData name="Nombres_y_">REINA BRYKUGI DUARTE</SimpleData>
            <SimpleData name="Sexo">Mujer</SimpleData>
            <SimpleData name="Cambio_de_">NO</SimpleData>
            <SimpleData name="Titular_se">NO</SimpleData>
            <SimpleData name="ci_UNIF">1608859.00000000000</SimpleData>
            <SimpleData name="Situación">NO</SimpleData>
            <SimpleData name="Comunidad">Ind?gena</SimpleData>
            <SimpleData name="Modelo_imp">Modelo 1</SimpleData>
            <SimpleData name="Departamen">CAAGUAZU</SimpleData>
            <SimpleData name="Distrito">SAN JOAQUIN</SimpleData>
            <SimpleData name="Localidad">COM INDIG CERRO MOROTI</SimpleData>
            <SimpleData name="Teléfono">ND</SimpleData>
            <SimpleData name="Vivienda_L">-25.01930800000</SimpleData>
            <SimpleData name="Vivienda_1">-56.14230470000</SimpleData>
            <SimpleData name="Superficie">0.80000000000</SimpleData>
            <SimpleData name="Situaci_1">Pol?gono</SimpleData>
            <SimpleData name="Plantado">SI</SimpleData>
            <SimpleData name="Fecha_Plan">2025/10/07</SimpleData>
            <SimpleData name="Jornales">0.00000000000</SimpleData>
            <SimpleData name="Monto">0.00000000000</SimpleData>
            <SimpleData name="Grupo_de_p">D-P1-XX-XX-XX</SimpleData>
            <SimpleData name="Estado_del">Activo</SimpleData>
            <SimpleData name="Empresa">Unique Wood Paraguay SA</SimpleData>
            <SimpleData name="Lote">D</SimpleData>
            <SimpleData name="Parametro">0.00000000000</SimpleData>
            <SimpleData name="Sup_SIG">0.86709356436</SimpleData>
            <SimpleData name="X">-56.14354198000</SimpleData>
            <SimpleData name="Y">-25.01610666000</SimpleData>
            <SimpleData name="cedula">1608859</SimpleData>
            <SimpleData name="Cédula_1">1608859.00000000000</SimpleData>
            <SimpleData name="Estado_d_1">Activo</SimpleData>
            <SimpleData name="OBJECTID_1">5656</SimpleData>
            <SimpleData name="Shape_Leng">481.43007890900</SimpleData>
            <SimpleData name="Shape_Area">8670.93564357000</SimpleData>
          </SchemaData>
        </ExtendedData>
        <Polygon>
          <outerBoundaryIs>
            <LinearRing>
              <coordinates>
                -56.1435895755584,-25.0151980132123,0
                -56.1433825054152,-25.0151979094575,0
                -56.143362200161,-25.0151978999359,0
                -56.1432806998197,-25.0169071001355,0
                -56.1437566994798,-25.0170199997256,0
                -56.1437567405586,-25.017008647822,0
                -56.1437547999171,-25.017008100239,0
                -56.1437586013961,-25.0164701719048,0
                -56.1437630001737,-25.01519810083,0
                -56.1435895755584,-25.0151980132123,0
              </coordinates>
            </LinearRing>
          </outerBoundaryIs>
        </Polygon>
      </Placemark>
      <Placemark id="Lote_D.112">
        <ExtendedData>
          <SchemaData schemaUrl="#Lote_D.schema">
            <SimpleData name="Cédula">6252885.00000000000</SimpleData>
            <SimpleData name="Nombres_y_">MARIELA  LEON RAMOS</SimpleData>
            <SimpleData name="Sexo">Mujer</SimpleData>
            <SimpleData name="Cambio_de_">NO</SimpleData>
            <SimpleData name="Titular_se">NO</SimpleData>
            <SimpleData name="ci_UNIF">6252885.00000000000</SimpleData>
            <SimpleData name="Situación">NO</SimpleData>
            <SimpleData name="Comunidad">Campesina</SimpleData>
            <SimpleData name="Modelo_imp">Modelo 5</SimpleData>
            <SimpleData name="Departamen">CAAGUAZU</SimpleData>
            <SimpleData name="Distrito">YH?</SimpleData>
            <SimpleData name="Localidad">YATAITY</SimpleData>
            <SimpleData name="Teléfono">971505183</SimpleData>
            <SimpleData name="Vivienda_L">-25.07300230000</SimpleData>
            <SimpleData name="Vivienda_1">-55.98261860000</SimpleData>
            <SimpleData name="Superficie">0.70000000000</SimpleData>
            <SimpleData name="Situaci_1">Pol?gono</SimpleData>
            <SimpleData name="Plantado">SI</SimpleData>
            <SimpleData name="Fecha_Plan">2025/10/19</SimpleData>
            <SimpleData name="Jornales">0.00000000000</SimpleData>
            <SimpleData name="Monto">0.00000000000</SimpleData>
            <SimpleData name="Grupo_de_p">D-P1-XX-XX-XX</SimpleData>
            <SimpleData name="Estado_del">Activo</SimpleData>
            <SimpleData name="Empresa">Unique Wood Paraguay SA</SimpleData>
            <SimpleData name="Lote">D</SimpleData>
            <SimpleData name="Parametro">0.00000000000</SimpleData>
            <SimpleData name="Sup_SIG">0.85016586351</SimpleData>
            <SimpleData name="X">-55.98396033000</SimpleData>
            <SimpleData name="Y">-25.07245930000</SimpleData>
            <SimpleData name="cedula">6252885</SimpleData>
            <SimpleData name="Cédula_1">6252885.00000000000</SimpleData>
            <SimpleData name="Estado_d_1">Activo</SimpleData>
            <SimpleData name="OBJECTID_1">7378</SimpleData>
            <SimpleData name="Shape_Leng">412.80147775400</SimpleData>
            <SimpleData name="Shape_Area">8501.65863506000</SimpleData>
          </SchemaData>
        </ExtendedData>
        <Polygon>
          <outerBoundaryIs>
            <LinearRing>
              <coordinates>
                -55.9832383001905,-25.0727217000163,0
                -55.9835015001262,-25.0731034002219,0
                -55.9847117001609,-25.0722399994604,0
                -55.9844036000109,-25.0718381992579,0
                -55.9836566995768,-25.0723250003124,0
                -55.9832383001905,-25.0727217000163,0
              </coordinates>
            </LinearRing>
          </outerBoundaryIs>
        </Polygon>
      </Placemark>
      <Placemark id="Lote_D.113">
        <ExtendedData>
          <SchemaData schemaUrl="#Lote_D.schema">
            <SimpleData name="Cédula">7657093.00000000000</SimpleData>
            <SimpleData name="Nombres_y_">SONIA GONZALEZ DUARTE</SimpleData>
            <SimpleData name="Sexo">Mujer</SimpleData>
            <SimpleData name="Cambio_de_">NO</SimpleData>
            <SimpleData name="Titular_se">NO</SimpleData>
            <SimpleData name="ci_UNIF">7657093.00000000000</SimpleData>
            <SimpleData name="Situación">NO</SimpleData>
            <SimpleData name="Comunidad">Ind?gena</SimpleData>
            <SimpleData name="Modelo_imp">Modelo 3</SimpleData>
            <SimpleData name="Departamen">CAAGUAZU</SimpleData>
            <SimpleData name="Distrito">SAN JOAQUIN</SimpleData>
            <SimpleData name="Localidad">COM INDIG TEKOHA CAMPITO</SimpleData>
            <SimpleData name="Teléfono">0986816116</SimpleData>
            <SimpleData name="Vivienda_L">-25.15738230000</SimpleData>
            <SimpleData name="Vivienda_1">-56.06105990000</SimpleData>
            <SimpleData name="Superficie">1.00000000000</SimpleData>
            <SimpleData name="Situaci_1">Par?metro</SimpleData>
            <SimpleData name="Plantado">SI</SimpleData>
            <SimpleData name="Fecha_Plan">2025/11/25</SimpleData>
            <SimpleData name="Jornales">0.00000000000</SimpleData>
            <SimpleData name="Monto">0.00000000000</SimpleData>
            <SimpleData name="Grupo_de_p">D-P1-XX-XX-XX</SimpleData>
            <SimpleData name="Estado_del">Activo</SimpleData>
            <SimpleData name="Empresa">Unique Wood Paraguay SA</SimpleData>
            <SimpleData name="Lote">D</SimpleData>
            <SimpleData name="Parametro">0.00000000000</SimpleData>
            <SimpleData name="Sup_SIG">0.99919179592</SimpleData>
            <SimpleData name="X">-56.06127717000</SimpleData>
            <SimpleData name="Y">-25.15905268000</SimpleData>
            <SimpleData name="cedula">7657093</SimpleData>
            <SimpleData name="Cédula_1">7657093.00000000000</SimpleData>
            <SimpleData name="Estado_d_1">Activo</SimpleData>
            <SimpleData name="OBJECTID_1">5640</SimpleData>
            <SimpleData name="Shape_Leng">434.49966111000</SimpleData>
            <SimpleData name="Shape_Area">9991.91795915000</SimpleData>
          </SchemaData>
        </ExtendedData>
        <Polygon>
          <outerBoundaryIs>
            <LinearRing>
              <coordinates>
                -56.0603867001554,-25.1588732999163,0
                -56.0611793996311,-25.159538100263,0
                -56.0620751004004,-25.159323599956,0
                -56.06176240036,-25.1590547002042,0
                -56.0618495998671,-25.1588721002122,0
                -56.0615458998738,-25.1585683998798,0
                -56.0603867001554,-25.1588732999163,0
              </coordinates>
            </LinearRing>
          </outerBoundaryIs>
        </Polygon>
      </Placemark>
      <Placemark id="Lote_D.114">
        <ExtendedData>
          <SchemaData schemaUrl="#Lote_D.schema">
            <SimpleData name="Cédula">5423925.00000000000</SimpleData>
            <SimpleData name="Nombres_y_">AMELIA TOLEDO SEGOVIA</SimpleData>
            <SimpleData name="Sexo">Mujer</SimpleData>
            <SimpleData name="Cambio_de_">NO</SimpleData>
            <SimpleData name="Titular_se">NO</SimpleData>
            <SimpleData name="ci_UNIF">5423925.00000000000</SimpleData>
            <SimpleData name="Situación">NO</SimpleData>
            <SimpleData name="Comunidad">Campesina</SimpleData>
            <SimpleData name="Modelo_imp">Modelo 4</SimpleData>
            <SimpleData name="Departamen">CAAGUAZU</SimpleData>
            <SimpleData name="Distrito">YH?</SimpleData>
            <SimpleData name="Localidad">2DA LINEA - KAIHO</SimpleData>
            <SimpleData name="Teléfono">0984183061</SimpleData>
            <SimpleData name="Vivienda_L">-24.94453230000</SimpleData>
            <SimpleData name="Vivienda_1">-55.89454420000</SimpleData>
            <SimpleData name="Superficie">0.70000000000</SimpleData>
            <SimpleData name="Situaci_1">Pol?gono</SimpleData>
            <SimpleData name="Plantado">SI</SimpleData>
            <SimpleData name="Fecha_Plan">2025/10/31</SimpleData>
            <SimpleData name="Jornales">0.00000000000</SimpleData>
            <SimpleData name="Monto">0.00000000000</SimpleData>
            <SimpleData name="Grupo_de_p">D-P1-XX-XX-XX</SimpleData>
            <SimpleData name="Estado_del">Activo</SimpleData>
            <SimpleData name="Empresa">Unique Wood Paraguay SA</SimpleData>
            <SimpleData name="Lote">D</SimpleData>
            <SimpleData name="Parametro">0.00000000000</SimpleData>
            <SimpleData name="Sup_SIG">0.70367897562</SimpleData>
            <SimpleData name="X">-55.88722456000</SimpleData>
            <SimpleData name="Y">-24.94355853000</SimpleData>
            <SimpleData name="cedula">5423925</SimpleData>
            <SimpleData name="Cédula_1">5423925.00000000000</SimpleData>
            <SimpleData name="Estado_d_1">Activo</SimpleData>
            <SimpleData name="OBJECTID_1">7165</SimpleData>
            <SimpleData name="Shape_Leng">348.06172906700</SimpleData>
            <SimpleData name="Shape_Area">7036.78975618000</SimpleData>
          </SchemaData>
        </ExtendedData>
        <Polygon>
          <outerBoundaryIs>
            <LinearRing>
              <coordinates>
                -55.8867586003995,-24.9439031000939,0
                -55.8873732999086,-24.9441416993624,0
                -55.8876700001948,-24.9431999993591,0
                -55.8871082998797,-24.9429652007048,0
                -55.8867586003995,-24.9439031000939,0
              </coordinates>
            </LinearRing>
          </outerBoundaryIs>
        </Polygon>
      </Placemark>
      <Placemark id="Lote_D.115">
        <ExtendedData>
          <SchemaData schemaUrl="#Lote_D.schema">
            <SimpleData name="Cédula">5436273.00000000000</SimpleData>
            <SimpleData name="Nombres_y_">YANY MARICEL BAEZ CA ETE</SimpleData>
            <SimpleData name="Sexo">Mujer</SimpleData>
            <SimpleData name="Cambio_de_">NO</SimpleData>
            <SimpleData name="Titular_se">NO</SimpleData>
            <SimpleData name="ci_UNIF">5436273.00000000000</SimpleData>
            <SimpleData name="Situación">NO</SimpleData>
            <SimpleData name="Comunidad">Campesina</SimpleData>
            <SimpleData name="Modelo_imp">Modelo 3</SimpleData>
            <SimpleData name="Departamen">CAAGUAZU</SimpleData>
            <SimpleData name="Distrito">CARAYAO</SimpleData>
            <SimpleData name="Localidad">ARROYO HOVY</SimpleData>
            <SimpleData name="Teléfono">981585178</SimpleData>
            <SimpleData name="Vivienda_L">-25.15957640000</SimpleData>
            <SimpleData name="Vivienda_1">-56.29176990000</SimpleData>
            <SimpleData name="Superficie">1.00000000000</SimpleData>
            <SimpleData name="Situaci_1">Par?metro</SimpleData>
            <SimpleData name="Plantado">SI</SimpleData>
            <SimpleData name="Fecha_Plan">2025/11/24</SimpleData>
            <SimpleData name="Jornales">0.00000000000</SimpleData>
            <SimpleData name="Monto">0.00000000000</SimpleData>
            <SimpleData name="Grupo_de_p">D-P1-XX-XX-XX</SimpleData>
            <SimpleData name="Estado_del">Activo</SimpleData>
            <SimpleData name="Empresa">Unique Wood Paraguay SA</SimpleData>
            <SimpleData name="Lote">D</SimpleData>
            <SimpleData name="Parametro">0.00000000000</SimpleData>
            <SimpleData name="Sup_SIG">1.86899895477</SimpleData>
            <SimpleData name="X">-56.28978075000</SimpleData>
            <SimpleData name="Y">-25.15941445000</SimpleData>
            <SimpleData name="cedula">5436273</SimpleData>
            <SimpleData name="Cédula_1">5436273.00000000000</SimpleData>
            <SimpleData name="Estado_d_1">Activo</SimpleData>
            <SimpleData name="OBJECTID_1">7355</SimpleData>
            <SimpleData name="Shape_Leng">632.42722229400</SimpleData>
            <SimpleData name="Shape_Area">18689.98954770000</SimpleData>
          </SchemaData>
        </ExtendedData>
        <Polygon>
          <outerBoundaryIs>
            <LinearRing>
              <coordinates>
                -56.2887000003345,-25.1592142002818,0
                -56.2889038999352,-25.1600328002606,0
                -56.2905585004948,-25.1597442999915,0
                -56.2905777004218,-25.1592531001146,0
                -56.2910265998063,-25.1590221000815,0
                -56.2909997995673,-25.1587829004132,0
                -56.2887000003345,-25.1592142002818,0
              </coordinates>
            </LinearRing>
          </outerBoundaryIs>
        </Polygon>
      </Placemark>
      <Placemark id="Lote_D.116">
        <ExtendedData>
          <SchemaData schemaUrl="#Lote_D.schema">
            <SimpleData name="Cédula">7632345.00000000000</SimpleData>
            <SimpleData name="Nombres_y_">SILVINA ESQUIVEL CENTURION</SimpleData>
            <SimpleData name="Sexo">Mujer</SimpleData>
            <SimpleData name="Cambio_de_">NO</SimpleData>
            <SimpleData name="Titular_se">NO</SimpleData>
            <SimpleData name="ci_UNIF">7632345.00000000000</SimpleData>
            <SimpleData name="Situación">NO</SimpleData>
            <SimpleData name="Comunidad">Ind?gena</SimpleData>
            <SimpleData name="Modelo_imp">Modelo 2</SimpleData>
            <SimpleData name="Departamen">CAAGUAZU</SimpleData>
            <SimpleData name="Distrito">YH?</SimpleData>
            <SimpleData name="Localidad">COM INDIG ARROYO GUAZU - GUAYAYVI</SimpleData>
            <SimpleData name="Teléfono">0982024447</SimpleData>
            <SimpleData name="Vivienda_L">-24.88813300000</SimpleData>
            <SimpleData name="Vivienda_1">-55.82290050000</SimpleData>
            <SimpleData name="Superficie">0.80000000000</SimpleData>
            <SimpleData name="Situaci_1">Pol?gono</SimpleData>
            <SimpleData name="Plantado">SI</SimpleData>
            <SimpleData name="Fecha_Plan">2025/10/23</SimpleData>
            <SimpleData name="Jornales">0.00000000000</SimpleData>
            <SimpleData name="Monto">0.00000000000</SimpleData>
            <SimpleData name="Grupo_de_p">D-P1-XX-XX-XX</SimpleData>
            <SimpleData name="Estado_del">Activo</SimpleData>
            <SimpleData name="Empresa">Unique Wood Paraguay SA</SimpleData>
            <SimpleData name="Lote">D</SimpleData>
            <SimpleData name="Parametro">0.00000000000</SimpleData>
            <SimpleData name="Sup_SIG">0.80566158957</SimpleData>
            <SimpleData name="X">-55.82211373000</SimpleData>
            <SimpleData name="Y">-24.88798805000</SimpleData>
            <SimpleData name="cedula">7632345</SimpleData>
            <SimpleData name="Cédula_1">7632345.00000000000</SimpleData>
            <SimpleData name="Estado_d_1">Activo</SimpleData>
            <SimpleData name="OBJECTID_1">5686</SimpleData>
            <SimpleData name="Shape_Leng">519.29605779900</SimpleData>
            <SimpleData name="Shape_Area">8056.61589568000</SimpleData>
          </SchemaData>
        </ExtendedData>
        <MultiGeometry>
          <Polygon>
            <outerBoundaryIs>
              <LinearRing>
                <coordinates>
                  -55.8219694984366,-24.8886594997324,0
                  -55.822584899338,-24.8883700998808,0
                  -55.8224154993732,-24.8879709010922,0
                  -55.8217960997113,-24.8882338018458,0
                  -55.8219694984366,-24.8886594997324,0
                </coordinates>
              </LinearRing>
            </outerBoundaryIs>
          </Polygon>
          <Polygon>
            <outerBoundaryIs>
              <LinearRing>
                <coordinates>
                  -55.821801698735,-24.888190000953,0
                  -55.8224454004947,-24.8878414004917,0
                  -55.8224683995558,-24.8877118011739,0
                  -55.8224237988531,-24.8873490008697,0
                  -55.8215996996463,-24.887663000798,0
                  -55.821801698735,-24.888190000953,0
                </coordinates>
              </LinearRing>
            </outerBoundaryIs>
          </Polygon>
        </MultiGeometry>
      </Placemark>
      <Placemark id="Lote_D.117">
        <ExtendedData>
          <SchemaData schemaUrl="#Lote_D.schema">
            <SimpleData name="Cédula">2421824.00000000000</SimpleData>
            <SimpleData name="Nombres_y_">NICANOR  BENITEZ GONZALEZ</SimpleData>
            <SimpleData name="Sexo">Hombre</SimpleData>
            <SimpleData name="Cambio_de_">NO</SimpleData>
            <SimpleData name="Titular_se">NO</SimpleData>
            <SimpleData name="ci_UNIF">2421824.00000000000</SimpleData>
            <SimpleData name="Situación">NO</SimpleData>
            <SimpleData name="Comunidad">Campesina</SimpleData>
            <SimpleData name="Modelo_imp">Modelo 5</SimpleData>
            <SimpleData name="Departamen">CAAGUAZU</SimpleData>
            <SimpleData name="Distrito">CARAYAO</SimpleData>
            <SimpleData name="Localidad"><![CDATA[PARA'I]]></SimpleData>
            <SimpleData name="Teléfono">975921336</SimpleData>
            <SimpleData name="Vivienda_L">-25.16470010000</SimpleData>
            <SimpleData name="Vivienda_1">-56.24573000000</SimpleData>
            <SimpleData name="Superficie">0.70000000000</SimpleData>
            <SimpleData name="Situaci_1">Pol?gono</SimpleData>
            <SimpleData name="Plantado">SI</SimpleData>
            <SimpleData name="Fecha_Plan">2025/11/20</SimpleData>
            <SimpleData name="Jornales">0.00000000000</SimpleData>
            <SimpleData name="Monto">0.00000000000</SimpleData>
            <SimpleData name="Grupo_de_p">D-P1-XX-XX-XX</SimpleData>
            <SimpleData name="Estado_del">Activo</SimpleData>
            <SimpleData name="Empresa">Unique Wood Paraguay SA</SimpleData>
            <SimpleData name="Lote">D</SimpleData>
            <SimpleData name="Parametro">0.00000000000</SimpleData>
            <SimpleData name="Sup_SIG">0.77853445148</SimpleData>
            <SimpleData name="X">-56.24639662000</SimpleData>
            <SimpleData name="Y">-25.16625538000</SimpleData>
            <SimpleData name="cedula">2421824</SimpleData>
            <SimpleData name="Cédula_1">2421824.00000000000</SimpleData>
            <SimpleData name="Estado_d_1">Activo</SimpleData>
            <SimpleData name="OBJECTID_1">7662</SimpleData>
            <SimpleData name="Shape_Leng">497.53251928500</SimpleData>
            <SimpleData name="Shape_Area">7785.34451479000</SimpleData>
          </SchemaData>
        </ExtendedData>
        <MultiGeometry>
          <Polygon>
            <outerBoundaryIs>
              <LinearRing>
                <coordinates>
                  -56.2459473007949,-25.1675967001335,0
                  -56.2458878001945,-25.1669284004262,0
                  -56.2456102004797,-25.1669512994656,0
                  -56.2456526991591,-25.167449400026,0
                  -56.2459473007949,-25.1675967001335,0
                </coordinates>
              </LinearRing>
            </outerBoundaryIs>
          </Polygon>
          <Polygon>
            <outerBoundaryIs>
              <LinearRing>
                <coordinates>
                  -56.2461451997264,-25.1662959994841,0
                  -56.2470121004791,-25.1662363001639,0
                  -56.2470078003168,-25.165612399415,0
                  -56.2462718998531,-25.1656490005396,0
                  -56.2461493998648,-25.1658387996982,0
                  -56.2461451997264,-25.1662959994841,0
                </coordinates>
              </LinearRing>
            </outerBoundaryIs>
          </Polygon>
        </MultiGeometry>
      </Placemark>
      <Placemark id="Lote_D.118">
        <ExtendedData>
          <SchemaData schemaUrl="#Lote_D.schema">
            <SimpleData name="Cédula">8038506.00000000000</SimpleData>
            <SimpleData name="Nombres_y_">BASILICA OLMEDO VERA</SimpleData>
            <SimpleData name="Sexo">Mujer</SimpleData>
            <SimpleData name="Cambio_de_">NO</SimpleData>
            <SimpleData name="Titular_se">NO</SimpleData>
            <SimpleData name="ci_UNIF">8038506.00000000000</SimpleData>
            <SimpleData name="Situación">NO</SimpleData>
            <SimpleData name="Comunidad">Ind?gena</SimpleData>
            <SimpleData name="Modelo_imp">Modelo 1</SimpleData>
            <SimpleData name="Departamen">CAAGUAZU</SimpleData>
            <SimpleData name="Distrito">YH?</SimpleData>
            <SimpleData name="Localidad">COM INDIG AMAMBAY ARROYO GUAZU</SimpleData>
            <SimpleData name="Teléfono">0981661483</SimpleData>
            <SimpleData name="Vivienda_L">-24.89898110000</SimpleData>
            <SimpleData name="Vivienda_1">-55.85649470000</SimpleData>
            <SimpleData name="Superficie">0.80000000000</SimpleData>
            <SimpleData name="Situaci_1">Pol?gono</SimpleData>
            <SimpleData name="Plantado">SI</SimpleData>
            <SimpleData name="Fecha_Plan">2025/10/23</SimpleData>
            <SimpleData name="Jornales">0.00000000000</SimpleData>
            <SimpleData name="Monto">0.00000000000</SimpleData>
            <SimpleData name="Grupo_de_p">D-P1-XX-XX-XX</SimpleData>
            <SimpleData name="Estado_del">Activo</SimpleData>
            <SimpleData name="Empresa">Unique Wood Paraguay SA</SimpleData>
            <SimpleData name="Lote">D</SimpleData>
            <SimpleData name="Parametro">0.00000000000</SimpleData>
            <SimpleData name="Sup_SIG">0.93930817884</SimpleData>
            <SimpleData name="X">-55.85637967000</SimpleData>
            <SimpleData name="Y">-24.89844065000</SimpleData>
            <SimpleData name="cedula">8038506</SimpleData>
            <SimpleData name="Cédula_1">8038506.00000000000</SimpleData>
            <SimpleData name="Estado_d_1">Activo</SimpleData>
            <SimpleData name="OBJECTID_1">7152</SimpleData>
            <SimpleData name="Shape_Leng">479.86452322400</SimpleData>
            <SimpleData name="Shape_Area">9393.08178839000</SimpleData>
          </SchemaData>
        </ExtendedData>
        <Polygon>
          <outerBoundaryIs>
            <LinearRing>
              <coordinates>
                -55.8560549004314,-24.8986168003464,0
                -55.8561972000776,-24.8988040006422,0
                -55.8564733003636,-24.8987316997128,0
                -55.8567302005183,-24.898750199949,0
                -55.8567831005732,-24.8988348005803,0
                -55.8567089000222,-24.898937700039,0
                -55.8568417006536,-24.8991049996811,0
                -55.8571557996679,-24.898910100561,0
                -55.8563958002459,-24.8978235995456,0
                -55.8555002002826,-24.8983711999804,0
                -55.8560549004314,-24.8986168003464,0
              </coordinates>
            </LinearRing>
          </outerBoundaryIs>
        </Polygon>
      </Placemark>
      <Placemark id="Lote_D.119">
        <ExtendedData>
          <SchemaData schemaUrl="#Lote_D.schema">
            <SimpleData name="Cédula">5005969.00000000000</SimpleData>
            <SimpleData name="Nombres_y_">ROBERT OSMAR GOMEZ RUIZ DIAZ</SimpleData>
            <SimpleData name="Sexo">Hombre</SimpleData>
            <SimpleData name="Cambio_de_">NO</SimpleData>
            <SimpleData name="Titular_se">NO</SimpleData>
            <SimpleData name="ci_UNIF">5005969.00000000000</SimpleData>
            <SimpleData name="Situación">NO</SimpleData>
            <SimpleData name="Comunidad">Campesina</SimpleData>
            <SimpleData name="Modelo_imp">Modelo 5</SimpleData>
            <SimpleData name="Departamen">CAAGUAZU</SimpleData>
            <SimpleData name="Distrito">CARAYAO</SimpleData>
            <SimpleData name="Localidad">ARROYO HOVY</SimpleData>
            <SimpleData name="Teléfono">0983340952</SimpleData>
            <SimpleData name="Vivienda_L">-25.15355220000</SimpleData>
            <SimpleData name="Vivienda_1">-56.29095520000</SimpleData>
            <SimpleData name="Superficie">0.70000000000</SimpleData>
            <SimpleData name="Situaci_1">Pol?gono</SimpleData>
            <SimpleData name="Plantado">SI</SimpleData>
            <SimpleData name="Fecha_Plan">2025/11/22</SimpleData>
            <SimpleData name="Jornales">0.00000000000</SimpleData>
            <SimpleData name="Monto">0.00000000000</SimpleData>
            <SimpleData name="Grupo_de_p">D-P1-XX-XX-XX</SimpleData>
            <SimpleData name="Estado_del">Activo</SimpleData>
            <SimpleData name="Empresa">Unique Wood Paraguay SA</SimpleData>
            <SimpleData name="Lote">D</SimpleData>
            <SimpleData name="Parametro">0.00000000000</SimpleData>
            <SimpleData name="Sup_SIG">0.78006773852</SimpleData>
            <SimpleData name="X">-56.28967355000</SimpleData>
            <SimpleData name="Y">-25.14485667000</SimpleData>
            <SimpleData name="cedula">5005969</SimpleData>
            <SimpleData name="Cédula_1">5005969.00000000000</SimpleData>
            <SimpleData name="Estado_d_1">Activo</SimpleData>
            <SimpleData name="OBJECTID_1">7182</SimpleData>
            <SimpleData name="Shape_Leng">353.59930167900</SimpleData>
            <SimpleData name="Shape_Area">7800.67738524000</SimpleData>
          </SchemaData>
        </ExtendedData>
        <Polygon>
          <outerBoundaryIs>
            <LinearRing>
              <coordinates>
                -56.289152100237,-25.1450923000614,0
                -56.2893253000055,-25.1452539998736,0
                -56.2902236000855,-25.145110900677,0
                -56.2901761997565,-25.1444563997233,0
                -56.2890896995704,-25.1446161996491,0
                -56.289152100237,-25.1450923000614,0
              </coordinates>
            </LinearRing>
          </outerBoundaryIs>
        </Polygon>
      </Placemark>
      <Placemark id="Lote_D.120">
        <ExtendedData>
          <SchemaData schemaUrl="#Lote_D.schema">
            <SimpleData name="Cédula">1574300.00000000000</SimpleData>
            <SimpleData name="Nombres_y_">GRACIELA ORTEGA DE MEDINA</SimpleData>
            <SimpleData name="Sexo">Mujer</SimpleData>
            <SimpleData name="Cambio_de_">NO</SimpleData>
            <SimpleData name="Titular_se">NO</SimpleData>
            <SimpleData name="ci_UNIF">1574300.00000000000</SimpleData>
            <SimpleData name="Situación">NO</SimpleData>
            <SimpleData name="Comunidad">Campesina</SimpleData>
            <SimpleData name="Modelo_imp">Modelo 6</SimpleData>
            <SimpleData name="Departamen">CAAGUAZU</SimpleData>
            <SimpleData name="Distrito">SAN JOAQUIN</SimpleData>
            <SimpleData name="Localidad">PIRI POTY</SimpleData>
            <SimpleData name="Teléfono">0985833433</SimpleData>
            <SimpleData name="Vivienda_L">-25.05412450000</SimpleData>
            <SimpleData name="Vivienda_1">-56.07182390000</SimpleData>
            <SimpleData name="Superficie">0.90000000000</SimpleData>
            <SimpleData name="Situaci_1">Pol?gono</SimpleData>
            <SimpleData name="Plantado">SI</SimpleData>
            <SimpleData name="Fecha_Plan">2025/10/16</SimpleData>
            <SimpleData name="Jornales">0.00000000000</SimpleData>
            <SimpleData name="Monto">0.00000000000</SimpleData>
            <SimpleData name="Grupo_de_p">D-P1-XX-XX-XX</SimpleData>
            <SimpleData name="Estado_del">Activo</SimpleData>
            <SimpleData name="Empresa">Unique Wood Paraguay SA</SimpleData>
            <SimpleData name="Lote">D</SimpleData>
            <SimpleData name="Parametro">0.00000000000</SimpleData>
            <SimpleData name="Sup_SIG">0.94333329212</SimpleData>
            <SimpleData name="X">-56.08136499000</SimpleData>
            <SimpleData name="Y">-25.05244386000</SimpleData>
            <SimpleData name="cedula">1574300</SimpleData>
            <SimpleData name="Cédula_1">1574300.00000000000</SimpleData>
            <SimpleData name="Estado_d_1">Activo</SimpleData>
            <SimpleData name="OBJECTID_1">5731</SimpleData>
            <SimpleData name="Shape_Leng">401.85542391100</SimpleData>
            <SimpleData name="Shape_Area">9433.33292116000</SimpleData>
          </SchemaData>
        </ExtendedData>
        <Polygon>
          <outerBoundaryIs>
            <LinearRing>
              <coordinates>
                -56.0806953992287,-25.0521700999148,0
                -56.0808274996785,-25.0528798999626,0
                -56.0820166993699,-25.0526850000796,0
                -56.0819727007374,-25.0520480003817,0
                -56.0806953992287,-25.0521700999148,0
              </coordinates>
            </LinearRing>
          </outerBoundaryIs>
        </Polygon>
      </Placemark>
      <Placemark id="Lote_D.121">
        <ExtendedData>
          <SchemaData schemaUrl="#Lote_D.schema">
            <SimpleData name="Cédula">5484930.00000000000</SimpleData>
            <SimpleData name="Nombres_y_">GREGORIO PORTILLO BENITEZ</SimpleData>
            <SimpleData name="Sexo">Hombre</SimpleData>
            <SimpleData name="Cambio_de_">NO</SimpleData>
            <SimpleData name="Titular_se">NO</SimpleData>
            <SimpleData name="ci_UNIF">5484930.00000000000</SimpleData>
            <SimpleData name="Situación">NO</SimpleData>
            <SimpleData name="Comunidad">Ind?gena</SimpleData>
            <SimpleData name="Modelo_imp">Modelo 5</SimpleData>
            <SimpleData name="Departamen">CAAGUAZU</SimpleData>
            <SimpleData name="Distrito">YH?</SimpleData>
            <SimpleData name="Localidad">COM INDIG AMAMBAY ARROYO GUAZU</SimpleData>
            <SimpleData name="Teléfono">0971161617</SimpleData>
            <SimpleData name="Vivienda_L">-24.90298910000</SimpleData>
            <SimpleData name="Vivienda_1">-55.86013000000</SimpleData>
            <SimpleData name="Superficie">0.70000000000</SimpleData>
            <SimpleData name="Situaci_1">Pol?gono</SimpleData>
            <SimpleData name="Plantado">SI</SimpleData>
            <SimpleData name="Fecha_Plan">2025/10/23</SimpleData>
            <SimpleData name="Jornales">0.00000000000</SimpleData>
            <SimpleData name="Monto">0.00000000000</SimpleData>
            <SimpleData name="Grupo_de_p">D-P1-XX-XX-XX</SimpleData>
            <SimpleData name="Estado_del">Activo</SimpleData>
            <SimpleData name="Empresa">Unique Wood Paraguay SA</SimpleData>
            <SimpleData name="Lote">D</SimpleData>
            <SimpleData name="Parametro">0.00000000000</SimpleData>
            <SimpleData name="Sup_SIG">0.72425404628</SimpleData>
            <SimpleData name="X">-55.85976632000</SimpleData>
            <SimpleData name="Y">-24.90342002000</SimpleData>
            <SimpleData name="cedula">5484930</SimpleData>
            <SimpleData name="Cédula_1">5484930.00000000000</SimpleData>
            <SimpleData name="Estado_d_1">Activo</SimpleData>
            <SimpleData name="OBJECTID_1">5698</SimpleData>
            <SimpleData name="Shape_Leng">364.17905815600</SimpleData>
            <SimpleData name="Shape_Area">7242.54046278000</SimpleData>
          </SchemaData>
        </ExtendedData>
        <Polygon>
          <outerBoundaryIs>
            <LinearRing>
              <coordinates>
                -55.8591977996131,-24.9032291995403,0
                -55.8598264996193,-24.9040110003926,0
                -55.8602446000867,-24.9037582994639,0
                -55.8602053998403,-24.9036327007974,0
                -55.8602670006914,-24.9035713003046,0
                -55.8598945998074,-24.9031311003399,0
                -55.8599775005371,-24.9029993994844,0
                -55.8598110003116,-24.9028113999701,0
                -55.8591977996131,-24.9032291995403,0
              </coordinates>
            </LinearRing>
          </outerBoundaryIs>
        </Polygon>
      </Placemark>
      <Placemark id="Lote_D.122">
        <ExtendedData>
          <SchemaData schemaUrl="#Lote_D.schema">
            <SimpleData name="Cédula">6136303.00000000000</SimpleData>
            <SimpleData name="Nombres_y_">LILIANA MERCEDES RUIZ FLEITAS</SimpleData>
            <SimpleData name="Sexo">Mujer</SimpleData>
            <SimpleData name="Cambio_de_">NO</SimpleData>
            <SimpleData name="Titular_se">NO</SimpleData>
            <SimpleData name="ci_UNIF">6136303.00000000000</SimpleData>
            <SimpleData name="Situación">NO</SimpleData>
            <SimpleData name="Comunidad">Campesina</SimpleData>
            <SimpleData name="Modelo_imp">Modelo 5</SimpleData>
            <SimpleData name="Departamen">CAAGUAZU</SimpleData>
            <SimpleData name="Distrito">YH?</SimpleData>
            <SimpleData name="Localidad">YATAITY</SimpleData>
            <SimpleData name="Teléfono">0985316885</SimpleData>
            <SimpleData name="Vivienda_L">-25.06698790000</SimpleData>
            <SimpleData name="Vivienda_1">-55.97941160000</SimpleData>
            <SimpleData name="Superficie">0.70000000000</SimpleData>
            <SimpleData name="Situaci_1">Pol?gono</SimpleData>
            <SimpleData name="Plantado">SI</SimpleData>
            <SimpleData name="Fecha_Plan">2025/10/19</SimpleData>
            <SimpleData name="Jornales">0.00000000000</SimpleData>
            <SimpleData name="Monto">0.00000000000</SimpleData>
            <SimpleData name="Grupo_de_p">D-P3-XX-XX-XX</SimpleData>
            <SimpleData name="Estado_del">Activo</SimpleData>
            <SimpleData name="Empresa">Unique Wood Paraguay SA</SimpleData>
            <SimpleData name="Lote">D</SimpleData>
            <SimpleData name="Parametro">0.00000000000</SimpleData>
            <SimpleData name="Sup_SIG">0.70576080102</SimpleData>
            <SimpleData name="X">-55.98010840000</SimpleData>
            <SimpleData name="Y">-25.06834982000</SimpleData>
            <SimpleData name="cedula">6136303</SimpleData>
            <SimpleData name="Cédula_1">6136303.00000000000</SimpleData>
            <SimpleData name="Estado_d_1">Activo</SimpleData>
            <SimpleData name="OBJECTID_1">8733</SimpleData>
            <SimpleData name="Shape_Leng">336.28608080700</SimpleData>
            <SimpleData name="Shape_Area">7057.60801020000</SimpleData>
          </SchemaData>
        </ExtendedData>
        <Polygon>
          <outerBoundaryIs>
            <LinearRing>
              <coordinates>
                -55.9795444998708,-25.0682390003567,0
                -55.9799295995017,-25.0688629999299,0
                -55.9806915999587,-25.068470600466,0
                -55.9802459994883,-25.0678252997067,0
                -55.9795444998708,-25.0682390003567,0
              </coordinates>
            </LinearRing>
          </outerBoundaryIs>
        </Polygon>
      </Placemark>
      <Placemark id="Lote_D.123">
        <ExtendedData>
          <SchemaData schemaUrl="#Lote_D.schema">
            <SimpleData name="Cédula">6252888.00000000000</SimpleData>
            <SimpleData name="Nombres_y_">ELIDA  SANTACRUZ MARECO</SimpleData>
            <SimpleData name="Sexo">Mujer</SimpleData>
            <SimpleData name="Cambio_de_">NO</SimpleData>
            <SimpleData name="Titular_se">NO</SimpleData>
            <SimpleData name="ci_UNIF">6252888.00000000000</SimpleData>
            <SimpleData name="Situación">NO</SimpleData>
            <SimpleData name="Comunidad">Campesina</SimpleData>
            <SimpleData name="Modelo_imp">Modelo 5</SimpleData>
            <SimpleData name="Departamen">CAAGUAZU</SimpleData>
            <SimpleData name="Distrito">YH?</SimpleData>
            <SimpleData name="Localidad">YATAITY</SimpleData>
            <SimpleData name="Teléfono">985731611</SimpleData>
            <SimpleData name="Vivienda_L">-25.06480200000</SimpleData>
            <SimpleData name="Vivienda_1">-55.99057340000</SimpleData>
            <SimpleData name="Superficie">0.70000000000</SimpleData>
            <SimpleData name="Situaci_1">Pol?gono</SimpleData>
            <SimpleData name="Plantado">SI</SimpleData>
            <SimpleData name="Fecha_Plan">2025/10/19</SimpleData>
            <SimpleData name="Jornales">0.00000000000</SimpleData>
            <SimpleData name="Monto">0.00000000000</SimpleData>
            <SimpleData name="Grupo_de_p">D-P3-XX-XX-XX</SimpleData>
            <SimpleData name="Estado_del">Activo</SimpleData>
            <SimpleData name="Empresa">Unique Wood Paraguay SA</SimpleData>
            <SimpleData name="Lote">D</SimpleData>
            <SimpleData name="Parametro">0.00000000000</SimpleData>
            <SimpleData name="Sup_SIG">0.71257641674</SimpleData>
            <SimpleData name="X">-55.99141406000</SimpleData>
            <SimpleData name="Y">-25.06438318000</SimpleData>
            <SimpleData name="cedula">6252888</SimpleData>
            <SimpleData name="Cédula_1">6252888.00000000000</SimpleData>
            <SimpleData name="Estado_d_1">Activo</SimpleData>
            <SimpleData name="OBJECTID_1">8797</SimpleData>
            <SimpleData name="Shape_Leng">424.74096743300</SimpleData>
            <SimpleData name="Shape_Area">7125.76416741000</SimpleData>
          </SchemaData>
        </ExtendedData>
        <Polygon>
          <outerBoundaryIs>
            <LinearRing>
              <coordinates>
                -55.9921072995495,-25.0639693998227,0
                -55.9917606993521,-25.0641547004048,0
                -55.9916097992227,-25.0641466998374,0
                -55.9913963991385,-25.0642569997439,0
                -55.9912987993391,-25.0640763999937,0
                -55.9906830997148,-25.0643558000038,0
                -55.9909768995929,-25.0648616003563,0
                -55.9923331993879,-25.0641909997093,0
                -55.9921072995495,-25.0639693998227,0
              </coordinates>
            </LinearRing>
          </outerBoundaryIs>
        </Polygon>
      </Placemark>
      <Placemark id="Lote_D.124">
        <ExtendedData>
          <SchemaData schemaUrl="#Lote_D.schema">
            <SimpleData name="Cédula">5123508.00000000000</SimpleData>
            <SimpleData name="Nombres_y_">MARINA ISABEL RAMIREZ BENITEZ</SimpleData>
            <SimpleData name="Sexo">Mujer</SimpleData>
            <SimpleData name="Cambio_de_">NO</SimpleData>
            <SimpleData name="Titular_se">NO</SimpleData>
            <SimpleData name="ci_UNIF">5123508.00000000000</SimpleData>
            <SimpleData name="Situación">NO</SimpleData>
            <SimpleData name="Comunidad">Campesina</SimpleData>
            <SimpleData name="Modelo_imp">Modelo 2</SimpleData>
            <SimpleData name="Departamen">CAAGUAZU</SimpleData>
            <SimpleData name="Distrito">YH?</SimpleData>
            <SimpleData name="Localidad">YATAITY</SimpleData>
            <SimpleData name="Teléfono">981975264</SimpleData>
            <SimpleData name="Vivienda_L">-25.06284710000</SimpleData>
            <SimpleData name="Vivienda_1">-55.96964170000</SimpleData>
            <SimpleData name="Superficie">0.80000000000</SimpleData>
            <SimpleData name="Situaci_1">Pol?gono</SimpleData>
            <SimpleData name="Plantado">SI</SimpleData>
            <SimpleData name="Fecha_Plan">2025/10/19</SimpleData>
            <SimpleData name="Jornales">0.00000000000</SimpleData>
            <SimpleData name="Monto">0.00000000000</SimpleData>
            <SimpleData name="Grupo_de_p">D-P3-XX-XX-XX</SimpleData>
            <SimpleData name="Estado_del">Activo</SimpleData>
            <SimpleData name="Empresa">Unique Wood Paraguay SA</SimpleData>
            <SimpleData name="Lote">D</SimpleData>
            <SimpleData name="Parametro">0.00000000000</SimpleData>
            <SimpleData name="Sup_SIG">0.87871192712</SimpleData>
            <SimpleData name="X">-55.96972559000</SimpleData>
            <SimpleData name="Y">-25.06411922000</SimpleData>
            <SimpleData name="cedula">5123508</SimpleData>
            <SimpleData name="Cédula_1">5123508.00000000000</SimpleData>
            <SimpleData name="Estado_d_1">Activo</SimpleData>
            <SimpleData name="OBJECTID_1">8825</SimpleData>
            <SimpleData name="Shape_Leng">376.13277643300</SimpleData>
            <SimpleData name="Shape_Area">8787.11927117000</SimpleData>
          </SchemaData>
        </ExtendedData>
        <Polygon>
          <outerBoundaryIs>
            <LinearRing>
              <coordinates>
                -55.9691081991933,-25.0639306998576,0
                -55.9693218994774,-25.0646301998525,0
                -55.9703649993987,-25.0642933004597,0
                -55.9703149990681,-25.064095500323,0
                -55.9700585991165,-25.0636121002654,0
                -55.9691081991933,-25.0639306998576,0
              </coordinates>
            </LinearRing>
          </outerBoundaryIs>
        </Polygon>
      </Placemark>
      <Placemark id="Lote_D.125">
        <ExtendedData>
          <SchemaData schemaUrl="#Lote_D.schema">
            <SimpleData name="Cédula">6631480.00000000000</SimpleData>
            <SimpleData name="Nombres_y_">MIRNA PAOLA ROMERO LEGUIZAMON</SimpleData>
            <SimpleData name="Sexo">Mujer</SimpleData>
            <SimpleData name="Cambio_de_">NO</SimpleData>
            <SimpleData name="Titular_se">NO</SimpleData>
            <SimpleData name="ci_UNIF">6631480.00000000000</SimpleData>
            <SimpleData name="Situación">NO</SimpleData>
            <SimpleData name="Comunidad">Campesina</SimpleData>
            <SimpleData name="Modelo_imp">Modelo 5</SimpleData>
            <SimpleData name="Departamen">CAAGUAZU</SimpleData>
            <SimpleData name="Distrito">YH?</SimpleData>
            <SimpleData name="Localidad">YATAITY</SimpleData>
            <SimpleData name="Teléfono">976818860</SimpleData>
            <SimpleData name="Vivienda_L">-25.06477330000</SimpleData>
            <SimpleData name="Vivienda_1">-55.99056330000</SimpleData>
            <SimpleData name="Superficie">0.70000000000</SimpleData>
            <SimpleData name="Situaci_1">Pol?gono</SimpleData>
            <SimpleData name="Plantado">SI</SimpleData>
            <SimpleData name="Fecha_Plan">2025/10/19</SimpleData>
            <SimpleData name="Jornales">0.00000000000</SimpleData>
            <SimpleData name="Monto">0.00000000000</SimpleData>
            <SimpleData name="Grupo_de_p">D-P3-XX-XX-XX</SimpleData>
            <SimpleData name="Estado_del">Activo</SimpleData>
            <SimpleData name="Empresa">Unique Wood Paraguay SA</SimpleData>
            <SimpleData name="Lote">D</SimpleData>
            <SimpleData name="Parametro">0.00000000000</SimpleData>
            <SimpleData name="Sup_SIG">0.71332363755</SimpleData>
            <SimpleData name="X">-55.99078559000</SimpleData>
            <SimpleData name="Y">-25.06380562000</SimpleData>
            <SimpleData name="cedula">6631480</SimpleData>
            <SimpleData name="Cédula_1">6631480.00000000000</SimpleData>
            <SimpleData name="Estado_d_1">Activo</SimpleData>
            <SimpleData name="OBJECTID_1">8792</SimpleData>
            <SimpleData name="Shape_Leng">338.52500238000</SimpleData>
            <SimpleData name="Shape_Area">7133.23637545000</SimpleData>
          </SchemaData>
        </ExtendedData>
        <Polygon>
          <outerBoundaryIs>
            <LinearRing>
              <coordinates>
                -55.9902669994945,-25.0635556003523,0
                -55.9906443999768,-25.0643533001568,0
                -55.9912850991248,-25.0640712003877,0
                -55.990970299439,-25.063280199862,0
                -55.9906659998272,-25.0633758003252,0
                -55.9902669994945,-25.0635556003523,0
              </coordinates>
            </LinearRing>
          </outerBoundaryIs>
        </Polygon>
      </Placemark>
      <Placemark id="Lote_D.126">
        <ExtendedData>
          <SchemaData schemaUrl="#Lote_D.schema">
            <SimpleData name="Cédula">2074808.00000000000</SimpleData>
            <SimpleData name="Nombres_y_">CARMEN VALDEZ GONZALEZ</SimpleData>
            <SimpleData name="Sexo">Mujer</SimpleData>
            <SimpleData name="Cambio_de_">NO</SimpleData>
            <SimpleData name="Titular_se">NO</SimpleData>
            <SimpleData name="ci_UNIF">2074808.00000000000</SimpleData>
            <SimpleData name="Situación">NO</SimpleData>
            <SimpleData name="Comunidad">Campesina</SimpleData>
            <SimpleData name="Modelo_imp">Modelo 1</SimpleData>
            <SimpleData name="Departamen">CAAGUAZU</SimpleData>
            <SimpleData name="Distrito">SAN JOAQUIN</SimpleData>
            <SimpleData name="Localidad">OLLA RUGUA</SimpleData>
            <SimpleData name="Teléfono">0982068333</SimpleData>
            <SimpleData name="Vivienda_L">-24.92390600000</SimpleData>
            <SimpleData name="Vivienda_1">-56.04445080000</SimpleData>
            <SimpleData name="Superficie">0.80000000000</SimpleData>
            <SimpleData name="Situaci_1">Pol?gono</SimpleData>
            <SimpleData name="Plantado">SI</SimpleData>
            <SimpleData name="Fecha_Plan">2025/10/02</SimpleData>
            <SimpleData name="Jornales">0.00000000000</SimpleData>
            <SimpleData name="Monto">0.00000000000</SimpleData>
            <SimpleData name="Grupo_de_p">D-P3-XX-XX-XX</SimpleData>
            <SimpleData name="Estado_del">Activo</SimpleData>
            <SimpleData name="Empresa">Unique Wood Paraguay SA</SimpleData>
            <SimpleData name="Lote">D</SimpleData>
            <SimpleData name="Parametro">0.00000000000</SimpleData>
            <SimpleData name="Sup_SIG">0.90019631021</SimpleData>
            <SimpleData name="X">-56.04424054000</SimpleData>
            <SimpleData name="Y">-24.92472864000</SimpleData>
            <SimpleData name="cedula">2074808</SimpleData>
            <SimpleData name="Cédula_1">2074808.00000000000</SimpleData>
            <SimpleData name="Estado_d_1">Activo</SimpleData>
            <SimpleData name="OBJECTID_1">8724</SimpleData>
            <SimpleData name="Shape_Leng">397.47381291600</SimpleData>
            <SimpleData name="Shape_Area">9001.96310214000</SimpleData>
          </SchemaData>
        </ExtendedData>
        <Polygon>
          <outerBoundaryIs>
            <LinearRing>
              <coordinates>
                -56.0436617004226,-24.9243833000721,0
                -56.044136500211,-24.9253524002638,0
                -56.0448599004418,-24.9250273002038,0
                -56.0445173998629,-24.9243889999579,0
                -56.0443905997588,-24.9244299002995,0
                -56.044165999754,-24.9240779999801,0
                -56.0436617004226,-24.9243833000721,0
              </coordinates>
            </LinearRing>
          </outerBoundaryIs>
        </Polygon>
      </Placemark>
      <Placemark id="Lote_D.127">
        <ExtendedData>
          <SchemaData schemaUrl="#Lote_D.schema">
            <SimpleData name="Cédula">8278502.00000000000</SimpleData>
            <SimpleData name="Nombres_y_">ALEJANDRA ELIZABETH AGUILAR LEGUIZAMON</SimpleData>
            <SimpleData name="Sexo">Mujer</SimpleData>
            <SimpleData name="Cambio_de_">NO</SimpleData>
            <SimpleData name="Titular_se">NO</SimpleData>
            <SimpleData name="ci_UNIF">8278502.00000000000</SimpleData>
            <SimpleData name="Situación">NO</SimpleData>
            <SimpleData name="Comunidad">Campesina</SimpleData>
            <SimpleData name="Modelo_imp">Modelo 1</SimpleData>
            <SimpleData name="Departamen">CAAGUAZU</SimpleData>
            <SimpleData name="Distrito">SAN JOAQUIN</SimpleData>
            <SimpleData name="Localidad">ASENT. ARSENIO VAZQUEZ</SimpleData>
            <SimpleData name="Teléfono">0975482222</SimpleData>
            <SimpleData name="Vivienda_L">-24.93752190000</SimpleData>
            <SimpleData name="Vivienda_1">-56.08101550000</SimpleData>
            <SimpleData name="Superficie">0.80000000000</SimpleData>
            <SimpleData name="Situaci_1">Par?metro</SimpleData>
            <SimpleData name="Plantado">SI</SimpleData>
            <SimpleData name="Fecha_Plan">2025/10/13</SimpleData>
            <SimpleData name="Jornales">0.00000000000</SimpleData>
            <SimpleData name="Monto">0.00000000000</SimpleData>
            <SimpleData name="Grupo_de_p">D-P3-XX-XX-XX</SimpleData>
            <SimpleData name="Estado_del">Activo</SimpleData>
            <SimpleData name="Empresa">Unique Wood Paraguay SA</SimpleData>
            <SimpleData name="Lote">D</SimpleData>
            <SimpleData name="Parametro">0.00000000000</SimpleData>
            <SimpleData name="Sup_SIG">0.88706572564</SimpleData>
            <SimpleData name="X">-56.08385564000</SimpleData>
            <SimpleData name="Y">-24.94004296000</SimpleData>
            <SimpleData name="cedula">8278502</SimpleData>
            <SimpleData name="Cédula_1">8278502.00000000000</SimpleData>
            <SimpleData name="Estado_d_1">Activo</SimpleData>
            <SimpleData name="OBJECTID_1">8725</SimpleData>
            <SimpleData name="Shape_Leng">396.12681277500</SimpleData>
            <SimpleData name="Shape_Area">8870.65725637000</SimpleData>
          </SchemaData>
        </ExtendedData>
        <Polygon>
          <outerBoundaryIs>
            <LinearRing>
              <coordinates>
                -56.0832200004595,-24.9398400000323,0
                -56.0839864998877,-24.940685199875,0
                -56.0845357001205,-24.9402778996158,0
                -56.0836432999826,-24.9393650003415,0
                -56.0832200004595,-24.9398400000323,0
              </coordinates>
            </LinearRing>
          </outerBoundaryIs>
        </Polygon>
      </Placemark>
      <Placemark id="Lote_D.128">
        <ExtendedData>
          <SchemaData schemaUrl="#Lote_D.schema">
            <SimpleData name="Cédula">5391373.00000000000</SimpleData>
            <SimpleData name="Nombres_y_">JUSTO VIDAL BOGADO</SimpleData>
            <SimpleData name="Sexo">Hombre</SimpleData>
            <SimpleData name="Cambio_de_">NO</SimpleData>
            <SimpleData name="Titular_se">NO</SimpleData>
            <SimpleData name="ci_UNIF">5391373.00000000000</SimpleData>
            <SimpleData name="Situación">NO</SimpleData>
            <SimpleData name="Comunidad">Campesina</SimpleData>
            <SimpleData name="Modelo_imp">Modelo 3</SimpleData>
            <SimpleData name="Departamen">CAAGUAZU</SimpleData>
            <SimpleData name="Distrito">CARAYAO</SimpleData>
            <SimpleData name="Localidad">SANTA CATALINA</SimpleData>
            <SimpleData name="Teléfono">0984949423</SimpleData>
            <SimpleData name="Vivienda_L">-25.17438620000</SimpleData>
            <SimpleData name="Vivienda_1">-56.31638110000</SimpleData>
            <SimpleData name="Superficie">1.00000000000</SimpleData>
            <SimpleData name="Situaci_1">Par?metro</SimpleData>
            <SimpleData name="Plantado">SI</SimpleData>
            <SimpleData name="Fecha_Plan">2026/04/21</SimpleData>
            <SimpleData name="Jornales">0.00000000000</SimpleData>
            <SimpleData name="Monto">0.00000000000</SimpleData>
            <SimpleData name="Grupo_de_p">D-P3-XX-XX-XX</SimpleData>
            <SimpleData name="Estado_del">Activo</SimpleData>
            <SimpleData name="Empresa">Unique Wood Paraguay SA</SimpleData>
            <SimpleData name="Lote">D</SimpleData>
            <SimpleData name="Parametro">0.00000000000</SimpleData>
            <SimpleData name="Sup_SIG">1.46698824487</SimpleData>
            <SimpleData name="X">-56.31602029000</SimpleData>
            <SimpleData name="Y">-25.17519300000</SimpleData>
            <SimpleData name="cedula">5391373</SimpleData>
            <SimpleData name="Cédula_1">5391373.00000000000</SimpleData>
            <SimpleData name="Estado_d_1">Activo</SimpleData>
            <SimpleData name="OBJECTID_1">7191</SimpleData>
            <SimpleData name="Shape_Leng">576.67665339100</SimpleData>
            <SimpleData name="Shape_Area">14669.88244870000</SimpleData>
          </SchemaData>
        </ExtendedData>
        <Polygon>
          <outerBoundaryIs>
            <LinearRing>
              <coordinates>
                -56.3155469996229,-25.1744428001916,0
                -56.315723399706,-25.1760683003762,0
                -56.3164664998356,-25.1760218002734,0
                -56.3164167001028,-25.1756232996546,0
                -56.3164744004069,-25.1755655002525,0
                -56.3163454002778,-25.1750035002315,0
                -56.3165786002135,-25.1749555002598,0
                -56.3164877998344,-25.1746899004001,0
                -56.3161952995749,-25.1746858004283,0
                -56.3161349995746,-25.1741966999544,0
                -56.3155469996229,-25.1744428001916,0
              </coordinates>
            </LinearRing>
          </outerBoundaryIs>
        </Polygon>
      </Placemark>
      <Placemark id="Lote_D.129">
        <ExtendedData>
          <SchemaData schemaUrl="#Lote_D.schema">
            <SimpleData name="Cédula">4050551.00000000000</SimpleData>
            <SimpleData name="Nombres_y_">AMALIA GUERRERO BARRETO</SimpleData>
            <SimpleData name="Sexo">Mujer</SimpleData>
            <SimpleData name="Cambio_de_">NO</SimpleData>
            <SimpleData name="Titular_se">NO</SimpleData>
            <SimpleData name="ci_UNIF">4050551.00000000000</SimpleData>
            <SimpleData name="Situación">NO</SimpleData>
            <SimpleData name="Comunidad">Campesina</SimpleData>
            <SimpleData name="Modelo_imp">Modelo 5</SimpleData>
            <SimpleData name="Departamen">CAAGUAZU</SimpleData>
            <SimpleData name="Distrito">SAN JOAQUIN</SimpleData>
            <SimpleData name="Localidad">NACIENTE</SimpleData>
            <SimpleData name="Teléfono">0984573679</SimpleData>
            <SimpleData name="Vivienda_L">-25.01122360000</SimpleData>
            <SimpleData name="Vivienda_1">-56.04735780000</SimpleData>
            <SimpleData name="Superficie">0.70000000000</SimpleData>
            <SimpleData name="Situaci_1">Par?metro</SimpleData>
            <SimpleData name="Plantado">SI</SimpleData>
            <SimpleData name="Fecha_Plan">2025/12/09</SimpleData>
            <SimpleData name="Jornales">0.00000000000</SimpleData>
            <SimpleData name="Monto">0.00000000000</SimpleData>
            <SimpleData name="Grupo_de_p">D-P3-XX-XX-XX</SimpleData>
            <SimpleData name="Estado_del">Activo</SimpleData>
            <SimpleData name="Empresa">Unique Wood Paraguay SA</SimpleData>
            <SimpleData name="Lote">D</SimpleData>
            <SimpleData name="Parametro">0.00000000000</SimpleData>
            <SimpleData name="Sup_SIG">0.72634708965</SimpleData>
            <SimpleData name="X">-56.04904108000</SimpleData>
            <SimpleData name="Y">-25.01353984000</SimpleData>
            <SimpleData name="cedula">4050551</SimpleData>
            <SimpleData name="Cédula_1">4050551.00000000000</SimpleData>
            <SimpleData name="Estado_d_1">Activo</SimpleData>
            <SimpleData name="OBJECTID_1">8732</SimpleData>
            <SimpleData name="Shape_Leng">512.54812511000</SimpleData>
            <SimpleData name="Shape_Area">7263.47089648000</SimpleData>
          </SchemaData>
        </ExtendedData>
        <MultiGeometry>
          <Polygon>
            <outerBoundaryIs>
              <LinearRing>
                <coordinates>
                  -56.0495180995983,-25.0138305997614,0
                  -56.0496136999395,-25.0134407996708,0
                  -56.048567799581,-25.0132540997928,0
                  -56.0484556001714,-25.0136297002841,0
                  -56.0495180995983,-25.0138305997614,0
                </coordinates>
              </LinearRing>
            </outerBoundaryIs>
          </Polygon>
          <Polygon>
            <outerBoundaryIs>
              <LinearRing>
                <coordinates>
                  -56.0465408003929,-25.0114484000543,0
                  -56.0465819001353,-25.0112769999579,0
                  -56.046531900387,-25.011126400333,0
                  -56.0458948995324,-25.0110008999107,0
                  -56.0458417998993,-25.011243499618,0
                  -56.0458869997856,-25.0113333997021,0
                  -56.0465408003929,-25.0114484000543,0
                </coordinates>
              </LinearRing>
            </outerBoundaryIs>
          </Polygon>
        </MultiGeometry>
      </Placemark>
      <Placemark id="Lote_D.130">
        <ExtendedData>
          <SchemaData schemaUrl="#Lote_D.schema">
            <SimpleData name="Cédula">5561127.00000000000</SimpleData>
            <SimpleData name="Nombres_y_">CLAUDELINA  SANCHEZ GONZALEZ</SimpleData>
            <SimpleData name="Sexo">Mujer</SimpleData>
            <SimpleData name="Cambio_de_">NO</SimpleData>
            <SimpleData name="Titular_se">NO</SimpleData>
            <SimpleData name="ci_UNIF">5561127.00000000000</SimpleData>
            <SimpleData name="Situación">NO</SimpleData>
            <SimpleData name="Comunidad">Campesina</SimpleData>
            <SimpleData name="Modelo_imp">Modelo 1</SimpleData>
            <SimpleData name="Departamen">CAAGUAZU</SimpleData>
            <SimpleData name="Distrito">YH?</SimpleData>
            <SimpleData name="Localidad">SAN RAMON</SimpleData>
            <SimpleData name="Teléfono">983497144</SimpleData>
            <SimpleData name="Vivienda_L">-25.09401330000</SimpleData>
            <SimpleData name="Vivienda_1">-55.99414330000</SimpleData>
            <SimpleData name="Superficie">0.80000000000</SimpleData>
            <SimpleData name="Situaci_1">Pol?gono</SimpleData>
            <SimpleData name="Plantado">SI</SimpleData>
            <SimpleData name="Fecha_Plan">2025/10/10</SimpleData>
            <SimpleData name="Jornales">0.00000000000</SimpleData>
            <SimpleData name="Monto">0.00000000000</SimpleData>
            <SimpleData name="Grupo_de_p">D-P3-XX-XX-XX</SimpleData>
            <SimpleData name="Estado_del">Activo</SimpleData>
            <SimpleData name="Empresa">Unique Wood Paraguay SA</SimpleData>
            <SimpleData name="Lote">D</SimpleData>
            <SimpleData name="Parametro">0.00000000000</SimpleData>
            <SimpleData name="Sup_SIG">0.80272996277</SimpleData>
            <SimpleData name="X">-55.99175405000</SimpleData>
            <SimpleData name="Y">-25.08965992000</SimpleData>
            <SimpleData name="cedula">5561127</SimpleData>
            <SimpleData name="Cédula_1">5561127.00000000000</SimpleData>
            <SimpleData name="Estado_d_1">Activo</SimpleData>
            <SimpleData name="OBJECTID_1">8793</SimpleData>
            <SimpleData name="Shape_Leng">473.55585652800</SimpleData>
            <SimpleData name="Shape_Area">8027.29962769000</SimpleData>
          </SchemaData>
        </ExtendedData>
        <Polygon>
          <outerBoundaryIs>
            <LinearRing>
              <coordinates>
                -55.9911037996188,-25.0889496997431,0
                -55.99203799995,-25.0905285000822,0
                -55.9923909000803,-25.0903547998743,0
                -55.9914964000232,-25.0888203997144,0
                -55.9911037996188,-25.0889496997431,0
              </coordinates>
            </LinearRing>
          </outerBoundaryIs>
        </Polygon>
      </Placemark>
      <Placemark id="Lote_D.131">
        <ExtendedData>
          <SchemaData schemaUrl="#Lote_D.schema">
            <SimpleData name="Cédula">5636287.00000000000</SimpleData>
            <SimpleData name="Nombres_y_">MARIA AUXILIADORA CANTERO AGUERO</SimpleData>
            <SimpleData name="Sexo">Mujer</SimpleData>
            <SimpleData name="Cambio_de_">NO</SimpleData>
            <SimpleData name="Titular_se">NO</SimpleData>
            <SimpleData name="ci_UNIF">5636287.00000000000</SimpleData>
            <SimpleData name="Situación">NO</SimpleData>
            <SimpleData name="Comunidad">Campesina</SimpleData>
            <SimpleData name="Modelo_imp">Modelo 3</SimpleData>
            <SimpleData name="Departamen">CAAGUAZU</SimpleData>
            <SimpleData name="Distrito">CARAYAO</SimpleData>
            <SimpleData name="Localidad">CALLE 13 MIL</SimpleData>
            <SimpleData name="Teléfono">0986345291</SimpleData>
            <SimpleData name="Vivienda_L">-25.18992910000</SimpleData>
            <SimpleData name="Vivienda_1">-56.25594180000</SimpleData>
            <SimpleData name="Superficie">1.00000000000</SimpleData>
            <SimpleData name="Situaci_1">Par?metro</SimpleData>
            <SimpleData name="Plantado">SI</SimpleData>
            <SimpleData name="Fecha_Plan">2026/04/22</SimpleData>
            <SimpleData name="Jornales">0.00000000000</SimpleData>
            <SimpleData name="Monto">0.00000000000</SimpleData>
            <SimpleData name="Grupo_de_p">D-P3-XX-XX-XX</SimpleData>
            <SimpleData name="Estado_del">Activo</SimpleData>
            <SimpleData name="Empresa">Unique Wood Paraguay SA</SimpleData>
            <SimpleData name="Lote">D</SimpleData>
            <SimpleData name="Parametro">0.00000000000</SimpleData>
            <SimpleData name="Sup_SIG">1.01284417632</SimpleData>
            <SimpleData name="X">-56.25580142000</SimpleData>
            <SimpleData name="Y">-25.19409397000</SimpleData>
            <SimpleData name="cedula">5636287</SimpleData>
            <SimpleData name="Cédula_1">5636287.00000000000</SimpleData>
            <SimpleData name="Estado_d_1">Activo</SimpleData>
            <SimpleData name="OBJECTID_1">7188</SimpleData>
            <SimpleData name="Shape_Leng">435.21515766300</SimpleData>
            <SimpleData name="Shape_Area">10128.44176320000</SimpleData>
          </SchemaData>
        </ExtendedData>
        <Polygon>
          <outerBoundaryIs>
            <LinearRing>
              <coordinates>
                -56.2554567002702,-25.1934415998139,0
                -56.2554750002514,-25.194803299604,0
                -56.2560923002892,-25.1947733000736,0
                -56.2561834997163,-25.1934314000068,0
                -56.2554567002702,-25.1934415998139,0
              </coordinates>
            </LinearRing>
          </outerBoundaryIs>
        </Polygon>
      </Placemark>
      <Placemark id="Lote_D.132">
        <ExtendedData>
          <SchemaData schemaUrl="#Lote_D.schema">
            <SimpleData name="Cédula">6969474.00000000000</SimpleData>
            <SimpleData name="Nombres_y_">EMILCE  FRUTOS CABRAL</SimpleData>
            <SimpleData name="Sexo">Mujer</SimpleData>
            <SimpleData name="Cambio_de_">NO</SimpleData>
            <SimpleData name="Titular_se">NO</SimpleData>
            <SimpleData name="ci_UNIF">6969474.00000000000</SimpleData>
            <SimpleData name="Situación">NO</SimpleData>
            <SimpleData name="Comunidad">Campesina</SimpleData>
            <SimpleData name="Modelo_imp">Modelo 5</SimpleData>
            <SimpleData name="Departamen">CAAGUAZU</SimpleData>
            <SimpleData name="Distrito">YH?</SimpleData>
            <SimpleData name="Localidad">YATAITY</SimpleData>
            <SimpleData name="Teléfono">983880928</SimpleData>
            <SimpleData name="Vivienda_L">-25.06570330000</SimpleData>
            <SimpleData name="Vivienda_1">-55.99134000000</SimpleData>
            <SimpleData name="Superficie">0.70000000000</SimpleData>
            <SimpleData name="Situaci_1">Pol?gono</SimpleData>
            <SimpleData name="Plantado">SI</SimpleData>
            <SimpleData name="Fecha_Plan">2025/10/19</SimpleData>
            <SimpleData name="Jornales">0.00000000000</SimpleData>
            <SimpleData name="Monto">0.00000000000</SimpleData>
            <SimpleData name="Grupo_de_p">D-P3-XX-XX-XX</SimpleData>
            <SimpleData name="Estado_del">Activo</SimpleData>
            <SimpleData name="Empresa">Unique Wood Paraguay SA</SimpleData>
            <SimpleData name="Lote">D</SimpleData>
            <SimpleData name="Parametro">0.00000000000</SimpleData>
            <SimpleData name="Sup_SIG">0.80839480713</SimpleData>
            <SimpleData name="X">-55.99171714000</SimpleData>
            <SimpleData name="Y">-25.06587094000</SimpleData>
            <SimpleData name="cedula">6969474</SimpleData>
            <SimpleData name="Cédula_1">6969474.00000000000</SimpleData>
            <SimpleData name="Estado_d_1">Activo</SimpleData>
            <SimpleData name="OBJECTID_1">8795</SimpleData>
            <SimpleData name="Shape_Leng">367.34584263600</SimpleData>
            <SimpleData name="Shape_Area">8083.94807129000</SimpleData>
          </SchemaData>
        </ExtendedData>
        <Polygon>
          <outerBoundaryIs>
            <LinearRing>
              <coordinates>
                -55.9911706001498,-25.0659420995859,0
                -55.991508699598,-25.0664457997376,0
                -55.9923046996551,-25.0660035000385,0
                -55.9918630001389,-25.0652875001138,0
                -55.991347500477,-25.0655128001162,0
                -55.9914057996574,-25.0657640002416,0
                -55.9911706001498,-25.0659420995859,0
              </coordinates>
            </LinearRing>
          </outerBoundaryIs>
        </Polygon>
      </Placemark>
      <Placemark id="Lote_D.133">
        <ExtendedData>
          <SchemaData schemaUrl="#Lote_D.schema">
            <SimpleData name="Cédula">4071808.00000000000</SimpleData>
            <SimpleData name="Nombres_y_">LILIAN MERCEDES ENCINA GONZALEZ</SimpleData>
            <SimpleData name="Sexo">Mujer</SimpleData>
            <SimpleData name="Cambio_de_">NO</SimpleData>
            <SimpleData name="Titular_se">NO</SimpleData>
            <SimpleData name="ci_UNIF">4071808.00000000000</SimpleData>
            <SimpleData name="Situación">NO</SimpleData>
            <SimpleData name="Comunidad">Campesina</SimpleData>
            <SimpleData name="Modelo_imp">Modelo 5</SimpleData>
            <SimpleData name="Departamen">CAAGUAZU</SimpleData>
            <SimpleData name="Distrito">SAN JOAQUIN</SimpleData>
            <SimpleData name="Localidad">SEGUNDA TAYI</SimpleData>
            <SimpleData name="Teléfono">0971420158</SimpleData>
            <SimpleData name="Vivienda_L">-24.99251980000</SimpleData>
            <SimpleData name="Vivienda_1">-56.04162430000</SimpleData>
            <SimpleData name="Superficie">0.70000000000</SimpleData>
            <SimpleData name="Situaci_1">Par?metro</SimpleData>
            <SimpleData name="Plantado">SI</SimpleData>
            <SimpleData name="Fecha_Plan">2026/04/30</SimpleData>
            <SimpleData name="Jornales">0.00000000000</SimpleData>
            <SimpleData name="Monto">0.00000000000</SimpleData>
            <SimpleData name="Grupo_de_p">D-P3-XX-XX-XX</SimpleData>
            <SimpleData name="Estado_del">Activo</SimpleData>
            <SimpleData name="Empresa">Unique Wood Paraguay SA</SimpleData>
            <SimpleData name="Lote">D</SimpleData>
            <SimpleData name="Parametro">0.00000000000</SimpleData>
            <SimpleData name="Sup_SIG">0.94543602173</SimpleData>
            <SimpleData name="X">-56.04016510000</SimpleData>
            <SimpleData name="Y">-24.99211044000</SimpleData>
            <SimpleData name="cedula">4071808</SimpleData>
            <SimpleData name="Cédula_1">4071808.00000000000</SimpleData>
            <SimpleData name="Estado_d_1">Activo</SimpleData>
            <SimpleData name="OBJECTID_1">7170</SimpleData>
            <SimpleData name="Shape_Leng">473.71394933600</SimpleData>
            <SimpleData name="Shape_Area">9454.36021732000</SimpleData>
          </SchemaData>
        </ExtendedData>
        <Polygon>
          <outerBoundaryIs>
            <LinearRing>
              <coordinates>
                -56.0391994000234,-24.9921461998126,0
                -56.0410115001908,-24.9925195002027,0
                -56.0411030003002,-24.9920549996772,0
                -56.0393141003813,-24.9917120999661,0
                -56.0391994000234,-24.9921461998126,0
              </coordinates>
            </LinearRing>
          </outerBoundaryIs>
        </Polygon>
      </Placemark>
      <Placemark id="Lote_D.134">
        <ExtendedData>
          <SchemaData schemaUrl="#Lote_D.schema">
            <SimpleData name="Cédula">4459946.00000000000</SimpleData>
            <SimpleData name="Nombres_y_">CRISTIAN RODRIGO BALMORI RIVEROS</SimpleData>
            <SimpleData name="Sexo">Hombre</SimpleData>
            <SimpleData name="Cambio_de_">NO</SimpleData>
            <SimpleData name="Titular_se">NO</SimpleData>
            <SimpleData name="ci_UNIF">4459946.00000000000</SimpleData>
            <SimpleData name="Situación">NO</SimpleData>
            <SimpleData name="Comunidad">Campesina</SimpleData>
            <SimpleData name="Modelo_imp">Modelo 2</SimpleData>
            <SimpleData name="Departamen">CAAGUAZU</SimpleData>
            <SimpleData name="Distrito">SAN JOAQUIN</SimpleData>
            <SimpleData name="Localidad">NOGUEIRA</SimpleData>
            <SimpleData name="Teléfono">0976405525</SimpleData>
            <SimpleData name="Vivienda_L">-25.03970440000</SimpleData>
            <SimpleData name="Vivienda_1">-56.10039390000</SimpleData>
            <SimpleData name="Superficie">0.80000000000</SimpleData>
            <SimpleData name="Situaci_1">Par?metro</SimpleData>
            <SimpleData name="Plantado">SI</SimpleData>
            <SimpleData name="Fecha_Plan">2025/10/11</SimpleData>
            <SimpleData name="Jornales">0.00000000000</SimpleData>
            <SimpleData name="Monto">0.00000000000</SimpleData>
            <SimpleData name="Grupo_de_p">D-P3-XX-XX-XX</SimpleData>
            <SimpleData name="Estado_del">Activo</SimpleData>
            <SimpleData name="Empresa">Unique Wood Paraguay SA</SimpleData>
            <SimpleData name="Lote">D</SimpleData>
            <SimpleData name="Parametro">0.00000000000</SimpleData>
            <SimpleData name="Sup_SIG">0.80556236396</SimpleData>
            <SimpleData name="X">-56.10210930000</SimpleData>
            <SimpleData name="Y">-25.04344878000</SimpleData>
            <SimpleData name="cedula">4459946</SimpleData>
            <SimpleData name="Cédula_1">4459946.00000000000</SimpleData>
            <SimpleData name="Estado_d_1">Activo</SimpleData>
            <SimpleData name="OBJECTID_1">8734</SimpleData>
            <SimpleData name="Shape_Leng">363.06552224100</SimpleData>
            <SimpleData name="Shape_Area">8055.62363962000</SimpleData>
          </SchemaData>
        </ExtendedData>
        <Polygon>
          <outerBoundaryIs>
            <LinearRing>
              <coordinates>
                -56.1015238003579,-25.0437405997377,0
                -56.1023662002868,-25.0438955998682,0
                -56.1027652001158,-25.0433289001667,0
                -56.1018434003118,-25.042907299651,0
                -56.1015238003579,-25.0437405997377,0
              </coordinates>
            </LinearRing>
          </outerBoundaryIs>
        </Polygon>
      </Placemark>
      <Placemark id="Lote_D.135">
        <ExtendedData>
          <SchemaData schemaUrl="#Lote_D.schema">
            <SimpleData name="Cédula">6105409.00000000000</SimpleData>
            <SimpleData name="Nombres_y_">AIDA ROSSANA GONZALEZ NOGUERA</SimpleData>
            <SimpleData name="Sexo">Mujer</SimpleData>
            <SimpleData name="Cambio_de_">NO</SimpleData>
            <SimpleData name="Titular_se">NO</SimpleData>
            <SimpleData name="ci_UNIF">6105409.00000000000</SimpleData>
            <SimpleData name="Situación">NO</SimpleData>
            <SimpleData name="Comunidad">Campesina</SimpleData>
            <SimpleData name="Modelo_imp">Modelo 5</SimpleData>
            <SimpleData name="Departamen">CAAGUAZU</SimpleData>
            <SimpleData name="Distrito">SAN JOAQUIN</SimpleData>
            <SimpleData name="Localidad">SEGUNDA TAYI</SimpleData>
            <SimpleData name="Teléfono">0983236653</SimpleData>
            <SimpleData name="Vivienda_L">-24.99357830000</SimpleData>
            <SimpleData name="Vivienda_1">-56.04111440000</SimpleData>
            <SimpleData name="Superficie">0.70000000000</SimpleData>
            <SimpleData name="Situaci_1">Par?metro</SimpleData>
            <SimpleData name="Plantado">SI</SimpleData>
            <SimpleData name="Fecha_Plan">2026/04/30</SimpleData>
            <SimpleData name="Jornales">0.00000000000</SimpleData>
            <SimpleData name="Monto">0.00000000000</SimpleData>
            <SimpleData name="Grupo_de_p">D-P3-XX-XX-XX</SimpleData>
            <SimpleData name="Estado_del">Activo</SimpleData>
            <SimpleData name="Empresa">Unique Wood Paraguay SA</SimpleData>
            <SimpleData name="Lote">D</SimpleData>
            <SimpleData name="Parametro">0.00000000000</SimpleData>
            <SimpleData name="Sup_SIG">0.71679997784</SimpleData>
            <SimpleData name="X">-56.04010854000</SimpleData>
            <SimpleData name="Y">-24.99359603000</SimpleData>
            <SimpleData name="cedula">6105409</SimpleData>
            <SimpleData name="Cédula_1">6105409.00000000000</SimpleData>
            <SimpleData name="Estado_d_1">Activo</SimpleData>
            <SimpleData name="OBJECTID_1">7175</SimpleData>
            <SimpleData name="Shape_Leng">648.95734030400</SimpleData>
            <SimpleData name="Shape_Area">7167.99977844000</SimpleData>
          </SchemaData>
        </ExtendedData>
        <MultiGeometry>
          <Polygon>
            <outerBoundaryIs>
              <LinearRing>
                <coordinates>
                  -56.0414695004525,-24.9942929999874,0
                  -56.0415935004072,-24.9939170004145,0
                  -56.0412139001755,-24.9938234002256,0
                  -56.0411406999086,-24.9941882999562,0
                  -56.0414695004525,-24.9942929999874,0
                </coordinates>
              </LinearRing>
            </outerBoundaryIs>
          </Polygon>
          <Polygon>
            <outerBoundaryIs>
              <LinearRing>
                <coordinates>
                  -56.0402520996268,-24.9933156002476,0
                  -56.0400983001358,-24.9932724998461,0
                  -56.03987710001,-24.9935606997861,0
                  -56.0395993995732,-24.9936335995724,0
                  -56.0395057996707,-24.9939315002116,0
                  -56.0395031995377,-24.9939471997212,0
                  -56.0401764995838,-24.9940912000525,0
                  -56.0402286002933,-24.9939857003929,0
                  -56.039850899589,-24.9938828999208,0
                  -56.0398277001792,-24.9937556002627,0
                  -56.0403037001927,-24.9938490997883,0
                  -56.0405571001754,-24.9932581996534,0
                  -56.0407513000251,-24.9932919003761,0
                  -56.0408318996846,-24.993193899647,0
                  -56.0403252996439,-24.9930819001005,0
                  -56.0402520996268,-24.9933156002476,0
                </coordinates>
              </LinearRing>
            </outerBoundaryIs>
          </Polygon>
        </MultiGeometry>
      </Placemark>
      <Placemark id="Lote_D.136">
        <ExtendedData>
          <SchemaData schemaUrl="#Lote_D.schema">
            <SimpleData name="Cédula">7097608.00000000000</SimpleData>
            <SimpleData name="Nombres_y_">ROSSANA RIQUELME GUERRERO</SimpleData>
            <SimpleData name="Sexo">Mujer</SimpleData>
            <SimpleData name="Cambio_de_">NO</SimpleData>
            <SimpleData name="Titular_se">NO</SimpleData>
            <SimpleData name="ci_UNIF">7097608.00000000000</SimpleData>
            <SimpleData name="Situación">NO</SimpleData>
            <SimpleData name="Comunidad">Campesina</SimpleData>
            <SimpleData name="Modelo_imp">Modelo 5</SimpleData>
            <SimpleData name="Departamen">CAAGUAZU</SimpleData>
            <SimpleData name="Distrito">SAN JOAQUIN</SimpleData>
            <SimpleData name="Localidad">TACUAPI I</SimpleData>
            <SimpleData name="Teléfono">0976453975</SimpleData>
            <SimpleData name="Vivienda_L">-24.98632400000</SimpleData>
            <SimpleData name="Vivienda_1">-56.05417630000</SimpleData>
            <SimpleData name="Superficie">0.70000000000</SimpleData>
            <SimpleData name="Situaci_1">Par?metro</SimpleData>
            <SimpleData name="Plantado">SI</SimpleData>
            <SimpleData name="Fecha_Plan">2026/04/29</SimpleData>
            <SimpleData name="Jornales">0.00000000000</SimpleData>
            <SimpleData name="Monto">0.00000000000</SimpleData>
            <SimpleData name="Grupo_de_p">D-P3-XX-XX-XX</SimpleData>
            <SimpleData name="Estado_del">Activo</SimpleData>
            <SimpleData name="Empresa">Unique Wood Paraguay SA</SimpleData>
            <SimpleData name="Lote">D</SimpleData>
            <SimpleData name="Parametro">0.00000000000</SimpleData>
            <SimpleData name="Sup_SIG">0.71043179196</SimpleData>
            <SimpleData name="X">-56.05552706000</SimpleData>
            <SimpleData name="Y">-24.98733443000</SimpleData>
            <SimpleData name="cedula">7097608</SimpleData>
            <SimpleData name="Cédula_1">7097608.00000000000</SimpleData>
            <SimpleData name="Estado_d_1">Activo</SimpleData>
            <SimpleData name="OBJECTID_1">7171</SimpleData>
            <SimpleData name="Shape_Leng">358.55799969000</SimpleData>
            <SimpleData name="Shape_Area">7104.31791960000</SimpleData>
          </SchemaData>
        </ExtendedData>
        <Polygon>
          <outerBoundaryIs>
            <LinearRing>
              <coordinates>
                -56.0549649998907,-24.9874582999215,0
                -56.0560023003865,-24.9877769002758,0
                -56.0561637999308,-24.9872990995525,0
                -56.0550369003316,-24.9868446997988,0
                -56.0549649998907,-24.9874582999215,0
              </coordinates>
            </LinearRing>
          </outerBoundaryIs>
        </Polygon>
      </Placemark>
      <Placemark id="Lote_D.137">
        <ExtendedData>
          <SchemaData schemaUrl="#Lote_D.schema">
            <SimpleData name="Cédula">1920304.00000000000</SimpleData>
            <SimpleData name="Nombres_y_">ESTHER LOPEZ DE DIAZ</SimpleData>
            <SimpleData name="Sexo">Mujer</SimpleData>
            <SimpleData name="Cambio_de_">NO</SimpleData>
            <SimpleData name="Titular_se">NO</SimpleData>
            <SimpleData name="ci_UNIF">1920304.00000000000</SimpleData>
            <SimpleData name="Situación">NO</SimpleData>
            <SimpleData name="Comunidad">Campesina</SimpleData>
            <SimpleData name="Modelo_imp">Modelo 3</SimpleData>
            <SimpleData name="Departamen">CAAGUAZU</SimpleData>
            <SimpleData name="Distrito">CARAYAO</SimpleData>
            <SimpleData name="Localidad">CALLE 14 MIL</SimpleData>
            <SimpleData name="Teléfono">0973658669</SimpleData>
            <SimpleData name="Vivienda_L">-25.18991550000</SimpleData>
            <SimpleData name="Vivienda_1">-56.23819240000</SimpleData>
            <SimpleData name="Superficie">1.00000000000</SimpleData>
            <SimpleData name="Situaci_1">Par?metro</SimpleData>
            <SimpleData name="Plantado">SI</SimpleData>
            <SimpleData name="Fecha_Plan">2026/04/24</SimpleData>
            <SimpleData name="Jornales">0.00000000000</SimpleData>
            <SimpleData name="Monto">0.00000000000</SimpleData>
            <SimpleData name="Grupo_de_p">D-P3-XX-XX-XX</SimpleData>
            <SimpleData name="Estado_del">Activo</SimpleData>
            <SimpleData name="Empresa">Unique Wood Paraguay SA</SimpleData>
            <SimpleData name="Lote">D</SimpleData>
            <SimpleData name="Parametro">0.00000000000</SimpleData>
            <SimpleData name="Sup_SIG">1.01588355834</SimpleData>
            <SimpleData name="X">-56.23839095000</SimpleData>
            <SimpleData name="Y">-25.18874306000</SimpleData>
            <SimpleData name="cedula">1920304</SimpleData>
            <SimpleData name="Cédula_1">1920304.00000000000</SimpleData>
            <SimpleData name="Estado_d_1">Activo</SimpleData>
            <SimpleData name="OBJECTID_1">7193</SimpleData>
            <SimpleData name="Shape_Leng">473.20622283800</SimpleData>
            <SimpleData name="Shape_Area">10158.83558340000</SimpleData>
          </SchemaData>
        </ExtendedData>
        <Polygon>
          <outerBoundaryIs>
            <LinearRing>
              <coordinates>
                -56.2374450002988,-25.1889967004381,0
                -56.2392282997765,-25.1890059997975,0
                -56.2392198998749,-25.1883966995676,0
                -56.2374422000955,-25.1885838997291,0
                -56.2374450002988,-25.1889967004381,0
              </coordinates>
            </LinearRing>
          </outerBoundaryIs>
        </Polygon>
      </Placemark>
      <Placemark id="Lote_D.138">
        <ExtendedData>
          <SchemaData schemaUrl="#Lote_D.schema">
            <SimpleData name="Cédula">6115549.00000000000</SimpleData>
            <SimpleData name="Nombres_y_">SONIA RAQUEL FERNANDEZ</SimpleData>
            <SimpleData name="Sexo">Mujer</SimpleData>
            <SimpleData name="Cambio_de_">NO</SimpleData>
            <SimpleData name="Titular_se">NO</SimpleData>
            <SimpleData name="ci_UNIF">6115549.00000000000</SimpleData>
            <SimpleData name="Situación">NO</SimpleData>
            <SimpleData name="Comunidad">Campesina</SimpleData>
            <SimpleData name="Modelo_imp">Modelo 3</SimpleData>
            <SimpleData name="Departamen">CAAGUAZU</SimpleData>
            <SimpleData name="Distrito">CARAYAO</SimpleData>
            <SimpleData name="Localidad">CRISTO REY</SimpleData>
            <SimpleData name="Teléfono">0972932449</SimpleData>
            <SimpleData name="Vivienda_L">-25.19038930000</SimpleData>
            <SimpleData name="Vivienda_1">-56.29368310000</SimpleData>
            <SimpleData name="Superficie">1.00000000000</SimpleData>
            <SimpleData name="Situaci_1">Par?metro</SimpleData>
            <SimpleData name="Plantado">SI</SimpleData>
            <SimpleData name="Fecha_Plan">2026/04/21</SimpleData>
            <SimpleData name="Jornales">0.00000000000</SimpleData>
            <SimpleData name="Monto">0.00000000000</SimpleData>
            <SimpleData name="Grupo_de_p">D-P3-XX-XX-XX</SimpleData>
            <SimpleData name="Estado_del">Activo</SimpleData>
            <SimpleData name="Empresa">Unique Wood Paraguay SA</SimpleData>
            <SimpleData name="Lote">D</SimpleData>
            <SimpleData name="Parametro">0.00000000000</SimpleData>
            <SimpleData name="Sup_SIG">1.17549613615</SimpleData>
            <SimpleData name="X">-56.29336915000</SimpleData>
            <SimpleData name="Y">-25.19753344000</SimpleData>
            <SimpleData name="cedula">6115549</SimpleData>
            <SimpleData name="Cédula_1">6115549.00000000000</SimpleData>
            <SimpleData name="Estado_d_1">Activo</SimpleData>
            <SimpleData name="OBJECTID_1">7190</SimpleData>
            <SimpleData name="Shape_Leng">514.54927327700</SimpleData>
            <SimpleData name="Shape_Area">11754.96136150000</SimpleData>
          </SchemaData>
        </ExtendedData>
        <Polygon>
          <outerBoundaryIs>
            <LinearRing>
              <coordinates>
                -56.2927590002484,-25.1980350001906,0
                -56.2938440997548,-25.1980780999147,0
                -56.2938198000744,-25.1967624001222,0
                -56.293393399734,-25.1966549995845,0
                -56.293509000379,-25.1970076999265,0
                -56.2933183002696,-25.1972816999321,0
                -56.2927412999052,-25.1973135998174,0
                -56.2927590002484,-25.1980350001906,0
              </coordinates>
            </LinearRing>
          </outerBoundaryIs>
        </Polygon>
      </Placemark>
      <Placemark id="Lote_D.139">
        <ExtendedData>
          <SchemaData schemaUrl="#Lote_D.schema">
            <SimpleData name="Cédula">2117840.00000000000</SimpleData>
            <SimpleData name="Nombres_y_">AMELIA ESTER AGUERO DE AMARILLA</SimpleData>
            <SimpleData name="Sexo">Mujer</SimpleData>
            <SimpleData name="Cambio_de_">NO</SimpleData>
            <SimpleData name="Titular_se">NO</SimpleData>
            <SimpleData name="ci_UNIF">2117840.00000000000</SimpleData>
            <SimpleData name="Situación">NO</SimpleData>
            <SimpleData name="Comunidad">Campesina</SimpleData>
            <SimpleData name="Modelo_imp">Modelo 3</SimpleData>
            <SimpleData name="Departamen">CAAGUAZU</SimpleData>
            <SimpleData name="Distrito">CARAYAO</SimpleData>
            <SimpleData name="Localidad">TENIENTE MORALES-ALEMAN KUE</SimpleData>
            <SimpleData name="Teléfono">0971480426</SimpleData>
            <SimpleData name="Vivienda_L">-25.27269490000</SimpleData>
            <SimpleData name="Vivienda_1">-56.26843150000</SimpleData>
            <SimpleData name="Superficie">1.00000000000</SimpleData>
            <SimpleData name="Situaci_1">Par?metro</SimpleData>
            <SimpleData name="Plantado">SI</SimpleData>
            <SimpleData name="Fecha_Plan">2026/04/24</SimpleData>
            <SimpleData name="Jornales">0.00000000000</SimpleData>
            <SimpleData name="Monto">0.00000000000</SimpleData>
            <SimpleData name="Grupo_de_p">D-P3-XX-XX-XX</SimpleData>
            <SimpleData name="Estado_del">Activo</SimpleData>
            <SimpleData name="Empresa">Unique Wood Paraguay SA</SimpleData>
            <SimpleData name="Lote">D</SimpleData>
            <SimpleData name="Parametro">0.00000000000</SimpleData>
            <SimpleData name="Sup_SIG">1.22644762322</SimpleData>
            <SimpleData name="X">-56.26828369000</SimpleData>
            <SimpleData name="Y">-25.27118022000</SimpleData>
            <SimpleData name="cedula">2117840</SimpleData>
            <SimpleData name="Cédula_1">2117840.00000000000</SimpleData>
            <SimpleData name="Estado_d_1">Activo</SimpleData>
            <SimpleData name="OBJECTID_1">7184</SimpleData>
            <SimpleData name="Shape_Leng">482.14105577100</SimpleData>
            <SimpleData name="Shape_Area">12264.47623220000</SimpleData>
          </SchemaData>
        </ExtendedData>
        <Polygon>
          <outerBoundaryIs>
            <LinearRing>
              <coordinates>
                -56.2680032998476,-25.2704666997767,0
                -56.2678133002275,-25.2719482997913,0
                -56.2685100003807,-25.2719266998652,0
                -56.2687980001882,-25.2704443002204,0
                -56.2680032998476,-25.2704666997767,0
              </coordinates>
            </LinearRing>
          </outerBoundaryIs>
        </Polygon>
      </Placemark>
      <Placemark id="Lote_D.140">
        <ExtendedData>
          <SchemaData schemaUrl="#Lote_D.schema">
            <SimpleData name="Cédula">6710851.00000000000</SimpleData>
            <SimpleData name="Nombres_y_">TANIA SOLEDAD CORONEL</SimpleData>
            <SimpleData name="Sexo">Mujer</SimpleData>
            <SimpleData name="Cambio_de_">NO</SimpleData>
            <SimpleData name="Titular_se">NO</SimpleData>
            <SimpleData name="ci_UNIF">6710851.00000000000</SimpleData>
            <SimpleData name="Situación">NO</SimpleData>
            <SimpleData name="Comunidad">Campesina</SimpleData>
            <SimpleData name="Modelo_imp">Modelo 5</SimpleData>
            <SimpleData name="Departamen">CAAGUAZU</SimpleData>
            <SimpleData name="Distrito">SAN JOAQUIN</SimpleData>
            <SimpleData name="Localidad">TACUAPI I</SimpleData>
            <SimpleData name="Teléfono">0983781294</SimpleData>
            <SimpleData name="Vivienda_L">-24.98295400000</SimpleData>
            <SimpleData name="Vivienda_1">-56.05464090000</SimpleData>
            <SimpleData name="Superficie">0.70000000000</SimpleData>
            <SimpleData name="Situaci_1">Par?metro</SimpleData>
            <SimpleData name="Plantado">SI</SimpleData>
            <SimpleData name="Fecha_Plan">2026/04/30</SimpleData>
            <SimpleData name="Jornales">0.00000000000</SimpleData>
            <SimpleData name="Monto">0.00000000000</SimpleData>
            <SimpleData name="Grupo_de_p">D-P3-XX-XX-XX</SimpleData>
            <SimpleData name="Estado_del">Activo</SimpleData>
            <SimpleData name="Empresa">Unique Wood Paraguay SA</SimpleData>
            <SimpleData name="Lote">D</SimpleData>
            <SimpleData name="Parametro">0.00000000000</SimpleData>
            <SimpleData name="Sup_SIG">0.79126333001</SimpleData>
            <SimpleData name="X">-56.05321097000</SimpleData>
            <SimpleData name="Y">-24.98289272000</SimpleData>
            <SimpleData name="cedula">6710851</SimpleData>
            <SimpleData name="Cédula_1">6710851.00000000000</SimpleData>
            <SimpleData name="Estado_d_1">Activo</SimpleData>
            <SimpleData name="OBJECTID_1">7174</SimpleData>
            <SimpleData name="Shape_Leng">532.86324387400</SimpleData>
            <SimpleData name="Shape_Area">7912.63330010000</SimpleData>
          </SchemaData>
        </ExtendedData>
        <MultiGeometry>
          <Polygon>
            <outerBoundaryIs>
              <LinearRing>
                <coordinates>
                  -56.0539583003379,-24.9833683000738,0
                  -56.0540433001481,-24.9829833000883,0
                  -56.0527536996415,-24.9826994996566,0
                  -56.0526912995926,-24.983116399589,0
                  -56.0539583003379,-24.9833683000738,0
                </coordinates>
              </LinearRing>
            </outerBoundaryIs>
          </Polygon>
          <Polygon>
            <outerBoundaryIs>
              <LinearRing>
                <coordinates>
                  -56.0529336998059,-24.98269559997,0
                  -56.0530145002076,-24.9822791998559,0
                  -56.0526194995631,-24.9821881003929,0
                  -56.0525391996373,-24.9826294000286,0
                  -56.0529336998059,-24.98269559997,0
                </coordinates>
              </LinearRing>
            </outerBoundaryIs>
          </Polygon>
        </MultiGeometry>
      </Placemark>
      <Placemark id="Lote_D.141">
        <ExtendedData>
          <SchemaData schemaUrl="#Lote_D.schema">
            <SimpleData name="Cédula">2852980.00000000000</SimpleData>
            <SimpleData name="Nombres_y_">MARIA LUCILA AYALA SOSA</SimpleData>
            <SimpleData name="Sexo">Mujer</SimpleData>
            <SimpleData name="Cambio_de_">NO</SimpleData>
            <SimpleData name="Titular_se">NO</SimpleData>
            <SimpleData name="ci_UNIF">2852980.00000000000</SimpleData>
            <SimpleData name="Situación">NO</SimpleData>
            <SimpleData name="Comunidad">Campesina</SimpleData>
            <SimpleData name="Modelo_imp">Modelo 5</SimpleData>
            <SimpleData name="Departamen">CAAGUAZU</SimpleData>
            <SimpleData name="Distrito">SAN JOAQUIN</SimpleData>
            <SimpleData name="Localidad">TARUMA</SimpleData>
            <SimpleData name="Teléfono">0982945209</SimpleData>
            <SimpleData name="Vivienda_L">-25.11312570000</SimpleData>
            <SimpleData name="Vivienda_1">-56.02967290000</SimpleData>
            <SimpleData name="Superficie">0.70000000000</SimpleData>
            <SimpleData name="Situaci_1">Par?metro</SimpleData>
            <SimpleData name="Plantado">SI</SimpleData>
            <SimpleData name="Fecha_Plan">2026/05/07</SimpleData>
            <SimpleData name="Jornales">0.00000000000</SimpleData>
            <SimpleData name="Monto">0.00000000000</SimpleData>
            <SimpleData name="Grupo_de_p">D-P3-XX-XX-XX</SimpleData>
            <SimpleData name="Estado_del">Activo</SimpleData>
            <SimpleData name="Empresa">Unique Wood Paraguay SA</SimpleData>
            <SimpleData name="Lote">D</SimpleData>
            <SimpleData name="Parametro">0.00000000000</SimpleData>
            <SimpleData name="Sup_SIG">0.70139345038</SimpleData>
            <SimpleData name="X">-56.03109873000</SimpleData>
            <SimpleData name="Y">-25.11522580000</SimpleData>
            <SimpleData name="cedula">2852980</SimpleData>
            <SimpleData name="Cédula_1">2852980.00000000000</SimpleData>
            <SimpleData name="Estado_d_1">Activo</SimpleData>
            <SimpleData name="OBJECTID_1">7155</SimpleData>
            <SimpleData name="Shape_Leng">487.83183762800</SimpleData>
            <SimpleData name="Shape_Area">7013.93450378000</SimpleData>
          </SchemaData>
        </ExtendedData>
        <MultiGeometry>
          <Polygon>
            <outerBoundaryIs>
              <LinearRing>
                <coordinates>
                  -56.0313243999604,-25.1162358995521,0
                  -56.0319745997432,-25.1158935001355,0
                  -56.0317425000094,-25.1156018999137,0
                  -56.0311368994733,-25.1160075992887,0
                  -56.0313243999604,-25.1162358995521,0
                </coordinates>
              </LinearRing>
            </outerBoundaryIs>
          </Polygon>
          <Polygon>
            <outerBoundaryIs>
              <LinearRing>
                <coordinates>
                  -56.0309716990909,-25.1156305992946,0
                  -56.0315394993768,-25.1152800994661,0
                  -56.0312715000069,-25.1148101999638,0
                  -56.0306271995246,-25.1151984998863,0
                  -56.0309716990909,-25.1156305992946,0
                </coordinates>
              </LinearRing>
            </outerBoundaryIs>
          </Polygon>
        </MultiGeometry>
      </Placemark>
      <Placemark id="Lote_D.142">
        <ExtendedData>
          <SchemaData schemaUrl="#Lote_D.schema">
            <SimpleData name="Cédula">4570879.00000000000</SimpleData>
            <SimpleData name="Nombres_y_">EMILIA  OCAMPO DE FLORES</SimpleData>
            <SimpleData name="Sexo">Mujer</SimpleData>
            <SimpleData name="Cambio_de_">NO</SimpleData>
            <SimpleData name="Titular_se">NO</SimpleData>
            <SimpleData name="ci_UNIF">4570879.00000000000</SimpleData>
            <SimpleData name="Situación">NO</SimpleData>
            <SimpleData name="Comunidad">Campesina</SimpleData>
            <SimpleData name="Modelo_imp">Modelo 5</SimpleData>
            <SimpleData name="Departamen">CAAGUAZU</SimpleData>
            <SimpleData name="Distrito">YH?</SimpleData>
            <SimpleData name="Localidad">CA?ADITA</SimpleData>
            <SimpleData name="Teléfono">981051094</SimpleData>
            <SimpleData name="Vivienda_L">-25.15962770000</SimpleData>
            <SimpleData name="Vivienda_1">-55.91685630000</SimpleData>
            <SimpleData name="Superficie">0.70000000000</SimpleData>
            <SimpleData name="Situaci_1">Pol?gono</SimpleData>
            <SimpleData name="Plantado">SI</SimpleData>
            <SimpleData name="Fecha_Plan">2025/10/24</SimpleData>
            <SimpleData name="Jornales">0.00000000000</SimpleData>
            <SimpleData name="Monto">0.00000000000</SimpleData>
            <SimpleData name="Grupo_de_p">D-P3-XX-XX-XX</SimpleData>
            <SimpleData name="Estado_del">Activo</SimpleData>
            <SimpleData name="Empresa">Unique Wood Paraguay SA</SimpleData>
            <SimpleData name="Lote">D</SimpleData>
            <SimpleData name="Parametro">0.00000000000</SimpleData>
            <SimpleData name="Sup_SIG">0.79857039288</SimpleData>
            <SimpleData name="X">-55.91524011000</SimpleData>
            <SimpleData name="Y">-25.15941675000</SimpleData>
            <SimpleData name="cedula">4570879</SimpleData>
            <SimpleData name="Cédula_1">4570879.00000000000</SimpleData>
            <SimpleData name="Estado_d_1">Activo</SimpleData>
            <SimpleData name="OBJECTID_1">8814</SimpleData>
            <SimpleData name="Shape_Leng">358.42732568400</SimpleData>
            <SimpleData name="Shape_Area">7985.70392877000</SimpleData>
          </SchemaData>
        </ExtendedData>
        <Polygon>
          <outerBoundaryIs>
            <LinearRing>
              <coordinates>
                -55.9148030993978,-25.1598315994084,0
                -55.9156645995719,-25.1598530995051,0
                -55.9156488992105,-25.1590019998266,0
                -55.9148521994041,-25.1589582998536,0
                -55.9148030993978,-25.1598315994084,0
              </coordinates>
            </LinearRing>
          </outerBoundaryIs>
        </Polygon>
      </Placemark>
      <Placemark id="Lote_D.143">
        <ExtendedData>
          <SchemaData schemaUrl="#Lote_D.schema">
            <SimpleData name="Cédula">2419174.00000000000</SimpleData>
            <SimpleData name="Nombres_y_">BLANCA IRENE SOSA DE GONZALEZ</SimpleData>
            <SimpleData name="Sexo">Mujer</SimpleData>
            <SimpleData name="Cambio_de_">NO</SimpleData>
            <SimpleData name="Titular_se">NO</SimpleData>
            <SimpleData name="ci_UNIF">2419174.00000000000</SimpleData>
            <SimpleData name="Situación">NO</SimpleData>
            <SimpleData name="Comunidad">Campesina</SimpleData>
            <SimpleData name="Modelo_imp">Modelo 5</SimpleData>
            <SimpleData name="Departamen">CAAGUAZU</SimpleData>
            <SimpleData name="Distrito">SAN JOAQUIN</SimpleData>
            <SimpleData name="Localidad">TARUMA</SimpleData>
            <SimpleData name="Teléfono">0984554013</SimpleData>
            <SimpleData name="Vivienda_L">-25.11252600000</SimpleData>
            <SimpleData name="Vivienda_1">-56.03080090000</SimpleData>
            <SimpleData name="Superficie">0.70000000000</SimpleData>
            <SimpleData name="Situaci_1">Par?metro</SimpleData>
            <SimpleData name="Plantado">SI</SimpleData>
            <SimpleData name="Fecha_Plan">2026/05/07</SimpleData>
            <SimpleData name="Jornales">0.00000000000</SimpleData>
            <SimpleData name="Monto">0.00000000000</SimpleData>
            <SimpleData name="Grupo_de_p">D-P3-XX-XX-XX</SimpleData>
            <SimpleData name="Estado_del">Activo</SimpleData>
            <SimpleData name="Empresa">Unique Wood Paraguay SA</SimpleData>
            <SimpleData name="Lote">D</SimpleData>
            <SimpleData name="Parametro">0.00000000000</SimpleData>
            <SimpleData name="Sup_SIG">0.70187884439</SimpleData>
            <SimpleData name="X">-56.03240132000</SimpleData>
            <SimpleData name="Y">-25.11547746000</SimpleData>
            <SimpleData name="cedula">2419174</SimpleData>
            <SimpleData name="Cédula_1">2419174.00000000000</SimpleData>
            <SimpleData name="Estado_d_1">Activo</SimpleData>
            <SimpleData name="OBJECTID_1">7156</SimpleData>
            <SimpleData name="Shape_Leng">350.94618941800</SimpleData>
            <SimpleData name="Shape_Area">7018.78844386000</SimpleData>
          </SchemaData>
        </ExtendedData>
        <Polygon>
          <outerBoundaryIs>
            <LinearRing>
              <coordinates>
                -56.0317600994589,-25.1155117001014,0
                -56.0320746991145,-25.1159805999709,0
                -56.0330415997386,-25.1154527996113,0
                -56.0327203991409,-25.1149698998752,0
                -56.0317600994589,-25.1155117001014,0
              </coordinates>
            </LinearRing>
          </outerBoundaryIs>
        </Polygon>
      </Placemark>
      <Placemark id="Lote_D.144">
        <ExtendedData>
          <SchemaData schemaUrl="#Lote_D.schema">
            <SimpleData name="Cédula">7379193.00000000000</SimpleData>
            <SimpleData name="Nombres_y_">ROSA SAUCEDO OJEDA</SimpleData>
            <SimpleData name="Sexo">Mujer</SimpleData>
            <SimpleData name="Cambio_de_">NO</SimpleData>
            <SimpleData name="Titular_se">NO</SimpleData>
            <SimpleData name="ci_UNIF">7379193.00000000000</SimpleData>
            <SimpleData name="Situación">NO</SimpleData>
            <SimpleData name="Comunidad">Ind?gena</SimpleData>
            <SimpleData name="Modelo_imp">Modelo 5</SimpleData>
            <SimpleData name="Departamen">CAAGUAZU</SimpleData>
            <SimpleData name="Distrito">SAN JOAQUIN</SimpleData>
            <SimpleData name="Localidad">COM INDIG TEKOHA MIRI</SimpleData>
            <SimpleData name="Teléfono">0984938349</SimpleData>
            <SimpleData name="Vivienda_L">-25.10173820000</SimpleData>
            <SimpleData name="Vivienda_1">-56.01648040000</SimpleData>
            <SimpleData name="Superficie">0.70000000000</SimpleData>
            <SimpleData name="Situaci_1">Par?metro</SimpleData>
            <SimpleData name="Plantado">SI</SimpleData>
            <SimpleData name="Fecha_Plan">2026/05/05</SimpleData>
            <SimpleData name="Jornales">0.00000000000</SimpleData>
            <SimpleData name="Monto">0.00000000000</SimpleData>
            <SimpleData name="Grupo_de_p">D-P3-XX-XX-XX</SimpleData>
            <SimpleData name="Estado_del">Activo</SimpleData>
            <SimpleData name="Empresa">Unique Wood Paraguay SA</SimpleData>
            <SimpleData name="Lote">D</SimpleData>
            <SimpleData name="Parametro">0.00000000000</SimpleData>
            <SimpleData name="Sup_SIG">0.79981173960</SimpleData>
            <SimpleData name="X">-56.01754562000</SimpleData>
            <SimpleData name="Y">-25.10201261000</SimpleData>
            <SimpleData name="cedula">7379193</SimpleData>
            <SimpleData name="Cédula_1">7379193.00000000000</SimpleData>
            <SimpleData name="Estado_d_1">Activo</SimpleData>
            <SimpleData name="OBJECTID_1">7133</SimpleData>
            <SimpleData name="Shape_Leng">357.16927123900</SimpleData>
            <SimpleData name="Shape_Area">7998.11739596000</SimpleData>
          </SchemaData>
        </ExtendedData>
        <Polygon>
          <outerBoundaryIs>
            <LinearRing>
              <coordinates>
                -56.0170191993518,-25.1020947996117,0
                -56.0172405999592,-25.1024656995778,0
                -56.0174499993811,-25.1023682993961,0
                -56.017566299192,-25.1024730001137,0
                -56.0181842999755,-25.102192599833,0
                -56.0177857997773,-25.1016338001411,0
                -56.0175365992454,-25.101504099849,0
                -56.0170801994987,-25.1017070996276,0
                -56.0171191994703,-25.1019771995116,0
                -56.0170191993518,-25.1020947996117,0
              </coordinates>
            </LinearRing>
          </outerBoundaryIs>
        </Polygon>
      </Placemark>
      <Placemark id="Lote_D.145">
        <ExtendedData>
          <SchemaData schemaUrl="#Lote_D.schema">
            <SimpleData name="Cédula">6112334.00000000000</SimpleData>
            <SimpleData name="Nombres_y_">BRUNO  MIRANDA AQUINO</SimpleData>
            <SimpleData name="Sexo">Hombre</SimpleData>
            <SimpleData name="Cambio_de_">NO</SimpleData>
            <SimpleData name="Titular_se">NO</SimpleData>
            <SimpleData name="ci_UNIF">6112334.00000000000</SimpleData>
            <SimpleData name="Situación">NO</SimpleData>
            <SimpleData name="Comunidad">Campesina</SimpleData>
            <SimpleData name="Modelo_imp">Modelo 1</SimpleData>
            <SimpleData name="Departamen">CAAGUAZU</SimpleData>
            <SimpleData name="Distrito">YH?</SimpleData>
            <SimpleData name="Localidad">JUAN SINFORIANO BOGARIN</SimpleData>
            <SimpleData name="Teléfono">986238190</SimpleData>
            <SimpleData name="Vivienda_L">-25.16479360000</SimpleData>
            <SimpleData name="Vivienda_1">-55.93560120000</SimpleData>
            <SimpleData name="Superficie">0.80000000000</SimpleData>
            <SimpleData name="Situaci_1">Pol?gono</SimpleData>
            <SimpleData name="Plantado">SI</SimpleData>
            <SimpleData name="Fecha_Plan">2025/10/21</SimpleData>
            <SimpleData name="Jornales">0.00000000000</SimpleData>
            <SimpleData name="Monto">0.00000000000</SimpleData>
            <SimpleData name="Grupo_de_p">D-P3-XX-XX-XX</SimpleData>
            <SimpleData name="Estado_del">Activo</SimpleData>
            <SimpleData name="Empresa">Unique Wood Paraguay SA</SimpleData>
            <SimpleData name="Lote">D</SimpleData>
            <SimpleData name="Parametro">0.00000000000</SimpleData>
            <SimpleData name="Sup_SIG">1.00349220703</SimpleData>
            <SimpleData name="X">-55.92918129000</SimpleData>
            <SimpleData name="Y">-25.16431220000</SimpleData>
            <SimpleData name="cedula">6112334</SimpleData>
            <SimpleData name="Cédula_1">6112334.00000000000</SimpleData>
            <SimpleData name="Estado_d_1">Activo</SimpleData>
            <SimpleData name="OBJECTID_1">8799</SimpleData>
            <SimpleData name="Shape_Leng">400.86607209200</SimpleData>
            <SimpleData name="Shape_Area">10034.92207030000</SimpleData>
          </SchemaData>
        </ExtendedData>
        <Polygon>
          <outerBoundaryIs>
            <LinearRing>
              <coordinates>
                -55.9286166999361,-25.1646958997626,0
                -55.9296126997926,-25.1648068995211,0
                -55.9297622997906,-25.1639413998492,0
                -55.9287368998012,-25.1638141993141,0
                -55.9286166999361,-25.1646958997626,0
              </coordinates>
            </LinearRing>
          </outerBoundaryIs>
        </Polygon>
      </Placemark>
      <Placemark id="Lote_D.146">
        <ExtendedData>
          <SchemaData schemaUrl="#Lote_D.schema">
            <SimpleData name="Cédula">5912731.00000000000</SimpleData>
            <SimpleData name="Nombres_y_">MYRIAN  MARTINEZ CAZAL</SimpleData>
            <SimpleData name="Sexo">Mujer</SimpleData>
            <SimpleData name="Cambio_de_">NO</SimpleData>
            <SimpleData name="Titular_se">NO</SimpleData>
            <SimpleData name="ci_UNIF">5912731.00000000000</SimpleData>
            <SimpleData name="Situación">NO</SimpleData>
            <SimpleData name="Comunidad">Campesina</SimpleData>
            <SimpleData name="Modelo_imp">Modelo 1</SimpleData>
            <SimpleData name="Departamen">CAAGUAZU</SimpleData>
            <SimpleData name="Distrito">SAN JOAQUIN</SimpleData>
            <SimpleData name="Localidad">TARUMA</SimpleData>
            <SimpleData name="Teléfono">985392564</SimpleData>
            <SimpleData name="Vivienda_L">-25.08884670000</SimpleData>
            <SimpleData name="Vivienda_1">-56.01074330000</SimpleData>
            <SimpleData name="Superficie">0.80000000000</SimpleData>
            <SimpleData name="Situaci_1">Parametro</SimpleData>
            <SimpleData name="Plantado">SI</SimpleData>
            <SimpleData name="Fecha_Plan">2026/05/04</SimpleData>
            <SimpleData name="Jornales">0.00000000000</SimpleData>
            <SimpleData name="Monto">0.00000000000</SimpleData>
            <SimpleData name="Grupo_de_p">D-P3-XX-XX-XX</SimpleData>
            <SimpleData name="Estado_del">Activo</SimpleData>
            <SimpleData name="Empresa">Unique Wood Paraguay SA</SimpleData>
            <SimpleData name="Lote">D</SimpleData>
            <SimpleData name="Parametro">0.00000000000</SimpleData>
            <SimpleData name="Sup_SIG">0.85902184276</SimpleData>
            <SimpleData name="X">-56.01748172000</SimpleData>
            <SimpleData name="Y">-25.09476215000</SimpleData>
            <SimpleData name="cedula">5912731</SimpleData>
            <SimpleData name="Cédula_1">5912731.00000000000</SimpleData>
            <SimpleData name="Estado_d_1">Activo</SimpleData>
            <SimpleData name="OBJECTID_1">7428</SimpleData>
            <SimpleData name="Shape_Leng">371.77587583800</SimpleData>
            <SimpleData name="Shape_Area">8590.21842759000</SimpleData>
          </SchemaData>
        </ExtendedData>
        <Polygon>
          <outerBoundaryIs>
            <LinearRing>
              <coordinates>
                -56.0168378999628,-25.0946081999809,0
                -56.0172513993752,-25.0953145001123,0
                -56.018126399936,-25.0948919000605,0
                -56.0177247998525,-25.0942247995271,0
                -56.0168378999628,-25.0946081999809,0
              </coordinates>
            </LinearRing>
          </outerBoundaryIs>
        </Polygon>
      </Placemark>
      <Placemark id="Lote_D.147">
        <ExtendedData>
          <SchemaData schemaUrl="#Lote_D.schema">
            <SimpleData name="Cédula">5739801.00000000000</SimpleData>
            <SimpleData name="Nombres_y_">DIGNA BENITEZ FERNANDEZ</SimpleData>
            <SimpleData name="Sexo">Mujer</SimpleData>
            <SimpleData name="Cambio_de_">NO</SimpleData>
            <SimpleData name="Titular_se">NO</SimpleData>
            <SimpleData name="ci_UNIF">5739801.00000000000</SimpleData>
            <SimpleData name="Situación">NO</SimpleData>
            <SimpleData name="Comunidad">Ind?gena</SimpleData>
            <SimpleData name="Modelo_imp">Modelo 1</SimpleData>
            <SimpleData name="Departamen">CAAGUAZU</SimpleData>
            <SimpleData name="Distrito">SAN JOAQUIN</SimpleData>
            <SimpleData name="Localidad">COM INDIG TEKOHA MIRI</SimpleData>
            <SimpleData name="Teléfono">ND</SimpleData>
            <SimpleData name="Vivienda_L">-25.10416920000</SimpleData>
            <SimpleData name="Vivienda_1">-56.01885210000</SimpleData>
            <SimpleData name="Superficie">0.80000000000</SimpleData>
            <SimpleData name="Situaci_1">Par?metro</SimpleData>
            <SimpleData name="Plantado">SI</SimpleData>
            <SimpleData name="Fecha_Plan">2026/05/05</SimpleData>
            <SimpleData name="Jornales">0.00000000000</SimpleData>
            <SimpleData name="Monto">0.00000000000</SimpleData>
            <SimpleData name="Grupo_de_p">D-P3-XX-XX-XX</SimpleData>
            <SimpleData name="Estado_del">Activo</SimpleData>
            <SimpleData name="Empresa">Unique Wood Paraguay SA</SimpleData>
            <SimpleData name="Lote">D</SimpleData>
            <SimpleData name="Parametro">0.00000000000</SimpleData>
            <SimpleData name="Sup_SIG">0.94653919597</SimpleData>
            <SimpleData name="X">-56.01949204000</SimpleData>
            <SimpleData name="Y">-25.10060488000</SimpleData>
            <SimpleData name="cedula">5739801</SimpleData>
            <SimpleData name="Cédula_1">5739801.00000000000</SimpleData>
            <SimpleData name="Estado_d_1">Activo</SimpleData>
            <SimpleData name="OBJECTID_1">7131</SimpleData>
            <SimpleData name="Shape_Leng">392.77298509300</SimpleData>
            <SimpleData name="Shape_Area">9465.39195974000</SimpleData>
          </SchemaData>
        </ExtendedData>
        <Polygon>
          <outerBoundaryIs>
            <LinearRing>
              <coordinates>
                -56.0188015990755,-25.1004461999244,0
                -56.0191799993286,-25.1011581999619,0
                -56.0201660993949,-25.1007517995107,0
                -56.0198432991985,-25.1000643998067,0
                -56.0188015990755,-25.1004461999244,0
              </coordinates>
            </LinearRing>
          </outerBoundaryIs>
        </Polygon>
      </Placemark>
      <Placemark id="Lote_D.148">
        <ExtendedData>
          <SchemaData schemaUrl="#Lote_D.schema">
            <SimpleData name="Cédula">3425486.00000000000</SimpleData>
            <SimpleData name="Nombres_y_">ASCENCION  DUARTE FERREIRA</SimpleData>
            <SimpleData name="Sexo">Mujer</SimpleData>
            <SimpleData name="Cambio_de_">NO</SimpleData>
            <SimpleData name="Titular_se">NO</SimpleData>
            <SimpleData name="ci_UNIF">3425486.00000000000</SimpleData>
            <SimpleData name="Situación">NO</SimpleData>
            <SimpleData name="Comunidad">Campesina</SimpleData>
            <SimpleData name="Modelo_imp">Modelo 2</SimpleData>
            <SimpleData name="Departamen">CAAGUAZU</SimpleData>
            <SimpleData name="Distrito">SAN JOAQUIN</SimpleData>
            <SimpleData name="Localidad">TARUMA</SimpleData>
            <SimpleData name="Teléfono">986471174</SimpleData>
            <SimpleData name="Vivienda_L">-25.09115410000</SimpleData>
            <SimpleData name="Vivienda_1">-56.00965380000</SimpleData>
            <SimpleData name="Superficie">0.80000000000</SimpleData>
            <SimpleData name="Situaci_1">Parametro</SimpleData>
            <SimpleData name="Plantado">SI</SimpleData>
            <SimpleData name="Fecha_Plan">2026/05/05</SimpleData>
            <SimpleData name="Jornales">0.00000000000</SimpleData>
            <SimpleData name="Monto">0.00000000000</SimpleData>
            <SimpleData name="Grupo_de_p">D-P3-XX-XX-XX</SimpleData>
            <SimpleData name="Estado_del">Activo</SimpleData>
            <SimpleData name="Empresa">Unique Wood Paraguay SA</SimpleData>
            <SimpleData name="Lote">D</SimpleData>
            <SimpleData name="Parametro">0.00000000000</SimpleData>
            <SimpleData name="Sup_SIG">0.80811402306</SimpleData>
            <SimpleData name="X">-56.01257613000</SimpleData>
            <SimpleData name="Y">-25.09595493000</SimpleData>
            <SimpleData name="cedula">3425486</SimpleData>
            <SimpleData name="Cédula_1">3425486.00000000000</SimpleData>
            <SimpleData name="Estado_d_1">Activo</SimpleData>
            <SimpleData name="OBJECTID_1">7436</SimpleData>
            <SimpleData name="Shape_Leng">362.87127597100</SimpleData>
            <SimpleData name="Shape_Area">8081.14023059000</SimpleData>
          </SchemaData>
        </ExtendedData>
        <Polygon>
          <outerBoundaryIs>
            <LinearRing>
              <coordinates>
                -56.0119581996141,-25.0958916995468,0
                -56.0123181994872,-25.0965030993933,0
                -56.013202199664,-25.0960345995354,0
                -56.0128079994546,-25.0953959993744,0
                -56.0119581996141,-25.0958916995468,0
              </coordinates>
            </LinearRing>
          </outerBoundaryIs>
        </Polygon>
      </Placemark>
      <Placemark id="Lote_D.149">
        <ExtendedData>
          <SchemaData schemaUrl="#Lote_D.schema">
            <SimpleData name="Cédula">3320217.00000000000</SimpleData>
            <SimpleData name="Nombres_y_">RAQUEL BRITEZ TORALES</SimpleData>
            <SimpleData name="Sexo">Mujer</SimpleData>
            <SimpleData name="Cambio_de_">NO</SimpleData>
            <SimpleData name="Titular_se">NO</SimpleData>
            <SimpleData name="ci_UNIF">3320217.00000000000</SimpleData>
            <SimpleData name="Situación">NO</SimpleData>
            <SimpleData name="Comunidad">Campesina</SimpleData>
            <SimpleData name="Modelo_imp">Modelo 5</SimpleData>
            <SimpleData name="Departamen">CAAGUAZU</SimpleData>
            <SimpleData name="Distrito">SAN JOAQUIN</SimpleData>
            <SimpleData name="Localidad">TARUMA</SimpleData>
            <SimpleData name="Teléfono">0982730276</SimpleData>
            <SimpleData name="Vivienda_L">-25.11375860000</SimpleData>
            <SimpleData name="Vivienda_1">-56.02869630000</SimpleData>
            <SimpleData name="Superficie">0.70000000000</SimpleData>
            <SimpleData name="Situaci_1">Par?metro</SimpleData>
            <SimpleData name="Plantado">SI</SimpleData>
            <SimpleData name="Fecha_Plan">2026/05/07</SimpleData>
            <SimpleData name="Jornales">0.00000000000</SimpleData>
            <SimpleData name="Monto">0.00000000000</SimpleData>
            <SimpleData name="Grupo_de_p">D-P3-XX-XX-XX</SimpleData>
            <SimpleData name="Estado_del">Activo</SimpleData>
            <SimpleData name="Empresa">Unique Wood Paraguay SA</SimpleData>
            <SimpleData name="Lote">D</SimpleData>
            <SimpleData name="Parametro">0.00000000000</SimpleData>
            <SimpleData name="Sup_SIG">0.72049605488</SimpleData>
            <SimpleData name="X">-56.02944248000</SimpleData>
            <SimpleData name="Y">-25.11434797000</SimpleData>
            <SimpleData name="cedula">3320217</SimpleData>
            <SimpleData name="Cédula_1">3320217.00000000000</SimpleData>
            <SimpleData name="Estado_d_1">Activo</SimpleData>
            <SimpleData name="OBJECTID_1">7153</SimpleData>
            <SimpleData name="Shape_Leng">340.95157615800</SimpleData>
            <SimpleData name="Shape_Area">7204.96054884000</SimpleData>
          </SchemaData>
        </ExtendedData>
        <Polygon>
          <outerBoundaryIs>
            <LinearRing>
              <coordinates>
                -56.0288353996265,-25.1142402994825,0
                -56.029251499192,-25.1148535996141,0
                -56.0300271991628,-25.1144563000531,0
                -56.0296753992855,-25.1138475992808,0
                -56.0288353996265,-25.1142402994825,0
              </coordinates>
            </LinearRing>
          </outerBoundaryIs>
        </Polygon>
      </Placemark>
      <Placemark id="Lote_D.150">
        <ExtendedData>
          <SchemaData schemaUrl="#Lote_D.schema">
            <SimpleData name="Cédula">6663463.00000000000</SimpleData>
            <SimpleData name="Nombres_y_">ISABEL  LEIVA ESQUIVEL</SimpleData>
            <SimpleData name="Sexo">Mujer</SimpleData>
            <SimpleData name="Cambio_de_">NO</SimpleData>
            <SimpleData name="Titular_se">NO</SimpleData>
            <SimpleData name="ci_UNIF">6663463.00000000000</SimpleData>
            <SimpleData name="Situación">NO</SimpleData>
            <SimpleData name="Comunidad">Campesina</SimpleData>
            <SimpleData name="Modelo_imp">Modelo 5</SimpleData>
            <SimpleData name="Departamen">CAAGUAZU</SimpleData>
            <SimpleData name="Distrito">YH?</SimpleData>
            <SimpleData name="Localidad">SAN RAMON</SimpleData>
            <SimpleData name="Teléfono">9913016811</SimpleData>
            <SimpleData name="Vivienda_L">-25.09651490000</SimpleData>
            <SimpleData name="Vivienda_1">-55.97417770000</SimpleData>
            <SimpleData name="Superficie">0.70000000000</SimpleData>
            <SimpleData name="Situaci_1">Parametro</SimpleData>
            <SimpleData name="Plantado">SI</SimpleData>
            <SimpleData name="Fecha_Plan">2025/10/19</SimpleData>
            <SimpleData name="Jornales">0.00000000000</SimpleData>
            <SimpleData name="Monto">0.00000000000</SimpleData>
            <SimpleData name="Grupo_de_p">D-P3-XX-XX-XX</SimpleData>
            <SimpleData name="Estado_del">Activo</SimpleData>
            <SimpleData name="Empresa">Unique Wood Paraguay SA</SimpleData>
            <SimpleData name="Lote">D</SimpleData>
            <SimpleData name="Parametro">0.00000000000</SimpleData>
            <SimpleData name="Sup_SIG">0.73521654575</SimpleData>
            <SimpleData name="X">-55.97354634000</SimpleData>
            <SimpleData name="Y">-25.09613077000</SimpleData>
            <SimpleData name="cedula">6663463</SimpleData>
            <SimpleData name="Cédula_1">6663463.00000000000</SimpleData>
            <SimpleData name="Estado_d_1">Activo</SimpleData>
            <SimpleData name="OBJECTID_1">8796</SimpleData>
            <SimpleData name="Shape_Leng">589.34909706600</SimpleData>
            <SimpleData name="Shape_Area">7352.16545750000</SimpleData>
          </SchemaData>
        </ExtendedData>
        <MultiGeometry>
          <Polygon>
            <outerBoundaryIs>
              <LinearRing>
                <coordinates>
                  -55.9732493990497,-25.0963974000082,0
                  -55.9735343992277,-25.0963107995333,0
                  -55.9736774991544,-25.0963820000949,0
                  -55.9737187993184,-25.0967040000202,0
                  -55.9739277993677,-25.0966691993296,0
                  -55.9738207993827,-25.0959261996518,0
                  -55.9731616997437,-25.0959729995915,0
                  -55.9732493990497,-25.0963974000082,0
                </coordinates>
              </LinearRing>
            </outerBoundaryIs>
          </Polygon>
          <Polygon>
            <outerBoundaryIs>
              <LinearRing>
                <coordinates>
                  -55.9737316999899,-25.0958616993007,0
                  -55.9738954992819,-25.0958553998449,0
                  -55.9735946999974,-25.0955285000334,0
                  -55.9731403992887,-25.0950321999774,0
                  -55.9728949994903,-25.0951454994904,0
                  -55.9732799993309,-25.095746899861,0
                  -55.9735566998154,-25.0958432997568,0
                  -55.9737316999899,-25.0958616993007,0
                </coordinates>
              </LinearRing>
            </outerBoundaryIs>
          </Polygon>
        </MultiGeometry>
      </Placemark>
      <Placemark id="Lote_D.151">
        <ExtendedData>
          <SchemaData schemaUrl="#Lote_D.schema">
            <SimpleData name="Cédula">6342172.00000000000</SimpleData>
            <SimpleData name="Nombres_y_">LORENA  LUGO VILLAR</SimpleData>
            <SimpleData name="Sexo">Mujer</SimpleData>
            <SimpleData name="Cambio_de_">NO</SimpleData>
            <SimpleData name="Titular_se">NO</SimpleData>
            <SimpleData name="ci_UNIF">6342172.00000000000</SimpleData>
            <SimpleData name="Situación">NO</SimpleData>
            <SimpleData name="Comunidad">Campesina</SimpleData>
            <SimpleData name="Modelo_imp">Modelo 5</SimpleData>
            <SimpleData name="Departamen">CAAGUAZU</SimpleData>
            <SimpleData name="Distrito">YH?</SimpleData>
            <SimpleData name="Localidad">SAN MIGUEL I</SimpleData>
            <SimpleData name="Teléfono">985694091</SimpleData>
            <SimpleData name="Vivienda_L">-25.11511460000</SimpleData>
            <SimpleData name="Vivienda_1">-55.97479430000</SimpleData>
            <SimpleData name="Superficie">0.70000000000</SimpleData>
            <SimpleData name="Situaci_1">Pol?gono</SimpleData>
            <SimpleData name="Plantado">SI</SimpleData>
            <SimpleData name="Fecha_Plan">2025/10/10</SimpleData>
            <SimpleData name="Jornales">0.00000000000</SimpleData>
            <SimpleData name="Monto">0.00000000000</SimpleData>
            <SimpleData name="Grupo_de_p">D-P3-XX-XX-XX</SimpleData>
            <SimpleData name="Estado_del">Activo</SimpleData>
            <SimpleData name="Empresa">Unique Wood Paraguay SA</SimpleData>
            <SimpleData name="Lote">D</SimpleData>
            <SimpleData name="Parametro">0.00000000000</SimpleData>
            <SimpleData name="Sup_SIG">0.74717235535</SimpleData>
            <SimpleData name="X">-55.97501925000</SimpleData>
            <SimpleData name="Y">-25.11434120000</SimpleData>
            <SimpleData name="cedula">6342172</SimpleData>
            <SimpleData name="Cédula_1">6342172.00000000000</SimpleData>
            <SimpleData name="Estado_d_1">Activo</SimpleData>
            <SimpleData name="OBJECTID_1">8809</SimpleData>
            <SimpleData name="Shape_Leng">349.57803105800</SimpleData>
            <SimpleData name="Shape_Area">7471.72355351000</SimpleData>
          </SchemaData>
        </ExtendedData>
        <Polygon>
          <outerBoundaryIs>
            <LinearRing>
              <coordinates>
                -55.9752595999122,-25.1138447994621,0
                -55.9750834992505,-25.1139140000925,0
                -55.9750547995709,-25.1138674993402,0
                -55.9744511995088,-25.1142172000606,0
                -55.9748898992305,-25.1149431993062,0
                -55.9755806990986,-25.1143520993485,0
                -55.9752595999122,-25.1138447994621,0
              </coordinates>
            </LinearRing>
          </outerBoundaryIs>
        </Polygon>
      </Placemark>
      <Placemark id="Lote_D.152">
        <ExtendedData>
          <SchemaData schemaUrl="#Lote_D.schema">
            <SimpleData name="Cédula">7358466.00000000000</SimpleData>
            <SimpleData name="Nombres_y_">CAROLINA RUIZ DIAZ AQUINO</SimpleData>
            <SimpleData name="Sexo">Mujer</SimpleData>
            <SimpleData name="Cambio_de_">NO</SimpleData>
            <SimpleData name="Titular_se">NO</SimpleData>
            <SimpleData name="ci_UNIF">7358466.00000000000</SimpleData>
            <SimpleData name="Situación">NO</SimpleData>
            <SimpleData name="Comunidad">Ind?gena</SimpleData>
            <SimpleData name="Modelo_imp">Modelo 1</SimpleData>
            <SimpleData name="Departamen">CAAGUAZU</SimpleData>
            <SimpleData name="Distrito">SAN JOAQUIN</SimpleData>
            <SimpleData name="Localidad">COM INDIG TEKOHA MIRI</SimpleData>
            <SimpleData name="Teléfono">0983016092</SimpleData>
            <SimpleData name="Vivienda_L">-25.10058230000</SimpleData>
            <SimpleData name="Vivienda_1">-56.01619130000</SimpleData>
            <SimpleData name="Superficie">0.80000000000</SimpleData>
            <SimpleData name="Situaci_1">Par?metro</SimpleData>
            <SimpleData name="Plantado">SI</SimpleData>
            <SimpleData name="Fecha_Plan">2026/05/05</SimpleData>
            <SimpleData name="Jornales">0.00000000000</SimpleData>
            <SimpleData name="Monto">0.00000000000</SimpleData>
            <SimpleData name="Grupo_de_p">D-P3-XX-XX-XX</SimpleData>
            <SimpleData name="Estado_del">Activo</SimpleData>
            <SimpleData name="Empresa">Unique Wood Paraguay SA</SimpleData>
            <SimpleData name="Lote">D</SimpleData>
            <SimpleData name="Parametro">0.00000000000</SimpleData>
            <SimpleData name="Sup_SIG">1.05557715609</SimpleData>
            <SimpleData name="X">-56.01744955000</SimpleData>
            <SimpleData name="Y">-25.10034888000</SimpleData>
            <SimpleData name="cedula">7358466</SimpleData>
            <SimpleData name="Cédula_1">7358466.00000000000</SimpleData>
            <SimpleData name="Estado_d_1">Activo</SimpleData>
            <SimpleData name="OBJECTID_1">7132</SimpleData>
            <SimpleData name="Shape_Leng">447.92297163500</SimpleData>
            <SimpleData name="Shape_Area">10555.77156090000</SimpleData>
          </SchemaData>
        </ExtendedData>
        <Polygon>
          <outerBoundaryIs>
            <LinearRing>
              <coordinates>
                -56.016610699994,-25.1004779997018,0
                -56.0168111990814,-25.1009261001011,0
                -56.0175233997036,-25.1006824996311,0
                -56.0182847997815,-25.1002532993701,0
                -56.0179432998832,-25.0997166995457,0
                -56.016610699994,-25.1004779997018,0
              </coordinates>
            </LinearRing>
          </outerBoundaryIs>
        </Polygon>
      </Placemark>
      <Placemark id="Lote_D.153">
        <ExtendedData>
          <SchemaData schemaUrl="#Lote_D.schema">
            <SimpleData name="Cédula">5340619.00000000000</SimpleData>
            <SimpleData name="Nombres_y_">DAHIANA PATRICIA JARA GARAY</SimpleData>
            <SimpleData name="Sexo">Mujer</SimpleData>
            <SimpleData name="Cambio_de_">NO</SimpleData>
            <SimpleData name="Titular_se">NO</SimpleData>
            <SimpleData name="ci_UNIF">5340619.00000000000</SimpleData>
            <SimpleData name="Situación">NO</SimpleData>
            <SimpleData name="Comunidad">Campesina</SimpleData>
            <SimpleData name="Modelo_imp">Modelo 1</SimpleData>
            <SimpleData name="Departamen">CAAGUAZU</SimpleData>
            <SimpleData name="Distrito">YH?</SimpleData>
            <SimpleData name="Localidad">SAN RAMON</SimpleData>
            <SimpleData name="Teléfono">986974761</SimpleData>
            <SimpleData name="Vivienda_L">-25.09428670000</SimpleData>
            <SimpleData name="Vivienda_1">-55.99088830000</SimpleData>
            <SimpleData name="Superficie">0.80000000000</SimpleData>
            <SimpleData name="Situaci_1">Pol?gono</SimpleData>
            <SimpleData name="Plantado">SI</SimpleData>
            <SimpleData name="Fecha_Plan">2025/10/10</SimpleData>
            <SimpleData name="Jornales">0.00000000000</SimpleData>
            <SimpleData name="Monto">0.00000000000</SimpleData>
            <SimpleData name="Grupo_de_p">D-P3-XX-XX-XX</SimpleData>
            <SimpleData name="Estado_del">Activo</SimpleData>
            <SimpleData name="Empresa">Unique Wood Paraguay SA</SimpleData>
            <SimpleData name="Lote">D</SimpleData>
            <SimpleData name="Parametro">0.00000000000</SimpleData>
            <SimpleData name="Sup_SIG">0.92783369053</SimpleData>
            <SimpleData name="X">-55.98603327000</SimpleData>
            <SimpleData name="Y">-25.08717794000</SimpleData>
            <SimpleData name="cedula">5340619</SimpleData>
            <SimpleData name="Cédula_1">5340619.00000000000</SimpleData>
            <SimpleData name="Estado_d_1">Activo</SimpleData>
            <SimpleData name="OBJECTID_1">8824</SimpleData>
            <SimpleData name="Shape_Leng">388.68255568200</SimpleData>
            <SimpleData name="Shape_Area">9278.33690532000</SimpleData>
          </SchemaData>
        </ExtendedData>
        <Polygon>
          <outerBoundaryIs>
            <LinearRing>
              <coordinates>
                -55.9853594993698,-25.0868687993983,0
                -55.9858344992154,-25.0877360000942,0
                -55.9867006992594,-25.0874093994075,0
                -55.9862857996637,-25.086679099737,0
                -55.9853594993698,-25.0868687993983,0
              </coordinates>
            </LinearRing>
          </outerBoundaryIs>
        </Polygon>
      </Placemark>
      <Placemark id="Lote_D.154">
        <ExtendedData>
          <SchemaData schemaUrl="#Lote_D.schema">
            <SimpleData name="Cédula">6212852.00000000000</SimpleData>
            <SimpleData name="Nombres_y_">DORA KUNEGI DUARTE</SimpleData>
            <SimpleData name="Sexo">Mujer</SimpleData>
            <SimpleData name="Cambio_de_">NO</SimpleData>
            <SimpleData name="Titular_se">NO</SimpleData>
            <SimpleData name="ci_UNIF">6212852.00000000000</SimpleData>
            <SimpleData name="Situación">NO</SimpleData>
            <SimpleData name="Comunidad">Ind?gena</SimpleData>
            <SimpleData name="Modelo_imp">Modelo 1</SimpleData>
            <SimpleData name="Departamen">CAAGUAZU</SimpleData>
            <SimpleData name="Distrito">SAN JOAQUIN</SimpleData>
            <SimpleData name="Localidad">COM INDIG CERRO MOROTI</SimpleData>
            <SimpleData name="Teléfono">0986498187</SimpleData>
            <SimpleData name="Vivienda_L">-25.01740990000</SimpleData>
            <SimpleData name="Vivienda_1">-56.14267840000</SimpleData>
            <SimpleData name="Superficie">0.80000000000</SimpleData>
            <SimpleData name="Situaci_1">Par?metro</SimpleData>
            <SimpleData name="Plantado">SI</SimpleData>
            <SimpleData name="Fecha_Plan">2025/10/07</SimpleData>
            <SimpleData name="Jornales">0.00000000000</SimpleData>
            <SimpleData name="Monto">0.00000000000</SimpleData>
            <SimpleData name="Grupo_de_p">D-P3-XX-XX-XX</SimpleData>
            <SimpleData name="Estado_del">Activo</SimpleData>
            <SimpleData name="Empresa">Unique Wood Paraguay SA</SimpleData>
            <SimpleData name="Lote">D</SimpleData>
            <SimpleData name="Parametro">0.00000000000</SimpleData>
            <SimpleData name="Sup_SIG">1.08260823772</SimpleData>
            <SimpleData name="X">-56.14278270000</SimpleData>
            <SimpleData name="Y">-25.01473727000</SimpleData>
            <SimpleData name="cedula">6212852</SimpleData>
            <SimpleData name="Cédula_1">6212852.00000000000</SimpleData>
            <SimpleData name="Estado_d_1">Activo</SimpleData>
            <SimpleData name="OBJECTID_1">8718</SimpleData>
            <SimpleData name="Shape_Leng">539.11039475300</SimpleData>
            <SimpleData name="Shape_Area">10826.08237720000</SimpleData>
          </SchemaData>
        </ExtendedData>
        <Polygon>
          <outerBoundaryIs>
            <LinearRing>
              <coordinates>
                -56.1429051999517,-25.0156837000518,0
                -56.1432297997031,-25.0156932999794,0
                -56.1430557992315,-25.0139967996018,0
                -56.1426850998454,-25.0140507994457,0
                -56.1426816999857,-25.0142182995731,0
                -56.1421826994569,-25.0142284994898,0
                -56.1421947995033,-25.0148231998704,0
                -56.1427198995833,-25.0148728993182,0
                -56.1429051999517,-25.0156837000518,0
              </coordinates>
            </LinearRing>
          </outerBoundaryIs>
        </Polygon>
      </Placemark>
      <Placemark id="Lote_D.155">
        <ExtendedData>
          <SchemaData schemaUrl="#Lote_D.schema">
            <SimpleData name="Cédula">6644702.00000000000</SimpleData>
            <SimpleData name="Nombres_y_">CARMELO FLORES MARTINEZ</SimpleData>
            <SimpleData name="Sexo">Hombre</SimpleData>
            <SimpleData name="Cambio_de_">NO</SimpleData>
            <SimpleData name="Titular_se">NO</SimpleData>
            <SimpleData name="ci_UNIF">6644702.00000000000</SimpleData>
            <SimpleData name="Situación">NO</SimpleData>
            <SimpleData name="Comunidad">Ind?gena</SimpleData>
            <SimpleData name="Modelo_imp">Modelo 5</SimpleData>
            <SimpleData name="Departamen">CAAGUAZU</SimpleData>
            <SimpleData name="Distrito">SAN JOAQUIN</SimpleData>
            <SimpleData name="Localidad">COM INDIG TEKOHA MIRI</SimpleData>
            <SimpleData name="Teléfono">0982967165</SimpleData>
            <SimpleData name="Vivienda_L">-25.10327350000</SimpleData>
            <SimpleData name="Vivienda_1">-56.01752580000</SimpleData>
            <SimpleData name="Superficie">0.70000000000</SimpleData>
            <SimpleData name="Situaci_1">Par?metro</SimpleData>
            <SimpleData name="Plantado">SI</SimpleData>
            <SimpleData name="Fecha_Plan">2026/05/05</SimpleData>
            <SimpleData name="Jornales">0.00000000000</SimpleData>
            <SimpleData name="Monto">0.00000000000</SimpleData>
            <SimpleData name="Grupo_de_p">D-P3-XX-XX-XX</SimpleData>
            <SimpleData name="Estado_del">Activo</SimpleData>
            <SimpleData name="Empresa">Unique Wood Paraguay SA</SimpleData>
            <SimpleData name="Lote">D</SimpleData>
            <SimpleData name="Parametro">0.00000000000</SimpleData>
            <SimpleData name="Sup_SIG">0.72042749894</SimpleData>
            <SimpleData name="X">-56.01829345000</SimpleData>
            <SimpleData name="Y">-25.10271603000</SimpleData>
            <SimpleData name="cedula">6644702</SimpleData>
            <SimpleData name="Cédula_1">6644702.00000000000</SimpleData>
            <SimpleData name="Estado_d_1">Activo</SimpleData>
            <SimpleData name="OBJECTID_1">7135</SimpleData>
            <SimpleData name="Shape_Leng">346.14125823100</SimpleData>
            <SimpleData name="Shape_Area">7204.27498938000</SimpleData>
          </SchemaData>
        </ExtendedData>
        <Polygon>
          <outerBoundaryIs>
            <LinearRing>
              <coordinates>
                -56.0178571993567,-25.1023847999937,0
                -56.0180617990481,-25.103279799994,0
                -56.0187708995623,-25.1030102993603,0
                -56.0184709998292,-25.1021478001032,0
                -56.0178571993567,-25.1023847999937,0
              </coordinates>
            </LinearRing>
          </outerBoundaryIs>
        </Polygon>
      </Placemark>
      <Placemark id="Lote_D.156">
        <ExtendedData>
          <SchemaData schemaUrl="#Lote_D.schema">
            <SimpleData name="Cédula">5786700.00000000000</SimpleData>
            <SimpleData name="Nombres_y_">RUMILDA SOSA AYALA</SimpleData>
            <SimpleData name="Sexo">Mujer</SimpleData>
            <SimpleData name="Cambio_de_">NO</SimpleData>
            <SimpleData name="Titular_se">NO</SimpleData>
            <SimpleData name="ci_UNIF">5786700.00000000000</SimpleData>
            <SimpleData name="Situación">NO</SimpleData>
            <SimpleData name="Comunidad">Campesina</SimpleData>
            <SimpleData name="Modelo_imp">Modelo 5</SimpleData>
            <SimpleData name="Departamen">CAAGUAZU</SimpleData>
            <SimpleData name="Distrito">SAN JOAQUIN</SimpleData>
            <SimpleData name="Localidad">TARUMA</SimpleData>
            <SimpleData name="Teléfono">0981399675</SimpleData>
            <SimpleData name="Vivienda_L">-25.11298450000</SimpleData>
            <SimpleData name="Vivienda_1">-56.02888470000</SimpleData>
            <SimpleData name="Superficie">0.70000000000</SimpleData>
            <SimpleData name="Situaci_1">Par?metro</SimpleData>
            <SimpleData name="Plantado">SI</SimpleData>
            <SimpleData name="Fecha_Plan">2026/05/07</SimpleData>
            <SimpleData name="Jornales">0.00000000000</SimpleData>
            <SimpleData name="Monto">0.00000000000</SimpleData>
            <SimpleData name="Grupo_de_p">D-P3-XX-XX-XX</SimpleData>
            <SimpleData name="Estado_del">Activo</SimpleData>
            <SimpleData name="Empresa">Unique Wood Paraguay SA</SimpleData>
            <SimpleData name="Lote">D</SimpleData>
            <SimpleData name="Parametro">0.00000000000</SimpleData>
            <SimpleData name="Sup_SIG">0.71368153178</SimpleData>
            <SimpleData name="X">-56.02433912000</SimpleData>
            <SimpleData name="Y">-25.11724340000</SimpleData>
            <SimpleData name="cedula">5786700</SimpleData>
            <SimpleData name="Cédula_1">5786700.00000000000</SimpleData>
            <SimpleData name="Estado_d_1">Activo</SimpleData>
            <SimpleData name="OBJECTID_1">7154</SimpleData>
            <SimpleData name="Shape_Leng">339.68801449800</SimpleData>
            <SimpleData name="Shape_Area">7136.81531781000</SimpleData>
          </SchemaData>
        </ExtendedData>
        <Polygon>
          <outerBoundaryIs>
            <LinearRing>
              <coordinates>
                -56.0237347994362,-25.1171313998534,0
                -56.0241573990875,-25.1177584000815,0
                -56.0249306991249,-25.117317899692,0
                -56.0245666998366,-25.1167532996224,0
                -56.0237347994362,-25.1171313998534,0
              </coordinates>
            </LinearRing>
          </outerBoundaryIs>
        </Polygon>
      </Placemark>
      <Placemark id="Lote_D.157">
        <ExtendedData>
          <SchemaData schemaUrl="#Lote_D.schema">
            <SimpleData name="Cédula">4732201.00000000000</SimpleData>
            <SimpleData name="Nombres_y_">CRISTINO  BENITEZ TROCHE</SimpleData>
            <SimpleData name="Sexo">Hombre</SimpleData>
            <SimpleData name="Cambio_de_">NO</SimpleData>
            <SimpleData name="Titular_se">NO</SimpleData>
            <SimpleData name="ci_UNIF">4732201.00000000000</SimpleData>
            <SimpleData name="Situación">NO</SimpleData>
            <SimpleData name="Comunidad">Campesina</SimpleData>
            <SimpleData name="Modelo_imp">Modelo 2</SimpleData>
            <SimpleData name="Departamen">CAAGUAZU</SimpleData>
            <SimpleData name="Distrito">SAN JOAQUIN</SimpleData>
            <SimpleData name="Localidad">TARUMA</SimpleData>
            <SimpleData name="Teléfono">984974705</SimpleData>
            <SimpleData name="Vivienda_L">-25.08895040000</SimpleData>
            <SimpleData name="Vivienda_1">-56.01284860000</SimpleData>
            <SimpleData name="Superficie">0.80000000000</SimpleData>
            <SimpleData name="Situaci_1">Parametro</SimpleData>
            <SimpleData name="Plantado">SI</SimpleData>
            <SimpleData name="Fecha_Plan">2026/05/04</SimpleData>
            <SimpleData name="Jornales">0.00000000000</SimpleData>
            <SimpleData name="Monto">0.00000000000</SimpleData>
            <SimpleData name="Grupo_de_p">D-P3-XX-XX-XX</SimpleData>
            <SimpleData name="Estado_del">Activo</SimpleData>
            <SimpleData name="Empresa">Unique Wood Paraguay SA</SimpleData>
            <SimpleData name="Lote">D</SimpleData>
            <SimpleData name="Parametro">0.00000000000</SimpleData>
            <SimpleData name="Sup_SIG">0.93492071206</SimpleData>
            <SimpleData name="X">-56.01539332000</SimpleData>
            <SimpleData name="Y">-25.09317001000</SimpleData>
            <SimpleData name="cedula">4732201</SimpleData>
            <SimpleData name="Cédula_1">4732201.00000000000</SimpleData>
            <SimpleData name="Estado_d_1">Activo</SimpleData>
            <SimpleData name="OBJECTID_1">7424</SimpleData>
            <SimpleData name="Shape_Leng">585.16596839100</SimpleData>
            <SimpleData name="Shape_Area">9349.20712059000</SimpleData>
          </SchemaData>
        </ExtendedData>
        <MultiGeometry>
          <Polygon>
            <outerBoundaryIs>
              <LinearRing>
                <coordinates>
                  -56.0152462994345,-25.0938603995948,0
                  -56.0161299999114,-25.0934766993324,0
                  -56.0160045997005,-25.0932464998335,0
                  -56.0151094993053,-25.0936154994282,0
                  -56.0152462994345,-25.0938603995948,0
                </coordinates>
              </LinearRing>
            </outerBoundaryIs>
          </Polygon>
          <Polygon>
            <outerBoundaryIs>
              <LinearRing>
                <coordinates>
                  -56.0150090992006,-25.0934600999409,0
                  -56.0158891991388,-25.0930444999085,0
                  -56.0155870997587,-25.0925483998749,0
                  -56.0146995998138,-25.0929259999802,0
                  -56.0150090992006,-25.0934600999409,0
                </coordinates>
              </LinearRing>
            </outerBoundaryIs>
          </Polygon>
        </MultiGeometry>
      </Placemark>
      <Placemark id="Lote_D.158">
        <ExtendedData>
          <SchemaData schemaUrl="#Lote_D.schema">
            <SimpleData name="Cédula">5427781.00000000000</SimpleData>
            <SimpleData name="Nombres_y_">MARIA SOLEDAD ORTEGA NU?EZ</SimpleData>
            <SimpleData name="Sexo">Mujer</SimpleData>
            <SimpleData name="Cambio_de_">NO</SimpleData>
            <SimpleData name="Titular_se">NO</SimpleData>
            <SimpleData name="ci_UNIF">5427781.00000000000</SimpleData>
            <SimpleData name="Situación">NO</SimpleData>
            <SimpleData name="Comunidad">Campesina</SimpleData>
            <SimpleData name="Modelo_imp">Modelo 5</SimpleData>
            <SimpleData name="Departamen">CAAGUAZU</SimpleData>
            <SimpleData name="Distrito">SAN JOAQUIN</SimpleData>
            <SimpleData name="Localidad">TACUAPI I</SimpleData>
            <SimpleData name="Teléfono">0983850951</SimpleData>
            <SimpleData name="Vivienda_L">-24.98266000000</SimpleData>
            <SimpleData name="Vivienda_1">-56.05487940000</SimpleData>
            <SimpleData name="Superficie">0.70000000000</SimpleData>
            <SimpleData name="Situaci_1">Par?metro</SimpleData>
            <SimpleData name="Plantado">SI</SimpleData>
            <SimpleData name="Fecha_Plan">2026/05/08</SimpleData>
            <SimpleData name="Jornales">0.00000000000</SimpleData>
            <SimpleData name="Monto">0.00000000000</SimpleData>
            <SimpleData name="Grupo_de_p">D-P3-XX-XX-XX</SimpleData>
            <SimpleData name="Estado_del">Activo</SimpleData>
            <SimpleData name="Empresa">Unique Wood Paraguay SA</SimpleData>
            <SimpleData name="Lote">D</SimpleData>
            <SimpleData name="Parametro">0.00000000000</SimpleData>
            <SimpleData name="Sup_SIG">0.76587130407</SimpleData>
            <SimpleData name="X">-56.03833138000</SimpleData>
            <SimpleData name="Y">-24.99671685000</SimpleData>
            <SimpleData name="cedula">5427781</SimpleData>
            <SimpleData name="Cédula_1">5427781.00000000000</SimpleData>
            <SimpleData name="Estado_d_1">Activo</SimpleData>
            <SimpleData name="OBJECTID_1">7176</SimpleData>
            <SimpleData name="Shape_Leng">386.51883384000</SimpleData>
            <SimpleData name="Shape_Area">7658.71304074000</SimpleData>
          </SchemaData>
        </ExtendedData>
        <Polygon>
          <outerBoundaryIs>
            <LinearRing>
              <coordinates>
                -56.0375975995167,-24.9968440995325,0
                -56.0388932991964,-24.9970782998131,0
                -56.0390981998428,-24.9966010993095,0
                -56.0377353995071,-24.9963524997751,0
                -56.0375975995167,-24.9968440995325,0
              </coordinates>
            </LinearRing>
          </outerBoundaryIs>
        </Polygon>
      </Placemark>
      <Placemark id="Lote_D.159">
        <ExtendedData>
          <SchemaData schemaUrl="#Lote_D.schema">
            <SimpleData name="Cédula">5311042.00000000000</SimpleData>
            <SimpleData name="Nombres_y_">PERLA PATRICIA ALONSO</SimpleData>
            <SimpleData name="Sexo">Mujer</SimpleData>
            <SimpleData name="Cambio_de_">NO</SimpleData>
            <SimpleData name="Titular_se">NO</SimpleData>
            <SimpleData name="ci_UNIF">5311042.00000000000</SimpleData>
            <SimpleData name="Situación">NO</SimpleData>
            <SimpleData name="Comunidad">Campesina</SimpleData>
            <SimpleData name="Modelo_imp">Modelo 1</SimpleData>
            <SimpleData name="Departamen">CAAGUAZU</SimpleData>
            <SimpleData name="Distrito">YH?</SimpleData>
            <SimpleData name="Localidad">JUAN SINFORIANO BOGARIN</SimpleData>
            <SimpleData name="Teléfono">983448373</SimpleData>
            <SimpleData name="Vivienda_L">-25.17340170000</SimpleData>
            <SimpleData name="Vivienda_1">-55.93566170000</SimpleData>
            <SimpleData name="Superficie">0.80000000000</SimpleData>
            <SimpleData name="Situaci_1">Pol?gono</SimpleData>
            <SimpleData name="Plantado">SI</SimpleData>
            <SimpleData name="Fecha_Plan">2025/10/22</SimpleData>
            <SimpleData name="Jornales">0.00000000000</SimpleData>
            <SimpleData name="Monto">0.00000000000</SimpleData>
            <SimpleData name="Grupo_de_p">D-P3-XX-XX-XX</SimpleData>
            <SimpleData name="Estado_del">Activo</SimpleData>
            <SimpleData name="Empresa">Unique Wood Paraguay SA</SimpleData>
            <SimpleData name="Lote">D</SimpleData>
            <SimpleData name="Parametro">0.00000000000</SimpleData>
            <SimpleData name="Sup_SIG">0.85718278116</SimpleData>
            <SimpleData name="X">-55.92872575000</SimpleData>
            <SimpleData name="Y">-25.16504694000</SimpleData>
            <SimpleData name="cedula">5311042</SimpleData>
            <SimpleData name="Cédula_1">5311042.00000000000</SimpleData>
            <SimpleData name="Estado_d_1">Activo</SimpleData>
            <SimpleData name="OBJECTID_1">8808</SimpleData>
            <SimpleData name="Shape_Leng">540.27294661600</SimpleData>
            <SimpleData name="Shape_Area">8571.82781164000</SimpleData>
          </SchemaData>
        </ExtendedData>
        <Polygon>
          <outerBoundaryIs>
            <LinearRing>
              <coordinates>
                -55.9275288991624,-25.1650874993547,0
                -55.9298671992013,-25.1653292993371,0
                -55.9299073996973,-25.1651575996426,0
                -55.9298278994194,-25.1649872993447,0
                -55.9275830997005,-25.1647696999927,0
                -55.9275288991624,-25.1650874993547,0
              </coordinates>
            </LinearRing>
          </outerBoundaryIs>
        </Polygon>
      </Placemark>
      <Placemark id="Lote_D.160">
        <ExtendedData>
          <SchemaData schemaUrl="#Lote_D.schema">
            <SimpleData name="Cédula">1606614.00000000000</SimpleData>
            <SimpleData name="Nombres_y_">EPIFANIO CORONEL PERALTA</SimpleData>
            <SimpleData name="Sexo">Hombre</SimpleData>
            <SimpleData name="Cambio_de_">NO</SimpleData>
            <SimpleData name="Titular_se">NO</SimpleData>
            <SimpleData name="ci_UNIF">1606614.00000000000</SimpleData>
            <SimpleData name="Situación">NO</SimpleData>
            <SimpleData name="Comunidad">Campesina</SimpleData>
            <SimpleData name="Modelo_imp">Modelo 5</SimpleData>
            <SimpleData name="Departamen">CAAGUAZU</SimpleData>
            <SimpleData name="Distrito">SAN JOAQUIN</SimpleData>
            <SimpleData name="Localidad">MALVINAS</SimpleData>
            <SimpleData name="Teléfono">0982222600</SimpleData>
            <SimpleData name="Vivienda_L">-24.97537370000</SimpleData>
            <SimpleData name="Vivienda_1">-56.07633020000</SimpleData>
            <SimpleData name="Superficie">0.70000000000</SimpleData>
            <SimpleData name="Situaci_1">Par?metro</SimpleData>
            <SimpleData name="Plantado">SI</SimpleData>
            <SimpleData name="Fecha_Plan">2026/05/11</SimpleData>
            <SimpleData name="Jornales">0.00000000000</SimpleData>
            <SimpleData name="Monto">0.00000000000</SimpleData>
            <SimpleData name="Grupo_de_p">D-P4-XX-XX-XX</SimpleData>
            <SimpleData name="Estado_del">Activo</SimpleData>
            <SimpleData name="Empresa">Unique Wood Paraguay SA</SimpleData>
            <SimpleData name="Lote">D</SimpleData>
            <SimpleData name="Parametro">0.00000000000</SimpleData>
            <SimpleData name="Sup_SIG">0.81624406519</SimpleData>
            <SimpleData name="X">-56.07680016000</SimpleData>
            <SimpleData name="Y">-24.97436176000</SimpleData>
            <SimpleData name="cedula">1606614</SimpleData>
            <SimpleData name="Cédula_1">1606614.00000000000</SimpleData>
            <SimpleData name="Estado_d_1">Activo</SimpleData>
            <SimpleData name="OBJECTID_1">5735</SimpleData>
            <SimpleData name="Shape_Leng">448.82736262300</SimpleData>
            <SimpleData name="Shape_Area">8162.44065187000</SimpleData>
          </SchemaData>
        </ExtendedData>
        <Polygon>
          <outerBoundaryIs>
            <LinearRing>
              <coordinates>
                -56.0768445997856,-24.9739027992485,0
                -56.0767398999278,-24.9741921998141,0
                -56.0764939004991,-24.9739473995333,0
                -56.0760512993794,-24.9748527003366,0
                -56.076636799675,-24.9746252995402,0
                -56.0772816997498,-24.9747447993932,0
                -56.0773376002859,-24.973953499867,0
                -56.0768445997856,-24.9739027992485,0
              </coordinates>
            </LinearRing>
          </outerBoundaryIs>
        </Polygon>
      </Placemark>
      <Placemark id="Lote_D.161">
        <ExtendedData>
          <SchemaData schemaUrl="#Lote_D.schema">
            <SimpleData name="Cédula">1727904.00000000000</SimpleData>
            <SimpleData name="Nombres_y_">SANTIAGO ROJAS</SimpleData>
            <SimpleData name="Sexo">Hombre</SimpleData>
            <SimpleData name="Cambio_de_">NO</SimpleData>
            <SimpleData name="Titular_se">NO</SimpleData>
            <SimpleData name="ci_UNIF">1727904.00000000000</SimpleData>
            <SimpleData name="Situación">NO</SimpleData>
            <SimpleData name="Comunidad">Campesina</SimpleData>
            <SimpleData name="Modelo_imp">Modelo 5</SimpleData>
            <SimpleData name="Departamen">CAAGUAZU</SimpleData>
            <SimpleData name="Distrito">SAN JOAQUIN</SimpleData>
            <SimpleData name="Localidad">MALVINAS</SimpleData>
            <SimpleData name="Teléfono">0982247333</SimpleData>
            <SimpleData name="Vivienda_L">-24.97617740000</SimpleData>
            <SimpleData name="Vivienda_1">-56.07554280000</SimpleData>
            <SimpleData name="Superficie">0.70000000000</SimpleData>
            <SimpleData name="Situaci_1">Par?metro</SimpleData>
            <SimpleData name="Plantado">SI</SimpleData>
            <SimpleData name="Fecha_Plan">2026/05/11</SimpleData>
            <SimpleData name="Jornales">0.00000000000</SimpleData>
            <SimpleData name="Monto">0.00000000000</SimpleData>
            <SimpleData name="Grupo_de_p">D-P4-XX-XX-XX</SimpleData>
            <SimpleData name="Estado_del">Activo</SimpleData>
            <SimpleData name="Empresa">Unique Wood Paraguay SA</SimpleData>
            <SimpleData name="Lote">D</SimpleData>
            <SimpleData name="Parametro">0.00000000000</SimpleData>
            <SimpleData name="Sup_SIG">0.71634176928</SimpleData>
            <SimpleData name="X">-56.07759838000</SimpleData>
            <SimpleData name="Y">-24.97642411000</SimpleData>
            <SimpleData name="cedula">1727904</SimpleData>
            <SimpleData name="Cédula_1">1727904.00000000000</SimpleData>
            <SimpleData name="Estado_d_1">Activo</SimpleData>
            <SimpleData name="OBJECTID_1">5734</SimpleData>
            <SimpleData name="Shape_Leng">411.10272256100</SimpleData>
            <SimpleData name="Shape_Area">7163.41769275000</SimpleData>
          </SchemaData>
        </ExtendedData>
        <Polygon>
          <outerBoundaryIs>
            <LinearRing>
              <coordinates>
                -56.0767894003083,-24.9765185006395,0
                -56.0783697001105,-24.9767307000209,0
                -56.0783956000692,-24.9763206001143,0
                -56.0768198000186,-24.976123699362,0
                -56.0767894003083,-24.9765185006395,0
              </coordinates>
            </LinearRing>
          </outerBoundaryIs>
        </Polygon>
      </Placemark>
      <Placemark id="Lote_D.162">
        <ExtendedData>
          <SchemaData schemaUrl="#Lote_D.schema">
            <SimpleData name="Cédula">2189737.00000000000</SimpleData>
            <SimpleData name="Nombres_y_">BENIGNO  MENDOZA BENITEZ</SimpleData>
            <SimpleData name="Sexo">Hombre</SimpleData>
            <SimpleData name="Cambio_de_">NO</SimpleData>
            <SimpleData name="Titular_se">NO</SimpleData>
            <SimpleData name="ci_UNIF">2189737.00000000000</SimpleData>
            <SimpleData name="Situación">NO</SimpleData>
            <SimpleData name="Comunidad">Campesina</SimpleData>
            <SimpleData name="Modelo_imp">Modelo 1</SimpleData>
            <SimpleData name="Departamen">CAAGUAZU</SimpleData>
            <SimpleData name="Distrito">SAN JOAQUIN</SimpleData>
            <SimpleData name="Localidad">NACIENTE</SimpleData>
            <SimpleData name="Teléfono">982136459</SimpleData>
            <SimpleData name="Vivienda_L">-25.00145780000</SimpleData>
            <SimpleData name="Vivienda_1">-56.04927150000</SimpleData>
            <SimpleData name="Superficie">0.80000000000</SimpleData>
            <SimpleData name="Situaci_1">Par?metro</SimpleData>
            <SimpleData name="Plantado">SI</SimpleData>
            <SimpleData name="Fecha_Plan">2026/05/13</SimpleData>
            <SimpleData name="Jornales">0.00000000000</SimpleData>
            <SimpleData name="Monto">0.00000000000</SimpleData>
            <SimpleData name="Grupo_de_p">D-P4-XX-XX-XX</SimpleData>
            <SimpleData name="Estado_del">Activo</SimpleData>
            <SimpleData name="Empresa">Unique Wood Paraguay SA</SimpleData>
            <SimpleData name="Lote">D</SimpleData>
            <SimpleData name="Parametro">0.00000000000</SimpleData>
            <SimpleData name="Sup_SIG">0.93266433245</SimpleData>
            <SimpleData name="X">-56.04788390000</SimpleData>
            <SimpleData name="Y">-25.00119870000</SimpleData>
            <SimpleData name="cedula">2189737</SimpleData>
            <SimpleData name="Cédula_1">2189737.00000000000</SimpleData>
            <SimpleData name="Estado_d_1">Activo</SimpleData>
            <SimpleData name="OBJECTID_1">7351</SimpleData>
            <SimpleData name="Shape_Leng">386.38222066600</SimpleData>
            <SimpleData name="Shape_Area">9326.64332447000</SimpleData>
          </SchemaData>
        </ExtendedData>
        <Polygon>
          <outerBoundaryIs>
            <LinearRing>
              <coordinates>
                -56.0473278992564,-25.0015394003239,0
                -56.0482693997325,-25.001719399454,0
                -56.0484272999301,-25.00084380023,0
                -56.0475068993118,-25.0006837001165,0
                -56.0473278992564,-25.0015394003239,0
              </coordinates>
            </LinearRing>
          </outerBoundaryIs>
        </Polygon>
      </Placemark>
      <Placemark id="Lote_D.163">
        <ExtendedData>
          <SchemaData schemaUrl="#Lote_D.schema">
            <SimpleData name="Cédula">2970033.00000000000</SimpleData>
            <SimpleData name="Nombres_y_">AURELIA  CABALLERO DE GUERRERO</SimpleData>
            <SimpleData name="Sexo">Mujer</SimpleData>
            <SimpleData name="Cambio_de_">NO</SimpleData>
            <SimpleData name="Titular_se">NO</SimpleData>
            <SimpleData name="ci_UNIF">2970033.00000000000</SimpleData>
            <SimpleData name="Situación">NO</SimpleData>
            <SimpleData name="Comunidad">Campesina</SimpleData>
            <SimpleData name="Modelo_imp">Modelo 1</SimpleData>
            <SimpleData name="Departamen">CAAGUAZU</SimpleData>
            <SimpleData name="Distrito">SAN JOAQUIN</SimpleData>
            <SimpleData name="Localidad">TARUMA</SimpleData>
            <SimpleData name="Teléfono">983892422</SimpleData>
            <SimpleData name="Vivienda_L">-25.10877330000</SimpleData>
            <SimpleData name="Vivienda_1">-56.00378670000</SimpleData>
            <SimpleData name="Superficie">0.80000000000</SimpleData>
            <SimpleData name="Situaci_1">Parametro</SimpleData>
            <SimpleData name="Plantado">SI</SimpleData>
            <SimpleData name="Fecha_Plan">2026/05/22</SimpleData>
            <SimpleData name="Jornales">0.00000000000</SimpleData>
            <SimpleData name="Monto">0.00000000000</SimpleData>
            <SimpleData name="Grupo_de_p">D-P4-XX-XX-XX</SimpleData>
            <SimpleData name="Estado_del">Activo</SimpleData>
            <SimpleData name="Empresa">Unique Wood Paraguay SA</SimpleData>
            <SimpleData name="Lote">D</SimpleData>
            <SimpleData name="Parametro">0.00000000000</SimpleData>
            <SimpleData name="Sup_SIG">0.79637406490</SimpleData>
            <SimpleData name="X">-56.00626243000</SimpleData>
            <SimpleData name="Y">-25.11111677000</SimpleData>
            <SimpleData name="cedula">2970033</SimpleData>
            <SimpleData name="Cédula_1">2970033.00000000000</SimpleData>
            <SimpleData name="Estado_d_1">Activo</SimpleData>
            <SimpleData name="OBJECTID_1">7437</SimpleData>
            <SimpleData name="Shape_Leng">474.61937946500</SimpleData>
            <SimpleData name="Shape_Area">7963.74064902000</SimpleData>
          </SchemaData>
        </ExtendedData>
        <Polygon>
          <outerBoundaryIs>
            <LinearRing>
              <coordinates>
                -56.0056537415206,-25.1103960566588,0
                -56.0062226137102,-25.1114591154223,0
                -56.0065043006094,-25.1119855001224,0
                -56.0068725993317,-25.1118606000402,0
                -56.0060453002884,-25.1102703004184,0
                -56.0056444003571,-25.1103786002714,0
                -56.0056537415206,-25.1103960566588,0
              </coordinates>
            </LinearRing>
          </outerBoundaryIs>
        </Polygon>
      </Placemark>
      <Placemark id="Lote_D.164">
        <ExtendedData>
          <SchemaData schemaUrl="#Lote_D.schema">
            <SimpleData name="Cédula">4579078.00000000000</SimpleData>
            <SimpleData name="Nombres_y_">GRISELDA VIERA GARAY</SimpleData>
            <SimpleData name="Sexo">Mujer</SimpleData>
            <SimpleData name="Cambio_de_">NO</SimpleData>
            <SimpleData name="Titular_se">NO</SimpleData>
            <SimpleData name="ci_UNIF">4579078.00000000000</SimpleData>
            <SimpleData name="Situación">NO</SimpleData>
            <SimpleData name="Comunidad">Campesina</SimpleData>
            <SimpleData name="Modelo_imp">Modelo 5</SimpleData>
            <SimpleData name="Departamen">CAAGUAZU</SimpleData>
            <SimpleData name="Distrito">SAN JOAQUIN</SimpleData>
            <SimpleData name="Localidad">TACUAPI GUAZU</SimpleData>
            <SimpleData name="Teléfono">0975962495</SimpleData>
            <SimpleData name="Vivienda_L">-24.96414460000</SimpleData>
            <SimpleData name="Vivienda_1">-56.01907580000</SimpleData>
            <SimpleData name="Superficie">0.70000000000</SimpleData>
            <SimpleData name="Situaci_1">Par?metro</SimpleData>
            <SimpleData name="Plantado">SI</SimpleData>
            <SimpleData name="Fecha_Plan">2026/05/14</SimpleData>
            <SimpleData name="Jornales">0.00000000000</SimpleData>
            <SimpleData name="Monto">0.00000000000</SimpleData>
            <SimpleData name="Grupo_de_p">D-P4-XX-XX-XX</SimpleData>
            <SimpleData name="Estado_del">Activo</SimpleData>
            <SimpleData name="Empresa">Unique Wood Paraguay SA</SimpleData>
            <SimpleData name="Lote">D</SimpleData>
            <SimpleData name="Parametro">0.00000000000</SimpleData>
            <SimpleData name="Sup_SIG">0.72252077359</SimpleData>
            <SimpleData name="X">-56.01737108000</SimpleData>
            <SimpleData name="Y">-24.96388187000</SimpleData>
            <SimpleData name="cedula">4579078</SimpleData>
            <SimpleData name="Cédula_1">4579078.00000000000</SimpleData>
            <SimpleData name="Estado_d_1">Activo</SimpleData>
            <SimpleData name="OBJECTID_1">7167</SimpleData>
            <SimpleData name="Shape_Leng">340.96867778000</SimpleData>
            <SimpleData name="Shape_Area">7225.20773590000</SimpleData>
          </SchemaData>
        </ExtendedData>
        <Polygon>
          <outerBoundaryIs>
            <LinearRing>
              <coordinates>
                -56.016852100085,-24.9641594996608,0
                -56.0176118996656,-24.9643846001342,0
                -56.0178759002728,-24.9635954998545,0
                -56.0171494996551,-24.963376799772,0
                -56.016852100085,-24.9641594996608,0
              </coordinates>
            </LinearRing>
          </outerBoundaryIs>
        </Polygon>
      </Placemark>
      <Placemark id="Lote_D.165">
        <ExtendedData>
          <SchemaData schemaUrl="#Lote_D.schema">
            <SimpleData name="Cédula">4782282.00000000000</SimpleData>
            <SimpleData name="Nombres_y_">GRACIELA MELGAREJO DE AYALA</SimpleData>
            <SimpleData name="Sexo">Mujer</SimpleData>
            <SimpleData name="Cambio_de_">NO</SimpleData>
            <SimpleData name="Titular_se">NO</SimpleData>
            <SimpleData name="ci_UNIF">4782282.00000000000</SimpleData>
            <SimpleData name="Situación">NO</SimpleData>
            <SimpleData name="Comunidad">Campesina</SimpleData>
            <SimpleData name="Modelo_imp">Modelo 5</SimpleData>
            <SimpleData name="Departamen">CAAGUAZU</SimpleData>
            <SimpleData name="Distrito">SAN JOAQUIN</SimpleData>
            <SimpleData name="Localidad">TACUAPI GUAZU</SimpleData>
            <SimpleData name="Teléfono">0975954748</SimpleData>
            <SimpleData name="Vivienda_L">-24.96012500000</SimpleData>
            <SimpleData name="Vivienda_1">-56.02060260000</SimpleData>
            <SimpleData name="Superficie">0.70000000000</SimpleData>
            <SimpleData name="Situaci_1">Par?metro</SimpleData>
            <SimpleData name="Plantado">SI</SimpleData>
            <SimpleData name="Fecha_Plan">2026/05/14</SimpleData>
            <SimpleData name="Jornales">0.00000000000</SimpleData>
            <SimpleData name="Monto">0.00000000000</SimpleData>
            <SimpleData name="Grupo_de_p">D-P4-XX-XX-XX</SimpleData>
            <SimpleData name="Estado_del">Activo</SimpleData>
            <SimpleData name="Empresa">Unique Wood Paraguay SA</SimpleData>
            <SimpleData name="Lote">D</SimpleData>
            <SimpleData name="Parametro">0.00000000000</SimpleData>
            <SimpleData name="Sup_SIG">0.72611258990</SimpleData>
            <SimpleData name="X">-56.02149228000</SimpleData>
            <SimpleData name="Y">-24.96040335000</SimpleData>
            <SimpleData name="cedula">4782282</SimpleData>
            <SimpleData name="Cédula_1">4782282.00000000000</SimpleData>
            <SimpleData name="Estado_d_1">Activo</SimpleData>
            <SimpleData name="OBJECTID_1">7166</SimpleData>
            <SimpleData name="Shape_Leng">480.08974070000</SimpleData>
            <SimpleData name="Shape_Area">7261.12589904000</SimpleData>
          </SchemaData>
        </ExtendedData>
        <MultiGeometry>
          <Polygon>
            <outerBoundaryIs>
              <LinearRing>
                <coordinates>
                  -56.0212839995356,-24.9610526998448,0
                  -56.0213765998223,-24.9606363006354,0
                  -56.0210258997237,-24.960525299895,0
                  -56.0208722006384,-24.961029199761,0
                  -56.0212839995356,-24.9610526998448,0
                </coordinates>
              </LinearRing>
            </outerBoundaryIs>
          </Polygon>
          <Polygon>
            <outerBoundaryIs>
              <LinearRing>
                <coordinates>
                  -56.0217667000504,-24.9607217002511,0
                  -56.0220400000053,-24.9599317006792,0
                  -56.021469000032,-24.9597788003021,0
                  -56.0212482991,-24.9605532999257,0
                  -56.0217667000504,-24.9607217002511,0
                </coordinates>
              </LinearRing>
            </outerBoundaryIs>
          </Polygon>
        </MultiGeometry>
      </Placemark>
      <Placemark id="Lote_D.166">
        <ExtendedData>
          <SchemaData schemaUrl="#Lote_D.schema">
            <SimpleData name="Cédula">5020620.00000000000</SimpleData>
            <SimpleData name="Nombres_y_">JORGE MANCUELLO BAEZ</SimpleData>
            <SimpleData name="Sexo">Hombre</SimpleData>
            <SimpleData name="Cambio_de_">NO</SimpleData>
            <SimpleData name="Titular_se">NO</SimpleData>
            <SimpleData name="ci_UNIF">5020620.00000000000</SimpleData>
            <SimpleData name="Situación">NO</SimpleData>
            <SimpleData name="Comunidad">Campesina</SimpleData>
            <SimpleData name="Modelo_imp">Modelo 5</SimpleData>
            <SimpleData name="Departamen">CAAGUAZU</SimpleData>
            <SimpleData name="Distrito">SAN JOAQUIN</SimpleData>
            <SimpleData name="Localidad">TACUAPI I</SimpleData>
            <SimpleData name="Teléfono">0971405328</SimpleData>
            <SimpleData name="Vivienda_L">-24.97384150000</SimpleData>
            <SimpleData name="Vivienda_1">-56.05315480000</SimpleData>
            <SimpleData name="Superficie">0.70000000000</SimpleData>
            <SimpleData name="Situaci_1">Par?metro</SimpleData>
            <SimpleData name="Plantado">SI</SimpleData>
            <SimpleData name="Fecha_Plan">2026/05/13</SimpleData>
            <SimpleData name="Jornales">0.00000000000</SimpleData>
            <SimpleData name="Monto">0.00000000000</SimpleData>
            <SimpleData name="Grupo_de_p">D-P4-XX-XX-XX</SimpleData>
            <SimpleData name="Estado_del">Activo</SimpleData>
            <SimpleData name="Empresa">Unique Wood Paraguay SA</SimpleData>
            <SimpleData name="Lote">D</SimpleData>
            <SimpleData name="Parametro">0.00000000000</SimpleData>
            <SimpleData name="Sup_SIG">0.75750050826</SimpleData>
            <SimpleData name="X">-56.05111627000</SimpleData>
            <SimpleData name="Y">-24.97286454000</SimpleData>
            <SimpleData name="cedula">5020620</SimpleData>
            <SimpleData name="Cédula_1">5020620.00000000000</SimpleData>
            <SimpleData name="Estado_d_1">Activo</SimpleData>
            <SimpleData name="OBJECTID_1">7173</SimpleData>
            <SimpleData name="Shape_Leng">401.28342002200</SimpleData>
            <SimpleData name="Shape_Area">7575.00508261000</SimpleData>
          </SchemaData>
        </ExtendedData>
        <Polygon>
          <outerBoundaryIs>
            <LinearRing>
              <coordinates>
                -56.0503523991973,-24.972949900216,0
                -56.0517950003344,-24.9732299999875,0
                -56.0519066003307,-24.9728224001692,0
                -56.0515477002638,-24.9727486001984,0
                -56.0515307998273,-24.9726921992937,0
                -56.0504433000807,-24.9725017001555,0
                -56.0503523991973,-24.972949900216,0
              </coordinates>
            </LinearRing>
          </outerBoundaryIs>
        </Polygon>
      </Placemark>
      <Placemark id="Lote_D.167">
        <ExtendedData>
          <SchemaData schemaUrl="#Lote_D.schema">
            <SimpleData name="Cédula">5594516.00000000000</SimpleData>
            <SimpleData name="Nombres_y_">BASILIA FLORENTIN CUENCA</SimpleData>
            <SimpleData name="Sexo">Mujer</SimpleData>
            <SimpleData name="Cambio_de_">NO</SimpleData>
            <SimpleData name="Titular_se">NO</SimpleData>
            <SimpleData name="ci_UNIF">5594516.00000000000</SimpleData>
            <SimpleData name="Situación">NO</SimpleData>
            <SimpleData name="Comunidad">Campesina</SimpleData>
            <SimpleData name="Modelo_imp">Modelo 5</SimpleData>
            <SimpleData name="Departamen">CAAGUAZU</SimpleData>
            <SimpleData name="Distrito">SAN JOAQUIN</SimpleData>
            <SimpleData name="Localidad">TACUAPI GUAZU</SimpleData>
            <SimpleData name="Teléfono">0981145578</SimpleData>
            <SimpleData name="Vivienda_L">-24.96971200000</SimpleData>
            <SimpleData name="Vivienda_1">-56.01710810000</SimpleData>
            <SimpleData name="Superficie">0.70000000000</SimpleData>
            <SimpleData name="Situaci_1">Par?metro</SimpleData>
            <SimpleData name="Plantado">SI</SimpleData>
            <SimpleData name="Fecha_Plan">2026/05/14</SimpleData>
            <SimpleData name="Jornales">0.00000000000</SimpleData>
            <SimpleData name="Monto">0.00000000000</SimpleData>
            <SimpleData name="Grupo_de_p">D-P4-XX-XX-XX</SimpleData>
            <SimpleData name="Estado_del">Activo</SimpleData>
            <SimpleData name="Empresa">Unique Wood Paraguay SA</SimpleData>
            <SimpleData name="Lote">D</SimpleData>
            <SimpleData name="Parametro">0.00000000000</SimpleData>
            <SimpleData name="Sup_SIG">0.80457569320</SimpleData>
            <SimpleData name="X">-56.01406182000</SimpleData>
            <SimpleData name="Y">-24.96888509000</SimpleData>
            <SimpleData name="cedula">5594516</SimpleData>
            <SimpleData name="Cédula_1">5594516.00000000000</SimpleData>
            <SimpleData name="Estado_d_1">Activo</SimpleData>
            <SimpleData name="OBJECTID_1">7168</SimpleData>
            <SimpleData name="Shape_Leng">541.40963068100</SimpleData>
            <SimpleData name="Shape_Area">8045.75693202000</SimpleData>
          </SchemaData>
        </ExtendedData>
        <MultiGeometry>
          <Polygon>
            <outerBoundaryIs>
              <LinearRing>
                <coordinates>
                  -56.0157239000795,-24.9696599992824,0
                  -56.0158821993573,-24.9688522996046,0
                  -56.0154710002613,-24.9687999001472,0
                  -56.0153281004852,-24.969609900049,0
                  -56.0157239000795,-24.9696599992824,0
                </coordinates>
              </LinearRing>
            </outerBoundaryIs>
          </Polygon>
          <Polygon>
            <outerBoundaryIs>
              <LinearRing>
                <coordinates>
                  -56.0142352004695,-24.9693400000904,0
                  -56.0143481999884,-24.9685312004157,0
                  -56.0139279002851,-24.9684105002017,0
                  -56.0137465005181,-24.969221000136,0
                  -56.0142352004695,-24.9693400000904,0
                </coordinates>
              </LinearRing>
            </outerBoundaryIs>
          </Polygon>
        </MultiGeometry>
      </Placemark>
      <Placemark id="Lote_D.168">
        <ExtendedData>
          <SchemaData schemaUrl="#Lote_D.schema">
            <SimpleData name="Cédula">6811799.00000000000</SimpleData>
            <SimpleData name="Nombres_y_">ADA RAQUEL CACERES LOPEZ</SimpleData>
            <SimpleData name="Sexo">Mujer</SimpleData>
            <SimpleData name="Cambio_de_">NO</SimpleData>
            <SimpleData name="Titular_se">NO</SimpleData>
            <SimpleData name="ci_UNIF">6811799.00000000000</SimpleData>
            <SimpleData name="Situación">NO</SimpleData>
            <SimpleData name="Comunidad">Campesina</SimpleData>
            <SimpleData name="Modelo_imp">Modelo 1</SimpleData>
            <SimpleData name="Departamen">CAAGUAZU</SimpleData>
            <SimpleData name="Distrito">SAN JOAQUIN</SimpleData>
            <SimpleData name="Localidad">POTRERO APUA</SimpleData>
            <SimpleData name="Teléfono">0984698830</SimpleData>
            <SimpleData name="Vivienda_L">-25.00018590000</SimpleData>
            <SimpleData name="Vivienda_1">-56.04975720000</SimpleData>
            <SimpleData name="Superficie">0.80000000000</SimpleData>
            <SimpleData name="Situaci_1">Par?metro</SimpleData>
            <SimpleData name="Plantado">SI</SimpleData>
            <SimpleData name="Fecha_Plan">2026/05/12</SimpleData>
            <SimpleData name="Jornales">0.00000000000</SimpleData>
            <SimpleData name="Monto">0.00000000000</SimpleData>
            <SimpleData name="Grupo_de_p">D-P4-XX-XX-XX</SimpleData>
            <SimpleData name="Estado_del">Activo</SimpleData>
            <SimpleData name="Empresa">Unique Wood Paraguay SA</SimpleData>
            <SimpleData name="Lote">D</SimpleData>
            <SimpleData name="Parametro">0.00000000000</SimpleData>
            <SimpleData name="Sup_SIG">0.95125601858</SimpleData>
            <SimpleData name="X">-56.04491107000</SimpleData>
            <SimpleData name="Y">-25.00243365000</SimpleData>
            <SimpleData name="cedula">6811799</SimpleData>
            <SimpleData name="Cédula_1">6811799.00000000000</SimpleData>
            <SimpleData name="Estado_d_1">Activo</SimpleData>
            <SimpleData name="OBJECTID_1">7159</SimpleData>
            <SimpleData name="Shape_Leng">595.42747956500</SimpleData>
            <SimpleData name="Shape_Area">9512.56018580000</SimpleData>
          </SchemaData>
        </ExtendedData>
        <MultiGeometry>
          <Polygon>
            <outerBoundaryIs>
              <LinearRing>
                <coordinates>
                  -56.0450224002664,-25.0029286998669,0
                  -56.0452777992454,-25.0020308000549,0
                  -56.0447943001711,-25.0019587000313,0
                  -56.0445429992773,-25.0028092000636,0
                  -56.0450224002664,-25.0029286998669,0
                </coordinates>
              </LinearRing>
            </outerBoundaryIs>
          </Polygon>
          <Polygon>
            <outerBoundaryIs>
              <LinearRing>
                <coordinates>
                  -56.0440418996461,-25.0027574994576,0
                  -56.0442764999323,-25.001840800442,0
                  -56.0438696994853,-25.0017814000704,0
                  -56.0435932999431,-25.0026836999459,0
                  -56.0440418996461,-25.0027574994576,0
                </coordinates>
              </LinearRing>
            </outerBoundaryIs>
          </Polygon>
        </MultiGeometry>
      </Placemark>
      <Placemark id="Lote_D.169">
        <ExtendedData>
          <SchemaData schemaUrl="#Lote_D.schema">
            <SimpleData name="Cédula">7205601.00000000000</SimpleData>
            <SimpleData name="Nombres_y_">DAIHANA BEATRIZ ADORNO GOMEZ</SimpleData>
            <SimpleData name="Sexo">Mujer</SimpleData>
            <SimpleData name="Cambio_de_">NO</SimpleData>
            <SimpleData name="Titular_se">NO</SimpleData>
            <SimpleData name="ci_UNIF">7205601.00000000000</SimpleData>
            <SimpleData name="Situación">NO</SimpleData>
            <SimpleData name="Comunidad">Campesina</SimpleData>
            <SimpleData name="Modelo_imp">Modelo 5</SimpleData>
            <SimpleData name="Departamen">CAAGUAZU</SimpleData>
            <SimpleData name="Distrito">SAN JOAQUIN</SimpleData>
            <SimpleData name="Localidad">NACIENTE</SimpleData>
            <SimpleData name="Teléfono">985281947</SimpleData>
            <SimpleData name="Vivienda_L">-25.00814310000</SimpleData>
            <SimpleData name="Vivienda_1">-56.04814870000</SimpleData>
            <SimpleData name="Superficie">0.70000000000</SimpleData>
            <SimpleData name="Situaci_1">Par?metro</SimpleData>
            <SimpleData name="Plantado">SI</SimpleData>
            <SimpleData name="Fecha_Plan">2026/05/11</SimpleData>
            <SimpleData name="Jornales">0.00000000000</SimpleData>
            <SimpleData name="Monto">0.00000000000</SimpleData>
            <SimpleData name="Grupo_de_p">D-P4-XX-XX-XX</SimpleData>
            <SimpleData name="Estado_del">Activo</SimpleData>
            <SimpleData name="Empresa">Unique Wood Paraguay SA</SimpleData>
            <SimpleData name="Lote">D</SimpleData>
            <SimpleData name="Parametro">0.00000000000</SimpleData>
            <SimpleData name="Sup_SIG">0.71817545603</SimpleData>
            <SimpleData name="X">-56.05252956000</SimpleData>
            <SimpleData name="Y">-25.00757643000</SimpleData>
            <SimpleData name="cedula">7205601</SimpleData>
            <SimpleData name="Cédula_1">7205601.00000000000</SimpleData>
            <SimpleData name="Estado_d_1">Activo</SimpleData>
            <SimpleData name="OBJECTID_1">6282</SimpleData>
            <SimpleData name="Shape_Leng">342.64011276700</SimpleData>
            <SimpleData name="Shape_Area">7181.75456034000</SimpleData>
          </SchemaData>
        </ExtendedData>
        <Polygon>
          <outerBoundaryIs>
            <LinearRing>
              <coordinates>
                -56.0521200994583,-25.0079493997321,0
                -56.0527997007457,-25.0080880001591,0
                -56.0529704999498,-25.0072001006263,0
                -56.052210700367,-25.0070956003643,0
                -56.0521200994583,-25.0079493997321,0
              </coordinates>
            </LinearRing>
          </outerBoundaryIs>
        </Polygon>
      </Placemark>
      <Placemark id="Lote_D.170">
        <ExtendedData>
          <SchemaData schemaUrl="#Lote_D.schema">
            <SimpleData name="Cédula">2658867.00000000000</SimpleData>
            <SimpleData name="Nombres_y_">JOSE RUBEN GONZALEZ ROJAS</SimpleData>
            <SimpleData name="Sexo">Hombre</SimpleData>
            <SimpleData name="Cambio_de_">NO</SimpleData>
            <SimpleData name="Titular_se">NO</SimpleData>
            <SimpleData name="ci_UNIF">2658867.00000000000</SimpleData>
            <SimpleData name="Situación">NO</SimpleData>
            <SimpleData name="Comunidad">Campesina</SimpleData>
            <SimpleData name="Modelo_imp">Modelo 1</SimpleData>
            <SimpleData name="Departamen">CAAGUAZU</SimpleData>
            <SimpleData name="Distrito">SAN JOAQUIN</SimpleData>
            <SimpleData name="Localidad">TEJAS KUE</SimpleData>
            <SimpleData name="Teléfono">975482011</SimpleData>
            <SimpleData name="Vivienda_L">-25.05942430000</SimpleData>
            <SimpleData name="Vivienda_1">-56.00336310000</SimpleData>
            <SimpleData name="Superficie">0.80000000000</SimpleData>
            <SimpleData name="Situaci_1">Parametro</SimpleData>
            <SimpleData name="Plantado">SI</SimpleData>
            <SimpleData name="Fecha_Plan">2026/05/25</SimpleData>
            <SimpleData name="Jornales">0.00000000000</SimpleData>
            <SimpleData name="Monto">0.00000000000</SimpleData>
            <SimpleData name="Grupo_de_p">D-P4-XX-XX-XX</SimpleData>
            <SimpleData name="Estado_del">Activo</SimpleData>
            <SimpleData name="Empresa">Unique Wood Paraguay SA</SimpleData>
            <SimpleData name="Lote">D</SimpleData>
            <SimpleData name="Parametro">0.00000000000</SimpleData>
            <SimpleData name="Sup_SIG">0.93868515457</SimpleData>
            <SimpleData name="X">-56.00674091000</SimpleData>
            <SimpleData name="Y">-25.05125389000</SimpleData>
            <SimpleData name="cedula">2658867</SimpleData>
            <SimpleData name="Cédula_1">2658867.00000000000</SimpleData>
            <SimpleData name="Estado_d_1">Activo</SimpleData>
            <SimpleData name="OBJECTID_1">7381</SimpleData>
            <SimpleData name="Shape_Leng">396.77601515900</SimpleData>
            <SimpleData name="Shape_Area">9386.85154569000</SimpleData>
          </SchemaData>
        </ExtendedData>
        <Polygon>
          <outerBoundaryIs>
            <LinearRing>
              <coordinates>
                -56.0060160997866,-25.0509334004005,0
                -56.0064461995914,-25.0516928008146,0
                -56.0073879004289,-25.0516303001328,0
                -56.0071132994739,-25.0508066998972,0
                -56.0060160997866,-25.0509334004005,0
              </coordinates>
            </LinearRing>
          </outerBoundaryIs>
        </Polygon>
      </Placemark>
      <Placemark id="Lote_D.171">
        <ExtendedData>
          <SchemaData schemaUrl="#Lote_D.schema">
            <SimpleData name="Cédula">3354746.00000000000</SimpleData>
            <SimpleData name="Nombres_y_">ANA CRISTINA RAMIREZ DE FLECHA</SimpleData>
            <SimpleData name="Sexo">Mujer</SimpleData>
            <SimpleData name="Cambio_de_">NO</SimpleData>
            <SimpleData name="Titular_se">NO</SimpleData>
            <SimpleData name="ci_UNIF">3354746.00000000000</SimpleData>
            <SimpleData name="Situación">NO</SimpleData>
            <SimpleData name="Comunidad">Campesina</SimpleData>
            <SimpleData name="Modelo_imp">Modelo 1</SimpleData>
            <SimpleData name="Departamen">CAAGUAZU</SimpleData>
            <SimpleData name="Distrito">SAN JOAQUIN</SimpleData>
            <SimpleData name="Localidad">PIRI POTY</SimpleData>
            <SimpleData name="Teléfono">986212138</SimpleData>
            <SimpleData name="Vivienda_L">-25.04271030000</SimpleData>
            <SimpleData name="Vivienda_1">-56.05939550000</SimpleData>
            <SimpleData name="Superficie">0.80000000000</SimpleData>
            <SimpleData name="Situaci_1">Par?metro</SimpleData>
            <SimpleData name="Plantado">SI</SimpleData>
            <SimpleData name="Fecha_Plan">2026/05/11</SimpleData>
            <SimpleData name="Jornales">0.00000000000</SimpleData>
            <SimpleData name="Monto">0.00000000000</SimpleData>
            <SimpleData name="Grupo_de_p">D-P4-XX-XX-XX</SimpleData>
            <SimpleData name="Estado_del">Activo</SimpleData>
            <SimpleData name="Empresa">Unique Wood Paraguay SA</SimpleData>
            <SimpleData name="Lote">D</SimpleData>
            <SimpleData name="Parametro">0.00000000000</SimpleData>
            <SimpleData name="Sup_SIG">0.92373630023</SimpleData>
            <SimpleData name="X">-56.07091684000</SimpleData>
            <SimpleData name="Y">-25.03726536000</SimpleData>
            <SimpleData name="cedula">3354746</SimpleData>
            <SimpleData name="Cédula_1">3354746.00000000000</SimpleData>
            <SimpleData name="Estado_d_1">Activo</SimpleData>
            <SimpleData name="OBJECTID_1">6269</SimpleData>
            <SimpleData name="Shape_Leng">415.71395532500</SimpleData>
            <SimpleData name="Shape_Area">9237.36300233000</SimpleData>
          </SchemaData>
        </ExtendedData>
        <Polygon>
          <outerBoundaryIs>
            <LinearRing>
              <coordinates>
                -56.070446299973,-25.0378404002261,0
                -56.0710967000911,-25.0378809996487,0
                -56.0714394998151,-25.0365726002363,0
                -56.0706102992491,-25.0368369998981,0
                -56.070446299973,-25.0378404002261,0
              </coordinates>
            </LinearRing>
          </outerBoundaryIs>
        </Polygon>
      </Placemark>
      <Placemark id="Lote_D.172">
        <ExtendedData>
          <SchemaData schemaUrl="#Lote_D.schema">
            <SimpleData name="Cédula">4071792.00000000000</SimpleData>
            <SimpleData name="Nombres_y_">RAFAELA GUERRERO FRANCO</SimpleData>
            <SimpleData name="Sexo">Mujer</SimpleData>
            <SimpleData name="Cambio_de_">NO</SimpleData>
            <SimpleData name="Titular_se">NO</SimpleData>
            <SimpleData name="ci_UNIF">4071792.00000000000</SimpleData>
            <SimpleData name="Situación">NO</SimpleData>
            <SimpleData name="Comunidad">Campesina</SimpleData>
            <SimpleData name="Modelo_imp">Modelo 5</SimpleData>
            <SimpleData name="Departamen">CAAGUAZU</SimpleData>
            <SimpleData name="Distrito">SAN JOAQUIN</SimpleData>
            <SimpleData name="Localidad">TACUAPI GUAZU</SimpleData>
            <SimpleData name="Teléfono">0971569526</SimpleData>
            <SimpleData name="Vivienda_L">-24.98904850000</SimpleData>
            <SimpleData name="Vivienda_1">-56.02826610000</SimpleData>
            <SimpleData name="Superficie">0.70000000000</SimpleData>
            <SimpleData name="Situaci_1">Par?metro</SimpleData>
            <SimpleData name="Plantado">SI</SimpleData>
            <SimpleData name="Fecha_Plan">2026/05/13</SimpleData>
            <SimpleData name="Jornales">0.00000000000</SimpleData>
            <SimpleData name="Monto">0.00000000000</SimpleData>
            <SimpleData name="Grupo_de_p">D-P4-XX-XX-XX</SimpleData>
            <SimpleData name="Estado_del">Activo</SimpleData>
            <SimpleData name="Empresa">Unique Wood Paraguay SA</SimpleData>
            <SimpleData name="Lote">D</SimpleData>
            <SimpleData name="Parametro">0.00000000000</SimpleData>
            <SimpleData name="Sup_SIG">0.78627136605</SimpleData>
            <SimpleData name="X">-56.02713641000</SimpleData>
            <SimpleData name="Y">-24.98900290000</SimpleData>
            <SimpleData name="cedula">4071792</SimpleData>
            <SimpleData name="Cédula_1">4071792.00000000000</SimpleData>
            <SimpleData name="Estado_d_1">Activo</SimpleData>
            <SimpleData name="OBJECTID_1">7172</SimpleData>
            <SimpleData name="Shape_Leng">362.05577808300</SimpleData>
            <SimpleData name="Shape_Area">7862.71366050000</SimpleData>
          </SchemaData>
        </ExtendedData>
        <Polygon>
          <outerBoundaryIs>
            <LinearRing>
              <coordinates>
                -56.0267916994152,-24.9893466993272,0
                -56.0275770999213,-24.9895199000108,0
                -56.0275057001657,-24.9885581997891,0
                -56.0265911992267,-24.9886382000345,0
                -56.0267916994152,-24.9893466993272,0
              </coordinates>
            </LinearRing>
          </outerBoundaryIs>
        </Polygon>
      </Placemark>
      <Placemark id="Lote_D.173">
        <ExtendedData>
          <SchemaData schemaUrl="#Lote_D.schema">
            <SimpleData name="Cédula">4393559.00000000000</SimpleData>
            <SimpleData name="Nombres_y_">GESSICA GRACIELA ALMADA ALVAREZ</SimpleData>
            <SimpleData name="Sexo">Mujer</SimpleData>
            <SimpleData name="Cambio_de_">NO</SimpleData>
            <SimpleData name="Titular_se">NO</SimpleData>
            <SimpleData name="ci_UNIF">4393559.00000000000</SimpleData>
            <SimpleData name="Situación">NO</SimpleData>
            <SimpleData name="Comunidad">Campesina</SimpleData>
            <SimpleData name="Modelo_imp">Modelo 1</SimpleData>
            <SimpleData name="Departamen">CAAGUAZU</SimpleData>
            <SimpleData name="Distrito">YH?</SimpleData>
            <SimpleData name="Localidad">SAN RAMON</SimpleData>
            <SimpleData name="Teléfono">983238673</SimpleData>
            <SimpleData name="Vivienda_L">-25.09479830000</SimpleData>
            <SimpleData name="Vivienda_1">-55.98959670000</SimpleData>
            <SimpleData name="Superficie">0.80000000000</SimpleData>
            <SimpleData name="Situaci_1">Parametro</SimpleData>
            <SimpleData name="Plantado">SI</SimpleData>
            <SimpleData name="Fecha_Plan">2026/05/22</SimpleData>
            <SimpleData name="Jornales">0.00000000000</SimpleData>
            <SimpleData name="Monto">0.00000000000</SimpleData>
            <SimpleData name="Grupo_de_p">D-P4-XX-XX-XX</SimpleData>
            <SimpleData name="Estado_del">Activo</SimpleData>
            <SimpleData name="Empresa">Unique Wood Paraguay SA</SimpleData>
            <SimpleData name="Lote">D</SimpleData>
            <SimpleData name="Parametro">0.00000000000</SimpleData>
            <SimpleData name="Sup_SIG">0.85941005211</SimpleData>
            <SimpleData name="X">-56.00585714000</SimpleData>
            <SimpleData name="Y">-25.11124636000</SimpleData>
            <SimpleData name="cedula">4393559</SimpleData>
            <SimpleData name="Cédula_1">4393559.00000000000</SimpleData>
            <SimpleData name="Estado_d_1">Activo</SimpleData>
            <SimpleData name="OBJECTID_1">7446</SimpleData>
            <SimpleData name="Shape_Leng">472.58244922200</SimpleData>
            <SimpleData name="Shape_Area">8594.10052114000</SimpleData>
          </SchemaData>
        </ExtendedData>
        <Polygon>
          <outerBoundaryIs>
            <LinearRing>
              <coordinates>
                -56.0062226137102,-25.1114591154223,0
                -56.0056537415206,-25.1103960566588,0
                -56.0052610004708,-25.1104705004095,0
                -56.0059570998725,-25.1120166000725,0
                -56.0064740997195,-25.1119888005193,0
                -56.0062226137102,-25.1114591154223,0
              </coordinates>
            </LinearRing>
          </outerBoundaryIs>
        </Polygon>
      </Placemark>
      <Placemark id="Lote_D.174">
        <ExtendedData>
          <SchemaData schemaUrl="#Lote_D.schema">
            <SimpleData name="Cédula">4443125.00000000000</SimpleData>
            <SimpleData name="Nombres_y_">MAGDALENA ORREGO GAVILAN</SimpleData>
            <SimpleData name="Sexo">Mujer</SimpleData>
            <SimpleData name="Cambio_de_">NO</SimpleData>
            <SimpleData name="Titular_se">NO</SimpleData>
            <SimpleData name="ci_UNIF">4443125.00000000000</SimpleData>
            <SimpleData name="Situación">NO</SimpleData>
            <SimpleData name="Comunidad">Campesina</SimpleData>
            <SimpleData name="Modelo_imp">Modelo 1</SimpleData>
            <SimpleData name="Departamen">CAAGUAZU</SimpleData>
            <SimpleData name="Distrito">SAN JOAQUIN</SimpleData>
            <SimpleData name="Localidad">VIRGEN DEL CARMEN</SimpleData>
            <SimpleData name="Teléfono">0986180066</SimpleData>
            <SimpleData name="Vivienda_L">-25.05123940000</SimpleData>
            <SimpleData name="Vivienda_1">-56.10401950000</SimpleData>
            <SimpleData name="Superficie">0.80000000000</SimpleData>
            <SimpleData name="Situaci_1">Par?metro</SimpleData>
            <SimpleData name="Plantado">SI</SimpleData>
            <SimpleData name="Fecha_Plan">2026/05/21</SimpleData>
            <SimpleData name="Jornales">0.00000000000</SimpleData>
            <SimpleData name="Monto">0.00000000000</SimpleData>
            <SimpleData name="Grupo_de_p">D-P4-XX-XX-XX</SimpleData>
            <SimpleData name="Estado_del">Activo</SimpleData>
            <SimpleData name="Empresa">Unique Wood Paraguay SA</SimpleData>
            <SimpleData name="Lote">D</SimpleData>
            <SimpleData name="Parametro">0.00000000000</SimpleData>
            <SimpleData name="Sup_SIG">0.81000403347</SimpleData>
            <SimpleData name="X">-56.00615742000</SimpleData>
            <SimpleData name="Y">-25.08585426000</SimpleData>
            <SimpleData name="cedula">4443125</SimpleData>
            <SimpleData name="Cédula_1">4443125.00000000000</SimpleData>
            <SimpleData name="Estado_d_1">Activo</SimpleData>
            <SimpleData name="OBJECTID_1">7185</SimpleData>
            <SimpleData name="Shape_Leng">524.43869548200</SimpleData>
            <SimpleData name="Shape_Area">8100.04033469000</SimpleData>
          </SchemaData>
        </ExtendedData>
        <Polygon>
          <outerBoundaryIs>
            <LinearRing>
              <coordinates>
                -56.0054647002687,-25.0851077998626,0
                -56.0066102000935,-25.0868708999419,0
                -56.0068350002079,-25.0865775996857,0
                -56.0057263000515,-25.0848643005922,0
                -56.0054647002687,-25.0851077998626,0
              </coordinates>
            </LinearRing>
          </outerBoundaryIs>
        </Polygon>
      </Placemark>
      <Placemark id="Lote_D.175">
        <ExtendedData>
          <SchemaData schemaUrl="#Lote_D.schema">
            <SimpleData name="Cédula">4617212.00000000000</SimpleData>
            <SimpleData name="Nombres_y_">LUISA ROMERO DE VILLALBA</SimpleData>
            <SimpleData name="Sexo">Mujer</SimpleData>
            <SimpleData name="Cambio_de_">NO</SimpleData>
            <SimpleData name="Titular_se">NO</SimpleData>
            <SimpleData name="ci_UNIF">4617212.00000000000</SimpleData>
            <SimpleData name="Situación">NO</SimpleData>
            <SimpleData name="Comunidad">Campesina</SimpleData>
            <SimpleData name="Modelo_imp">Modelo 5</SimpleData>
            <SimpleData name="Departamen">CAAGUAZU</SimpleData>
            <SimpleData name="Distrito">SAN JOAQUIN</SimpleData>
            <SimpleData name="Localidad">?UAI</SimpleData>
            <SimpleData name="Teléfono">0982488094</SimpleData>
            <SimpleData name="Vivienda_L">-25.01219900000</SimpleData>
            <SimpleData name="Vivienda_1">-56.06781520000</SimpleData>
            <SimpleData name="Superficie">0.70000000000</SimpleData>
            <SimpleData name="Situaci_1">Par?metro</SimpleData>
            <SimpleData name="Plantado">SI</SimpleData>
            <SimpleData name="Fecha_Plan">2026/05/28</SimpleData>
            <SimpleData name="Jornales">0.00000000000</SimpleData>
            <SimpleData name="Monto">0.00000000000</SimpleData>
            <SimpleData name="Grupo_de_p">D-P4-XX-XX-XX</SimpleData>
            <SimpleData name="Estado_del">Activo</SimpleData>
            <SimpleData name="Empresa">Unique Wood Paraguay SA</SimpleData>
            <SimpleData name="Lote">D</SimpleData>
            <SimpleData name="Parametro">0.00000000000</SimpleData>
            <SimpleData name="Sup_SIG">0.74547625744</SimpleData>
            <SimpleData name="X">-56.06700522000</SimpleData>
            <SimpleData name="Y">-25.01315057000</SimpleData>
            <SimpleData name="cedula">4617212</SimpleData>
            <SimpleData name="Cédula_1">4617212.00000000000</SimpleData>
            <SimpleData name="Estado_d_1">Activo</SimpleData>
            <SimpleData name="OBJECTID_1">7180</SimpleData>
            <SimpleData name="Shape_Leng">356.45751727800</SimpleData>
            <SimpleData name="Shape_Area">7454.76257442000</SimpleData>
          </SchemaData>
        </ExtendedData>
        <Polygon>
          <outerBoundaryIs>
            <LinearRing>
              <coordinates>
                -56.0666067007771,-25.0128517001728,0
                -56.0664955003293,-25.0136164997987,0
                -56.067397299422,-25.0134397004773,0
                -56.0675323999985,-25.0127000999675,0
                -56.0666067007771,-25.0128517001728,0
              </coordinates>
            </LinearRing>
          </outerBoundaryIs>
        </Polygon>
      </Placemark>
      <Placemark id="Lote_D.176">
        <ExtendedData>
          <SchemaData schemaUrl="#Lote_D.schema">
            <SimpleData name="Cédula">5177344.00000000000</SimpleData>
            <SimpleData name="Nombres_y_">CELINA  RUIZ DIAZ</SimpleData>
            <SimpleData name="Sexo">Mujer</SimpleData>
            <SimpleData name="Cambio_de_">NO</SimpleData>
            <SimpleData name="Titular_se">NO</SimpleData>
            <SimpleData name="ci_UNIF">5177344.00000000000</SimpleData>
            <SimpleData name="Situación">NO</SimpleData>
            <SimpleData name="Comunidad">Campesina</SimpleData>
            <SimpleData name="Modelo_imp">Modelo 5</SimpleData>
            <SimpleData name="Departamen">CAAGUAZU</SimpleData>
            <SimpleData name="Distrito">SAN JOAQUIN</SimpleData>
            <SimpleData name="Localidad">TARUMA</SimpleData>
            <SimpleData name="Teléfono">982167509</SimpleData>
            <SimpleData name="Vivienda_L">-25.10933000000</SimpleData>
            <SimpleData name="Vivienda_1">-56.00407500000</SimpleData>
            <SimpleData name="Superficie">0.70000000000</SimpleData>
            <SimpleData name="Situaci_1">Parametro</SimpleData>
            <SimpleData name="Plantado">SI</SimpleData>
            <SimpleData name="Fecha_Plan">2026/05/26</SimpleData>
            <SimpleData name="Jornales">0.00000000000</SimpleData>
            <SimpleData name="Monto">0.00000000000</SimpleData>
            <SimpleData name="Grupo_de_p">D-P4-XX-XX-XX</SimpleData>
            <SimpleData name="Estado_del">Activo</SimpleData>
            <SimpleData name="Empresa">Unique Wood Paraguay SA</SimpleData>
            <SimpleData name="Lote">D</SimpleData>
            <SimpleData name="Parametro">0.00000000000</SimpleData>
            <SimpleData name="Sup_SIG">0.78291432904</SimpleData>
            <SimpleData name="X">-56.00542572000</SimpleData>
            <SimpleData name="Y">-25.10911684000</SimpleData>
            <SimpleData name="cedula">5177344</SimpleData>
            <SimpleData name="Cédula_1">5177344.00000000000</SimpleData>
            <SimpleData name="Estado_d_1">Activo</SimpleData>
            <SimpleData name="OBJECTID_1">7379</SimpleData>
            <SimpleData name="Shape_Leng">547.98839885500</SimpleData>
            <SimpleData name="Shape_Area">7829.14329043000</SimpleData>
          </SchemaData>
        </ExtendedData>
        <MultiGeometry>
          <Polygon>
            <outerBoundaryIs>
              <LinearRing>
                <coordinates>
                  -56.0051920995565,-25.109479000248,0
                  -56.0058964994291,-25.1091634996537,0
                  -56.0056645992585,-25.1087333002223,0
                  -56.0049323998656,-25.1091123005862,0
                  -56.0051920995565,-25.109479000248,0
                </coordinates>
              </LinearRing>
            </outerBoundaryIs>
          </Polygon>
          <Polygon>
            <outerBoundaryIs>
              <LinearRing>
                <coordinates>
                  -56.0072951998677,-25.0997257003692,0
                  -56.0075907999545,-25.099569900151,0
                  -56.0071097999325,-25.0987039003102,0
                  -56.0068196004017,-25.0988744006632,0
                  -56.0072951998677,-25.0997257003692,0
                </coordinates>
              </LinearRing>
            </outerBoundaryIs>
          </Polygon>
        </MultiGeometry>
      </Placemark>
      <Placemark id="Lote_D.177">
        <ExtendedData>
          <SchemaData schemaUrl="#Lote_D.schema">
            <SimpleData name="Cédula">5484970.00000000000</SimpleData>
            <SimpleData name="Nombres_y_">ARCENIA PORTILLO CENTURION</SimpleData>
            <SimpleData name="Sexo">Mujer</SimpleData>
            <SimpleData name="Cambio_de_">NO</SimpleData>
            <SimpleData name="Titular_se">NO</SimpleData>
            <SimpleData name="ci_UNIF">5484970.00000000000</SimpleData>
            <SimpleData name="Situación">NO</SimpleData>
            <SimpleData name="Comunidad">Ind?gena</SimpleData>
            <SimpleData name="Modelo_imp">Modelo 1</SimpleData>
            <SimpleData name="Departamen">CAAGUAZU</SimpleData>
            <SimpleData name="Distrito">YH?</SimpleData>
            <SimpleData name="Localidad">COM INDIG ARROYO GUAZU - GUAYAYVI</SimpleData>
            <SimpleData name="Teléfono">ND</SimpleData>
            <SimpleData name="Vivienda_L">-24.89180850000</SimpleData>
            <SimpleData name="Vivienda_1">-55.82081910000</SimpleData>
            <SimpleData name="Superficie">0.80000000000</SimpleData>
            <SimpleData name="Situaci_1">Pol?gono</SimpleData>
            <SimpleData name="Plantado">SI</SimpleData>
            <SimpleData name="Fecha_Plan">2025/10/29</SimpleData>
            <SimpleData name="Jornales">0.00000000000</SimpleData>
            <SimpleData name="Monto">0.00000000000</SimpleData>
            <SimpleData name="Grupo_de_p">D-P4-XX-XX-XX</SimpleData>
            <SimpleData name="Estado_del">Activo</SimpleData>
            <SimpleData name="Empresa">Unique Wood Paraguay SA</SimpleData>
            <SimpleData name="Lote">D</SimpleData>
            <SimpleData name="Parametro">0.00000000000</SimpleData>
            <SimpleData name="Sup_SIG">0.82049476211</SimpleData>
            <SimpleData name="X">-55.82131527000</SimpleData>
            <SimpleData name="Y">-24.89142641000</SimpleData>
            <SimpleData name="cedula">5484970</SimpleData>
            <SimpleData name="Cédula_1">5484970.00000000000</SimpleData>
            <SimpleData name="Estado_d_1">Activo</SimpleData>
            <SimpleData name="OBJECTID_1">8723</SimpleData>
            <SimpleData name="Shape_Leng">552.67992628600</SimpleData>
            <SimpleData name="Shape_Area">8204.94762110000</SimpleData>
          </SchemaData>
        </ExtendedData>
        <MultiGeometry>
          <Polygon>
            <outerBoundaryIs>
              <LinearRing>
                <coordinates>
                  -55.8215885998375,-24.8919835003395,0
                  -55.8217913994402,-24.8912562007238,0
                  -55.8208266994906,-24.8909900006638,0
                  -55.8206849992895,-24.8912769001973,0
                  -55.8211399004281,-24.8914209000798,0
                  -55.8211412000545,-24.8914620003726,0
                  -55.8211973006941,-24.8914826002951,0
                  -55.8212061996594,-24.8918178002763,0
                  -55.8215885998375,-24.8919835003395,0
                </coordinates>
              </LinearRing>
            </outerBoundaryIs>
          </Polygon>
          <Polygon>
            <outerBoundaryIs>
              <LinearRing>
                <coordinates>
                  -55.8207552996706,-24.8898540002503,0
                  -55.8208130997575,-24.8894229005991,0
                  -55.8203599997602,-24.8893402006307,0
                  -55.8202727996392,-24.8897801003321,0
                  -55.8207552996706,-24.8898540002503,0
                </coordinates>
              </LinearRing>
            </outerBoundaryIs>
          </Polygon>
        </MultiGeometry>
      </Placemark>
      <Placemark id="Lote_D.178">
        <ExtendedData>
          <SchemaData schemaUrl="#Lote_D.schema">
            <SimpleData name="Cédula">5912728.00000000000</SimpleData>
            <SimpleData name="Nombres_y_">CARMEN  ESTIGARRIBIA MARTINEZ</SimpleData>
            <SimpleData name="Sexo">Mujer</SimpleData>
            <SimpleData name="Cambio_de_">NO</SimpleData>
            <SimpleData name="Titular_se">NO</SimpleData>
            <SimpleData name="ci_UNIF">5912728.00000000000</SimpleData>
            <SimpleData name="Situación">NO</SimpleData>
            <SimpleData name="Comunidad">Campesina</SimpleData>
            <SimpleData name="Modelo_imp">Modelo 2</SimpleData>
            <SimpleData name="Departamen">CAAGUAZU</SimpleData>
            <SimpleData name="Distrito">SAN JOAQUIN</SimpleData>
            <SimpleData name="Localidad">TARUMA</SimpleData>
            <SimpleData name="Teléfono">985527988</SimpleData>
            <SimpleData name="Vivienda_L">-25.09044140000</SimpleData>
            <SimpleData name="Vivienda_1">-56.00865230000</SimpleData>
            <SimpleData name="Superficie">0.80000000000</SimpleData>
            <SimpleData name="Situaci_1">Parametro</SimpleData>
            <SimpleData name="Plantado">SI</SimpleData>
            <SimpleData name="Fecha_Plan">2026/05/22</SimpleData>
            <SimpleData name="Jornales">0.00000000000</SimpleData>
            <SimpleData name="Monto">0.00000000000</SimpleData>
            <SimpleData name="Grupo_de_p">D-P4-XX-XX-XX</SimpleData>
            <SimpleData name="Estado_del">Activo</SimpleData>
            <SimpleData name="Empresa">Unique Wood Paraguay SA</SimpleData>
            <SimpleData name="Lote">D</SimpleData>
            <SimpleData name="Parametro">0.00000000000</SimpleData>
            <SimpleData name="Sup_SIG">0.81822650404</SimpleData>
            <SimpleData name="X">-56.00640971000</SimpleData>
            <SimpleData name="Y">-25.08563727000</SimpleData>
            <SimpleData name="cedula">5912728</SimpleData>
            <SimpleData name="Cédula_1">5912728.00000000000</SimpleData>
            <SimpleData name="Estado_d_1">Activo</SimpleData>
            <SimpleData name="OBJECTID_1">7423</SimpleData>
            <SimpleData name="Shape_Leng">743.23303936500</SimpleData>
            <SimpleData name="Shape_Area">8182.26504044000</SimpleData>
          </SchemaData>
        </ExtendedData>
        <MultiGeometry>
          <Polygon>
            <outerBoundaryIs>
              <LinearRing>
                <coordinates>
                  -56.0080282997654,-25.0909858996984,0
                  -56.0081199993845,-25.0911016999778,0
                  -56.0086418998292,-25.0908173003483,0
                  -56.0088005995769,-25.0910562002926,0
                  -56.0090539992643,-25.0909000007024,0
                  -56.0088416992398,-25.090515000555,0
                  -56.0080282997654,-25.0909858996984,0
                </coordinates>
              </LinearRing>
            </outerBoundaryIs>
          </Polygon>
          <Polygon>
            <outerBoundaryIs>
              <LinearRing>
                <coordinates>
                  -56.0068566996102,-25.0865649998308,0
                  -56.0070014998882,-25.0863786997911,0
                  -56.0060881997432,-25.0848152995531,0
                  -56.0058133001159,-25.0849753001301,0
                  -56.0068566996102,-25.0865649998308,0
                </coordinates>
              </LinearRing>
            </outerBoundaryIs>
          </Polygon>
        </MultiGeometry>
      </Placemark>
      <Placemark id="Lote_D.179">
        <ExtendedData>
          <SchemaData schemaUrl="#Lote_D.schema">
            <SimpleData name="Cédula">6233522.00000000000</SimpleData>
            <SimpleData name="Nombres_y_">LIZ NOELIA CACERES FERNANDEZ</SimpleData>
            <SimpleData name="Sexo">Mujer</SimpleData>
            <SimpleData name="Cambio_de_">NO</SimpleData>
            <SimpleData name="Titular_se">NO</SimpleData>
            <SimpleData name="ci_UNIF">6233522.00000000000</SimpleData>
            <SimpleData name="Situación">NO</SimpleData>
            <SimpleData name="Comunidad">Campesina</SimpleData>
            <SimpleData name="Modelo_imp">Modelo 5</SimpleData>
            <SimpleData name="Departamen">CAAGUAZU</SimpleData>
            <SimpleData name="Distrito">SAN JOAQUIN</SimpleData>
            <SimpleData name="Localidad">?UAI</SimpleData>
            <SimpleData name="Teléfono">0982363797</SimpleData>
            <SimpleData name="Vivienda_L">-25.00172600000</SimpleData>
            <SimpleData name="Vivienda_1">-56.09620070000</SimpleData>
            <SimpleData name="Superficie">0.70000000000</SimpleData>
            <SimpleData name="Situaci_1">Par?metro</SimpleData>
            <SimpleData name="Plantado">SI</SimpleData>
            <SimpleData name="Fecha_Plan">2026/05/28</SimpleData>
            <SimpleData name="Jornales">0.00000000000</SimpleData>
            <SimpleData name="Monto">0.00000000000</SimpleData>
            <SimpleData name="Grupo_de_p">D-P4-XX-XX-XX</SimpleData>
            <SimpleData name="Estado_del">Activo</SimpleData>
            <SimpleData name="Empresa">Unique Wood Paraguay SA</SimpleData>
            <SimpleData name="Lote">D</SimpleData>
            <SimpleData name="Parametro">0.00000000000</SimpleData>
            <SimpleData name="Sup_SIG">1.02091965928</SimpleData>
            <SimpleData name="X">-56.09627678000</SimpleData>
            <SimpleData name="Y">-25.00236092000</SimpleData>
            <SimpleData name="cedula">6233522</SimpleData>
            <SimpleData name="Cédula_1">6233522.00000000000</SimpleData>
            <SimpleData name="Estado_d_1">Activo</SimpleData>
            <SimpleData name="OBJECTID_1">7179</SimpleData>
            <SimpleData name="Shape_Leng">412.08405001400</SimpleData>
            <SimpleData name="Shape_Area">10209.19659280000</SimpleData>
          </SchemaData>
        </ExtendedData>
        <Polygon>
          <outerBoundaryIs>
            <LinearRing>
              <coordinates>
                -56.0959590001042,-25.0018355003972,0
                -56.0957145007569,-25.0029223000552,0
                -56.0966599997592,-25.0028000002259,0
                -56.0968232996558,-25.0020732999536,0
                -56.0967182999831,-25.0020517001722,0
                -56.0966967003258,-25.0018233003757,0
                -56.0959590001042,-25.0018355003972,0
              </coordinates>
            </LinearRing>
          </outerBoundaryIs>
        </Polygon>
      </Placemark>
      <Placemark id="Lote_D.180">
        <ExtendedData>
          <SchemaData schemaUrl="#Lote_D.schema">
            <SimpleData name="Cédula">6252879.00000000000</SimpleData>
            <SimpleData name="Nombres_y_">EFIGENIA  LUGO GIMENEZ</SimpleData>
            <SimpleData name="Sexo">Mujer</SimpleData>
            <SimpleData name="Cambio_de_">NO</SimpleData>
            <SimpleData name="Titular_se">NO</SimpleData>
            <SimpleData name="ci_UNIF">6252879.00000000000</SimpleData>
            <SimpleData name="Situación">NO</SimpleData>
            <SimpleData name="Comunidad">Campesina</SimpleData>
            <SimpleData name="Modelo_imp">Modelo 5</SimpleData>
            <SimpleData name="Departamen">CAAGUAZU</SimpleData>
            <SimpleData name="Distrito">YH?</SimpleData>
            <SimpleData name="Localidad">YATAITY</SimpleData>
            <SimpleData name="Teléfono">971605749</SimpleData>
            <SimpleData name="Vivienda_L">-25.06792420000</SimpleData>
            <SimpleData name="Vivienda_1">-55.99907610000</SimpleData>
            <SimpleData name="Superficie">0.70000000000</SimpleData>
            <SimpleData name="Situaci_1">Parametro</SimpleData>
            <SimpleData name="Plantado">SI</SimpleData>
            <SimpleData name="Fecha_Plan">2026/05/25</SimpleData>
            <SimpleData name="Jornales">0.00000000000</SimpleData>
            <SimpleData name="Monto">0.00000000000</SimpleData>
            <SimpleData name="Grupo_de_p">D-P4-XX-XX-XX</SimpleData>
            <SimpleData name="Estado_del">Activo</SimpleData>
            <SimpleData name="Empresa">Unique Wood Paraguay SA</SimpleData>
            <SimpleData name="Lote">D</SimpleData>
            <SimpleData name="Parametro">0.00000000000</SimpleData>
            <SimpleData name="Sup_SIG">0.81875843901</SimpleData>
            <SimpleData name="X">-56.00213101000</SimpleData>
            <SimpleData name="Y">-25.06683528000</SimpleData>
            <SimpleData name="cedula">6252879</SimpleData>
            <SimpleData name="Cédula_1">6252879.00000000000</SimpleData>
            <SimpleData name="Estado_d_1">Activo</SimpleData>
            <SimpleData name="OBJECTID_1">7380</SimpleData>
            <SimpleData name="Shape_Leng">364.09047188100</SimpleData>
            <SimpleData name="Shape_Area">8187.58439012000</SimpleData>
          </SchemaData>
        </ExtendedData>
        <Polygon>
          <outerBoundaryIs>
            <LinearRing>
              <coordinates>
                -56.001510200601,-25.0667430998553,0
                -56.0018927996758,-25.0673896993755,0
                -56.0027528995699,-25.06692769989,0
                -56.0023669997026,-25.0662804996562,0
                -56.001510200601,-25.0667430998553,0
              </coordinates>
            </LinearRing>
          </outerBoundaryIs>
        </Polygon>
      </Placemark>
      <Placemark id="Lote_D.181">
        <ExtendedData>
          <SchemaData schemaUrl="#Lote_D.schema">
            <SimpleData name="Cédula">6253628.00000000000</SimpleData>
            <SimpleData name="Nombres_y_">GLADYS AYALA PERALTA</SimpleData>
            <SimpleData name="Sexo">Mujer</SimpleData>
            <SimpleData name="Cambio_de_">NO</SimpleData>
            <SimpleData name="Titular_se">NO</SimpleData>
            <SimpleData name="ci_UNIF">6253628.00000000000</SimpleData>
            <SimpleData name="Situación">NO</SimpleData>
            <SimpleData name="Comunidad">Campesina</SimpleData>
            <SimpleData name="Modelo_imp">Modelo 1</SimpleData>
            <SimpleData name="Departamen">CAAGUAZU</SimpleData>
            <SimpleData name="Distrito">YH?</SimpleData>
            <SimpleData name="Localidad">1RA LINEA - KAIHO</SimpleData>
            <SimpleData name="Teléfono">0985451746</SimpleData>
            <SimpleData name="Vivienda_L">-24.93895570000</SimpleData>
            <SimpleData name="Vivienda_1">-55.87727340000</SimpleData>
            <SimpleData name="Superficie">0.80000000000</SimpleData>
            <SimpleData name="Situaci_1">Pol?gono</SimpleData>
            <SimpleData name="Plantado">SI</SimpleData>
            <SimpleData name="Fecha_Plan">2025/10/29</SimpleData>
            <SimpleData name="Jornales">0.00000000000</SimpleData>
            <SimpleData name="Monto">0.00000000000</SimpleData>
            <SimpleData name="Grupo_de_p">D-P4-XX-XX-XX</SimpleData>
            <SimpleData name="Estado_del">Activo</SimpleData>
            <SimpleData name="Empresa">Unique Wood Paraguay SA</SimpleData>
            <SimpleData name="Lote">D</SimpleData>
            <SimpleData name="Parametro">0.00000000000</SimpleData>
            <SimpleData name="Sup_SIG">1.00944141749</SimpleData>
            <SimpleData name="X">-55.87458056000</SimpleData>
            <SimpleData name="Y">-24.92516453000</SimpleData>
            <SimpleData name="cedula">6253628</SimpleData>
            <SimpleData name="Cédula_1">6253628.00000000000</SimpleData>
            <SimpleData name="Estado_d_1">Activo</SimpleData>
            <SimpleData name="OBJECTID_1">8731</SimpleData>
            <SimpleData name="Shape_Leng">539.14527709300</SimpleData>
            <SimpleData name="Shape_Area">10094.41417490000</SimpleData>
          </SchemaData>
        </ExtendedData>
        <Polygon>
          <outerBoundaryIs>
            <LinearRing>
              <coordinates>
                -55.8734086993913,-24.9250057998869,0
                -55.8756501001689,-24.9257180000631,0
                -55.8755643999408,-24.9252527998392,0
                -55.8737178003625,-24.9246591999446,0
                -55.8734086993913,-24.9250057998869,0
              </coordinates>
            </LinearRing>
          </outerBoundaryIs>
        </Polygon>
      </Placemark>
      <Placemark id="Lote_D.182">
        <ExtendedData>
          <SchemaData schemaUrl="#Lote_D.schema">
            <SimpleData name="Cédula">6625737.00000000000</SimpleData>
            <SimpleData name="Nombres_y_">NAIDA FABIOLA MERCADO CABRERA</SimpleData>
            <SimpleData name="Sexo">Mujer</SimpleData>
            <SimpleData name="Cambio_de_">NO</SimpleData>
            <SimpleData name="Titular_se">NO</SimpleData>
            <SimpleData name="ci_UNIF">6625737.00000000000</SimpleData>
            <SimpleData name="Situación">NO</SimpleData>
            <SimpleData name="Comunidad">Campesina</SimpleData>
            <SimpleData name="Modelo_imp">Modelo 6</SimpleData>
            <SimpleData name="Departamen">CAAGUAZU</SimpleData>
            <SimpleData name="Distrito">SAN JOAQUIN</SimpleData>
            <SimpleData name="Localidad">?UAI</SimpleData>
            <SimpleData name="Teléfono">0983968774</SimpleData>
            <SimpleData name="Vivienda_L">-25.01016640000</SimpleData>
            <SimpleData name="Vivienda_1">-56.09843340000</SimpleData>
            <SimpleData name="Superficie">0.90000000000</SimpleData>
            <SimpleData name="Situaci_1">Par?metro</SimpleData>
            <SimpleData name="Plantado">SI</SimpleData>
            <SimpleData name="Fecha_Plan">2026/05/28</SimpleData>
            <SimpleData name="Jornales">0.00000000000</SimpleData>
            <SimpleData name="Monto">0.00000000000</SimpleData>
            <SimpleData name="Grupo_de_p">D-P4-XX-XX-XX</SimpleData>
            <SimpleData name="Estado_del">Activo</SimpleData>
            <SimpleData name="Empresa">Unique Wood Paraguay SA</SimpleData>
            <SimpleData name="Lote">D</SimpleData>
            <SimpleData name="Parametro">0.00000000000</SimpleData>
            <SimpleData name="Sup_SIG">1.08024513210</SimpleData>
            <SimpleData name="X">-56.09269301000</SimpleData>
            <SimpleData name="Y">-25.00482658000</SimpleData>
            <SimpleData name="cedula">6625737</SimpleData>
            <SimpleData name="Cédula_1">6625737.00000000000</SimpleData>
            <SimpleData name="Estado_d_1">Activo</SimpleData>
            <SimpleData name="OBJECTID_1">7161</SimpleData>
            <SimpleData name="Shape_Leng">794.16305037800</SimpleData>
            <SimpleData name="Shape_Area">10802.45132100000</SimpleData>
          </SchemaData>
        </ExtendedData>
        <Polygon>
          <outerBoundaryIs>
            <LinearRing>
              <coordinates>
                -56.0921287000396,-25.0065369000744,0
                -56.0923636007022,-25.0065551998029,0
                -56.0932649998179,-25.0033167004474,0
                -56.0929015999633,-25.0033291996159,0
                -56.0921287000396,-25.0065369000744,0
              </coordinates>
            </LinearRing>
          </outerBoundaryIs>
        </Polygon>
      </Placemark>
      <Placemark id="Lote_D.183">
        <ExtendedData>
          <SchemaData schemaUrl="#Lote_D.schema">
            <SimpleData name="Cédula">6885288.00000000000</SimpleData>
            <SimpleData name="Nombres_y_">MONICA ESPINOLA SANTACRUZ</SimpleData>
            <SimpleData name="Sexo">Mujer</SimpleData>
            <SimpleData name="Cambio_de_">NO</SimpleData>
            <SimpleData name="Titular_se">NO</SimpleData>
            <SimpleData name="ci_UNIF">6885288.00000000000</SimpleData>
            <SimpleData name="Situación">NO</SimpleData>
            <SimpleData name="Comunidad">Campesina</SimpleData>
            <SimpleData name="Modelo_imp">Modelo 5</SimpleData>
            <SimpleData name="Departamen">CAAGUAZU</SimpleData>
            <SimpleData name="Distrito">YH?</SimpleData>
            <SimpleData name="Localidad">YATAITY</SimpleData>
            <SimpleData name="Teléfono">984762156</SimpleData>
            <SimpleData name="Vivienda_L">-25.07729500000</SimpleData>
            <SimpleData name="Vivienda_1">-55.98456170000</SimpleData>
            <SimpleData name="Superficie">0.70000000000</SimpleData>
            <SimpleData name="Situaci_1">Parametro</SimpleData>
            <SimpleData name="Plantado">SI</SimpleData>
            <SimpleData name="Fecha_Plan">2026/05/22</SimpleData>
            <SimpleData name="Jornales">0.00000000000</SimpleData>
            <SimpleData name="Monto">0.00000000000</SimpleData>
            <SimpleData name="Grupo_de_p">D-P4-XX-XX-XX</SimpleData>
            <SimpleData name="Estado_del">Activo</SimpleData>
            <SimpleData name="Empresa">Unique Wood Paraguay SA</SimpleData>
            <SimpleData name="Lote">D</SimpleData>
            <SimpleData name="Parametro">0.00000000000</SimpleData>
            <SimpleData name="Sup_SIG">0.77631283725</SimpleData>
            <SimpleData name="X">-55.98172762000</SimpleData>
            <SimpleData name="Y">-25.07796158000</SimpleData>
            <SimpleData name="cedula">6885288</SimpleData>
            <SimpleData name="Cédula_1">6885288.00000000000</SimpleData>
            <SimpleData name="Estado_d_1">Activo</SimpleData>
            <SimpleData name="OBJECTID_1">7452</SimpleData>
            <SimpleData name="Shape_Leng">443.56344927800</SimpleData>
            <SimpleData name="Shape_Area">7763.12837252000</SimpleData>
          </SchemaData>
        </ExtendedData>
        <Polygon>
          <outerBoundaryIs>
            <LinearRing>
              <coordinates>
                -55.9808137001574,-25.0778568999126,0
                -55.9809267001427,-25.0782650000146,0
                -55.9826515001516,-25.0780425995456,0
                -55.982589999691,-25.0776766999511,0
                -55.9808137001574,-25.0778568999126,0
              </coordinates>
            </LinearRing>
          </outerBoundaryIs>
        </Polygon>
      </Placemark>
      <Placemark id="Lote_D.184">
        <ExtendedData>
          <SchemaData schemaUrl="#Lote_D.schema">
            <SimpleData name="Cédula">7023376.00000000000</SimpleData>
            <SimpleData name="Nombres_y_">MARINA RIVAS CENTURION</SimpleData>
            <SimpleData name="Sexo">Mujer</SimpleData>
            <SimpleData name="Cambio_de_">NO</SimpleData>
            <SimpleData name="Titular_se">NO</SimpleData>
            <SimpleData name="ci_UNIF">7023376.00000000000</SimpleData>
            <SimpleData name="Situación">NO</SimpleData>
            <SimpleData name="Comunidad">Ind?gena</SimpleData>
            <SimpleData name="Modelo_imp">Modelo 5</SimpleData>
            <SimpleData name="Departamen">CAAGUAZU</SimpleData>
            <SimpleData name="Distrito">YH?</SimpleData>
            <SimpleData name="Localidad">COM INDIG ARROYO GUAZU - GUAYAYVI</SimpleData>
            <SimpleData name="Teléfono">0985533560</SimpleData>
            <SimpleData name="Vivienda_L">-24.88425960000</SimpleData>
            <SimpleData name="Vivienda_1">-55.81335230000</SimpleData>
            <SimpleData name="Superficie">0.70000000000</SimpleData>
            <SimpleData name="Situaci_1">Par?metro</SimpleData>
            <SimpleData name="Plantado">SI</SimpleData>
            <SimpleData name="Fecha_Plan">2025/09/25</SimpleData>
            <SimpleData name="Jornales">0.00000000000</SimpleData>
            <SimpleData name="Monto">0.00000000000</SimpleData>
            <SimpleData name="Grupo_de_p">D-P4-XX-XX-XX</SimpleData>
            <SimpleData name="Estado_del">Activo</SimpleData>
            <SimpleData name="Empresa">Unique Wood Paraguay SA</SimpleData>
            <SimpleData name="Lote">D</SimpleData>
            <SimpleData name="Parametro">0.00000000000</SimpleData>
            <SimpleData name="Sup_SIG">0.70195252728</SimpleData>
            <SimpleData name="X">-55.81347820000</SimpleData>
            <SimpleData name="Y">-24.88466630000</SimpleData>
            <SimpleData name="cedula">7023376</SimpleData>
            <SimpleData name="Cédula_1">7023376.00000000000</SimpleData>
            <SimpleData name="Estado_d_1">Activo</SimpleData>
            <SimpleData name="OBJECTID_1">8722</SimpleData>
            <SimpleData name="Shape_Leng">559.81578991400</SimpleData>
            <SimpleData name="Shape_Area">7019.52527283000</SimpleData>
          </SchemaData>
        </ExtendedData>
        <MultiGeometry>
          <Polygon>
            <outerBoundaryIs>
              <LinearRing>
                <coordinates>
                  -55.8122510002676,-24.8857944003164,0
                  -55.8125938051066,-24.8857024859351,0
                  -55.8126165000838,-24.8856964006033,0
                  -55.8126146991571,-24.8856957009004,0
                  -55.8122625775777,-24.8849050097808,0
                  -55.8122314002692,-24.884834999727,0
                  -55.8119963568873,-24.8848645315871,0
                  -55.8120654996365,-24.8851498004899,0
                  -55.8122510002676,-24.8857944003164,0
                </coordinates>
              </LinearRing>
            </outerBoundaryIs>
          </Polygon>
          <Polygon>
            <outerBoundaryIs>
              <LinearRing>
                <coordinates>
                  -55.8129919000163,-24.88492550027,0
                  -55.8140233997005,-24.8847158000988,0
                  -55.8139211996898,-24.8843689006553,0
                  -55.8128648004055,-24.8846897001647,0
                  -55.8129919000163,-24.88492550027,0
                </coordinates>
              </LinearRing>
            </outerBoundaryIs>
          </Polygon>
        </MultiGeometry>
      </Placemark>
      <Placemark id="Lote_D.185">
        <ExtendedData>
          <SchemaData schemaUrl="#Lote_D.schema">
            <SimpleData name="Cédula">7110914.00000000000</SimpleData>
            <SimpleData name="Nombres_y_">GLORIA ESTER GONZALEZ ORREGO</SimpleData>
            <SimpleData name="Sexo">Mujer</SimpleData>
            <SimpleData name="Cambio_de_">NO</SimpleData>
            <SimpleData name="Titular_se">NO</SimpleData>
            <SimpleData name="ci_UNIF">7110914.00000000000</SimpleData>
            <SimpleData name="Situación">NO</SimpleData>
            <SimpleData name="Comunidad">Campesina</SimpleData>
            <SimpleData name="Modelo_imp">Modelo 1</SimpleData>
            <SimpleData name="Departamen">CAAGUAZU</SimpleData>
            <SimpleData name="Distrito">SAN JOAQUIN</SimpleData>
            <SimpleData name="Localidad">TARUMA</SimpleData>
            <SimpleData name="Teléfono">981055850</SimpleData>
            <SimpleData name="Vivienda_L">-25.09048490000</SimpleData>
            <SimpleData name="Vivienda_1">-56.00867390000</SimpleData>
            <SimpleData name="Superficie">0.80000000000</SimpleData>
            <SimpleData name="Situaci_1">Parametro</SimpleData>
            <SimpleData name="Plantado">SI</SimpleData>
            <SimpleData name="Fecha_Plan">2026/05/21</SimpleData>
            <SimpleData name="Jornales">0.00000000000</SimpleData>
            <SimpleData name="Monto">0.00000000000</SimpleData>
            <SimpleData name="Grupo_de_p">D-P4-XX-XX-XX</SimpleData>
            <SimpleData name="Estado_del">Activo</SimpleData>
            <SimpleData name="Empresa">Unique Wood Paraguay SA</SimpleData>
            <SimpleData name="Lote">D</SimpleData>
            <SimpleData name="Parametro">0.00000000000</SimpleData>
            <SimpleData name="Sup_SIG">0.82586012876</SimpleData>
            <SimpleData name="X">-56.00591189000</SimpleData>
            <SimpleData name="Y">-25.08615706000</SimpleData>
            <SimpleData name="cedula">7110914</SimpleData>
            <SimpleData name="Cédula_1">7110914.00000000000</SimpleData>
            <SimpleData name="Estado_d_1">Activo</SimpleData>
            <SimpleData name="OBJECTID_1">7425</SimpleData>
            <SimpleData name="Shape_Leng">546.74576296600</SimpleData>
            <SimpleData name="Shape_Area">8258.60128760000</SimpleData>
          </SchemaData>
        </ExtendedData>
        <Polygon>
          <outerBoundaryIs>
            <LinearRing>
              <coordinates>
                -56.0051603999006,-25.0852633995113,0
                -56.0063640996772,-25.0872009000272,0
                -56.0066079000252,-25.0868947998893,0
                -56.0054446000078,-25.0851429006326,0
                -56.0051603999006,-25.0852633995113,0
              </coordinates>
            </LinearRing>
          </outerBoundaryIs>
        </Polygon>
      </Placemark>
      <Placemark id="Lote_D.186">
        <ExtendedData>
          <SchemaData schemaUrl="#Lote_D.schema">
            <SimpleData name="Cédula">7208507.00000000000</SimpleData>
            <SimpleData name="Nombres_y_">CELINA GONZALEZ AQUINO</SimpleData>
            <SimpleData name="Sexo">Mujer</SimpleData>
            <SimpleData name="Cambio_de_">NO</SimpleData>
            <SimpleData name="Titular_se">NO</SimpleData>
            <SimpleData name="ci_UNIF">7208507.00000000000</SimpleData>
            <SimpleData name="Situación">NO</SimpleData>
            <SimpleData name="Comunidad">Ind?gena</SimpleData>
            <SimpleData name="Modelo_imp">Modelo 1</SimpleData>
            <SimpleData name="Departamen">CAAGUAZU</SimpleData>
            <SimpleData name="Distrito">YH?</SimpleData>
            <SimpleData name="Localidad">COM INDIG ARROYO GUAZU - GUAYAYVI</SimpleData>
            <SimpleData name="Teléfono">0986477069</SimpleData>
            <SimpleData name="Vivienda_L">-24.88838040000</SimpleData>
            <SimpleData name="Vivienda_1">-55.81934470000</SimpleData>
            <SimpleData name="Superficie">0.80000000000</SimpleData>
            <SimpleData name="Situaci_1">Pol?gono</SimpleData>
            <SimpleData name="Plantado">SI</SimpleData>
            <SimpleData name="Fecha_Plan">2025/10/29</SimpleData>
            <SimpleData name="Jornales">0.00000000000</SimpleData>
            <SimpleData name="Monto">0.00000000000</SimpleData>
            <SimpleData name="Grupo_de_p">D-P4-XX-XX-XX</SimpleData>
            <SimpleData name="Estado_del">Activo</SimpleData>
            <SimpleData name="Empresa">Unique Wood Paraguay SA</SimpleData>
            <SimpleData name="Lote">D</SimpleData>
            <SimpleData name="Parametro">0.00000000000</SimpleData>
            <SimpleData name="Sup_SIG">0.90564564978</SimpleData>
            <SimpleData name="X">-55.81103808000</SimpleData>
            <SimpleData name="Y">-24.88353763000</SimpleData>
            <SimpleData name="cedula">7208507</SimpleData>
            <SimpleData name="Cédula_1">7208507.00000000000</SimpleData>
            <SimpleData name="Estado_d_1">Activo</SimpleData>
            <SimpleData name="OBJECTID_1">8721</SimpleData>
            <SimpleData name="Shape_Leng">381.85508687600</SimpleData>
            <SimpleData name="Shape_Area">9056.45649775000</SimpleData>
          </SchemaData>
        </ExtendedData>
        <Polygon>
          <outerBoundaryIs>
            <LinearRing>
              <coordinates>
                -55.8104420997674,-24.8832412000798,0
                -55.810668800745,-24.8839932002016,0
                -55.8116017008036,-24.8839201995461,0
                -55.8113905998915,-24.8830197006319,0
                -55.8104420997674,-24.8832412000798,0
              </coordinates>
            </LinearRing>
          </outerBoundaryIs>
        </Polygon>
      </Placemark>
      <Placemark id="Lote_D.187">
        <ExtendedData>
          <SchemaData schemaUrl="#Lote_D.schema">
            <SimpleData name="Cédula">1968843.00000000000</SimpleData>
            <SimpleData name="Nombres_y_">JORGELINA MERCEDES ORTIZ DE SOLIS</SimpleData>
            <SimpleData name="Sexo">Mujer</SimpleData>
            <SimpleData name="Cambio_de_">NO</SimpleData>
            <SimpleData name="Titular_se">NO</SimpleData>
            <SimpleData name="ci_UNIF">1968843.00000000000</SimpleData>
            <SimpleData name="Situación">NO</SimpleData>
            <SimpleData name="Comunidad">Campesina</SimpleData>
            <SimpleData name="Modelo_imp">Modelo 5</SimpleData>
            <SimpleData name="Departamen">CAAGUAZU</SimpleData>
            <SimpleData name="Distrito">CARAYAO</SimpleData>
            <SimpleData name="Localidad">SANTA CATALINA SUB-URBANO</SimpleData>
            <SimpleData name="Teléfono">0975267861</SimpleData>
            <SimpleData name="Vivienda_L">-25.17220340000</SimpleData>
            <SimpleData name="Vivienda_1">-56.31381050000</SimpleData>
            <SimpleData name="Superficie">0.70000000000</SimpleData>
            <SimpleData name="Situaci_1">Par?metro</SimpleData>
            <SimpleData name="Plantado">SI</SimpleData>
            <SimpleData name="Fecha_Plan">2026/06/16</SimpleData>
            <SimpleData name="Jornales">0.00000000000</SimpleData>
            <SimpleData name="Monto">0.00000000000</SimpleData>
            <SimpleData name="Grupo_de_p">D-GN-XX-XX-XX</SimpleData>
            <SimpleData name="Estado_del">Activo</SimpleData>
            <SimpleData name="Empresa">Unique Wood Paraguay SA</SimpleData>
            <SimpleData name="Lote">D</SimpleData>
            <SimpleData name="Parametro">0.00000000000</SimpleData>
            <SimpleData name="Sup_SIG">0.69694118795</SimpleData>
            <SimpleData name="X">-56.31654112000</SimpleData>
            <SimpleData name="Y">-25.17239981000</SimpleData>
            <SimpleData name="cedula">1968843</SimpleData>
            <SimpleData name="Cédula_1">1968843.00000000000</SimpleData>
            <SimpleData name="Estado_d_1">Activo</SimpleData>
            <SimpleData name="OBJECTID_1">5785</SimpleData>
            <SimpleData name="Shape_Leng">438.56373741500</SimpleData>
            <SimpleData name="Shape_Area">6969.41187948000</SimpleData>
          </SchemaData>
        </ExtendedData>
        <Polygon>
          <outerBoundaryIs>
            <LinearRing>
              <coordinates>
                -56.3164751003001,-25.1723195000822,0
                -56.3159955996194,-25.1723809994856,0
                -56.3159365999469,-25.1722588001441,0
                -56.3157323993279,-25.1723195000663,0
                -56.3158024005642,-25.172771700178,0
                -56.3164645000354,-25.1726605003527,0
                -56.3166026998145,-25.1725443004799,0
                -56.3172707003132,-25.1724876999053,0
                -56.3172798000102,-25.1720102006561,0
                -56.316575499973,-25.172130499913,0
                -56.3164751003001,-25.1723195000822,0
              </coordinates>
            </LinearRing>
          </outerBoundaryIs>
        </Polygon>
      </Placemark>
      <Placemark id="Lote_D.188">
        <ExtendedData>
          <SchemaData schemaUrl="#Lote_D.schema">
            <SimpleData name="Cédula">3022949.00000000000</SimpleData>
            <SimpleData name="Nombres_y_">SARA SALVADORA ORTEGA CANTERO</SimpleData>
            <SimpleData name="Sexo">Mujer</SimpleData>
            <SimpleData name="Cambio_de_">NO</SimpleData>
            <SimpleData name="Titular_se">NO</SimpleData>
            <SimpleData name="ci_UNIF">3022949.00000000000</SimpleData>
            <SimpleData name="Situación">NO</SimpleData>
            <SimpleData name="Comunidad">Campesina</SimpleData>
            <SimpleData name="Modelo_imp">Modelo 5</SimpleData>
            <SimpleData name="Departamen">CAAGUAZU</SimpleData>
            <SimpleData name="Distrito">SAN JOAQUIN</SimpleData>
            <SimpleData name="Localidad">NACIENTE</SimpleData>
            <SimpleData name="Teléfono">984275634</SimpleData>
            <SimpleData name="Vivienda_L">-25.01214660000</SimpleData>
            <SimpleData name="Vivienda_1">-56.04697550000</SimpleData>
            <SimpleData name="Superficie">0.70000000000</SimpleData>
            <SimpleData name="Situaci_1">Par?metro</SimpleData>
            <SimpleData name="Plantado">SI</SimpleData>
            <SimpleData name="Fecha_Plan">2026/05/27</SimpleData>
            <SimpleData name="Jornales">0.00000000000</SimpleData>
            <SimpleData name="Monto">0.00000000000</SimpleData>
            <SimpleData name="Grupo_de_p">D-GN-XX-XX-XX</SimpleData>
            <SimpleData name="Estado_del">Activo</SimpleData>
            <SimpleData name="Empresa">Unique Wood Paraguay SA</SimpleData>
            <SimpleData name="Lote">D</SimpleData>
            <SimpleData name="Parametro">0.00000000000</SimpleData>
            <SimpleData name="Sup_SIG">0.83759395863</SimpleData>
            <SimpleData name="X">-56.04638003000</SimpleData>
            <SimpleData name="Y">-25.01186259000</SimpleData>
            <SimpleData name="cedula">3022949</SimpleData>
            <SimpleData name="Cédula_1">3022949.00000000000</SimpleData>
            <SimpleData name="Estado_d_1">Activo</SimpleData>
            <SimpleData name="OBJECTID_1">6280</SimpleData>
            <SimpleData name="Shape_Leng">584.16275558100</SimpleData>
            <SimpleData name="Shape_Area">8375.93958628000</SimpleData>
          </SchemaData>
        </ExtendedData>
        <Polygon>
          <outerBoundaryIs>
            <LinearRing>
              <coordinates>
                -56.0464029005619,-25.0116713996381,0
                -56.0463412000311,-25.0117455000528,0
                -56.0458303003462,-25.0115989998649,0
                -56.0455558000569,-25.0121752999416,0
                -56.0461925995364,-25.0123647999524,0
                -56.0464558004691,-25.0116863001776,0
                -56.0472616992656,-25.0121149999476,0
                -56.0473275997861,-25.0116699002438,0
                -56.0462337996829,-25.0114232000098,0
                -56.0461576996927,-25.0115732997454,0
                -56.0464029005619,-25.0116713996381,0
              </coordinates>
            </LinearRing>
          </outerBoundaryIs>
        </Polygon>
      </Placemark>
      <Placemark id="Lote_D.189">
        <ExtendedData>
          <SchemaData schemaUrl="#Lote_D.schema">
            <SimpleData name="Cédula">4369029.00000000000</SimpleData>
            <SimpleData name="Nombres_y_">JUAN ANDRES NOGUERA RUIZ DIAZ</SimpleData>
            <SimpleData name="Sexo">Hombre</SimpleData>
            <SimpleData name="Cambio_de_">NO</SimpleData>
            <SimpleData name="Titular_se">NO</SimpleData>
            <SimpleData name="ci_UNIF">4369029.00000000000</SimpleData>
            <SimpleData name="Situación">NO</SimpleData>
            <SimpleData name="Comunidad">Campesina</SimpleData>
            <SimpleData name="Modelo_imp">Modelo 2</SimpleData>
            <SimpleData name="Departamen">CAAGUAZU</SimpleData>
            <SimpleData name="Distrito">CARAYAO</SimpleData>
            <SimpleData name="Localidad">ARROYO HOVY</SimpleData>
            <SimpleData name="Teléfono">983831314</SimpleData>
            <SimpleData name="Vivienda_L">-25.15232500000</SimpleData>
            <SimpleData name="Vivienda_1">-56.29121830000</SimpleData>
            <SimpleData name="Superficie">0.80000000000</SimpleData>
            <SimpleData name="Situaci_1">Parametro</SimpleData>
            <SimpleData name="Plantado">SI</SimpleData>
            <SimpleData name="Fecha_Plan">2026/06/06</SimpleData>
            <SimpleData name="Jornales">0.00000000000</SimpleData>
            <SimpleData name="Monto">0.00000000000</SimpleData>
            <SimpleData name="Grupo_de_p">D-GN-XX-XX-XX</SimpleData>
            <SimpleData name="Estado_del">Activo</SimpleData>
            <SimpleData name="Empresa">Unique Wood Paraguay SA</SimpleData>
            <SimpleData name="Lote">D</SimpleData>
            <SimpleData name="Parametro">0.00000000000</SimpleData>
            <SimpleData name="Sup_SIG">0.80736409264</SimpleData>
            <SimpleData name="X">-56.28120804000</SimpleData>
            <SimpleData name="Y">-25.14257359000</SimpleData>
            <SimpleData name="cedula">4369029</SimpleData>
            <SimpleData name="Cédula_1">4369029.00000000000</SimpleData>
            <SimpleData name="Estado_d_1">Activo</SimpleData>
            <SimpleData name="OBJECTID_1">6413</SimpleData>
            <SimpleData name="Shape_Leng">477.81981649600</SimpleData>
            <SimpleData name="Shape_Area">8073.64092643000</SimpleData>
          </SchemaData>
        </ExtendedData>
        <Polygon>
          <outerBoundaryIs>
            <LinearRing>
              <coordinates>
                -56.280314362778,-25.142952733893,0
                -56.2808892840465,-25.1428181580582,0
                -56.2819889585814,-25.1426196763117,0
                -56.2821506006598,-25.1425905002025,0
                -56.2821731006784,-25.1422026000329,0
                -56.2802094769955,-25.1425747104391,0
                -56.280314362778,-25.142952733893,0
              </coordinates>
            </LinearRing>
          </outerBoundaryIs>
        </Polygon>
      </Placemark>
      <Placemark id="Lote_D.190">
        <ExtendedData>
          <SchemaData schemaUrl="#Lote_D.schema">
            <SimpleData name="Cédula">4579072.00000000000</SimpleData>
            <SimpleData name="Nombres_y_">NILSA GONZALEZ INSFRAN</SimpleData>
            <SimpleData name="Sexo">Mujer</SimpleData>
            <SimpleData name="Cambio_de_">NO</SimpleData>
            <SimpleData name="Titular_se">NO</SimpleData>
            <SimpleData name="ci_UNIF">4579072.00000000000</SimpleData>
            <SimpleData name="Situación">NO</SimpleData>
            <SimpleData name="Comunidad">Campesina</SimpleData>
            <SimpleData name="Modelo_imp">Modelo 5</SimpleData>
            <SimpleData name="Departamen">CAAGUAZU</SimpleData>
            <SimpleData name="Distrito">SAN JOAQUIN</SimpleData>
            <SimpleData name="Localidad">PEYUPA</SimpleData>
            <SimpleData name="Teléfono">0971417604</SimpleData>
            <SimpleData name="Vivienda_L">-24.94260640000</SimpleData>
            <SimpleData name="Vivienda_1">-56.02632690000</SimpleData>
            <SimpleData name="Superficie">0.70000000000</SimpleData>
            <SimpleData name="Situaci_1">Par?metro</SimpleData>
            <SimpleData name="Plantado">SI</SimpleData>
            <SimpleData name="Fecha_Plan">2026/05/27</SimpleData>
            <SimpleData name="Jornales">0.00000000000</SimpleData>
            <SimpleData name="Monto">0.00000000000</SimpleData>
            <SimpleData name="Grupo_de_p">D-GN-XX-XX-XX</SimpleData>
            <SimpleData name="Estado_del">Activo</SimpleData>
            <SimpleData name="Empresa">Unique Wood Paraguay SA</SimpleData>
            <SimpleData name="Lote">D</SimpleData>
            <SimpleData name="Parametro">0.00000000000</SimpleData>
            <SimpleData name="Sup_SIG">0.79102490153</SimpleData>
            <SimpleData name="X">-56.02281159000</SimpleData>
            <SimpleData name="Y">-24.93464070000</SimpleData>
            <SimpleData name="cedula">4579072</SimpleData>
            <SimpleData name="Cédula_1">4579072.00000000000</SimpleData>
            <SimpleData name="Estado_d_1">Activo</SimpleData>
            <SimpleData name="OBJECTID_1">5719</SimpleData>
            <SimpleData name="Shape_Leng">560.70139032300</SimpleData>
            <SimpleData name="Shape_Area">7910.24901529000</SimpleData>
          </SchemaData>
        </ExtendedData>
        <MultiGeometry>
          <Polygon>
            <outerBoundaryIs>
              <LinearRing>
                <coordinates>
                  -56.0275547994316,-24.9406918007692,0
                  -56.0276726001079,-24.9405637998387,0
                  -56.0270009995067,-24.9401475999642,0
                  -56.0268606999369,-24.9403900003251,0
                  -56.0273162992523,-24.9406561998008,0
                  -56.0275547994316,-24.9406918007692,0
                </coordinates>
              </LinearRing>
            </outerBoundaryIs>
          </Polygon>
          <Polygon>
            <outerBoundaryIs>
              <LinearRing>
                <coordinates>
                  -56.022384700157,-24.9348074003734,0
                  -56.0227207998068,-24.9348009997011,0
                  -56.0229175996038,-24.9352503004354,0
                  -56.0230431999487,-24.9353034003538,0
                  -56.02335280055,-24.9351760007088,0
                  -56.0228363998436,-24.9342728997552,0
                  -56.0222676995819,-24.9344465994786,0
                  -56.022384700157,-24.9348074003734,0
                </coordinates>
              </LinearRing>
            </outerBoundaryIs>
          </Polygon>
        </MultiGeometry>
      </Placemark>
      <Placemark id="Lote_D.191">
        <ExtendedData>
          <SchemaData schemaUrl="#Lote_D.schema">
            <SimpleData name="Cédula">5411637.00000000000</SimpleData>
            <SimpleData name="Nombres_y_">JUANA GLORIA MAGDALENA MALLORQUIN SOSA</SimpleData>
            <SimpleData name="Sexo">Mujer</SimpleData>
            <SimpleData name="Cambio_de_">NO</SimpleData>
            <SimpleData name="Titular_se">NO</SimpleData>
            <SimpleData name="ci_UNIF">5411637.00000000000</SimpleData>
            <SimpleData name="Situación">NO</SimpleData>
            <SimpleData name="Comunidad">Campesina</SimpleData>
            <SimpleData name="Modelo_imp">Modelo 2</SimpleData>
            <SimpleData name="Departamen">CAAGUAZU</SimpleData>
            <SimpleData name="Distrito">YH?</SimpleData>
            <SimpleData name="Localidad">MARIA AUXILIADORA</SimpleData>
            <SimpleData name="Teléfono">0971414359</SimpleData>
            <SimpleData name="Vivienda_L">-24.95089660000</SimpleData>
            <SimpleData name="Vivienda_1">-55.90449650000</SimpleData>
            <SimpleData name="Superficie">0.80000000000</SimpleData>
            <SimpleData name="Situaci_1">Par?metro</SimpleData>
            <SimpleData name="Plantado">SI</SimpleData>
            <SimpleData name="Fecha_Plan">2026/06/04</SimpleData>
            <SimpleData name="Jornales">0.00000000000</SimpleData>
            <SimpleData name="Monto">0.00000000000</SimpleData>
            <SimpleData name="Grupo_de_p">D-GN-XX-XX-XX</SimpleData>
            <SimpleData name="Estado_del">Activo</SimpleData>
            <SimpleData name="Empresa">Unique Wood Paraguay SA</SimpleData>
            <SimpleData name="Lote">D</SimpleData>
            <SimpleData name="Parametro">0.00000000000</SimpleData>
            <SimpleData name="Sup_SIG">0.87815832794</SimpleData>
            <SimpleData name="X">-55.90495055000</SimpleData>
            <SimpleData name="Y">-24.94924441000</SimpleData>
            <SimpleData name="cedula">5411637</SimpleData>
            <SimpleData name="Cédula_1">5411637.00000000000</SimpleData>
            <SimpleData name="Estado_d_1">Activo</SimpleData>
            <SimpleData name="OBJECTID_1">5768</SimpleData>
            <SimpleData name="Shape_Leng">778.19155957100</SimpleData>
            <SimpleData name="Shape_Area">8781.58327940000</SimpleData>
          </SchemaData>
        </ExtendedData>
        <Polygon>
          <outerBoundaryIs>
            <LinearRing>
              <coordinates>
                -55.9044012999951,-24.9504658994599,0
                -55.904660200052,-24.9506155996636,0
                -55.9054587999064,-24.9481865001683,0
                -55.9052377995189,-24.9481337000487,0
                -55.9054791997865,-24.94742580023,0
                -55.9054095004609,-24.9474057000699,0
                -55.9044012999951,-24.9504658994599,0
              </coordinates>
            </LinearRing>
          </outerBoundaryIs>
        </Polygon>
      </Placemark>
      <Placemark id="Lote_D.192">
        <ExtendedData>
          <SchemaData schemaUrl="#Lote_D.schema">
            <SimpleData name="Cédula">5974999.00000000000</SimpleData>
            <SimpleData name="Nombres_y_">BLANCA PAOLA IGLESIA DUARTE</SimpleData>
            <SimpleData name="Sexo">Mujer</SimpleData>
            <SimpleData name="Cambio_de_">NO</SimpleData>
            <SimpleData name="Titular_se">NO</SimpleData>
            <SimpleData name="ci_UNIF">5974999.00000000000</SimpleData>
            <SimpleData name="Situación">NO</SimpleData>
            <SimpleData name="Comunidad">Campesina</SimpleData>
            <SimpleData name="Modelo_imp">Modelo 2</SimpleData>
            <SimpleData name="Departamen">CAAGUAZU</SimpleData>
            <SimpleData name="Distrito">CARAYAO</SimpleData>
            <SimpleData name="Localidad">SANTA CATALINA</SimpleData>
            <SimpleData name="Teléfono">0984980047</SimpleData>
            <SimpleData name="Vivienda_L">-25.15748230000</SimpleData>
            <SimpleData name="Vivienda_1">-56.33871590000</SimpleData>
            <SimpleData name="Superficie">0.80000000000</SimpleData>
            <SimpleData name="Situaci_1">Par?metro</SimpleData>
            <SimpleData name="Plantado">SI</SimpleData>
            <SimpleData name="Fecha_Plan">2026/06/09</SimpleData>
            <SimpleData name="Jornales">0.00000000000</SimpleData>
            <SimpleData name="Monto">0.00000000000</SimpleData>
            <SimpleData name="Grupo_de_p">D-GN-XX-XX-XX</SimpleData>
            <SimpleData name="Estado_del">Activo</SimpleData>
            <SimpleData name="Empresa">Unique Wood Paraguay SA</SimpleData>
            <SimpleData name="Lote">D</SimpleData>
            <SimpleData name="Parametro">0.00000000000</SimpleData>
            <SimpleData name="Sup_SIG">0.86649638649</SimpleData>
            <SimpleData name="X">-56.33808584000</SimpleData>
            <SimpleData name="Y">-25.15722735000</SimpleData>
            <SimpleData name="cedula">5974999</SimpleData>
            <SimpleData name="Cédula_1">5974999.00000000000</SimpleData>
            <SimpleData name="Estado_d_1">Activo</SimpleData>
            <SimpleData name="OBJECTID_1">5782</SimpleData>
            <SimpleData name="Shape_Leng">515.54322098800</SimpleData>
            <SimpleData name="Shape_Area">8664.96386489000</SimpleData>
          </SchemaData>
        </ExtendedData>
        <MultiGeometry>
          <Polygon>
            <outerBoundaryIs>
              <LinearRing>
                <coordinates>
                  -56.3376821994465,-25.1574670000175,0
                  -56.3377160997006,-25.1571252997658,0
                  -56.3376466999692,-25.1570138996032,0
                  -56.337522300483,-25.1570219004399,0
                  -56.3374567995624,-25.1574644998571,0
                  -56.3376821994465,-25.1574670000175,0
                </coordinates>
              </LinearRing>
            </outerBoundaryIs>
          </Polygon>
          <Polygon>
            <outerBoundaryIs>
              <LinearRing>
                <coordinates>
                  -56.3383608999161,-25.1578186001653,0
                  -56.3385384995381,-25.1566793995819,0
                  -56.3379365002692,-25.1566227998738,0
                  -56.3378933003674,-25.15709399954,0
                  -56.3377347007835,-25.1577490003702,0
                  -56.3383608999161,-25.1578186001653,0
                </coordinates>
              </LinearRing>
            </outerBoundaryIs>
          </Polygon>
        </MultiGeometry>
      </Placemark>
      <Placemark id="Lote_D.193">
        <ExtendedData>
          <SchemaData schemaUrl="#Lote_D.schema">
            <SimpleData name="Cédula">6134280.00000000000</SimpleData>
            <SimpleData name="Nombres_y_">GUSTAVO RUBEN GALEANO GONZALEZ</SimpleData>
            <SimpleData name="Sexo">Hombre</SimpleData>
            <SimpleData name="Cambio_de_">NO</SimpleData>
            <SimpleData name="Titular_se">NO</SimpleData>
            <SimpleData name="ci_UNIF">6134280.00000000000</SimpleData>
            <SimpleData name="Situación">NO</SimpleData>
            <SimpleData name="Comunidad">Campesina</SimpleData>
            <SimpleData name="Modelo_imp">Modelo 2</SimpleData>
            <SimpleData name="Departamen">CAAGUAZU</SimpleData>
            <SimpleData name="Distrito">CARAYAO</SimpleData>
            <SimpleData name="Localidad">ARROYO HOVY</SimpleData>
            <SimpleData name="Teléfono">986632254</SimpleData>
            <SimpleData name="Vivienda_L">-25.15833710000</SimpleData>
            <SimpleData name="Vivienda_1">-56.29167580000</SimpleData>
            <SimpleData name="Superficie">0.80000000000</SimpleData>
            <SimpleData name="Situaci_1">Parametro</SimpleData>
            <SimpleData name="Plantado">SI</SimpleData>
            <SimpleData name="Fecha_Plan">2026/06/06</SimpleData>
            <SimpleData name="Jornales">0.00000000000</SimpleData>
            <SimpleData name="Monto">0.00000000000</SimpleData>
            <SimpleData name="Grupo_de_p">D-GN-XX-XX-XX</SimpleData>
            <SimpleData name="Estado_del">Activo</SimpleData>
            <SimpleData name="Empresa">Unique Wood Paraguay SA</SimpleData>
            <SimpleData name="Lote">D</SimpleData>
            <SimpleData name="Parametro">0.00000000000</SimpleData>
            <SimpleData name="Sup_SIG">0.84296224532</SimpleData>
            <SimpleData name="X">-56.28094371000</SimpleData>
            <SimpleData name="Y">-25.14306307000</SimpleData>
            <SimpleData name="cedula">6134280</SimpleData>
            <SimpleData name="Cédula_1">6134280.00000000000</SimpleData>
            <SimpleData name="Estado_d_1">Activo</SimpleData>
            <SimpleData name="OBJECTID_1">6414</SimpleData>
            <SimpleData name="Shape_Leng">443.45731568400</SimpleData>
            <SimpleData name="Shape_Area">8429.62245315000</SimpleData>
          </SchemaData>
        </ExtendedData>
        <Polygon>
          <outerBoundaryIs>
            <LinearRing>
              <coordinates>
                -56.280314362778,-25.142952733893,0
                -56.2802349255878,-25.1429713281766,0
                -56.2801637002305,-25.142988000001,0
                -56.2802867998056,-25.1434053005425,0
                -56.2805071002897,-25.1434788997203,0
                -56.2812264998626,-25.1433027996397,0
                -56.2816551031727,-25.1429435581051,0
                -56.2817523287416,-25.1428078953134,0
                -56.2819889585814,-25.1426196763117,0
                -56.2808892840465,-25.1428181580582,0
                -56.280314362778,-25.142952733893,0
              </coordinates>
            </LinearRing>
          </outerBoundaryIs>
        </Polygon>
      </Placemark>
      <Placemark id="Lote_D.194">
        <ExtendedData>
          <SchemaData schemaUrl="#Lote_D.schema">
            <SimpleData name="Cédula">6605930.00000000000</SimpleData>
            <SimpleData name="Nombres_y_">LEA MARTINEZ RIVAS</SimpleData>
            <SimpleData name="Sexo">Mujer</SimpleData>
            <SimpleData name="Cambio_de_">NO</SimpleData>
            <SimpleData name="Titular_se">NO</SimpleData>
            <SimpleData name="ci_UNIF">6605930.00000000000</SimpleData>
            <SimpleData name="Situación">NO</SimpleData>
            <SimpleData name="Comunidad">Ind?gena</SimpleData>
            <SimpleData name="Modelo_imp">Modelo 5</SimpleData>
            <SimpleData name="Departamen">CAAGUAZU</SimpleData>
            <SimpleData name="Distrito">YH?</SimpleData>
            <SimpleData name="Localidad">COM INDIG ARROYO GUAZU - GUAYAYVI</SimpleData>
            <SimpleData name="Teléfono">0986464642</SimpleData>
            <SimpleData name="Vivienda_L">-24.88463330000</SimpleData>
            <SimpleData name="Vivienda_1">-55.81281000000</SimpleData>
            <SimpleData name="Superficie">0.70000000000</SimpleData>
            <SimpleData name="Situaci_1">Par?metro</SimpleData>
            <SimpleData name="Plantado">SI</SimpleData>
            <SimpleData name="Fecha_Plan">2026/05/27</SimpleData>
            <SimpleData name="Jornales">0.00000000000</SimpleData>
            <SimpleData name="Monto">0.00000000000</SimpleData>
            <SimpleData name="Grupo_de_p">D-GN-XX-XX-XX</SimpleData>
            <SimpleData name="Estado_del">Activo</SimpleData>
            <SimpleData name="Empresa">Unique Wood Paraguay SA</SimpleData>
            <SimpleData name="Lote">D</SimpleData>
            <SimpleData name="Parametro">0.00000000000</SimpleData>
            <SimpleData name="Sup_SIG">0.75681771342</SimpleData>
            <SimpleData name="X">-55.81278231000</SimpleData>
            <SimpleData name="Y">-24.88533633000</SimpleData>
            <SimpleData name="cedula">6605930</SimpleData>
            <SimpleData name="Cédula_1">6605930.00000000000</SimpleData>
            <SimpleData name="Estado_d_1">Activo</SimpleData>
            <SimpleData name="OBJECTID_1">7141</SimpleData>
            <SimpleData name="Shape_Leng">371.24042189100</SimpleData>
            <SimpleData name="Shape_Area">7568.17713419000</SimpleData>
          </SchemaData>
        </ExtendedData>
        <Polygon>
          <outerBoundaryIs>
            <LinearRing>
              <coordinates>
                -55.8122625775777,-24.8849050097808,0
                -55.8126146991571,-24.8856957009004,0
                -55.8126165000838,-24.8856964006033,0
                -55.8125938051066,-24.8857024859351,0
                -55.8126995001496,-24.8859427004879,0
                -55.8133245004014,-24.8857033998497,0
                -55.8128130000825,-24.8847406000363,0
                -55.8122625775777,-24.8849050097808,0
              </coordinates>
            </LinearRing>
          </outerBoundaryIs>
        </Polygon>
      </Placemark>
      <Placemark id="Lote_D.195">
        <ExtendedData>
          <SchemaData schemaUrl="#Lote_D.schema">
            <SimpleData name="Cédula">4827703.00000000000</SimpleData>
            <SimpleData name="Nombres_y_">SANDRA BEATRIZ BRACHO OVIEDO</SimpleData>
            <SimpleData name="Sexo">Mujer</SimpleData>
            <SimpleData name="Cambio_de_">NO</SimpleData>
            <SimpleData name="Titular_se">NO</SimpleData>
            <SimpleData name="ci_UNIF">4827703.00000000000</SimpleData>
            <SimpleData name="Situación">NO</SimpleData>
            <SimpleData name="Comunidad">Campesina</SimpleData>
            <SimpleData name="Modelo_imp">Modelo 5</SimpleData>
            <SimpleData name="Departamen">CAAGUAZU</SimpleData>
            <SimpleData name="Distrito">CARAYAO</SimpleData>
            <SimpleData name="Localidad">SANTA CATALINA</SimpleData>
            <SimpleData name="Teléfono">0975498970</SimpleData>
            <SimpleData name="Vivienda_L">-25.17059010000</SimpleData>
            <SimpleData name="Vivienda_1">-56.29786520000</SimpleData>
            <SimpleData name="Superficie">0.70000000000</SimpleData>
            <SimpleData name="Situaci_1">Par?metro</SimpleData>
            <SimpleData name="Plantado">SI</SimpleData>
            <SimpleData name="Fecha_Plan">2026/06/09</SimpleData>
            <SimpleData name="Jornales">0.00000000000</SimpleData>
            <SimpleData name="Monto">0.00000000000</SimpleData>
            <SimpleData name="Grupo_de_p">D-GN-XX-XX-XX</SimpleData>
            <SimpleData name="Estado_del">Activo</SimpleData>
            <SimpleData name="Empresa">Unique Wood Paraguay SA</SimpleData>
            <SimpleData name="Lote">D</SimpleData>
            <SimpleData name="Parametro">0.00000000000</SimpleData>
            <SimpleData name="Sup_SIG">0.91834357714</SimpleData>
            <SimpleData name="X">-56.29854080000</SimpleData>
            <SimpleData name="Y">-25.17195204000</SimpleData>
            <SimpleData name="cedula">4827703</SimpleData>
            <SimpleData name="Cédula_1">4827703.00000000000</SimpleData>
            <SimpleData name="Estado_d_1">Activo</SimpleData>
            <SimpleData name="OBJECTID_1">5783</SimpleData>
            <SimpleData name="Shape_Leng">415.64232998000</SimpleData>
            <SimpleData name="Shape_Area">9183.43577143000</SimpleData>
          </SchemaData>
        </ExtendedData>
        <Polygon>
          <outerBoundaryIs>
            <LinearRing>
              <coordinates>
                -56.2980346998238,-25.1716066997462,0
                -56.2982211999286,-25.1724794999917,0
                -56.2990096992394,-25.1724358996771,0
                -56.2988501001289,-25.1713453997794,0
                -56.2985339994809,-25.1713796997163,0
                -56.2986718002397,-25.1714195005904,0
                -56.2980383000704,-25.1715819002461,0
                -56.2980346998238,-25.1716066997462,0
              </coordinates>
            </LinearRing>
          </outerBoundaryIs>
        </Polygon>
      </Placemark>
      <Placemark id="Lote_D.196">
        <ExtendedData>
          <SchemaData schemaUrl="#Lote_D.schema">
            <SimpleData name="Cédula">5991875.00000000000</SimpleData>
            <SimpleData name="Nombres_y_">ANTONIA SOLEDAD MALDONADO</SimpleData>
            <SimpleData name="Sexo">Mujer</SimpleData>
            <SimpleData name="Cambio_de_">NO</SimpleData>
            <SimpleData name="Titular_se">NO</SimpleData>
            <SimpleData name="ci_UNIF">5991875.00000000000</SimpleData>
            <SimpleData name="Situación">NO</SimpleData>
            <SimpleData name="Comunidad">Campesina</SimpleData>
            <SimpleData name="Modelo_imp">Modelo 5</SimpleData>
            <SimpleData name="Departamen">CAAGUAZU</SimpleData>
            <SimpleData name="Distrito">CARAYAO</SimpleData>
            <SimpleData name="Localidad">SANTA CATALINA</SimpleData>
            <SimpleData name="Teléfono">0986540984</SimpleData>
            <SimpleData name="Vivienda_L">-25.17580050000</SimpleData>
            <SimpleData name="Vivienda_1">-56.31377900000</SimpleData>
            <SimpleData name="Superficie">0.70000000000</SimpleData>
            <SimpleData name="Situaci_1">Par?metro</SimpleData>
            <SimpleData name="Plantado">SI</SimpleData>
            <SimpleData name="Fecha_Plan">2026/06/16</SimpleData>
            <SimpleData name="Jornales">0.00000000000</SimpleData>
            <SimpleData name="Monto">0.00000000000</SimpleData>
            <SimpleData name="Grupo_de_p">D-GN-XX-XX-XX</SimpleData>
            <SimpleData name="Estado_del">Activo</SimpleData>
            <SimpleData name="Empresa">Unique Wood Paraguay SA</SimpleData>
            <SimpleData name="Lote">D</SimpleData>
            <SimpleData name="Parametro">0.00000000000</SimpleData>
            <SimpleData name="Sup_SIG">0.71557779366</SimpleData>
            <SimpleData name="X">-56.31499651000</SimpleData>
            <SimpleData name="Y">-25.18184604000</SimpleData>
            <SimpleData name="cedula">5991875</SimpleData>
            <SimpleData name="Cédula_1">5991875.00000000000</SimpleData>
            <SimpleData name="Estado_d_1">Activo</SimpleData>
            <SimpleData name="OBJECTID_1">5788</SimpleData>
            <SimpleData name="Shape_Leng">507.81027676300</SimpleData>
            <SimpleData name="Shape_Area">7155.77793655000</SimpleData>
          </SchemaData>
        </ExtendedData>
        <MultiGeometry>
          <Polygon>
            <outerBoundaryIs>
              <LinearRing>
                <coordinates>
                  -56.3153053999606,-25.1822675000316,0
                  -56.3153380005639,-25.1815159005731,0
                  -56.314525600003,-25.1816550004197,0
                  -56.3145181003044,-25.1818410996292,0
                  -56.3147075993742,-25.1819655997719,0
                  -56.314767700306,-25.1820359002508,0
                  -56.3153053999606,-25.1822675000316,0
                </coordinates>
              </LinearRing>
            </outerBoundaryIs>
          </Polygon>
          <Polygon>
            <outerBoundaryIs>
              <LinearRing>
                <coordinates>
                  -56.3144691999523,-25.180567799976,0
                  -56.3151966002413,-25.1803860001814,0
                  -56.3151810006458,-25.1800886001448,0
                  -56.3143868992485,-25.1802487997718,0
                  -56.3144691999523,-25.180567799976,0
                </coordinates>
              </LinearRing>
            </outerBoundaryIs>
          </Polygon>
        </MultiGeometry>
      </Placemark>
      <Placemark id="Lote_D.197">
        <ExtendedData>
          <SchemaData schemaUrl="#Lote_D.schema">
            <SimpleData name="Cédula">4416441.00000000000</SimpleData>
            <SimpleData name="Nombres_y_">MILDA DOROTEA SAMUDIO CUENCA</SimpleData>
            <SimpleData name="Sexo">Mujer</SimpleData>
            <SimpleData name="Cambio_de_">NO</SimpleData>
            <SimpleData name="Titular_se">NO</SimpleData>
            <SimpleData name="ci_UNIF">4416441.00000000000</SimpleData>
            <SimpleData name="Situación">NO</SimpleData>
            <SimpleData name="Comunidad">Campesina</SimpleData>
            <SimpleData name="Modelo_imp">Modelo 5</SimpleData>
            <SimpleData name="Departamen">CAAGUAZU</SimpleData>
            <SimpleData name="Distrito">YH?</SimpleData>
            <SimpleData name="Localidad">CALLE MBYKY</SimpleData>
            <SimpleData name="Teléfono">0982711591</SimpleData>
            <SimpleData name="Vivienda_L">-25.09612150000</SimpleData>
            <SimpleData name="Vivienda_1">-55.78260250000</SimpleData>
            <SimpleData name="Superficie">0.70000000000</SimpleData>
            <SimpleData name="Situaci_1">Par?metro</SimpleData>
            <SimpleData name="Plantado">SI</SimpleData>
            <SimpleData name="Fecha_Plan">2026/06/16</SimpleData>
            <SimpleData name="Jornales">0.00000000000</SimpleData>
            <SimpleData name="Monto">0.00000000000</SimpleData>
            <SimpleData name="Grupo_de_p">D-GN-XX-XX-XX</SimpleData>
            <SimpleData name="Estado_del">Activo</SimpleData>
            <SimpleData name="Empresa">Unique Wood Paraguay SA</SimpleData>
            <SimpleData name="Lote">D</SimpleData>
            <SimpleData name="Parametro">0.00000000000</SimpleData>
            <SimpleData name="Sup_SIG">0.69752351105</SimpleData>
            <SimpleData name="X">-55.78141785000</SimpleData>
            <SimpleData name="Y">-25.09361409000</SimpleData>
            <SimpleData name="cedula">4416441</SimpleData>
            <SimpleData name="Cédula_1">4416441.00000000000</SimpleData>
            <SimpleData name="Estado_d_1">Activo</SimpleData>
            <SimpleData name="OBJECTID_1">5760</SimpleData>
            <SimpleData name="Shape_Leng">636.12481599200</SimpleData>
            <SimpleData name="Shape_Area">6975.23511050000</SimpleData>
          </SchemaData>
        </ExtendedData>
        <Polygon>
          <outerBoundaryIs>
            <LinearRing>
              <coordinates>
                -55.7807954999781,-25.0924124002123,0
                -55.7818213002541,-25.0948942994916,0
                -55.7820385998859,-25.0947968993956,0
                -55.7809981997649,-25.0923107007773,0
                -55.7807954999781,-25.0924124002123,0
              </coordinates>
            </LinearRing>
          </outerBoundaryIs>
        </Polygon>
      </Placemark>
      <Placemark id="Lote_D.198">
        <ExtendedData>
          <SchemaData schemaUrl="#Lote_D.schema">
            <SimpleData name="Cédula">4603408.00000000000</SimpleData>
            <SimpleData name="Nombres_y_">NORMA BEATRIZ PERALTA ACOSTA</SimpleData>
            <SimpleData name="Sexo">Mujer</SimpleData>
            <SimpleData name="Cambio_de_">NO</SimpleData>
            <SimpleData name="Titular_se">NO</SimpleData>
            <SimpleData name="ci_UNIF">4603408.00000000000</SimpleData>
            <SimpleData name="Situación">NO</SimpleData>
            <SimpleData name="Comunidad">Campesina</SimpleData>
            <SimpleData name="Modelo_imp">Modelo 5</SimpleData>
            <SimpleData name="Departamen">CAAGUAZU</SimpleData>
            <SimpleData name="Distrito">YH?</SimpleData>
            <SimpleData name="Localidad">LIMA</SimpleData>
            <SimpleData name="Teléfono">0982334543</SimpleData>
            <SimpleData name="Vivienda_L">-25.08286110000</SimpleData>
            <SimpleData name="Vivienda_1">-55.76697660000</SimpleData>
            <SimpleData name="Superficie">0.70000000000</SimpleData>
            <SimpleData name="Situaci_1">Par?metro</SimpleData>
            <SimpleData name="Plantado">SI</SimpleData>
            <SimpleData name="Fecha_Plan">2026/06/16</SimpleData>
            <SimpleData name="Jornales">0.00000000000</SimpleData>
            <SimpleData name="Monto">0.00000000000</SimpleData>
            <SimpleData name="Grupo_de_p">D-GN-XX-XX-XX</SimpleData>
            <SimpleData name="Estado_del">Activo</SimpleData>
            <SimpleData name="Empresa">Unique Wood Paraguay SA</SimpleData>
            <SimpleData name="Lote">D</SimpleData>
            <SimpleData name="Parametro">0.00000000000</SimpleData>
            <SimpleData name="Sup_SIG">0.83305081298</SimpleData>
            <SimpleData name="X">-55.76683202000</SimpleData>
            <SimpleData name="Y">-25.08141873000</SimpleData>
            <SimpleData name="cedula">4603408</SimpleData>
            <SimpleData name="Cédula_1">4603408.00000000000</SimpleData>
            <SimpleData name="Estado_d_1">Activo</SimpleData>
            <SimpleData name="OBJECTID_1">5737</SimpleData>
            <SimpleData name="Shape_Leng">436.35770382600</SimpleData>
            <SimpleData name="Shape_Area">8330.50812981000</SimpleData>
          </SchemaData>
        </ExtendedData>
        <Polygon>
          <outerBoundaryIs>
            <LinearRing>
              <coordinates>
                -55.766362300682,-25.0807807996702,0
                -55.7668490997729,-25.0822366003558,0
                -55.7673099000414,-25.0820343003647,0
                -55.7667970006538,-25.0805936995241,0
                -55.766362300682,-25.0807807996702,0
              </coordinates>
            </LinearRing>
          </outerBoundaryIs>
        </Polygon>
      </Placemark>
      <Placemark id="Lote_D.199">
        <ExtendedData>
          <SchemaData schemaUrl="#Lote_D.schema">
            <SimpleData name="Cédula">5167828.00000000000</SimpleData>
            <SimpleData name="Nombres_y_">ROSALBA PERALTA FRANCO</SimpleData>
            <SimpleData name="Sexo">Mujer</SimpleData>
            <SimpleData name="Cambio_de_">NO</SimpleData>
            <SimpleData name="Titular_se">NO</SimpleData>
            <SimpleData name="ci_UNIF">5167828.00000000000</SimpleData>
            <SimpleData name="Situación">NO</SimpleData>
            <SimpleData name="Comunidad">Campesina</SimpleData>
            <SimpleData name="Modelo_imp">Modelo 5</SimpleData>
            <SimpleData name="Departamen">CAAGUAZU</SimpleData>
            <SimpleData name="Distrito">YH?</SimpleData>
            <SimpleData name="Localidad">YHU</SimpleData>
            <SimpleData name="Teléfono">0971463037</SimpleData>
            <SimpleData name="Vivienda_L">-25.07945410000</SimpleData>
            <SimpleData name="Vivienda_1">-55.77870770000</SimpleData>
            <SimpleData name="Superficie">0.70000000000</SimpleData>
            <SimpleData name="Situaci_1">Par?metro</SimpleData>
            <SimpleData name="Plantado">SI</SimpleData>
            <SimpleData name="Fecha_Plan">2026/06/16</SimpleData>
            <SimpleData name="Jornales">0.00000000000</SimpleData>
            <SimpleData name="Monto">0.00000000000</SimpleData>
            <SimpleData name="Grupo_de_p">D-GN-XX-XX-XX</SimpleData>
            <SimpleData name="Estado_del">Activo</SimpleData>
            <SimpleData name="Empresa">Unique Wood Paraguay SA</SimpleData>
            <SimpleData name="Lote">D</SimpleData>
            <SimpleData name="Parametro">0.00000000000</SimpleData>
            <SimpleData name="Sup_SIG">0.73820707627</SimpleData>
            <SimpleData name="X">-55.77686759000</SimpleData>
            <SimpleData name="Y">-25.07691156000</SimpleData>
            <SimpleData name="cedula">5167828</SimpleData>
            <SimpleData name="Cédula_1">5167828.00000000000</SimpleData>
            <SimpleData name="Estado_d_1">Activo</SimpleData>
            <SimpleData name="OBJECTID_1">5739</SimpleData>
            <SimpleData name="Shape_Leng">505.95629316000</SimpleData>
            <SimpleData name="Shape_Area">7382.07076270000</SimpleData>
          </SchemaData>
        </ExtendedData>
        <MultiGeometry>
          <Polygon>
            <outerBoundaryIs>
              <LinearRing>
                <coordinates>
                  -55.7767019002207,-25.0801614997399,0
                  -55.7772654002103,-25.0799964989897,0
                  -55.7771508003922,-25.0797197001198,0
                  -55.7766249006605,-25.0797979996768,0
                  -55.7767019002207,-25.0801614997399,0
                </coordinates>
              </LinearRing>
            </outerBoundaryIs>
          </Polygon>
          <Polygon>
            <outerBoundaryIs>
              <LinearRing>
                <coordinates>
                  -55.7768132005997,-25.0774319004291,0
                  -55.7772773995,-25.077346899895,0
                  -55.7769123999327,-25.0763713000167,0
                  -55.7764613005703,-25.0764997995997,0
                  -55.7768132005997,-25.0774319004291,0
                </coordinates>
              </LinearRing>
            </outerBoundaryIs>
          </Polygon>
        </MultiGeometry>
      </Placemark>
      <Placemark id="Lote_D.200">
        <ExtendedData>
          <SchemaData schemaUrl="#Lote_D.schema">
            <SimpleData name="Cédula">5658454.00000000000</SimpleData>
            <SimpleData name="Nombres_y_">ANGELINA RAMIREZ ALCARAZ</SimpleData>
            <SimpleData name="Sexo">Mujer</SimpleData>
            <SimpleData name="Cambio_de_">NO</SimpleData>
            <SimpleData name="Titular_se">NO</SimpleData>
            <SimpleData name="ci_UNIF">5658454.00000000000</SimpleData>
            <SimpleData name="Situación">NO</SimpleData>
            <SimpleData name="Comunidad">Campesina</SimpleData>
            <SimpleData name="Modelo_imp">Modelo 5</SimpleData>
            <SimpleData name="Departamen">CAAGUAZU</SimpleData>
            <SimpleData name="Distrito">YH?</SimpleData>
            <SimpleData name="Localidad">LIMA</SimpleData>
            <SimpleData name="Teléfono">0975323050</SimpleData>
            <SimpleData name="Vivienda_L">-25.07867230000</SimpleData>
            <SimpleData name="Vivienda_1">-55.77689150000</SimpleData>
            <SimpleData name="Superficie">0.70000000000</SimpleData>
            <SimpleData name="Situaci_1">Par?metro</SimpleData>
            <SimpleData name="Plantado">SI</SimpleData>
            <SimpleData name="Fecha_Plan">2026/06/16</SimpleData>
            <SimpleData name="Jornales">0.00000000000</SimpleData>
            <SimpleData name="Monto">0.00000000000</SimpleData>
            <SimpleData name="Grupo_de_p">D-GN-XX-XX-XX</SimpleData>
            <SimpleData name="Estado_del">Activo</SimpleData>
            <SimpleData name="Empresa">Unique Wood Paraguay SA</SimpleData>
            <SimpleData name="Lote">D</SimpleData>
            <SimpleData name="Parametro">0.00000000000</SimpleData>
            <SimpleData name="Sup_SIG">0.72293643646</SimpleData>
            <SimpleData name="X">-55.77609137000</SimpleData>
            <SimpleData name="Y">-25.07716417000</SimpleData>
            <SimpleData name="cedula">5658454</SimpleData>
            <SimpleData name="Cédula_1">5658454.00000000000</SimpleData>
            <SimpleData name="Estado_d_1">Activo</SimpleData>
            <SimpleData name="OBJECTID_1">5740</SimpleData>
            <SimpleData name="Shape_Leng">341.20893032800</SimpleData>
            <SimpleData name="Shape_Area">7229.36436464000</SimpleData>
          </SchemaData>
        </ExtendedData>
        <Polygon>
          <outerBoundaryIs>
            <LinearRing>
              <coordinates>
                -55.7755572001987,-25.0769202998442,0
                -55.7757718996175,-25.0775890998794,0
                -55.7766412992796,-25.0774635998168,0
                -55.7763450003302,-25.0766823994976,0
                -55.7755572001987,-25.0769202998442,0
              </coordinates>
            </LinearRing>
          </outerBoundaryIs>
        </Polygon>
      </Placemark>
      <Placemark id="Lote_D.201">
        <ExtendedData>
          <SchemaData schemaUrl="#Lote_D.schema">
            <SimpleData name="Cédula">5721097.00000000000</SimpleData>
            <SimpleData name="Nombres_y_">FELICIANA SAMUDIO CUENCA</SimpleData>
            <SimpleData name="Sexo">Mujer</SimpleData>
            <SimpleData name="Cambio_de_">NO</SimpleData>
            <SimpleData name="Titular_se">NO</SimpleData>
            <SimpleData name="ci_UNIF">5721097.00000000000</SimpleData>
            <SimpleData name="Situación">NO</SimpleData>
            <SimpleData name="Comunidad">Campesina</SimpleData>
            <SimpleData name="Modelo_imp">Modelo 5</SimpleData>
            <SimpleData name="Departamen">CAAGUAZU</SimpleData>
            <SimpleData name="Distrito">YH?</SimpleData>
            <SimpleData name="Localidad">ARAPAY</SimpleData>
            <SimpleData name="Teléfono">0981431057</SimpleData>
            <SimpleData name="Vivienda_L">-25.09650720000</SimpleData>
            <SimpleData name="Vivienda_1">-55.78150020000</SimpleData>
            <SimpleData name="Superficie">0.70000000000</SimpleData>
            <SimpleData name="Situaci_1">Par?metro</SimpleData>
            <SimpleData name="Plantado">SI</SimpleData>
            <SimpleData name="Fecha_Plan">2026/06/16</SimpleData>
            <SimpleData name="Jornales">0.00000000000</SimpleData>
            <SimpleData name="Monto">0.00000000000</SimpleData>
            <SimpleData name="Grupo_de_p">D-GN-XX-XX-XX</SimpleData>
            <SimpleData name="Estado_del">Activo</SimpleData>
            <SimpleData name="Empresa">Unique Wood Paraguay SA</SimpleData>
            <SimpleData name="Lote">D</SimpleData>
            <SimpleData name="Parametro">0.00000000000</SimpleData>
            <SimpleData name="Sup_SIG">0.71418004035</SimpleData>
            <SimpleData name="X">-55.77954602000</SimpleData>
            <SimpleData name="Y">-25.09275459000</SimpleData>
            <SimpleData name="cedula">5721097</SimpleData>
            <SimpleData name="Cédula_1">5721097.00000000000</SimpleData>
            <SimpleData name="Estado_d_1">Activo</SimpleData>
            <SimpleData name="OBJECTID_1">5753</SimpleData>
            <SimpleData name="Shape_Leng">500.02760726700</SimpleData>
            <SimpleData name="Shape_Area">7141.80040351000</SimpleData>
          </SchemaData>
        </ExtendedData>
        <MultiGeometry>
          <Polygon>
            <outerBoundaryIs>
              <LinearRing>
                <coordinates>
                  -55.7814161002176,-25.0959169997033,0
                  -55.7821007007521,-25.0956862990728,0
                  -55.7820182002703,-25.0954267999766,0
                  -55.7813481001444,-25.0956280003183,0
                  -55.7814161002176,-25.0959169997033,0
                </coordinates>
              </LinearRing>
            </outerBoundaryIs>
          </Polygon>
          <Polygon>
            <outerBoundaryIs>
              <LinearRing>
                <coordinates>
                  -55.7791998009257,-25.0931203997701,0
                  -55.7800704003105,-25.0928273999054,0
                  -55.7799101006138,-25.0923922994097,0
                  -55.7790140005099,-25.0926786991514,0
                  -55.7791998009257,-25.0931203997701,0
                </coordinates>
              </LinearRing>
            </outerBoundaryIs>
          </Polygon>
        </MultiGeometry>
      </Placemark>
      <Placemark id="Lote_D.202">
        <ExtendedData>
          <SchemaData schemaUrl="#Lote_D.schema">
            <SimpleData name="Cédula">5753166.00000000000</SimpleData>
            <SimpleData name="Nombres_y_">CORNELIA ROMERO VERA</SimpleData>
            <SimpleData name="Sexo">Mujer</SimpleData>
            <SimpleData name="Cambio_de_">NO</SimpleData>
            <SimpleData name="Titular_se">NO</SimpleData>
            <SimpleData name="ci_UNIF">5753166.00000000000</SimpleData>
            <SimpleData name="Situación">NO</SimpleData>
            <SimpleData name="Comunidad">Campesina</SimpleData>
            <SimpleData name="Modelo_imp">Modelo 5</SimpleData>
            <SimpleData name="Departamen">CAAGUAZU</SimpleData>
            <SimpleData name="Distrito">YH?</SimpleData>
            <SimpleData name="Localidad">AGUADA</SimpleData>
            <SimpleData name="Teléfono">0972802293</SimpleData>
            <SimpleData name="Vivienda_L">-25.11489840000</SimpleData>
            <SimpleData name="Vivienda_1">-55.83756490000</SimpleData>
            <SimpleData name="Superficie">0.70000000000</SimpleData>
            <SimpleData name="Situaci_1">Par?metro</SimpleData>
            <SimpleData name="Plantado">SI</SimpleData>
            <SimpleData name="Fecha_Plan">2026/06/16</SimpleData>
            <SimpleData name="Jornales">0.00000000000</SimpleData>
            <SimpleData name="Monto">0.00000000000</SimpleData>
            <SimpleData name="Grupo_de_p">D-GN-XX-XX-XX</SimpleData>
            <SimpleData name="Estado_del">Activo</SimpleData>
            <SimpleData name="Empresa">Unique Wood Paraguay SA</SimpleData>
            <SimpleData name="Lote">D</SimpleData>
            <SimpleData name="Parametro">0.00000000000</SimpleData>
            <SimpleData name="Sup_SIG">0.80692307875</SimpleData>
            <SimpleData name="X">-55.83793147000</SimpleData>
            <SimpleData name="Y">-25.11664672000</SimpleData>
            <SimpleData name="cedula">5753166</SimpleData>
            <SimpleData name="Cédula_1">5753166.00000000000</SimpleData>
            <SimpleData name="Estado_d_1">Activo</SimpleData>
            <SimpleData name="OBJECTID_1">5759</SimpleData>
            <SimpleData name="Shape_Leng">383.26915176000</SimpleData>
            <SimpleData name="Shape_Area">8069.23078750000</SimpleData>
          </SchemaData>
        </ExtendedData>
        <Polygon>
          <outerBoundaryIs>
            <LinearRing>
              <coordinates>
                -55.837534899712,-25.1170745000801,0
                -55.8381201005765,-25.1173446006587,0
                -55.8383373998688,-25.1161317998615,0
                -55.8376973006316,-25.1160404002893,0
                -55.837534899712,-25.1170745000801,0
              </coordinates>
            </LinearRing>
          </outerBoundaryIs>
        </Polygon>
      </Placemark>
      <Placemark id="Lote_D.203">
        <ExtendedData>
          <SchemaData schemaUrl="#Lote_D.schema">
            <SimpleData name="Cédula">5795877.00000000000</SimpleData>
            <SimpleData name="Nombres_y_">ANTONIA VERA</SimpleData>
            <SimpleData name="Sexo">Mujer</SimpleData>
            <SimpleData name="Cambio_de_">NO</SimpleData>
            <SimpleData name="Titular_se">NO</SimpleData>
            <SimpleData name="ci_UNIF">5795877.00000000000</SimpleData>
            <SimpleData name="Situación">NO</SimpleData>
            <SimpleData name="Comunidad">Campesina</SimpleData>
            <SimpleData name="Modelo_imp">Modelo 5</SimpleData>
            <SimpleData name="Departamen">CAAGUAZU</SimpleData>
            <SimpleData name="Distrito">YH?</SimpleData>
            <SimpleData name="Localidad">AGUADA</SimpleData>
            <SimpleData name="Teléfono">0983871430</SimpleData>
            <SimpleData name="Vivienda_L">-25.11678160000</SimpleData>
            <SimpleData name="Vivienda_1">-55.86129200000</SimpleData>
            <SimpleData name="Superficie">0.70000000000</SimpleData>
            <SimpleData name="Situaci_1">Par?metro</SimpleData>
            <SimpleData name="Plantado">SI</SimpleData>
            <SimpleData name="Fecha_Plan">2026/06/16</SimpleData>
            <SimpleData name="Jornales">0.00000000000</SimpleData>
            <SimpleData name="Monto">0.00000000000</SimpleData>
            <SimpleData name="Grupo_de_p">D-GN-XX-XX-XX</SimpleData>
            <SimpleData name="Estado_del">Activo</SimpleData>
            <SimpleData name="Empresa">Unique Wood Paraguay SA</SimpleData>
            <SimpleData name="Lote">D</SimpleData>
            <SimpleData name="Parametro">0.00000000000</SimpleData>
            <SimpleData name="Sup_SIG">0.73049800515</SimpleData>
            <SimpleData name="X">-55.86123571000</SimpleData>
            <SimpleData name="Y">-25.11772841000</SimpleData>
            <SimpleData name="cedula">5795877</SimpleData>
            <SimpleData name="Cédula_1">5795877.00000000000</SimpleData>
            <SimpleData name="Estado_d_1">Activo</SimpleData>
            <SimpleData name="OBJECTID_1">5755</SimpleData>
            <SimpleData name="Shape_Leng">370.35258805800</SimpleData>
            <SimpleData name="Shape_Area">7304.98005146000</SimpleData>
          </SchemaData>
        </ExtendedData>
        <Polygon>
          <outerBoundaryIs>
            <LinearRing>
              <coordinates>
                -55.8615817002536,-25.1172855002703,0
                -55.8612734999758,-25.1174795998807,0
                -55.8607325000175,-25.1173420006913,0
                -55.8605421996684,-25.1176586000737,0
                -55.8615245997199,-25.1182452004667,0
                -55.8617717998967,-25.1179670007099,0
                -55.8615817002536,-25.1172855002703,0
              </coordinates>
            </LinearRing>
          </outerBoundaryIs>
        </Polygon>
      </Placemark>
      <Placemark id="Lote_D.204">
        <ExtendedData>
          <SchemaData schemaUrl="#Lote_D.schema">
            <SimpleData name="Cédula">6561884.00000000000</SimpleData>
            <SimpleData name="Nombres_y_">DANIELA  MENDOZA ROJAS</SimpleData>
            <SimpleData name="Sexo">Mujer</SimpleData>
            <SimpleData name="Cambio_de_">NO</SimpleData>
            <SimpleData name="Titular_se">NO</SimpleData>
            <SimpleData name="ci_UNIF">6561884.00000000000</SimpleData>
            <SimpleData name="Situación">NO</SimpleData>
            <SimpleData name="Comunidad">Campesina</SimpleData>
            <SimpleData name="Modelo_imp">Modelo 5</SimpleData>
            <SimpleData name="Departamen">CAAGUAZU</SimpleData>
            <SimpleData name="Distrito">YH?</SimpleData>
            <SimpleData name="Localidad">ASENT. TEKO PYAHU</SimpleData>
            <SimpleData name="Teléfono">0976424449</SimpleData>
            <SimpleData name="Vivienda_L">-25.04322280000</SimpleData>
            <SimpleData name="Vivienda_1">-55.87400910000</SimpleData>
            <SimpleData name="Superficie">0.70000000000</SimpleData>
            <SimpleData name="Situaci_1">Par?metro</SimpleData>
            <SimpleData name="Plantado">SI</SimpleData>
            <SimpleData name="Fecha_Plan">2025/10/28</SimpleData>
            <SimpleData name="Jornales">0.00000000000</SimpleData>
            <SimpleData name="Monto">0.00000000000</SimpleData>
            <SimpleData name="Grupo_de_p">D-GN-XX-XX-XX</SimpleData>
            <SimpleData name="Estado_del">Activo</SimpleData>
            <SimpleData name="Empresa">Unique Wood Paraguay SA</SimpleData>
            <SimpleData name="Lote">D</SimpleData>
            <SimpleData name="Parametro">0.00000000000</SimpleData>
            <SimpleData name="Sup_SIG">0.79197745418</SimpleData>
            <SimpleData name="X">-55.87375633000</SimpleData>
            <SimpleData name="Y">-25.04395193000</SimpleData>
            <SimpleData name="cedula">6561884</SimpleData>
            <SimpleData name="Cédula_1">6561884.00000000000</SimpleData>
            <SimpleData name="Estado_d_1">Activo</SimpleData>
            <SimpleData name="OBJECTID_1">8730</SimpleData>
            <SimpleData name="Shape_Leng">648.83225438900</SimpleData>
            <SimpleData name="Shape_Area">7919.77454177000</SimpleData>
          </SchemaData>
        </ExtendedData>
        <Polygon>
          <outerBoundaryIs>
            <LinearRing>
              <coordinates>
                -55.8737171994506,-25.0430680993893,0
                -55.8732835998392,-25.0443767004181,0
                -55.8738448000203,-25.0446017994669,0
                -55.8740090001629,-25.044190399767,0
                -55.8749332993115,-25.0445004006154,0
                -55.874937999175,-25.044473300417,0
                -55.8739757001166,-25.0441444000207,0
                -55.8741491995424,-25.043544799626,0
                -55.8740116991993,-25.0434983000218,0
                -55.8740267003088,-25.0435416995115,0
                -55.8737338003755,-25.0434829004958,0
                -55.8739032001553,-25.0431365005334,0
                -55.8737171994506,-25.0430680993893,0
              </coordinates>
            </LinearRing>
          </outerBoundaryIs>
        </Polygon>
      </Placemark>
      <Placemark id="Lote_D.205">
        <ExtendedData>
          <SchemaData schemaUrl="#Lote_D.schema">
            <SimpleData name="Cédula">6829149.00000000000</SimpleData>
            <SimpleData name="Nombres_y_">PORFIRIA GONZALEZ ROJAS</SimpleData>
            <SimpleData name="Sexo">Mujer</SimpleData>
            <SimpleData name="Cambio_de_">NO</SimpleData>
            <SimpleData name="Titular_se">NO</SimpleData>
            <SimpleData name="ci_UNIF">6829149.00000000000</SimpleData>
            <SimpleData name="Situación">NO</SimpleData>
            <SimpleData name="Comunidad">Campesina</SimpleData>
            <SimpleData name="Modelo_imp">Modelo 5</SimpleData>
            <SimpleData name="Departamen">CAAGUAZU</SimpleData>
            <SimpleData name="Distrito">YH?</SimpleData>
            <SimpleData name="Localidad">CALLE MBYKY</SimpleData>
            <SimpleData name="Teléfono">0981005209</SimpleData>
            <SimpleData name="Vivienda_L">-25.10081670000</SimpleData>
            <SimpleData name="Vivienda_1">-55.79713110000</SimpleData>
            <SimpleData name="Superficie">0.70000000000</SimpleData>
            <SimpleData name="Situaci_1">Par?metro</SimpleData>
            <SimpleData name="Plantado">SI</SimpleData>
            <SimpleData name="Fecha_Plan">2026/06/16</SimpleData>
            <SimpleData name="Jornales">0.00000000000</SimpleData>
            <SimpleData name="Monto">0.00000000000</SimpleData>
            <SimpleData name="Grupo_de_p">D-GN-XX-XX-XX</SimpleData>
            <SimpleData name="Estado_del">Activo</SimpleData>
            <SimpleData name="Empresa">Unique Wood Paraguay SA</SimpleData>
            <SimpleData name="Lote">D</SimpleData>
            <SimpleData name="Parametro">0.00000000000</SimpleData>
            <SimpleData name="Sup_SIG">0.71550267540</SimpleData>
            <SimpleData name="X">-55.77061964000</SimpleData>
            <SimpleData name="Y">-25.08047950000</SimpleData>
            <SimpleData name="cedula">6829149</SimpleData>
            <SimpleData name="Cédula_1">6829149.00000000000</SimpleData>
            <SimpleData name="Estado_d_1">Activo</SimpleData>
            <SimpleData name="OBJECTID_1">5736</SimpleData>
            <SimpleData name="Shape_Leng">512.59773123900</SimpleData>
            <SimpleData name="Shape_Area">7155.02675399000</SimpleData>
          </SchemaData>
        </ExtendedData>
        <MultiGeometry>
          <Polygon>
            <outerBoundaryIs>
              <LinearRing>
                <coordinates>
                  -55.7702966003662,-25.0808562001929,0
                  -55.7711027004303,-25.0805180996469,0
                  -55.7709345006246,-25.08013189979,0
                  -55.7701761997492,-25.0803859990965,0
                  -55.7702966003662,-25.0808562001929,0
                </coordinates>
              </LinearRing>
            </outerBoundaryIs>
          </Polygon>
          <Polygon>
            <outerBoundaryIs>
              <LinearRing>
                <coordinates>
                  -55.7708694998025,-25.0798024995904,0
                  -55.771681999886,-25.0795622993863,0
                  -55.7715990006746,-25.0792533994756,0
                  -55.77077349998,-25.0795254990204,0
                  -55.7708694998025,-25.0798024995904,0
                </coordinates>
              </LinearRing>
            </outerBoundaryIs>
          </Polygon>
        </MultiGeometry>
      </Placemark>
      <Placemark id="Lote_D.206">
        <ExtendedData>
          <SchemaData schemaUrl="#Lote_D.schema">
            <SimpleData name="Cédula">7057210.00000000000</SimpleData>
            <SimpleData name="Nombres_y_">AIDA ESTELA DENIS MARTINEZ</SimpleData>
            <SimpleData name="Sexo">Mujer</SimpleData>
            <SimpleData name="Cambio_de_">NO</SimpleData>
            <SimpleData name="Titular_se">NO</SimpleData>
            <SimpleData name="ci_UNIF">7057210.00000000000</SimpleData>
            <SimpleData name="Situación">NO</SimpleData>
            <SimpleData name="Comunidad">Campesina</SimpleData>
            <SimpleData name="Modelo_imp">Modelo 5</SimpleData>
            <SimpleData name="Departamen">CAAGUAZU</SimpleData>
            <SimpleData name="Distrito">YH?</SimpleData>
            <SimpleData name="Localidad">TORO KANGUE</SimpleData>
            <SimpleData name="Teléfono">0972181072</SimpleData>
            <SimpleData name="Vivienda_L">-25.11005330000</SimpleData>
            <SimpleData name="Vivienda_1">-55.81178580000</SimpleData>
            <SimpleData name="Superficie">0.70000000000</SimpleData>
            <SimpleData name="Situaci_1">Par?metro</SimpleData>
            <SimpleData name="Plantado">SI</SimpleData>
            <SimpleData name="Fecha_Plan">2026/06/16</SimpleData>
            <SimpleData name="Jornales">0.00000000000</SimpleData>
            <SimpleData name="Monto">0.00000000000</SimpleData>
            <SimpleData name="Grupo_de_p">D-GN-XX-XX-XX</SimpleData>
            <SimpleData name="Estado_del">Activo</SimpleData>
            <SimpleData name="Empresa">Unique Wood Paraguay SA</SimpleData>
            <SimpleData name="Lote">D</SimpleData>
            <SimpleData name="Parametro">0.00000000000</SimpleData>
            <SimpleData name="Sup_SIG">0.79589119775</SimpleData>
            <SimpleData name="X">-55.81763330000</SimpleData>
            <SimpleData name="Y">-25.10821510000</SimpleData>
            <SimpleData name="cedula">7057210</SimpleData>
            <SimpleData name="Cédula_1">7057210.00000000000</SimpleData>
            <SimpleData name="Estado_d_1">Activo</SimpleData>
            <SimpleData name="OBJECTID_1">5752</SimpleData>
            <SimpleData name="Shape_Leng">360.60372682300</SimpleData>
            <SimpleData name="Shape_Area">7958.91197749000</SimpleData>
          </SchemaData>
        </ExtendedData>
        <Polygon>
          <outerBoundaryIs>
            <LinearRing>
              <coordinates>
                -55.8170576999603,-25.1079874999476,0
                -55.8172738997282,-25.1087235007368,0
                -55.818242299561,-25.1083664005742,0
                -55.8180051997245,-25.1077541998705,0
                -55.8170576999603,-25.1079874999476,0
              </coordinates>
            </LinearRing>
          </outerBoundaryIs>
        </Polygon>
      </Placemark>
      <Placemark id="Lote_D.207">
        <ExtendedData>
          <SchemaData schemaUrl="#Lote_D.schema">
            <SimpleData name="Cédula">7333907.00000000000</SimpleData>
            <SimpleData name="Nombres_y_">ROSANA GOMEZ PERALTA</SimpleData>
            <SimpleData name="Sexo">Mujer</SimpleData>
            <SimpleData name="Cambio_de_">NO</SimpleData>
            <SimpleData name="Titular_se">NO</SimpleData>
            <SimpleData name="ci_UNIF">7333907.00000000000</SimpleData>
            <SimpleData name="Situación">NO</SimpleData>
            <SimpleData name="Comunidad">Campesina</SimpleData>
            <SimpleData name="Modelo_imp">Modelo 1</SimpleData>
            <SimpleData name="Departamen">CAAGUAZU</SimpleData>
            <SimpleData name="Distrito">YH?</SimpleData>
            <SimpleData name="Localidad">ARAPAY</SimpleData>
            <SimpleData name="Teléfono">0985860057</SimpleData>
            <SimpleData name="Vivienda_L">-25.09291900000</SimpleData>
            <SimpleData name="Vivienda_1">-55.79177290000</SimpleData>
            <SimpleData name="Superficie">0.80000000000</SimpleData>
            <SimpleData name="Situaci_1">Par?metro</SimpleData>
            <SimpleData name="Plantado">SI</SimpleData>
            <SimpleData name="Fecha_Plan">2026/06/16</SimpleData>
            <SimpleData name="Jornales">0.00000000000</SimpleData>
            <SimpleData name="Monto">0.00000000000</SimpleData>
            <SimpleData name="Grupo_de_p">D-GN-XX-XX-XX</SimpleData>
            <SimpleData name="Estado_del">Activo</SimpleData>
            <SimpleData name="Empresa">Unique Wood Paraguay SA</SimpleData>
            <SimpleData name="Lote">D</SimpleData>
            <SimpleData name="Parametro">0.00000000000</SimpleData>
            <SimpleData name="Sup_SIG">0.89493556515</SimpleData>
            <SimpleData name="X">-55.79146056000</SimpleData>
            <SimpleData name="Y">-25.09162487000</SimpleData>
            <SimpleData name="cedula">7333907</SimpleData>
            <SimpleData name="Cédula_1">7333907.00000000000</SimpleData>
            <SimpleData name="Estado_d_1">Activo</SimpleData>
            <SimpleData name="OBJECTID_1">5743</SimpleData>
            <SimpleData name="Shape_Leng">396.49915198800</SimpleData>
            <SimpleData name="Shape_Area">8949.35565150000</SimpleData>
          </SchemaData>
        </ExtendedData>
        <Polygon>
          <outerBoundaryIs>
            <LinearRing>
              <coordinates>
                -55.7908607998146,-25.0912497997879,0
                -55.7914266005544,-25.0922631995884,0
                -55.792036600082,-25.0920620997924,0
                -55.7915328002364,-25.0909737001119,0
                -55.7908607998146,-25.0912497997879,0
              </coordinates>
            </LinearRing>
          </outerBoundaryIs>
        </Polygon>
      </Placemark>
      <Placemark id="Lote_D.208">
        <ExtendedData>
          <SchemaData schemaUrl="#Lote_D.schema">
            <SimpleData name="Cédula">6212853.00000000000</SimpleData>
            <SimpleData name="Nombres_y_">VALENTINA VARUKUGI RAMIREZ MIRANDA</SimpleData>
            <SimpleData name="Sexo">Mujer</SimpleData>
            <SimpleData name="Cambio_de_">NO</SimpleData>
            <SimpleData name="Titular_se">NO</SimpleData>
            <SimpleData name="ci_UNIF">6212853.00000000000</SimpleData>
            <SimpleData name="Situación">NO</SimpleData>
            <SimpleData name="Comunidad">Ind?gena</SimpleData>
            <SimpleData name="Modelo_imp">Modelo 5</SimpleData>
            <SimpleData name="Departamen">CAAGUAZU</SimpleData>
            <SimpleData name="Distrito">SAN JOAQUIN</SimpleData>
            <SimpleData name="Localidad">COM INDIG CERRO MOROTI</SimpleData>
            <SimpleData name="Teléfono">ND</SimpleData>
            <SimpleData name="Vivienda_L">-25.01665020000</SimpleData>
            <SimpleData name="Vivienda_1">-56.13810390000</SimpleData>
            <SimpleData name="Superficie">0.70000000000</SimpleData>
            <SimpleData name="Situaci_1">Par?metro</SimpleData>
            <SimpleData name="Plantado">SI</SimpleData>
            <SimpleData name="Fecha_Plan">2026/06/26</SimpleData>
            <SimpleData name="Jornales">0.00000000000</SimpleData>
            <SimpleData name="Monto">0.00000000000</SimpleData>
            <SimpleData name="Grupo_de_p">D-GN-XX-XX-XX</SimpleData>
            <SimpleData name="Estado_del">Activo</SimpleData>
            <SimpleData name="Empresa">Unique Wood Paraguay SA</SimpleData>
            <SimpleData name="Lote">D</SimpleData>
            <SimpleData name="Parametro">0.00000000000</SimpleData>
            <SimpleData name="Sup_SIG">0.78231979519</SimpleData>
            <SimpleData name="X">-56.13426957000</SimpleData>
            <SimpleData name="Y">-25.02000670000</SimpleData>
            <SimpleData name="cedula">6212853</SimpleData>
            <SimpleData name="Cédula_1">6212853.00000000000</SimpleData>
            <SimpleData name="Estado_d_1">Activo</SimpleData>
            <SimpleData name="OBJECTID_1">5670</SimpleData>
            <SimpleData name="Shape_Leng">365.53567542000</SimpleData>
            <SimpleData name="Shape_Area">7823.19795190000</SimpleData>
          </SchemaData>
        </ExtendedData>
        <Polygon>
          <outerBoundaryIs>
            <LinearRing>
              <coordinates>
                -56.1336629997574,-25.0202599995375,0
                -56.1348162992486,-25.0203645999564,0
                -56.1348498991523,-25.0197465001171,0
                -56.1337505995061,-25.0196459000298,0
                -56.1336629997574,-25.0202599995375,0
              </coordinates>
            </LinearRing>
          </outerBoundaryIs>
        </Polygon>
      </Placemark>
      <Placemark id="Lote_D.209">
        <ExtendedData>
          <SchemaData schemaUrl="#Lote_D.schema">
            <SimpleData name="Cédula">7001648.00000000000</SimpleData>
            <SimpleData name="Nombres_y_">CAROLINA CHACHIGI BRITEZ</SimpleData>
            <SimpleData name="Sexo">Mujer</SimpleData>
            <SimpleData name="Cambio_de_">NO</SimpleData>
            <SimpleData name="Titular_se">NO</SimpleData>
            <SimpleData name="ci_UNIF">7001648.00000000000</SimpleData>
            <SimpleData name="Comunidad">Ind?gena</SimpleData>
            <SimpleData name="Modelo_imp">Modelo 5</SimpleData>
            <SimpleData name="Departamen">CAAGUAZU</SimpleData>
            <SimpleData name="Distrito">SAN JOAQUIN</SimpleData>
            <SimpleData name="Localidad">COM INDIG CERRO MOROTI</SimpleData>
            <SimpleData name="Teléfono">9843801337</SimpleData>
            <SimpleData name="Vivienda_L">-25.01120300000</SimpleData>
            <SimpleData name="Vivienda_1">-56.13893500000</SimpleData>
            <SimpleData name="Superficie">0.70000000000</SimpleData>
            <SimpleData name="Situaci_1">Parametro</SimpleData>
            <SimpleData name="Plantado">SI</SimpleData>
            <SimpleData name="Fecha_Plan">2026/06/26</SimpleData>
            <SimpleData name="Jornales">0.00000000000</SimpleData>
            <SimpleData name="Monto">0.00000000000</SimpleData>
            <SimpleData name="Grupo_de_p">D-GN-XX-XX-XX</SimpleData>
            <SimpleData name="Estado_del">Activo</SimpleData>
            <SimpleData name="Empresa">Unique Wood Paraguay SA</SimpleData>
            <SimpleData name="Lote">D</SimpleData>
            <SimpleData name="Parametro">0.00000000000</SimpleData>
            <SimpleData name="Sup_SIG">0.75720881722</SimpleData>
            <SimpleData name="X">-56.13566205000</SimpleData>
            <SimpleData name="Y">-25.01657524000</SimpleData>
            <SimpleData name="cedula">7001648</SimpleData>
            <SimpleData name="Cédula_1">7001648.00000000000</SimpleData>
            <SimpleData name="Estado_d_1">Activo</SimpleData>
            <SimpleData name="OBJECTID_1">6427</SimpleData>
            <SimpleData name="Shape_Leng">388.84590108800</SimpleData>
            <SimpleData name="Shape_Area">7572.08817220000</SimpleData>
          </SchemaData>
        </ExtendedData>
        <Polygon>
          <outerBoundaryIs>
            <LinearRing>
              <coordinates>
                -56.1353941991061,-25.0172908995918,0
                -56.1355028992986,-25.0173289997316,0
                -56.1359966997528,-25.0166404994279,0
                -56.1362192990891,-25.0161012000427,0
                -56.1352766999226,-25.0161496000347,0
                -56.1353941991061,-25.0172908995918,0
              </coordinates>
            </LinearRing>
          </outerBoundaryIs>
        </Polygon>
      </Placemark>
      <Placemark id="Lote_D.210">
        <ExtendedData>
          <SchemaData schemaUrl="#Lote_D.schema">
            <SimpleData name="Cédula">6349378.00000000000</SimpleData>
            <SimpleData name="Nombres_y_">REBECA CHERYGI</SimpleData>
            <SimpleData name="Sexo">Mujer</SimpleData>
            <SimpleData name="Cambio_de_">NO</SimpleData>
            <SimpleData name="Titular_se">NO</SimpleData>
            <SimpleData name="ci_UNIF">6349378.00000000000</SimpleData>
            <SimpleData name="Situación">NO</SimpleData>
            <SimpleData name="Comunidad">Ind?gena</SimpleData>
            <SimpleData name="Modelo_imp">Modelo 5</SimpleData>
            <SimpleData name="Departamen">CAAGUAZU</SimpleData>
            <SimpleData name="Distrito">SAN JOAQUIN</SimpleData>
            <SimpleData name="Localidad">COM INDIG CERRO MOROTI</SimpleData>
            <SimpleData name="Teléfono">0986881627</SimpleData>
            <SimpleData name="Vivienda_L">-25.01804130000</SimpleData>
            <SimpleData name="Vivienda_1">-56.13829700000</SimpleData>
            <SimpleData name="Superficie">0.70000000000</SimpleData>
            <SimpleData name="Situaci_1">Par?metro</SimpleData>
            <SimpleData name="Plantado">SI</SimpleData>
            <SimpleData name="Fecha_Plan">2026/06/26</SimpleData>
            <SimpleData name="Jornales">0.00000000000</SimpleData>
            <SimpleData name="Monto">0.00000000000</SimpleData>
            <SimpleData name="Grupo_de_p">D-GN-XX-XX-XX</SimpleData>
            <SimpleData name="Estado_del">Activo</SimpleData>
            <SimpleData name="Empresa">Unique Wood Paraguay SA</SimpleData>
            <SimpleData name="Lote">D</SimpleData>
            <SimpleData name="Parametro">0.00000000000</SimpleData>
            <SimpleData name="Sup_SIG">0.70423074500</SimpleData>
            <SimpleData name="X">-56.13395819000</SimpleData>
            <SimpleData name="Y">-25.01665566000</SimpleData>
            <SimpleData name="cedula">6349378</SimpleData>
            <SimpleData name="Cédula_1">6349378.00000000000</SimpleData>
            <SimpleData name="Estado_d_1">Activo</SimpleData>
            <SimpleData name="OBJECTID_1">5648</SimpleData>
            <SimpleData name="Shape_Leng">368.81753810600</SimpleData>
            <SimpleData name="Shape_Area">7042.30744998000</SimpleData>
          </SchemaData>
        </ExtendedData>
        <Polygon>
          <outerBoundaryIs>
            <LinearRing>
              <coordinates>
                -56.1337266998375,-25.0172150997648,0
                -56.1342854990324,-25.0172515999759,0
                -56.1341576997081,-25.0160201000675,0
                -56.1336402993264,-25.0161159997921,0
                -56.1337266998375,-25.0172150997648,0
              </coordinates>
            </LinearRing>
          </outerBoundaryIs>
        </Polygon>
      </Placemark>
      <Placemark id="Lote_D.211">
        <ExtendedData>
          <SchemaData schemaUrl="#Lote_D.schema">
            <SimpleData name="Cédula">3939487.00000000000</SimpleData>
            <SimpleData name="Nombres_y_">EVER PORTILLO FRANCO</SimpleData>
            <SimpleData name="Sexo">Hombre</SimpleData>
            <SimpleData name="Cambio_de_">NO</SimpleData>
            <SimpleData name="Titular_se">NO</SimpleData>
            <SimpleData name="ci_UNIF">3939487.00000000000</SimpleData>
            <SimpleData name="Situación">NO</SimpleData>
            <SimpleData name="Comunidad">Campesina</SimpleData>
            <SimpleData name="Modelo_imp">Modelo 2</SimpleData>
            <SimpleData name="Departamen">CAAGUAZU</SimpleData>
            <SimpleData name="Distrito">YH?</SimpleData>
            <SimpleData name="Localidad">VILLAREAL ZAPATTINI KUE</SimpleData>
            <SimpleData name="Teléfono">0985627163</SimpleData>
            <SimpleData name="Vivienda_L">-25.11742060000</SimpleData>
            <SimpleData name="Vivienda_1">-55.82957600000</SimpleData>
            <SimpleData name="Superficie">0.80000000000</SimpleData>
            <SimpleData name="Situaci_1">Par?metro</SimpleData>
            <SimpleData name="Plantado">SI</SimpleData>
            <SimpleData name="Fecha_Plan">2026/06/16</SimpleData>
            <SimpleData name="Jornales">0.00000000000</SimpleData>
            <SimpleData name="Monto">0.00000000000</SimpleData>
            <SimpleData name="Grupo_de_p">D-GN-XX-XX-XX</SimpleData>
            <SimpleData name="Estado_del">Activo</SimpleData>
            <SimpleData name="Empresa">Unique Wood Paraguay SA</SimpleData>
            <SimpleData name="Lote">D</SimpleData>
            <SimpleData name="Parametro">0.00000000000</SimpleData>
            <SimpleData name="Sup_SIG">0.83529329956</SimpleData>
            <SimpleData name="X">-55.82992769000</SimpleData>
            <SimpleData name="Y">-25.11792991000</SimpleData>
            <SimpleData name="cedula">3939487</SimpleData>
            <SimpleData name="Cédula_1">3939487.00000000000</SimpleData>
            <SimpleData name="Estado_d_1">Activo</SimpleData>
            <SimpleData name="OBJECTID_1">5756</SimpleData>
            <SimpleData name="Shape_Leng">413.28490000600</SimpleData>
            <SimpleData name="Shape_Area">8352.93299557000</SimpleData>
          </SchemaData>
        </ExtendedData>
        <Polygon>
          <outerBoundaryIs>
            <LinearRing>
              <coordinates>
                -55.8295854992725,-25.1174914000345,0
                -55.8296565990583,-25.1186542996132,0
                -55.8300954996346,-25.1186004001366,0
                -55.8303353996168,-25.1171969998927,0
                -55.8295854992725,-25.1174914000345,0
              </coordinates>
            </LinearRing>
          </outerBoundaryIs>
        </Polygon>
      </Placemark>
      <Placemark id="Lote_D.212">
        <ExtendedData>
          <SchemaData schemaUrl="#Lote_D.schema">
            <SimpleData name="Cédula">1608835.00000000000</SimpleData>
            <SimpleData name="Nombres_y_">ANTONIA JACUACHUGI MIRANDA</SimpleData>
            <SimpleData name="Sexo">Mujer</SimpleData>
            <SimpleData name="Cambio_de_">NO</SimpleData>
            <SimpleData name="Titular_se">NO</SimpleData>
            <SimpleData name="ci_UNIF">1608835.00000000000</SimpleData>
            <SimpleData name="Situación">NO</SimpleData>
            <SimpleData name="Comunidad">Ind?gena</SimpleData>
            <SimpleData name="Modelo_imp">Modelo 5</SimpleData>
            <SimpleData name="Departamen">CAAGUAZU</SimpleData>
            <SimpleData name="Distrito">SAN JOAQUIN</SimpleData>
            <SimpleData name="Localidad">COM INDIG CERRO MOROTI</SimpleData>
            <SimpleData name="Teléfono">ND</SimpleData>
            <SimpleData name="Vivienda_L">-25.01759060000</SimpleData>
            <SimpleData name="Vivienda_1">-56.13803480000</SimpleData>
            <SimpleData name="Superficie">0.70000000000</SimpleData>
            <SimpleData name="Situaci_1">Par?metro</SimpleData>
            <SimpleData name="Plantado">SI</SimpleData>
            <SimpleData name="Fecha_Plan">2026/06/26</SimpleData>
            <SimpleData name="Jornales">0.00000000000</SimpleData>
            <SimpleData name="Monto">0.00000000000</SimpleData>
            <SimpleData name="Grupo_de_p">D-GN-XX-XX-XX</SimpleData>
            <SimpleData name="Estado_del">Activo</SimpleData>
            <SimpleData name="Empresa">Unique Wood Paraguay SA</SimpleData>
            <SimpleData name="Lote">D</SimpleData>
            <SimpleData name="Parametro">0.00000000000</SimpleData>
            <SimpleData name="Sup_SIG">0.74120687578</SimpleData>
            <SimpleData name="X">-56.13448885000</SimpleData>
            <SimpleData name="Y">-25.01663425000</SimpleData>
            <SimpleData name="cedula">1608835</SimpleData>
            <SimpleData name="Cédula_1">1608835.00000000000</SimpleData>
            <SimpleData name="Estado_d_1">Activo</SimpleData>
            <SimpleData name="OBJECTID_1">5650</SimpleData>
            <SimpleData name="Shape_Leng">392.04709960300</SimpleData>
            <SimpleData name="Shape_Area">7412.06875775000</SimpleData>
          </SchemaData>
        </ExtendedData>
        <Polygon>
          <outerBoundaryIs>
            <LinearRing>
              <coordinates>
                -56.1342910936682,-25.0172521427696,0
                -56.134817499826,-25.0173031999244,0
                -56.1346632997762,-25.0159494005369,0
                -56.1341660861891,-25.0160189270909,0
                -56.1342910936682,-25.0172521427696,0
              </coordinates>
            </LinearRing>
          </outerBoundaryIs>
        </Polygon>
      </Placemark>
      <Placemark id="Lote_D.213">
        <ExtendedData>
          <SchemaData schemaUrl="#Lote_D.schema">
            <SimpleData name="Cédula">2666509.00000000000</SimpleData>
            <SimpleData name="Nombres_y_">PETRONIO BERNAL FRANCO</SimpleData>
            <SimpleData name="Sexo">Hombre</SimpleData>
            <SimpleData name="Cambio_de_">NO</SimpleData>
            <SimpleData name="Titular_se">NO</SimpleData>
            <SimpleData name="ci_UNIF">2666509.00000000000</SimpleData>
            <SimpleData name="Situación">NO</SimpleData>
            <SimpleData name="Comunidad">Campesina</SimpleData>
            <SimpleData name="Modelo_imp">Modelo 5</SimpleData>
            <SimpleData name="Departamen">CAAGUAZU</SimpleData>
            <SimpleData name="Distrito">CARAYAO</SimpleData>
            <SimpleData name="Localidad">SANTA CATALINA</SimpleData>
            <SimpleData name="Teléfono">0985458296</SimpleData>
            <SimpleData name="Vivienda_L">-25.16508500000</SimpleData>
            <SimpleData name="Vivienda_1">-56.31292000000</SimpleData>
            <SimpleData name="Superficie">0.70000000000</SimpleData>
            <SimpleData name="Situaci_1">Par?metro</SimpleData>
            <SimpleData name="Plantado">SI</SimpleData>
            <SimpleData name="Fecha_Plan">2026/06/26</SimpleData>
            <SimpleData name="Jornales">0.00000000000</SimpleData>
            <SimpleData name="Monto">0.00000000000</SimpleData>
            <SimpleData name="Grupo_de_p">D-GN-XX-XX-XX</SimpleData>
            <SimpleData name="Estado_del">Activo</SimpleData>
            <SimpleData name="Empresa">Unique Wood Paraguay SA</SimpleData>
            <SimpleData name="Lote">D</SimpleData>
            <SimpleData name="Parametro">0.00000000000</SimpleData>
            <SimpleData name="Sup_SIG">0.77653768344</SimpleData>
            <SimpleData name="X">-56.28659529000</SimpleData>
            <SimpleData name="Y">-25.17280850000</SimpleData>
            <SimpleData name="cedula">2666509</SimpleData>
            <SimpleData name="Cédula_1">2666509.00000000000</SimpleData>
            <SimpleData name="Estado_d_1">Activo</SimpleData>
            <SimpleData name="OBJECTID_1">5789</SimpleData>
            <SimpleData name="Shape_Leng">365.86467952600</SimpleData>
            <SimpleData name="Shape_Area">7765.37683440000</SimpleData>
          </SchemaData>
        </ExtendedData>
        <Polygon>
          <outerBoundaryIs>
            <LinearRing>
              <coordinates>
                -56.2861889987846,-25.1723465995027,0
                -56.2863406996921,-25.1733655997847,0
                -56.2870161992938,-25.1732773995798,0
                -56.2868246990881,-25.1722277999493,0
                -56.2861889987846,-25.1723465995027,0
              </coordinates>
            </LinearRing>
          </outerBoundaryIs>
        </Polygon>
      </Placemark>
      <Placemark id="Lote_D.214">
        <ExtendedData>
          <SchemaData schemaUrl="#Lote_D.schema">
            <SimpleData name="Cédula">2899262.00000000000</SimpleData>
            <SimpleData name="Nombres_y_">MARTA AMARILLA TYKUARAGI</SimpleData>
            <SimpleData name="Sexo">Mujer</SimpleData>
            <SimpleData name="Cambio_de_">NO</SimpleData>
            <SimpleData name="Titular_se">NO</SimpleData>
            <SimpleData name="ci_UNIF">2899262.00000000000</SimpleData>
            <SimpleData name="Situación">NO</SimpleData>
            <SimpleData name="Comunidad">Ind?gena</SimpleData>
            <SimpleData name="Modelo_imp">Modelo 5</SimpleData>
            <SimpleData name="Departamen">CAAGUAZU</SimpleData>
            <SimpleData name="Distrito">SAN JOAQUIN</SimpleData>
            <SimpleData name="Localidad">COM INDIG CERRO MOROTI</SimpleData>
            <SimpleData name="Teléfono">ND</SimpleData>
            <SimpleData name="Vivienda_L">-25.01669060000</SimpleData>
            <SimpleData name="Vivienda_1">-56.14025390000</SimpleData>
            <SimpleData name="Superficie">0.70000000000</SimpleData>
            <SimpleData name="Situaci_1">Par?metro</SimpleData>
            <SimpleData name="Plantado">SI</SimpleData>
            <SimpleData name="Fecha_Plan">2026/06/26</SimpleData>
            <SimpleData name="Jornales">0.00000000000</SimpleData>
            <SimpleData name="Monto">0.00000000000</SimpleData>
            <SimpleData name="Grupo_de_p">D-GN-XX-XX-XX</SimpleData>
            <SimpleData name="Estado_del">Activo</SimpleData>
            <SimpleData name="Empresa">Unique Wood Paraguay SA</SimpleData>
            <SimpleData name="Lote">D</SimpleData>
            <SimpleData name="Parametro">0.00000000000</SimpleData>
            <SimpleData name="Sup_SIG">0.71178318036</SimpleData>
            <SimpleData name="X">-56.13569168000</SimpleData>
            <SimpleData name="Y">-25.01164766000</SimpleData>
            <SimpleData name="cedula">2899262</SimpleData>
            <SimpleData name="Cédula_1">2899262.00000000000</SimpleData>
            <SimpleData name="Estado_d_1">Activo</SimpleData>
            <SimpleData name="OBJECTID_1">5665</SimpleData>
            <SimpleData name="Shape_Leng">339.42665286900</SimpleData>
            <SimpleData name="Shape_Area">7117.83180361000</SimpleData>
          </SchemaData>
        </ExtendedData>
        <Polygon>
          <outerBoundaryIs>
            <LinearRing>
              <coordinates>
                -56.1360732448734,-25.011326996056,0
                -56.1360569996723,-25.0111702998413,0
                -56.1360613366873,-25.0111693940025,0
                -56.1360612995075,-25.0111689007259,0
                -56.1352049995878,-25.0113751004924,0
                -56.1353783992543,-25.0121218005547,0
                -56.1361212995244,-25.0119630001231,0
                -56.1360732448734,-25.011326996056,0
              </coordinates>
            </LinearRing>
          </outerBoundaryIs>
        </Polygon>
      </Placemark>
      <Placemark id="Lote_D.215">
        <ExtendedData>
          <SchemaData schemaUrl="#Lote_D.schema">
            <SimpleData name="Cédula">3681779.00000000000</SimpleData>
            <SimpleData name="Nombres_y_">ROSA YSABEL RUIZ DIAZ AGUILAR</SimpleData>
            <SimpleData name="Sexo">Mujer</SimpleData>
            <SimpleData name="Cambio_de_">NO</SimpleData>
            <SimpleData name="Titular_se">NO</SimpleData>
            <SimpleData name="ci_UNIF">3681779.00000000000</SimpleData>
            <SimpleData name="Situación">NO</SimpleData>
            <SimpleData name="Comunidad">Campesina</SimpleData>
            <SimpleData name="Modelo_imp">Modelo 5</SimpleData>
            <SimpleData name="Departamen">CAAGUAZU</SimpleData>
            <SimpleData name="Distrito">CARAYAO</SimpleData>
            <SimpleData name="Localidad">SANTA CATALINA</SimpleData>
            <SimpleData name="Teléfono">0975319520</SimpleData>
            <SimpleData name="Vivienda_L">-25.16826190000</SimpleData>
            <SimpleData name="Vivienda_1">-56.31354550000</SimpleData>
            <SimpleData name="Superficie">0.70000000000</SimpleData>
            <SimpleData name="Situaci_1">Par?metro</SimpleData>
            <SimpleData name="Plantado">SI</SimpleData>
            <SimpleData name="Fecha_Plan">2026/06/26</SimpleData>
            <SimpleData name="Jornales">0.00000000000</SimpleData>
            <SimpleData name="Monto">0.00000000000</SimpleData>
            <SimpleData name="Grupo_de_p">D-GN-XX-XX-XX</SimpleData>
            <SimpleData name="Estado_del">Activo</SimpleData>
            <SimpleData name="Empresa">Unique Wood Paraguay SA</SimpleData>
            <SimpleData name="Lote">D</SimpleData>
            <SimpleData name="Parametro">0.00000000000</SimpleData>
            <SimpleData name="Sup_SIG">0.72974205789</SimpleData>
            <SimpleData name="X">-56.28681901000</SimpleData>
            <SimpleData name="Y">-25.17388606000</SimpleData>
            <SimpleData name="cedula">3681779</SimpleData>
            <SimpleData name="Cédula_1">3681779.00000000000</SimpleData>
            <SimpleData name="Estado_d_1">Activo</SimpleData>
            <SimpleData name="OBJECTID_1">5790</SimpleData>
            <SimpleData name="Shape_Leng">363.63928941700</SimpleData>
            <SimpleData name="Shape_Area">7297.42057888000</SimpleData>
          </SchemaData>
        </ExtendedData>
        <Polygon>
          <outerBoundaryIs>
            <LinearRing>
              <coordinates>
                -56.286403699741,-25.1734003997839,0
                -56.2866641988792,-25.1745100993302,0
                -56.2872174993353,-25.1743486008032,0
                -56.2870086003252,-25.1733043007535,0
                -56.286403699741,-25.1734003997839,0
              </coordinates>
            </LinearRing>
          </outerBoundaryIs>
        </Polygon>
      </Placemark>
      <Placemark id="Lote_D.216">
        <ExtendedData>
          <SchemaData schemaUrl="#Lote_D.schema">
            <SimpleData name="Cédula">3858814.00000000000</SimpleData>
            <SimpleData name="Nombres_y_">FABIANA MEDINA ORTIZ</SimpleData>
            <SimpleData name="Sexo">Mujer</SimpleData>
            <SimpleData name="Cambio_de_">NO</SimpleData>
            <SimpleData name="Titular_se">NO</SimpleData>
            <SimpleData name="ci_UNIF">3858814.00000000000</SimpleData>
            <SimpleData name="Situación">NO</SimpleData>
            <SimpleData name="Comunidad">Ind?gena</SimpleData>
            <SimpleData name="Modelo_imp">Modelo 5</SimpleData>
            <SimpleData name="Departamen">CAAGUAZU</SimpleData>
            <SimpleData name="Distrito">SAN JOAQUIN</SimpleData>
            <SimpleData name="Localidad">COM INDIG CERRO MOROTI</SimpleData>
            <SimpleData name="Teléfono">0986813272</SimpleData>
            <SimpleData name="Vivienda_L">-25.01436060000</SimpleData>
            <SimpleData name="Vivienda_1">-56.13898700000</SimpleData>
            <SimpleData name="Superficie">0.70000000000</SimpleData>
            <SimpleData name="Situaci_1">Par?metro</SimpleData>
            <SimpleData name="Plantado">SI</SimpleData>
            <SimpleData name="Fecha_Plan">2026/06/23</SimpleData>
            <SimpleData name="Jornales">0.00000000000</SimpleData>
            <SimpleData name="Monto">0.00000000000</SimpleData>
            <SimpleData name="Grupo_de_p">D-GN-XX-XX-XX</SimpleData>
            <SimpleData name="Estado_del">Activo</SimpleData>
            <SimpleData name="Empresa">Unique Wood Paraguay SA</SimpleData>
            <SimpleData name="Lote">D</SimpleData>
            <SimpleData name="Parametro">0.00000000000</SimpleData>
            <SimpleData name="Sup_SIG">0.70229105444</SimpleData>
            <SimpleData name="X">-56.13752701000</SimpleData>
            <SimpleData name="Y">-25.01417498000</SimpleData>
            <SimpleData name="cedula">3858814</SimpleData>
            <SimpleData name="Cédula_1">3858814.00000000000</SimpleData>
            <SimpleData name="Estado_d_1">Activo</SimpleData>
            <SimpleData name="OBJECTID_1">5713</SimpleData>
            <SimpleData name="Shape_Leng">483.26228098800</SimpleData>
            <SimpleData name="Shape_Area">7022.91054437000</SimpleData>
          </SchemaData>
        </ExtendedData>
        <Polygon>
          <outerBoundaryIs>
            <LinearRing>
              <coordinates>
                -56.1364974991555,-25.0139477997096,0
                -56.1364452997427,-25.0142763995059,0
                -56.1370011002096,-25.0142238003721,0
                -56.1383853988939,-25.0144815003017,0
                -56.1384864995863,-25.014073199779,0
                -56.1364974991555,-25.0139477997096,0
              </coordinates>
            </LinearRing>
          </outerBoundaryIs>
        </Polygon>
      </Placemark>
      <Placemark id="Lote_D.217">
        <ExtendedData>
          <SchemaData schemaUrl="#Lote_D.schema">
            <SimpleData name="Cédula">4638481.00000000000</SimpleData>
            <SimpleData name="Nombres_y_">VICTORIANO GODOY SANTOS</SimpleData>
            <SimpleData name="Sexo">Hombre</SimpleData>
            <SimpleData name="Cambio_de_">NO</SimpleData>
            <SimpleData name="Titular_se">NO</SimpleData>
            <SimpleData name="ci_UNIF">4638481.00000000000</SimpleData>
            <SimpleData name="Situación">NO</SimpleData>
            <SimpleData name="Comunidad">Ind?gena</SimpleData>
            <SimpleData name="Modelo_imp">Modelo 1</SimpleData>
            <SimpleData name="Departamen">CAAGUAZU</SimpleData>
            <SimpleData name="Distrito">SAN JOAQUIN</SimpleData>
            <SimpleData name="Localidad">COM INDIG CERRO MOROTI</SimpleData>
            <SimpleData name="Teléfono">ND</SimpleData>
            <SimpleData name="Vivienda_L">-25.01385090000</SimpleData>
            <SimpleData name="Vivienda_1">-56.13912730000</SimpleData>
            <SimpleData name="Superficie">0.80000000000</SimpleData>
            <SimpleData name="Situaci_1">Par?metro</SimpleData>
            <SimpleData name="Plantado">SI</SimpleData>
            <SimpleData name="Fecha_Plan">2026/06/23</SimpleData>
            <SimpleData name="Jornales">0.00000000000</SimpleData>
            <SimpleData name="Monto">0.00000000000</SimpleData>
            <SimpleData name="Grupo_de_p">D-GN-XX-XX-XX</SimpleData>
            <SimpleData name="Estado_del">Activo</SimpleData>
            <SimpleData name="Empresa">Unique Wood Paraguay SA</SimpleData>
            <SimpleData name="Lote">D</SimpleData>
            <SimpleData name="Parametro">0.00000000000</SimpleData>
            <SimpleData name="Sup_SIG">0.92080414410</SimpleData>
            <SimpleData name="X">-56.13787532000</SimpleData>
            <SimpleData name="Y">-25.01369994000</SimpleData>
            <SimpleData name="cedula">4638481</SimpleData>
            <SimpleData name="Cédula_1">4638481.00000000000</SimpleData>
            <SimpleData name="Estado_d_1">Activo</SimpleData>
            <SimpleData name="OBJECTID_1">5660</SimpleData>
            <SimpleData name="Shape_Leng">401.56879886600</SimpleData>
            <SimpleData name="Shape_Area">9208.04144097000</SimpleData>
          </SchemaData>
        </ExtendedData>
        <Polygon>
          <outerBoundaryIs>
            <LinearRing>
              <coordinates>
                -56.1385976861547,-25.013556383089,0
                -56.1378594998845,-25.0133559001609,0
                -56.1375262004348,-25.0133186999322,0
                -56.1375262024546,-25.0133172758475,0
                -56.1372359988403,-25.0132948006857,0
                -56.1372581994622,-25.0135945008262,0
                -56.1372581994879,-25.0139855005612,0
                -56.138522898908,-25.0140572995062,0
                -56.1385976861547,-25.013556383089,0
              </coordinates>
            </LinearRing>
          </outerBoundaryIs>
        </Polygon>
      </Placemark>
      <Placemark id="Lote_D.218">
        <ExtendedData>
          <SchemaData schemaUrl="#Lote_D.schema">
            <SimpleData name="Cédula">4767527.00000000000</SimpleData>
            <SimpleData name="Nombres_y_">JULIA ANDRESA SANDOVAL MENDEZ</SimpleData>
            <SimpleData name="Sexo">Mujer</SimpleData>
            <SimpleData name="Cambio_de_">NO</SimpleData>
            <SimpleData name="Titular_se">NO</SimpleData>
            <SimpleData name="ci_UNIF">4767527.00000000000</SimpleData>
            <SimpleData name="Situación">NO</SimpleData>
            <SimpleData name="Comunidad">Campesina</SimpleData>
            <SimpleData name="Modelo_imp">Modelo 5</SimpleData>
            <SimpleData name="Departamen">CAAGUAZU</SimpleData>
            <SimpleData name="Distrito">CARAYAO</SimpleData>
            <SimpleData name="Localidad">CALLE 14 MIL</SimpleData>
            <SimpleData name="Teléfono">0975250432</SimpleData>
            <SimpleData name="Vivienda_L">-25.18913200000</SimpleData>
            <SimpleData name="Vivienda_1">-56.22647920000</SimpleData>
            <SimpleData name="Superficie">0.70000000000</SimpleData>
            <SimpleData name="Situaci_1">Par?metro</SimpleData>
            <SimpleData name="Plantado">SI</SimpleData>
            <SimpleData name="Fecha_Plan">2026/06/26</SimpleData>
            <SimpleData name="Jornales">0.00000000000</SimpleData>
            <SimpleData name="Monto">0.00000000000</SimpleData>
            <SimpleData name="Grupo_de_p">D-GN-XX-XX-XX</SimpleData>
            <SimpleData name="Estado_del">Activo</SimpleData>
            <SimpleData name="Empresa">Unique Wood Paraguay SA</SimpleData>
            <SimpleData name="Lote">D</SimpleData>
            <SimpleData name="Parametro">0.00000000000</SimpleData>
            <SimpleData name="Sup_SIG">0.71896037559</SimpleData>
            <SimpleData name="X">-56.22656949000</SimpleData>
            <SimpleData name="Y">-25.18646302000</SimpleData>
            <SimpleData name="cedula">4767527</SimpleData>
            <SimpleData name="Cédula_1">4767527.00000000000</SimpleData>
            <SimpleData name="Estado_d_1">Activo</SimpleData>
            <SimpleData name="OBJECTID_1">5777</SimpleData>
            <SimpleData name="Shape_Leng">339.52024332900</SimpleData>
            <SimpleData name="Shape_Area">7189.60375585000</SimpleData>
          </SchemaData>
        </ExtendedData>
        <Polygon>
          <outerBoundaryIs>
            <LinearRing>
              <coordinates>
                -56.2261305992767,-25.1861019000674,0
                -56.2261862997789,-25.1868629999392,0
                -56.2269882003724,-25.1868588008558,0
                -56.2269529001494,-25.1860370001975,0
                -56.2261305992767,-25.1861019000674,0
              </coordinates>
            </LinearRing>
          </outerBoundaryIs>
        </Polygon>
      </Placemark>
      <Placemark id="Lote_D.219">
        <ExtendedData>
          <SchemaData schemaUrl="#Lote_D.schema">
            <SimpleData name="Cédula">5792489.00000000000</SimpleData>
            <SimpleData name="Nombres_y_">VICTORIANA JANAGI</SimpleData>
            <SimpleData name="Sexo">Mujer</SimpleData>
            <SimpleData name="Cambio_de_">NO</SimpleData>
            <SimpleData name="Titular_se">NO</SimpleData>
            <SimpleData name="ci_UNIF">5792489.00000000000</SimpleData>
            <SimpleData name="Situación">NO</SimpleData>
            <SimpleData name="Comunidad">Ind?gena</SimpleData>
            <SimpleData name="Modelo_imp">Modelo 5</SimpleData>
            <SimpleData name="Departamen">CAAGUAZU</SimpleData>
            <SimpleData name="Distrito">SAN JOAQUIN</SimpleData>
            <SimpleData name="Localidad">COM INDIG CERRO MOROTI</SimpleData>
            <SimpleData name="Teléfono">0983869819</SimpleData>
            <SimpleData name="Vivienda_L">-25.01749030000</SimpleData>
            <SimpleData name="Vivienda_1">-56.13761350000</SimpleData>
            <SimpleData name="Superficie">0.70000000000</SimpleData>
            <SimpleData name="Situaci_1">Par?metro</SimpleData>
            <SimpleData name="Plantado">SI</SimpleData>
            <SimpleData name="Fecha_Plan">2026/06/26</SimpleData>
            <SimpleData name="Jornales">0.00000000000</SimpleData>
            <SimpleData name="Monto">0.00000000000</SimpleData>
            <SimpleData name="Grupo_de_p">D-GN-XX-XX-XX</SimpleData>
            <SimpleData name="Estado_del">Activo</SimpleData>
            <SimpleData name="Empresa">Unique Wood Paraguay SA</SimpleData>
            <SimpleData name="Lote">D</SimpleData>
            <SimpleData name="Parametro">0.00000000000</SimpleData>
            <SimpleData name="Sup_SIG">0.81667216537</SimpleData>
            <SimpleData name="X">-56.13673364000</SimpleData>
            <SimpleData name="Y">-25.01649889000</SimpleData>
            <SimpleData name="cedula">5792489</SimpleData>
            <SimpleData name="Cédula_1">5792489.00000000000</SimpleData>
            <SimpleData name="Estado_d_1">Activo</SimpleData>
            <SimpleData name="OBJECTID_1">5649</SimpleData>
            <SimpleData name="Shape_Leng">374.17489238000</SimpleData>
            <SimpleData name="Shape_Area">8166.72165367000</SimpleData>
          </SchemaData>
        </ExtendedData>
        <Polygon>
          <outerBoundaryIs>
            <LinearRing>
              <coordinates>
                -56.136818199463,-25.0161185994363,0
                -56.1366391998837,-25.0162074000801,0
                -56.1362105999376,-25.0161989000679,0
                -56.1360153384673,-25.0166001253224,0
                -56.1370730003691,-25.0169853994065,0
                -56.1373739000312,-25.0162250005638,0
                -56.136818199463,-25.0161185994363,0
              </coordinates>
            </LinearRing>
          </outerBoundaryIs>
        </Polygon>
      </Placemark>
      <Placemark id="Lote_D.220">
        <ExtendedData>
          <SchemaData schemaUrl="#Lote_D.schema">
            <SimpleData name="Cédula">5813085.00000000000</SimpleData>
            <SimpleData name="Nombres_y_">GUSTAVO MBECHINGI JAKUGI ACHIPURAGI</SimpleData>
            <SimpleData name="Sexo">Hombre</SimpleData>
            <SimpleData name="Cambio_de_">NO</SimpleData>
            <SimpleData name="Titular_se">NO</SimpleData>
            <SimpleData name="ci_UNIF">5813085.00000000000</SimpleData>
            <SimpleData name="Situación">NO</SimpleData>
            <SimpleData name="Comunidad">Ind?gena</SimpleData>
            <SimpleData name="Modelo_imp">Modelo 6</SimpleData>
            <SimpleData name="Departamen">CAAGUAZU</SimpleData>
            <SimpleData name="Distrito">SAN JOAQUIN</SimpleData>
            <SimpleData name="Localidad">COM INDIG CERRO MOROTI</SimpleData>
            <SimpleData name="Teléfono">ND</SimpleData>
            <SimpleData name="Vivienda_L">-25.01515520000</SimpleData>
            <SimpleData name="Vivienda_1">-56.13926110000</SimpleData>
            <SimpleData name="Superficie">0.90000000000</SimpleData>
            <SimpleData name="Situaci_1">Par?metro</SimpleData>
            <SimpleData name="Plantado">SI</SimpleData>
            <SimpleData name="Fecha_Plan">2026/06/26</SimpleData>
            <SimpleData name="Jornales">0.00000000000</SimpleData>
            <SimpleData name="Monto">0.00000000000</SimpleData>
            <SimpleData name="Grupo_de_p">D-GN-XX-XX-XX</SimpleData>
            <SimpleData name="Estado_del">Activo</SimpleData>
            <SimpleData name="Empresa">Unique Wood Paraguay SA</SimpleData>
            <SimpleData name="Lote">D</SimpleData>
            <SimpleData name="Parametro">0.00000000000</SimpleData>
            <SimpleData name="Sup_SIG">0.98310828295</SimpleData>
            <SimpleData name="X">-56.13780223000</SimpleData>
            <SimpleData name="Y">-25.01225000000</SimpleData>
            <SimpleData name="cedula">5813085</SimpleData>
            <SimpleData name="Cédula_1">5813085.00000000000</SimpleData>
            <SimpleData name="Estado_d_1">Activo</SimpleData>
            <SimpleData name="OBJECTID_1">5669</SimpleData>
            <SimpleData name="Shape_Leng">409.34085435900</SimpleData>
            <SimpleData name="Shape_Area">9831.08282951000</SimpleData>
          </SchemaData>
        </ExtendedData>
        <Polygon>
          <outerBoundaryIs>
            <LinearRing>
              <coordinates>
                -56.1380423169347,-25.0127766221925,0
                -56.1383355149087,-25.0127579804686,0
                -56.1383760991151,-25.0127553999532,0
                -56.138015199267,-25.0116658998921,0
                -56.1372655995287,-25.0117316992737,0
                -56.1375361989219,-25.0128087995816,0
                -56.1380423169347,-25.0127766221925,0
              </coordinates>
            </LinearRing>
          </outerBoundaryIs>
        </Polygon>
      </Placemark>
      <Placemark id="Lote_D.221">
        <ExtendedData>
          <SchemaData schemaUrl="#Lote_D.schema">
            <SimpleData name="Cédula">5813087.00000000000</SimpleData>
            <SimpleData name="Nombres_y_">TIMOTEO NAMBUGI RAMIREZ MIRANDA</SimpleData>
            <SimpleData name="Sexo">Hombre</SimpleData>
            <SimpleData name="Cambio_de_">NO</SimpleData>
            <SimpleData name="Titular_se">NO</SimpleData>
            <SimpleData name="ci_UNIF">5813087.00000000000</SimpleData>
            <SimpleData name="Situación">NO</SimpleData>
            <SimpleData name="Comunidad">Ind?gena</SimpleData>
            <SimpleData name="Modelo_imp">Modelo 5</SimpleData>
            <SimpleData name="Departamen">CAAGUAZU</SimpleData>
            <SimpleData name="Distrito">SAN JOAQUIN</SimpleData>
            <SimpleData name="Localidad">COM INDIG CERRO MOROTI</SimpleData>
            <SimpleData name="Teléfono">0983465862</SimpleData>
            <SimpleData name="Vivienda_L">-25.01676580000</SimpleData>
            <SimpleData name="Vivienda_1">-56.13803800000</SimpleData>
            <SimpleData name="Superficie">0.70000000000</SimpleData>
            <SimpleData name="Situaci_1">Par?metro</SimpleData>
            <SimpleData name="Plantado">SI</SimpleData>
            <SimpleData name="Fecha_Plan">2026/06/26</SimpleData>
            <SimpleData name="Jornales">0.00000000000</SimpleData>
            <SimpleData name="Monto">0.00000000000</SimpleData>
            <SimpleData name="Grupo_de_p">D-GN-XX-XX-XX</SimpleData>
            <SimpleData name="Estado_del">Activo</SimpleData>
            <SimpleData name="Empresa">Unique Wood Paraguay SA</SimpleData>
            <SimpleData name="Lote">D</SimpleData>
            <SimpleData name="Parametro">0.00000000000</SimpleData>
            <SimpleData name="Sup_SIG">0.74091636436</SimpleData>
            <SimpleData name="X">-56.13479046000</SimpleData>
            <SimpleData name="Y">-25.01926755000</SimpleData>
            <SimpleData name="cedula">5813087</SimpleData>
            <SimpleData name="Cédula_1">5813087.00000000000</SimpleData>
            <SimpleData name="Estado_d_1">Activo</SimpleData>
            <SimpleData name="OBJECTID_1">5662</SimpleData>
            <SimpleData name="Shape_Leng">557.01956039400</SimpleData>
            <SimpleData name="Shape_Area">7409.16364359000</SimpleData>
          </SchemaData>
        </ExtendedData>
        <MultiGeometry>
          <Polygon>
            <outerBoundaryIs>
              <LinearRing>
                <coordinates>
                  -56.1348739215381,-25.0197419991858,0
                  -56.1348380001548,-25.0195243994613,0
                  -56.1337810998413,-25.0194499997429,0
                  -56.1337082238624,-25.0196386274609,0
                  -56.1348739215381,-25.0197419991858,0
                </coordinates>
              </LinearRing>
            </outerBoundaryIs>
          </Polygon>
          <Polygon>
            <outerBoundaryIs>
              <LinearRing>
                <coordinates>
                  -56.1347635002729,-25.0195143999936,0
                  -56.1353697008223,-25.0194255999295,0
                  -56.135335537559,-25.0190812669996,0
                  -56.1353290996168,-25.0190922999288,0
                  -56.1353136983596,-25.0188611439867,0
                  -56.1353008431081,-25.018731577737,0
                  -56.1350399364661,-25.0186995580435,0
                  -56.1347597000066,-25.0187124004228,0
                  -56.1347635002729,-25.0195143999936,0
                </coordinates>
              </LinearRing>
            </outerBoundaryIs>
          </Polygon>
        </MultiGeometry>
      </Placemark>
      <Placemark id="Lote_D.222">
        <ExtendedData>
          <SchemaData schemaUrl="#Lote_D.schema">
            <SimpleData name="Cédula">5813089.00000000000</SimpleData>
            <SimpleData name="Nombres_y_">ABELINA KUNEGI BRITEZ</SimpleData>
            <SimpleData name="Sexo">Mujer</SimpleData>
            <SimpleData name="Cambio_de_">NO</SimpleData>
            <SimpleData name="Titular_se">NO</SimpleData>
            <SimpleData name="ci_UNIF">5813089.00000000000</SimpleData>
            <SimpleData name="Situación">NO</SimpleData>
            <SimpleData name="Comunidad">Ind?gena</SimpleData>
            <SimpleData name="Modelo_imp">Modelo 5</SimpleData>
            <SimpleData name="Departamen">CAAGUAZU</SimpleData>
            <SimpleData name="Distrito">SAN JOAQUIN</SimpleData>
            <SimpleData name="Localidad">COM INDIG CERRO MOROTI</SimpleData>
            <SimpleData name="Teléfono">0982217993</SimpleData>
            <SimpleData name="Vivienda_L">-25.01678820000</SimpleData>
            <SimpleData name="Vivienda_1">-56.14048460000</SimpleData>
            <SimpleData name="Superficie">0.70000000000</SimpleData>
            <SimpleData name="Situaci_1">Par?metro</SimpleData>
            <SimpleData name="Plantado">SI</SimpleData>
            <SimpleData name="Fecha_Plan">2026/06/26</SimpleData>
            <SimpleData name="Jornales">0.00000000000</SimpleData>
            <SimpleData name="Monto">0.00000000000</SimpleData>
            <SimpleData name="Grupo_de_p">D-GN-XX-XX-XX</SimpleData>
            <SimpleData name="Estado_del">Activo</SimpleData>
            <SimpleData name="Empresa">Unique Wood Paraguay SA</SimpleData>
            <SimpleData name="Lote">D</SimpleData>
            <SimpleData name="Parametro">0.00000000000</SimpleData>
            <SimpleData name="Sup_SIG">0.71049043844</SimpleData>
            <SimpleData name="X">-56.13651545000</SimpleData>
            <SimpleData name="Y">-25.01144519000</SimpleData>
            <SimpleData name="cedula">5813089</SimpleData>
            <SimpleData name="Cédula_1">5813089.00000000000</SimpleData>
            <SimpleData name="Estado_d_1">Activo</SimpleData>
            <SimpleData name="OBJECTID_1">5666</SimpleData>
            <SimpleData name="Shape_Leng">341.92292234000</SimpleData>
            <SimpleData name="Shape_Area">7104.90438439000</SimpleData>
          </SchemaData>
        </ExtendedData>
        <Polygon>
          <outerBoundaryIs>
            <LinearRing>
              <coordinates>
                -56.1360613366873,-25.0111693940025,0
                -56.1360569996723,-25.0111702998413,0
                -56.1360732448734,-25.011326996056,0
                -56.1361303999194,-25.0118782998495,0
                -56.1368552995045,-25.011821100684,0
                -56.1369795998124,-25.0109776995181,0
                -56.1360613366873,-25.0111693940025,0
              </coordinates>
            </LinearRing>
          </outerBoundaryIs>
        </Polygon>
      </Placemark>
      <Placemark id="Lote_D.223">
        <ExtendedData>
          <SchemaData schemaUrl="#Lote_D.schema">
            <SimpleData name="Cédula">6175667.00000000000</SimpleData>
            <SimpleData name="Nombres_y_">ZUNI NAMBUGI MIRANDA BRITEZ</SimpleData>
            <SimpleData name="Sexo">Mujer</SimpleData>
            <SimpleData name="Cambio_de_">NO</SimpleData>
            <SimpleData name="Titular_se">NO</SimpleData>
            <SimpleData name="ci_UNIF">6175667.00000000000</SimpleData>
            <SimpleData name="Situación">NO</SimpleData>
            <SimpleData name="Comunidad">Ind?gena</SimpleData>
            <SimpleData name="Modelo_imp">Modelo 5</SimpleData>
            <SimpleData name="Departamen">CAAGUAZU</SimpleData>
            <SimpleData name="Distrito">SAN JOAQUIN</SimpleData>
            <SimpleData name="Localidad">COM INDIG CERRO MOROTI</SimpleData>
            <SimpleData name="Teléfono">987166106</SimpleData>
            <SimpleData name="Vivienda_L">-25.01277880000</SimpleData>
            <SimpleData name="Vivienda_1">-56.13913160000</SimpleData>
            <SimpleData name="Superficie">0.70000000000</SimpleData>
            <SimpleData name="Situaci_1">Par?metro</SimpleData>
            <SimpleData name="Plantado">SI</SimpleData>
            <SimpleData name="Fecha_Plan">2026/06/26</SimpleData>
            <SimpleData name="Jornales">0.00000000000</SimpleData>
            <SimpleData name="Monto">0.00000000000</SimpleData>
            <SimpleData name="Grupo_de_p">D-GN-XX-XX-XX</SimpleData>
            <SimpleData name="Estado_del">Activo</SimpleData>
            <SimpleData name="Empresa">Unique Wood Paraguay SA</SimpleData>
            <SimpleData name="Lote">D</SimpleData>
            <SimpleData name="Parametro">0.00000000000</SimpleData>
            <SimpleData name="Sup_SIG">0.78455008459</SimpleData>
            <SimpleData name="X">-56.13502779000</SimpleData>
            <SimpleData name="Y">-25.01666214000</SimpleData>
            <SimpleData name="cedula">6175667</SimpleData>
            <SimpleData name="Cédula_1">6175667.00000000000</SimpleData>
            <SimpleData name="Estado_d_1">Activo</SimpleData>
            <SimpleData name="OBJECTID_1">6228</SimpleData>
            <SimpleData name="Shape_Leng">407.78524144900</SimpleData>
            <SimpleData name="Shape_Area">7845.50084589000</SimpleData>
          </SchemaData>
        </ExtendedData>
        <Polygon>
          <outerBoundaryIs>
            <LinearRing>
              <coordinates>
                -56.1348410996324,-25.0172960000489,0
                -56.1353704994558,-25.0173258006491,0
                -56.1352723997224,-25.0161447997458,0
                -56.1350471989868,-25.0161426003373,0
                -56.134888900289,-25.0159224996499,0
                -56.1346737992673,-25.0159574002737,0
                -56.1348410996324,-25.0172960000489,0
              </coordinates>
            </LinearRing>
          </outerBoundaryIs>
        </Polygon>
      </Placemark>
      <Placemark id="Lote_D.224">
        <ExtendedData>
          <SchemaData schemaUrl="#Lote_D.schema">
            <SimpleData name="Cédula">6188220.00000000000</SimpleData>
            <SimpleData name="Nombres_y_">BLANCA JAVAGI</SimpleData>
            <SimpleData name="Sexo">Mujer</SimpleData>
            <SimpleData name="Cambio_de_">NO</SimpleData>
            <SimpleData name="Titular_se">NO</SimpleData>
            <SimpleData name="ci_UNIF">6188220.00000000000</SimpleData>
            <SimpleData name="Situación">NO</SimpleData>
            <SimpleData name="Comunidad">Ind?gena</SimpleData>
            <SimpleData name="Modelo_imp">Modelo 5</SimpleData>
            <SimpleData name="Departamen">CAAGUAZU</SimpleData>
            <SimpleData name="Distrito">SAN JOAQUIN</SimpleData>
            <SimpleData name="Localidad">COM INDIG CERRO MOROTI</SimpleData>
            <SimpleData name="Teléfono">986371690</SimpleData>
            <SimpleData name="Vivienda_L">-25.01697000000</SimpleData>
            <SimpleData name="Vivienda_1">-56.13980670000</SimpleData>
            <SimpleData name="Superficie">0.70000000000</SimpleData>
            <SimpleData name="Situaci_1">Par?metro</SimpleData>
            <SimpleData name="Plantado">SI</SimpleData>
            <SimpleData name="Fecha_Plan">2026/06/26</SimpleData>
            <SimpleData name="Jornales">0.00000000000</SimpleData>
            <SimpleData name="Monto">0.00000000000</SimpleData>
            <SimpleData name="Grupo_de_p">D-GN-XX-XX-XX</SimpleData>
            <SimpleData name="Estado_del">Activo</SimpleData>
            <SimpleData name="Empresa">Unique Wood Paraguay SA</SimpleData>
            <SimpleData name="Lote">D</SimpleData>
            <SimpleData name="Parametro">0.00000000000</SimpleData>
            <SimpleData name="Sup_SIG">0.74014934088</SimpleData>
            <SimpleData name="X">-56.13482707000</SimpleData>
            <SimpleData name="Y">-25.01180407000</SimpleData>
            <SimpleData name="cedula">6188220</SimpleData>
            <SimpleData name="Cédula_1">6188220.00000000000</SimpleData>
            <SimpleData name="Estado_d_1">Activo</SimpleData>
            <SimpleData name="OBJECTID_1">5791</SimpleData>
            <SimpleData name="Shape_Leng">344.66980723800</SimpleData>
            <SimpleData name="Shape_Area">7401.49340879000</SimpleData>
          </SchemaData>
        </ExtendedData>
        <Polygon>
          <outerBoundaryIs>
            <LinearRing>
              <coordinates>
                -56.1343328993775,-25.0114716002748,0
                -56.1344925994287,-25.0122805999648,0
                -56.1353515996255,-25.012066999895,0
                -56.1351688994999,-25.0113755000996,0
                -56.1343328993775,-25.0114716002748,0
              </coordinates>
            </LinearRing>
          </outerBoundaryIs>
        </Polygon>
      </Placemark>
      <Placemark id="Lote_D.225">
        <ExtendedData>
          <SchemaData schemaUrl="#Lote_D.schema">
            <SimpleData name="Cédula">6577653.00000000000</SimpleData>
            <SimpleData name="Nombres_y_">SILVIA CHACHUPURANGI</SimpleData>
            <SimpleData name="Sexo">Mujer</SimpleData>
            <SimpleData name="Cambio_de_">NO</SimpleData>
            <SimpleData name="Titular_se">NO</SimpleData>
            <SimpleData name="ci_UNIF">6577653.00000000000</SimpleData>
            <SimpleData name="Situación">NO</SimpleData>
            <SimpleData name="Comunidad">Ind?gena</SimpleData>
            <SimpleData name="Modelo_imp">Modelo 5</SimpleData>
            <SimpleData name="Departamen">CAAGUAZU</SimpleData>
            <SimpleData name="Distrito">SAN JOAQUIN</SimpleData>
            <SimpleData name="Localidad">COM INDIG CERRO MOROTI</SimpleData>
            <SimpleData name="Teléfono">0986498187</SimpleData>
            <SimpleData name="Vivienda_L">-25.01734450000</SimpleData>
            <SimpleData name="Vivienda_1">-56.14273640000</SimpleData>
            <SimpleData name="Superficie">0.70000000000</SimpleData>
            <SimpleData name="Situaci_1">Par?metro</SimpleData>
            <SimpleData name="Plantado">SI</SimpleData>
            <SimpleData name="Fecha_Plan">2026/06/26</SimpleData>
            <SimpleData name="Jornales">0.00000000000</SimpleData>
            <SimpleData name="Monto">0.00000000000</SimpleData>
            <SimpleData name="Grupo_de_p">D-GN-XX-XX-XX</SimpleData>
            <SimpleData name="Estado_del">Activo</SimpleData>
            <SimpleData name="Empresa">Unique Wood Paraguay SA</SimpleData>
            <SimpleData name="Lote">D</SimpleData>
            <SimpleData name="Parametro">0.00000000000</SimpleData>
            <SimpleData name="Sup_SIG">0.72648141083</SimpleData>
            <SimpleData name="X">-56.14173393000</SimpleData>
            <SimpleData name="Y">-25.01367788000</SimpleData>
            <SimpleData name="cedula">6577653</SimpleData>
            <SimpleData name="Cédula_1">6577653.00000000000</SimpleData>
            <SimpleData name="Estado_d_1">Activo</SimpleData>
            <SimpleData name="OBJECTID_1">5706</SimpleData>
            <SimpleData name="Shape_Leng">347.18181155400</SimpleData>
            <SimpleData name="Shape_Area">7264.81410828000</SimpleData>
          </SchemaData>
        </ExtendedData>
        <Polygon>
          <outerBoundaryIs>
            <LinearRing>
              <coordinates>
                -56.1411418000433,-25.0133821001358,0
                -56.1413354906984,-25.0140195274043,0
                -56.1422544004535,-25.014007799664,0
                -56.1421937004589,-25.0133335001559,0
                -56.1411418000433,-25.0133821001358,0
              </coordinates>
            </LinearRing>
          </outerBoundaryIs>
        </Polygon>
      </Placemark>
      <Placemark id="Lote_D.226">
        <ExtendedData>
          <SchemaData schemaUrl="#Lote_D.schema">
            <SimpleData name="Cédula">7041792.00000000000</SimpleData>
            <SimpleData name="Nombres_y_">MARIA EDELBA GUTIERREZ ORTIZ</SimpleData>
            <SimpleData name="Sexo">Mujer</SimpleData>
            <SimpleData name="Cambio_de_">NO</SimpleData>
            <SimpleData name="Titular_se">NO</SimpleData>
            <SimpleData name="ci_UNIF">7041792.00000000000</SimpleData>
            <SimpleData name="Situación">NO</SimpleData>
            <SimpleData name="Comunidad">Campesina</SimpleData>
            <SimpleData name="Modelo_imp">Modelo 5</SimpleData>
            <SimpleData name="Departamen">CAAGUAZU</SimpleData>
            <SimpleData name="Distrito">CARAYAO</SimpleData>
            <SimpleData name="Localidad">CALLE 14 MIL</SimpleData>
            <SimpleData name="Teléfono">981081175</SimpleData>
            <SimpleData name="Vivienda_L">-25.18972330000</SimpleData>
            <SimpleData name="Vivienda_1">-56.24424830000</SimpleData>
            <SimpleData name="Superficie">0.70000000000</SimpleData>
            <SimpleData name="Situaci_1">Par?metro</SimpleData>
            <SimpleData name="Plantado">SI</SimpleData>
            <SimpleData name="Fecha_Plan">2026/06/26</SimpleData>
            <SimpleData name="Jornales">0.00000000000</SimpleData>
            <SimpleData name="Monto">0.00000000000</SimpleData>
            <SimpleData name="Grupo_de_p">D-GN-XX-XX-XX</SimpleData>
            <SimpleData name="Estado_del">Activo</SimpleData>
            <SimpleData name="Empresa">Unique Wood Paraguay SA</SimpleData>
            <SimpleData name="Lote">D</SimpleData>
            <SimpleData name="Parametro">0.00000000000</SimpleData>
            <SimpleData name="Sup_SIG">0.73992106904</SimpleData>
            <SimpleData name="X">-56.25363128000</SimpleData>
            <SimpleData name="Y">-25.16932808000</SimpleData>
            <SimpleData name="cedula">7041792</SimpleData>
            <SimpleData name="Cédula_1">7041792.00000000000</SimpleData>
            <SimpleData name="Estado_d_1">Activo</SimpleData>
            <SimpleData name="OBJECTID_1">6278</SimpleData>
            <SimpleData name="Shape_Leng">445.15582878900</SimpleData>
            <SimpleData name="Shape_Area">7399.21069042000</SimpleData>
          </SchemaData>
        </ExtendedData>
        <Polygon>
          <outerBoundaryIs>
            <LinearRing>
              <coordinates>
                -56.2528455988009,-25.1694251003393,0
                -56.2528281987293,-25.169788200445,0
                -56.2542145995768,-25.1694958000611,0
                -56.2540858994176,-25.1687546005351,0
                -56.2535930999038,-25.1688834003966,0
                -56.2535646999838,-25.1693702997491,0
                -56.2528455988009,-25.1694251003393,0
              </coordinates>
            </LinearRing>
          </outerBoundaryIs>
        </Polygon>
      </Placemark>
      <Placemark id="Lote_D.227">
        <ExtendedData>
          <SchemaData schemaUrl="#Lote_D.schema">
            <SimpleData name="Cédula">7189096.00000000000</SimpleData>
            <SimpleData name="Nombres_y_">EDELSI MARILIN IRALA IRALA</SimpleData>
            <SimpleData name="Sexo">Mujer</SimpleData>
            <SimpleData name="Cambio_de_">NO</SimpleData>
            <SimpleData name="Titular_se">NO</SimpleData>
            <SimpleData name="ci_UNIF">7189096.00000000000</SimpleData>
            <SimpleData name="Situación">NO</SimpleData>
            <SimpleData name="Comunidad">Campesina</SimpleData>
            <SimpleData name="Modelo_imp">Modelo 5</SimpleData>
            <SimpleData name="Departamen">CAAGUAZU</SimpleData>
            <SimpleData name="Distrito">CARAYAO</SimpleData>
            <SimpleData name="Localidad">ARROYO HOVY</SimpleData>
            <SimpleData name="Teléfono">971472776</SimpleData>
            <SimpleData name="Vivienda_L">-25.15299680000</SimpleData>
            <SimpleData name="Vivienda_1">-56.29089880000</SimpleData>
            <SimpleData name="Superficie">0.70000000000</SimpleData>
            <SimpleData name="Situaci_1">Parametro</SimpleData>
            <SimpleData name="Plantado">SI</SimpleData>
            <SimpleData name="Fecha_Plan">2026/06/26</SimpleData>
            <SimpleData name="Jornales">0.00000000000</SimpleData>
            <SimpleData name="Monto">0.00000000000</SimpleData>
            <SimpleData name="Grupo_de_p">D-GN-XX-XX-XX</SimpleData>
            <SimpleData name="Estado_del">Activo</SimpleData>
            <SimpleData name="Empresa">Unique Wood Paraguay SA</SimpleData>
            <SimpleData name="Lote">D</SimpleData>
            <SimpleData name="Parametro">0.00000000000</SimpleData>
            <SimpleData name="Sup_SIG">0.71039118603</SimpleData>
            <SimpleData name="X">-56.22931037000</SimpleData>
            <SimpleData name="Y">-25.16504643000</SimpleData>
            <SimpleData name="cedula">7189096</SimpleData>
            <SimpleData name="Cédula_1">7189096.00000000000</SimpleData>
            <SimpleData name="Estado_d_1">Activo</SimpleData>
            <SimpleData name="OBJECTID_1">6300</SimpleData>
            <SimpleData name="Shape_Leng">444.00758232200</SimpleData>
            <SimpleData name="Shape_Area">7103.91186026000</SimpleData>
          </SchemaData>
        </ExtendedData>
        <Polygon>
          <outerBoundaryIs>
            <LinearRing>
              <coordinates>
                -56.2284162992138,-25.1648491002224,0
                -56.2284416000114,-25.1652301997069,0
                -56.2302674994987,-25.1652131000776,0
                -56.2302199993754,-25.1648922001026,0
                -56.2284162992138,-25.1648491002224,0
              </coordinates>
            </LinearRing>
          </outerBoundaryIs>
        </Polygon>
      </Placemark>
      <Placemark id="Lote_D.228">
        <ExtendedData>
          <SchemaData schemaUrl="#Lote_D.schema">
            <SimpleData name="Cédula">7669315.00000000000</SimpleData>
            <SimpleData name="Nombres_y_">JOHANNA NOEMI SARABIA PAIVA</SimpleData>
            <SimpleData name="Sexo">Mujer</SimpleData>
            <SimpleData name="Cambio_de_">NO</SimpleData>
            <SimpleData name="Titular_se">NO</SimpleData>
            <SimpleData name="ci_UNIF">7669315.00000000000</SimpleData>
            <SimpleData name="Situación">NO</SimpleData>
            <SimpleData name="Comunidad">Campesina</SimpleData>
            <SimpleData name="Modelo_imp">Modelo 5</SimpleData>
            <SimpleData name="Departamen">CAAGUAZU</SimpleData>
            <SimpleData name="Distrito">CARAYAO</SimpleData>
            <SimpleData name="Localidad"><![CDATA[PARA'I]]></SimpleData>
            <SimpleData name="Teléfono">981517298</SimpleData>
            <SimpleData name="Vivienda_L">-25.17898580000</SimpleData>
            <SimpleData name="Vivienda_1">-56.25230770000</SimpleData>
            <SimpleData name="Superficie">0.70000000000</SimpleData>
            <SimpleData name="Situaci_1">Parametro</SimpleData>
            <SimpleData name="Plantado">SI</SimpleData>
            <SimpleData name="Fecha_Plan">2026/06/26</SimpleData>
            <SimpleData name="Jornales">0.00000000000</SimpleData>
            <SimpleData name="Monto">0.00000000000</SimpleData>
            <SimpleData name="Grupo_de_p">D-GN-XX-XX-XX</SimpleData>
            <SimpleData name="Estado_del">Activo</SimpleData>
            <SimpleData name="Empresa">Unique Wood Paraguay SA</SimpleData>
            <SimpleData name="Lote">D</SimpleData>
            <SimpleData name="Parametro">0.00000000000</SimpleData>
            <SimpleData name="Sup_SIG">0.81986694625</SimpleData>
            <SimpleData name="X">-56.25176591000</SimpleData>
            <SimpleData name="Y">-25.17933335000</SimpleData>
            <SimpleData name="cedula">7669315</SimpleData>
            <SimpleData name="Cédula_1">7669315.00000000000</SimpleData>
            <SimpleData name="Estado_d_1">Activo</SimpleData>
            <SimpleData name="OBJECTID_1">6301</SimpleData>
            <SimpleData name="Shape_Leng">370.09266482300</SimpleData>
            <SimpleData name="Shape_Area">8198.66946251000</SimpleData>
          </SchemaData>
        </ExtendedData>
        <Polygon>
          <outerBoundaryIs>
            <LinearRing>
              <coordinates>
                -56.2512853999688,-25.1797127998987,0
                -56.2522285996634,-25.1797593001697,0
                -56.2522455991656,-25.179348500182,0
                -56.2521622000864,-25.1793431003009,0
                -56.2521407001088,-25.1788435998917,0
                -56.2513330995937,-25.1789632001168,0
                -56.2512853999688,-25.1797127998987,0
              </coordinates>
            </LinearRing>
          </outerBoundaryIs>
        </Polygon>
      </Placemark>
      <Placemark id="Lote_D.229">
        <ExtendedData>
          <SchemaData schemaUrl="#Lote_D.schema">
            <SimpleData name="Cédula">3915545.00000000000</SimpleData>
            <SimpleData name="Nombres_y_">MARIA NICASIA VERA FARI?A</SimpleData>
            <SimpleData name="Sexo">Mujer</SimpleData>
            <SimpleData name="Cambio_de_">NO</SimpleData>
            <SimpleData name="Titular_se">NO</SimpleData>
            <SimpleData name="ci_UNIF">3915545.00000000000</SimpleData>
            <SimpleData name="Situación">NO</SimpleData>
            <SimpleData name="Comunidad">Campesina</SimpleData>
            <SimpleData name="Modelo_imp">Modelo 5</SimpleData>
            <SimpleData name="Departamen">CAAGUAZU</SimpleData>
            <SimpleData name="Distrito">YH?</SimpleData>
            <SimpleData name="Localidad">SAN MIGUEL I</SimpleData>
            <SimpleData name="Teléfono">985549934</SimpleData>
            <SimpleData name="Vivienda_L">-25.11151330000</SimpleData>
            <SimpleData name="Vivienda_1">-55.96900500000</SimpleData>
            <SimpleData name="Superficie">0.70000000000</SimpleData>
            <SimpleData name="Situaci_1">Pol?gono</SimpleData>
            <SimpleData name="Plantado">SI</SimpleData>
            <SimpleData name="Fecha_Plan">2025/10/10</SimpleData>
            <SimpleData name="Jornales">0.00000000000</SimpleData>
            <SimpleData name="Monto">0.00000000000</SimpleData>
            <SimpleData name="Grupo_de_p">D-GN-XX-XX-XX</SimpleData>
            <SimpleData name="Estado_del">Activo</SimpleData>
            <SimpleData name="Empresa">Unique Wood Paraguay SA</SimpleData>
            <SimpleData name="Lote">D</SimpleData>
            <SimpleData name="Parametro">0.00000000000</SimpleData>
            <SimpleData name="Sup_SIG">0.83536220347</SimpleData>
            <SimpleData name="X">-55.96714797000</SimpleData>
            <SimpleData name="Y">-25.11249058000</SimpleData>
            <SimpleData name="cedula">3915545</SimpleData>
            <SimpleData name="Cédula_1">3915545.00000000000</SimpleData>
            <SimpleData name="Estado_d_1">Activo</SimpleData>
            <SimpleData name="OBJECTID_1">8810</SimpleData>
            <SimpleData name="Shape_Leng">443.07356465200</SimpleData>
            <SimpleData name="Shape_Area">8353.62203474000</SimpleData>
          </SchemaData>
        </ExtendedData>
        <Polygon>
          <outerBoundaryIs>
            <LinearRing>
              <coordinates>
                -55.966229699777,-25.1125338999417,0
                -55.9664506992002,-25.1129353996556,0
                -55.968073099113,-25.1124372004215,0
                -55.9678566989305,-25.1120499997187,0
                -55.966229699777,-25.1125338999417,0
              </coordinates>
            </LinearRing>
          </outerBoundaryIs>
        </Polygon>
      </Placemark>
      <Placemark id="Lote_D.230">
        <ExtendedData>
          <SchemaData schemaUrl="#Lote_D.schema">
            <SimpleData name="Cédula">3688140.00000000000</SimpleData>
            <SimpleData name="Nombres_y_">MIRIAN CONCEPCION NOGUERA MALDONADO</SimpleData>
            <SimpleData name="Sexo">Mujer</SimpleData>
            <SimpleData name="Cambio_de_">NO</SimpleData>
            <SimpleData name="Titular_se">NO</SimpleData>
            <SimpleData name="ci_UNIF">3688140.00000000000</SimpleData>
            <SimpleData name="Situación">NO</SimpleData>
            <SimpleData name="Comunidad">Campesina</SimpleData>
            <SimpleData name="Modelo_imp">Modelo 1</SimpleData>
            <SimpleData name="Departamen">CAAGUAZU</SimpleData>
            <SimpleData name="Distrito">YH?</SimpleData>
            <SimpleData name="Localidad">YATAITY</SimpleData>
            <SimpleData name="Teléfono">991694658</SimpleData>
            <SimpleData name="Vivienda_L">-25.06841330000</SimpleData>
            <SimpleData name="Vivienda_1">-55.99956170000</SimpleData>
            <SimpleData name="Superficie">0.80000000000</SimpleData>
            <SimpleData name="Situaci_1">Pol?gono</SimpleData>
            <SimpleData name="Plantado">SI</SimpleData>
            <SimpleData name="Fecha_Plan">2025/10/10</SimpleData>
            <SimpleData name="Jornales">0.00000000000</SimpleData>
            <SimpleData name="Monto">0.00000000000</SimpleData>
            <SimpleData name="Grupo_de_p">D-GN-XX-XX-XX</SimpleData>
            <SimpleData name="Estado_del">Activo</SimpleData>
            <SimpleData name="Empresa">Unique Wood Paraguay SA</SimpleData>
            <SimpleData name="Lote">D</SimpleData>
            <SimpleData name="Parametro">0.00000000000</SimpleData>
            <SimpleData name="Sup_SIG">0.82678755260</SimpleData>
            <SimpleData name="X">-55.99268295000</SimpleData>
            <SimpleData name="Y">-25.09117697000</SimpleData>
            <SimpleData name="cedula">3688140</SimpleData>
            <SimpleData name="Cédula_1">3688140.00000000000</SimpleData>
            <SimpleData name="Estado_d_1">Activo</SimpleData>
            <SimpleData name="OBJECTID_1">8794</SimpleData>
            <SimpleData name="Shape_Leng">461.58294710100</SimpleData>
            <SimpleData name="Shape_Area">8267.87552602000</SimpleData>
          </SchemaData>
        </ExtendedData>
        <Polygon>
          <outerBoundaryIs>
            <LinearRing>
              <coordinates>
                -55.992049499973,-25.0905488001779,0
                -55.9929433998698,-25.0920195002824,0
                -55.9933124993324,-25.0918434996299,0
                -55.9924567001949,-25.0903482999122,0
                -55.992049499973,-25.0905488001779,0
              </coordinates>
            </LinearRing>
          </outerBoundaryIs>
        </Polygon>
      </Placemark>
      <Placemark id="Lote_D.231">
        <ExtendedData>
          <SchemaData schemaUrl="#Lote_D.schema">
            <SimpleData name="Cédula">4155582.00000000000</SimpleData>
            <SimpleData name="Nombres_y_">DIONICIA FRANCO GARCIA</SimpleData>
            <SimpleData name="Sexo">Mujer</SimpleData>
            <SimpleData name="Cambio_de_">NO</SimpleData>
            <SimpleData name="Titular_se">NO</SimpleData>
            <SimpleData name="ci_UNIF">4155582.00000000000</SimpleData>
            <SimpleData name="Situación">NO</SimpleData>
            <SimpleData name="Comunidad">Ind?gena</SimpleData>
            <SimpleData name="Modelo_imp">Modelo 1</SimpleData>
            <SimpleData name="Departamen">CAAGUAZU</SimpleData>
            <SimpleData name="Distrito">SAN JOAQUIN</SimpleData>
            <SimpleData name="Localidad">COM INDIG CERRO MOROTI</SimpleData>
            <SimpleData name="Teléfono">0982897692</SimpleData>
            <SimpleData name="Vivienda_L">-25.01254960000</SimpleData>
            <SimpleData name="Vivienda_1">-56.13948020000</SimpleData>
            <SimpleData name="Superficie">0.80000000000</SimpleData>
            <SimpleData name="Situaci_1">Par?metro</SimpleData>
            <SimpleData name="Plantado">SI</SimpleData>
            <SimpleData name="Fecha_Plan">2026/07/17</SimpleData>
            <SimpleData name="Jornales">0.00000000000</SimpleData>
            <SimpleData name="Monto">0.00000000000</SimpleData>
            <SimpleData name="Grupo_de_p">D-GN-XX-XX-XX</SimpleData>
            <SimpleData name="Estado_del">Activo</SimpleData>
            <SimpleData name="Empresa">Unique Wood Paraguay SA</SimpleData>
            <SimpleData name="Lote">D</SimpleData>
            <SimpleData name="Parametro">0.00000000000</SimpleData>
            <SimpleData name="Sup_SIG">0.93534586305</SimpleData>
            <SimpleData name="X">-56.11647299000</SimpleData>
            <SimpleData name="Y">-25.02630080000</SimpleData>
            <SimpleData name="cedula">4155582</SimpleData>
            <SimpleData name="Cédula_1">4155582.00000000000</SimpleData>
            <SimpleData name="Estado_d_1">Activo</SimpleData>
            <SimpleData name="OBJECTID_1">5672</SimpleData>
            <SimpleData name="Shape_Leng">494.31758326500</SimpleData>
            <SimpleData name="Shape_Area">9353.45863048000</SimpleData>
          </SchemaData>
        </ExtendedData>
        <Polygon>
          <outerBoundaryIs>
            <LinearRing>
              <coordinates>
                -56.1161244007053,-25.0271736998827,0
                -56.1165985004379,-25.0272086999237,0
                -56.1168116997011,-25.0253931998191,0
                -56.1163583003997,-25.0253949995907,0
                -56.1161244007053,-25.0271736998827,0
              </coordinates>
            </LinearRing>
          </outerBoundaryIs>
        </Polygon>
      </Placemark>
      <Placemark id="Lote_D.232">
        <ExtendedData>
          <SchemaData schemaUrl="#Lote_D.schema">
            <SimpleData name="Cédula">4815027.00000000000</SimpleData>
            <SimpleData name="Nombres_y_">BLASIDA DUARTE</SimpleData>
            <SimpleData name="Sexo">Mujer</SimpleData>
            <SimpleData name="Cambio_de_">NO</SimpleData>
            <SimpleData name="Titular_se">NO</SimpleData>
            <SimpleData name="ci_UNIF">4815027.00000000000</SimpleData>
            <SimpleData name="Situación">NO</SimpleData>
            <SimpleData name="Comunidad">Ind?gena</SimpleData>
            <SimpleData name="Modelo_imp">Modelo 1</SimpleData>
            <SimpleData name="Departamen">CAAGUAZU</SimpleData>
            <SimpleData name="Distrito">SAN JOAQUIN</SimpleData>
            <SimpleData name="Localidad">COM INDIG CERRO MOROTI</SimpleData>
            <SimpleData name="Teléfono">0981161933</SimpleData>
            <SimpleData name="Vivienda_L">-25.01899620000</SimpleData>
            <SimpleData name="Vivienda_1">-56.14278260000</SimpleData>
            <SimpleData name="Superficie">0.80000000000</SimpleData>
            <SimpleData name="Situaci_1">Par?metro</SimpleData>
            <SimpleData name="Plantado">SI</SimpleData>
            <SimpleData name="Fecha_Plan">2026/07/17</SimpleData>
            <SimpleData name="Jornales">0.00000000000</SimpleData>
            <SimpleData name="Monto">0.00000000000</SimpleData>
            <SimpleData name="Grupo_de_p">D-GN-XX-XX-XX</SimpleData>
            <SimpleData name="Estado_del">Activo</SimpleData>
            <SimpleData name="Empresa">Unique Wood Paraguay SA</SimpleData>
            <SimpleData name="Lote">D</SimpleData>
            <SimpleData name="Parametro">0.00000000000</SimpleData>
            <SimpleData name="Sup_SIG">0.86976752940</SimpleData>
            <SimpleData name="X">-56.11779368000</SimpleData>
            <SimpleData name="Y">-25.02604064000</SimpleData>
            <SimpleData name="cedula">4815027</SimpleData>
            <SimpleData name="Cédula_1">4815027.00000000000</SimpleData>
            <SimpleData name="Estado_d_1">Activo</SimpleData>
            <SimpleData name="OBJECTID_1">5652</SimpleData>
            <SimpleData name="Shape_Leng">406.64798964900</SimpleData>
            <SimpleData name="Shape_Area">8697.67529396000</SimpleData>
          </SchemaData>
        </ExtendedData>
        <Polygon>
          <outerBoundaryIs>
            <LinearRing>
              <coordinates>
                -56.1180744194138,-25.0253789817939,0
                -56.1175058003437,-25.0254132004153,0
                -56.1174697843908,-25.0266638478702,0
                -56.1174696998423,-25.0266668002982,0
                -56.1177181847556,-25.0266747728108,0
                -56.1180899996031,-25.0266867005542,0
                -56.1180942596418,-25.0261653999481,0
                -56.1181007001582,-25.0253774002767,0
                -56.1180744194138,-25.0253789817939,0
              </coordinates>
            </LinearRing>
          </outerBoundaryIs>
        </Polygon>
      </Placemark>
      <Placemark id="Lote_D.233">
        <ExtendedData>
          <SchemaData schemaUrl="#Lote_D.schema">
            <SimpleData name="Cédula">5453887.00000000000</SimpleData>
            <SimpleData name="Nombres_y_">FIDEL JAKUGI ORTIZ AMARILLA</SimpleData>
            <SimpleData name="Sexo">Hombre</SimpleData>
            <SimpleData name="Cambio_de_">NO</SimpleData>
            <SimpleData name="Titular_se">NO</SimpleData>
            <SimpleData name="ci_UNIF">5453887.00000000000</SimpleData>
            <SimpleData name="Situación">NO</SimpleData>
            <SimpleData name="Comunidad">Ind?gena</SimpleData>
            <SimpleData name="Modelo_imp">Modelo 1</SimpleData>
            <SimpleData name="Departamen">CAAGUAZU</SimpleData>
            <SimpleData name="Distrito">SAN JOAQUIN</SimpleData>
            <SimpleData name="Localidad">COM INDIG CERRO MOROTI</SimpleData>
            <SimpleData name="Teléfono">ND</SimpleData>
            <SimpleData name="Vivienda_L">-25.01724050000</SimpleData>
            <SimpleData name="Vivienda_1">-56.13982910000</SimpleData>
            <SimpleData name="Superficie">0.80000000000</SimpleData>
            <SimpleData name="Situaci_1">Par?metro</SimpleData>
            <SimpleData name="Plantado">SI</SimpleData>
            <SimpleData name="Fecha_Plan">2026/07/17</SimpleData>
            <SimpleData name="Jornales">0.00000000000</SimpleData>
            <SimpleData name="Monto">0.00000000000</SimpleData>
            <SimpleData name="Grupo_de_p">D-GN-XX-XX-XX</SimpleData>
            <SimpleData name="Estado_del">Activo</SimpleData>
            <SimpleData name="Empresa">Unique Wood Paraguay SA</SimpleData>
            <SimpleData name="Lote">D</SimpleData>
            <SimpleData name="Parametro">0.00000000000</SimpleData>
            <SimpleData name="Sup_SIG">0.93468308522</SimpleData>
            <SimpleData name="X">-56.11694712000</SimpleData>
            <SimpleData name="Y">-25.02636066000</SimpleData>
            <SimpleData name="cedula">5453887</SimpleData>
            <SimpleData name="Cédula_1">5453887.00000000000</SimpleData>
            <SimpleData name="Estado_d_1">Activo</SimpleData>
            <SimpleData name="OBJECTID_1">5655</SimpleData>
            <SimpleData name="Shape_Leng">494.42210737700</SimpleData>
            <SimpleData name="Shape_Area">9346.83085219000</SimpleData>
          </SchemaData>
        </ExtendedData>
        <Polygon>
          <outerBoundaryIs>
            <LinearRing>
              <coordinates>
                -56.1166106991443,-25.0271902999102,0
                -56.11717220025,-25.0272067996047,0
                -56.1171927000956,-25.0253856001425,0
                -56.116826699816,-25.0254034995809,0
                -56.1166106991443,-25.0271902999102,0
              </coordinates>
            </LinearRing>
          </outerBoundaryIs>
        </Polygon>
      </Placemark>
      <Placemark id="Lote_D.234">
        <ExtendedData>
          <SchemaData schemaUrl="#Lote_D.schema">
            <SimpleData name="Cédula">6212863.00000000000</SimpleData>
            <SimpleData name="Nombres_y_">FELICITA KRACHOVAGI</SimpleData>
            <SimpleData name="Sexo">Mujer</SimpleData>
            <SimpleData name="Cambio_de_">NO</SimpleData>
            <SimpleData name="Titular_se">NO</SimpleData>
            <SimpleData name="ci_UNIF">6212863.00000000000</SimpleData>
            <SimpleData name="Situación">NO</SimpleData>
            <SimpleData name="Comunidad">Ind?gena</SimpleData>
            <SimpleData name="Modelo_imp">Modelo 1</SimpleData>
            <SimpleData name="Departamen">CAAGUAZU</SimpleData>
            <SimpleData name="Distrito">SAN JOAQUIN</SimpleData>
            <SimpleData name="Localidad">COM INDIG CERRO MOROTI</SimpleData>
            <SimpleData name="Teléfono">ND</SimpleData>
            <SimpleData name="Vivienda_L">-25.01840290000</SimpleData>
            <SimpleData name="Vivienda_1">-56.13880620000</SimpleData>
            <SimpleData name="Superficie">0.80000000000</SimpleData>
            <SimpleData name="Situaci_1">Par?metro</SimpleData>
            <SimpleData name="Plantado">SI</SimpleData>
            <SimpleData name="Fecha_Plan">2026/07/17</SimpleData>
            <SimpleData name="Jornales">0.00000000000</SimpleData>
            <SimpleData name="Monto">0.00000000000</SimpleData>
            <SimpleData name="Grupo_de_p">D-GN-XX-XX-XX</SimpleData>
            <SimpleData name="Estado_del">Activo</SimpleData>
            <SimpleData name="Empresa">Unique Wood Paraguay SA</SimpleData>
            <SimpleData name="Lote">D</SimpleData>
            <SimpleData name="Parametro">0.00000000000</SimpleData>
            <SimpleData name="Sup_SIG">0.93845131222</SimpleData>
            <SimpleData name="X">-56.11598280000</SimpleData>
            <SimpleData name="Y">-25.02630838000</SimpleData>
            <SimpleData name="cedula">6212863</SimpleData>
            <SimpleData name="Cédula_1">6212863.00000000000</SimpleData>
            <SimpleData name="Estado_d_1">Activo</SimpleData>
            <SimpleData name="OBJECTID_1">5647</SimpleData>
            <SimpleData name="Shape_Leng">491.50204615100</SimpleData>
            <SimpleData name="Shape_Area">9384.51312223000</SimpleData>
          </SchemaData>
        </ExtendedData>
        <Polygon>
          <outerBoundaryIs>
            <LinearRing>
              <coordinates>
                -56.1156111998663,-25.0271554996611,0
                -56.1161163997569,-25.0271889994084,0
                -56.1163261004479,-25.0253843004324,0
                -56.1158839992573,-25.0254151001199,0
                -56.1156111998663,-25.0271554996611,0
              </coordinates>
            </LinearRing>
          </outerBoundaryIs>
        </Polygon>
      </Placemark>
      <Placemark id="Lote_D.235">
        <ExtendedData>
          <SchemaData schemaUrl="#Lote_D.schema">
            <SimpleData name="Cédula">7344841.00000000000</SimpleData>
            <SimpleData name="Nombres_y_">LETICIA OJEDA ESCOBAR</SimpleData>
            <SimpleData name="Sexo">Mujer</SimpleData>
            <SimpleData name="Cambio_de_">NO</SimpleData>
            <SimpleData name="Titular_se">NO</SimpleData>
            <SimpleData name="ci_UNIF">7344841.00000000000</SimpleData>
            <SimpleData name="Situación">NO</SimpleData>
            <SimpleData name="Comunidad">Ind?gena</SimpleData>
            <SimpleData name="Modelo_imp">Modelo 1</SimpleData>
            <SimpleData name="Departamen">CAAGUAZU</SimpleData>
            <SimpleData name="Distrito">YH?</SimpleData>
            <SimpleData name="Localidad">COM INDIG NUEVA ESTRELLA</SimpleData>
            <SimpleData name="Teléfono">0983255686</SimpleData>
            <SimpleData name="Vivienda_L">-24.91329700000</SimpleData>
            <SimpleData name="Vivienda_1">-55.87425160000</SimpleData>
            <SimpleData name="Superficie">0.80000000000</SimpleData>
            <SimpleData name="Situaci_1">Pol?gono</SimpleData>
            <SimpleData name="Plantado">SI</SimpleData>
            <SimpleData name="Fecha_Plan">2025/10/29</SimpleData>
            <SimpleData name="Jornales">0.00000000000</SimpleData>
            <SimpleData name="Monto">0.00000000000</SimpleData>
            <SimpleData name="Grupo_de_p">D-GN-XX-XX-XX</SimpleData>
            <SimpleData name="Estado_del">Activo</SimpleData>
            <SimpleData name="Empresa">Unique Wood Paraguay SA</SimpleData>
            <SimpleData name="Lote">D</SimpleData>
            <SimpleData name="Parametro">0.00000000000</SimpleData>
            <SimpleData name="Sup_SIG">0.90764688732</SimpleData>
            <SimpleData name="X">-55.87351162000</SimpleData>
            <SimpleData name="Y">-24.91339377000</SimpleData>
            <SimpleData name="cedula">7344841</SimpleData>
            <SimpleData name="Cédula_1">7344841.00000000000</SimpleData>
            <SimpleData name="Estado_d_1">Activo</SimpleData>
            <SimpleData name="OBJECTID_1">8720</SimpleData>
            <SimpleData name="Shape_Leng">381.61684779200</SimpleData>
            <SimpleData name="Shape_Area">9076.46887317000</SimpleData>
          </SchemaData>
        </ExtendedData>
        <Polygon>
          <outerBoundaryIs>
            <LinearRing>
              <coordinates>
                -55.8728743994501,-24.9135389998272,0
                -55.8737053998747,-24.9139932996964,0
                -55.8741321996729,-24.9132672004798,0
                -55.873357200368,-24.9127782000911,0
                -55.8728743994501,-24.9135389998272,0
              </coordinates>
            </LinearRing>
          </outerBoundaryIs>
        </Polygon>
      </Placemark>
      <Placemark id="Lote_D.236">
        <ExtendedData>
          <SchemaData schemaUrl="#Lote_D.schema">
            <SimpleData name="Cédula">6820084.00000000000</SimpleData>
            <SimpleData name="Nombres_y_">REINA GRICELDA CARDOZO</SimpleData>
            <SimpleData name="Sexo">Mujer</SimpleData>
            <SimpleData name="Cambio_de_">NO</SimpleData>
            <SimpleData name="Titular_se">NO</SimpleData>
            <SimpleData name="ci_UNIF">6820084.00000000000</SimpleData>
            <SimpleData name="Situación">NO</SimpleData>
            <SimpleData name="Comunidad">Campesina</SimpleData>
            <SimpleData name="Modelo_imp">Modelo 5</SimpleData>
            <SimpleData name="Departamen">CAAGUAZU</SimpleData>
            <SimpleData name="Distrito">YH?</SimpleData>
            <SimpleData name="Localidad">SAN MIGUEL I</SimpleData>
            <SimpleData name="Teléfono">982674407</SimpleData>
            <SimpleData name="Vivienda_L">-25.09567570000</SimpleData>
            <SimpleData name="Vivienda_1">-55.95791550000</SimpleData>
            <SimpleData name="Superficie">0.70000000000</SimpleData>
            <SimpleData name="Situaci_1">Parametro</SimpleData>
            <SimpleData name="Plantado">SI</SimpleData>
            <SimpleData name="Fecha_Plan">2025/12/18</SimpleData>
            <SimpleData name="Jornales">0.00000000000</SimpleData>
            <SimpleData name="Monto">0.00000000000</SimpleData>
            <SimpleData name="Grupo_de_p">D-GN-XX-XX-XX</SimpleData>
            <SimpleData name="Estado_del">Activo</SimpleData>
            <SimpleData name="Empresa">Unique Wood Paraguay SA</SimpleData>
            <SimpleData name="Lote">D</SimpleData>
            <SimpleData name="Parametro">0.00000000000</SimpleData>
            <SimpleData name="Sup_SIG">0.81343867910</SimpleData>
            <SimpleData name="X">-55.96093458000</SimpleData>
            <SimpleData name="Y">-25.10250495000</SimpleData>
            <SimpleData name="cedula">6820084</SimpleData>
            <SimpleData name="Cédula_1">6820084.00000000000</SimpleData>
            <SimpleData name="Estado_d_1">Activo</SimpleData>
            <SimpleData name="OBJECTID_1">8833</SimpleData>
            <SimpleData name="Shape_Leng">413.28155134900</SimpleData>
            <SimpleData name="Shape_Area">8134.38679101000</SimpleData>
          </SchemaData>
        </ExtendedData>
        <Polygon>
          <outerBoundaryIs>
            <LinearRing>
              <coordinates>
                -55.9602507995346,-25.1026479003171,0
                -55.9604002999924,-25.1031497003017,0
                -55.961706600454,-25.1022892001555,0
                -55.961366299941,-25.1019109999714,0
                -55.9602507995346,-25.1026479003171,0
              </coordinates>
            </LinearRing>
          </outerBoundaryIs>
        </Polygon>
      </Placemark>
      <Placemark id="Lote_D.237">
        <ExtendedData>
          <SchemaData schemaUrl="#Lote_D.schema">
            <SimpleData name="Cédula">6175657.00000000000</SimpleData>
            <SimpleData name="Nombres_y_">ANDREA TATUGI VELAZQUEZ GARCETE</SimpleData>
            <SimpleData name="Sexo">Mujer</SimpleData>
            <SimpleData name="Cambio_de_">NO</SimpleData>
            <SimpleData name="Titular_se">NO</SimpleData>
            <SimpleData name="ci_UNIF">6175657.00000000000</SimpleData>
            <SimpleData name="Situación">NO</SimpleData>
            <SimpleData name="Comunidad">Ind?gena</SimpleData>
            <SimpleData name="Modelo_imp">Modelo 2</SimpleData>
            <SimpleData name="Departamen">CAAGUAZU</SimpleData>
            <SimpleData name="Distrito">SAN JOAQUIN</SimpleData>
            <SimpleData name="Localidad">COM INDIG CERRO MOROTI</SimpleData>
            <SimpleData name="Teléfono">0982980211</SimpleData>
            <SimpleData name="Vivienda_L">-25.01690110000</SimpleData>
            <SimpleData name="Vivienda_1">-56.14159630000</SimpleData>
            <SimpleData name="Superficie">0.80000000000</SimpleData>
            <SimpleData name="Situaci_1">Par?metro</SimpleData>
            <SimpleData name="Plantado">SI</SimpleData>
            <SimpleData name="Fecha_Plan">2026/07/17</SimpleData>
            <SimpleData name="Jornales">0.00000000000</SimpleData>
            <SimpleData name="Monto">0.00000000000</SimpleData>
            <SimpleData name="Grupo_de_p">D-GN-XX-XX-XX</SimpleData>
            <SimpleData name="Estado_del">Activo</SimpleData>
            <SimpleData name="Empresa">Unique Wood Paraguay SA</SimpleData>
            <SimpleData name="Lote">D</SimpleData>
            <SimpleData name="Parametro">0.00000000000</SimpleData>
            <SimpleData name="Sup_SIG">0.89080123643</SimpleData>
            <SimpleData name="X">-56.12105679000</SimpleData>
            <SimpleData name="Y">-25.02732272000</SimpleData>
            <SimpleData name="cedula">6175657</SimpleData>
            <SimpleData name="Cédula_1">6175657.00000000000</SimpleData>
            <SimpleData name="Estado_d_1">Activo</SimpleData>
            <SimpleData name="OBJECTID_1">5702</SimpleData>
            <SimpleData name="Shape_Leng">381.44415786500</SimpleData>
            <SimpleData name="Shape_Area">8908.01236434000</SimpleData>
          </SchemaData>
        </ExtendedData>
        <Polygon>
          <outerBoundaryIs>
            <LinearRing>
              <coordinates>
                -56.1206546058245,-25.0268285495776,0
                -56.1206462001209,-25.0277880002932,0
                -56.1214360996866,-25.0278453998082,0
                -56.1214900998333,-25.0268694002475,0
                -56.1214813162417,-25.0268687378791,0
                -56.1210016939109,-25.0268325639644,0
                -56.1207260328377,-25.0268117728804,0
                -56.1206548003448,-25.0268064001288,0
                -56.1206546058245,-25.0268285495776,0
              </coordinates>
            </LinearRing>
          </outerBoundaryIs>
        </Polygon>
      </Placemark>
      <Placemark id="Lote_D.238">
        <ExtendedData>
          <SchemaData schemaUrl="#Lote_D.schema">
            <SimpleData name="Cédula">6175658.00000000000</SimpleData>
            <SimpleData name="Nombres_y_">NINSE URUPURANGI FERREIRA DUARTE</SimpleData>
            <SimpleData name="Sexo">Mujer</SimpleData>
            <SimpleData name="Cambio_de_">NO</SimpleData>
            <SimpleData name="Titular_se">NO</SimpleData>
            <SimpleData name="ci_UNIF">6175658.00000000000</SimpleData>
            <SimpleData name="Situación">NO</SimpleData>
            <SimpleData name="Comunidad">Ind?gena</SimpleData>
            <SimpleData name="Modelo_imp">Modelo 2</SimpleData>
            <SimpleData name="Departamen">CAAGUAZU</SimpleData>
            <SimpleData name="Distrito">SAN JOAQUIN</SimpleData>
            <SimpleData name="Localidad">COM INDIG CERRO MOROTI</SimpleData>
            <SimpleData name="Teléfono">0986498187</SimpleData>
            <SimpleData name="Vivienda_L">-25.01737650000</SimpleData>
            <SimpleData name="Vivienda_1">-56.14267920000</SimpleData>
            <SimpleData name="Superficie">0.80000000000</SimpleData>
            <SimpleData name="Situaci_1">Par?metro</SimpleData>
            <SimpleData name="Plantado">SI</SimpleData>
            <SimpleData name="Fecha_Plan">2026/07/17</SimpleData>
            <SimpleData name="Jornales">0.00000000000</SimpleData>
            <SimpleData name="Monto">0.00000000000</SimpleData>
            <SimpleData name="Grupo_de_p">D-GN-XX-XX-XX</SimpleData>
            <SimpleData name="Estado_del">Activo</SimpleData>
            <SimpleData name="Empresa">Unique Wood Paraguay SA</SimpleData>
            <SimpleData name="Lote">D</SimpleData>
            <SimpleData name="Parametro">0.00000000000</SimpleData>
            <SimpleData name="Sup_SIG">0.88706535063</SimpleData>
            <SimpleData name="X">-56.11940808000</SimpleData>
            <SimpleData name="Y">-25.02815919000</SimpleData>
            <SimpleData name="cedula">6175658</SimpleData>
            <SimpleData name="Cédula_1">6175658.00000000000</SimpleData>
            <SimpleData name="Estado_d_1">Activo</SimpleData>
            <SimpleData name="OBJECTID_1">5703</SimpleData>
            <SimpleData name="Shape_Leng">379.63815450000</SimpleData>
            <SimpleData name="Shape_Area">8870.65350630000</SimpleData>
          </SchemaData>
        </ExtendedData>
        <Polygon>
          <outerBoundaryIs>
            <LinearRing>
              <coordinates>
                -56.1189619003236,-25.0286113997607,0
                -56.1197835998761,-25.028666300182,0
                -56.1198613000369,-25.0277292996378,0
                -56.1190369995059,-25.0276331002203,0
                -56.1189619003236,-25.0286113997607,0
              </coordinates>
            </LinearRing>
          </outerBoundaryIs>
        </Polygon>
      </Placemark>
      <Placemark id="Lote_D.239">
        <ExtendedData>
          <SchemaData schemaUrl="#Lote_D.schema">
            <SimpleData name="Cédula">6212851.00000000000</SimpleData>
            <SimpleData name="Nombres_y_">ANITA PIKYGI MIRANDA</SimpleData>
            <SimpleData name="Sexo">Mujer</SimpleData>
            <SimpleData name="Cambio_de_">NO</SimpleData>
            <SimpleData name="Titular_se">NO</SimpleData>
            <SimpleData name="ci_UNIF">6212851.00000000000</SimpleData>
            <SimpleData name="Situación">NO</SimpleData>
            <SimpleData name="Comunidad">Ind?gena</SimpleData>
            <SimpleData name="Modelo_imp">Modelo 2</SimpleData>
            <SimpleData name="Departamen">CAAGUAZU</SimpleData>
            <SimpleData name="Distrito">SAN JOAQUIN</SimpleData>
            <SimpleData name="Localidad">COM INDIG CERRO MOROTI</SimpleData>
            <SimpleData name="Teléfono">ND</SimpleData>
            <SimpleData name="Vivienda_L">-25.01808660000</SimpleData>
            <SimpleData name="Vivienda_1">-56.13765880000</SimpleData>
            <SimpleData name="Superficie">0.80000000000</SimpleData>
            <SimpleData name="Situaci_1">Par?metro</SimpleData>
            <SimpleData name="Plantado">SI</SimpleData>
            <SimpleData name="Fecha_Plan">2026/07/17</SimpleData>
            <SimpleData name="Jornales">0.00000000000</SimpleData>
            <SimpleData name="Monto">0.00000000000</SimpleData>
            <SimpleData name="Grupo_de_p">D-GN-XX-XX-XX</SimpleData>
            <SimpleData name="Estado_del">Activo</SimpleData>
            <SimpleData name="Empresa">Unique Wood Paraguay SA</SimpleData>
            <SimpleData name="Lote">D</SimpleData>
            <SimpleData name="Parametro">0.00000000000</SimpleData>
            <SimpleData name="Sup_SIG">0.84425664940</SimpleData>
            <SimpleData name="X">-56.12024032000</SimpleData>
            <SimpleData name="Y">-25.02822445000</SimpleData>
            <SimpleData name="cedula">6212851</SimpleData>
            <SimpleData name="Cédula_1">6212851.00000000000</SimpleData>
            <SimpleData name="Estado_d_1">Activo</SimpleData>
            <SimpleData name="OBJECTID_1">5658</SimpleData>
            <SimpleData name="Shape_Leng">368.94176572000</SimpleData>
            <SimpleData name="Shape_Area">8442.56649404000</SimpleData>
          </SchemaData>
        </ExtendedData>
        <Polygon>
          <outerBoundaryIs>
            <LinearRing>
              <coordinates>
                -56.1206061063573,-25.0287283917321,0
                -56.120677741088,-25.0278120379109,0
                -56.1203380805204,-25.0277584321403,0
                -56.1198634499721,-25.0277205222069,0
                -56.1198185001511,-25.0286638997983,0
                -56.1206061063573,-25.0287283917321,0
              </coordinates>
            </LinearRing>
          </outerBoundaryIs>
        </Polygon>
      </Placemark>
      <Placemark id="Lote_D.240">
        <ExtendedData>
          <SchemaData schemaUrl="#Lote_D.schema">
            <SimpleData name="Cédula">6175638.00000000000</SimpleData>
            <SimpleData name="Nombres_y_">SANTIAGO MBEJIVAGI MBEPEGI MIRANDA</SimpleData>
            <SimpleData name="Sexo">Hombre</SimpleData>
            <SimpleData name="Cambio_de_">NO</SimpleData>
            <SimpleData name="Titular_se">NO</SimpleData>
            <SimpleData name="ci_UNIF">6175638.00000000000</SimpleData>
            <SimpleData name="Situación">NO</SimpleData>
            <SimpleData name="Comunidad">Ind?gena</SimpleData>
            <SimpleData name="Modelo_imp">Modelo 2</SimpleData>
            <SimpleData name="Departamen">CAAGUAZU</SimpleData>
            <SimpleData name="Distrito">SAN JOAQUIN</SimpleData>
            <SimpleData name="Localidad">COM INDIG CERRO MOROTI</SimpleData>
            <SimpleData name="Teléfono">0986487343</SimpleData>
            <SimpleData name="Vivienda_L">-25.01804590000</SimpleData>
            <SimpleData name="Vivienda_1">-56.13770190000</SimpleData>
            <SimpleData name="Superficie">0.80000000000</SimpleData>
            <SimpleData name="Situaci_1">Par?metro</SimpleData>
            <SimpleData name="Plantado">SI</SimpleData>
            <SimpleData name="Fecha_Plan">2026/07/17</SimpleData>
            <SimpleData name="Jornales">0.00000000000</SimpleData>
            <SimpleData name="Monto">0.00000000000</SimpleData>
            <SimpleData name="Grupo_de_p">D-GN-XX-XX-XX</SimpleData>
            <SimpleData name="Estado_del">Activo</SimpleData>
            <SimpleData name="Empresa">Unique Wood Paraguay SA</SimpleData>
            <SimpleData name="Lote">D</SimpleData>
            <SimpleData name="Parametro">0.00000000000</SimpleData>
            <SimpleData name="Sup_SIG">1.07514815799</SimpleData>
            <SimpleData name="X">-56.12082676000</SimpleData>
            <SimpleData name="Y">-25.02920919000</SimpleData>
            <SimpleData name="cedula">6175638</SimpleData>
            <SimpleData name="Cédula_1">6175638.00000000000</SimpleData>
            <SimpleData name="Estado_d_1">Activo</SimpleData>
            <SimpleData name="OBJECTID_1">5659</SimpleData>
            <SimpleData name="Shape_Leng">421.64203664200</SimpleData>
            <SimpleData name="Shape_Area">10751.48157990000</SimpleData>
          </SchemaData>
        </ExtendedData>
        <Polygon>
          <outerBoundaryIs>
            <LinearRing>
              <coordinates>
                -56.1202983002929,-25.0287306997996,0
                -56.1203640003559,-25.0298513997964,0
                -56.1211721999512,-25.0295448996116,0
                -56.1214674000156,-25.0292617998824,0
                -56.121448000173,-25.0288160002958,0
                -56.1202983002929,-25.0287306997996,0
              </coordinates>
            </LinearRing>
          </outerBoundaryIs>
        </Polygon>
      </Placemark>
      <Placemark id="Lote_D.241">
        <ExtendedData>
          <SchemaData schemaUrl="#Lote_D.schema">
            <SimpleData name="Cédula">4710249.00000000000</SimpleData>
            <SimpleData name="Nombres_y_">BLAS ALCIDES PRIETO ESPINOLA</SimpleData>
            <SimpleData name="Sexo">Hombre</SimpleData>
            <SimpleData name="Cambio_de_">NO</SimpleData>
            <SimpleData name="Titular_se">NO</SimpleData>
            <SimpleData name="ci_UNIF">4710249.00000000000</SimpleData>
            <SimpleData name="Situación">NO</SimpleData>
            <SimpleData name="Comunidad">Campesina</SimpleData>
            <SimpleData name="Modelo_imp">Modelo 1</SimpleData>
            <SimpleData name="Departamen">CAAGUAZU</SimpleData>
            <SimpleData name="Distrito">CARAYAO</SimpleData>
            <SimpleData name="Localidad">SANTA MAGDALENA</SimpleData>
            <SimpleData name="Teléfono">0985516405</SimpleData>
            <SimpleData name="Vivienda_L">-25.16382290000</SimpleData>
            <SimpleData name="Vivienda_1">-56.26227220000</SimpleData>
            <SimpleData name="Superficie">0.80000000000</SimpleData>
            <SimpleData name="Situaci_1">Par?metro</SimpleData>
            <SimpleData name="Plantado">SI</SimpleData>
            <SimpleData name="Fecha_Plan">2026/07/14</SimpleData>
            <SimpleData name="Jornales">0.00000000000</SimpleData>
            <SimpleData name="Monto">0.00000000000</SimpleData>
            <SimpleData name="Grupo_de_p">D-GN-XX-XX-XX</SimpleData>
            <SimpleData name="Estado_del">Activo</SimpleData>
            <SimpleData name="Empresa">Unique Wood Paraguay SA</SimpleData>
            <SimpleData name="Lote">D</SimpleData>
            <SimpleData name="Parametro">0.00000000000</SimpleData>
            <SimpleData name="Sup_SIG">0.81151954268</SimpleData>
            <SimpleData name="X">-56.28788859000</SimpleData>
            <SimpleData name="Y">-25.18843333000</SimpleData>
            <SimpleData name="cedula">4710249</SimpleData>
            <SimpleData name="Cédula_1">4710249.00000000000</SimpleData>
            <SimpleData name="Estado_d_1">Activo</SimpleData>
            <SimpleData name="OBJECTID_1">5787</SimpleData>
            <SimpleData name="Shape_Leng">387.44532879800</SimpleData>
            <SimpleData name="Shape_Area">8115.19542684000</SimpleData>
          </SchemaData>
        </ExtendedData>
        <Polygon>
          <outerBoundaryIs>
            <LinearRing>
              <coordinates>
                -56.2876625954087,-25.189043698475,0
                -56.287662500225,-25.1890429999657,0
                -56.2882218000554,-25.1889668003809,0
                -56.2882265155173,-25.1889886116522,0
                -56.2882768002112,-25.1889836999103,0
                -56.2881222003853,-25.1878060003866,0
                -56.287509299716,-25.1879087998361,0
                -56.2876421003918,-25.1890457002661,0
                -56.2876625954087,-25.189043698475,0
              </coordinates>
            </LinearRing>
          </outerBoundaryIs>
        </Polygon>
      </Placemark>
      <Placemark id="Lote_D.242">
        <ExtendedData>
          <SchemaData schemaUrl="#Lote_D.schema">
            <SimpleData name="Cédula">6188218.00000000000</SimpleData>
            <SimpleData name="Nombres_y_">GLORIA ELIZABETH NABUVACHUGI VELAZQUEZ GARCETE</SimpleData>
            <SimpleData name="Sexo">Mujer</SimpleData>
            <SimpleData name="Cambio_de_">NO</SimpleData>
            <SimpleData name="Titular_se">NO</SimpleData>
            <SimpleData name="ci_UNIF">6188218.00000000000</SimpleData>
            <SimpleData name="Situación">NO</SimpleData>
            <SimpleData name="Comunidad">Ind?gena</SimpleData>
            <SimpleData name="Modelo_imp">Modelo 2</SimpleData>
            <SimpleData name="Departamen">CAAGUAZU</SimpleData>
            <SimpleData name="Distrito">SAN JOAQUIN</SimpleData>
            <SimpleData name="Localidad">COM INDIG CERRO MOROTI</SimpleData>
            <SimpleData name="Teléfono">0982486418</SimpleData>
            <SimpleData name="Vivienda_L">-25.01386370000</SimpleData>
            <SimpleData name="Vivienda_1">-56.13933260000</SimpleData>
            <SimpleData name="Superficie">0.80000000000</SimpleData>
            <SimpleData name="Situaci_1">Par?metro</SimpleData>
            <SimpleData name="Plantado">SI</SimpleData>
            <SimpleData name="Fecha_Plan">2026/07/17</SimpleData>
            <SimpleData name="Jornales">0.00000000000</SimpleData>
            <SimpleData name="Monto">0.00000000000</SimpleData>
            <SimpleData name="Grupo_de_p">D-GN-XX-XX-XX</SimpleData>
            <SimpleData name="Estado_del">Activo</SimpleData>
            <SimpleData name="Empresa">Unique Wood Paraguay SA</SimpleData>
            <SimpleData name="Lote">D</SimpleData>
            <SimpleData name="Parametro">0.00000000000</SimpleData>
            <SimpleData name="Sup_SIG">0.88180287934</SimpleData>
            <SimpleData name="X">-56.12023182000</SimpleData>
            <SimpleData name="Y">-25.02726546000</SimpleData>
            <SimpleData name="cedula">6188218</SimpleData>
            <SimpleData name="Cédula_1">6188218.00000000000</SimpleData>
            <SimpleData name="Estado_d_1">Activo</SimpleData>
            <SimpleData name="OBJECTID_1">5671</SimpleData>
            <SimpleData name="Shape_Leng">379.18424497500</SimpleData>
            <SimpleData name="Shape_Area">8818.02879338000</SimpleData>
          </SchemaData>
        </ExtendedData>
        <Polygon>
          <outerBoundaryIs>
            <LinearRing>
              <coordinates>
                -56.1198634499721,-25.0277205222069,0
                -56.1203380805204,-25.0277584321403,0
                -56.1206293997377,-25.0277816997407,0
                -56.1206478177554,-25.0268279730147,0
                -56.1206481995151,-25.0268081996615,0
                -56.1200233253652,-25.0267703775618,0
                -56.1200087036737,-25.0267694927115,0
                -56.1200087002104,-25.0267697003895,0
                -56.1199984677974,-25.0267688731307,0
                -56.1198271001045,-25.0267585002816,0
                -56.119818099817,-25.0277168997779,0
                -56.1198634499721,-25.0277205222069,0
              </coordinates>
            </LinearRing>
          </outerBoundaryIs>
        </Polygon>
      </Placemark>
      <Placemark id="Lote_D.243">
        <ExtendedData>
          <SchemaData schemaUrl="#Lote_D.schema">
            <SimpleData name="Cédula">6643867.00000000000</SimpleData>
            <SimpleData name="Nombres_y_">MARIA MAGDA CACERES CARDOZO</SimpleData>
            <SimpleData name="Sexo">Mujer</SimpleData>
            <SimpleData name="Cambio_de_">NO</SimpleData>
            <SimpleData name="Titular_se">NO</SimpleData>
            <SimpleData name="ci_UNIF">6643867.00000000000</SimpleData>
            <SimpleData name="Situación">NO</SimpleData>
            <SimpleData name="Comunidad">Campesina</SimpleData>
            <SimpleData name="Modelo_imp">Modelo 5</SimpleData>
            <SimpleData name="Departamen">CAAGUAZU</SimpleData>
            <SimpleData name="Distrito">CARAYAO</SimpleData>
            <SimpleData name="Localidad">CRISTO REY</SimpleData>
            <SimpleData name="Teléfono">0985265421</SimpleData>
            <SimpleData name="Vivienda_L">-25.19104370000</SimpleData>
            <SimpleData name="Vivienda_1">-56.31741780000</SimpleData>
            <SimpleData name="Superficie">0.70000000000</SimpleData>
            <SimpleData name="Situaci_1">Par?metro</SimpleData>
            <SimpleData name="Plantado">SI</SimpleData>
            <SimpleData name="Fecha_Plan">2026/07/14</SimpleData>
            <SimpleData name="Jornales">0.00000000000</SimpleData>
            <SimpleData name="Monto">0.00000000000</SimpleData>
            <SimpleData name="Grupo_de_p">D-GN-XX-XX-XX</SimpleData>
            <SimpleData name="Estado_del">Activo</SimpleData>
            <SimpleData name="Empresa">Unique Wood Paraguay SA</SimpleData>
            <SimpleData name="Lote">D</SimpleData>
            <SimpleData name="Parametro">0.00000000000</SimpleData>
            <SimpleData name="Sup_SIG">0.71652546229</SimpleData>
            <SimpleData name="X">-56.28804023000</SimpleData>
            <SimpleData name="Y">-25.18953881000</SimpleData>
            <SimpleData name="cedula">6643867</SimpleData>
            <SimpleData name="Cédula_1">6643867.00000000000</SimpleData>
            <SimpleData name="Estado_d_1">Activo</SimpleData>
            <SimpleData name="OBJECTID_1">5786</SimpleData>
            <SimpleData name="Shape_Leng">357.44444155100</SimpleData>
            <SimpleData name="Shape_Area">7165.25462287000</SimpleData>
          </SchemaData>
        </ExtendedData>
        <Polygon>
          <outerBoundaryIs>
            <LinearRing>
              <coordinates>
                -56.2876625954087,-25.189043698475,0
                -56.2877999000109,-25.1900551996289,0
                -56.2884545996488,-25.1900436999471,0
                -56.2882265155173,-25.1889886116522,0
                -56.2882218000554,-25.1889668003809,0
                -56.287662500225,-25.1890429999657,0
                -56.2876625954087,-25.189043698475,0
              </coordinates>
            </LinearRing>
          </outerBoundaryIs>
        </Polygon>
      </Placemark>
      <Placemark id="Lote_D.244">
        <ExtendedData>
          <SchemaData schemaUrl="#Lote_D.schema">
            <SimpleData name="Cédula">3403260.00000000000</SimpleData>
            <SimpleData name="Nombres_y_">MARIA SUNILDA LEDEZMA</SimpleData>
            <SimpleData name="Sexo">Mujer</SimpleData>
            <SimpleData name="Cambio_de_">NO</SimpleData>
            <SimpleData name="Titular_se">NO</SimpleData>
            <SimpleData name="ci_UNIF">3403260.00000000000</SimpleData>
            <SimpleData name="Situación">NO</SimpleData>
            <SimpleData name="Comunidad">Campesina</SimpleData>
            <SimpleData name="Modelo_imp">Modelo 2</SimpleData>
            <SimpleData name="Departamen">CAAGUAZU</SimpleData>
            <SimpleData name="Distrito">CARAYAO</SimpleData>
            <SimpleData name="Localidad">SANTA CATALINA</SimpleData>
            <SimpleData name="Teléfono">0981078818</SimpleData>
            <SimpleData name="Vivienda_L">-25.15321960000</SimpleData>
            <SimpleData name="Vivienda_1">-56.33965420000</SimpleData>
            <SimpleData name="Superficie">0.80000000000</SimpleData>
            <SimpleData name="Situaci_1">Par?metro</SimpleData>
            <SimpleData name="Plantado">SI</SimpleData>
            <SimpleData name="Fecha_Plan">2026/07/14</SimpleData>
            <SimpleData name="Jornales">0.00000000000</SimpleData>
            <SimpleData name="Monto">0.00000000000</SimpleData>
            <SimpleData name="Grupo_de_p">D-GN-XX-XX-XX</SimpleData>
            <SimpleData name="Estado_del">Activo</SimpleData>
            <SimpleData name="Empresa">Unique Wood Paraguay SA</SimpleData>
            <SimpleData name="Lote">D</SimpleData>
            <SimpleData name="Parametro">0.00000000000</SimpleData>
            <SimpleData name="Sup_SIG">0.72675095993</SimpleData>
            <SimpleData name="X">-56.28228451000</SimpleData>
            <SimpleData name="Y">-25.18870805000</SimpleData>
            <SimpleData name="cedula">3403260</SimpleData>
            <SimpleData name="Cédula_1">3403260.00000000000</SimpleData>
            <SimpleData name="Estado_d_1">Activo</SimpleData>
            <SimpleData name="OBJECTID_1">5784</SimpleData>
            <SimpleData name="Shape_Leng">358.45114997100</SimpleData>
            <SimpleData name="Shape_Area">7267.50959934000</SimpleData>
          </SchemaData>
        </ExtendedData>
        <Polygon>
          <outerBoundaryIs>
            <LinearRing>
              <coordinates>
                -56.2824594392464,-25.188154548272,0
                -56.2824640997584,-25.1881736999894,0
                -56.282162846726,-25.1881830525387,0
                -56.2819375999759,-25.1882046998488,0
                -56.281985199906,-25.1892113995488,0
                -56.2827032003459,-25.1891741002673,0
                -56.282497400062,-25.1881508998703,0
                -56.2824594392464,-25.188154548272,0
              </coordinates>
            </LinearRing>
          </outerBoundaryIs>
        </Polygon>
      </Placemark>
      <Placemark id="Lote_D.245">
        <ExtendedData>
          <SchemaData schemaUrl="#Lote_D.schema">
            <SimpleData name="Cédula">4860927.00000000000</SimpleData>
            <SimpleData name="Nombres_y_">NINFA RIVAS SALINAS</SimpleData>
            <SimpleData name="Sexo">Mujer</SimpleData>
            <SimpleData name="Cambio_de_">NO</SimpleData>
            <SimpleData name="Titular_se">NO</SimpleData>
            <SimpleData name="ci_UNIF">4860927.00000000000</SimpleData>
            <SimpleData name="Situación">NO</SimpleData>
            <SimpleData name="Comunidad">Campesina</SimpleData>
            <SimpleData name="Modelo_imp">Modelo 2</SimpleData>
            <SimpleData name="Departamen">CAAGUAZU</SimpleData>
            <SimpleData name="Distrito">CARAYAO</SimpleData>
            <SimpleData name="Localidad">PARA GUASU</SimpleData>
            <SimpleData name="Teléfono">0971466903</SimpleData>
            <SimpleData name="Vivienda_L">-25.16551580000</SimpleData>
            <SimpleData name="Vivienda_1">-56.21226660000</SimpleData>
            <SimpleData name="Superficie">0.80000000000</SimpleData>
            <SimpleData name="Situaci_1">Par?metro</SimpleData>
            <SimpleData name="Plantado">SI</SimpleData>
            <SimpleData name="Fecha_Plan">2026/07/14</SimpleData>
            <SimpleData name="Jornales">0.00000000000</SimpleData>
            <SimpleData name="Monto">0.00000000000</SimpleData>
            <SimpleData name="Grupo_de_p">D-GN-XX-XX-XX</SimpleData>
            <SimpleData name="Estado_del">Activo</SimpleData>
            <SimpleData name="Empresa">Unique Wood Paraguay SA</SimpleData>
            <SimpleData name="Lote">D</SimpleData>
            <SimpleData name="Parametro">0.00000000000</SimpleData>
            <SimpleData name="Sup_SIG">0.93047377362</SimpleData>
            <SimpleData name="X">-56.28770648000</SimpleData>
            <SimpleData name="Y">-25.18720256000</SimpleData>
            <SimpleData name="cedula">4860927</SimpleData>
            <SimpleData name="Cédula_1">4860927.00000000000</SimpleData>
            <SimpleData name="Estado_d_1">Activo</SimpleData>
            <SimpleData name="OBJECTID_1">5766</SimpleData>
            <SimpleData name="Shape_Leng">410.70625380100</SimpleData>
            <SimpleData name="Shape_Area">9304.73773618000</SimpleData>
          </SchemaData>
        </ExtendedData>
        <Polygon>
          <outerBoundaryIs>
            <LinearRing>
              <coordinates>
                -56.2872558997412,-25.1866536997746,0
                -56.2875065001814,-25.1879086003275,0
                -56.2880897004125,-25.1877683000504,0
                -56.2880014998836,-25.1865701001175,0
                -56.2872558997412,-25.1866536997746,0
              </coordinates>
            </LinearRing>
          </outerBoundaryIs>
        </Polygon>
      </Placemark>
      <Placemark id="Lote_D.246">
        <ExtendedData>
          <SchemaData schemaUrl="#Lote_D.schema">
            <SimpleData name="Cédula">8067810.00000000000</SimpleData>
            <SimpleData name="Nombres_y_">ADRIANA CHENGYGI</SimpleData>
            <SimpleData name="Sexo">Mujer</SimpleData>
            <SimpleData name="Cambio_de_">NO</SimpleData>
            <SimpleData name="Titular_se">NO</SimpleData>
            <SimpleData name="ci_UNIF">8067810.00000000000</SimpleData>
            <SimpleData name="Situación">NO</SimpleData>
            <SimpleData name="Comunidad">Ind?gena</SimpleData>
            <SimpleData name="Modelo_imp">Modelo 5</SimpleData>
            <SimpleData name="Departamen">CAAGUAZU</SimpleData>
            <SimpleData name="Distrito">SAN JOAQUIN</SimpleData>
            <SimpleData name="Localidad">COM INDIG CERRO MOROTI</SimpleData>
            <SimpleData name="Teléfono">0983060041</SimpleData>
            <SimpleData name="Vivienda_L">-25.01340290000</SimpleData>
            <SimpleData name="Vivienda_1">-56.13925310000</SimpleData>
            <SimpleData name="Superficie">0.70000000000</SimpleData>
            <SimpleData name="Situaci_1">Par?metro</SimpleData>
            <SimpleData name="Plantado">SI</SimpleData>
            <SimpleData name="Fecha_Plan">2026/07/14</SimpleData>
            <SimpleData name="Jornales">0.00000000000</SimpleData>
            <SimpleData name="Monto">0.00000000000</SimpleData>
            <SimpleData name="Grupo_de_p">D-GN-XX-XX-XX</SimpleData>
            <SimpleData name="Estado_del">Activo</SimpleData>
            <SimpleData name="Empresa">Unique Wood Paraguay SA</SimpleData>
            <SimpleData name="Lote">D</SimpleData>
            <SimpleData name="Parametro">0.00000000000</SimpleData>
            <SimpleData name="Sup_SIG">0.73105965467</SimpleData>
            <SimpleData name="X">-56.13812025000</SimpleData>
            <SimpleData name="Y">-25.01315866000</SimpleData>
            <SimpleData name="cedula">8067810</SimpleData>
            <SimpleData name="Cédula_1">8067810.00000000000</SimpleData>
            <SimpleData name="Estado_d_1">Activo</SimpleData>
            <SimpleData name="OBJECTID_1">5716</SimpleData>
            <SimpleData name="Shape_Leng">391.02788869400</SimpleData>
            <SimpleData name="Shape_Area">7310.59654667000</SimpleData>
          </SchemaData>
        </ExtendedData>
        <Polygon>
          <outerBoundaryIs>
            <LinearRing>
              <coordinates>
                -56.1380423169347,-25.0127766221925,0
                -56.1375267995562,-25.0128495995635,0
                -56.1375262024546,-25.0133172758475,0
                -56.1375262004348,-25.0133186999322,0
                -56.1378594998845,-25.0133559001609,0
                -56.1385976861547,-25.013556383089,0
                -56.1387767000696,-25.0136050003819,0
                -56.1387632998247,-25.0131900997731,0
                -56.138379999983,-25.0131262999335,0
                -56.1383355149087,-25.0127579804686,0
                -56.1380423169347,-25.0127766221925,0
              </coordinates>
            </LinearRing>
          </outerBoundaryIs>
        </Polygon>
      </Placemark>
      <Placemark id="Lote_D.247">
        <ExtendedData>
          <SchemaData schemaUrl="#Lote_D.schema">
            <SimpleData name="Cédula">6175668.00000000000</SimpleData>
            <SimpleData name="Nombres_y_">MARIA ANGELA PIKYGI VELAZQUEZ GARCETE</SimpleData>
            <SimpleData name="Sexo">Mujer</SimpleData>
            <SimpleData name="Cambio_de_">NO</SimpleData>
            <SimpleData name="Titular_se">NO</SimpleData>
            <SimpleData name="ci_UNIF">6175668.00000000000</SimpleData>
            <SimpleData name="Situación">NO</SimpleData>
            <SimpleData name="Comunidad">Ind?gena</SimpleData>
            <SimpleData name="Modelo_imp">Modelo 1</SimpleData>
            <SimpleData name="Departamen">CAAGUAZU</SimpleData>
            <SimpleData name="Distrito">SAN JOAQUIN</SimpleData>
            <SimpleData name="Localidad">COM INDIG CERRO MOROTI</SimpleData>
            <SimpleData name="Teléfono">0984272585</SimpleData>
            <SimpleData name="Vivienda_L">-25.01302550000</SimpleData>
            <SimpleData name="Vivienda_1">-56.13950300000</SimpleData>
            <SimpleData name="Superficie">0.80000000000</SimpleData>
            <SimpleData name="Situaci_1">Par?metro</SimpleData>
            <SimpleData name="Plantado">SI</SimpleData>
            <SimpleData name="Fecha_Plan">2026/07/17</SimpleData>
            <SimpleData name="Jornales">0.00000000000</SimpleData>
            <SimpleData name="Monto">0.00000000000</SimpleData>
            <SimpleData name="Grupo_de_p">D-GN-XX-XX-XX</SimpleData>
            <SimpleData name="Estado_del">Activo</SimpleData>
            <SimpleData name="Empresa">Unique Wood Paraguay SA</SimpleData>
            <SimpleData name="Lote">D</SimpleData>
            <SimpleData name="Parametro">0.00000000000</SimpleData>
            <SimpleData name="Sup_SIG">0.92437409484</SimpleData>
            <SimpleData name="X">-56.12108646000</SimpleData>
            <SimpleData name="Y">-25.02626307000</SimpleData>
            <SimpleData name="cedula">6175668</SimpleData>
            <SimpleData name="Cédula_1">6175668.00000000000</SimpleData>
            <SimpleData name="Estado_d_1">Activo</SimpleData>
            <SimpleData name="OBJECTID_1">5714</SimpleData>
            <SimpleData name="Shape_Leng">407.59097613000</SimpleData>
            <SimpleData name="Shape_Area">9243.74094837000</SimpleData>
          </SchemaData>
        </ExtendedData>
        <Polygon>
          <outerBoundaryIs>
            <LinearRing>
              <coordinates>
                -56.1207086816389,-25.0257004097196,0
                -56.1207372997855,-25.0257088002596,0
                -56.1207303008778,-25.0263939149359,0
                -56.1207433004864,-25.0268108997473,0
                -56.1210016939109,-25.0268325639644,0
                -56.1214813162417,-25.0268687378791,0
                -56.1213998998517,-25.025700799982,0
                -56.1207064995439,-25.0256303996774,0
                -56.1207086816389,-25.0257004097196,0
              </coordinates>
            </LinearRing>
          </outerBoundaryIs>
        </Polygon>
      </Placemark>
      <Placemark id="Lote_D.248">
        <ExtendedData>
          <SchemaData schemaUrl="#Lote_D.schema">
            <SimpleData name="Cédula">7474749.00000000000</SimpleData>
            <SimpleData name="Nombres_y_">EDITH RAMONA CANO MARTINEZ</SimpleData>
            <SimpleData name="Sexo">Mujer</SimpleData>
            <SimpleData name="Cambio_de_">NO</SimpleData>
            <SimpleData name="Titular_se">NO</SimpleData>
            <SimpleData name="ci_UNIF">7474749.00000000000</SimpleData>
            <SimpleData name="Situación">NO</SimpleData>
            <SimpleData name="Comunidad">Campesina</SimpleData>
            <SimpleData name="Modelo_imp">Modelo 5</SimpleData>
            <SimpleData name="Departamen">CAAGUAZU</SimpleData>
            <SimpleData name="Distrito">CARAYAO</SimpleData>
            <SimpleData name="Localidad">COLONIA SANTA CATALINA</SimpleData>
            <SimpleData name="Teléfono">983355927</SimpleData>
            <SimpleData name="Vivienda_L">-25.19020330000</SimpleData>
            <SimpleData name="Vivienda_1">-56.35633500000</SimpleData>
            <SimpleData name="Superficie">0.70000000000</SimpleData>
            <SimpleData name="Situaci_1">Parametro</SimpleData>
            <SimpleData name="Plantado">SI</SimpleData>
            <SimpleData name="Fecha_Plan">2026/07/14</SimpleData>
            <SimpleData name="Jornales">0.00000000000</SimpleData>
            <SimpleData name="Monto">0.00000000000</SimpleData>
            <SimpleData name="Grupo_de_p">D-GN-XX-XX-XX</SimpleData>
            <SimpleData name="Estado_del">Activo</SimpleData>
            <SimpleData name="Empresa">Unique Wood Paraguay SA</SimpleData>
            <SimpleData name="Lote">D</SimpleData>
            <SimpleData name="Parametro">0.00000000000</SimpleData>
            <SimpleData name="Sup_SIG">0.69745724558</SimpleData>
            <SimpleData name="X">-56.28214338000</SimpleData>
            <SimpleData name="Y">-25.18782370000</SimpleData>
            <SimpleData name="cedula">7474749</SimpleData>
            <SimpleData name="Cédula_1">7474749.00000000000</SimpleData>
            <SimpleData name="Estado_d_1">Activo</SimpleData>
            <SimpleData name="OBJECTID_1">6302</SimpleData>
            <SimpleData name="Shape_Leng">486.44258231000</SimpleData>
            <SimpleData name="Shape_Area">6974.57245580000</SimpleData>
          </SchemaData>
        </ExtendedData>
        <MultiGeometry>
          <Polygon>
            <outerBoundaryIs>
              <LinearRing>
                <coordinates>
                  -56.2828206000399,-25.1899585999817,0
                  -56.2833506996691,-25.1898771002572,0
                  -56.2834009997216,-25.1894263996587,0
                  -56.2827332996852,-25.1894594996118,0
                  -56.2828206000399,-25.1899585999817,0
                </coordinates>
              </LinearRing>
            </outerBoundaryIs>
          </Polygon>
          <Polygon>
            <outerBoundaryIs>
              <LinearRing>
                <coordinates>
                  -56.2819744996645,-25.1881888996303,0
                  -56.282162846726,-25.1881830525387,0
                  -56.2824640997584,-25.1881736999894,0
                  -56.2824594392464,-25.188154548272,0
                  -56.2822925001957,-25.1874685002841,0
                  -56.2818471000703,-25.1874356997061,0
                  -56.2819744996645,-25.1881888996303,0
                </coordinates>
              </LinearRing>
            </outerBoundaryIs>
          </Polygon>
        </MultiGeometry>
      </Placemark>
      <Placemark id="Lote_D.249">
        <ExtendedData>
          <SchemaData schemaUrl="#Lote_D.schema">
            <SimpleData name="Cédula">6175662.00000000000</SimpleData>
            <SimpleData name="Nombres_y_">ROSALINA CHACHUPURAGI</SimpleData>
            <SimpleData name="Sexo">Mujer</SimpleData>
            <SimpleData name="Cambio_de_">NO</SimpleData>
            <SimpleData name="Titular_se">NO</SimpleData>
            <SimpleData name="ci_UNIF">6175662.00000000000</SimpleData>
            <SimpleData name="Situación">NO</SimpleData>
            <SimpleData name="Comunidad">Ind?gena</SimpleData>
            <SimpleData name="Modelo_imp">Modelo 1</SimpleData>
            <SimpleData name="Departamen">CAAGUAZU</SimpleData>
            <SimpleData name="Distrito">SAN JOAQUIN</SimpleData>
            <SimpleData name="Localidad">COM INDIG CERRO MOROTI</SimpleData>
            <SimpleData name="Teléfono">0984321345</SimpleData>
            <SimpleData name="Vivienda_L">-25.01482800000</SimpleData>
            <SimpleData name="Vivienda_1">-56.13934180000</SimpleData>
            <SimpleData name="Superficie">0.80000000000</SimpleData>
            <SimpleData name="Situaci_1">Par?metro</SimpleData>
            <SimpleData name="Plantado">SI</SimpleData>
            <SimpleData name="Fecha_Plan">2026/07/17</SimpleData>
            <SimpleData name="Jornales">0.00000000000</SimpleData>
            <SimpleData name="Monto">0.00000000000</SimpleData>
            <SimpleData name="Grupo_de_p">D-GN-XX-XX-XX</SimpleData>
            <SimpleData name="Estado_del">Activo</SimpleData>
            <SimpleData name="Empresa">Unique Wood Paraguay SA</SimpleData>
            <SimpleData name="Lote">D</SimpleData>
            <SimpleData name="Parametro">0.00000000000</SimpleData>
            <SimpleData name="Sup_SIG">0.84333741613</SimpleData>
            <SimpleData name="X">-56.11912232000</SimpleData>
            <SimpleData name="Y">-25.02602152000</SimpleData>
            <SimpleData name="cedula">6175662</SimpleData>
            <SimpleData name="Cédula_1">6175662.00000000000</SimpleData>
            <SimpleData name="Estado_d_1">Activo</SimpleData>
            <SimpleData name="OBJECTID_1">5667</SimpleData>
            <SimpleData name="Shape_Leng">411.01420228800</SimpleData>
            <SimpleData name="Shape_Area">8433.37416128000</SimpleData>
          </SchemaData>
        </ExtendedData>
        <Polygon>
          <outerBoundaryIs>
            <LinearRing>
              <coordinates>
                -56.1189949631054,-25.0266881489382,0
                -56.1189950000399,-25.0266801997227,0
                -56.1193949408054,-25.026713849112,0
                -56.1194392002466,-25.0254450001374,0
                -56.1188249998115,-25.0253500000813,0
                -56.1188118000371,-25.0265349998866,0
                -56.1189649998562,-25.0265311002706,0
                -56.1189728004792,-25.0266864995689,0
                -56.1189949631054,-25.0266881489382,0
              </coordinates>
            </LinearRing>
          </outerBoundaryIs>
        </Polygon>
      </Placemark>
      <Placemark id="Lote_D.250">
        <ExtendedData>
          <SchemaData schemaUrl="#Lote_D.schema">
            <SimpleData name="Cédula">5146974.00000000000</SimpleData>
            <SimpleData name="Nombres_y_">FELICITA MENDEZ MIRANDA</SimpleData>
            <SimpleData name="Sexo">Mujer</SimpleData>
            <SimpleData name="Cambio_de_">NO</SimpleData>
            <SimpleData name="Titular_se">NO</SimpleData>
            <SimpleData name="ci_UNIF">5146974.00000000000</SimpleData>
            <SimpleData name="Situación">NO</SimpleData>
            <SimpleData name="Comunidad">Ind?gena</SimpleData>
            <SimpleData name="Modelo_imp">Modelo 1</SimpleData>
            <SimpleData name="Departamen">CAAGUAZU</SimpleData>
            <SimpleData name="Distrito">SAN JOAQUIN</SimpleData>
            <SimpleData name="Localidad">COM INDIG CERRO MOROTI</SimpleData>
            <SimpleData name="Teléfono">ND</SimpleData>
            <SimpleData name="Vivienda_L">-25.01840100000</SimpleData>
            <SimpleData name="Vivienda_1">-56.14274420000</SimpleData>
            <SimpleData name="Superficie">0.80000000000</SimpleData>
            <SimpleData name="Situaci_1">Par?metro</SimpleData>
            <SimpleData name="Plantado">SI</SimpleData>
            <SimpleData name="Fecha_Plan">2026/07/17</SimpleData>
            <SimpleData name="Jornales">0.00000000000</SimpleData>
            <SimpleData name="Monto">0.00000000000</SimpleData>
            <SimpleData name="Grupo_de_p">D-GN-XX-XX-XX</SimpleData>
            <SimpleData name="Estado_del">Activo</SimpleData>
            <SimpleData name="Empresa">Unique Wood Paraguay SA</SimpleData>
            <SimpleData name="Lote">D</SimpleData>
            <SimpleData name="Parametro">0.00000000000</SimpleData>
            <SimpleData name="Sup_SIG">0.97653545241</SimpleData>
            <SimpleData name="X">-56.11843883000</SimpleData>
            <SimpleData name="Y">-25.02598671000</SimpleData>
            <SimpleData name="cedula">5146974</SimpleData>
            <SimpleData name="Cédula_1">5146974.00000000000</SimpleData>
            <SimpleData name="Estado_d_1">Activo</SimpleData>
            <SimpleData name="OBJECTID_1">5661</SimpleData>
            <SimpleData name="Shape_Leng">444.05007411600</SimpleData>
            <SimpleData name="Shape_Area">9765.35452406000</SimpleData>
          </SchemaData>
        </ExtendedData>
        <Polygon>
          <outerBoundaryIs>
            <LinearRing>
              <coordinates>
                -56.1180744194138,-25.0253789817939,0
                -56.1181007001582,-25.0253774002767,0
                -56.1180942596418,-25.0261653999481,0
                -56.1181075430205,-25.026691895062,0
                -56.1181078001284,-25.0267021000004,0
                -56.1183038654692,-25.0267005278633,0
                -56.1184321003904,-25.0266994995634,0
                -56.1184455001593,-25.0264956001624,0
                -56.1188096000003,-25.0265171997251,0
                -56.1188072000051,-25.0253774001675,0
                -56.1180739004815,-25.0253584003085,0
                -56.1180744194138,-25.0253789817939,0
              </coordinates>
            </LinearRing>
          </outerBoundaryIs>
        </Polygon>
      </Placemark>
      <Placemark id="Lote_D.251">
        <ExtendedData>
          <SchemaData schemaUrl="#Lote_D.schema">
            <SimpleData name="Cédula">6547174.00000000000</SimpleData>
            <SimpleData name="Nombres_y_">ROSANA PICHUGI VYRATANGI PIKIGUI</SimpleData>
            <SimpleData name="Sexo">Mujer</SimpleData>
            <SimpleData name="Cambio_de_">NO</SimpleData>
            <SimpleData name="Titular_se">NO</SimpleData>
            <SimpleData name="ci_UNIF">6547174.00000000000</SimpleData>
            <SimpleData name="Situación">NO</SimpleData>
            <SimpleData name="Comunidad">Ind?gena</SimpleData>
            <SimpleData name="Modelo_imp">Modelo 1</SimpleData>
            <SimpleData name="Departamen">CAAGUAZU</SimpleData>
            <SimpleData name="Distrito">SAN JOAQUIN</SimpleData>
            <SimpleData name="Localidad">COM INDIG CERRO MOROTI</SimpleData>
            <SimpleData name="Teléfono">0986767727</SimpleData>
            <SimpleData name="Vivienda_L">-25.01768490000</SimpleData>
            <SimpleData name="Vivienda_1">-56.13788840000</SimpleData>
            <SimpleData name="Superficie">0.80000000000</SimpleData>
            <SimpleData name="Situaci_1">Par?metro</SimpleData>
            <SimpleData name="Plantado">SI</SimpleData>
            <SimpleData name="Fecha_Plan">2026/07/17</SimpleData>
            <SimpleData name="Jornales">0.00000000000</SimpleData>
            <SimpleData name="Monto">0.00000000000</SimpleData>
            <SimpleData name="Grupo_de_p">D-GN-XX-XX-XX</SimpleData>
            <SimpleData name="Estado_del">Activo</SimpleData>
            <SimpleData name="Empresa">Unique Wood Paraguay SA</SimpleData>
            <SimpleData name="Lote">D</SimpleData>
            <SimpleData name="Parametro">0.00000000000</SimpleData>
            <SimpleData name="Sup_SIG">0.93572032712</SimpleData>
            <SimpleData name="X">-56.12037113000</SimpleData>
            <SimpleData name="Y">-25.02619619000</SimpleData>
            <SimpleData name="cedula">6547174</SimpleData>
            <SimpleData name="Cédula_1">6547174.00000000000</SimpleData>
            <SimpleData name="Estado_d_1">Activo</SimpleData>
            <SimpleData name="OBJECTID_1">5710</SimpleData>
            <SimpleData name="Shape_Leng">413.33313498600</SimpleData>
            <SimpleData name="Shape_Area">9357.20327116000</SimpleData>
          </SchemaData>
        </ExtendedData>
        <Polygon>
          <outerBoundaryIs>
            <LinearRing>
              <coordinates>
                -56.1200233253652,-25.0267703775618,0
                -56.1206481995151,-25.0268081996615,0
                -56.1206478177554,-25.0268279730147,0
                -56.1206546058245,-25.0268285495776,0
                -56.1206548003448,-25.0268064001288,0
                -56.1207260328377,-25.0268117728804,0
                -56.1207303008778,-25.0263939149359,0
                -56.1207372997855,-25.0257088002596,0
                -56.1207086816389,-25.0257004097196,0
                -56.1200302998206,-25.0255014998949,0
                -56.1200233253652,-25.0267703775618,0
              </coordinates>
            </LinearRing>
          </outerBoundaryIs>
        </Polygon>
      </Placemark>
      <Placemark id="Lote_D.252">
        <ExtendedData>
          <SchemaData schemaUrl="#Lote_D.schema">
            <SimpleData name="Cédula">6577736.00000000000</SimpleData>
            <SimpleData name="Nombres_y_">ISA  CHEJUGI</SimpleData>
            <SimpleData name="Sexo">Mujer</SimpleData>
            <SimpleData name="Cambio_de_">NO</SimpleData>
            <SimpleData name="Titular_se">NO</SimpleData>
            <SimpleData name="ci_UNIF">6577736.00000000000</SimpleData>
            <SimpleData name="Situación">NO</SimpleData>
            <SimpleData name="Comunidad">Ind?gena</SimpleData>
            <SimpleData name="Modelo_imp">Modelo 1</SimpleData>
            <SimpleData name="Departamen">CAAGUAZU</SimpleData>
            <SimpleData name="Distrito">SAN JOAQUIN</SimpleData>
            <SimpleData name="Localidad">COM INDIG CERRO MOROTI</SimpleData>
            <SimpleData name="Teléfono">9851366432</SimpleData>
            <SimpleData name="Vivienda_L">-25.01657220000</SimpleData>
            <SimpleData name="Vivienda_1">-56.13995940000</SimpleData>
            <SimpleData name="Superficie">0.80000000000</SimpleData>
            <SimpleData name="Situaci_1">Par?metro</SimpleData>
            <SimpleData name="Plantado">SI</SimpleData>
            <SimpleData name="Fecha_Plan">2026/07/17</SimpleData>
            <SimpleData name="Jornales">0.00000000000</SimpleData>
            <SimpleData name="Monto">0.00000000000</SimpleData>
            <SimpleData name="Grupo_de_p">D-GN-XX-XX-XX</SimpleData>
            <SimpleData name="Estado_del">Activo</SimpleData>
            <SimpleData name="Empresa">Unique Wood Paraguay SA</SimpleData>
            <SimpleData name="Lote">D</SimpleData>
            <SimpleData name="Parametro">0.00000000000</SimpleData>
            <SimpleData name="Sup_SIG">0.97634285908</SimpleData>
            <SimpleData name="X">-56.11801983000</SimpleData>
            <SimpleData name="Y">-25.02697199000</SimpleData>
            <SimpleData name="cedula">6577736</SimpleData>
            <SimpleData name="Cédula_1">6577736.00000000000</SimpleData>
            <SimpleData name="Estado_d_1">Activo</SimpleData>
            <SimpleData name="OBJECTID_1">6227</SimpleData>
            <SimpleData name="Shape_Leng">440.19642245300</SimpleData>
            <SimpleData name="Shape_Area">9763.42859080000</SimpleData>
          </SchemaData>
        </ExtendedData>
        <Polygon>
          <outerBoundaryIs>
            <LinearRing>
              <coordinates>
                -56.1183038654692,-25.0267005278633,0
                -56.1181078001284,-25.0267021000004,0
                -56.1181075430205,-25.026691895062,0
                -56.1177181847556,-25.0266747728108,0
                -56.1174696998423,-25.0266668002982,0
                -56.1174697843908,-25.0266638478702,0
                -56.1172686001864,-25.0266549999738,0
                -56.1172144004278,-25.0272129001205,0
                -56.1188017003011,-25.0272882001156,0
                -56.1187899004846,-25.0267218998409,0
                -56.1183038654692,-25.0267005278633,0
              </coordinates>
            </LinearRing>
          </outerBoundaryIs>
        </Polygon>
      </Placemark>
      <Placemark id="Lote_D.253">
        <ExtendedData>
          <SchemaData schemaUrl="#Lote_D.schema">
            <SimpleData name="Cédula">1608879.00000000000</SimpleData>
            <SimpleData name="Nombres_y_">ANA KRYPURAGI AMARILLA</SimpleData>
            <SimpleData name="Sexo">Mujer</SimpleData>
            <SimpleData name="Cambio_de_">NO</SimpleData>
            <SimpleData name="Titular_se">NO</SimpleData>
            <SimpleData name="ci_UNIF">1608879.00000000000</SimpleData>
            <SimpleData name="Situación">NO</SimpleData>
            <SimpleData name="Comunidad">Ind?gena</SimpleData>
            <SimpleData name="Modelo_imp">Modelo 2</SimpleData>
            <SimpleData name="Departamen">CAAGUAZU</SimpleData>
            <SimpleData name="Distrito">SAN JOAQUIN</SimpleData>
            <SimpleData name="Localidad">COM INDIG CERRO MOROTI</SimpleData>
            <SimpleData name="Teléfono">ND</SimpleData>
            <SimpleData name="Vivienda_L">-25.01779670000</SimpleData>
            <SimpleData name="Vivienda_1">-56.14088000000</SimpleData>
            <SimpleData name="Superficie">0.80000000000</SimpleData>
            <SimpleData name="Situaci_1">Par?metro</SimpleData>
            <SimpleData name="Plantado">SI</SimpleData>
            <SimpleData name="Fecha_Plan">2026/07/17</SimpleData>
            <SimpleData name="Jornales">0.00000000000</SimpleData>
            <SimpleData name="Monto">0.00000000000</SimpleData>
            <SimpleData name="Grupo_de_p">D-GN-XX-XX-XX</SimpleData>
            <SimpleData name="Estado_del">Activo</SimpleData>
            <SimpleData name="Empresa">Unique Wood Paraguay SA</SimpleData>
            <SimpleData name="Lote">D</SimpleData>
            <SimpleData name="Parametro">0.00000000000</SimpleData>
            <SimpleData name="Sup_SIG">0.92671568765</SimpleData>
            <SimpleData name="X">-56.11997096000</SimpleData>
            <SimpleData name="Y">-25.02930864000</SimpleData>
            <SimpleData name="cedula">1608879</SimpleData>
            <SimpleData name="Cédula_1">1608879.00000000000</SimpleData>
            <SimpleData name="Estado_d_1">Activo</SimpleData>
            <SimpleData name="OBJECTID_1">5654</SimpleData>
            <SimpleData name="Shape_Leng">406.09619254100</SimpleData>
            <SimpleData name="Shape_Area">9267.15687645000</SimpleData>
          </SchemaData>
        </ExtendedData>
        <Polygon>
          <outerBoundaryIs>
            <LinearRing>
              <coordinates>
                -56.1196067004603,-25.0286841999541,0
                -56.1196513000321,-25.0299186002102,0
                -56.1203500996525,-25.0298959997845,0
                -56.1202871004871,-25.0287235997554,0
                -56.1196067004603,-25.0286841999541,0
              </coordinates>
            </LinearRing>
          </outerBoundaryIs>
        </Polygon>
      </Placemark>
      <Placemark id="Lote_D.254">
        <ExtendedData>
          <SchemaData schemaUrl="#Lote_D.schema">
            <SimpleData name="Cédula">1608831.00000000000</SimpleData>
            <SimpleData name="Nombres_y_">MARCELINA ACHIPURAGI MIRANDA DE MENDEZ</SimpleData>
            <SimpleData name="Sexo">Mujer</SimpleData>
            <SimpleData name="Cambio_de_">NO</SimpleData>
            <SimpleData name="Titular_se">NO</SimpleData>
            <SimpleData name="ci_UNIF">1608831.00000000000</SimpleData>
            <SimpleData name="Situación">NO</SimpleData>
            <SimpleData name="Comunidad">Ind?gena</SimpleData>
            <SimpleData name="Modelo_imp">Modelo 2</SimpleData>
            <SimpleData name="Departamen">CAAGUAZU</SimpleData>
            <SimpleData name="Distrito">SAN JOAQUIN</SimpleData>
            <SimpleData name="Localidad">COM INDIG CERRO MOROTI</SimpleData>
            <SimpleData name="Teléfono">ND</SimpleData>
            <SimpleData name="Vivienda_L">-25.01447600000</SimpleData>
            <SimpleData name="Vivienda_1">-56.13936510000</SimpleData>
            <SimpleData name="Superficie">0.80000000000</SimpleData>
            <SimpleData name="Situaci_1">Par?metro</SimpleData>
            <SimpleData name="Plantado">SI</SimpleData>
            <SimpleData name="Fecha_Plan">2026/07/17</SimpleData>
            <SimpleData name="Jornales">0.00000000000</SimpleData>
            <SimpleData name="Monto">0.00000000000</SimpleData>
            <SimpleData name="Grupo_de_p">D-GN-XX-XX-XX</SimpleData>
            <SimpleData name="Estado_del">Activo</SimpleData>
            <SimpleData name="Empresa">Unique Wood Paraguay SA</SimpleData>
            <SimpleData name="Lote">D</SimpleData>
            <SimpleData name="Parametro">0.00000000000</SimpleData>
            <SimpleData name="Sup_SIG">0.84490568822</SimpleData>
            <SimpleData name="X">-56.12104281000</SimpleData>
            <SimpleData name="Y">-25.02830718000</SimpleData>
            <SimpleData name="cedula">1608831</SimpleData>
            <SimpleData name="Cédula_1">1608831.00000000000</SimpleData>
            <SimpleData name="Estado_d_1">Activo</SimpleData>
            <SimpleData name="OBJECTID_1">5668</SimpleData>
            <SimpleData name="Shape_Leng">370.61887549500</SimpleData>
            <SimpleData name="Shape_Area">8449.05688217000</SimpleData>
          </SchemaData>
        </ExtendedData>
        <Polygon>
          <outerBoundaryIs>
            <LinearRing>
              <coordinates>
                -56.120677741088,-25.0278120379109,0
                -56.1206061063573,-25.0287283917321,0
                -56.120604300326,-25.0287514996957,0
                -56.1214530998021,-25.0287834000976,0
                -56.1214406997369,-25.0278508000703,0
                -56.1206779003183,-25.0278099997951,0
                -56.120677741088,-25.0278120379109,0
              </coordinates>
            </LinearRing>
          </outerBoundaryIs>
        </Polygon>
      </Placemark>
      <Placemark id="Lote_D.255">
        <ExtendedData>
          <SchemaData schemaUrl="#Lote_D.schema">
            <SimpleData name="Cédula">7313256.00000000000</SimpleData>
            <SimpleData name="Nombres_y_">ELISA NAMBUGI AMARILLA GOMEZ</SimpleData>
            <SimpleData name="Sexo">Mujer</SimpleData>
            <SimpleData name="Cambio_de_">NO</SimpleData>
            <SimpleData name="Titular_se">NO</SimpleData>
            <SimpleData name="ci_UNIF">7313256.00000000000</SimpleData>
            <SimpleData name="Situación">NO</SimpleData>
            <SimpleData name="Comunidad">Ind?gena</SimpleData>
            <SimpleData name="Modelo_imp">Modelo 1</SimpleData>
            <SimpleData name="Departamen">CAAGUAZU</SimpleData>
            <SimpleData name="Distrito">SAN JOAQUIN</SimpleData>
            <SimpleData name="Localidad">COM INDIG CERRO MOROTI</SimpleData>
            <SimpleData name="Teléfono">0986727612</SimpleData>
            <SimpleData name="Vivienda_L">-25.01720190000</SimpleData>
            <SimpleData name="Vivienda_1">-56.14196930000</SimpleData>
            <SimpleData name="Superficie">0.80000000000</SimpleData>
            <SimpleData name="Situaci_1">Par?metro</SimpleData>
            <SimpleData name="Plantado">SI</SimpleData>
            <SimpleData name="Fecha_Plan">2026/07/17</SimpleData>
            <SimpleData name="Jornales">0.00000000000</SimpleData>
            <SimpleData name="Monto">0.00000000000</SimpleData>
            <SimpleData name="Grupo_de_p">D-GN-XX-XX-XX</SimpleData>
            <SimpleData name="Estado_del">Activo</SimpleData>
            <SimpleData name="Empresa">Unique Wood Paraguay SA</SimpleData>
            <SimpleData name="Lote">D</SimpleData>
            <SimpleData name="Parametro">0.00000000000</SimpleData>
            <SimpleData name="Sup_SIG">0.82802411817</SimpleData>
            <SimpleData name="X">-56.11972726000</SimpleData>
            <SimpleData name="Y">-25.02611117000</SimpleData>
            <SimpleData name="cedula">7313256</SimpleData>
            <SimpleData name="Cédula_1">7313256.00000000000</SimpleData>
            <SimpleData name="Estado_d_1">Activo</SimpleData>
            <SimpleData name="OBJECTID_1">5707</SimpleData>
            <SimpleData name="Shape_Leng">400.01756620000</SimpleData>
            <SimpleData name="Shape_Area">8280.24118168000</SimpleData>
          </SchemaData>
        </ExtendedData>
        <Polygon>
          <outerBoundaryIs>
            <LinearRing>
              <coordinates>
                -56.1194152010815,-25.026715553973,0
                -56.1198067998766,-25.0267484999413,0
                -56.1198067868967,-25.0267533762647,0
                -56.1199984677974,-25.0267688731307,0
                -56.1200087002104,-25.0267697003895,0
                -56.1200087036737,-25.0267694927115,0
                -56.1200278002454,-25.0254957995747,0
                -56.1194566995877,-25.0254482996511,0
                -56.1194152010815,-25.026715553973,0
              </coordinates>
            </LinearRing>
          </outerBoundaryIs>
        </Polygon>
      </Placemark>
      <Placemark id="Lote_D.256">
        <ExtendedData>
          <SchemaData schemaUrl="#Lote_D.schema">
            <SimpleData name="Cédula">4244741.00000000000</SimpleData>
            <SimpleData name="Nombres_y_">ROSA TATUGI AMARILLA</SimpleData>
            <SimpleData name="Sexo">Mujer</SimpleData>
            <SimpleData name="Cambio_de_">NO</SimpleData>
            <SimpleData name="Titular_se">NO</SimpleData>
            <SimpleData name="ci_UNIF">4244741.00000000000</SimpleData>
            <SimpleData name="Situación">NO</SimpleData>
            <SimpleData name="Comunidad">Ind?gena</SimpleData>
            <SimpleData name="Modelo_imp">Modelo 2</SimpleData>
            <SimpleData name="Departamen">CAAGUAZU</SimpleData>
            <SimpleData name="Distrito">SAN JOAQUIN</SimpleData>
            <SimpleData name="Localidad">COM INDIG CERRO MOROTI</SimpleData>
            <SimpleData name="Teléfono">ND</SimpleData>
            <SimpleData name="Vivienda_L">-25.01914390000</SimpleData>
            <SimpleData name="Vivienda_1">-56.13993620000</SimpleData>
            <SimpleData name="Superficie">0.80000000000</SimpleData>
            <SimpleData name="Situaci_1">Par?metro</SimpleData>
            <SimpleData name="Plantado">SI</SimpleData>
            <SimpleData name="Fecha_Plan">2026/07/17</SimpleData>
            <SimpleData name="Jornales">0.00000000000</SimpleData>
            <SimpleData name="Monto">0.00000000000</SimpleData>
            <SimpleData name="Grupo_de_p">D-GN-XX-XX-XX</SimpleData>
            <SimpleData name="Estado_del">Activo</SimpleData>
            <SimpleData name="Empresa">Unique Wood Paraguay SA</SimpleData>
            <SimpleData name="Lote">D</SimpleData>
            <SimpleData name="Parametro">0.00000000000</SimpleData>
            <SimpleData name="Sup_SIG">0.83717558369</SimpleData>
            <SimpleData name="X">-56.11931008000</SimpleData>
            <SimpleData name="Y">-25.02928275000</SimpleData>
            <SimpleData name="cedula">4244741</SimpleData>
            <SimpleData name="Cédula_1">4244741.00000000000</SimpleData>
            <SimpleData name="Estado_d_1">Activo</SimpleData>
            <SimpleData name="OBJECTID_1">5645</SimpleData>
            <SimpleData name="Shape_Leng">395.95343081800</SimpleData>
            <SimpleData name="Shape_Area">8371.75583692000</SimpleData>
          </SchemaData>
        </ExtendedData>
        <Polygon>
          <outerBoundaryIs>
            <LinearRing>
              <coordinates>
                -56.1190417997491,-25.0298892999964,0
                -56.1196456998751,-25.0299089000308,0
                -56.119588899596,-25.0286942003958,0
                -56.1189686002473,-25.0286489001485,0
                -56.1190417997491,-25.0298892999964,0
              </coordinates>
            </LinearRing>
          </outerBoundaryIs>
        </Polygon>
      </Placemark>
      <Placemark id="Lote_D.257">
        <ExtendedData>
          <SchemaData schemaUrl="#Lote_D.schema">
            <SimpleData name="Cédula">6768156.00000000000</SimpleData>
            <SimpleData name="Nombres_y_">HILDA ATAGI VYRATANGI PIKIGUI</SimpleData>
            <SimpleData name="Sexo">Mujer</SimpleData>
            <SimpleData name="Cambio_de_">NO</SimpleData>
            <SimpleData name="Titular_se">NO</SimpleData>
            <SimpleData name="ci_UNIF">6768156.00000000000</SimpleData>
            <SimpleData name="Situación">NO</SimpleData>
            <SimpleData name="Comunidad">Ind?gena</SimpleData>
            <SimpleData name="Modelo_imp">Modelo 2</SimpleData>
            <SimpleData name="Departamen">CAAGUAZU</SimpleData>
            <SimpleData name="Distrito">SAN JOAQUIN</SimpleData>
            <SimpleData name="Localidad">COM INDIG CERRO MOROTI</SimpleData>
            <SimpleData name="Teléfono">0986351199</SimpleData>
            <SimpleData name="Vivienda_L">-25.01956190000</SimpleData>
            <SimpleData name="Vivienda_1">-56.14085800000</SimpleData>
            <SimpleData name="Superficie">0.80000000000</SimpleData>
            <SimpleData name="Situaci_1">Par?metro</SimpleData>
            <SimpleData name="Plantado">SI</SimpleData>
            <SimpleData name="Fecha_Plan">2026/07/17</SimpleData>
            <SimpleData name="Jornales">0.00000000000</SimpleData>
            <SimpleData name="Monto">0.00000000000</SimpleData>
            <SimpleData name="Grupo_de_p">D-GN-XX-XX-XX</SimpleData>
            <SimpleData name="Estado_del">Activo</SimpleData>
            <SimpleData name="Empresa">Unique Wood Paraguay SA</SimpleData>
            <SimpleData name="Lote">D</SimpleData>
            <SimpleData name="Parametro">0.00000000000</SimpleData>
            <SimpleData name="Sup_SIG">0.86142188348</SimpleData>
            <SimpleData name="X">-56.11940065000</SimpleData>
            <SimpleData name="Y">-25.02718881000</SimpleData>
            <SimpleData name="cedula">6768156</SimpleData>
            <SimpleData name="Cédula_1">6768156.00000000000</SimpleData>
            <SimpleData name="Estado_d_1">Activo</SimpleData>
            <SimpleData name="OBJECTID_1">5705</SimpleData>
            <SimpleData name="Shape_Leng">374.96839512700</SimpleData>
            <SimpleData name="Shape_Area">8614.21883478000</SimpleData>
          </SchemaData>
        </ExtendedData>
        <Polygon>
          <outerBoundaryIs>
            <LinearRing>
              <coordinates>
                -56.1189949631054,-25.0266881489382,0
                -56.1189906004876,-25.0276180000461,0
                -56.119804300107,-25.0277071998108,0
                -56.1198067868967,-25.0267533762647,0
                -56.1198067998766,-25.0267484999413,0
                -56.1194152010815,-25.026715553973,0
                -56.1193949408054,-25.026713849112,0
                -56.1189950000399,-25.0266801997227,0
                -56.1189949631054,-25.0266881489382,0
              </coordinates>
            </LinearRing>
          </outerBoundaryIs>
        </Polygon>
      </Placemark>
      <Placemark id="Lote_D.258">
        <ExtendedData>
          <SchemaData schemaUrl="#Lote_D.schema">
            <SimpleData name="Cédula">3620617.00000000000</SimpleData>
            <SimpleData name="Nombres_y_">AMALIA  GOMEZ MARECO</SimpleData>
            <SimpleData name="Sexo">Mujer</SimpleData>
            <SimpleData name="Cambio_de_">NO</SimpleData>
            <SimpleData name="Titular_se">NO</SimpleData>
            <SimpleData name="ci_UNIF">3620617.00000000000</SimpleData>
            <SimpleData name="Situación">NO</SimpleData>
            <SimpleData name="Comunidad">Campesina</SimpleData>
            <SimpleData name="Modelo_imp">Modelo 5</SimpleData>
            <SimpleData name="Departamen">CAAGUAZU</SimpleData>
            <SimpleData name="Distrito">YH?</SimpleData>
            <SimpleData name="Localidad">CA?ADITA</SimpleData>
            <SimpleData name="Teléfono">984669741</SimpleData>
            <SimpleData name="Vivienda_L">-25.15133000000</SimpleData>
            <SimpleData name="Vivienda_1">-55.91745000000</SimpleData>
            <SimpleData name="Superficie">0.70000000000</SimpleData>
            <SimpleData name="Situaci_1">Pol?gono</SimpleData>
            <SimpleData name="Plantado">SI</SimpleData>
            <SimpleData name="Fecha_Plan">2025/11/26</SimpleData>
            <SimpleData name="Jornales">0.00000000000</SimpleData>
            <SimpleData name="Monto">0.00000000000</SimpleData>
            <SimpleData name="Grupo_de_p">D-GN-XX-XX-XX</SimpleData>
            <SimpleData name="Estado_del">Activo</SimpleData>
            <SimpleData name="Empresa">Unique Wood Paraguay SA</SimpleData>
            <SimpleData name="Lote">D</SimpleData>
            <SimpleData name="Parametro">0.00000000000</SimpleData>
            <SimpleData name="Sup_SIG">0.80683681159</SimpleData>
            <SimpleData name="X">-55.93000791000</SimpleData>
            <SimpleData name="Y">-25.16439272000</SimpleData>
            <SimpleData name="cedula">3620617</SimpleData>
            <SimpleData name="Cédula_1">3620617.00000000000</SimpleData>
            <SimpleData name="Estado_d_1">Activo</SimpleData>
            <SimpleData name="OBJECTID_1">8815</SimpleData>
            <SimpleData name="Shape_Leng">513.78662913000</SimpleData>
            <SimpleData name="Shape_Area">8068.36811586000</SimpleData>
          </SchemaData>
        </ExtendedData>
        <MultiGeometry>
          <Polygon>
            <outerBoundaryIs>
              <LinearRing>
                <coordinates>
                  -55.9301704993158,-25.1649119994756,0
                  -55.9303717995637,-25.1639667993351,0
                  -55.9298050001076,-25.163906699692,0
                  -55.9296701003321,-25.1648182993926,0
                  -55.9301704993158,-25.1649119994756,0
                </coordinates>
              </LinearRing>
            </outerBoundaryIs>
          </Polygon>
          <Polygon>
            <outerBoundaryIs>
              <LinearRing>
                <coordinates>
                  -55.9165136998247,-25.151757299659,0
                  -55.9165194002802,-25.1512800992233,0
                  -55.9160844992349,-25.1512627995007,0
                  -55.9160455997905,-25.1517336996477,0
                  -55.9165136998247,-25.151757299659,0
                </coordinates>
              </LinearRing>
            </outerBoundaryIs>
          </Polygon>
        </MultiGeometry>
      </Placemark>
      <Placemark id="Lote_D.259">
        <ExtendedData>
          <SchemaData schemaUrl="#Lote_D.schema">
            <SimpleData name="Cédula">4267775.00000000000</SimpleData>
            <SimpleData name="Nombres_y_">MIGUEL MARTINEZ CANDIA</SimpleData>
            <SimpleData name="Sexo">Hombre</SimpleData>
            <SimpleData name="Cambio_de_">NO</SimpleData>
            <SimpleData name="Titular_se">NO</SimpleData>
            <SimpleData name="ci_UNIF">4267775.00000000000</SimpleData>
            <SimpleData name="Situación">NO</SimpleData>
            <SimpleData name="Comunidad">Ind?gena</SimpleData>
            <SimpleData name="Modelo_imp">Modelo 5</SimpleData>
            <SimpleData name="Departamen">CAAGUAZU</SimpleData>
            <SimpleData name="Distrito">YH?</SimpleData>
            <SimpleData name="Localidad">COM INDIG KOE POTY</SimpleData>
            <SimpleData name="Teléfono">0985910247</SimpleData>
            <SimpleData name="Vivienda_L">-24.71828620000</SimpleData>
            <SimpleData name="Vivienda_1">-55.56611600000</SimpleData>
            <SimpleData name="Superficie">0.70000000000</SimpleData>
            <SimpleData name="Situaci_1">Par?metro</SimpleData>
            <SimpleData name="Plantado">NO</SimpleData>
            <SimpleData name="Jornales">0.00000000000</SimpleData>
            <SimpleData name="Monto">0.00000000000</SimpleData>
            <SimpleData name="Grupo_de_p">D-GN-XX-XX-XX</SimpleData>
            <SimpleData name="Estado_del">Activo</SimpleData>
            <SimpleData name="Empresa">Unique Wood Paraguay SA</SimpleData>
            <SimpleData name="Lote">D</SimpleData>
            <SimpleData name="Parametro">0.00000000000</SimpleData>
            <SimpleData name="Sup_SIG">0.69981259252</SimpleData>
            <SimpleData name="X">-55.56670523000</SimpleData>
            <SimpleData name="Y">-24.71862030000</SimpleData>
            <SimpleData name="cedula">4267775</SimpleData>
            <SimpleData name="Cédula_1">4267775.00000000000</SimpleData>
            <SimpleData name="Estado_d_1">Activo</SimpleData>
            <SimpleData name="OBJECTID_1">5674</SimpleData>
            <SimpleData name="Shape_Leng">341.89254359800</SimpleData>
            <SimpleData name="Shape_Area">6998.12592524000</SimpleData>
          </SchemaData>
        </ExtendedData>
        <Polygon>
          <outerBoundaryIs>
            <LinearRing>
              <coordinates>
                -55.5660979999701,-24.7185869997492,0
                -55.5668536007929,-24.7191432000155,0
                -55.5671073005351,-24.7190011003095,0
                -55.5672051004393,-24.7188323995343,0
                -55.5667518002076,-24.7180183999244,0
                -55.5660979999701,-24.7185869997492,0
              </coordinates>
            </LinearRing>
          </outerBoundaryIs>
        </Polygon>
      </Placemark>
      <Placemark id="Lote_D.260">
        <ExtendedData>
          <SchemaData schemaUrl="#Lote_D.schema">
            <SimpleData name="Cédula">4965663.00000000000</SimpleData>
            <SimpleData name="Nombres_y_">ADA ROSALVA CAZADO FIGUEREDO</SimpleData>
            <SimpleData name="Sexo">Mujer</SimpleData>
            <SimpleData name="Cambio_de_">NO</SimpleData>
            <SimpleData name="Titular_se">NO</SimpleData>
            <SimpleData name="ci_UNIF">4965663.00000000000</SimpleData>
            <SimpleData name="Situación">NO</SimpleData>
            <SimpleData name="Comunidad">Campesina</SimpleData>
            <SimpleData name="Modelo_imp">Modelo 5</SimpleData>
            <SimpleData name="Departamen">CAAGUAZU</SimpleData>
            <SimpleData name="Distrito">YH?</SimpleData>
            <SimpleData name="Localidad">CA?ADITA</SimpleData>
            <SimpleData name="Teléfono">986639158</SimpleData>
            <SimpleData name="Vivienda_L">-25.15087230000</SimpleData>
            <SimpleData name="Vivienda_1">-55.91807510000</SimpleData>
            <SimpleData name="Superficie">0.70000000000</SimpleData>
            <SimpleData name="Situaci_1">Parametro</SimpleData>
            <SimpleData name="Plantado">SI</SimpleData>
            <SimpleData name="Fecha_Plan">2025/11/26</SimpleData>
            <SimpleData name="Jornales">0.00000000000</SimpleData>
            <SimpleData name="Monto">0.00000000000</SimpleData>
            <SimpleData name="Grupo_de_p">D-GN-XX-XX-XX</SimpleData>
            <SimpleData name="Estado_del">Activo</SimpleData>
            <SimpleData name="Empresa">Unique Wood Paraguay SA</SimpleData>
            <SimpleData name="Lote">D</SimpleData>
            <SimpleData name="Parametro">0.00000000000</SimpleData>
            <SimpleData name="Sup_SIG">0.70551263508</SimpleData>
            <SimpleData name="X">-55.91939381000</SimpleData>
            <SimpleData name="Y">-25.15107185000</SimpleData>
            <SimpleData name="cedula">4965663</SimpleData>
            <SimpleData name="Cédula_1">4965663.00000000000</SimpleData>
            <SimpleData name="Estado_d_1">Activo</SimpleData>
            <SimpleData name="OBJECTID_1">8817</SimpleData>
            <SimpleData name="Shape_Leng">378.18295849500</SimpleData>
            <SimpleData name="Shape_Area">7055.12635077000</SimpleData>
          </SchemaData>
        </ExtendedData>
        <Polygon>
          <outerBoundaryIs>
            <LinearRing>
              <coordinates>
                -55.9189115005567,-25.1506702997829,0
                -55.918881700654,-25.1512100001187,0
                -55.9192217001296,-25.1512399994155,0
                -55.9192299996322,-25.1515332997477,0
                -55.9197149999582,-25.1515282997693,0
                -55.9197333000769,-25.151129999925,0
                -55.9199317005673,-25.1511350002568,0
                -55.9199167000201,-25.1508116998368,0
                -55.9189115005567,-25.1506702997829,0
              </coordinates>
            </LinearRing>
          </outerBoundaryIs>
        </Polygon>
      </Placemark>
      <Placemark id="Lote_D.261">
        <ExtendedData>
          <SchemaData schemaUrl="#Lote_D.schema">
            <SimpleData name="Cédula">5257093.00000000000</SimpleData>
            <SimpleData name="Nombres_y_">NILDA  MEDINA VERA</SimpleData>
            <SimpleData name="Sexo">Mujer</SimpleData>
            <SimpleData name="Cambio_de_">NO</SimpleData>
            <SimpleData name="Titular_se">NO</SimpleData>
            <SimpleData name="ci_UNIF">5257093.00000000000</SimpleData>
            <SimpleData name="Situación">NO</SimpleData>
            <SimpleData name="Comunidad">Campesina</SimpleData>
            <SimpleData name="Modelo_imp">Modelo 1</SimpleData>
            <SimpleData name="Departamen">CAAGUAZU</SimpleData>
            <SimpleData name="Distrito">YH?</SimpleData>
            <SimpleData name="Localidad">JUAN SINFORIANO BOGARIN</SimpleData>
            <SimpleData name="Teléfono">975930763</SimpleData>
            <SimpleData name="Vivienda_L">-25.17826670000</SimpleData>
            <SimpleData name="Vivienda_1">-55.93500170000</SimpleData>
            <SimpleData name="Superficie">0.80000000000</SimpleData>
            <SimpleData name="Situaci_1">Parametro</SimpleData>
            <SimpleData name="Plantado">SI</SimpleData>
            <SimpleData name="Fecha_Plan">2025/10/22</SimpleData>
            <SimpleData name="Jornales">0.00000000000</SimpleData>
            <SimpleData name="Monto">0.00000000000</SimpleData>
            <SimpleData name="Grupo_de_p">D-GN-XX-XX-XX</SimpleData>
            <SimpleData name="Estado_del">Activo</SimpleData>
            <SimpleData name="Empresa">Unique Wood Paraguay SA</SimpleData>
            <SimpleData name="Lote">D</SimpleData>
            <SimpleData name="Parametro">0.00000000000</SimpleData>
            <SimpleData name="Sup_SIG">0.86192080951</SimpleData>
            <SimpleData name="X">-55.93256936000</SimpleData>
            <SimpleData name="Y">-25.17808111000</SimpleData>
            <SimpleData name="cedula">5257093</SimpleData>
            <SimpleData name="Cédula_1">5257093.00000000000</SimpleData>
            <SimpleData name="Estado_d_1">Activo</SimpleData>
            <SimpleData name="OBJECTID_1">8802</SimpleData>
            <SimpleData name="Shape_Leng">546.59249382500</SimpleData>
            <SimpleData name="Shape_Area">8619.20809514000</SimpleData>
          </SchemaData>
        </ExtendedData>
        <Polygon>
          <outerBoundaryIs>
            <LinearRing>
              <coordinates>
                -55.9313830998107,-25.1781483999526,0
                -55.9337243006802,-25.1783411004884,0
                -55.9337483000866,-25.1780099999644,0
                -55.931406499918,-25.177823700518,0
                -55.9313830998107,-25.1781483999526,0
              </coordinates>
            </LinearRing>
          </outerBoundaryIs>
        </Polygon>
      </Placemark>
      <Placemark id="Lote_D.262">
        <ExtendedData>
          <SchemaData schemaUrl="#Lote_D.schema">
            <SimpleData name="Cédula">5848985.00000000000</SimpleData>
            <SimpleData name="Nombres_y_">ESTELVINA  AQUINO VELOTTO</SimpleData>
            <SimpleData name="Sexo">Mujer</SimpleData>
            <SimpleData name="Cambio_de_">NO</SimpleData>
            <SimpleData name="Titular_se">NO</SimpleData>
            <SimpleData name="ci_UNIF">5848985.00000000000</SimpleData>
            <SimpleData name="Situación">NO</SimpleData>
            <SimpleData name="Comunidad">Campesina</SimpleData>
            <SimpleData name="Modelo_imp">Modelo 5</SimpleData>
            <SimpleData name="Departamen">CAAGUAZU</SimpleData>
            <SimpleData name="Distrito">YH?</SimpleData>
            <SimpleData name="Localidad">JUAN SINFORIANO BOGARIN</SimpleData>
            <SimpleData name="Teléfono">983936623</SimpleData>
            <SimpleData name="Vivienda_L">-25.15663590000</SimpleData>
            <SimpleData name="Vivienda_1">-55.93822390000</SimpleData>
            <SimpleData name="Superficie">0.70000000000</SimpleData>
            <SimpleData name="Situaci_1">Pol?gono</SimpleData>
            <SimpleData name="Plantado">SI</SimpleData>
            <SimpleData name="Fecha_Plan">2025/10/22</SimpleData>
            <SimpleData name="Jornales">0.00000000000</SimpleData>
            <SimpleData name="Monto">0.00000000000</SimpleData>
            <SimpleData name="Grupo_de_p">D-GN-XX-XX-XX</SimpleData>
            <SimpleData name="Estado_del">Activo</SimpleData>
            <SimpleData name="Empresa">Unique Wood Paraguay SA</SimpleData>
            <SimpleData name="Lote">D</SimpleData>
            <SimpleData name="Parametro">0.00000000000</SimpleData>
            <SimpleData name="Sup_SIG">0.87961028157</SimpleData>
            <SimpleData name="X">-55.94378706000</SimpleData>
            <SimpleData name="Y">-25.15764586000</SimpleData>
            <SimpleData name="cedula">5848985</SimpleData>
            <SimpleData name="Cédula_1">5848985.00000000000</SimpleData>
            <SimpleData name="Estado_d_1">Activo</SimpleData>
            <SimpleData name="OBJECTID_1">8806</SimpleData>
            <SimpleData name="Shape_Leng">462.95608878200</SimpleData>
            <SimpleData name="Shape_Area">8796.10281573000</SimpleData>
          </SchemaData>
        </ExtendedData>
        <Polygon>
          <outerBoundaryIs>
            <LinearRing>
              <coordinates>
                -55.9428202001936,-25.1577425994241,0
                -55.9446633997464,-25.1579728001248,0
                -55.9446630999629,-25.1574974000368,0
                -55.9428944002725,-25.1573529999495,0
                -55.9428202001936,-25.1577425994241,0
              </coordinates>
            </LinearRing>
          </outerBoundaryIs>
        </Polygon>
      </Placemark>
      <Placemark id="Lote_D.263">
        <ExtendedData>
          <SchemaData schemaUrl="#Lote_D.schema">
            <SimpleData name="Cédula">5984113.00000000000</SimpleData>
            <SimpleData name="Nombres_y_">LUCILA  LOMBARDO DE VELAZQUEZ</SimpleData>
            <SimpleData name="Sexo">Mujer</SimpleData>
            <SimpleData name="Cambio_de_">NO</SimpleData>
            <SimpleData name="Titular_se">NO</SimpleData>
            <SimpleData name="ci_UNIF">5984113.00000000000</SimpleData>
            <SimpleData name="Situación">NO</SimpleData>
            <SimpleData name="Comunidad">Campesina</SimpleData>
            <SimpleData name="Modelo_imp">Modelo 5</SimpleData>
            <SimpleData name="Departamen">CAAGUAZU</SimpleData>
            <SimpleData name="Distrito">YH?</SimpleData>
            <SimpleData name="Localidad">JUKERI</SimpleData>
            <SimpleData name="Teléfono">975932719</SimpleData>
            <SimpleData name="Vivienda_L">-25.15238500000</SimpleData>
            <SimpleData name="Vivienda_1">-55.90656330000</SimpleData>
            <SimpleData name="Superficie">0.70000000000</SimpleData>
            <SimpleData name="Situaci_1">Pol?gono</SimpleData>
            <SimpleData name="Plantado">SI</SimpleData>
            <SimpleData name="Fecha_Plan">2025/10/22</SimpleData>
            <SimpleData name="Jornales">0.00000000000</SimpleData>
            <SimpleData name="Monto">0.00000000000</SimpleData>
            <SimpleData name="Grupo_de_p">D-GN-XX-XX-XX</SimpleData>
            <SimpleData name="Estado_del">Activo</SimpleData>
            <SimpleData name="Empresa">Unique Wood Paraguay SA</SimpleData>
            <SimpleData name="Lote">D</SimpleData>
            <SimpleData name="Parametro">0.00000000000</SimpleData>
            <SimpleData name="Sup_SIG">0.85203827813</SimpleData>
            <SimpleData name="X">-55.90695083000</SimpleData>
            <SimpleData name="Y">-25.15240781000</SimpleData>
            <SimpleData name="cedula">5984113</SimpleData>
            <SimpleData name="Cédula_1">5984113.00000000000</SimpleData>
            <SimpleData name="Estado_d_1">Activo</SimpleData>
            <SimpleData name="OBJECTID_1">8819</SimpleData>
            <SimpleData name="Shape_Leng">371.39585664800</SimpleData>
            <SimpleData name="Shape_Area">8520.38278130000</SimpleData>
          </SchemaData>
        </ExtendedData>
        <Polygon>
          <outerBoundaryIs>
            <LinearRing>
              <coordinates>
                -55.9063900998608,-25.1527503007175,0
                -55.9073383007705,-25.152898300206,0
                -55.9074169001526,-25.1519680993633,0
                -55.9066319993563,-25.1519496999137,0
                -55.9063900998608,-25.1527503007175,0
              </coordinates>
            </LinearRing>
          </outerBoundaryIs>
        </Polygon>
      </Placemark>
      <Placemark id="Lote_D.264">
        <ExtendedData>
          <SchemaData schemaUrl="#Lote_D.schema">
            <SimpleData name="Cédula">6063755.00000000000</SimpleData>
            <SimpleData name="Nombres_y_">CELIA MARTINEZ BENITEZ</SimpleData>
            <SimpleData name="Sexo">Mujer</SimpleData>
            <SimpleData name="Cambio_de_">NO</SimpleData>
            <SimpleData name="Titular_se">NO</SimpleData>
            <SimpleData name="ci_UNIF">6063755.00000000000</SimpleData>
            <SimpleData name="Situación">NO</SimpleData>
            <SimpleData name="Comunidad">Ind?gena</SimpleData>
            <SimpleData name="Modelo_imp">Modelo 5</SimpleData>
            <SimpleData name="Departamen">CAAGUAZU</SimpleData>
            <SimpleData name="Distrito">YH?</SimpleData>
            <SimpleData name="Localidad">COM INDIG KOE POTY</SimpleData>
            <SimpleData name="Teléfono">0982874576</SimpleData>
            <SimpleData name="Vivienda_L">-24.72047470000</SimpleData>
            <SimpleData name="Vivienda_1">-55.57024000000</SimpleData>
            <SimpleData name="Superficie">0.70000000000</SimpleData>
            <SimpleData name="Situaci_1">Par?metro</SimpleData>
            <SimpleData name="Plantado">NO</SimpleData>
            <SimpleData name="Jornales">0.00000000000</SimpleData>
            <SimpleData name="Monto">0.00000000000</SimpleData>
            <SimpleData name="Grupo_de_p">D-GN-XX-XX-XX</SimpleData>
            <SimpleData name="Estado_del">Activo</SimpleData>
            <SimpleData name="Empresa">Unique Wood Paraguay SA</SimpleData>
            <SimpleData name="Lote">D</SimpleData>
            <SimpleData name="Parametro">0.00000000000</SimpleData>
            <SimpleData name="Sup_SIG">0.81980262320</SimpleData>
            <SimpleData name="X">-55.57273461000</SimpleData>
            <SimpleData name="Y">-24.72278054000</SimpleData>
            <SimpleData name="cedula">6063755</SimpleData>
            <SimpleData name="Cédula_1">6063755.00000000000</SimpleData>
            <SimpleData name="Estado_d_1">Activo</SimpleData>
            <SimpleData name="OBJECTID_1">5682</SimpleData>
            <SimpleData name="Shape_Leng">428.00098600400</SimpleData>
            <SimpleData name="Shape_Area">8198.02623195000</SimpleData>
          </SchemaData>
        </ExtendedData>
        <Polygon>
          <outerBoundaryIs>
            <LinearRing>
              <coordinates>
                -55.5729268001498,-24.7233532004306,0
                -55.573092799841,-24.72338700043,0
                -55.5733156998153,-24.7228351999712,0
                -55.5722749995615,-24.7220450001085,0
                -55.5721233003476,-24.7221899994617,0
                -55.5724530997073,-24.7224189993221,0
                -55.5722113992027,-24.7228385995575,0
                -55.5729268001498,-24.7233532004306,0
              </coordinates>
            </LinearRing>
          </outerBoundaryIs>
        </Polygon>
      </Placemark>
      <Placemark id="Lote_D.265">
        <ExtendedData>
          <SchemaData schemaUrl="#Lote_D.schema">
            <SimpleData name="Cédula">6810488.00000000000</SimpleData>
            <SimpleData name="Nombres_y_">PERLA VIVIANA VILLAR CABRERA</SimpleData>
            <SimpleData name="Sexo">Mujer</SimpleData>
            <SimpleData name="Cambio_de_">NO</SimpleData>
            <SimpleData name="Titular_se">NO</SimpleData>
            <SimpleData name="ci_UNIF">6810488.00000000000</SimpleData>
            <SimpleData name="Situación">NO</SimpleData>
            <SimpleData name="Comunidad">Campesina</SimpleData>
            <SimpleData name="Modelo_imp">Modelo 5</SimpleData>
            <SimpleData name="Departamen">CAAGUAZU</SimpleData>
            <SimpleData name="Distrito">SAN JOAQUIN</SimpleData>
            <SimpleData name="Localidad">SAN ROQUE</SimpleData>
            <SimpleData name="Teléfono">986551061</SimpleData>
            <SimpleData name="Vivienda_L">-25.14933170000</SimpleData>
            <SimpleData name="Vivienda_1">-55.98306670000</SimpleData>
            <SimpleData name="Superficie">0.70000000000</SimpleData>
            <SimpleData name="Situaci_1">Pol?gono</SimpleData>
            <SimpleData name="Plantado">SI</SimpleData>
            <SimpleData name="Fecha_Plan">2025/11/20</SimpleData>
            <SimpleData name="Jornales">0.00000000000</SimpleData>
            <SimpleData name="Monto">0.00000000000</SimpleData>
            <SimpleData name="Grupo_de_p">D-GN-XX-XX-XX</SimpleData>
            <SimpleData name="Estado_del">Activo</SimpleData>
            <SimpleData name="Empresa">Unique Wood Paraguay SA</SimpleData>
            <SimpleData name="Lote">D</SimpleData>
            <SimpleData name="Parametro">0.00000000000</SimpleData>
            <SimpleData name="Sup_SIG">0.77094961367</SimpleData>
            <SimpleData name="X">-55.98379475000</SimpleData>
            <SimpleData name="Y">-25.15034644000</SimpleData>
            <SimpleData name="cedula">6810488</SimpleData>
            <SimpleData name="Cédula_1">6810488.00000000000</SimpleData>
            <SimpleData name="Estado_d_1">Activo</SimpleData>
            <SimpleData name="OBJECTID_1">8816</SimpleData>
            <SimpleData name="Shape_Leng">363.79438805200</SimpleData>
            <SimpleData name="Shape_Area">7709.49613666000</SimpleData>
          </SchemaData>
        </ExtendedData>
        <Polygon>
          <outerBoundaryIs>
            <LinearRing>
              <coordinates>
                -55.9832101007017,-25.150040900319,0
                -55.9838084997874,-25.1509565998893,0
                -55.9843554000564,-25.1506395996983,0
                -55.9838290000143,-25.1497613000462,0
                -55.9832101007017,-25.150040900319,0
              </coordinates>
            </LinearRing>
          </outerBoundaryIs>
        </Polygon>
      </Placemark>
      <Placemark id="Lote_D.266">
        <ExtendedData>
          <SchemaData schemaUrl="#Lote_D.schema">
            <SimpleData name="Cédula">6921659.00000000000</SimpleData>
            <SimpleData name="Nombres_y_">UBALDINA  RIVAROLA ARANDA</SimpleData>
            <SimpleData name="Sexo">Mujer</SimpleData>
            <SimpleData name="Cambio_de_">NO</SimpleData>
            <SimpleData name="Titular_se">NO</SimpleData>
            <SimpleData name="ci_UNIF">6921659.00000000000</SimpleData>
            <SimpleData name="Comunidad">Ind?gena</SimpleData>
            <SimpleData name="Modelo_imp">Modelo 2</SimpleData>
            <SimpleData name="Departamen">CAAGUAZU</SimpleData>
            <SimpleData name="Distrito">YH?</SimpleData>
            <SimpleData name="Localidad"><![CDATA[COM INDIG KO'E POTY]]></SimpleData>
            <SimpleData name="Teléfono">984787366</SimpleData>
            <SimpleData name="Vivienda_L">-24.71446900000</SimpleData>
            <SimpleData name="Vivienda_1">-55.56187530000</SimpleData>
            <SimpleData name="Superficie">0.80000000000</SimpleData>
            <SimpleData name="Situaci_1">Parametro</SimpleData>
            <SimpleData name="Plantado">NO</SimpleData>
            <SimpleData name="Jornales">0.00000000000</SimpleData>
            <SimpleData name="Monto">0.00000000000</SimpleData>
            <SimpleData name="Grupo_de_p">D-GN---</SimpleData>
            <SimpleData name="Estado_del">Activo</SimpleData>
            <SimpleData name="Empresa">Unique Wood Paraguay SA</SimpleData>
            <SimpleData name="Lote">D</SimpleData>
            <SimpleData name="Parametro">0.00000000000</SimpleData>
            <SimpleData name="Sup_SIG">1.03186469298</SimpleData>
            <SimpleData name="X">-55.56248225000</SimpleData>
            <SimpleData name="Y">-24.71566827000</SimpleData>
            <SimpleData name="cedula">6921659</SimpleData>
            <SimpleData name="Cédula_1">6921659.00000000000</SimpleData>
            <SimpleData name="Estado_d_1">Activo</SimpleData>
            <SimpleData name="OBJECTID_1">6433</SimpleData>
            <SimpleData name="Shape_Leng">458.49976619000</SimpleData>
            <SimpleData name="Shape_Area">10318.64692980000</SimpleData>
          </SchemaData>
        </ExtendedData>
        <Polygon>
          <outerBoundaryIs>
            <LinearRing>
              <coordinates>
                -55.562231700237,-24.7152028000418,0
                -55.5617116997565,-24.7155849998578,0
                -55.5628262991695,-24.716388199986,0
                -55.5629632995025,-24.716002899693,0
                -55.5630296997081,-24.715354099875,0
                -55.5629431996495,-24.7153076997603,0
                -55.5628301001992,-24.7154328992264,0
                -55.5622915996634,-24.7149947007465,0
                -55.5621748997814,-24.7151063000683,0
                -55.562231700237,-24.7152028000418,0
              </coordinates>
            </LinearRing>
          </outerBoundaryIs>
        </Polygon>
      </Placemark>
      <Placemark id="Lote_D.267">
        <ExtendedData>
          <SchemaData schemaUrl="#Lote_D.schema">
            <SimpleData name="Cédula">7308117.00000000000</SimpleData>
            <SimpleData name="Nombres_y_">MARGARITA VERA ARANDA</SimpleData>
            <SimpleData name="Sexo">Mujer</SimpleData>
            <SimpleData name="Cambio_de_">NO</SimpleData>
            <SimpleData name="Titular_se">NO</SimpleData>
            <SimpleData name="ci_UNIF">7308117.00000000000</SimpleData>
            <SimpleData name="Situación">NO</SimpleData>
            <SimpleData name="Comunidad">Ind?gena</SimpleData>
            <SimpleData name="Modelo_imp">Modelo 5</SimpleData>
            <SimpleData name="Departamen">CAAGUAZU</SimpleData>
            <SimpleData name="Distrito">YH?</SimpleData>
            <SimpleData name="Localidad">COM INDIG KOE POTY</SimpleData>
            <SimpleData name="Teléfono">0984611776</SimpleData>
            <SimpleData name="Vivienda_L">-24.71934190000</SimpleData>
            <SimpleData name="Vivienda_1">-55.56763870000</SimpleData>
            <SimpleData name="Superficie">0.70000000000</SimpleData>
            <SimpleData name="Situaci_1">Par?metro</SimpleData>
            <SimpleData name="Plantado">NO</SimpleData>
            <SimpleData name="Jornales">0.00000000000</SimpleData>
            <SimpleData name="Monto">0.00000000000</SimpleData>
            <SimpleData name="Grupo_de_p">D-GN-XX-XX-XX</SimpleData>
            <SimpleData name="Estado_del">Activo</SimpleData>
            <SimpleData name="Empresa">Unique Wood Paraguay SA</SimpleData>
            <SimpleData name="Lote">D</SimpleData>
            <SimpleData name="Parametro">0.00000000000</SimpleData>
            <SimpleData name="Sup_SIG">0.70780588343</SimpleData>
            <SimpleData name="X">-55.56776669000</SimpleData>
            <SimpleData name="Y">-24.71929772000</SimpleData>
            <SimpleData name="cedula">7308117</SimpleData>
            <SimpleData name="Cédula_1">7308117.00000000000</SimpleData>
            <SimpleData name="Estado_d_1">Activo</SimpleData>
            <SimpleData name="OBJECTID_1">5680</SimpleData>
            <SimpleData name="Shape_Leng">485.26483346700</SimpleData>
            <SimpleData name="Shape_Area">7078.05883433000</SimpleData>
          </SchemaData>
        </ExtendedData>
        <Polygon>
          <outerBoundaryIs>
            <LinearRing>
              <coordinates>
                -55.5671423998117,-24.7189966996429,0
                -55.5673808996433,-24.7191842001658,0
                -55.5672884001385,-24.7194149000392,0
                -55.56744720012,-24.719530299934,0
                -55.5676339999182,-24.7191813002114,0
                -55.5677897999658,-24.7192597996908,0
                -55.5674679944659,-24.7196169721747,0
                -55.5678866999796,-24.7198632999005,0
                -55.5684221003644,-24.7191375001964,0
                -55.5672202995628,-24.7188316002475,0
                -55.5671423998117,-24.7189966996429,0
              </coordinates>
            </LinearRing>
          </outerBoundaryIs>
        </Polygon>
      </Placemark>
      <Placemark id="Lote_D.268">
        <ExtendedData>
          <SchemaData schemaUrl="#Lote_D.schema">
            <SimpleData name="Cédula">8067836.00000000000</SimpleData>
            <SimpleData name="Nombres_y_">FRANCISCO  GOMEZ PEREIRA</SimpleData>
            <SimpleData name="Sexo">Hombre</SimpleData>
            <SimpleData name="Cambio_de_">NO</SimpleData>
            <SimpleData name="Titular_se">NO</SimpleData>
            <SimpleData name="ci_UNIF">8067836.00000000000</SimpleData>
            <SimpleData name="Situación">NO</SimpleData>
            <SimpleData name="Comunidad">Ind?gena</SimpleData>
            <SimpleData name="Modelo_imp">Modelo 2</SimpleData>
            <SimpleData name="Departamen">CAAGUAZU</SimpleData>
            <SimpleData name="Distrito">YH?</SimpleData>
            <SimpleData name="Localidad"><![CDATA[KO'E POTY]]></SimpleData>
            <SimpleData name="Teléfono">982664409</SimpleData>
            <SimpleData name="Vivienda_L">-24.72465360000</SimpleData>
            <SimpleData name="Vivienda_1">-55.57582680000</SimpleData>
            <SimpleData name="Superficie">0.80000000000</SimpleData>
            <SimpleData name="Situaci_1">Parametro</SimpleData>
            <SimpleData name="Plantado">NO</SimpleData>
            <SimpleData name="Jornales">0.00000000000</SimpleData>
            <SimpleData name="Monto">0.00000000000</SimpleData>
            <SimpleData name="Grupo_de_p">D-GN-XX-XX-XX</SimpleData>
            <SimpleData name="Estado_del">Activo</SimpleData>
            <SimpleData name="Empresa">Unique Wood Paraguay SA</SimpleData>
            <SimpleData name="Lote">D</SimpleData>
            <SimpleData name="Parametro">0.00000000000</SimpleData>
            <SimpleData name="Sup_SIG">0.97994888748</SimpleData>
            <SimpleData name="X">-55.57605802000</SimpleData>
            <SimpleData name="Y">-24.72523630000</SimpleData>
            <SimpleData name="cedula">8067836</SimpleData>
            <SimpleData name="Cédula_1">8067836.00000000000</SimpleData>
            <SimpleData name="Estado_d_1">Activo</SimpleData>
            <SimpleData name="OBJECTID_1">6370</SimpleData>
            <SimpleData name="Shape_Leng">484.80978839400</SimpleData>
            <SimpleData name="Shape_Area">9799.48887477000</SimpleData>
          </SchemaData>
        </ExtendedData>
        <Polygon>
          <outerBoundaryIs>
            <LinearRing>
              <coordinates>
                -55.5752285002224,-24.7249823001215,0
                -55.5767305995574,-24.7260067998503,0
                -55.5767233000941,-24.7252233992154,0
                -55.5759983000451,-24.7250117000485,0
                -55.5760367002528,-24.7248649996443,0
                -55.5756057001991,-24.7245965997504,0
                -55.5754019004142,-24.724654199401,0
                -55.5752285002224,-24.7249823001215,0
              </coordinates>
            </LinearRing>
          </outerBoundaryIs>
        </Polygon>
      </Placemark>
      <Placemark id="Lote_D.269">
        <ExtendedData>
          <SchemaData schemaUrl="#Lote_D.schema">
            <SimpleData name="Cédula">8083597.00000000000</SimpleData>
            <SimpleData name="Nombres_y_">HERMELINDA ESQUIVEL FRANCO</SimpleData>
            <SimpleData name="Sexo">Mujer</SimpleData>
            <SimpleData name="Cambio_de_">NO</SimpleData>
            <SimpleData name="Titular_se">NO</SimpleData>
            <SimpleData name="ci_UNIF">8083597.00000000000</SimpleData>
            <SimpleData name="Situación">NO</SimpleData>
            <SimpleData name="Comunidad">Ind?gena</SimpleData>
            <SimpleData name="Modelo_imp">Modelo 5</SimpleData>
            <SimpleData name="Departamen">CAAGUAZU</SimpleData>
            <SimpleData name="Distrito">YH?</SimpleData>
            <SimpleData name="Localidad">COM INDIG KOE POTY</SimpleData>
            <SimpleData name="Teléfono">0975905858</SimpleData>
            <SimpleData name="Vivienda_L">-24.71984550000</SimpleData>
            <SimpleData name="Vivienda_1">-55.56861990000</SimpleData>
            <SimpleData name="Superficie">0.70000000000</SimpleData>
            <SimpleData name="Situaci_1">Par?metro</SimpleData>
            <SimpleData name="Plantado">NO</SimpleData>
            <SimpleData name="Jornales">0.00000000000</SimpleData>
            <SimpleData name="Monto">0.00000000000</SimpleData>
            <SimpleData name="Grupo_de_p">D-GN-XX-XX-XX</SimpleData>
            <SimpleData name="Estado_del">Activo</SimpleData>
            <SimpleData name="Empresa">Unique Wood Paraguay SA</SimpleData>
            <SimpleData name="Lote">D</SimpleData>
            <SimpleData name="Parametro">0.00000000000</SimpleData>
            <SimpleData name="Sup_SIG">0.78485677177</SimpleData>
            <SimpleData name="X">-55.56853364000</SimpleData>
            <SimpleData name="Y">-24.71964652000</SimpleData>
            <SimpleData name="cedula">8083597</SimpleData>
            <SimpleData name="Cédula_1">8083597.00000000000</SimpleData>
            <SimpleData name="Estado_d_1">Activo</SimpleData>
            <SimpleData name="OBJECTID_1">5681</SimpleData>
            <SimpleData name="Shape_Leng">469.98162725500</SimpleData>
            <SimpleData name="Shape_Area">7848.56771769000</SimpleData>
          </SchemaData>
        </ExtendedData>
        <Polygon>
          <outerBoundaryIs>
            <LinearRing>
              <coordinates>
                -55.5684221001217,-24.7191510003281,0
                -55.5679069003669,-24.7198535999902,0
                -55.5684890000542,-24.7202690004664,0
                -55.5687998994428,-24.7199536000108,0
                -55.5685010995944,-24.7197646005308,0
                -55.5686228997644,-24.719482400252,0
                -55.568624399396,-24.7194824001178,0
                -55.5690551999941,-24.7197319995417,0
                -55.5692766997147,-24.7195163995596,0
                -55.5688883005137,-24.7192067008492,0
                -55.5684221001217,-24.7191510003281,0
              </coordinates>
            </LinearRing>
          </outerBoundaryIs>
        </Polygon>
      </Placemark>
      <Placemark id="Lote_D.270">
        <ExtendedData>
          <SchemaData schemaUrl="#Lote_D.schema">
            <SimpleData name="Cédula">4904450.00000000000</SimpleData>
            <SimpleData name="Nombres_y_">ANTONIO RAMON ANTELL DUARTE</SimpleData>
            <SimpleData name="Sexo">Hombre</SimpleData>
            <SimpleData name="Cambio_de_">NO</SimpleData>
            <SimpleData name="Titular_se">NO</SimpleData>
            <SimpleData name="ci_UNIF">4904450.00000000000</SimpleData>
            <SimpleData name="Situación">NO</SimpleData>
            <SimpleData name="Comunidad">Campesina</SimpleData>
            <SimpleData name="Modelo_imp">Modelo 2</SimpleData>
            <SimpleData name="Departamen">CAAGUAZU</SimpleData>
            <SimpleData name="Distrito">CARAYAO</SimpleData>
            <SimpleData name="Localidad">TENIENTE MORALES-ALEMAN KUE</SimpleData>
            <SimpleData name="Teléfono">0982155712</SimpleData>
            <SimpleData name="Vivienda_L">-25.31347440000</SimpleData>
            <SimpleData name="Vivienda_1">-56.29506830000</SimpleData>
            <SimpleData name="Superficie">0.80000000000</SimpleData>
            <SimpleData name="Situaci_1">Par?metro</SimpleData>
            <SimpleData name="Plantado">NO</SimpleData>
            <SimpleData name="Jornales">0.00000000000</SimpleData>
            <SimpleData name="Monto">0.00000000000</SimpleData>
            <SimpleData name="Grupo_de_p">D-GN-XX-XX-XX</SimpleData>
            <SimpleData name="Estado_del">Activo</SimpleData>
            <SimpleData name="Empresa">Unique Wood Paraguay SA</SimpleData>
            <SimpleData name="Lote">D</SimpleData>
            <SimpleData name="Parametro">0.00000000000</SimpleData>
            <SimpleData name="Sup_SIG">0.98404886868</SimpleData>
            <SimpleData name="X">-56.29318605000</SimpleData>
            <SimpleData name="Y">-25.31383813000</SimpleData>
            <SimpleData name="cedula">4904450</SimpleData>
            <SimpleData name="Cédula_1">4904450.00000000000</SimpleData>
            <SimpleData name="Estado_d_1">Activo</SimpleData>
            <SimpleData name="OBJECTID_1">5771</SimpleData>
            <SimpleData name="Shape_Leng">592.88702084600</SimpleData>
            <SimpleData name="Shape_Area">9840.48868684000</SimpleData>
          </SchemaData>
        </ExtendedData>
        <MultiGeometry>
          <Polygon>
            <outerBoundaryIs>
              <LinearRing>
                <coordinates>
                  -56.2935619384701,-25.3151110703781,0
                  -56.2939143693291,-25.3148141396274,0
                  -56.294013300578,-25.3147267001694,0
                  -56.293665100719,-25.3143478007364,0
                  -56.2932349004461,-25.3147352007847,0
                  -56.2935619384701,-25.3151110703781,0
                </coordinates>
              </LinearRing>
            </outerBoundaryIs>
          </Polygon>
          <Polygon>
            <outerBoundaryIs>
              <LinearRing>
                <coordinates>
                  -56.2928717000884,-25.3144486000312,0
                  -56.2938222002459,-25.3135386003748,0
                  -56.2935022999813,-25.3132507005252,0
                  -56.2926650008795,-25.3139706006332,0
                  -56.2927026003154,-25.3143339008246,0
                  -56.2928717000884,-25.3144486000312,0
                </coordinates>
              </LinearRing>
            </outerBoundaryIs>
          </Polygon>
        </MultiGeometry>
      </Placemark>
      <Placemark id="Lote_D.271">
        <ExtendedData>
          <SchemaData schemaUrl="#Lote_D.schema">
            <SimpleData name="Cédula">5610129.00000000000</SimpleData>
            <SimpleData name="Nombres_y_">LILIAN ROJAS AYALA</SimpleData>
            <SimpleData name="Sexo">Mujer</SimpleData>
            <SimpleData name="Cambio_de_">NO</SimpleData>
            <SimpleData name="Titular_se">NO</SimpleData>
            <SimpleData name="ci_UNIF">5610129.00000000000</SimpleData>
            <SimpleData name="Situación">NO</SimpleData>
            <SimpleData name="Comunidad">Campesina</SimpleData>
            <SimpleData name="Modelo_imp">Modelo 1</SimpleData>
            <SimpleData name="Departamen">CAAGUAZU</SimpleData>
            <SimpleData name="Distrito">CARAYAO</SimpleData>
            <SimpleData name="Localidad">TENIENTE MORALES-ALEMAN KUE</SimpleData>
            <SimpleData name="Teléfono">0976496324</SimpleData>
            <SimpleData name="Vivienda_L">-25.27238170000</SimpleData>
            <SimpleData name="Vivienda_1">-56.27891010000</SimpleData>
            <SimpleData name="Superficie">0.80000000000</SimpleData>
            <SimpleData name="Situaci_1">Par?metro</SimpleData>
            <SimpleData name="Plantado">NO</SimpleData>
            <SimpleData name="Jornales">0.00000000000</SimpleData>
            <SimpleData name="Monto">0.00000000000</SimpleData>
            <SimpleData name="Grupo_de_p">D-GN-XX-XX-XX</SimpleData>
            <SimpleData name="Estado_del">Activo</SimpleData>
            <SimpleData name="Empresa">Unique Wood Paraguay SA</SimpleData>
            <SimpleData name="Lote">D</SimpleData>
            <SimpleData name="Parametro">0.00000000000</SimpleData>
            <SimpleData name="Sup_SIG">0.85418384003</SimpleData>
            <SimpleData name="X">-56.28730946000</SimpleData>
            <SimpleData name="Y">-25.27319769000</SimpleData>
            <SimpleData name="cedula">5610129</SimpleData>
            <SimpleData name="Cédula_1">5610129.00000000000</SimpleData>
            <SimpleData name="Estado_d_1">Activo</SimpleData>
            <SimpleData name="OBJECTID_1">5774</SimpleData>
            <SimpleData name="Shape_Leng">370.21551180000</SimpleData>
            <SimpleData name="Shape_Area">8541.83840032000</SimpleData>
          </SchemaData>
        </ExtendedData>
        <Polygon>
          <outerBoundaryIs>
            <LinearRing>
              <coordinates>
                -56.2868150000481,-25.2728116999734,0
                -56.2868364998934,-25.2736028004691,0
                -56.2877930996516,-25.2735872994316,0
                -56.2877928996517,-25.2727948000142,0
                -56.2868150000481,-25.2728116999734,0
              </coordinates>
            </LinearRing>
          </outerBoundaryIs>
        </Polygon>
      </Placemark>
      <Placemark id="Lote_D.272">
        <ExtendedData>
          <SchemaData schemaUrl="#Lote_D.schema">
            <SimpleData name="Cédula">6625155.00000000000</SimpleData>
            <SimpleData name="Nombres_y_">MARIA CRISTINA BAZAN PEREZ</SimpleData>
            <SimpleData name="Sexo">Mujer</SimpleData>
            <SimpleData name="Cambio_de_">NO</SimpleData>
            <SimpleData name="Titular_se">NO</SimpleData>
            <SimpleData name="ci_UNIF">6625155.00000000000</SimpleData>
            <SimpleData name="Situación">NO</SimpleData>
            <SimpleData name="Comunidad">Campesina</SimpleData>
            <SimpleData name="Modelo_imp">Modelo 2</SimpleData>
            <SimpleData name="Departamen">CAAGUAZU</SimpleData>
            <SimpleData name="Distrito">CARAYAO</SimpleData>
            <SimpleData name="Localidad">COLONIA 12 MIL</SimpleData>
            <SimpleData name="Teléfono">0985970056</SimpleData>
            <SimpleData name="Vivienda_L">-25.21547740000</SimpleData>
            <SimpleData name="Vivienda_1">-56.28889750000</SimpleData>
            <SimpleData name="Superficie">0.80000000000</SimpleData>
            <SimpleData name="Situaci_1">Par?metro</SimpleData>
            <SimpleData name="Plantado">NO</SimpleData>
            <SimpleData name="Jornales">0.00000000000</SimpleData>
            <SimpleData name="Monto">0.00000000000</SimpleData>
            <SimpleData name="Grupo_de_p">D-GN-XX-XX-XX</SimpleData>
            <SimpleData name="Estado_del">Activo</SimpleData>
            <SimpleData name="Empresa">Unique Wood Paraguay SA</SimpleData>
            <SimpleData name="Lote">D</SimpleData>
            <SimpleData name="Parametro">0.00000000000</SimpleData>
            <SimpleData name="Sup_SIG">0.89520747677</SimpleData>
            <SimpleData name="X">-56.28755543000</SimpleData>
            <SimpleData name="Y">-25.21855654000</SimpleData>
            <SimpleData name="cedula">6625155</SimpleData>
            <SimpleData name="Cédula_1">6625155.00000000000</SimpleData>
            <SimpleData name="Estado_d_1">Activo</SimpleData>
            <SimpleData name="OBJECTID_1">5779</SimpleData>
            <SimpleData name="Shape_Leng">642.49293518300</SimpleData>
            <SimpleData name="Shape_Area">8952.07476773000</SimpleData>
          </SchemaData>
        </ExtendedData>
        <MultiGeometry>
          <Polygon>
            <outerBoundaryIs>
              <LinearRing>
                <coordinates>
                  -56.2872192996045,-25.218819300688,0
                  -56.2872284002498,-25.2191818997753,0
                  -56.288348699907,-25.2191222996927,0
                  -56.2882960003472,-25.2187860002843,0
                  -56.2878303003146,-25.2188186001324,0
                  -56.2878133998309,-25.2182085003693,0
                  -56.2875284998926,-25.2182409001779,0
                  -56.2875346998058,-25.218769500683,0
                  -56.2872192996045,-25.218819300688,0
                </coordinates>
              </LinearRing>
            </outerBoundaryIs>
          </Polygon>
          <Polygon>
            <outerBoundaryIs>
              <LinearRing>
                <coordinates>
                  -56.2868288000343,-25.2181181002153,0
                  -56.2874966000311,-25.2180917000202,0
                  -56.28749439966,-25.217740199971,0
                  -56.2868049003511,-25.2177431004978,0
                  -56.2868288000343,-25.2181181002153,0
                </coordinates>
              </LinearRing>
            </outerBoundaryIs>
          </Polygon>
        </MultiGeometry>
      </Placemark>
      <Placemark id="Lote_D.273">
        <ExtendedData>
          <SchemaData schemaUrl="#Lote_D.schema">
            <SimpleData name="Cédula">7046415.00000000000</SimpleData>
            <SimpleData name="Nombres_y_">LIZ ROSANA VAZQUEZ CA?ETE</SimpleData>
            <SimpleData name="Sexo">Mujer</SimpleData>
            <SimpleData name="Cambio_de_">NO</SimpleData>
            <SimpleData name="Titular_se">NO</SimpleData>
            <SimpleData name="ci_UNIF">7046415.00000000000</SimpleData>
            <SimpleData name="Situación">NO</SimpleData>
            <SimpleData name="Comunidad">Campesina</SimpleData>
            <SimpleData name="Modelo_imp">Modelo 5</SimpleData>
            <SimpleData name="Departamen">CAAGUAZU</SimpleData>
            <SimpleData name="Distrito">CARAYAO</SimpleData>
            <SimpleData name="Localidad">ASENT. 3 DE MAYO</SimpleData>
            <SimpleData name="Teléfono">0971490446</SimpleData>
            <SimpleData name="Vivienda_L">-25.32264890000</SimpleData>
            <SimpleData name="Vivienda_1">-56.32970600000</SimpleData>
            <SimpleData name="Superficie">0.70000000000</SimpleData>
            <SimpleData name="Situaci_1">Par?metro</SimpleData>
            <SimpleData name="Plantado">NO</SimpleData>
            <SimpleData name="Jornales">0.00000000000</SimpleData>
            <SimpleData name="Monto">0.00000000000</SimpleData>
            <SimpleData name="Grupo_de_p">D-GN-XX-XX-XX</SimpleData>
            <SimpleData name="Estado_del">Activo</SimpleData>
            <SimpleData name="Empresa">Unique Wood Paraguay SA</SimpleData>
            <SimpleData name="Lote">D</SimpleData>
            <SimpleData name="Parametro">0.00000000000</SimpleData>
            <SimpleData name="Sup_SIG">0.75480394848</SimpleData>
            <SimpleData name="X">-56.33086277000</SimpleData>
            <SimpleData name="Y">-25.32245867000</SimpleData>
            <SimpleData name="cedula">7046415</SimpleData>
            <SimpleData name="Cédula_1">7046415.00000000000</SimpleData>
            <SimpleData name="Estado_d_1">Activo</SimpleData>
            <SimpleData name="OBJECTID_1">5780</SimpleData>
            <SimpleData name="Shape_Leng">371.94677080000</SimpleData>
            <SimpleData name="Shape_Area">7548.03948480000</SimpleData>
          </SchemaData>
        </ExtendedData>
        <Polygon>
          <outerBoundaryIs>
            <LinearRing>
              <coordinates>
                -56.3301770002089,-25.3223361000805,0
                -56.3303450000561,-25.3228666995061,0
                -56.3315373000111,-25.3225749004778,0
                -56.3314100002304,-25.3220579999056,0
                -56.3301770002089,-25.3223361000805,0
              </coordinates>
            </LinearRing>
          </outerBoundaryIs>
        </Polygon>
      </Placemark>
      <Placemark id="Lote_D.274">
        <ExtendedData>
          <SchemaData schemaUrl="#Lote_D.schema">
            <SimpleData name="Cédula">7796983.00000000000</SimpleData>
            <SimpleData name="Nombres_y_">ANTONIA  ANTELL CARDOZO</SimpleData>
            <SimpleData name="Sexo">Mujer</SimpleData>
            <SimpleData name="Cambio_de_">NO</SimpleData>
            <SimpleData name="Titular_se">NO</SimpleData>
            <SimpleData name="ci_UNIF">7796983.00000000000</SimpleData>
            <SimpleData name="Situación">NO</SimpleData>
            <SimpleData name="Comunidad">Campesina</SimpleData>
            <SimpleData name="Modelo_imp">Modelo 1</SimpleData>
            <SimpleData name="Departamen">CAAGUAZU</SimpleData>
            <SimpleData name="Distrito">CARAYAO</SimpleData>
            <SimpleData name="Localidad">TENIENTE MORALES-ALEMAN KUE</SimpleData>
            <SimpleData name="Teléfono">0976441608</SimpleData>
            <SimpleData name="Vivienda_L">-25.30756520000</SimpleData>
            <SimpleData name="Vivienda_1">-56.28452060000</SimpleData>
            <SimpleData name="Superficie">0.80000000000</SimpleData>
            <SimpleData name="Situaci_1">Par?metro</SimpleData>
            <SimpleData name="Plantado">NO</SimpleData>
            <SimpleData name="Jornales">0.00000000000</SimpleData>
            <SimpleData name="Monto">0.00000000000</SimpleData>
            <SimpleData name="Grupo_de_p">D-GN-XX-XX-XX</SimpleData>
            <SimpleData name="Estado_del">Activo</SimpleData>
            <SimpleData name="Empresa">Unique Wood Paraguay SA</SimpleData>
            <SimpleData name="Lote">D</SimpleData>
            <SimpleData name="Parametro">0.00000000000</SimpleData>
            <SimpleData name="Sup_SIG">0.80721670911</SimpleData>
            <SimpleData name="X">-56.28277387000</SimpleData>
            <SimpleData name="Y">-25.30976389000</SimpleData>
            <SimpleData name="cedula">7796983</SimpleData>
            <SimpleData name="Cédula_1">7796983.00000000000</SimpleData>
            <SimpleData name="Estado_d_1">Activo</SimpleData>
            <SimpleData name="OBJECTID_1">5772</SimpleData>
            <SimpleData name="Shape_Leng">431.26609540500</SimpleData>
            <SimpleData name="Shape_Area">8072.16709107000</SimpleData>
          </SchemaData>
        </ExtendedData>
        <Polygon>
          <outerBoundaryIs>
            <LinearRing>
              <coordinates>
                -56.2821041995422,-25.3102282996192,0
                -56.2822988006526,-25.3104487998196,0
                -56.2834858006117,-25.3095220994728,0
                -56.2832024000093,-25.3091330003067,0
                -56.282171400243,-25.3098416999953,0
                -56.2823472995592,-25.31005709999,0
                -56.2821041995422,-25.3102282996192,0
              </coordinates>
            </LinearRing>
          </outerBoundaryIs>
        </Polygon>
      </Placemark>
      <Placemark id="Lote_D.275">
        <ExtendedData>
          <SchemaData schemaUrl="#Lote_D.schema">
            <SimpleData name="Cédula">4267774.00000000000</SimpleData>
            <SimpleData name="Nombres_y_">ELOI MARTINEZ CANDIA</SimpleData>
            <SimpleData name="Sexo">Hombre</SimpleData>
            <SimpleData name="Cambio_de_">NO</SimpleData>
            <SimpleData name="Titular_se">NO</SimpleData>
            <SimpleData name="ci_UNIF">4267774.00000000000</SimpleData>
            <SimpleData name="Situación">NO</SimpleData>
            <SimpleData name="Comunidad">Ind?gena</SimpleData>
            <SimpleData name="Modelo_imp">Modelo 2</SimpleData>
            <SimpleData name="Departamen">CAAGUAZU</SimpleData>
            <SimpleData name="Distrito">YH?</SimpleData>
            <SimpleData name="Localidad">COM INDIG KOE POTY</SimpleData>
            <SimpleData name="Teléfono">0982148654</SimpleData>
            <SimpleData name="Vivienda_L">-24.71680840000</SimpleData>
            <SimpleData name="Vivienda_1">-55.56422320000</SimpleData>
            <SimpleData name="Superficie">0.80000000000</SimpleData>
            <SimpleData name="Situaci_1">Par?metro</SimpleData>
            <SimpleData name="Plantado">NO</SimpleData>
            <SimpleData name="Jornales">0.00000000000</SimpleData>
            <SimpleData name="Monto">0.00000000000</SimpleData>
            <SimpleData name="Grupo_de_p">D-GN-XX-XX-XX</SimpleData>
            <SimpleData name="Estado_del">Activo</SimpleData>
            <SimpleData name="Empresa">Unique Wood Paraguay SA</SimpleData>
            <SimpleData name="Lote">D</SimpleData>
            <SimpleData name="Parametro">0.00000000000</SimpleData>
            <SimpleData name="Sup_SIG">0.82272568453</SimpleData>
            <SimpleData name="X">-55.56452490000</SimpleData>
            <SimpleData name="Y">-24.71591217000</SimpleData>
            <SimpleData name="cedula">4267774</SimpleData>
            <SimpleData name="Cédula_1">4267774.00000000000</SimpleData>
            <SimpleData name="Estado_d_1">Activo</SimpleData>
            <SimpleData name="OBJECTID_1">5688</SimpleData>
            <SimpleData name="Shape_Leng">441.79337905300</SimpleData>
            <SimpleData name="Shape_Area">8227.25684533000</SimpleData>
          </SchemaData>
        </ExtendedData>
        <Polygon>
          <outerBoundaryIs>
            <LinearRing>
              <coordinates>
                -55.5642835088512,-24.7158109102686,0
                -55.5640987176363,-24.7160756032232,0
                -55.5638964006446,-24.7163654000847,0
                -55.5642782998197,-24.7166943008271,0
                -55.5651951007679,-24.7153198995132,0
                -55.5650083003569,-24.7151502001445,0
                -55.5647458996825,-24.7153783997452,0
                -55.5645983008538,-24.7153599999271,0
                -55.5642835088512,-24.7158109102686,0
              </coordinates>
            </LinearRing>
          </outerBoundaryIs>
        </Polygon>
      </Placemark>
      <Placemark id="Lote_D.276">
        <ExtendedData>
          <SchemaData schemaUrl="#Lote_D.schema">
            <SimpleData name="Cédula">5048070.00000000000</SimpleData>
            <SimpleData name="Nombres_y_">CLARA ROJAS AYALA</SimpleData>
            <SimpleData name="Sexo">Mujer</SimpleData>
            <SimpleData name="Cambio_de_">NO</SimpleData>
            <SimpleData name="Titular_se">NO</SimpleData>
            <SimpleData name="ci_UNIF">5048070.00000000000</SimpleData>
            <SimpleData name="Situación">NO</SimpleData>
            <SimpleData name="Comunidad">Campesina</SimpleData>
            <SimpleData name="Modelo_imp">Modelo 1</SimpleData>
            <SimpleData name="Departamen">CAAGUAZU</SimpleData>
            <SimpleData name="Distrito">CARAYAO</SimpleData>
            <SimpleData name="Localidad">TENIENTE MORALES-ALEMAN KUE</SimpleData>
            <SimpleData name="Teléfono">0981576245</SimpleData>
            <SimpleData name="Vivienda_L">-25.27232440000</SimpleData>
            <SimpleData name="Vivienda_1">-56.27879550000</SimpleData>
            <SimpleData name="Superficie">0.80000000000</SimpleData>
            <SimpleData name="Situaci_1">Par?metro</SimpleData>
            <SimpleData name="Plantado">NO</SimpleData>
            <SimpleData name="Jornales">0.00000000000</SimpleData>
            <SimpleData name="Monto">0.00000000000</SimpleData>
            <SimpleData name="Grupo_de_p">D-GN-XX-XX-XX</SimpleData>
            <SimpleData name="Estado_del">Activo</SimpleData>
            <SimpleData name="Empresa">Unique Wood Paraguay SA</SimpleData>
            <SimpleData name="Lote">D</SimpleData>
            <SimpleData name="Parametro">0.00000000000</SimpleData>
            <SimpleData name="Sup_SIG">0.79798542579</SimpleData>
            <SimpleData name="X">-56.28634979000</SimpleData>
            <SimpleData name="Y">-25.27319126000</SimpleData>
            <SimpleData name="cedula">5048070</SimpleData>
            <SimpleData name="Cédula_1">5048070.00000000000</SimpleData>
            <SimpleData name="Estado_d_1">Activo</SimpleData>
            <SimpleData name="OBJECTID_1">5775</SimpleData>
            <SimpleData name="Shape_Leng">363.70732728100</SimpleData>
            <SimpleData name="Shape_Area">7979.85425790000</SimpleData>
          </SchemaData>
        </ExtendedData>
        <Polygon>
          <outerBoundaryIs>
            <LinearRing>
              <coordinates>
                -56.2859107993478,-25.2727887001475,0
                -56.2859113992459,-25.2736518002593,0
                -56.2862294993739,-25.2735790999581,0
                -56.2868027999829,-25.2735846998098,0
                -56.2867921996222,-25.2727844997609,0
                -56.2859107993478,-25.2727887001475,0
              </coordinates>
            </LinearRing>
          </outerBoundaryIs>
        </Polygon>
      </Placemark>
      <Placemark id="Lote_D.277">
        <ExtendedData>
          <SchemaData schemaUrl="#Lote_D.schema">
            <SimpleData name="Cédula">5169913.00000000000</SimpleData>
            <SimpleData name="Nombres_y_">SONIA MABEL ANTELL DUARTE</SimpleData>
            <SimpleData name="Sexo">Mujer</SimpleData>
            <SimpleData name="Cambio_de_">NO</SimpleData>
            <SimpleData name="Titular_se">NO</SimpleData>
            <SimpleData name="ci_UNIF">5169913.00000000000</SimpleData>
            <SimpleData name="Situación">NO</SimpleData>
            <SimpleData name="Comunidad">Campesina</SimpleData>
            <SimpleData name="Modelo_imp">Modelo 1</SimpleData>
            <SimpleData name="Departamen">CAAGUAZU</SimpleData>
            <SimpleData name="Distrito">CARAYAO</SimpleData>
            <SimpleData name="Localidad">COLONIA TENIENTE MORALES - ALEMAN KUE</SimpleData>
            <SimpleData name="Teléfono">971651245</SimpleData>
            <SimpleData name="Vivienda_L">-25.31337120000</SimpleData>
            <SimpleData name="Vivienda_1">-56.29487390000</SimpleData>
            <SimpleData name="Superficie">0.80000000000</SimpleData>
            <SimpleData name="Situaci_1">Parametro</SimpleData>
            <SimpleData name="Plantado">NO</SimpleData>
            <SimpleData name="Jornales">0.00000000000</SimpleData>
            <SimpleData name="Monto">0.00000000000</SimpleData>
            <SimpleData name="Grupo_de_p">D-GN-XX-XX-XX</SimpleData>
            <SimpleData name="Estado_del">Activo</SimpleData>
            <SimpleData name="Empresa">Unique Wood Paraguay SA</SimpleData>
            <SimpleData name="Lote">D</SimpleData>
            <SimpleData name="Parametro">0.00000000000</SimpleData>
            <SimpleData name="Sup_SIG">0.81395351743</SimpleData>
            <SimpleData name="X">-56.29371316000</SimpleData>
            <SimpleData name="Y">-25.31532139000</SimpleData>
            <SimpleData name="cedula">5169913</SimpleData>
            <SimpleData name="Cédula_1">5169913.00000000000</SimpleData>
            <SimpleData name="Estado_d_1">Activo</SimpleData>
            <SimpleData name="OBJECTID_1">6311</SimpleData>
            <SimpleData name="Shape_Leng">405.16045504600</SimpleData>
            <SimpleData name="Shape_Area">8139.53517432000</SimpleData>
          </SchemaData>
        </ExtendedData>
        <Polygon>
          <outerBoundaryIs>
            <LinearRing>
              <coordinates>
                -56.2939143693291,-25.3148141396274,0
                -56.2935619384701,-25.3151110703781,0
                -56.2932209002846,-25.3153984006099,0
                -56.2931037001555,-25.3153643995409,0
                -56.2929780995363,-25.31547340025,0
                -56.2931678997797,-25.3157760000037,0
                -56.2933944002315,-25.3158885998033,0
                -56.2944828997058,-25.3150861994967,0
                -56.2940082999535,-25.3147350003236,0
                -56.2939143693291,-25.3148141396274,0
              </coordinates>
            </LinearRing>
          </outerBoundaryIs>
        </Polygon>
      </Placemark>
      <Placemark id="Lote_D.278">
        <ExtendedData>
          <SchemaData schemaUrl="#Lote_D.schema">
            <SimpleData name="Cédula">5254090.00000000000</SimpleData>
            <SimpleData name="Nombres_y_">MERCEDES RIVAROLA ARANDA</SimpleData>
            <SimpleData name="Sexo">Mujer</SimpleData>
            <SimpleData name="Cambio_de_">NO</SimpleData>
            <SimpleData name="Titular_se">NO</SimpleData>
            <SimpleData name="ci_UNIF">5254090.00000000000</SimpleData>
            <SimpleData name="Situación">NO</SimpleData>
            <SimpleData name="Comunidad">Ind?gena</SimpleData>
            <SimpleData name="Modelo_imp">Modelo 5</SimpleData>
            <SimpleData name="Departamen">CAAGUAZU</SimpleData>
            <SimpleData name="Distrito">YH?</SimpleData>
            <SimpleData name="Localidad">COM INDIG KOE POTY</SimpleData>
            <SimpleData name="Teléfono">0985603985</SimpleData>
            <SimpleData name="Vivienda_L">-24.71475410000</SimpleData>
            <SimpleData name="Vivienda_1">-55.56086190000</SimpleData>
            <SimpleData name="Superficie">0.70000000000</SimpleData>
            <SimpleData name="Situaci_1">Par?metro</SimpleData>
            <SimpleData name="Plantado">NO</SimpleData>
            <SimpleData name="Jornales">0.00000000000</SimpleData>
            <SimpleData name="Monto">0.00000000000</SimpleData>
            <SimpleData name="Grupo_de_p">D-GN-XX-XX-XX</SimpleData>
            <SimpleData name="Estado_del">Activo</SimpleData>
            <SimpleData name="Empresa">Unique Wood Paraguay SA</SimpleData>
            <SimpleData name="Lote">D</SimpleData>
            <SimpleData name="Parametro">0.00000000000</SimpleData>
            <SimpleData name="Sup_SIG">0.69864222935</SimpleData>
            <SimpleData name="X">-55.56128697000</SimpleData>
            <SimpleData name="Y">-24.71467273000</SimpleData>
            <SimpleData name="cedula">5254090</SimpleData>
            <SimpleData name="Cédula_1">5254090.00000000000</SimpleData>
            <SimpleData name="Estado_d_1">Activo</SimpleData>
            <SimpleData name="OBJECTID_1">5690</SimpleData>
            <SimpleData name="Shape_Leng">539.23435490700</SimpleData>
            <SimpleData name="Shape_Area">6986.42229347000</SimpleData>
          </SchemaData>
        </ExtendedData>
        <Polygon>
          <outerBoundaryIs>
            <LinearRing>
              <coordinates>
                -55.5604151967518,-24.714345019451,0
                -55.5601713998664,-24.7145498998565,0
                -55.5602835991368,-24.7146509007947,0
                -55.560443800248,-24.7144869002197,0
                -55.560531999836,-24.7145817002846,0
                -55.560956899987,-24.714336899886,0
                -55.5612070996649,-24.7146542994737,0
                -55.5607543005252,-24.7149422993933,0
                -55.5610342995662,-24.7151506000845,0
                -55.5616582000053,-24.7147680996445,0
                -55.5609348149684,-24.7139401317572,0
                -55.5609187994549,-24.7139218006686,0
                -55.5604151967518,-24.714345019451,0
              </coordinates>
            </LinearRing>
          </outerBoundaryIs>
        </Polygon>
      </Placemark>
      <Placemark id="Lote_D.279">
        <ExtendedData>
          <SchemaData schemaUrl="#Lote_D.schema">
            <SimpleData name="Cédula">5728324.00000000000</SimpleData>
            <SimpleData name="Nombres_y_">PABLA RAMONA CHAMORRO</SimpleData>
            <SimpleData name="Sexo">Mujer</SimpleData>
            <SimpleData name="Cambio_de_">NO</SimpleData>
            <SimpleData name="Titular_se">NO</SimpleData>
            <SimpleData name="ci_UNIF">5728324.00000000000</SimpleData>
            <SimpleData name="Situación">NO</SimpleData>
            <SimpleData name="Comunidad">Campesina</SimpleData>
            <SimpleData name="Modelo_imp">Modelo 3</SimpleData>
            <SimpleData name="Departamen">CAAGUAZU</SimpleData>
            <SimpleData name="Distrito">CARAYAO</SimpleData>
            <SimpleData name="Localidad">PARA GUASU</SimpleData>
            <SimpleData name="Teléfono">0975977830</SimpleData>
            <SimpleData name="Vivienda_L">-25.16867000000</SimpleData>
            <SimpleData name="Vivienda_1">-56.21257480000</SimpleData>
            <SimpleData name="Superficie">0.80000000000</SimpleData>
            <SimpleData name="Situaci_1">Par?metro</SimpleData>
            <SimpleData name="Plantado">NO</SimpleData>
            <SimpleData name="Jornales">0.00000000000</SimpleData>
            <SimpleData name="Monto">0.00000000000</SimpleData>
            <SimpleData name="Grupo_de_p">D-GN-XX-XX-XX</SimpleData>
            <SimpleData name="Estado_del">Activo</SimpleData>
            <SimpleData name="Empresa">Unique Wood Paraguay SA</SimpleData>
            <SimpleData name="Lote">D</SimpleData>
            <SimpleData name="Parametro">0.00000000000</SimpleData>
            <SimpleData name="Sup_SIG">1.20618865290</SimpleData>
            <SimpleData name="X">-56.21494327000</SimpleData>
            <SimpleData name="Y">-25.16895554000</SimpleData>
            <SimpleData name="cedula">5728324</SimpleData>
            <SimpleData name="Cédula_1">5728324.00000000000</SimpleData>
            <SimpleData name="Estado_d_1">Activo</SimpleData>
            <SimpleData name="OBJECTID_1">7963</SimpleData>
            <SimpleData name="Shape_Leng">441.14289090800</SimpleData>
            <SimpleData name="Shape_Area">12061.88652900000</SimpleData>
          </SchemaData>
        </ExtendedData>
        <Polygon>
          <outerBoundaryIs>
            <LinearRing>
              <coordinates>
                -56.2143249992461,-25.1685317001985,0
                -56.2143657997961,-25.1694165000511,0
                -56.2155081000905,-25.1694183998237,0
                -56.2155507003606,-25.1684775004297,0
                -56.2143249992461,-25.1685317001985,0
              </coordinates>
            </LinearRing>
          </outerBoundaryIs>
        </Polygon>
      </Placemark>
      <Placemark id="Lote_D.280">
        <ExtendedData>
          <SchemaData schemaUrl="#Lote_D.schema">
            <SimpleData name="Cédula">5818343.00000000000</SimpleData>
            <SimpleData name="Nombres_y_">CLARA LILIANA FARI?A BATTE</SimpleData>
            <SimpleData name="Sexo">Mujer</SimpleData>
            <SimpleData name="Cambio_de_">NO</SimpleData>
            <SimpleData name="Titular_se">NO</SimpleData>
            <SimpleData name="ci_UNIF">5818343.00000000000</SimpleData>
            <SimpleData name="Situación">NO</SimpleData>
            <SimpleData name="Comunidad">Campesina</SimpleData>
            <SimpleData name="Modelo_imp">Modelo 1</SimpleData>
            <SimpleData name="Departamen">CAAGUAZU</SimpleData>
            <SimpleData name="Distrito">CARAYAO</SimpleData>
            <SimpleData name="Localidad">TENIENTE MORALES-ALEMAN KUE</SimpleData>
            <SimpleData name="Teléfono">0975940118</SimpleData>
            <SimpleData name="Vivienda_L">-25.30947960000</SimpleData>
            <SimpleData name="Vivienda_1">-56.28818830000</SimpleData>
            <SimpleData name="Superficie">0.80000000000</SimpleData>
            <SimpleData name="Situaci_1">Par?metro</SimpleData>
            <SimpleData name="Plantado">NO</SimpleData>
            <SimpleData name="Jornales">0.00000000000</SimpleData>
            <SimpleData name="Monto">0.00000000000</SimpleData>
            <SimpleData name="Grupo_de_p">D-GN-XX-XX-XX</SimpleData>
            <SimpleData name="Estado_del">Activo</SimpleData>
            <SimpleData name="Empresa">Unique Wood Paraguay SA</SimpleData>
            <SimpleData name="Lote">D</SimpleData>
            <SimpleData name="Parametro">0.00000000000</SimpleData>
            <SimpleData name="Sup_SIG">0.90827699732</SimpleData>
            <SimpleData name="X">-56.28910669000</SimpleData>
            <SimpleData name="Y">-25.30772083000</SimpleData>
            <SimpleData name="cedula">5818343</SimpleData>
            <SimpleData name="Cédula_1">5818343.00000000000</SimpleData>
            <SimpleData name="Estado_d_1">Activo</SimpleData>
            <SimpleData name="OBJECTID_1">5773</SimpleData>
            <SimpleData name="Shape_Leng">515.40632550800</SimpleData>
            <SimpleData name="Shape_Area">9082.76997321000</SimpleData>
          </SchemaData>
        </ExtendedData>
        <MultiGeometry>
          <Polygon>
            <outerBoundaryIs>
              <LinearRing>
                <coordinates>
                  -56.2886239999454,-25.3087593004569,0
                  -56.2894082998873,-25.3079189011019,0
                  -56.2888365999964,-25.3075016000772,0
                  -56.2884736992767,-25.3079400009538,0
                  -56.2883449999542,-25.308543200644,0
                  -56.2886239999454,-25.3087593004569,0
                </coordinates>
              </LinearRing>
            </outerBoundaryIs>
          </Polygon>
          <Polygon>
            <outerBoundaryIs>
              <LinearRing>
                <coordinates>
                  -56.2907517001837,-25.3059385995611,0
                  -56.2909228992301,-25.3056256009424,0
                  -56.2905999001436,-25.3054380001143,0
                  -56.2904226992736,-25.3057053006539,0
                  -56.2907517001837,-25.3059385995611,0
                </coordinates>
              </LinearRing>
            </outerBoundaryIs>
          </Polygon>
        </MultiGeometry>
      </Placemark>
      <Placemark id="Lote_D.281">
        <ExtendedData>
          <SchemaData schemaUrl="#Lote_D.schema">
            <SimpleData name="Cédula">6755538.00000000000</SimpleData>
            <SimpleData name="Nombres_y_">SABINO MARTINEZ CANDIA</SimpleData>
            <SimpleData name="Sexo">Hombre</SimpleData>
            <SimpleData name="Cambio_de_">NO</SimpleData>
            <SimpleData name="Titular_se">NO</SimpleData>
            <SimpleData name="ci_UNIF">6755538.00000000000</SimpleData>
            <SimpleData name="Situación">NO</SimpleData>
            <SimpleData name="Comunidad">Ind?gena</SimpleData>
            <SimpleData name="Modelo_imp">Modelo 1</SimpleData>
            <SimpleData name="Departamen">CAAGUAZU</SimpleData>
            <SimpleData name="Distrito">YH?</SimpleData>
            <SimpleData name="Localidad">COM INDIG KOE POTY</SimpleData>
            <SimpleData name="Teléfono">0981593887</SimpleData>
            <SimpleData name="Vivienda_L">-24.71808820000</SimpleData>
            <SimpleData name="Vivienda_1">-55.56563320000</SimpleData>
            <SimpleData name="Superficie">0.80000000000</SimpleData>
            <SimpleData name="Situaci_1">Par?metro</SimpleData>
            <SimpleData name="Plantado">NO</SimpleData>
            <SimpleData name="Jornales">0.00000000000</SimpleData>
            <SimpleData name="Monto">0.00000000000</SimpleData>
            <SimpleData name="Grupo_de_p">D-GN-XX-XX-XX</SimpleData>
            <SimpleData name="Estado_del">Activo</SimpleData>
            <SimpleData name="Empresa">Unique Wood Paraguay SA</SimpleData>
            <SimpleData name="Lote">D</SimpleData>
            <SimpleData name="Parametro">0.00000000000</SimpleData>
            <SimpleData name="Sup_SIG">1.05857361720</SimpleData>
            <SimpleData name="X">-55.56368906000</SimpleData>
            <SimpleData name="Y">-24.71602913000</SimpleData>
            <SimpleData name="cedula">6755538</SimpleData>
            <SimpleData name="Cédula_1">6755538.00000000000</SimpleData>
            <SimpleData name="Estado_d_1">Activo</SimpleData>
            <SimpleData name="OBJECTID_1">5679</SimpleData>
            <SimpleData name="Shape_Leng">685.40999043500</SimpleData>
            <SimpleData name="Shape_Area">10585.73617200000</SimpleData>
          </SchemaData>
        </ExtendedData>
        <MultiGeometry>
          <Polygon>
            <outerBoundaryIs>
              <LinearRing>
                <coordinates>
                  -55.5650454995376,-24.7178928007268,0
                  -55.5654023991591,-24.718119101212,0
                  -55.5657046994535,-24.7177797001498,0
                  -55.5658037997028,-24.7177185008637,0
                  -55.5660020002624,-24.7178345001878,0
                  -55.5660156996178,-24.7178218001383,0
                  -55.56608489969,-24.7178164011154,0
                  -55.5656499994929,-24.7172189005674,0
                  -55.5650454995376,-24.7178928007268,0
                </coordinates>
              </LinearRing>
            </outerBoundaryIs>
          </Polygon>
          <Polygon>
            <outerBoundaryIs>
              <LinearRing>
                <coordinates>
                  -55.5630443992005,-24.7164191003811,0
                  -55.5632454998068,-24.7165794002893,0
                  -55.5635199995424,-24.7162388000597,0
                  -55.5638941994235,-24.7163578004834,0
                  -55.5640987176363,-24.7160756032232,0
                  -55.5642835088512,-24.7158109102686,0
                  -55.5637323994781,-24.71551960029,0
                  -55.5630443992005,-24.7164191003811,0
                </coordinates>
              </LinearRing>
            </outerBoundaryIs>
          </Polygon>
        </MultiGeometry>
      </Placemark>
      <Placemark id="Lote_D.282">
        <ExtendedData>
          <SchemaData schemaUrl="#Lote_D.schema">
            <SimpleData name="Cédula">6921667.00000000000</SimpleData>
            <SimpleData name="Nombres_y_">PAOLA MARTINEZ GALEANO</SimpleData>
            <SimpleData name="Sexo">Mujer</SimpleData>
            <SimpleData name="Cambio_de_">NO</SimpleData>
            <SimpleData name="Titular_se">NO</SimpleData>
            <SimpleData name="ci_UNIF">6921667.00000000000</SimpleData>
            <SimpleData name="Situación">NO</SimpleData>
            <SimpleData name="Comunidad">Ind?gena</SimpleData>
            <SimpleData name="Modelo_imp">Modelo 5</SimpleData>
            <SimpleData name="Departamen">CAAGUAZU</SimpleData>
            <SimpleData name="Distrito">YH?</SimpleData>
            <SimpleData name="Localidad">COM INDIG KOE POTY</SimpleData>
            <SimpleData name="Teléfono">ND</SimpleData>
            <SimpleData name="Vivienda_L">-24.71117840000</SimpleData>
            <SimpleData name="Vivienda_1">-55.55625390000</SimpleData>
            <SimpleData name="Superficie">0.70000000000</SimpleData>
            <SimpleData name="Situaci_1">Par?metro</SimpleData>
            <SimpleData name="Plantado">NO</SimpleData>
            <SimpleData name="Jornales">0.00000000000</SimpleData>
            <SimpleData name="Monto">0.00000000000</SimpleData>
            <SimpleData name="Grupo_de_p">D-GN-XX-XX-XX</SimpleData>
            <SimpleData name="Estado_del">Activo</SimpleData>
            <SimpleData name="Empresa">Unique Wood Paraguay SA</SimpleData>
            <SimpleData name="Lote">D</SimpleData>
            <SimpleData name="Parametro">0.00000000000</SimpleData>
            <SimpleData name="Sup_SIG">0.93544060275</SimpleData>
            <SimpleData name="X">-55.55427622000</SimpleData>
            <SimpleData name="Y">-24.70980837000</SimpleData>
            <SimpleData name="cedula">6921667</SimpleData>
            <SimpleData name="Cédula_1">6921667.00000000000</SimpleData>
            <SimpleData name="Estado_d_1">Activo</SimpleData>
            <SimpleData name="OBJECTID_1">5678</SimpleData>
            <SimpleData name="Shape_Leng">414.48265318000</SimpleData>
            <SimpleData name="Shape_Area">9354.40602753000</SimpleData>
          </SchemaData>
        </ExtendedData>
        <Polygon>
          <outerBoundaryIs>
            <LinearRing>
              <coordinates>
                -55.553544800069,-24.7097947994086,0
                -55.5545267004509,-24.7104982994031,0
                -55.5547232998671,-24.7102450002539,0
                -55.5546200003361,-24.7100749995975,0
                -55.5546050000075,-24.7098782995925,0
                -55.5547750005214,-24.7093583006303,0
                -55.5544015996823,-24.7092013998674,0
                -55.553544800069,-24.7097947994086,0
              </coordinates>
            </LinearRing>
          </outerBoundaryIs>
        </Polygon>
      </Placemark>
      <Placemark id="Lote_D.283">
        <ExtendedData>
          <SchemaData schemaUrl="#Lote_D.schema">
            <SimpleData name="Cédula">6921681.00000000000</SimpleData>
            <SimpleData name="Nombres_y_">JUAN MANUEL FLORES CANDIA</SimpleData>
            <SimpleData name="Sexo">Hombre</SimpleData>
            <SimpleData name="Cambio_de_">NO</SimpleData>
            <SimpleData name="Titular_se">NO</SimpleData>
            <SimpleData name="ci_UNIF">6921681.00000000000</SimpleData>
            <SimpleData name="Comunidad">Ind?gena</SimpleData>
            <SimpleData name="Modelo_imp">Modelo 1</SimpleData>
            <SimpleData name="Departamen">CAAGUAZU</SimpleData>
            <SimpleData name="Distrito">YH?</SimpleData>
            <SimpleData name="Localidad"><![CDATA[COM INDIG KO'E POTY]]></SimpleData>
            <SimpleData name="Teléfono">972925043</SimpleData>
            <SimpleData name="Vivienda_L">-24.71445500000</SimpleData>
            <SimpleData name="Vivienda_1">-55.56193170000</SimpleData>
            <SimpleData name="Superficie">0.80000000000</SimpleData>
            <SimpleData name="Situaci_1">Parametro</SimpleData>
            <SimpleData name="Plantado">NO</SimpleData>
            <SimpleData name="Jornales">0.00000000000</SimpleData>
            <SimpleData name="Monto">0.00000000000</SimpleData>
            <SimpleData name="Grupo_de_p">D-GN---</SimpleData>
            <SimpleData name="Estado_del">Activo</SimpleData>
            <SimpleData name="Empresa">Unique Wood Paraguay SA</SimpleData>
            <SimpleData name="Lote">D</SimpleData>
            <SimpleData name="Parametro">0.00000000000</SimpleData>
            <SimpleData name="Sup_SIG">0.83053320453</SimpleData>
            <SimpleData name="X">-55.55698498000</SimpleData>
            <SimpleData name="Y">-24.70673365000</SimpleData>
            <SimpleData name="cedula">6921681</SimpleData>
            <SimpleData name="Cédula_1">6921681.00000000000</SimpleData>
            <SimpleData name="Estado_d_1">Activo</SimpleData>
            <SimpleData name="OBJECTID_1">6432</SimpleData>
            <SimpleData name="Shape_Leng">835.16742028800</SimpleData>
            <SimpleData name="Shape_Area">8305.33204525000</SimpleData>
          </SchemaData>
        </ExtendedData>
        <Polygon>
          <outerBoundaryIs>
            <LinearRing>
              <coordinates>
                -55.5568816995423,-24.7067183000574,0
                -55.559105000133,-24.7073017003704,0
                -55.5591483002224,-24.7071733003154,0
                -55.5568904997017,-24.7065359007041,0
                -55.555593999805,-24.7063674996807,0
                -55.5552719001914,-24.7064325001769,0
                -55.5553264992758,-24.7066407005507,0
                -55.5568816995423,-24.7067183000574,0
              </coordinates>
            </LinearRing>
          </outerBoundaryIs>
        </Polygon>
      </Placemark>
      <Placemark id="Lote_D.284">
        <ExtendedData>
          <SchemaData schemaUrl="#Lote_D.schema">
            <SimpleData name="Cédula">6942743.00000000000</SimpleData>
            <SimpleData name="Nombres_y_">EVER  FLORES CANDIA</SimpleData>
            <SimpleData name="Sexo">Hombre</SimpleData>
            <SimpleData name="Cambio_de_">NO</SimpleData>
            <SimpleData name="Titular_se">NO</SimpleData>
            <SimpleData name="ci_UNIF">6942743.00000000000</SimpleData>
            <SimpleData name="Situación">NO</SimpleData>
            <SimpleData name="Comunidad">Ind?gena</SimpleData>
            <SimpleData name="Modelo_imp">Modelo 2</SimpleData>
            <SimpleData name="Departamen">CAAGUAZU</SimpleData>
            <SimpleData name="Distrito">YH?</SimpleData>
            <SimpleData name="Localidad"><![CDATA[COM INDIG KO'E POTY]]></SimpleData>
            <SimpleData name="Teléfono">982877221</SimpleData>
            <SimpleData name="Vivienda_L">-24.71499000000</SimpleData>
            <SimpleData name="Vivienda_1">-55.56138500000</SimpleData>
            <SimpleData name="Superficie">0.80000000000</SimpleData>
            <SimpleData name="Situaci_1">Parametro</SimpleData>
            <SimpleData name="Plantado">NO</SimpleData>
            <SimpleData name="Jornales">0.00000000000</SimpleData>
            <SimpleData name="Monto">0.00000000000</SimpleData>
            <SimpleData name="Grupo_de_p">D-GN-XX-XX-XX</SimpleData>
            <SimpleData name="Estado_del">Activo</SimpleData>
            <SimpleData name="Empresa">Unique Wood Paraguay SA</SimpleData>
            <SimpleData name="Lote">D</SimpleData>
            <SimpleData name="Parametro">0.00000000000</SimpleData>
            <SimpleData name="Sup_SIG">0.82003883921</SimpleData>
            <SimpleData name="X">-55.55311698000</SimpleData>
            <SimpleData name="Y">-24.70798989000</SimpleData>
            <SimpleData name="cedula">6942743</SimpleData>
            <SimpleData name="Cédula_1">6942743.00000000000</SimpleData>
            <SimpleData name="Estado_d_1">Activo</SimpleData>
            <SimpleData name="OBJECTID_1">6368</SimpleData>
            <SimpleData name="Shape_Leng">883.13487840500</SimpleData>
            <SimpleData name="Shape_Area">8200.38839214000</SimpleData>
          </SchemaData>
        </ExtendedData>
        <Polygon>
          <outerBoundaryIs>
            <LinearRing>
              <coordinates>
                -55.5523787996662,-24.7089670995971,0
                -55.5526968996279,-24.709179900177,0
                -55.5529748005815,-24.7082245991397,0
                -55.5537926991239,-24.7074834993237,0
                -55.5547581001578,-24.7068551998268,0
                -55.5553132998275,-24.7066315998636,0
                -55.5552619003036,-24.7064503004802,0
                -55.5538487007861,-24.7072368007427,0
                -55.5526646003173,-24.7082840994118,0
                -55.5523787996662,-24.7089670995971,0
              </coordinates>
            </LinearRing>
          </outerBoundaryIs>
        </Polygon>
      </Placemark>
      <Placemark id="Lote_D.285">
        <ExtendedData>
          <SchemaData schemaUrl="#Lote_D.schema">
            <SimpleData name="Cédula">7223255.00000000000</SimpleData>
            <SimpleData name="Nombres_y_">BARCILICIA CENTURION FERNANDEZ</SimpleData>
            <SimpleData name="Sexo">Mujer</SimpleData>
            <SimpleData name="Cambio_de_">NO</SimpleData>
            <SimpleData name="Titular_se">NO</SimpleData>
            <SimpleData name="ci_UNIF">7223255.00000000000</SimpleData>
            <SimpleData name="Situación">NO</SimpleData>
            <SimpleData name="Comunidad">Ind?gena</SimpleData>
            <SimpleData name="Modelo_imp">Modelo 5</SimpleData>
            <SimpleData name="Departamen">CAAGUAZU</SimpleData>
            <SimpleData name="Distrito">YH?</SimpleData>
            <SimpleData name="Localidad">COM INDIG KOE POTY</SimpleData>
            <SimpleData name="Teléfono">0984453264</SimpleData>
            <SimpleData name="Vivienda_L">-24.71409170000</SimpleData>
            <SimpleData name="Vivienda_1">-55.56019300000</SimpleData>
            <SimpleData name="Superficie">0.70000000000</SimpleData>
            <SimpleData name="Situaci_1">Par?metro</SimpleData>
            <SimpleData name="Plantado">NO</SimpleData>
            <SimpleData name="Jornales">0.00000000000</SimpleData>
            <SimpleData name="Monto">0.00000000000</SimpleData>
            <SimpleData name="Grupo_de_p">D-GN-XX-XX-XX</SimpleData>
            <SimpleData name="Estado_del">Activo</SimpleData>
            <SimpleData name="Empresa">Unique Wood Paraguay SA</SimpleData>
            <SimpleData name="Lote">D</SimpleData>
            <SimpleData name="Parametro">0.00000000000</SimpleData>
            <SimpleData name="Sup_SIG">0.72114611737</SimpleData>
            <SimpleData name="X">-55.56080588000</SimpleData>
            <SimpleData name="Y">-24.71379378000</SimpleData>
            <SimpleData name="cedula">7223255</SimpleData>
            <SimpleData name="Cédula_1">7223255.00000000000</SimpleData>
            <SimpleData name="Estado_d_1">Activo</SimpleData>
            <SimpleData name="OBJECTID_1">5675</SimpleData>
            <SimpleData name="Shape_Leng">490.58913278500</SimpleData>
            <SimpleData name="Shape_Area">7211.46117373000</SimpleData>
          </SchemaData>
        </ExtendedData>
        <Polygon>
          <outerBoundaryIs>
            <LinearRing>
              <coordinates>
                -55.5604151967518,-24.714345019451,0
                -55.5609187994549,-24.7139218006686,0
                -55.5609348149684,-24.7139401317572,0
                -55.5616389000613,-24.7133914995528,0
                -55.5614130000262,-24.7131980994113,0
                -55.5609474004432,-24.7134912001105,0
                -55.560950900637,-24.7134838998719,0
                -55.5607200004949,-24.7134032996396,0
                -55.5604050004455,-24.7137180002786,0
                -55.5605472999934,-24.7138784001837,0
                -55.5599768001021,-24.7144432001889,0
                -55.5601606000684,-24.714543399637,0
                -55.5604151967518,-24.714345019451,0
              </coordinates>
            </LinearRing>
          </outerBoundaryIs>
        </Polygon>
      </Placemark>
      <Placemark id="Lote_D.286">
        <ExtendedData>
          <SchemaData schemaUrl="#Lote_D.schema">
            <SimpleData name="Cédula">7240053.00000000000</SimpleData>
            <SimpleData name="Nombres_y_">BEATRIZ  MENDOZA BOGARIN</SimpleData>
            <SimpleData name="Sexo">Mujer</SimpleData>
            <SimpleData name="Cambio_de_">NO</SimpleData>
            <SimpleData name="Titular_se">NO</SimpleData>
            <SimpleData name="ci_UNIF">7240053.00000000000</SimpleData>
            <SimpleData name="Situación">NO</SimpleData>
            <SimpleData name="Comunidad">Campesina</SimpleData>
            <SimpleData name="Modelo_imp">Modelo 1</SimpleData>
            <SimpleData name="Departamen">CAAGUAZU</SimpleData>
            <SimpleData name="Distrito">CARAYAO</SimpleData>
            <SimpleData name="Localidad">ASENT. 3 DE MAYO</SimpleData>
            <SimpleData name="Teléfono">0976919582</SimpleData>
            <SimpleData name="Vivienda_L">-25.31180910000</SimpleData>
            <SimpleData name="Vivienda_1">-56.31557890000</SimpleData>
            <SimpleData name="Superficie">0.80000000000</SimpleData>
            <SimpleData name="Situaci_1">Par?metro</SimpleData>
            <SimpleData name="Plantado">NO</SimpleData>
            <SimpleData name="Jornales">0.00000000000</SimpleData>
            <SimpleData name="Monto">0.00000000000</SimpleData>
            <SimpleData name="Grupo_de_p">D-GN-XX-XX-XX</SimpleData>
            <SimpleData name="Estado_del">Activo</SimpleData>
            <SimpleData name="Empresa">Unique Wood Paraguay SA</SimpleData>
            <SimpleData name="Lote">D</SimpleData>
            <SimpleData name="Parametro">0.00000000000</SimpleData>
            <SimpleData name="Sup_SIG">0.91665765978</SimpleData>
            <SimpleData name="X">-56.31991774000</SimpleData>
            <SimpleData name="Y">-25.30999934000</SimpleData>
            <SimpleData name="cedula">7240053</SimpleData>
            <SimpleData name="Cédula_1">7240053.00000000000</SimpleData>
            <SimpleData name="Estado_d_1">Activo</SimpleData>
            <SimpleData name="OBJECTID_1">5778</SimpleData>
            <SimpleData name="Shape_Leng">527.55552002900</SimpleData>
            <SimpleData name="Shape_Area">9166.57659777000</SimpleData>
          </SchemaData>
        </ExtendedData>
        <MultiGeometry>
          <Polygon>
            <outerBoundaryIs>
              <LinearRing>
                <coordinates>
                  -56.3147020998394,-25.3121876002586,0
                  -56.3152470999286,-25.3120824003165,0
                  -56.3151500998462,-25.3117726998977,0
                  -56.3146663997087,-25.3118280997368,0
                  -56.3147020998394,-25.3121876002586,0
                </coordinates>
              </LinearRing>
            </outerBoundaryIs>
          </Polygon>
          <Polygon>
            <outerBoundaryIs>
              <LinearRing>
                <coordinates>
                  -56.3195045994395,-25.3104136004329,0
                  -56.3205139995766,-25.3101827004822,0
                  -56.3203387997329,-25.3095946004803,0
                  -56.3193255991548,-25.3098033006327,0
                  -56.3195045994395,-25.3104136004329,0
                </coordinates>
              </LinearRing>
            </outerBoundaryIs>
          </Polygon>
        </MultiGeometry>
      </Placemark>
      <Placemark id="Lote_D.287">
        <ExtendedData>
          <SchemaData schemaUrl="#Lote_D.schema">
            <SimpleData name="Cédula">7888879.00000000000</SimpleData>
            <SimpleData name="Nombres_y_">ROSALIA  MARTINEZ GALEANO</SimpleData>
            <SimpleData name="Sexo">Mujer</SimpleData>
            <SimpleData name="Cambio_de_">NO</SimpleData>
            <SimpleData name="Titular_se">NO</SimpleData>
            <SimpleData name="ci_UNIF">7888879.00000000000</SimpleData>
            <SimpleData name="Situación">NO</SimpleData>
            <SimpleData name="Comunidad">Ind?gena</SimpleData>
            <SimpleData name="Modelo_imp">Modelo 2</SimpleData>
            <SimpleData name="Departamen">CAAGUAZU</SimpleData>
            <SimpleData name="Distrito">YH?</SimpleData>
            <SimpleData name="Localidad"><![CDATA[COM INDIG KO'E POTY]]></SimpleData>
            <SimpleData name="Teléfono">986495390</SimpleData>
            <SimpleData name="Vivienda_L">-24.71083170000</SimpleData>
            <SimpleData name="Vivienda_1">-55.55556670000</SimpleData>
            <SimpleData name="Superficie">0.80000000000</SimpleData>
            <SimpleData name="Situaci_1">Parametro</SimpleData>
            <SimpleData name="Plantado">NO</SimpleData>
            <SimpleData name="Jornales">0.00000000000</SimpleData>
            <SimpleData name="Monto">0.00000000000</SimpleData>
            <SimpleData name="Grupo_de_p">D-GN-XX-XX-XX</SimpleData>
            <SimpleData name="Estado_del">Activo</SimpleData>
            <SimpleData name="Empresa">Unique Wood Paraguay SA</SimpleData>
            <SimpleData name="Lote">D</SimpleData>
            <SimpleData name="Parametro">0.00000000000</SimpleData>
            <SimpleData name="Sup_SIG">1.10402741956</SimpleData>
            <SimpleData name="X">-55.56092579000</SimpleData>
            <SimpleData name="Y">-24.70760870000</SimpleData>
            <SimpleData name="cedula">7888879</SimpleData>
            <SimpleData name="Cédula_1">7888879.00000000000</SimpleData>
            <SimpleData name="Estado_d_1">Activo</SimpleData>
            <SimpleData name="OBJECTID_1">6371</SimpleData>
            <SimpleData name="Shape_Leng">970.56149629200</SimpleData>
            <SimpleData name="Shape_Area">11040.27419560000</SimpleData>
          </SchemaData>
        </ExtendedData>
        <Polygon>
          <outerBoundaryIs>
            <LinearRing>
              <coordinates>
                -55.5618950001204,-24.7079199997159,0
                -55.5634933000067,-24.7086150001683,0
                -55.563533300025,-24.7085416999644,0
                -55.5621500006455,-24.7078949994311,0
                -55.5605866997463,-24.7072099998009,0
                -55.5591599997122,-24.7071817000229,0
                -55.5591183002276,-24.7073299994819,0
                -55.5618950001204,-24.7079199997159,0
              </coordinates>
            </LinearRing>
          </outerBoundaryIs>
        </Polygon>
      </Placemark>
      <Placemark id="Lote_D.288">
        <ExtendedData>
          <SchemaData schemaUrl="#Lote_D.schema">
            <SimpleData name="Cédula">1608847.00000000000</SimpleData>
            <SimpleData name="Nombres_y_">BENITA TYKUARAGI AMARILLA TORALES</SimpleData>
            <SimpleData name="Sexo">Mujer</SimpleData>
            <SimpleData name="Cambio_de_">NO</SimpleData>
            <SimpleData name="Titular_se">NO</SimpleData>
            <SimpleData name="ci_UNIF">1608847.00000000000</SimpleData>
            <SimpleData name="Situación">NO</SimpleData>
            <SimpleData name="Comunidad">Ind?gena</SimpleData>
            <SimpleData name="Modelo_imp">Modelo 5</SimpleData>
            <SimpleData name="Departamen">CAAGUAZU</SimpleData>
            <SimpleData name="Distrito">SAN JOAQUIN</SimpleData>
            <SimpleData name="Localidad">COM INDIG CERRO MOROTI</SimpleData>
            <SimpleData name="Teléfono">ND</SimpleData>
            <SimpleData name="Vivienda_L">-25.01986710000</SimpleData>
            <SimpleData name="Vivienda_1">-56.14161310000</SimpleData>
            <SimpleData name="Superficie">0.70000000000</SimpleData>
            <SimpleData name="Situaci_1">Par?metro</SimpleData>
            <SimpleData name="Plantado">SI</SimpleData>
            <SimpleData name="Fecha_Plan">2026/08/21</SimpleData>
            <SimpleData name="Jornales">0.00000000000</SimpleData>
            <SimpleData name="Monto">0.00000000000</SimpleData>
            <SimpleData name="Grupo_de_p">D-GN-XX-XX-XX</SimpleData>
            <SimpleData name="Estado_del">Activo</SimpleData>
            <SimpleData name="Empresa">Unique Wood Paraguay SA</SimpleData>
            <SimpleData name="Lote">D</SimpleData>
            <SimpleData name="Parametro">0.00000000000</SimpleData>
            <SimpleData name="Sup_SIG">0.88441349307</SimpleData>
            <SimpleData name="X">-56.14183068000</SimpleData>
            <SimpleData name="Y">-25.02092336000</SimpleData>
            <SimpleData name="cedula">1608847</SimpleData>
            <SimpleData name="Cédula_1">1608847.00000000000</SimpleData>
            <SimpleData name="Estado_d_1">Activo</SimpleData>
            <SimpleData name="OBJECTID_1">5664</SimpleData>
            <SimpleData name="Shape_Leng">380.00718434200</SimpleData>
            <SimpleData name="Shape_Area">8844.13493074000</SimpleData>
          </SchemaData>
        </ExtendedData>
        <Polygon>
          <outerBoundaryIs>
            <LinearRing>
              <coordinates>
                -56.1411887994382,-25.0211398991363,0
                -56.1419829001558,-25.0214972006173,0
                -56.1424813998469,-25.0206053003222,0
                -56.1416168999246,-25.020423899439,0
                -56.1411887994382,-25.0211398991363,0
              </coordinates>
            </LinearRing>
          </outerBoundaryIs>
        </Polygon>
      </Placemark>
      <Placemark id="Lote_D.289">
        <ExtendedData>
          <SchemaData schemaUrl="#Lote_D.schema">
            <SimpleData name="Cédula">3826776.00000000000</SimpleData>
            <SimpleData name="Nombres_y_">IRMA LUJAN ORTIGOZA AGUILAR</SimpleData>
            <SimpleData name="Sexo">Mujer</SimpleData>
            <SimpleData name="Cambio_de_">NO</SimpleData>
            <SimpleData name="Titular_se">NO</SimpleData>
            <SimpleData name="ci_UNIF">3826776.00000000000</SimpleData>
            <SimpleData name="Situación">NO</SimpleData>
            <SimpleData name="Comunidad">Campesino</SimpleData>
            <SimpleData name="Modelo_imp">Modelo 3</SimpleData>
            <SimpleData name="Departamen">CAAGUAZU</SimpleData>
            <SimpleData name="Distrito">CARAYAO</SimpleData>
            <SimpleData name="Localidad">PARANA KUE</SimpleData>
            <SimpleData name="Teléfono">984924277</SimpleData>
            <SimpleData name="Vivienda_L">-25.16991960000</SimpleData>
            <SimpleData name="Vivienda_1">-56.30332530000</SimpleData>
            <SimpleData name="Superficie">1.00000000000</SimpleData>
            <SimpleData name="Situaci_1">Parametro</SimpleData>
            <SimpleData name="Plantado">SI</SimpleData>
            <SimpleData name="Fecha_Plan">2026/08/13</SimpleData>
            <SimpleData name="Jornales">0.00000000000</SimpleData>
            <SimpleData name="Monto">0.00000000000</SimpleData>
            <SimpleData name="Grupo_de_p">D-GN-XX-XX-XX</SimpleData>
            <SimpleData name="Estado_del">Activo</SimpleData>
            <SimpleData name="Empresa">Unique Wood Paraguay SA</SimpleData>
            <SimpleData name="Lote">D</SimpleData>
            <SimpleData name="Parametro">0.00000000000</SimpleData>
            <SimpleData name="Sup_SIG">1.41916882269</SimpleData>
            <SimpleData name="X">-56.30367736000</SimpleData>
            <SimpleData name="Y">-25.17218384000</SimpleData>
            <SimpleData name="cedula">3826776</SimpleData>
            <SimpleData name="Cédula_1">3826776.00000000000</SimpleData>
            <SimpleData name="Estado_d_1">Activo</SimpleData>
            <SimpleData name="OBJECTID_1">6490</SimpleData>
            <SimpleData name="Shape_Leng">479.42509564300</SimpleData>
            <SimpleData name="Shape_Area">14191.68822690000</SimpleData>
          </SchemaData>
        </ExtendedData>
        <Polygon>
          <outerBoundaryIs>
            <LinearRing>
              <coordinates>
                -56.3030484007028,-25.1716666997261,0
                -56.3032114000251,-25.1728492997327,0
                -56.3045314000966,-25.1725151003864,0
                -56.3040865999729,-25.1718030001948,0
                -56.303731300044,-25.1715163001581,0
                -56.3030484007028,-25.1716666997261,0
              </coordinates>
            </LinearRing>
          </outerBoundaryIs>
        </Polygon>
      </Placemark>
      <Placemark id="Lote_D.290">
        <ExtendedData>
          <SchemaData schemaUrl="#Lote_D.schema">
            <SimpleData name="Cédula">4235627.00000000000</SimpleData>
            <SimpleData name="Nombres_y_">EVER MERCED ORTIGOZA AGUILAR</SimpleData>
            <SimpleData name="Sexo">Hombre</SimpleData>
            <SimpleData name="Cambio_de_">NO</SimpleData>
            <SimpleData name="Titular_se">NO</SimpleData>
            <SimpleData name="ci_UNIF">4235627.00000000000</SimpleData>
            <SimpleData name="Situación">NO</SimpleData>
            <SimpleData name="Comunidad">Campesina</SimpleData>
            <SimpleData name="Modelo_imp">Modelo 3</SimpleData>
            <SimpleData name="Departamen">CAAGUAZU</SimpleData>
            <SimpleData name="Distrito">CARAYAO</SimpleData>
            <SimpleData name="Localidad">PARANA CUE</SimpleData>
            <SimpleData name="Teléfono">0985836317</SimpleData>
            <SimpleData name="Vivienda_L">-25.17008560000</SimpleData>
            <SimpleData name="Vivienda_1">-56.30349140000</SimpleData>
            <SimpleData name="Superficie">1.00000000000</SimpleData>
            <SimpleData name="Situaci_1">Par?metro</SimpleData>
            <SimpleData name="Plantado">SI</SimpleData>
            <SimpleData name="Fecha_Plan">2026/08/13</SimpleData>
            <SimpleData name="Jornales">0.00000000000</SimpleData>
            <SimpleData name="Monto">0.00000000000</SimpleData>
            <SimpleData name="Grupo_de_p">D-GN-XX-XX-XX</SimpleData>
            <SimpleData name="Estado_del">Activo</SimpleData>
            <SimpleData name="Empresa">Unique Wood Paraguay SA</SimpleData>
            <SimpleData name="Lote">D</SimpleData>
            <SimpleData name="Parametro">0.00000000000</SimpleData>
            <SimpleData name="Sup_SIG">0.94039977740</SimpleData>
            <SimpleData name="X">-56.30414044000</SimpleData>
            <SimpleData name="Y">-25.17330608000</SimpleData>
            <SimpleData name="cedula">4235627</SimpleData>
            <SimpleData name="Cédula_1">4235627.00000000000</SimpleData>
            <SimpleData name="Estado_d_1">Activo</SimpleData>
            <SimpleData name="OBJECTID_1">5781</SimpleData>
            <SimpleData name="Shape_Leng">420.58285246400</SimpleData>
            <SimpleData name="Shape_Area">9403.99777403000</SimpleData>
          </SchemaData>
        </ExtendedData>
        <Polygon>
          <outerBoundaryIs>
            <LinearRing>
              <coordinates>
                -56.3034776002985,-25.1736599999893,0
                -56.3035100996979,-25.173665700332,0
                -56.3047475001443,-25.1735693998168,0
                -56.3049083996407,-25.1729165005339,0
                -56.3033693999015,-25.1731146998333,0
                -56.3034776002985,-25.1736599999893,0
              </coordinates>
            </LinearRing>
          </outerBoundaryIs>
        </Polygon>
      </Placemark>
      <Placemark id="Lote_D.291">
        <ExtendedData>
          <SchemaData schemaUrl="#Lote_D.schema">
            <SimpleData name="Cédula">5345307.00000000000</SimpleData>
            <SimpleData name="Nombres_y_">SEVERIANA KRIROGI MBEPURANGI PIRAGI</SimpleData>
            <SimpleData name="Sexo">Mujer</SimpleData>
            <SimpleData name="Cambio_de_">NO</SimpleData>
            <SimpleData name="Titular_se">NO</SimpleData>
            <SimpleData name="ci_UNIF">5345307.00000000000</SimpleData>
            <SimpleData name="Situación">NO</SimpleData>
            <SimpleData name="Comunidad">Ind?gena</SimpleData>
            <SimpleData name="Modelo_imp">Modelo 5</SimpleData>
            <SimpleData name="Departamen">CAAGUAZU</SimpleData>
            <SimpleData name="Distrito">SAN JOAQUIN</SimpleData>
            <SimpleData name="Localidad">COM INDIG CERRO MOROTI</SimpleData>
            <SimpleData name="Teléfono">0984921930</SimpleData>
            <SimpleData name="Vivienda_L">-25.01963640000</SimpleData>
            <SimpleData name="Vivienda_1">-56.14130900000</SimpleData>
            <SimpleData name="Superficie">0.70000000000</SimpleData>
            <SimpleData name="Situaci_1">Par?metro</SimpleData>
            <SimpleData name="Plantado">SI</SimpleData>
            <SimpleData name="Fecha_Plan">2026/08/21</SimpleData>
            <SimpleData name="Jornales">0.00000000000</SimpleData>
            <SimpleData name="Monto">0.00000000000</SimpleData>
            <SimpleData name="Grupo_de_p">D-GN-XX-XX-XX</SimpleData>
            <SimpleData name="Estado_del">Activo</SimpleData>
            <SimpleData name="Empresa">Unique Wood Paraguay SA</SimpleData>
            <SimpleData name="Lote">D</SimpleData>
            <SimpleData name="Parametro">0.00000000000</SimpleData>
            <SimpleData name="Sup_SIG">0.86156264782</SimpleData>
            <SimpleData name="X">-56.14100558000</SimpleData>
            <SimpleData name="Y">-25.02057344000</SimpleData>
            <SimpleData name="cedula">5345307</SimpleData>
            <SimpleData name="Cédula_1">5345307.00000000000</SimpleData>
            <SimpleData name="Estado_d_1">Activo</SimpleData>
            <SimpleData name="OBJECTID_1">5644</SimpleData>
            <SimpleData name="Shape_Leng">372.73720119800</SimpleData>
            <SimpleData name="Shape_Area">8615.62647820000</SimpleData>
          </SchemaData>
        </ExtendedData>
        <Polygon>
          <outerBoundaryIs>
            <LinearRing>
              <coordinates>
                -56.1404349996595,-25.0208501996927,0
                -56.14117059982,-25.0211334004665,0
                -56.1416190001546,-25.020386400137,0
                -56.1408003001762,-25.0199759994299,0
                -56.1404349996595,-25.0208501996927,0
              </coordinates>
            </LinearRing>
          </outerBoundaryIs>
        </Polygon>
      </Placemark>
      <Placemark id="Lote_D.292">
        <ExtendedData>
          <SchemaData schemaUrl="#Lote_D.schema">
            <SimpleData name="Cédula">5451930.00000000000</SimpleData>
            <SimpleData name="Nombres_y_">ANITA JAKANEGI</SimpleData>
            <SimpleData name="Sexo">Mujer</SimpleData>
            <SimpleData name="Cambio_de_">NO</SimpleData>
            <SimpleData name="Titular_se">NO</SimpleData>
            <SimpleData name="ci_UNIF">5451930.00000000000</SimpleData>
            <SimpleData name="Situación">NO</SimpleData>
            <SimpleData name="Comunidad">Ind?gena</SimpleData>
            <SimpleData name="Modelo_imp">Modelo 5</SimpleData>
            <SimpleData name="Departamen">CAAGUAZU</SimpleData>
            <SimpleData name="Distrito">SAN JOAQUIN</SimpleData>
            <SimpleData name="Localidad">COM INDIG CERRO MOROTI</SimpleData>
            <SimpleData name="Teléfono">ND</SimpleData>
            <SimpleData name="Vivienda_L">-25.01959500000</SimpleData>
            <SimpleData name="Vivienda_1">-56.14170980000</SimpleData>
            <SimpleData name="Superficie">0.70000000000</SimpleData>
            <SimpleData name="Situaci_1">Par?metro</SimpleData>
            <SimpleData name="Plantado">SI</SimpleData>
            <SimpleData name="Fecha_Plan">2026/08/21</SimpleData>
            <SimpleData name="Jornales">0.00000000000</SimpleData>
            <SimpleData name="Monto">0.00000000000</SimpleData>
            <SimpleData name="Grupo_de_p">D-GN-XX-XX-XX</SimpleData>
            <SimpleData name="Estado_del">Activo</SimpleData>
            <SimpleData name="Empresa">Unique Wood Paraguay SA</SimpleData>
            <SimpleData name="Lote">D</SimpleData>
            <SimpleData name="Parametro">0.00000000000</SimpleData>
            <SimpleData name="Sup_SIG">0.79200924235</SimpleData>
            <SimpleData name="X">-56.14028262000</SimpleData>
            <SimpleData name="Y">-25.02020335000</SimpleData>
            <SimpleData name="cedula">5451930</SimpleData>
            <SimpleData name="Cédula_1">5451930.00000000000</SimpleData>
            <SimpleData name="Estado_d_1">Activo</SimpleData>
            <SimpleData name="OBJECTID_1">5663</SimpleData>
            <SimpleData name="Shape_Leng">369.13210142100</SimpleData>
            <SimpleData name="Shape_Area">7920.09242353000</SimpleData>
          </SchemaData>
        </ExtendedData>
        <Polygon>
          <outerBoundaryIs>
            <LinearRing>
              <coordinates>
                -56.1398647997947,-25.0205683000647,0
                -56.1404272995534,-25.0208467001361,0
                -56.1407745996388,-25.0199060999982,0
                -56.1400354930427,-25.0195737218739,0
                -56.1398647997947,-25.0205683000647,0
              </coordinates>
            </LinearRing>
          </outerBoundaryIs>
        </Polygon>
      </Placemark>
      <Placemark id="Lote_D.293">
        <ExtendedData>
          <SchemaData schemaUrl="#Lote_D.schema">
            <SimpleData name="Cédula">5515032.00000000000</SimpleData>
            <SimpleData name="Nombres_y_">JOSEFINA PIKIGUI OJEDA</SimpleData>
            <SimpleData name="Sexo">Mujer</SimpleData>
            <SimpleData name="Cambio_de_">NO</SimpleData>
            <SimpleData name="Titular_se">NO</SimpleData>
            <SimpleData name="ci_UNIF">5515032.00000000000</SimpleData>
            <SimpleData name="Situación">NO</SimpleData>
            <SimpleData name="Comunidad">Ind?gena</SimpleData>
            <SimpleData name="Modelo_imp">Modelo 5</SimpleData>
            <SimpleData name="Departamen">CAAGUAZU</SimpleData>
            <SimpleData name="Distrito">SAN JOAQUIN</SimpleData>
            <SimpleData name="Localidad">COM INDIG CERRO MOROTI</SimpleData>
            <SimpleData name="Teléfono">0986351199</SimpleData>
            <SimpleData name="Vivienda_L">-25.01957080000</SimpleData>
            <SimpleData name="Vivienda_1">-56.14094810000</SimpleData>
            <SimpleData name="Superficie">0.70000000000</SimpleData>
            <SimpleData name="Situaci_1">Par?metro</SimpleData>
            <SimpleData name="Plantado">SI</SimpleData>
            <SimpleData name="Fecha_Plan">2026/08/21</SimpleData>
            <SimpleData name="Jornales">0.00000000000</SimpleData>
            <SimpleData name="Monto">0.00000000000</SimpleData>
            <SimpleData name="Grupo_de_p">D-GN-XX-XX-XX</SimpleData>
            <SimpleData name="Estado_del">Activo</SimpleData>
            <SimpleData name="Empresa">Unique Wood Paraguay SA</SimpleData>
            <SimpleData name="Lote">D</SimpleData>
            <SimpleData name="Parametro">0.00000000000</SimpleData>
            <SimpleData name="Sup_SIG">0.72556570854</SimpleData>
            <SimpleData name="X">-56.13964863000</SimpleData>
            <SimpleData name="Y">-25.01994812000</SimpleData>
            <SimpleData name="cedula">5515032</SimpleData>
            <SimpleData name="Cédula_1">5515032.00000000000</SimpleData>
            <SimpleData name="Estado_d_1">Activo</SimpleData>
            <SimpleData name="OBJECTID_1">5704</SimpleData>
            <SimpleData name="Shape_Leng">358.94675590600</SimpleData>
            <SimpleData name="Shape_Area">7255.65708542000</SimpleData>
          </SchemaData>
        </ExtendedData>
        <Polygon>
          <outerBoundaryIs>
            <LinearRing>
              <coordinates>
                -56.1392379005917,-25.0203159001681,0
                -56.1398647997947,-25.0205683000647,0
                -56.1400354930427,-25.0195737218739,0
                -56.139469699587,-25.0193077001014,0
                -56.1394624010586,-25.0193394448993,0
                -56.1393158542181,-25.0199768442424,0
                -56.1392379005917,-25.0203159001681,0
              </coordinates>
            </LinearRing>
          </outerBoundaryIs>
        </Polygon>
      </Placemark>
      <Placemark id="Lote_D.294">
        <ExtendedData>
          <SchemaData schemaUrl="#Lote_D.schema">
            <SimpleData name="Cédula">5923870.00000000000</SimpleData>
            <SimpleData name="Nombres_y_">LIZ KARINA LOPEZ GIMENEZ</SimpleData>
            <SimpleData name="Sexo">Mujer</SimpleData>
            <SimpleData name="Cambio_de_">NO</SimpleData>
            <SimpleData name="Titular_se">NO</SimpleData>
            <SimpleData name="ci_UNIF">5923870.00000000000</SimpleData>
            <SimpleData name="Situación">NO</SimpleData>
            <SimpleData name="Comunidad">Campesina</SimpleData>
            <SimpleData name="Modelo_imp">Modelo 4</SimpleData>
            <SimpleData name="Departamen">CAAGUAZU</SimpleData>
            <SimpleData name="Distrito">CARAYAO</SimpleData>
            <SimpleData name="Localidad">CLETO ROMERO</SimpleData>
            <SimpleData name="Teléfono">991557439</SimpleData>
            <SimpleData name="Vivienda_L">-25.11902540000</SimpleData>
            <SimpleData name="Vivienda_1">-56.53784050000</SimpleData>
            <SimpleData name="Superficie">0.70000000000</SimpleData>
            <SimpleData name="Situaci_1">Par?metro</SimpleData>
            <SimpleData name="Plantado">SI</SimpleData>
            <SimpleData name="Fecha_Plan">2026/08/13</SimpleData>
            <SimpleData name="Jornales">0.00000000000</SimpleData>
            <SimpleData name="Monto">0.00000000000</SimpleData>
            <SimpleData name="Grupo_de_p">D-GN-XX-XX-XX</SimpleData>
            <SimpleData name="Estado_del">Activo</SimpleData>
            <SimpleData name="Empresa">Unique Wood Paraguay SA</SimpleData>
            <SimpleData name="Lote">D</SimpleData>
            <SimpleData name="Parametro">0.00000000000</SimpleData>
            <SimpleData name="Sup_SIG">0.92675344018</SimpleData>
            <SimpleData name="X">-56.53747289000</SimpleData>
            <SimpleData name="Y">-25.11860359000</SimpleData>
            <SimpleData name="cedula">5923870</SimpleData>
            <SimpleData name="Cédula_1">5923870.00000000000</SimpleData>
            <SimpleData name="Estado_d_1">Activo</SimpleData>
            <SimpleData name="OBJECTID_1">6412</SimpleData>
            <SimpleData name="Shape_Leng">449.99537988000</SimpleData>
            <SimpleData name="Shape_Area">9267.53440179000</SimpleData>
          </SchemaData>
        </ExtendedData>
        <Polygon>
          <outerBoundaryIs>
            <LinearRing>
              <coordinates>
                -56.5370579002417,-25.1182623999837,0
                -56.5370921997536,-25.119315100632,0
                -56.5374656002781,-25.1192459002662,0
                -56.5374400000607,-25.1191383001883,0
                -56.5375966997372,-25.1190882998762,0
                -56.5376333006894,-25.1189267002479,0
                -56.5379127997203,-25.1188055002315,0
                -56.5378500006687,-25.1178682999957,0
                -56.5375494003538,-25.1179078999,0
                -56.5375710995387,-25.1181712006732,0
                -56.5370579002417,-25.1182623999837,0
              </coordinates>
            </LinearRing>
          </outerBoundaryIs>
        </Polygon>
      </Placemark>
      <Placemark id="Lote_D.295">
        <ExtendedData>
          <SchemaData schemaUrl="#Lote_D.schema">
            <SimpleData name="Cédula">6175655.00000000000</SimpleData>
            <SimpleData name="Nombres_y_">ANGELICA PAYUAGI RAMIREZ MIRANDA</SimpleData>
            <SimpleData name="Sexo">Mujer</SimpleData>
            <SimpleData name="Cambio_de_">NO</SimpleData>
            <SimpleData name="Titular_se">NO</SimpleData>
            <SimpleData name="ci_UNIF">6175655.00000000000</SimpleData>
            <SimpleData name="Situación">NO</SimpleData>
            <SimpleData name="Comunidad">Ind?gena</SimpleData>
            <SimpleData name="Modelo_imp">Modelo 5</SimpleData>
            <SimpleData name="Departamen">CAAGUAZU</SimpleData>
            <SimpleData name="Distrito">SAN JOAQUIN</SimpleData>
            <SimpleData name="Localidad">COM INDIG CERRO MOROTI</SimpleData>
            <SimpleData name="Teléfono">ND</SimpleData>
            <SimpleData name="Vivienda_L">-25.01637340000</SimpleData>
            <SimpleData name="Vivienda_1">-56.13826210000</SimpleData>
            <SimpleData name="Superficie">0.70000000000</SimpleData>
            <SimpleData name="Situaci_1">Par?metro</SimpleData>
            <SimpleData name="Plantado">SI</SimpleData>
            <SimpleData name="Fecha_Plan">2026/08/21</SimpleData>
            <SimpleData name="Jornales">0.00000000000</SimpleData>
            <SimpleData name="Monto">0.00000000000</SimpleData>
            <SimpleData name="Grupo_de_p">D-GN-XX-XX-XX</SimpleData>
            <SimpleData name="Estado_del">Activo</SimpleData>
            <SimpleData name="Empresa">Unique Wood Paraguay SA</SimpleData>
            <SimpleData name="Lote">D</SimpleData>
            <SimpleData name="Parametro">0.00000000000</SimpleData>
            <SimpleData name="Sup_SIG">0.69867129029</SimpleData>
            <SimpleData name="X">-56.13628472000</SimpleData>
            <SimpleData name="Y">-25.01865672000</SimpleData>
            <SimpleData name="cedula">6175655</SimpleData>
            <SimpleData name="Cédula_1">6175655.00000000000</SimpleData>
            <SimpleData name="Estado_d_1">Activo</SimpleData>
            <SimpleData name="OBJECTID_1">5711</SimpleData>
            <SimpleData name="Shape_Leng">438.70166294700</SimpleData>
            <SimpleData name="Shape_Area">6986.71290293000</SimpleData>
          </SchemaData>
        </ExtendedData>
        <Polygon>
          <outerBoundaryIs>
            <LinearRing>
              <coordinates>
                -56.1365346998171,-25.0178134997399,0
                -56.1356814995348,-25.0193682999337,0
                -56.1361412994668,-25.0193595001284,0
                -56.1368249997049,-25.0180533001177,0
                -56.1365346998171,-25.0178134997399,0
              </coordinates>
            </LinearRing>
          </outerBoundaryIs>
        </Polygon>
      </Placemark>
      <Placemark id="Lote_D.296">
        <ExtendedData>
          <SchemaData schemaUrl="#Lote_D.schema">
            <SimpleData name="Cédula">6175661.00000000000</SimpleData>
            <SimpleData name="Nombres_y_">MERCEDES TYKUARANGI</SimpleData>
            <SimpleData name="Sexo">Mujer</SimpleData>
            <SimpleData name="Cambio_de_">NO</SimpleData>
            <SimpleData name="Titular_se">NO</SimpleData>
            <SimpleData name="ci_UNIF">6175661.00000000000</SimpleData>
            <SimpleData name="Situación">NO</SimpleData>
            <SimpleData name="Comunidad">Ind?gena</SimpleData>
            <SimpleData name="Modelo_imp">Modelo 5</SimpleData>
            <SimpleData name="Departamen">CAAGUAZU</SimpleData>
            <SimpleData name="Distrito">SAN JOAQUIN</SimpleData>
            <SimpleData name="Localidad">COM INDIG CERRO MOROTI</SimpleData>
            <SimpleData name="Teléfono">ND</SimpleData>
            <SimpleData name="Vivienda_L">-25.01859820000</SimpleData>
            <SimpleData name="Vivienda_1">-56.13866700000</SimpleData>
            <SimpleData name="Superficie">0.70000000000</SimpleData>
            <SimpleData name="Situaci_1">Par?metro</SimpleData>
            <SimpleData name="Plantado">SI</SimpleData>
            <SimpleData name="Fecha_Plan">2026/08/21</SimpleData>
            <SimpleData name="Jornales">0.00000000000</SimpleData>
            <SimpleData name="Monto">0.00000000000</SimpleData>
            <SimpleData name="Grupo_de_p">D-GN-XX-XX-XX</SimpleData>
            <SimpleData name="Estado_del">Activo</SimpleData>
            <SimpleData name="Empresa">Unique Wood Paraguay SA</SimpleData>
            <SimpleData name="Lote">D</SimpleData>
            <SimpleData name="Parametro">0.00000000000</SimpleData>
            <SimpleData name="Sup_SIG">0.73162161276</SimpleData>
            <SimpleData name="X">-56.13845546000</SimpleData>
            <SimpleData name="Y">-25.01942306000</SimpleData>
            <SimpleData name="cedula">6175661</SimpleData>
            <SimpleData name="Cédula_1">6175661.00000000000</SimpleData>
            <SimpleData name="Estado_d_1">Activo</SimpleData>
            <SimpleData name="OBJECTID_1">5643</SimpleData>
            <SimpleData name="Shape_Leng">364.40717982500</SimpleData>
            <SimpleData name="Shape_Area">7316.21612758000</SimpleData>
          </SchemaData>
        </ExtendedData>
        <Polygon>
          <outerBoundaryIs>
            <LinearRing>
              <coordinates>
                -56.1386625410411,-25.0200299512232,0
                -56.1388187472817,-25.018978334016,0
                -56.1383401002009,-25.0187467003145,0
                -56.1380630004276,-25.0196781004758,0
                -56.1380810999595,-25.0198346996619,0
                -56.1386502997433,-25.0200714996438,0
                -56.1386625410411,-25.0200299512232,0
              </coordinates>
            </LinearRing>
          </outerBoundaryIs>
        </Polygon>
      </Placemark>
      <Placemark id="Lote_D.297">
        <ExtendedData>
          <SchemaData schemaUrl="#Lote_D.schema">
            <SimpleData name="Cédula">6212861.00000000000</SimpleData>
            <SimpleData name="Nombres_y_">ALICIA TATUGI</SimpleData>
            <SimpleData name="Sexo">Mujer</SimpleData>
            <SimpleData name="Cambio_de_">NO</SimpleData>
            <SimpleData name="Titular_se">NO</SimpleData>
            <SimpleData name="ci_UNIF">6212861.00000000000</SimpleData>
            <SimpleData name="Situación">NO</SimpleData>
            <SimpleData name="Comunidad">Ind?gena</SimpleData>
            <SimpleData name="Modelo_imp">Modelo 5</SimpleData>
            <SimpleData name="Departamen">CAAGUAZU</SimpleData>
            <SimpleData name="Distrito">SAN JOAQUIN</SimpleData>
            <SimpleData name="Localidad">COM INDIG CERRO MOROTI</SimpleData>
            <SimpleData name="Teléfono">ND</SimpleData>
            <SimpleData name="Vivienda_L">-25.01896140000</SimpleData>
            <SimpleData name="Vivienda_1">-56.13955550000</SimpleData>
            <SimpleData name="Superficie">0.70000000000</SimpleData>
            <SimpleData name="Situaci_1">Par?metro</SimpleData>
            <SimpleData name="Plantado">SI</SimpleData>
            <SimpleData name="Fecha_Plan">2026/08/21</SimpleData>
            <SimpleData name="Jornales">0.00000000000</SimpleData>
            <SimpleData name="Monto">0.00000000000</SimpleData>
            <SimpleData name="Grupo_de_p">D-GN-XX-XX-XX</SimpleData>
            <SimpleData name="Estado_del">Activo</SimpleData>
            <SimpleData name="Empresa">Unique Wood Paraguay SA</SimpleData>
            <SimpleData name="Lote">D</SimpleData>
            <SimpleData name="Parametro">0.00000000000</SimpleData>
            <SimpleData name="Sup_SIG">0.82029989318</SimpleData>
            <SimpleData name="X">-56.13904685000</SimpleData>
            <SimpleData name="Y">-25.01962201000</SimpleData>
            <SimpleData name="cedula">6212861</SimpleData>
            <SimpleData name="Cédula_1">6212861.00000000000</SimpleData>
            <SimpleData name="Estado_d_1">Activo</SimpleData>
            <SimpleData name="OBJECTID_1">5642</SimpleData>
            <SimpleData name="Shape_Leng">390.99690956400</SimpleData>
            <SimpleData name="Shape_Area">8202.99893175000</SimpleData>
          </SchemaData>
        </ExtendedData>
        <Polygon>
          <outerBoundaryIs>
            <LinearRing>
              <coordinates>
                -56.1388187472817,-25.018978334016,0
                -56.1386625410411,-25.0200299512232,0
                -56.1386593994216,-25.0200511002977,0
                -56.1392379005917,-25.0203159001681,0
                -56.1393158542181,-25.0199768442424,0
                -56.1394624010586,-25.0193394448993,0
                -56.139469699587,-25.0193077001014,0
                -56.1388342003197,-25.0188742992929,0
                -56.1388187472817,-25.018978334016,0
              </coordinates>
            </LinearRing>
          </outerBoundaryIs>
        </Polygon>
      </Placemark>
      <Placemark id="Lote_D.298">
        <ExtendedData>
          <SchemaData schemaUrl="#Lote_D.schema">
            <SimpleData name="Cédula">6213697.00000000000</SimpleData>
            <SimpleData name="Nombres_y_">VIVIANA RAQUEL LEDESMA GONZALEZ</SimpleData>
            <SimpleData name="Sexo">Mujer</SimpleData>
            <SimpleData name="Cambio_de_">NO</SimpleData>
            <SimpleData name="Titular_se">NO</SimpleData>
            <SimpleData name="ci_UNIF">6213697.00000000000</SimpleData>
            <SimpleData name="Situación">NO</SimpleData>
            <SimpleData name="Comunidad">Campesino</SimpleData>
            <SimpleData name="Modelo_imp">Modelo 1</SimpleData>
            <SimpleData name="Departamen">CAAGUAZU</SimpleData>
            <SimpleData name="Distrito">CARAYAO</SimpleData>
            <SimpleData name="Localidad">COLONIA SANTA CATALINA</SimpleData>
            <SimpleData name="Teléfono">983171389</SimpleData>
            <SimpleData name="Vivienda_L">-25.16521700000</SimpleData>
            <SimpleData name="Vivienda_1">-56.31284950000</SimpleData>
            <SimpleData name="Superficie">0.80000000000</SimpleData>
            <SimpleData name="Situaci_1">Parametro</SimpleData>
            <SimpleData name="Plantado">SI</SimpleData>
            <SimpleData name="Fecha_Plan">2026/08/13</SimpleData>
            <SimpleData name="Jornales">0.00000000000</SimpleData>
            <SimpleData name="Monto">0.00000000000</SimpleData>
            <SimpleData name="Grupo_de_p">D-GN-XX-XX-XX</SimpleData>
            <SimpleData name="Estado_del">Activo</SimpleData>
            <SimpleData name="Empresa">Unique Wood Paraguay SA</SimpleData>
            <SimpleData name="Lote">D</SimpleData>
            <SimpleData name="Parametro">0.00000000000</SimpleData>
            <SimpleData name="Sup_SIG">0.93219453501</SimpleData>
            <SimpleData name="X">-56.27761785000</SimpleData>
            <SimpleData name="Y">-25.13454378000</SimpleData>
            <SimpleData name="cedula">6213697</SimpleData>
            <SimpleData name="Cédula_1">6213697.00000000000</SimpleData>
            <SimpleData name="Estado_d_1">Activo</SimpleData>
            <SimpleData name="OBJECTID_1">6489</SimpleData>
            <SimpleData name="Shape_Leng">424.25706548200</SimpleData>
            <SimpleData name="Shape_Area">9321.94535014000</SimpleData>
          </SchemaData>
        </ExtendedData>
        <Polygon>
          <outerBoundaryIs>
            <LinearRing>
              <coordinates>
                -56.2767825006001,-25.1344119003301,0
                -56.2770406003618,-25.1349706005443,0
                -56.2783986998893,-25.1346649994391,0
                -56.2783080006044,-25.134135700115,0
                -56.2767825006001,-25.1344119003301,0
              </coordinates>
            </LinearRing>
          </outerBoundaryIs>
        </Polygon>
      </Placemark>
      <Placemark id="Lote_D.299">
        <ExtendedData>
          <SchemaData schemaUrl="#Lote_D.schema">
            <SimpleData name="Cédula">6599312.00000000000</SimpleData>
            <SimpleData name="Nombres_y_">ISIDRA MARTINEZ GALEANO</SimpleData>
            <SimpleData name="Sexo">Mujer</SimpleData>
            <SimpleData name="Cambio_de_">NO</SimpleData>
            <SimpleData name="Titular_se">NO</SimpleData>
            <SimpleData name="ci_UNIF">6599312.00000000000</SimpleData>
            <SimpleData name="Situación">NO</SimpleData>
            <SimpleData name="Comunidad">Ind?gena</SimpleData>
            <SimpleData name="Modelo_imp">Modelo 1</SimpleData>
            <SimpleData name="Departamen">CAAGUAZU</SimpleData>
            <SimpleData name="Distrito">YH?</SimpleData>
            <SimpleData name="Localidad">COM INDIG KOE POTY</SimpleData>
            <SimpleData name="Teléfono">0983310998</SimpleData>
            <SimpleData name="Vivienda_L">-24.71308780000</SimpleData>
            <SimpleData name="Vivienda_1">-55.55854020000</SimpleData>
            <SimpleData name="Superficie">0.80000000000</SimpleData>
            <SimpleData name="Situaci_1">Par?metro</SimpleData>
            <SimpleData name="Plantado">SI</SimpleData>
            <SimpleData name="Fecha_Plan">2026/08/11</SimpleData>
            <SimpleData name="Jornales">0.00000000000</SimpleData>
            <SimpleData name="Monto">0.00000000000</SimpleData>
            <SimpleData name="Grupo_de_p">D-GN-XX-XX-XX</SimpleData>
            <SimpleData name="Estado_del">Activo</SimpleData>
            <SimpleData name="Empresa">Unique Wood Paraguay SA</SimpleData>
            <SimpleData name="Lote">D</SimpleData>
            <SimpleData name="Parametro">0.00000000000</SimpleData>
            <SimpleData name="Sup_SIG">0.79746656472</SimpleData>
            <SimpleData name="X">-55.55836178000</SimpleData>
            <SimpleData name="Y">-24.71183409000</SimpleData>
            <SimpleData name="cedula">6599312</SimpleData>
            <SimpleData name="Cédula_1">6599312.00000000000</SimpleData>
            <SimpleData name="Estado_d_1">Activo</SimpleData>
            <SimpleData name="OBJECTID_1">5677</SimpleData>
            <SimpleData name="Shape_Leng">410.68323430500</SimpleData>
            <SimpleData name="Shape_Area">7974.66564724000</SimpleData>
          </SchemaData>
        </ExtendedData>
        <Polygon>
          <outerBoundaryIs>
            <LinearRing>
              <coordinates>
                -55.5579457004577,-24.7111917998147,0
                -55.5582563006167,-24.7125656002068,0
                -55.5588871997099,-24.7122294999782,0
                -55.5582442002238,-24.7110404007137,0
                -55.5579457004577,-24.7111917998147,0
              </coordinates>
            </LinearRing>
          </outerBoundaryIs>
        </Polygon>
      </Placemark>
      <Placemark id="Lote_D.300">
        <ExtendedData>
          <SchemaData schemaUrl="#Lote_D.schema">
            <SimpleData name="Cédula">6599313.00000000000</SimpleData>
            <SimpleData name="Nombres_y_">ADRIANA  MARTINEZ MARTINEZ</SimpleData>
            <SimpleData name="Sexo">Mujer</SimpleData>
            <SimpleData name="Cambio_de_">NO</SimpleData>
            <SimpleData name="Titular_se">NO</SimpleData>
            <SimpleData name="ci_UNIF">6599313.00000000000</SimpleData>
            <SimpleData name="Comunidad">Ind?gena</SimpleData>
            <SimpleData name="Modelo_imp">Modelo 5</SimpleData>
            <SimpleData name="Departamen">CAAGUAZU</SimpleData>
            <SimpleData name="Distrito">YH?</SimpleData>
            <SimpleData name="Localidad"><![CDATA[COM INDIG KO'E POTY]]></SimpleData>
            <SimpleData name="Teléfono">985395259</SimpleData>
            <SimpleData name="Vivienda_L">-24.71449080000</SimpleData>
            <SimpleData name="Vivienda_1">-55.56181810000</SimpleData>
            <SimpleData name="Superficie">0.70000000000</SimpleData>
            <SimpleData name="Situaci_1">Par?metro</SimpleData>
            <SimpleData name="Plantado">SI</SimpleData>
            <SimpleData name="Fecha_Plan">2026/08/11</SimpleData>
            <SimpleData name="Jornales">0.00000000000</SimpleData>
            <SimpleData name="Monto">0.00000000000</SimpleData>
            <SimpleData name="Grupo_de_p">D-GN---</SimpleData>
            <SimpleData name="Estado_del">Activo</SimpleData>
            <SimpleData name="Empresa">Unique Wood Paraguay SA</SimpleData>
            <SimpleData name="Lote">D</SimpleData>
            <SimpleData name="Parametro">0.00000000000</SimpleData>
            <SimpleData name="Sup_SIG">0.84764834796</SimpleData>
            <SimpleData name="X">-55.55962513000</SimpleData>
            <SimpleData name="Y">-24.71142924000</SimpleData>
            <SimpleData name="cedula">6599313</SimpleData>
            <SimpleData name="Cédula_1">6599313.00000000000</SimpleData>
            <SimpleData name="Estado_d_1">Activo</SimpleData>
            <SimpleData name="OBJECTID_1">6434</SimpleData>
            <SimpleData name="Shape_Leng">389.15079015500</SimpleData>
            <SimpleData name="Shape_Area">8476.48347959000</SimpleData>
          </SchemaData>
        </ExtendedData>
        <Polygon>
          <outerBoundaryIs>
            <LinearRing>
              <coordinates>
                -55.5589306996966,-24.7112565997959,0
                -55.5594269001873,-24.7118467999149,0
                -55.5596491000147,-24.7117287004127,0
                -55.5598450000552,-24.7119232994941,0
                -55.5603417003413,-24.711656700747,0
                -55.5596085000022,-24.710884900677,0
                -55.5589306996966,-24.7112565997959,0
              </coordinates>
            </LinearRing>
          </outerBoundaryIs>
        </Polygon>
      </Placemark>
      <Placemark id="Lote_D.301">
        <ExtendedData>
          <SchemaData schemaUrl="#Lote_D.schema">
            <SimpleData name="Cédula">6869719.00000000000</SimpleData>
            <SimpleData name="Nombres_y_">RUBIA MBEPURAGI RAMIREZ</SimpleData>
            <SimpleData name="Sexo">Mujer</SimpleData>
            <SimpleData name="Cambio_de_">NO</SimpleData>
            <SimpleData name="Titular_se">NO</SimpleData>
            <SimpleData name="ci_UNIF">6869719.00000000000</SimpleData>
            <SimpleData name="Situación">NO</SimpleData>
            <SimpleData name="Comunidad">Ind?gena</SimpleData>
            <SimpleData name="Modelo_imp">Modelo 5</SimpleData>
            <SimpleData name="Departamen">CAAGUAZU</SimpleData>
            <SimpleData name="Distrito">SAN JOAQUIN</SimpleData>
            <SimpleData name="Localidad">COM INDIG CERRO MOROTI</SimpleData>
            <SimpleData name="Teléfono">ND</SimpleData>
            <SimpleData name="Vivienda_L">-25.01819600000</SimpleData>
            <SimpleData name="Vivienda_1">-56.13811730000</SimpleData>
            <SimpleData name="Superficie">0.70000000000</SimpleData>
            <SimpleData name="Situaci_1">Par?metro</SimpleData>
            <SimpleData name="Plantado">SI</SimpleData>
            <SimpleData name="Fecha_Plan">2026/08/21</SimpleData>
            <SimpleData name="Jornales">0.00000000000</SimpleData>
            <SimpleData name="Monto">0.00000000000</SimpleData>
            <SimpleData name="Grupo_de_p">D-GN-XX-XX-XX</SimpleData>
            <SimpleData name="Estado_del">Activo</SimpleData>
            <SimpleData name="Empresa">Unique Wood Paraguay SA</SimpleData>
            <SimpleData name="Lote">D</SimpleData>
            <SimpleData name="Parametro">0.00000000000</SimpleData>
            <SimpleData name="Sup_SIG">0.74885760458</SimpleData>
            <SimpleData name="X">-56.13479693000</SimpleData>
            <SimpleData name="Y">-25.01799639000</SimpleData>
            <SimpleData name="cedula">6869719</SimpleData>
            <SimpleData name="Cédula_1">6869719.00000000000</SimpleData>
            <SimpleData name="Estado_d_1">Activo</SimpleData>
            <SimpleData name="OBJECTID_1">5657</SimpleData>
            <SimpleData name="Shape_Leng">361.64132027800</SimpleData>
            <SimpleData name="Shape_Area">7488.57604581000</SimpleData>
          </SchemaData>
        </ExtendedData>
        <Polygon>
          <outerBoundaryIs>
            <LinearRing>
              <coordinates>
                -56.1342861005474,-25.0183027000519,0
                -56.1343299991468,-25.0183833000635,0
                -56.1347335004253,-25.0183584999403,0
                -56.1351342002305,-25.0182764991904,0
                -56.1354785000065,-25.0176488999663,0
                -56.134495599503,-25.0176573004245,0
                -56.1341475006966,-25.0182912993695,0
                -56.1342861005474,-25.0183027000519,0
              </coordinates>
            </LinearRing>
          </outerBoundaryIs>
        </Polygon>
      </Placemark>
      <Placemark id="Lote_D.302">
        <ExtendedData>
          <SchemaData schemaUrl="#Lote_D.schema">
            <SimpleData name="Cédula">6904595.00000000000</SimpleData>
            <SimpleData name="Nombres_y_">MARIA ?ECA VILLALBA RAMIREZ</SimpleData>
            <SimpleData name="Sexo">Mujer</SimpleData>
            <SimpleData name="Cambio_de_">NO</SimpleData>
            <SimpleData name="Titular_se">NO</SimpleData>
            <SimpleData name="ci_UNIF">6904595.00000000000</SimpleData>
            <SimpleData name="Situación">NO</SimpleData>
            <SimpleData name="Comunidad">Ind?gena</SimpleData>
            <SimpleData name="Modelo_imp">Modelo 5</SimpleData>
            <SimpleData name="Departamen">CAAGUAZU</SimpleData>
            <SimpleData name="Distrito">SAN JOAQUIN</SimpleData>
            <SimpleData name="Localidad">COM INDIG CERRO MOROTI</SimpleData>
            <SimpleData name="Teléfono">ND</SimpleData>
            <SimpleData name="Vivienda_L">-25.01866760000</SimpleData>
            <SimpleData name="Vivienda_1">-56.13910840000</SimpleData>
            <SimpleData name="Superficie">0.70000000000</SimpleData>
            <SimpleData name="Situaci_1">Par?metro</SimpleData>
            <SimpleData name="Plantado">SI</SimpleData>
            <SimpleData name="Fecha_Plan">2026/08/21</SimpleData>
            <SimpleData name="Jornales">0.00000000000</SimpleData>
            <SimpleData name="Monto">0.00000000000</SimpleData>
            <SimpleData name="Grupo_de_p">D-GN-XX-XX-XX</SimpleData>
            <SimpleData name="Estado_del">Activo</SimpleData>
            <SimpleData name="Empresa">Unique Wood Paraguay SA</SimpleData>
            <SimpleData name="Lote">D</SimpleData>
            <SimpleData name="Parametro">0.00000000000</SimpleData>
            <SimpleData name="Sup_SIG">0.77611535398</SimpleData>
            <SimpleData name="X">-56.13552591000</SimpleData>
            <SimpleData name="Y">-25.01823121000</SimpleData>
            <SimpleData name="cedula">6904595</SimpleData>
            <SimpleData name="Cédula_1">6904595.00000000000</SimpleData>
            <SimpleData name="Estado_d_1">Activo</SimpleData>
            <SimpleData name="OBJECTID_1">5641</SimpleData>
            <SimpleData name="Shape_Leng">431.20718918500</SimpleData>
            <SimpleData name="Shape_Area">7761.15353976000</SimpleData>
          </SchemaData>
        </ExtendedData>
        <Polygon>
          <outerBoundaryIs>
            <LinearRing>
              <coordinates>
                -56.1350399364661,-25.0186995580435,0
                -56.1353008431081,-25.018731577737,0
                -56.1353051000255,-25.018732100071,0
                -56.1353136983596,-25.0188611439867,0
                -56.1353290996168,-25.0190922999288,0
                -56.135335537559,-25.0190812669996,0
                -56.1361017001352,-25.0177682994584,0
                -56.1357166004434,-25.0176301004113,0
                -56.1355094997514,-25.017649100086,0
                -56.1349645002668,-25.0186903000526,0
                -56.1350399364661,-25.0186995580435,0
              </coordinates>
            </LinearRing>
          </outerBoundaryIs>
        </Polygon>
      </Placemark>
      <Placemark id="Lote_D.303">
        <ExtendedData>
          <SchemaData schemaUrl="#Lote_D.schema">
            <SimpleData name="Cédula">6974987.00000000000</SimpleData>
            <SimpleData name="Nombres_y_">FELIPE FLORES RIVAROLA</SimpleData>
            <SimpleData name="Sexo">Hombre</SimpleData>
            <SimpleData name="Cambio_de_">NO</SimpleData>
            <SimpleData name="Titular_se">NO</SimpleData>
            <SimpleData name="ci_UNIF">6974987.00000000000</SimpleData>
            <SimpleData name="Situación">NO</SimpleData>
            <SimpleData name="Comunidad">Ind?gena</SimpleData>
            <SimpleData name="Modelo_imp">Modelo 5</SimpleData>
            <SimpleData name="Departamen">CAAGUAZU</SimpleData>
            <SimpleData name="Distrito">YH?</SimpleData>
            <SimpleData name="Localidad">COM INDIG KOE POTY</SimpleData>
            <SimpleData name="Teléfono">0984385659</SimpleData>
            <SimpleData name="Vivienda_L">-24.71555720000</SimpleData>
            <SimpleData name="Vivienda_1">-55.56313290000</SimpleData>
            <SimpleData name="Superficie">0.70000000000</SimpleData>
            <SimpleData name="Situaci_1">Par?metro</SimpleData>
            <SimpleData name="Plantado">SI</SimpleData>
            <SimpleData name="Fecha_Plan">2026/08/11</SimpleData>
            <SimpleData name="Jornales">0.00000000000</SimpleData>
            <SimpleData name="Monto">0.00000000000</SimpleData>
            <SimpleData name="Grupo_de_p">D-GN-XX-XX-XX</SimpleData>
            <SimpleData name="Estado_del">Activo</SimpleData>
            <SimpleData name="Empresa">Unique Wood Paraguay SA</SimpleData>
            <SimpleData name="Lote">D</SimpleData>
            <SimpleData name="Parametro">0.00000000000</SimpleData>
            <SimpleData name="Sup_SIG">0.81539640212</SimpleData>
            <SimpleData name="X">-55.56393992000</SimpleData>
            <SimpleData name="Y">-24.71525810000</SimpleData>
            <SimpleData name="cedula">6974987</SimpleData>
            <SimpleData name="Cédula_1">6974987.00000000000</SimpleData>
            <SimpleData name="Estado_d_1">Activo</SimpleData>
            <SimpleData name="OBJECTID_1">5689</SimpleData>
            <SimpleData name="Shape_Leng">371.08353776200</SimpleData>
            <SimpleData name="Shape_Area">8153.96402120000</SimpleData>
          </SchemaData>
        </ExtendedData>
        <Polygon>
          <outerBoundaryIs>
            <LinearRing>
              <coordinates>
                -55.5634127995978,-24.7153233002017,0
                -55.5642683004633,-24.7157923001015,0
                -55.564635800026,-24.7152765001771,0
                -55.5637105007817,-24.7147711997267,0
                -55.5632291999692,-24.7150572991212,0
                -55.5634127995978,-24.7153233002017,0
              </coordinates>
            </LinearRing>
          </outerBoundaryIs>
        </Polygon>
      </Placemark>
      <Placemark id="Lote_D.304">
        <ExtendedData>
          <SchemaData schemaUrl="#Lote_D.schema">
            <SimpleData name="Cédula">7320860.00000000000</SimpleData>
            <SimpleData name="Nombres_y_">ZULMA CHAKRAMAGI MIRANDA BRITEZ</SimpleData>
            <SimpleData name="Sexo">Mujer</SimpleData>
            <SimpleData name="Cambio_de_">NO</SimpleData>
            <SimpleData name="Titular_se">NO</SimpleData>
            <SimpleData name="ci_UNIF">7320860.00000000000</SimpleData>
            <SimpleData name="Situación">NO</SimpleData>
            <SimpleData name="Comunidad">Ind?gena</SimpleData>
            <SimpleData name="Modelo_imp">Modelo 5</SimpleData>
            <SimpleData name="Departamen">CAAGUAZU</SimpleData>
            <SimpleData name="Distrito">SAN JOAQUIN</SimpleData>
            <SimpleData name="Localidad">COM INDIG CERRO MOROTI</SimpleData>
            <SimpleData name="Teléfono">0984380337</SimpleData>
            <SimpleData name="Vivienda_L">-25.01727560000</SimpleData>
            <SimpleData name="Vivienda_1">-56.13772320000</SimpleData>
            <SimpleData name="Superficie">0.70000000000</SimpleData>
            <SimpleData name="Situaci_1">Par?metro</SimpleData>
            <SimpleData name="Plantado">SI</SimpleData>
            <SimpleData name="Fecha_Plan">2026/08/21</SimpleData>
            <SimpleData name="Jornales">0.00000000000</SimpleData>
            <SimpleData name="Monto">0.00000000000</SimpleData>
            <SimpleData name="Grupo_de_p">D-GN-XX-XX-XX</SimpleData>
            <SimpleData name="Estado_del">Activo</SimpleData>
            <SimpleData name="Empresa">Unique Wood Paraguay SA</SimpleData>
            <SimpleData name="Lote">D</SimpleData>
            <SimpleData name="Parametro">0.00000000000</SimpleData>
            <SimpleData name="Sup_SIG">0.81014089917</SimpleData>
            <SimpleData name="X">-56.13676875000</SimpleData>
            <SimpleData name="Y">-25.01877442000</SimpleData>
            <SimpleData name="cedula">7320860</SimpleData>
            <SimpleData name="Cédula_1">7320860.00000000000</SimpleData>
            <SimpleData name="Estado_d_1">Activo</SimpleData>
            <SimpleData name="OBJECTID_1">5715</SimpleData>
            <SimpleData name="Shape_Leng">404.75146481200</SimpleData>
            <SimpleData name="Shape_Area">8101.40899166000</SimpleData>
          </SchemaData>
        </ExtendedData>
        <Polygon>
          <outerBoundaryIs>
            <LinearRing>
              <coordinates>
                -56.1361726002049,-25.0193260997309,0
                -56.1368349997383,-25.0193698993667,0
                -56.137294999268,-25.0182349999364,0
                -56.1368427994325,-25.0180704004907,0
                -56.1361726002049,-25.0193260997309,0
              </coordinates>
            </LinearRing>
          </outerBoundaryIs>
        </Polygon>
      </Placemark>
      <Placemark id="Lote_D.305">
        <ExtendedData>
          <SchemaData schemaUrl="#Lote_D.schema">
            <SimpleData name="Cédula">7734626.00000000000</SimpleData>
            <SimpleData name="Nombres_y_">MARLENE DUARTE CENTURION</SimpleData>
            <SimpleData name="Sexo">Mujer</SimpleData>
            <SimpleData name="Cambio_de_">NO</SimpleData>
            <SimpleData name="Titular_se">NO</SimpleData>
            <SimpleData name="ci_UNIF">7734626.00000000000</SimpleData>
            <SimpleData name="Situación">NO</SimpleData>
            <SimpleData name="Comunidad">Ind?gena</SimpleData>
            <SimpleData name="Modelo_imp">Modelo 5</SimpleData>
            <SimpleData name="Departamen">CAAGUAZU</SimpleData>
            <SimpleData name="Distrito">YH?</SimpleData>
            <SimpleData name="Localidad">COM INDIG KOE POTY</SimpleData>
            <SimpleData name="Teléfono">0983162865</SimpleData>
            <SimpleData name="Vivienda_L">-24.71402620000</SimpleData>
            <SimpleData name="Vivienda_1">-55.56013260000</SimpleData>
            <SimpleData name="Superficie">0.70000000000</SimpleData>
            <SimpleData name="Situaci_1">Par?metro</SimpleData>
            <SimpleData name="Plantado">SI</SimpleData>
            <SimpleData name="Fecha_Plan">2026/08/11</SimpleData>
            <SimpleData name="Jornales">0.00000000000</SimpleData>
            <SimpleData name="Monto">0.00000000000</SimpleData>
            <SimpleData name="Grupo_de_p">D-GN-XX-XX-XX</SimpleData>
            <SimpleData name="Estado_del">Activo</SimpleData>
            <SimpleData name="Empresa">Unique Wood Paraguay SA</SimpleData>
            <SimpleData name="Lote">D</SimpleData>
            <SimpleData name="Parametro">0.00000000000</SimpleData>
            <SimpleData name="Sup_SIG">0.74521584864</SimpleData>
            <SimpleData name="X">-55.56023999000</SimpleData>
            <SimpleData name="Y">-24.71332829000</SimpleData>
            <SimpleData name="cedula">7734626</SimpleData>
            <SimpleData name="Cédula_1">7734626.00000000000</SimpleData>
            <SimpleData name="Estado_d_1">Activo</SimpleData>
            <SimpleData name="OBJECTID_1">5676</SimpleData>
            <SimpleData name="Shape_Leng">536.25632066100</SimpleData>
            <SimpleData name="Shape_Area">7452.15848638000</SimpleData>
          </SchemaData>
        </ExtendedData>
        <Polygon>
          <outerBoundaryIs>
            <LinearRing>
              <coordinates>
                -55.5603228999964,-24.7135196994439,0
                -55.5596233007234,-24.7141699997107,0
                -55.5597983007339,-24.7143333003888,0
                -55.5600148006577,-24.7140392001132,0
                -55.5599671005358,-24.7139457999025,0
                -55.5600532000006,-24.7138604997359,0
                -55.5601263999254,-24.7139244004025,0
                -55.5607628996501,-24.7133167998265,0
                -55.5608312003024,-24.7131995993719,0
                -55.5602607996935,-24.7126918004814,0
                -55.5597204998393,-24.7130361003676,0
                -55.5603228999964,-24.7135196994439,0
              </coordinates>
            </LinearRing>
          </outerBoundaryIs>
        </Polygon>
      </Placemark>
      <Placemark id="Lote_D.306">
        <ExtendedData>
          <SchemaData schemaUrl="#Lote_D.schema">
            <SimpleData name="Cédula">8045812.00000000000</SimpleData>
            <SimpleData name="Nombres_y_">LUCIANA  MARTINEZ BENITEZ</SimpleData>
            <SimpleData name="Sexo">Mujer</SimpleData>
            <SimpleData name="Cambio_de_">NO</SimpleData>
            <SimpleData name="Titular_se">NO</SimpleData>
            <SimpleData name="ci_UNIF">8045812.00000000000</SimpleData>
            <SimpleData name="Situación">NO</SimpleData>
            <SimpleData name="Comunidad">Ind?gena</SimpleData>
            <SimpleData name="Modelo_imp">Modelo 2</SimpleData>
            <SimpleData name="Departamen">CAAGUAZU</SimpleData>
            <SimpleData name="Distrito">YH?</SimpleData>
            <SimpleData name="Localidad"><![CDATA[COM INDIG KO'E POTY]]></SimpleData>
            <SimpleData name="Teléfono">983499878</SimpleData>
            <SimpleData name="Vivienda_L">-24.71719170000</SimpleData>
            <SimpleData name="Vivienda_1">-55.56484000000</SimpleData>
            <SimpleData name="Superficie">0.80000000000</SimpleData>
            <SimpleData name="Situaci_1">Par?metro</SimpleData>
            <SimpleData name="Plantado">SI</SimpleData>
            <SimpleData name="Fecha_Plan">2026/08/11</SimpleData>
            <SimpleData name="Jornales">0.00000000000</SimpleData>
            <SimpleData name="Monto">0.00000000000</SimpleData>
            <SimpleData name="Grupo_de_p">D-GN-XX-XX-XX</SimpleData>
            <SimpleData name="Estado_del">Activo</SimpleData>
            <SimpleData name="Empresa">Unique Wood Paraguay SA</SimpleData>
            <SimpleData name="Lote">D</SimpleData>
            <SimpleData name="Parametro">0.00000000000</SimpleData>
            <SimpleData name="Sup_SIG">0.81693168449</SimpleData>
            <SimpleData name="X">-55.56512830000</SimpleData>
            <SimpleData name="Y">-24.71726314000</SimpleData>
            <SimpleData name="cedula">8045812</SimpleData>
            <SimpleData name="Cédula_1">8045812.00000000000</SimpleData>
            <SimpleData name="Estado_d_1">Activo</SimpleData>
            <SimpleData name="OBJECTID_1">6369</SimpleData>
            <SimpleData name="Shape_Leng">546.98261729800</SimpleData>
            <SimpleData name="Shape_Area">8169.31684494000</SimpleData>
          </SchemaData>
        </ExtendedData>
        <MultiGeometry>
          <Polygon>
            <outerBoundaryIs>
              <LinearRing>
                <coordinates>
                  -55.5650316998031,-24.7178632990846,0
                  -55.5656407003818,-24.7171743996395,0
                  -55.5652543998863,-24.7166866993111,0
                  -55.564814199349,-24.7169711994156,0
                  -55.564646099047,-24.7170765993774,0
                  -55.5649799998449,-24.7172382997736,0
                  -55.5646449990911,-24.7176265000992,0
                  -55.5650316998031,-24.7178632990846,0
                </coordinates>
              </LinearRing>
            </outerBoundaryIs>
          </Polygon>
          <Polygon>
            <outerBoundaryIs>
              <LinearRing>
                <coordinates>
                  -55.5615259998836,-24.7151727996339,0
                  -55.5620354002673,-24.7148435998989,0
                  -55.5618753997505,-24.7147063992353,0
                  -55.5613920991385,-24.715019699383,0
                  -55.5615259998836,-24.7151727996339,0
                </coordinates>
              </LinearRing>
            </outerBoundaryIs>
          </Polygon>
        </MultiGeometry>
      </Placemark>
      <Placemark id="Lote_D.307">
        <ExtendedData>
          <SchemaData schemaUrl="#Lote_D.schema">
            <SimpleData name="Cédula">8050941.00000000000</SimpleData>
            <SimpleData name="Nombres_y_">MIGUELA  GONZALEZ OLMEDO</SimpleData>
            <SimpleData name="Sexo">Mujer</SimpleData>
            <SimpleData name="Cambio_de_">NO</SimpleData>
            <SimpleData name="Titular_se">NO</SimpleData>
            <SimpleData name="ci_UNIF">8050941.00000000000</SimpleData>
            <SimpleData name="Comunidad">Ind?gena</SimpleData>
            <SimpleData name="Modelo_imp">Modelo 5</SimpleData>
            <SimpleData name="Departamen">CAAGUAZU</SimpleData>
            <SimpleData name="Distrito">YH?</SimpleData>
            <SimpleData name="Localidad"><![CDATA[COM INDIG KO'E POTY]]></SimpleData>
            <SimpleData name="Teléfono">983038874</SimpleData>
            <SimpleData name="Vivienda_L">-24.71660090000</SimpleData>
            <SimpleData name="Vivienda_1">-55.56364540000</SimpleData>
            <SimpleData name="Superficie">0.70000000000</SimpleData>
            <SimpleData name="Situaci_1">Par?metro</SimpleData>
            <SimpleData name="Plantado">SI</SimpleData>
            <SimpleData name="Fecha_Plan">2026/08/11</SimpleData>
            <SimpleData name="Jornales">0.00000000000</SimpleData>
            <SimpleData name="Monto">0.00000000000</SimpleData>
            <SimpleData name="Grupo_de_p">D-GN-XX-XX-XX</SimpleData>
            <SimpleData name="Estado_del">Activo</SimpleData>
            <SimpleData name="Empresa">Unique Wood Paraguay SA</SimpleData>
            <SimpleData name="Lote">D</SimpleData>
            <SimpleData name="Parametro">0.00000000000</SimpleData>
            <SimpleData name="Sup_SIG">0.82995158202</SimpleData>
            <SimpleData name="X">-55.56472939000</SimpleData>
            <SimpleData name="Y">-24.71633747000</SimpleData>
            <SimpleData name="cedula">8050941</SimpleData>
            <SimpleData name="Cédula_1">8050941.00000000000</SimpleData>
            <SimpleData name="Estado_d_1">Activo</SimpleData>
            <SimpleData name="OBJECTID_1">6435</SimpleData>
            <SimpleData name="Shape_Leng">530.01963254900</SimpleData>
            <SimpleData name="Shape_Area">8299.51582024000</SimpleData>
          </SchemaData>
        </ExtendedData>
        <Polygon>
          <outerBoundaryIs>
            <LinearRing>
              <coordinates>
                -55.5639616998805,-24.7171988006427,0
                -55.5641223000243,-24.7173036005305,0
                -55.5643830993898,-24.7171359997816,0
                -55.5654626995533,-24.7156090003215,0
                -55.5651734998784,-24.7153685997989,0
                -55.5642850000047,-24.7166849994871,0
                -55.5639616998805,-24.7171988006427,0
              </coordinates>
            </LinearRing>
          </outerBoundaryIs>
        </Polygon>
      </Placemark>
      <Placemark id="Lote_D.308">
        <ExtendedData>
          <SchemaData schemaUrl="#Lote_D.schema">
            <SimpleData name="Cédula">4579045.00000000000</SimpleData>
            <SimpleData name="Nombres_y_">VICTOR SALER GAUTO ARMOA</SimpleData>
            <SimpleData name="Sexo">Hombre</SimpleData>
            <SimpleData name="Cambio_de_">NO</SimpleData>
            <SimpleData name="Titular_se">NO</SimpleData>
            <SimpleData name="ci_UNIF">4579045.00000000000</SimpleData>
            <SimpleData name="Situación">NO</SimpleData>
            <SimpleData name="Comunidad">Campesina</SimpleData>
            <SimpleData name="Modelo_imp">Modelo 2</SimpleData>
            <SimpleData name="Departamen">CAAGUAZU</SimpleData>
            <SimpleData name="Distrito">SAN JOAQUIN</SimpleData>
            <SimpleData name="Localidad">GUAA CUA</SimpleData>
            <SimpleData name="Teléfono">0985824684</SimpleData>
            <SimpleData name="Vivienda_L">-24.94029630000</SimpleData>
            <SimpleData name="Vivienda_1">-56.05520830000</SimpleData>
            <SimpleData name="Superficie">0.80000000000</SimpleData>
            <SimpleData name="Situaci_1">Par?metro</SimpleData>
            <SimpleData name="Plantado">SI</SimpleData>
            <SimpleData name="Fecha_Plan">2026/08/28</SimpleData>
            <SimpleData name="Jornales">0.00000000000</SimpleData>
            <SimpleData name="Monto">0.00000000000</SimpleData>
            <SimpleData name="Grupo_de_p">D-GN-XX-XX-XX</SimpleData>
            <SimpleData name="Estado_del">Activo</SimpleData>
            <SimpleData name="Empresa">Unique Wood Paraguay SA</SimpleData>
            <SimpleData name="Lote">D</SimpleData>
            <SimpleData name="Parametro">0.00000000000</SimpleData>
            <SimpleData name="Sup_SIG">1.03767766138</SimpleData>
            <SimpleData name="X">-56.05507744000</SimpleData>
            <SimpleData name="Y">-24.94318855000</SimpleData>
            <SimpleData name="cedula">4579045</SimpleData>
            <SimpleData name="Cédula_1">4579045.00000000000</SimpleData>
            <SimpleData name="Estado_d_1">Activo</SimpleData>
            <SimpleData name="OBJECTID_1">4952</SimpleData>
            <SimpleData name="Shape_Leng">529.73463931800</SimpleData>
            <SimpleData name="Shape_Area">10376.77661380000</SimpleData>
          </SchemaData>
        </ExtendedData>
        <Polygon>
          <outerBoundaryIs>
            <LinearRing>
              <coordinates>
                -56.0548274002797,-24.9441689999394,0
                -56.0552889997801,-24.9441833996325,0
                -56.0553378004748,-24.9422036001927,0
                -56.0548516002097,-24.942231099184,0
                -56.0548274002797,-24.9441689999394,0
              </coordinates>
            </LinearRing>
          </outerBoundaryIs>
        </Polygon>
      </Placemark>
      <Placemark id="Lote_D.309">
        <ExtendedData>
          <SchemaData schemaUrl="#Lote_D.schema">
            <SimpleData name="Cédula">6357278.00000000000</SimpleData>
            <SimpleData name="Nombres_y_">ISABEL OJEDA OCAMPO</SimpleData>
            <SimpleData name="Sexo">Mujer</SimpleData>
            <SimpleData name="Cambio_de_">NO</SimpleData>
            <SimpleData name="Titular_se">NO</SimpleData>
            <SimpleData name="ci_UNIF">6357278.00000000000</SimpleData>
            <SimpleData name="Situación">NO</SimpleData>
            <SimpleData name="Comunidad">Campesina</SimpleData>
            <SimpleData name="Modelo_imp">Modelo 5</SimpleData>
            <SimpleData name="Departamen">CAAGUAZU</SimpleData>
            <SimpleData name="Distrito">SAN JOAQUIN</SimpleData>
            <SimpleData name="Localidad">GUAJHO</SimpleData>
            <SimpleData name="Teléfono">0986188093</SimpleData>
            <SimpleData name="Vivienda_L">-24.97928630000</SimpleData>
            <SimpleData name="Vivienda_1">-56.00159500000</SimpleData>
            <SimpleData name="Superficie">0.70000000000</SimpleData>
            <SimpleData name="Situaci_1">Par?metro</SimpleData>
            <SimpleData name="Plantado">SI</SimpleData>
            <SimpleData name="Fecha_Plan">2026/08/28</SimpleData>
            <SimpleData name="Jornales">0.00000000000</SimpleData>
            <SimpleData name="Monto">0.00000000000</SimpleData>
            <SimpleData name="Grupo_de_p">D-GN-XX-XX-XX</SimpleData>
            <SimpleData name="Estado_del">Activo</SimpleData>
            <SimpleData name="Empresa">Unique Wood Paraguay SA</SimpleData>
            <SimpleData name="Lote">D</SimpleData>
            <SimpleData name="Parametro">0.00000000000</SimpleData>
            <SimpleData name="Sup_SIG">0.96344346345</SimpleData>
            <SimpleData name="X">-55.99671759000</SimpleData>
            <SimpleData name="Y">-24.98152197000</SimpleData>
            <SimpleData name="cedula">6357278</SimpleData>
            <SimpleData name="Cédula_1">6357278.00000000000</SimpleData>
            <SimpleData name="Estado_d_1">Activo</SimpleData>
            <SimpleData name="OBJECTID_1">4955</SimpleData>
            <SimpleData name="Shape_Leng">400.68970104300</SimpleData>
            <SimpleData name="Shape_Area">9634.43463450000</SimpleData>
          </SchemaData>
        </ExtendedData>
        <Polygon>
          <outerBoundaryIs>
            <LinearRing>
              <coordinates>
                -55.9960478996595,-24.9814049995445,0
                -55.9963379001192,-24.98211059902,0
                -55.9974401004112,-24.9815782999053,0
                -55.9970495997674,-24.9809609999416,0
                -55.9960478996595,-24.9814049995445,0
              </coordinates>
            </LinearRing>
          </outerBoundaryIs>
        </Polygon>
      </Placemark>
      <Placemark id="Lote_D.310">
        <ExtendedData>
          <SchemaData schemaUrl="#Lote_D.schema">
            <SimpleData name="Cédula">6615167.00000000000</SimpleData>
            <SimpleData name="Nombres_y_">MIGUELINA AGUILAR SAMANIEGO</SimpleData>
            <SimpleData name="Sexo">Mujer</SimpleData>
            <SimpleData name="Cambio_de_">NO</SimpleData>
            <SimpleData name="Titular_se">NO</SimpleData>
            <SimpleData name="ci_UNIF">6615167.00000000000</SimpleData>
            <SimpleData name="Situación">NO</SimpleData>
            <SimpleData name="Comunidad">Campesina</SimpleData>
            <SimpleData name="Modelo_imp">Modelo 5</SimpleData>
            <SimpleData name="Departamen">CAAGUAZU</SimpleData>
            <SimpleData name="Distrito">SAN JOAQUIN</SimpleData>
            <SimpleData name="Localidad">ASENT. ARSENIO VAZQUEZ</SimpleData>
            <SimpleData name="Teléfono">0972800142</SimpleData>
            <SimpleData name="Vivienda_L">-24.93796690000</SimpleData>
            <SimpleData name="Vivienda_1">-56.08089770000</SimpleData>
            <SimpleData name="Superficie">0.70000000000</SimpleData>
            <SimpleData name="Situaci_1">Par?metro</SimpleData>
            <SimpleData name="Plantado">SI</SimpleData>
            <SimpleData name="Fecha_Plan">2026/08/28</SimpleData>
            <SimpleData name="Jornales">0.00000000000</SimpleData>
            <SimpleData name="Monto">0.00000000000</SimpleData>
            <SimpleData name="Grupo_de_p">D-GN-XX-XX-XX</SimpleData>
            <SimpleData name="Estado_del">Activo</SimpleData>
            <SimpleData name="Empresa">Unique Wood Paraguay SA</SimpleData>
            <SimpleData name="Lote">D</SimpleData>
            <SimpleData name="Parametro">0.00000000000</SimpleData>
            <SimpleData name="Sup_SIG">0.93225286307</SimpleData>
            <SimpleData name="X">-56.08222414000</SimpleData>
            <SimpleData name="Y">-24.93933695000</SimpleData>
            <SimpleData name="cedula">6615167</SimpleData>
            <SimpleData name="Cédula_1">6615167.00000000000</SimpleData>
            <SimpleData name="Estado_d_1">Activo</SimpleData>
            <SimpleData name="OBJECTID_1">4951</SimpleData>
            <SimpleData name="Shape_Leng">417.05607352400</SimpleData>
            <SimpleData name="Shape_Area">9322.52863070000</SimpleData>
          </SchemaData>
        </ExtendedData>
        <Polygon>
          <outerBoundaryIs>
            <LinearRing>
              <coordinates>
                -56.0823896002234,-24.9400058996016,0
                -56.0824831997512,-24.9400490001662,0
                -56.0827332001463,-24.939868699247,0
                -56.0828328001431,-24.9395376992295,0
                -56.0819956999572,-24.9386498993617,0
                -56.0815146000471,-24.9389088999394,0
                -56.0823896002234,-24.9400058996016,0
              </coordinates>
            </LinearRing>
          </outerBoundaryIs>
        </Polygon>
      </Placemark>
    </Document>
  </Document>
</kml>
